Pitcher,G,W,L,SV,CG,SHO,BF,IP,H,HR,SO,BB,IBB,HB,WP,R,ER,ERA,FIP,kwERA,WHIP,ERA+,FIP-,kwERA-,Diff,HR%,K%,BB%,K-BB%,Team,League
Akiyama Takumi,13,9,3,0,0,0,308,73.1,77,2,36,12,0,2,1,27,25,3.07,3.54,4.02,1.21,119,84,105,-0.47,0.6%,11.7%,3.9%,7.8%,<a href=https://npb.jp/bis/eng/teams/index_t.html>Hanshin</a>,WL
Alcantara Raul,9,0,1,1,0,0,40,9.0,10,0,12,2,0,0,1,4,3,3.00,1.60,2.30,1.33,122,38,60,1.40,0.0%,30.0%,5.0%,25.0%,<a href=https://npb.jp/bis/eng/teams/index_t.html>Hanshin</a>,WL
Aoyagi Koyo,2,0,0,0,0,0,29,7.0,4,1,5,2,0,0,0,2,2,2.57,4.88,3.77,0.86,142,115,99,-2.31,3.4%,17.2%,6.9%,10.3%,<a href=https://npb.jp/bis/eng/teams/index_t.html>Hanshin</a>,WL
Baba Kosuke,31,1,3,3,0,0,122,28.2,26,1,26,12,0,1,3,11,9,2.83,3.60,3.65,1.33,129,85,96,-0.77,0.8%,21.3%,9.8%,11.5%,<a href=https://npb.jp/bis/eng/teams/index_t.html>Hanshin</a>,WL
Chen Wei-Yin,7,2,1,0,0,0,127,29.2,36,1,16,5,0,0,0,12,10,3.03,3.46,3.93,1.38,121,82,103,-0.43,0.8%,12.6%,3.9%,8.7%,<a href=https://npb.jp/bis/eng/teams/index_t.html>Hanshin</a>,WL
Fujinami Shintaro,9,4,1,0,0,0,163,40.2,26,2,50,15,0,2,2,9,8,1.77,3.03,2.65,1.01,207,72,69,-1.26,1.2%,30.7%,9.2%,21.5%,<a href=https://npb.jp/bis/eng/teams/index_t.html>Hanshin</a>,WL
Gunkel Joe,3,0,1,0,0,0,42,7.2,20,3,3,0,0,0,0,12,12,14.09,7.90,4.09,2.61,26,186,107,6.19,7.1%,7.1%,0.0%,7.1%,<a href=https://npb.jp/bis/eng/teams/index_t.html>Hanshin</a>,WL
Hamachi Masumi,3,0,0,0,0,0,9,3.0,0,0,2,0,0,0,0,0,0,0.00,2.26,2.58,0.00,999,53,68,-2.26,0.0%,22.2%,0.0%,22.2%,<a href=https://npb.jp/bis/eng/teams/index_t.html>Hanshin</a>,WL
Ishii Daichi,13,2,0,1,0,0,53,12.0,16,1,18,2,0,0,0,3,3,2.25,2.18,1.78,1.50,162,51,47,0.07,1.9%,34.0%,3.8%,30.2%,<a href=https://npb.jp/bis/eng/teams/index_t.html>Hanshin</a>,WL
Itoh Masashi,4,2,0,0,0,0,59,16.0,15,0,4,4,0,0,0,2,2,1.13,3.85,4.80,1.19,324,91,126,-2.72,0.0%,6.8%,6.8%,0.0%,<a href=https://npb.jp/bis/eng/teams/index_t.html>Hanshin</a>,WL
Iwasada Yuta,4,0,0,0,0,0,13,4.0,1,0,7,0,0,0,0,0,0,0.00,0.10,-0.58,0.25,999,2,-15,-0.10,0.0%,53.8%,0.0%,53.8%,<a href=https://npb.jp/bis/eng/teams/index_t.html>Hanshin</a>,WL
Iwata Masaki,41,4,1,0,0,0,126,32.0,19,1,34,9,1,4,0,9,7,1.97,3.10,2.82,0.88,186,73,74,-1.13,0.8%,27.0%,7.1%,19.9%,<a href=https://npb.jp/bis/eng/teams/index_t.html>Hanshin</a>,WL
Kajiya Ren,9,0,0,0,0,0,30,7.2,8,1,8,2,0,0,0,3,3,3.52,3.99,2.80,1.30,104,94,73,-0.47,3.3%,26.7%,6.7%,20.0%,<a href=https://npb.jp/bis/eng/teams/index_t.html>Hanshin</a>,WL
Kawahara Riku,13,2,2,0,0,0,105,20.1,23,4,15,22,0,1,5,23,21,9.30,8.07,5.47,2.21,39,190,143,1.23,3.8%,14.3%,21.0%,-6.7%,<a href=https://npb.jp/bis/eng/teams/index_t.html>Hanshin</a>,WL
Keller Kyle,18,0,1,2,0,0,71,17.0,15,0,18,7,1,1,1,3,3,1.59,2.89,3.25,1.29,230,68,85,-1.30,0.0%,25.4%,9.9%,15.5%,<a href=https://npb.jp/bis/eng/teams/index_t.html>Hanshin</a>,WL
Kirishiki Takuma,13,6,1,1,1,0,291,74.2,51,2,48,16,2,2,3,10,6,0.72,3.38,3.70,0.90,508,80,97,-2.66,0.7%,16.5%,5.5%,11.0%,<a href=https://npb.jp/bis/eng/teams/index_t.html>Hanshin</a>,WL
Kobayashi Keisuke,21,1,0,4,0,0,88,22.0,16,1,22,8,0,0,1,4,3,1.23,3.28,3.21,1.09,297,77,84,-2.05,1.1%,25.0%,9.1%,15.9%,<a href=https://npb.jp/bis/eng/teams/index_t.html>Hanshin</a>,WL
Maki Johichiro,20,0,0,0,0,0,89,18.1,18,2,14,14,0,3,1,14,11,5.40,6.27,4.80,1.75,68,148,126,-0.87,2.2%,15.7%,15.7%,0.0%,<a href=https://npb.jp/bis/eng/teams/index_t.html>Hanshin</a>,WL
Mochizuki Atsushi,2,0,0,0,0,0,9,2.0,0,0,1,2,0,1,1,1,1,4.50,7.10,5.91,1.00,81,168,155,-2.60,0.0%,11.1%,22.2%,-11.1%,<a href=https://npb.jp/bis/eng/teams/index_t.html>Hanshin</a>,WL
Moriki Daichi,14,4,2,0,0,0,228,53.0,48,2,58,24,0,9,3,26,24,4.08,3.77,3.31,1.36,90,89,87,0.31,0.9%,25.4%,10.5%,14.9%,<a href=https://npb.jp/bis/eng/teams/index_t.html>Hanshin</a>,WL
Moriya Kouki,20,1,1,0,0,0,93,20.2,23,1,18,10,0,2,2,15,12,5.23,4.23,3.94,1.60,70,100,103,1.00,1.1%,19.4%,10.8%,8.6%,<a href=https://npb.jp/bis/eng/teams/index_t.html>Hanshin</a>,WL
Murakami Shoki,17,7,3,0,0,0,384,93.1,85,5,74,23,0,3,3,33,32,3.09,3.54,3.47,1.16,118,84,91,-0.45,1.3%,19.3%,6.0%,13.3%,<a href=https://npb.jp/bis/eng/teams/index_t.html>Hanshin</a>,WL
Niho Akira,28,2,2,13,0,0,128,31.0,31,2,24,9,0,1,2,16,14,4.06,3.85,3.63,1.29,90,91,95,0.21,1.6%,18.8%,7.0%,11.8%,<a href=https://npb.jp/bis/eng/teams/index_t.html>Hanshin</a>,WL
Nishi Junya,6,2,2,0,3,1,168,42.1,30,2,41,15,1,1,1,10,9,1.91,3.41,3.25,1.06,191,80,85,-1.50,1.2%,24.4%,8.9%,15.5%,<a href=https://npb.jp/bis/eng/teams/index_t.html>Hanshin</a>,WL
Ogawa Ippei,6,2,2,0,0,0,117,26.2,27,5,20,13,0,1,3,14,14,4.73,6.11,4.20,1.50,77,144,110,-1.38,4.3%,17.1%,11.1%,6.0%,<a href=https://npb.jp/bis/eng/teams/index_t.html>Hanshin</a>,WL
Okadome Hidetaka,36,2,1,0,0,0,131,35.0,24,3,29,8,0,1,1,12,6,1.54,3.82,3.20,0.91,237,90,84,-2.28,2.3%,22.1%,6.1%,16.0%,<a href=https://npb.jp/bis/eng/teams/index_t.html>Hanshin</a>,WL
Onaka Yuya,35,2,1,1,0,0,125,29.2,26,5,26,11,0,2,0,9,9,2.73,5.35,3.60,1.25,134,126,94,-2.62,4.0%,20.8%,8.8%,12.0%,<a href=https://npb.jp/bis/eng/teams/index_t.html>Hanshin</a>,WL
Ono Taiki,28,1,1,2,0,0,136,28.2,21,1,30,31,0,1,5,23,22,6.91,5.31,4.87,1.81,53,125,127,1.60,0.7%,22.1%,22.8%,-0.7%,<a href=https://npb.jp/bis/eng/teams/index_t.html>Hanshin</a>,WL
Oyokawa Masaki,17,1,1,0,0,0,123,26.1,29,1,35,17,0,1,3,12,12,4.10,3.48,3.34,1.75,89,82,87,0.62,0.8%,28.5%,13.8%,14.7%,<a href=https://npb.jp/bis/eng/teams/index_t.html>Hanshin</a>,WL
Saiki Hiroto,11,4,2,0,1,1,228,55.1,48,4,48,16,0,2,3,17,9,1.46,3.78,3.40,1.16,250,89,89,-2.32,1.8%,21.1%,7.0%,14.1%,<a href=https://npb.jp/bis/eng/teams/index_t.html>Hanshin</a>,WL
Saitoh Yukiya,17,1,1,1,0,0,76,17.1,14,0,20,9,0,0,2,5,3,1.56,2.85,3.35,1.33,234,67,88,-1.29,0.0%,26.3%,11.8%,14.5%,<a href=https://npb.jp/bis/eng/teams/index_t.html>Hanshin</a>,WL
Satoh Ren,9,1,3,0,0,0,137,31.1,27,0,41,20,0,3,6,18,18,5.17,3.18,3.27,1.50,71,75,86,1.99,0.0%,29.9%,14.6%,15.3%,<a href=https://npb.jp/bis/eng/teams/index_t.html>Hanshin</a>,WL
Shimamoto Hiroya,14,1,0,1,0,0,51,15.0,7,1,8,3,0,0,0,2,2,1.20,4.00,3.82,0.67,305,94,100,-2.80,2.0%,15.7%,5.9%,9.8%,<a href=https://npb.jp/bis/eng/teams/index_t.html>Hanshin</a>,WL
Suzuki Yuto,13,1,1,0,0,0,126,25.2,23,4,18,17,0,9,1,27,23,8.06,7.26,4.72,1.56,45,171,124,0.80,3.2%,14.3%,13.5%,0.8%,<a href=https://npb.jp/bis/eng/teams/index_t.html>Hanshin</a>,WL
Watanabe Yuta,6,0,0,0,0,0,23,4.0,5,0,3,3,0,0,0,4,2,4.50,4.35,4.80,2.00,81,103,126,0.15,0.0%,13.0%,13.0%,0.0%,<a href=https://npb.jp/bis/eng/teams/index_t.html>Hanshin</a>,WL
Wilkerson Aaron,6,1,1,0,0,0,78,19.0,13,2,12,7,0,2,0,9,8,3.79,5.12,4.16,1.05,96,121,109,-1.33,2.6%,15.4%,9.0%,6.4%,<a href=https://npb.jp/bis/eng/teams/index_t.html>Hanshin</a>,WL
Aduwa Makoto,20,2,7,0,0,0,308,69.0,84,6,40,20,0,6,1,35,33,4.30,4.70,4.15,1.51,83,113,109,-0.40,1.9%,13.0%,6.5%,6.5%,<a href=https://npb.jp/bis/eng/teams/index_c.html>Hiroshima</a>,WL
Anderson Drew,4,1,0,0,0,0,75,18.2,12,1,21,5,0,3,0,7,6,2.89,3.33,2.67,0.91,124,80,70,-0.44,1.3%,28.0%,6.7%,21.3%,<a href=https://npb.jp/bis/eng/teams/index_c.html>Hiroshima</a>,WL
Corniel Robert,12,1,0,1,0,0,52,12.0,6,0,13,12,0,1,2,2,1,0.75,4.68,4.61,1.50,478,113,121,-3.93,0.0%,25.0%,23.1%,1.9%,<a href=https://npb.jp/bis/eng/teams/index_c.html>Hiroshima</a>,WL
Endoh Atsushi,1,1,0,0,0,0,25,8.0,0,0,8,0,0,0,0,0,0,0.00,1.60,1.60,0.00,999,39,42,-1.60,0.0%,32.0%,0.0%,32.0%,<a href=https://npb.jp/bis/eng/teams/index_c.html>Hiroshima</a>,WL
Franzua Geronimo,8,1,0,0,0,0,35,7.2,9,2,6,2,0,1,1,6,6,7.04,6.60,3.66,1.43,51,159,96,0.44,5.7%,17.1%,5.7%,11.4%,<a href=https://npb.jp/bis/eng/teams/index_c.html>Hiroshima</a>,WL
Fujii Reira,29,1,4,1,0,0,150,36.0,30,2,35,15,0,0,4,13,13,3.25,3.62,3.47,1.25,110,87,91,-0.37,1.3%,23.3%,10.0%,13.3%,<a href=https://npb.jp/bis/eng/teams/index_c.html>Hiroshima</a>,WL
Horie Atsuya,16,2,0,0,0,0,68,16.0,14,0,12,7,0,0,1,5,5,2.81,3.41,4.06,1.31,128,82,106,-0.60,0.0%,17.6%,10.3%,7.3%,<a href=https://npb.jp/bis/eng/teams/index_c.html>Hiroshima</a>,WL
Ichioka Ryuji,28,2,1,3,0,0,117,29.0,15,1,21,14,0,1,2,11,9,2.79,4.15,4.20,1.00,128,100,110,-1.36,0.9%,17.9%,12.0%,5.9%,<a href=https://npb.jp/bis/eng/teams/index_c.html>Hiroshima</a>,WL
Kemna Makoto,10,0,0,3,0,0,36,10.0,4,0,8,2,0,0,1,0,0,0.00,2.60,3.13,0.60,999,63,82,-2.60,0.0%,22.2%,5.6%,16.6%,<a href=https://npb.jp/bis/eng/teams/index_c.html>Hiroshima</a>,WL
Kikuchi Yasunori,26,0,1,2,0,0,116,25.2,25,3,20,10,0,2,0,12,11,3.86,4.96,3.94,1.36,93,119,103,-1.10,2.6%,17.2%,8.6%,8.6%,<a href=https://npb.jp/bis/eng/teams/index_c.html>Hiroshima</a>,WL
Kobayashi Tatsuto,8,4,0,0,1,0,184,46.2,35,5,27,9,0,1,0,15,14,2.70,4.47,3.82,0.94,133,108,100,-1.77,2.7%,14.7%,4.9%,9.8%,<a href=https://npb.jp/bis/eng/teams/index_c.html>Hiroshima</a>,WL
Kuri Aren,1,1,0,0,0,0,23,7.0,2,0,5,2,0,1,0,0,0,0.00,3.45,3.50,0.57,999,83,92,-3.45,0.0%,21.7%,8.7%,13.0%,<a href=https://npb.jp/bis/eng/teams/index_c.html>Hiroshima</a>,WL
Matsumoto Ryuya,3,0,0,1,0,0,13,4.0,1,0,4,1,0,0,0,0,0,0.00,2.35,2.49,0.50,999,57,65,-2.35,0.0%,30.8%,7.7%,23.1%,<a href=https://npb.jp/bis/eng/teams/index_c.html>Hiroshima</a>,WL
Mori Shohei,13,4,3,0,0,0,313,75.1,65,4,61,26,0,2,8,24,23,2.75,3.78,3.68,1.21,130,91,96,-1.03,1.3%,19.5%,8.3%,11.2%,<a href=https://npb.jp/bis/eng/teams/index_c.html>Hiroshima</a>,WL
Moriura Daisuke,9,0,0,2,0,0,32,9.0,7,0,12,1,0,0,0,0,0,0.00,1.26,1.36,0.89,999,30,36,-1.26,0.0%,37.5%,3.1%,34.4%,<a href=https://npb.jp/bis/eng/teams/index_c.html>Hiroshima</a>,WL
Nakamura Raisei,3,0,0,0,0,0,13,2.2,4,0,2,1,0,0,0,4,4,13.50,3.22,4.03,1.88,27,78,105,10.28,0.0%,15.4%,7.7%,7.7%,<a href=https://npb.jp/bis/eng/teams/index_c.html>Hiroshima</a>,WL
Nakamura Yuta,20,5,7,0,0,0,434,100.0,112,13,64,23,0,5,3,55,52,4.68,4.85,3.86,1.35,77,117,101,-0.17,3.0%,14.7%,5.3%,9.4%,<a href=https://npb.jp/bis/eng/teams/index_c.html>Hiroshima</a>,WL
Nakata Ren,33,1,3,1,0,0,158,34.2,41,4,25,12,0,1,3,22,17,4.41,4.78,3.98,1.53,81,115,104,-0.37,2.5%,15.8%,7.6%,8.2%,<a href=https://npb.jp/bis/eng/teams/index_c.html>Hiroshima</a>,WL
Nakazaki Shota,17,0,0,3,0,0,70,17.1,16,0,17,5,0,0,0,2,2,1.04,2.50,3.09,1.21,345,60,81,-1.46,0.0%,24.3%,7.1%,17.2%,<a href=https://npb.jp/bis/eng/teams/index_c.html>Hiroshima</a>,WL
Namiki Shun,18,0,3,1,0,0,110,25.2,23,2,14,14,1,0,3,14,10,3.51,5.15,4.80,1.44,102,124,126,-1.64,1.8%,12.7%,12.7%,0.0%,<a href=https://npb.jp/bis/eng/teams/index_c.html>Hiroshima</a>,WL
Nomura Yusuke,14,2,2,1,1,0,272,64.0,69,3,30,15,0,0,1,23,22,3.09,3.97,4.25,1.31,116,96,111,-0.88,1.1%,11.0%,5.5%,5.5%,<a href=https://npb.jp/bis/eng/teams/index_c.html>Hiroshima</a>,WL
Ohmichi Haruki,16,2,8,0,0,0,287,68.0,64,4,52,26,0,2,6,37,33,4.37,4.07,3.89,1.32,82,98,102,0.30,1.4%,18.1%,9.1%,9.0%,<a href=https://npb.jp/bis/eng/teams/index_c.html>Hiroshima</a>,WL
Sakata Rei,9,0,1,0,0,0,49,8.2,8,0,5,16,0,2,2,12,8,8.31,8.67,7.04,2.77,43,209,184,-0.36,0.0%,10.2%,32.7%,-22.5%,<a href=https://npb.jp/bis/eng/teams/index_c.html>Hiroshima</a>,WL
Shimauchi Sotaro,20,0,1,2,0,0,103,26.0,18,1,29,10,0,0,2,8,7,2.42,3.02,2.96,1.08,148,73,77,-0.60,1.0%,28.2%,9.7%,18.5%,<a href=https://npb.jp/bis/eng/teams/index_c.html>Hiroshima</a>,WL
Shinya Soh,4,1,0,0,0,0,20,4.0,4,0,3,4,0,0,1,2,2,4.50,5.10,5.30,2.00,80,123,139,-0.60,0.0%,15.0%,20.0%,-5.0%,<a href=https://npb.jp/bis/eng/teams/index_c.html>Hiroshima</a>,WL
Takahashi Koya,12,4,2,0,0,0,260,59.2,55,2,41,25,0,0,1,28,15,2.26,3.91,4.18,1.34,159,94,109,-1.65,0.8%,15.8%,9.6%,6.2%,<a href=https://npb.jp/bis/eng/teams/index_c.html>Hiroshima</a>,WL
Tamamura Shogo,6,1,3,0,0,0,124,29.0,30,5,23,8,0,2,1,16,15,4.66,5.29,3.59,1.31,77,127,94,-0.63,4.0%,18.5%,6.5%,12.0%,<a href=https://npb.jp/bis/eng/teams/index_c.html>Hiroshima</a>,WL
Tanaka Norihiko,26,4,1,3,0,0,134,31.0,28,1,24,19,0,1,3,19,19,5.52,4.40,4.43,1.52,65,106,116,1.12,0.7%,17.9%,14.2%,3.7%,<a href=https://npb.jp/bis/eng/teams/index_c.html>Hiroshima</a>,WL
Toda Takaya,8,0,0,0,0,0,38,6.1,15,2,6,3,0,2,0,11,10,14.21,8.17,4.01,2.84,25,197,105,6.04,5.3%,15.8%,7.9%,7.9%,<a href=https://npb.jp/bis/eng/teams/index_c.html>Hiroshima</a>,WL
Tokoda Hiroki,1,0,0,0,0,0,25,6.0,4,0,5,3,0,0,0,1,1,1.50,3.43,4.00,1.17,239,83,105,-1.93,0.0%,20.0%,12.0%,8.0%,<a href=https://npb.jp/bis/eng/teams/index_c.html>Hiroshima</a>,WL
Turley Nik,5,2,0,1,0,0,17,5.0,1,0,7,1,0,0,0,0,0,0.00,1.40,1.27,0.40,999,34,33,-1.40,0.0%,41.2%,5.9%,35.3%,<a href=https://npb.jp/bis/eng/teams/index_c.html>Hiroshima</a>,WL
Yabuta Kazuki,21,7,1,3,0,0,221,54.1,39,1,44,22,0,4,4,14,14,2.32,3.65,3.80,1.12,154,88,99,-1.33,0.5%,19.9%,10.0%,9.9%,<a href=https://npb.jp/bis/eng/teams/index_c.html>Hiroshima</a>,WL
Yamaguchi Sho,14,0,1,1,0,0,65,13.2,17,0,6,8,0,1,0,11,8,5.27,4.69,5.11,1.83,68,113,134,0.58,0.0%,9.2%,12.3%,-3.1%,<a href=https://npb.jp/bis/eng/teams/index_c.html>Hiroshima</a>,WL
Yasaki Takuya,1,0,0,0,0,0,4,1.0,1,0,0,0,0,0,0,0,0,0.00,3.60,4.80,1.00,999,87,126,-3.60,0.0%,0.0%,0.0%,0.0%,<a href=https://npb.jp/bis/eng/teams/index_c.html>Hiroshima</a>,WL
Ariyoshi Yuki,17,6,1,0,0,0,294,69.2,78,5,32,13,0,1,2,24,19,2.45,4.21,4.15,1.31,143,104,109,-1.76,1.7%,10.9%,4.4%,6.5%,<a href=https://npb.jp/bis/eng/teams/index_db.html>DeNA</a>,EL
Asada Sota,22,0,6,1,0,0,152,25.2,34,3,9,43,0,2,3,43,34,11.92,9.67,7.04,3.00,29,239,184,2.25,2.0%,5.9%,28.3%,-22.4%,<a href=https://npb.jp/bis/eng/teams/index_db.html>DeNA</a>,EL
Azuma Katsuki,11,4,2,0,0,0,185,46.2,39,3,43,4,0,0,0,15,12,2.31,2.85,2.69,0.92,151,70,70,-0.54,1.6%,23.2%,2.2%,21.0%,<a href=https://npb.jp/bis/eng/teams/index_db.html>DeNA</a>,EL
Cordero Starlin,28,1,7,0,0,0,179,35.0,38,3,34,34,0,7,5,38,35,9.00,6.28,4.80,2.06,39,155,126,2.72,1.7%,19.0%,19.0%,0.0%,<a href=https://npb.jp/bis/eng/teams/index_db.html>DeNA</a>,EL
Fukazawa Osuke,4,0,0,0,0,0,20,4.2,6,0,5,0,0,0,0,3,2,3.86,1.45,2.30,1.29,90,36,60,2.41,0.0%,25.0%,0.0%,25.0%,<a href=https://npb.jp/bis/eng/teams/index_db.html>DeNA</a>,EL
Gsellman Robert,3,0,0,0,0,0,16,2.2,5,0,3,1,0,0,0,6,1,3.38,2.47,3.55,2.25,103,61,93,0.91,0.0%,18.8%,6.2%,12.6%,<a href=https://npb.jp/bis/eng/teams/index_db.html>DeNA</a>,EL
Hamaguchi Haruhiro,2,0,0,0,0,0,41,10.1,5,1,9,6,0,0,0,2,2,1.74,4.85,4.07,1.06,201,120,107,-3.11,2.4%,22.0%,14.6%,7.4%,<a href=https://npb.jp/bis/eng/teams/index_db.html>DeNA</a>,EL
Hirata Shingo,2,0,1,0,0,0,10,2.0,3,0,3,1,0,0,0,1,1,4.50,2.10,2.80,2.00,78,52,73,2.40,0.0%,30.0%,10.0%,20.0%,<a href=https://npb.jp/bis/eng/teams/index_db.html>DeNA</a>,EL
Ikeya Sota,31,2,2,0,0,0,127,30.1,26,2,26,14,0,1,3,13,9,2.67,4.22,3.86,1.32,131,104,101,-1.55,1.6%,20.5%,11.0%,9.5%,<a href=https://npb.jp/bis/eng/teams/index_db.html>DeNA</a>,EL
Imanaga Shota,3,1,0,0,0,0,51,15.0,5,0,19,3,0,0,0,0,0,0.00,1.66,1.66,0.53,999,41,43,-1.66,0.0%,37.3%,5.9%,31.4%,<a href=https://npb.jp/bis/eng/teams/index_db.html>DeNA</a>,EL
Ishida Kenta,4,1,1,0,0,0,77,18.2,16,1,21,5,0,0,0,7,4,1.93,2.85,2.72,1.13,181,70,71,-0.92,1.3%,27.3%,6.5%,20.8%,<a href=https://npb.jp/bis/eng/teams/index_db.html>DeNA</a>,EL
Ishikawa Tatsuya,22,2,1,2,0,0,119,32.2,17,1,41,9,0,0,0,4,4,1.10,2.31,2.11,0.80,318,57,55,-1.21,0.8%,34.5%,7.6%,26.9%,<a href=https://npb.jp/bis/eng/teams/index_db.html>DeNA</a>,EL
Kamichatani Taiga,7,2,2,0,0,0,120,29.0,31,3,27,5,0,3,2,15,13,4.03,3.91,2.97,1.24,87,97,78,0.12,2.5%,22.5%,4.2%,18.3%,<a href=https://npb.jp/bis/eng/teams/index_db.html>DeNA</a>,EL
Kato Dai,3,0,1,0,0,0,15,3.0,5,0,3,3,0,1,2,3,3,9.00,5.60,4.80,2.67,39,138,126,3.40,0.0%,20.0%,20.0%,0.0%,<a href=https://npb.jp/bis/eng/teams/index_db.html>DeNA</a>,EL
Kozono Kenta,3,0,0,0,0,0,19,4.2,3,0,1,1,0,0,0,1,0,0.00,3.81,4.80,0.86,999,94,126,-3.81,0.0%,5.3%,5.3%,0.0%,<a href=https://npb.jp/bis/eng/teams/index_db.html>DeNA</a>,EL
Kriske Brooks,14,0,2,1,0,0,64,15.0,9,1,30,9,0,0,4,7,7,4.20,2.26,1.52,1.20,83,56,40,1.94,1.6%,46.9%,14.1%,32.8%,<a href=https://npb.jp/bis/eng/teams/index_db.html>DeNA</a>,EL
Kyoyama Masaya,7,2,2,0,1,0,193,43.2,38,2,33,19,0,6,2,19,17,3.50,4.40,4.07,1.31,100,109,107,-0.90,1.0%,17.1%,9.8%,7.3%,<a href=https://npb.jp/bis/eng/teams/index_db.html>DeNA</a>,EL
Marcelino Hansel,1,0,0,0,0,0,4,1.0,0,0,0,1,0,0,1,0,0,0.00,6.60,7.30,1.00,999,163,191,-6.60,0.0%,0.0%,25.0%,-25.0%,<a href=https://npb.jp/bis/eng/teams/index_db.html>DeNA</a>,EL
Mikami Tomoya,9,0,0,1,0,0,33,8.2,4,0,6,2,0,0,0,1,1,1.04,2.90,3.59,0.69,336,72,94,-1.86,0.0%,18.2%,6.1%,12.1%,<a href=https://npb.jp/bis/eng/teams/index_db.html>DeNA</a>,EL
Mishima Kazuki,11,0,0,0,0,0,48,11.2,10,3,14,2,0,1,0,5,4,3.09,5.31,2.30,1.03,113,131,60,-2.22,6.2%,29.2%,4.2%,25.0%,<a href=https://npb.jp/bis/eng/teams/index_db.html>DeNA</a>,EL
Miura Ginji,28,1,5,1,0,0,200,49.1,37,4,51,17,0,1,4,19,19,3.47,3.68,3.10,1.09,101,91,81,-0.21,2.0%,25.5%,8.5%,17.0%,<a href=https://npb.jp/bis/eng/teams/index_db.html>DeNA</a>,EL
Miyagi Daita,27,2,0,1,0,0,138,32.2,21,0,41,18,0,5,1,9,9,2.48,3.20,3.13,1.19,141,79,82,-0.72,0.0%,29.7%,13.0%,16.7%,<a href=https://npb.jp/bis/eng/teams/index_db.html>DeNA</a>,EL
Miyaguni Ryosuke,15,1,2,0,0,0,134,32.0,38,3,28,7,0,1,3,13,12,3.38,3.81,3.23,1.41,103,94,85,-0.43,2.2%,20.9%,5.2%,15.7%,<a href=https://npb.jp/bis/eng/teams/index_db.html>DeNA</a>,EL
Morihara Kohei,5,1,0,0,0,0,21,5.0,4,1,10,1,0,1,0,1,1,1.80,3.40,0.51,1.00,194,84,13,-1.60,4.8%,47.6%,4.8%,42.8%,<a href=https://npb.jp/bis/eng/teams/index_db.html>DeNA</a>,EL
Nakagawa Koh,32,2,1,8,0,0,154,34.2,30,1,38,21,0,0,4,14,11,2.86,3.60,3.70,1.47,122,89,97,-0.74,0.6%,24.7%,13.6%,11.1%,<a href=https://npb.jp/bis/eng/teams/index_db.html>DeNA</a>,EL
Peoples Michael,6,0,3,0,0,0,80,17.1,22,1,8,8,0,0,0,14,10,5.19,4.81,4.80,1.73,67,119,126,0.38,1.2%,10.0%,10.0%,0.0%,<a href=https://npb.jp/bis/eng/teams/index_db.html>DeNA</a>,EL
Romero Fernando,5,0,3,0,0,0,119,26.0,26,4,22,16,0,3,0,14,9,3.12,6.10,4.30,1.62,112,151,113,-2.98,3.4%,18.5%,13.4%,5.1%,<a href=https://npb.jp/bis/eng/teams/index_db.html>DeNA</a>,EL
Sakaguchi Kousuke,19,6,7,0,0,0,453,105.2,93,7,91,50,0,6,10,42,34,2.90,4.32,3.89,1.35,120,107,102,-1.42,1.5%,20.1%,11.0%,9.1%,<a href=https://npb.jp/bis/eng/teams/index_db.html>DeNA</a>,EL
Sakamoto Yuya,10,2,2,0,0,0,205,45.1,55,7,41,17,0,0,1,29,22,4.37,4.92,3.63,1.59,80,122,95,-0.55,3.4%,20.0%,8.3%,11.7%,<a href=https://npb.jp/bis/eng/teams/index_db.html>DeNA</a>,EL
Sakurai Shuto,13,1,1,2,0,0,64,15.2,8,0,17,12,0,0,2,5,4,2.30,3.72,4.02,1.28,152,92,105,-1.42,0.0%,26.6%,18.8%,7.8%,<a href=https://npb.jp/bis/eng/teams/index_db.html>DeNA</a>,EL
Sunada Yoshiki,21,0,1,1,0,0,108,24.0,28,3,21,6,0,2,2,12,11,4.13,4.47,3.41,1.42,85,110,89,-0.34,2.8%,19.4%,5.6%,13.8%,<a href=https://npb.jp/bis/eng/teams/index_db.html>DeNA</a>,EL
Taira Kentaro,4,1,0,0,0,0,58,15.0,11,2,20,2,0,0,1,8,8,4.80,3.06,1.70,0.87,73,76,45,1.74,3.4%,34.5%,3.4%,31.1%,<a href=https://npb.jp/bis/eng/teams/index_db.html>DeNA</a>,EL
Takada Takuto,26,0,3,0,0,0,147,32.0,31,1,18,26,0,1,5,21,18,5.06,5.41,5.34,1.78,69,134,140,-0.35,0.7%,12.2%,17.7%,-5.5%,<a href=https://npb.jp/bis/eng/teams/index_db.html>DeNA</a>,EL
Tanaka Kenjiro,5,0,0,0,0,0,20,4.2,6,1,5,1,0,0,0,2,2,3.86,4.88,2.80,1.50,90,121,73,-1.02,5.0%,25.0%,5.0%,20.0%,<a href=https://npb.jp/bis/eng/teams/index_db.html>DeNA</a>,EL
Tokuyama Souma,17,2,6,0,0,0,346,77.1,79,6,58,44,0,5,7,36,30,3.49,5.01,4.40,1.59,100,124,115,-1.52,1.7%,16.8%,12.7%,4.1%,<a href=https://npb.jp/bis/eng/teams/index_db.html>DeNA</a>,EL
Yamasaki Yasuaki,1,0,0,0,0,0,4,1.0,0,0,2,2,0,0,0,0,0,0.00,5.60,4.80,2.00,999,138,126,-5.60,0.0%,50.0%,50.0%,0.0%,<a href=https://npb.jp/bis/eng/teams/index_db.html>DeNA</a>,EL
Akahoshi Yuji,4,2,0,0,0,0,71,18.0,17,2,11,2,0,1,0,6,6,3.00,4.32,3.53,1.06,122,101,92,-1.32,2.8%,15.5%,2.8%,12.7%,<a href=https://npb.jp/bis/eng/teams/index_g.html>Yomiuri</a>,EL
Andriese Matt,10,5,0,0,0,0,178,44.1,40,1,38,10,0,1,2,12,10,2.03,2.92,3.23,1.13,181,69,85,-0.89,0.6%,21.3%,5.6%,15.7%,<a href=https://npb.jp/bis/eng/teams/index_g.html>Yomiuri</a>,EL
De La Rosa Rubby,10,1,0,1,0,0,47,11.0,14,0,9,1,0,0,0,4,4,3.27,2.23,3.10,1.36,112,52,81,1.04,0.0%,19.1%,2.1%,17.0%,<a href=https://npb.jp/bis/eng/teams/index_g.html>Yomiuri</a>,EL
Hatake Seishu,6,1,0,0,0,0,43,11.0,8,0,8,3,0,0,0,3,3,2.45,2.96,3.64,1.00,150,70,95,-0.51,0.0%,18.6%,7.0%,11.6%,<a href=https://npb.jp/bis/eng/teams/index_g.html>Yomiuri</a>,EL
Heinai Ryuta,5,1,0,0,0,0,22,4.0,8,0,4,0,0,0,1,5,5,11.25,1.60,2.98,2.00,33,38,78,9.65,0.0%,18.2%,0.0%,18.2%,<a href=https://npb.jp/bis/eng/teams/index_g.html>Yomiuri</a>,EL
Horioka Hayato,30,3,3,1,0,0,192,41.1,44,0,48,26,0,1,1,20,13,2.83,3.23,3.65,1.69,130,76,96,-0.40,0.0%,25.0%,13.5%,11.5%,<a href=https://npb.jp/bis/eng/teams/index_g.html>Yomiuri</a>,EL
Hotta Kenshin,13,2,6,0,0,0,256,59.0,58,5,53,32,0,2,4,31,31,4.73,4.63,3.98,1.53,78,109,104,0.10,2.0%,20.7%,12.5%,8.2%,<a href=https://npb.jp/bis/eng/teams/index_g.html>Yomiuri</a>,EL
Imamura Nobutaka,1,0,0,0,0,0,4,1.0,1,0,1,0,0,0,0,0,0,0.00,1.60,2.30,1.00,999,38,60,-1.60,0.0%,25.0%,0.0%,25.0%,<a href=https://npb.jp/bis/eng/teams/index_g.html>Yomiuri</a>,EL
Inoh Shoichi,28,4,2,0,0,0,206,51.1,43,2,50,11,0,1,1,25,21,3.68,2.86,2.91,1.05,100,67,76,0.82,1.0%,24.3%,5.3%,19.0%,<a href=https://npb.jp/bis/eng/teams/index_g.html>Yomiuri</a>,EL
Inoue Haruto,7,0,1,0,0,0,131,30.0,35,3,36,6,0,2,2,16,16,4.80,3.30,2.51,1.37,77,77,66,1.50,2.3%,27.5%,4.6%,22.9%,<a href=https://npb.jp/bis/eng/teams/index_g.html>Yomiuri</a>,EL
Ishita Hayato,2,0,0,0,0,0,23,4.0,6,0,5,6,0,0,1,5,5,11.25,5.60,5.23,3.00,33,132,137,5.65,0.0%,21.7%,26.1%,-4.4%,<a href=https://npb.jp/bis/eng/teams/index_g.html>Yomiuri</a>,EL
Kagiya Yohei,13,0,1,0,0,0,51,11.2,12,0,11,4,0,0,0,6,6,4.63,2.74,3.43,1.37,79,64,90,1.89,0.0%,21.6%,7.8%,13.8%,<a href=https://npb.jp/bis/eng/teams/index_g.html>Yomiuri</a>,EL
Kamouchi Eiji,1,0,0,0,0,0,3,1.0,0,0,0,0,0,0,0,0,0,0.00,3.60,4.80,0.00,999,85,126,-3.60,0.0%,0.0%,0.0%,0.0%,<a href=https://npb.jp/bis/eng/teams/index_g.html>Yomiuri</a>,EL
Kasashima Naoki,16,0,1,0,0,0,77,16.2,22,0,6,10,0,2,1,10,9,4.86,5.04,5.32,1.92,76,118,139,-0.18,0.0%,7.8%,13.0%,-5.2%,<a href=https://npb.jp/bis/eng/teams/index_g.html>Yomiuri</a>,EL
Kawasaki Haruto,2,0,2,0,0,0,22,4.0,8,1,3,4,0,0,0,4,4,9.00,8.35,5.25,3.00,41,196,137,0.65,4.5%,13.6%,18.2%,-4.6%,<a href=https://npb.jp/bis/eng/teams/index_g.html>Yomiuri</a>,EL
Kikuchi Taiki,39,2,0,11,0,0,179,44.2,32,2,66,15,0,0,1,12,12,2.42,2.23,1.95,1.05,152,52,51,0.19,1.1%,36.9%,8.4%,28.5%,<a href=https://npb.jp/bis/eng/teams/index_g.html>Yomiuri</a>,EL
Kinoshita Motoya,14,3,5,0,0,0,266,59.0,67,4,42,25,0,4,0,33,31,4.73,4.53,4.16,1.56,78,106,109,0.20,1.5%,15.8%,9.4%,6.4%,<a href=https://npb.jp/bis/eng/teams/index_g.html>Yomiuri</a>,EL
Krol Ian,2,0,0,0,0,0,6,2.0,0,0,2,0,0,0,0,0,0,0.00,1.60,1.47,0.00,999,38,38,-1.60,0.0%,33.3%,0.0%,33.3%,<a href=https://npb.jp/bis/eng/teams/index_g.html>Yomiuri</a>,EL
Kuwahara Takuya,3,0,0,0,0,0,13,3.0,2,0,3,1,0,1,1,2,2,6.00,3.60,3.26,1.00,61,85,85,2.40,0.0%,23.1%,7.7%,15.4%,<a href=https://npb.jp/bis/eng/teams/index_g.html>Yomiuri</a>,EL
Kyomoto Makoto,1,1,0,0,0,0,17,5.0,1,0,3,2,0,0,0,0,0,0.00,3.60,4.21,0.60,999,85,110,-3.60,0.0%,17.6%,11.8%,5.8%,<a href=https://npb.jp/bis/eng/teams/index_g.html>Yomiuri</a>,EL
Mercedes CC,1,0,0,0,0,0,7,2.0,2,0,3,0,0,0,0,0,0,0.00,0.60,0.51,1.00,999,14,13,-0.60,0.0%,42.9%,0.0%,42.9%,<a href=https://npb.jp/bis/eng/teams/index_g.html>Yomiuri</a>,EL
Missaki Daniel,5,0,1,0,0,0,45,11.0,6,1,13,6,0,2,0,3,3,2.45,4.60,3.24,1.09,150,108,85,-2.15,2.2%,28.9%,13.3%,15.6%,<a href=https://npb.jp/bis/eng/teams/index_g.html>Yomiuri</a>,EL
Naoe Daisuke,17,3,1,0,0,0,291,64.2,80,5,40,22,0,3,2,43,38,5.29,4.52,4.18,1.58,69,106,109,0.77,1.7%,13.7%,7.6%,6.1%,<a href=https://npb.jp/bis/eng/teams/index_g.html>Yomiuri</a>,EL
Numata Shohei,26,2,4,3,0,0,108,26.0,21,2,30,7,0,2,0,14,11,3.81,3.33,2.67,1.08,96,78,70,0.48,1.9%,27.8%,6.5%,21.3%,<a href=https://npb.jp/bis/eng/teams/index_g.html>Yomiuri</a>,EL
Ohe Ryusei,38,0,0,0,0,0,134,30.1,24,1,39,21,0,5,1,12,12,3.56,4.02,3.46,1.48,103,94,91,-0.46,0.7%,29.1%,15.7%,13.4%,<a href=https://npb.jp/bis/eng/teams/index_g.html>Yomiuri</a>,EL
Ohta Ryu,11,1,0,0,0,0,58,12.2,11,1,9,11,0,1,0,8,8,5.68,6.04,5.14,1.74,65,142,135,-0.36,1.7%,15.5%,19.0%,-3.5%,<a href=https://npb.jp/bis/eng/teams/index_g.html>Yomiuri</a>,EL
Sakurai Toshiki,35,5,0,0,0,0,200,49.2,42,2,49,15,0,0,4,15,13,2.36,3.05,3.10,1.15,156,72,81,-0.69,1.0%,24.5%,7.5%,17.0%,<a href=https://npb.jp/bis/eng/teams/index_g.html>Yomiuri</a>,EL
Shiroki Yamato,4,0,2,0,0,0,43,9.2,13,3,5,2,0,0,0,7,6,5.59,7.22,4.10,1.55,66,170,107,-1.63,7.0%,11.6%,4.7%,6.9%,<a href=https://npb.jp/bis/eng/teams/index_g.html>Yomiuri</a>,EL
Shoemaker Matt,5,2,2,0,0,0,116,28.0,28,2,16,11,0,1,0,12,10,3.21,4.67,4.37,1.39,114,110,114,-1.46,1.7%,13.8%,9.5%,4.3%,<a href=https://npb.jp/bis/eng/teams/index_g.html>Yomiuri</a>,EL
Sugano Tomoyuki,1,0,0,0,0,0,11,2.0,3,2,1,2,0,1,0,4,4,18.00,20.10,5.71,2.50,20,472,149,-2.10,18.2%,9.1%,18.2%,-9.1%,<a href=https://npb.jp/bis/eng/teams/index_g.html>Yomiuri</a>,EL
Suzuki Yu,5,0,0,0,0,0,25,6.0,2,0,6,5,0,0,1,3,3,4.50,4.10,4.40,1.17,82,96,115,0.40,0.0%,24.0%,20.0%,4.0%,<a href=https://npb.jp/bis/eng/teams/index_g.html>Yomiuri</a>,EL
Takagi Kyosuke,18,1,1,1,0,0,68,18.1,8,0,18,5,0,0,0,3,3,1.47,2.45,2.89,0.71,250,58,76,-0.98,0.0%,26.5%,7.4%,19.1%,<a href=https://npb.jp/bis/eng/teams/index_g.html>Yomiuri</a>,EL
Takahashi Yuki,12,3,3,0,0,0,246,57.0,56,7,52,18,0,5,3,30,28,4.42,4.58,3.42,1.30,83,108,90,-0.16,2.8%,21.1%,7.3%,13.8%,<a href=https://npb.jp/bis/eng/teams/index_g.html>Yomiuri</a>,EL
Tanaka Toyoki,1,0,0,0,0,0,6,1.0,3,0,0,0,0,0,0,2,2,18.00,3.60,4.80,3.00,20,85,126,14.40,0.0%,0.0%,0.0%,0.0%,<a href=https://npb.jp/bis/eng/teams/index_g.html>Yomiuri</a>,EL
Tanioka Tappei,18,0,2,4,0,0,69,17.0,15,2,15,6,0,0,0,4,3,1.59,4.42,3.50,1.24,231,104,92,-2.83,2.9%,21.7%,8.7%,13.0%,<a href=https://npb.jp/bis/eng/teams/index_g.html>Yomiuri</a>,EL
Toda Natsuki,26,2,0,0,0,0,228,51.2,57,4,49,17,0,3,1,24,19,3.31,3.87,3.40,1.43,111,91,89,-0.56,1.8%,21.5%,7.5%,14.0%,<a href=https://npb.jp/bis/eng/teams/index_g.html>Yomiuri</a>,EL
Tomida Ryu,5,0,0,0,0,0,20,3.0,5,0,3,6,0,0,2,7,7,21.00,7.60,6.30,3.67,17,178,165,13.40,0.0%,15.0%,30.0%,-15.0%,<a href=https://npb.jp/bis/eng/teams/index_g.html>Yomiuri</a>,EL
Tone Chiaki,44,5,3,1,0,0,211,47.1,45,5,40,28,0,2,2,23,20,3.80,5.18,4.23,1.54,97,122,111,-1.38,2.4%,19.0%,13.3%,5.7%,<a href=https://npb.jp/bis/eng/teams/index_g.html>Yomiuri</a>,EL
Vieira Thyago,20,0,0,2,0,0,75,20.0,12,1,28,7,0,0,1,2,2,0.90,2.50,2.00,0.95,408,59,52,-1.60,1.3%,37.3%,9.3%,28.0%,<a href=https://npb.jp/bis/eng/teams/index_g.html>Yomiuri</a>,EL
Yamada Ryusei,9,0,2,0,0,0,102,19.2,23,1,12,25,0,0,3,19,19,8.69,6.85,6.07,2.44,42,161,159,1.84,1.0%,11.8%,24.5%,-12.7%,<a href=https://npb.jp/bis/eng/teams/index_g.html>Yomiuri</a>,EL
Yamaguchi Shun,23,1,2,3,0,0,128,29.0,32,3,31,9,0,1,5,14,13,4.03,3.84,3.08,1.41,91,90,81,0.19,2.3%,24.2%,7.0%,17.2%,<a href=https://npb.jp/bis/eng/teams/index_g.html>Yomiuri</a>,EL
Yamamoto Itsuki,14,4,4,0,0,0,267,61.1,54,7,48,34,0,5,4,34,27,3.96,5.42,4.28,1.43,93,127,112,-1.46,2.6%,18.0%,12.7%,5.3%,<a href=https://npb.jp/bis/eng/teams/index_g.html>Yomiuri</a>,EL
Yamasaki Iori,2,1,0,0,0,0,36,10.0,6,0,6,2,0,0,0,0,0,0.00,3.00,3.69,0.80,999,70,97,-3.00,0.0%,16.7%,5.6%,11.1%,<a href=https://npb.jp/bis/eng/teams/index_g.html>Yomiuri</a>,EL
Yamasaki Yusuke,3,1,0,0,0,0,33,7.0,8,0,4,3,0,1,0,2,2,2.57,4.17,4.50,1.57,143,98,118,-1.60,0.0%,12.1%,9.1%,3.0%,<a href=https://npb.jp/bis/eng/teams/index_g.html>Yomiuri</a>,EL
Yokogawa Kai,25,7,2,0,1,0,366,89.1,85,8,65,26,0,3,3,32,26,2.62,4.28,3.73,1.24,140,101,98,-1.66,2.2%,17.8%,7.1%,10.7%,<a href=https://npb.jp/bis/eng/teams/index_g.html>Yomiuri</a>,EL
Yonahara Hirotaka,25,0,2,0,0,0,115,29.2,23,2,21,4,0,3,4,10,7,2.12,3.76,3.32,0.91,173,88,87,-1.64,1.7%,18.3%,3.5%,14.8%,<a href=https://npb.jp/bis/eng/teams/index_g.html>Yomiuri</a>,EL
Cole A.J.,6,0,2,0,0,0,51,14.1,8,1,12,2,0,0,0,4,4,2.51,3.25,2.84,0.70,147,76,74,-0.74,2.0%,23.5%,3.9%,19.6%,<a href=https://npb.jp/bis/eng/teams/index_s.html>Yakult</a>,EL
Hara Juri,1,0,1,0,0,0,22,5.0,9,0,2,0,0,0,0,4,4,7.20,2.80,3.89,1.80,51,65,102,4.40,0.0%,9.1%,0.0%,9.1%,<a href=https://npb.jp/bis/eng/teams/index_s.html>Yakult</a>,EL
Hasegawa Hiroki,14,1,0,1,0,0,60,14.0,12,1,8,6,0,0,2,6,6,3.86,4.67,4.47,1.29,96,109,117,-0.81,1.7%,13.3%,10.0%,3.3%,<a href=https://npb.jp/bis/eng/teams/index_s.html>Yakult</a>,EL
Hoshi Tomoya,29,3,5,3,0,0,204,47.0,51,3,29,16,0,1,2,21,19,3.64,4.28,4.16,1.43,101,100,109,-0.64,1.5%,14.2%,7.8%,6.4%,<a href=https://npb.jp/bis/eng/teams/index_s.html>Yakult</a>,EL
Ichikawa Yuta,19,5,6,0,0,0,394,88.1,105,8,60,29,0,7,2,51,41,4.18,4.64,4.01,1.52,88,108,105,-0.46,2.0%,15.2%,7.4%,7.8%,<a href=https://npb.jp/bis/eng/teams/index_s.html>Yakult</a>,EL
Ishikawa Masanori,2,0,0,0,0,0,24,6.0,6,1,3,0,0,1,0,1,1,1.50,5.26,3.55,1.00,246,123,93,-3.76,4.2%,12.5%,0.0%,12.5%,<a href=https://npb.jp/bis/eng/teams/index_s.html>Yakult</a>,EL
Ishiyama Taichi,11,1,1,0,0,0,48,12.0,12,4,9,2,0,0,0,6,6,4.50,6.93,3.34,1.17,82,162,87,-2.43,8.3%,18.8%,4.2%,14.6%,<a href=https://npb.jp/bis/eng/teams/index_s.html>Yakult</a>,EL
Kanakubo Yuto,17,4,7,0,0,0,383,86.1,93,8,61,33,0,3,10,45,41,4.27,4.64,4.07,1.46,86,108,107,-0.37,2.1%,15.9%,8.6%,7.3%,<a href=https://npb.jp/bis/eng/teams/index_s.html>Yakult</a>,EL
Katekaru Kouta,16,1,2,0,0,0,119,22.2,32,4,11,19,0,1,5,22,21,8.34,7.57,5.47,2.25,44,177,143,0.77,3.4%,9.2%,16.0%,-6.8%,<a href=https://npb.jp/bis/eng/teams/index_s.html>Yakult</a>,EL
Kizawa Naofumi,1,0,0,0,0,0,4,1.0,0,0,1,1,0,0,0,0,0,0.00,4.60,4.80,1.00,999,107,126,-4.60,0.0%,25.0%,25.0%,0.0%,<a href=https://npb.jp/bis/eng/teams/index_s.html>Yakult</a>,EL
Konno Ryuta,5,0,0,1,0,0,18,5.0,1,0,4,0,0,1,0,0,0,0.00,2.60,2.58,0.20,999,61,68,-2.60,0.0%,22.2%,0.0%,22.2%,<a href=https://npb.jp/bis/eng/teams/index_s.html>Yakult</a>,EL
Kozawa Reiji,25,1,1,8,0,0,117,30.2,12,2,34,11,0,1,3,5,5,1.47,3.40,2.83,0.75,251,79,74,-1.93,1.7%,29.1%,9.4%,19.7%,<a href=https://npb.jp/bis/eng/teams/index_s.html>Yakult</a>,EL
Kubo Takuma,23,3,0,1,0,0,139,30.1,25,1,29,16,0,6,0,17,17,5.04,4.29,3.86,1.35,73,100,101,0.75,0.7%,20.9%,11.5%,9.4%,<a href=https://npb.jp/bis/eng/teams/index_s.html>Yakult</a>,EL
Maruyama Shota,20,5,5,0,0,0,318,73.1,77,7,61,31,0,1,6,46,41,5.03,4.48,3.86,1.47,73,105,101,0.55,2.2%,19.2%,9.7%,9.5%,<a href=https://npb.jp/bis/eng/teams/index_s.html>Yakult</a>,EL
Miyadai Kohei,29,2,1,0,0,0,165,37.0,37,1,40,18,0,5,4,12,11,2.68,3.65,3.47,1.49,138,85,91,-0.97,0.6%,24.2%,10.9%,13.3%,<a href=https://npb.jp/bis/eng/teams/index_s.html>Yakult</a>,EL
Ohnishi Hiroki,4,0,0,1,0,0,18,4.0,5,0,1,0,0,0,0,2,1,2.25,3.10,4.24,1.25,164,72,111,-0.85,0.0%,5.6%,0.0%,5.6%,<a href=https://npb.jp/bis/eng/teams/index_s.html>Yakult</a>,EL
Ohshita Yuma,12,1,0,1,0,0,52,14.0,9,0,14,3,0,1,0,1,1,0.64,2.45,2.68,0.86,577,57,70,-1.81,0.0%,26.9%,5.8%,21.1%,<a href=https://npb.jp/bis/eng/teams/index_s.html>Yakult</a>,EL
Sakamoto Koshiro,20,0,0,6,0,0,74,18.2,10,0,22,7,0,2,2,1,1,0.48,2.69,2.77,0.91,769,63,73,-2.21,0.0%,29.7%,9.5%,20.2%,<a href=https://npb.jp/bis/eng/teams/index_s.html>Yakult</a>,EL
Shibata Daichi,29,0,0,1,0,0,133,30.2,21,5,24,20,0,2,3,18,16,4.70,6.30,4.50,1.34,79,147,118,-1.60,3.8%,18.0%,15.0%,3.0%,<a href=https://npb.jp/bis/eng/teams/index_s.html>Yakult</a>,EL
Shimizu Noboru,4,0,0,0,0,0,18,4.0,4,0,3,2,0,0,0,1,1,2.25,3.60,4.24,1.50,164,84,111,-1.35,0.0%,16.7%,11.1%,5.6%,<a href=https://npb.jp/bis/eng/teams/index_s.html>Yakult</a>,EL
Shimo Shinnosuke,16,4,4,0,0,0,295,68.1,61,2,55,39,0,4,3,32,26,3.42,4.25,4.26,1.46,108,99,112,-0.83,0.7%,18.6%,13.2%,5.4%,<a href=https://npb.jp/bis/eng/teams/index_s.html>Yakult</a>,EL
Sneed Cy,1,0,0,0,0,0,19,5.0,4,1,4,0,0,0,0,1,1,1.80,4.60,2.69,0.80,205,107,70,-2.80,5.3%,21.1%,0.0%,21.1%,<a href=https://npb.jp/bis/eng/teams/index_s.html>Yakult</a>,EL
Suarez Andrew,15,3,3,0,0,0,221,55.1,47,6,53,14,0,0,1,22,20,3.25,3.85,3.04,1.10,114,90,80,-0.60,2.7%,24.0%,6.3%,17.7%,<a href=https://npb.jp/bis/eng/teams/index_s.html>Yakult</a>,EL
Sugiyama Koki,41,5,3,0,0,0,251,54.1,55,3,40,24,0,7,8,30,22,3.64,4.55,4.16,1.45,101,106,109,-0.91,1.2%,15.9%,9.6%,6.3%,<a href=https://npb.jp/bis/eng/teams/index_s.html>Yakult</a>,EL
Suzuki Yuta,34,4,2,0,0,0,173,41.0,32,4,15,25,1,3,2,20,18,3.95,6.18,5.38,1.39,93,144,141,-2.23,2.3%,8.7%,14.5%,-5.8%,<a href=https://npb.jp/bis/eng/teams/index_s.html>Yakult</a>,EL
Taguchi Kazuto,1,0,0,0,0,0,3,1.0,0,0,2,0,0,0,0,0,0,0.00,-0.40,-1.87,0.00,999,-9,-49,0.40,0.0%,66.7%,0.0%,66.7%,<a href=https://npb.jp/bis/eng/teams/index_s.html>Yakult</a>,EL
Takahashi Keiji,1,0,0,0,0,0,13,3.0,4,0,4,0,0,0,0,3,3,9.00,0.93,1.72,1.33,41,22,45,8.07,0.0%,30.8%,0.0%,30.8%,<a href=https://npb.jp/bis/eng/teams/index_s.html>Yakult</a>,EL
Takanashi Hirotoshi,2,0,0,0,0,0,23,6.0,4,0,3,2,0,0,1,0,0,0.00,3.60,4.37,1.00,999,84,114,-3.60,0.0%,13.0%,8.7%,4.3%,<a href=https://npb.jp/bis/eng/teams/index_s.html>Yakult</a>,EL
Takeyama Hyuga,5,0,0,0,0,0,50,10.0,9,1,5,9,0,3,3,6,6,5.40,7.50,5.60,1.80,68,175,147,-2.10,2.0%,10.0%,18.0%,-8.0%,<a href=https://npb.jp/bis/eng/teams/index_s.html>Yakult</a>,EL
Terashima Naruki,30,1,7,0,0,0,303,65.1,78,8,43,40,1,2,5,53,47,6.47,5.80,4.70,1.81,57,136,123,0.67,2.6%,14.2%,13.2%,1.0%,<a href=https://npb.jp/bis/eng/teams/index_s.html>Yakult</a>,EL
Umeno Yugo,8,0,0,2,0,0,49,11.0,10,2,11,6,0,0,0,10,10,8.18,5.60,3.78,1.45,45,131,99,2.58,4.1%,22.4%,12.2%,10.2%,<a href=https://npb.jp/bis/eng/teams/index_s.html>Yakult</a>,EL
Yamamoto Daiki,9,1,3,1,0,0,68,14.1,15,1,13,6,1,2,2,12,7,4.40,4.36,3.77,1.47,84,102,99,0.04,1.5%,19.1%,8.8%,10.3%,<a href=https://npb.jp/bis/eng/teams/index_s.html>Yakult</a>,EL
Yamano Taichi,6,1,1,0,0,0,30,6.1,5,1,7,8,0,0,1,5,5,7.11,7.23,5.13,2.05,52,169,134,-0.12,3.3%,23.3%,26.7%,-3.4%,<a href=https://npb.jp/bis/eng/teams/index_s.html>Yakult</a>,EL
Yamashita Hikaru,6,3,0,0,0,0,94,22.2,19,0,11,8,1,1,1,8,4,1.59,3.82,4.48,1.19,232,89,117,-2.23,0.0%,11.7%,8.5%,3.2%,<a href=https://npb.jp/bis/eng/teams/index_s.html>Yakult</a>,EL
Yoshida Daiki,15,5,2,0,1,0,302,74.1,66,2,50,21,0,3,1,24,20,2.42,3.57,3.84,1.17,153,83,101,-1.15,0.7%,16.6%,7.0%,9.6%,<a href=https://npb.jp/bis/eng/teams/index_s.html>Yakult</a>,EL
Alvarez Frank,7,0,0,0,0,0,34,8.0,7,0,8,2,0,1,0,3,3,3.38,2.72,3.04,1.12,112,62,80,0.66,0.0%,23.5%,5.9%,17.6%,<a href=https://npb.jp/bis/eng/teams/index_d.html>Chunichi</a>,WL
Fuku Hiroto,15,0,1,0,0,0,63,16.1,13,1,21,2,0,2,0,4,4,2.20,2.56,1.78,0.92,173,58,47,-0.36,1.6%,33.3%,3.2%,30.1%,<a href=https://npb.jp/bis/eng/teams/index_d.html>Chunichi</a>,WL
Fukushima Shota,18,6,6,0,0,0,396,87.1,89,5,67,56,0,2,3,55,52,5.36,4.80,4.52,1.66,71,109,118,0.56,1.3%,16.9%,14.1%,2.8%,<a href=https://npb.jp/bis/eng/teams/index_d.html>Chunichi</a>,WL
Fukutani Koji,15,1,6,0,0,0,304,69.0,80,4,35,19,0,4,3,38,28,3.65,4.34,4.27,1.43,104,99,112,-0.69,1.3%,11.5%,6.2%,5.3%,<a href=https://npb.jp/bis/eng/teams/index_d.html>Chunichi</a>,WL
Hashimoto Yuki,23,1,4,0,1,0,289,65.1,59,2,52,37,1,5,4,34,33,4.55,4.33,4.28,1.47,84,98,112,0.22,0.7%,18.0%,12.8%,5.2%,<a href=https://npb.jp/bis/eng/teams/index_d.html>Chunichi</a>,WL
Ishida KentoMarc,48,2,3,13,0,0,239,52.2,54,5,59,22,1,3,3,23,19,3.25,4.01,3.25,1.44,117,91,85,-0.76,2.1%,24.7%,9.2%,15.5%,<a href=https://npb.jp/bis/eng/teams/index_d.html>Chunichi</a>,WL
Ishikawa Sho,14,0,1,0,0,0,80,12.1,21,1,13,21,0,1,2,20,18,13.14,7.89,5.80,3.41,29,179,152,5.25,1.2%,16.2%,26.2%,-10.0%,<a href=https://npb.jp/bis/eng/teams/index_d.html>Chunichi</a>,WL
Ishimori Taisei,17,0,1,0,0,0,99,21.1,21,2,14,20,1,0,4,15,15,6.33,6.31,5.41,1.92,60,143,142,0.02,2.0%,14.1%,20.2%,-6.1%,<a href=https://npb.jp/bis/eng/teams/index_d.html>Chunichi</a>,WL
Kasahara Shotaro,9,1,4,0,0,0,179,41.0,44,7,32,14,0,3,2,23,21,4.61,5.50,3.79,1.41,82,125,99,-0.89,3.9%,17.9%,7.8%,10.1%,<a href=https://npb.jp/bis/eng/teams/index_d.html>Chunichi</a>,WL
Kato Tsubasa,12,1,0,0,0,0,49,8.2,7,0,7,16,0,0,1,8,8,8.31,7.52,6.64,2.65,46,171,174,0.79,0.0%,14.3%,32.7%,-18.4%,<a href=https://npb.jp/bis/eng/teams/index_d.html>Chunichi</a>,WL
Katsuno Akiyoshi,2,0,0,0,0,0,44,10.2,9,1,12,1,0,1,0,3,3,2.53,3.13,2.30,0.94,150,71,60,-0.60,2.3%,27.3%,2.3%,25.0%,<a href=https://npb.jp/bis/eng/teams/index_d.html>Chunichi</a>,WL
Kondo Ren,3,0,0,0,0,0,17,2.1,6,1,1,5,0,0,1,7,6,23.14,14.74,7.15,4.71,16,335,187,8.40,5.9%,5.9%,29.4%,-23.5%,<a href=https://npb.jp/bis/eng/teams/index_d.html>Chunichi</a>,WL
Matsuba Takahiro,2,0,0,0,0,0,40,8.0,14,1,6,3,0,0,0,8,7,7.88,4.85,4.05,2.12,48,110,106,3.03,2.5%,15.0%,7.5%,7.5%,<a href=https://npb.jp/bis/eng/teams/index_d.html>Chunichi</a>,WL
Matsuda Hiroaki,26,0,3,0,0,0,234,48.0,52,4,28,40,0,5,4,42,38,7.13,6.33,5.31,1.92,53,144,139,0.80,1.7%,12.0%,17.1%,-5.1%,<a href=https://npb.jp/bis/eng/teams/index_d.html>Chunichi</a>,WL
Matsukihira Yuta,12,1,5,0,0,0,213,46.0,39,3,20,35,0,4,5,29,25,4.89,6.12,5.50,1.61,78,139,144,-1.23,1.4%,9.4%,16.4%,-7.0%,<a href=https://npb.jp/bis/eng/teams/index_d.html>Chunichi</a>,WL
Mori Hiroto,18,1,0,1,0,0,85,20.0,14,1,24,10,0,1,0,8,8,3.60,3.50,3.15,1.20,106,79,82,0.10,1.2%,28.2%,11.8%,16.4%,<a href=https://npb.jp/bis/eng/teams/index_d.html>Chunichi</a>,WL
Neo Akira,1,0,0,0,0,0,5,0.2,3,0,1,0,0,0,0,1,1,13.50,0.60,2.80,4.50,28,14,73,12.90,0.0%,20.0%,0.0%,20.0%,<a href=https://npb.jp/bis/eng/teams/index_d.html>Chunichi</a>,WL
Ogasawara Shinnosuke,1,0,0,0,0,0,7,2.0,0,0,2,1,0,0,0,0,0,0.00,3.10,3.37,0.50,999,70,88,-3.10,0.0%,28.6%,14.3%,14.3%,<a href=https://npb.jp/bis/eng/teams/index_d.html>Chunichi</a>,WL
Ohmine Yuta,11,1,2,1,0,0,98,21.0,27,0,13,6,0,0,1,12,9,3.86,3.22,4.09,1.57,98,73,107,0.64,0.0%,13.3%,6.1%,7.2%,<a href=https://npb.jp/bis/eng/teams/index_d.html>Chunichi</a>,WL
Okada Toshiya,36,3,5,0,1,0,327,73.2,73,8,70,30,0,2,4,43,30,3.67,4.41,3.58,1.40,104,100,94,-0.74,2.4%,21.4%,9.2%,12.2%,<a href=https://npb.jp/bis/eng/teams/index_d.html>Chunichi</a>,WL
Okano Yuichiro,13,4,5,0,0,0,283,68.0,73,4,52,12,0,1,1,32,28,3.71,3.40,3.39,1.25,102,77,89,0.31,1.4%,18.4%,4.2%,14.2%,<a href=https://npb.jp/bis/eng/teams/index_d.html>Chunichi</a>,WL
Satoh Yu,49,2,2,6,0,0,209,47.2,46,3,45,18,2,2,3,21,21,3.97,3.78,3.51,1.34,96,86,92,0.19,1.4%,21.5%,8.6%,12.9%,<a href=https://npb.jp/bis/eng/teams/index_d.html>Chunichi</a>,WL
Shimizu Tatsuya,1,0,0,0,0,0,4,1.0,1,0,2,0,0,0,0,0,0,0.00,-0.40,-0.20,1.00,999,-9,-5,0.40,0.0%,50.0%,0.0%,50.0%,<a href=https://npb.jp/bis/eng/teams/index_d.html>Chunichi</a>,WL
Sobue Daisuke,7,2,0,0,0,0,26,7.0,6,0,11,0,0,0,0,0,0,0.00,0.45,0.57,0.86,999,10,15,-0.45,0.0%,42.3%,0.0%,42.3%,<a href=https://npb.jp/bis/eng/teams/index_d.html>Chunichi</a>,WL
Suzuki Hiroshi,18,4,6,0,0,0,428,99.1,99,3,56,34,0,5,2,52,43,3.90,4.04,4.29,1.34,97,92,112,-0.14,0.7%,13.1%,7.9%,5.2%,<a href=https://npb.jp/bis/eng/teams/index_d.html>Chunichi</a>,WL
Tajima Shinji,20,1,2,0,0,0,95,20.0,24,1,19,8,0,3,5,17,9,4.05,4.00,3.64,1.60,94,91,95,0.05,1.1%,20.0%,8.4%,11.6%,<a href=https://npb.jp/bis/eng/teams/index_d.html>Chunichi</a>,WL
Takeuchi Ryushin,15,1,1,0,0,0,60,15.0,15,0,10,4,0,0,0,5,5,3.00,3.06,3.80,1.27,127,69,99,-0.06,0.0%,16.7%,6.7%,10.0%,<a href=https://npb.jp/bis/eng/teams/index_d.html>Chunichi</a>,WL
Tanimoto Keisuke,14,1,2,0,0,0,55,12.2,12,0,9,5,0,0,1,7,5,3.55,3.36,4.07,1.34,107,76,107,0.19,0.0%,16.4%,9.1%,7.3%,<a href=https://npb.jp/bis/eng/teams/index_d.html>Chunichi</a>,WL
Tavarez Yohan,14,0,4,0,0,0,156,30.0,42,1,12,21,0,6,1,31,31,9.30,5.93,5.38,2.10,41,135,141,3.37,0.6%,7.7%,13.5%,-5.8%,<a href=https://npb.jp/bis/eng/teams/index_d.html>Chunichi</a>,WL
Ueda Kotaro,8,1,1,0,0,0,158,38.1,35,1,27,9,0,2,2,14,10,2.35,3.39,3.66,1.15,162,77,96,-1.04,0.6%,17.1%,5.7%,11.4%,<a href=https://npb.jp/bis/eng/teams/index_d.html>Chunichi</a>,WL
Yamamoto Takumi,6,0,0,0,0,0,23,6.0,2,0,2,2,0,0,0,0,0,0.00,3.93,4.80,0.67,999,89,126,-3.93,0.0%,8.7%,8.7%,0.0%,<a href=https://npb.jp/bis/eng/teams/index_d.html>Chunichi</a>,WL
Abe Shota,7,0,1,1,0,0,24,5.2,6,1,8,1,0,0,0,2,1,1.59,3.60,1.88,1.24,219,89,49,-2.01,4.2%,33.3%,4.2%,29.1%,<a href=https://npb.jp/bis/eng/teams/index_b.html>ORIX</a>,WL
Azuma Kohei,15,1,3,0,0,0,288,67.2,61,1,56,29,0,3,3,27,26,3.46,3.55,3.86,1.33,100,88,101,-0.09,0.3%,19.4%,10.1%,9.3%,<a href=https://npb.jp/bis/eng/teams/index_b.html>ORIX</a>,WL
Biddle Jesse,8,3,0,0,0,0,71,17.0,6,0,23,14,0,1,2,1,0,0.00,3.54,3.53,1.18,999,88,92,-3.54,0.0%,32.4%,19.7%,12.7%,<a href=https://npb.jp/bis/eng/teams/index_b.html>ORIX</a>,WL
Cho Yaku,19,1,0,1,0,0,76,20.2,13,0,17,4,0,0,1,3,3,1.31,2.53,3.09,0.82,265,63,81,-1.22,0.0%,22.4%,5.3%,17.1%,<a href=https://npb.jp/bis/eng/teams/index_b.html>ORIX</a>,WL
Higa Motoki,12,1,0,1,0,0,44,12.0,7,1,11,1,0,0,0,3,3,2.25,3.10,2.53,0.67,154,77,66,-0.85,2.3%,25.0%,2.3%,22.7%,<a href=https://npb.jp/bis/eng/teams/index_b.html>ORIX</a>,WL
Honda Hitomi,4,0,0,1,0,0,14,4.0,2,1,4,0,0,0,0,1,1,2.25,4.85,1.94,0.50,154,120,51,-2.60,7.1%,28.6%,0.0%,28.6%,<a href=https://npb.jp/bis/eng/teams/index_b.html>ORIX</a>,WL
Kaida Tomoyuki,39,0,2,1,0,0,157,36.1,44,2,29,11,0,0,1,16,15,3.72,3.62,3.65,1.51,93,90,96,0.10,1.3%,18.5%,7.0%,11.5%,<a href=https://npb.jp/bis/eng/teams/index_b.html>ORIX</a>,WL
Kawase Kento,4,1,3,0,0,0,60,13.2,19,1,13,2,0,0,1,13,6,3.95,3.08,2.97,1.54,88,76,78,0.87,1.7%,21.7%,3.3%,18.4%,<a href=https://npb.jp/bis/eng/teams/index_b.html>ORIX</a>,WL
Kogita Atsuya,37,0,3,6,0,0,163,39.2,38,1,44,6,1,1,0,14,14,3.18,2.23,2.47,1.11,109,55,65,0.95,0.6%,27.0%,3.7%,23.3%,<a href=https://npb.jp/bis/eng/teams/index_b.html>ORIX</a>,WL
Kondoh Taisuke,12,0,0,0,0,0,48,11.2,7,0,17,6,0,0,0,1,1,0.77,2.22,2.51,1.11,451,55,66,-1.45,0.0%,35.4%,12.5%,22.9%,<a href=https://npb.jp/bis/eng/teams/index_b.html>ORIX</a>,WL
Kuroki Yuta,11,0,0,0,0,0,39,10.1,4,0,5,4,0,1,0,0,0,0.00,4.08,4.54,0.77,999,101,119,-4.08,0.0%,12.8%,10.3%,2.5%,<a href=https://npb.jp/bis/eng/teams/index_b.html>ORIX</a>,WL
Mae Yuito,13,1,1,0,0,0,61,12.1,13,0,13,9,0,1,3,11,10,7.30,3.92,4.14,1.78,48,97,108,3.38,0.0%,21.3%,14.8%,6.5%,<a href=https://npb.jp/bis/eng/teams/index_b.html>ORIX</a>,WL
Masui Hirotoshi,13,3,3,0,0,0,262,57.2,79,4,39,14,0,4,4,40,39,6.09,4.08,3.85,1.61,57,101,101,2.01,1.5%,14.9%,5.3%,9.6%,<a href=https://npb.jp/bis/eng/teams/index_b.html>ORIX</a>,WL
Matsuyama Masayuki,4,0,0,0,0,0,29,6.0,4,1,6,6,0,1,0,4,3,4.50,7.26,4.80,1.67,77,180,126,-2.76,3.4%,20.7%,20.7%,0.0%,<a href=https://npb.jp/bis/eng/teams/index_b.html>ORIX</a>,WL
Mukunoki Ren,9,4,3,0,0,0,191,46.2,49,0,29,8,0,0,0,19,17,3.28,2.87,3.70,1.22,106,71,97,0.41,0.0%,15.2%,4.2%,11.0%,<a href=https://npb.jp/bis/eng/teams/index_b.html>ORIX</a>,WL
Muranishi Ryota,27,1,4,1,0,0,107,24.1,22,2,18,13,0,1,4,13,13,4.81,4.91,4.33,1.44,72,122,113,-0.10,1.9%,16.8%,12.1%,4.7%,<a href=https://npb.jp/bis/eng/teams/index_b.html>ORIX</a>,WL
Nakagawa Hayate,6,1,0,0,0,0,33,7.2,7,1,2,2,0,2,0,5,5,5.87,6.34,4.80,1.17,59,157,126,-0.47,3.0%,6.1%,6.1%,0.0%,<a href=https://npb.jp/bis/eng/teams/index_b.html>ORIX</a>,WL
Nakamura Masaru,21,5,8,0,0,0,445,100.1,100,6,66,48,0,5,4,51,46,4.13,4.64,4.40,1.48,84,115,115,-0.51,1.3%,14.8%,10.8%,4.0%,<a href=https://npb.jp/bis/eng/teams/index_b.html>ORIX</a>,WL
Nakata Yuito,24,0,1,0,0,0,118,26.0,22,2,22,20,0,0,3,14,14,4.85,5.21,4.63,1.62,72,129,121,-0.36,1.7%,18.6%,16.9%,1.7%,<a href=https://npb.jp/bis/eng/teams/index_b.html>ORIX</a>,WL
Nohmi Atsushi,2,0,0,0,0,0,12,2.2,3,1,4,1,0,0,0,2,2,6.75,6.60,2.30,1.50,51,164,60,0.15,8.3%,33.3%,8.3%,25.0%,<a href=https://npb.jp/bis/eng/teams/index_b.html>ORIX</a>,WL
Saitoh Koki,50,1,2,0,0,0,169,41.0,35,2,56,10,0,3,1,13,11,2.41,2.45,2.08,1.10,144,61,54,-0.04,1.2%,33.1%,5.9%,27.2%,<a href=https://npb.jp/bis/eng/teams/index_b.html>ORIX</a>,WL
Sakakibara Tsubasa,1,0,0,0,0,0,4,1.0,1,0,1,0,0,0,0,0,0,0.00,1.60,2.30,1.00,999,40,60,-1.60,0.0%,25.0%,0.0%,25.0%,<a href=https://npb.jp/bis/eng/teams/index_b.html>ORIX</a>,WL
Satoh Kazuma,19,2,5,0,0,0,236,51.1,58,6,27,34,0,1,3,38,34,5.96,6.11,5.10,1.79,58,152,134,-0.15,2.5%,11.4%,14.4%,-3.0%,<a href=https://npb.jp/bis/eng/teams/index_b.html>ORIX</a>,WL
Sawada Keisuke,1,0,0,0,0,0,5,0.2,2,2,1,1,0,0,0,2,2,27.00,44.10,4.80,4.50,13,1095,126,-17.10,40.0%,20.0%,20.0%,0.0%,<a href=https://npb.jp/bis/eng/teams/index_b.html>ORIX</a>,WL
Suzuki Kohei,21,1,0,1,0,0,83,21.0,17,3,31,2,0,0,1,6,6,2.57,2.79,1.31,0.90,135,69,34,-0.22,3.6%,37.3%,2.4%,34.9%,<a href=https://npb.jp/bis/eng/teams/index_b.html>ORIX</a>,WL
Tajima Daiki,1,0,0,0,0,0,7,2.0,1,0,3,0,0,0,0,0,0,0.00,0.60,0.51,0.50,999,15,13,-0.60,0.0%,42.9%,0.0%,42.9%,<a href=https://npb.jp/bis/eng/teams/index_b.html>ORIX</a>,WL
Takeyasu Daichi,14,3,3,0,0,0,215,52.0,51,6,34,11,0,1,0,21,20,3.46,4.48,3.73,1.19,100,111,98,-1.02,2.8%,15.8%,5.1%,10.7%,<a href=https://npb.jp/bis/eng/teams/index_b.html>ORIX</a>,WL
Tomiyama Ryoga,24,1,1,0,0,0,182,40.1,50,2,28,19,0,0,2,13,12,2.68,4.27,4.31,1.71,130,106,113,-1.59,1.1%,15.4%,10.4%,5.0%,<a href=https://npb.jp/bis/eng/teams/index_b.html>ORIX</a>,WL
Tsujigaki Takara,9,1,3,0,0,0,157,36.0,38,2,16,11,0,4,0,19,14,3.50,4.68,4.48,1.36,99,116,117,-1.18,1.3%,10.2%,7.0%,3.2%,<a href=https://npb.jp/bis/eng/teams/index_b.html>ORIX</a>,WL
Udagawa Yuki,15,1,1,0,0,0,54,14.1,8,2,21,3,0,0,2,3,3,1.88,3.11,1.47,0.77,185,77,38,-1.23,3.7%,38.9%,5.6%,33.3%,<a href=https://npb.jp/bis/eng/teams/index_b.html>ORIX</a>,WL
Urushihara Taisei,41,3,3,0,0,0,203,45.0,43,5,26,26,0,1,8,33,30,6.00,5.68,4.80,1.53,58,141,126,0.32,2.5%,12.8%,12.8%,0.0%,<a href=https://npb.jp/bis/eng/teams/index_b.html>ORIX</a>,WL
Vargas Cesar,24,2,6,0,0,0,219,51.0,55,3,45,13,0,3,7,26,20,3.53,3.54,3.34,1.33,98,88,87,-0.01,1.4%,20.5%,5.9%,14.6%,<a href=https://npb.jp/bis/eng/teams/index_b.html>ORIX</a>,WL
Waguespack Jacob,3,1,0,0,0,0,44,12.0,4,0,17,4,0,1,0,2,1,0.75,2.01,1.85,0.67,463,50,48,-1.26,0.0%,38.6%,9.1%,29.5%,<a href=https://npb.jp/bis/eng/teams/index_b.html>ORIX</a>,WL
Yamada Nobuyoshi,39,1,2,0,0,0,126,32.0,20,3,36,7,0,1,0,8,7,1.97,3.31,2.50,0.84,176,82,65,-1.34,2.4%,28.6%,5.6%,23.0%,<a href=https://npb.jp/bis/eng/teams/index_b.html>ORIX</a>,WL
Yamaoka Taisuke,1,0,0,0,0,0,24,5.0,9,0,4,1,0,0,0,1,1,1.80,2.60,3.55,2.00,193,65,93,-0.80,0.0%,16.7%,4.2%,12.5%,<a href=https://npb.jp/bis/eng/teams/index_b.html>ORIX</a>,WL
Yamasaki Sachiya,4,1,0,0,0,0,79,21.0,16,0,16,2,0,0,1,2,2,0.86,2.36,3.03,0.86,404,59,79,-1.50,0.0%,20.3%,2.5%,17.8%,<a href=https://npb.jp/bis/eng/teams/index_b.html>ORIX</a>,WL
Yamashita Shunpeita,8,2,2,0,0,0,143,35.1,29,1,42,11,0,1,3,14,13,3.31,2.61,2.63,1.13,105,65,69,0.70,0.7%,29.4%,7.7%,21.7%,<a href=https://npb.jp/bis/eng/teams/index_b.html>ORIX</a>,WL
Yamazaki Soichiro,8,0,0,0,0,0,69,17.2,10,1,23,8,0,0,0,4,3,1.53,3.09,2.63,1.02,227,77,69,-1.56,1.4%,33.3%,11.6%,21.7%,<a href=https://npb.jp/bis/eng/teams/index_b.html>ORIX</a>,WL
Yokoyama Kaede,25,0,2,6,0,0,110,26.2,19,1,20,13,0,0,1,11,7,2.36,4.05,4.16,1.20,147,101,109,-1.69,0.9%,18.2%,11.8%,6.4%,<a href=https://npb.jp/bis/eng/teams/index_b.html>ORIX</a>,WL
Yoshida Ryo,45,1,2,0,0,0,188,43.1,42,4,53,14,0,3,1,18,16,3.32,3.53,2.73,1.29,105,88,71,-0.21,2.1%,28.2%,7.4%,20.8%,<a href=https://npb.jp/bis/eng/teams/index_b.html>ORIX</a>,WL
Akiyama Seiun,15,4,1,1,0,0,141,34.2,27,3,28,10,0,1,1,11,9,2.34,4.06,3.52,1.07,157,95,92,-1.72,2.1%,19.9%,7.1%,12.8%,<a href=https://npb.jp/bis/eng/teams/index_m.html>Lotte</a>,EL
Azuma Yusuke,40,3,4,3,0,0,164,42.0,29,1,35,11,0,0,3,9,5,1.07,3.02,3.34,0.95,343,71,87,-1.95,0.6%,21.3%,6.7%,14.6%,<a href=https://npb.jp/bis/eng/teams/index_m.html>Lotte</a>,EL
Dohi Seiya,21,5,5,0,0,0,368,85.0,87,13,48,33,0,3,4,55,49,5.19,5.73,4.39,1.41,71,135,115,-0.54,3.5%,13.0%,9.0%,4.0%,<a href=https://npb.jp/bis/eng/teams/index_m.html>Lotte</a>,EL
Doi Hideto,37,4,4,7,0,0,366,82.1,79,9,47,40,0,6,3,52,40,4.37,5.55,4.61,1.45,84,130,121,-1.18,2.5%,12.8%,10.9%,1.9%,<a href=https://npb.jp/bis/eng/teams/index_m.html>Lotte</a>,EL
Furuya Takuro,3,1,1,0,0,0,72,15.0,17,1,3,11,0,2,0,7,6,3.60,6.66,5.91,1.87,102,156,155,-3.06,1.4%,4.2%,15.3%,-11.1%,<a href=https://npb.jp/bis/eng/teams/index_m.html>Lotte</a>,EL
Futaki Kota,10,2,3,0,0,0,183,46.0,39,6,51,7,0,2,1,15,13,2.54,3.66,2.40,1.00,145,86,63,-1.12,3.3%,27.9%,3.8%,24.1%,<a href=https://npb.jp/bis/eng/teams/index_m.html>Lotte</a>,EL
Hirohata Atsuya,14,0,1,2,0,0,118,29.0,26,2,17,9,0,1,1,10,10,3.10,4.35,4.12,1.21,119,102,108,-1.25,1.7%,14.4%,7.6%,6.8%,<a href=https://npb.jp/bis/eng/teams/index_m.html>Lotte</a>,EL
Ishikawa Ayumu,2,1,0,0,0,0,34,8.0,7,1,4,2,0,0,0,3,1,1.13,4.97,4.21,1.12,325,117,110,-3.84,2.9%,11.8%,5.9%,5.9%,<a href=https://npb.jp/bis/eng/teams/index_m.html>Lotte</a>,EL
Iwashita Daiki,3,0,0,0,0,0,20,6.0,1,1,8,1,0,0,0,1,1,1.50,3.60,1.30,0.33,245,85,34,-2.10,5.0%,40.0%,5.0%,35.0%,<a href=https://npb.jp/bis/eng/teams/index_m.html>Lotte</a>,EL
Karakawa Yuki,4,1,0,0,0,0,14,4.0,1,0,3,0,0,0,0,0,0,0.00,2.10,2.66,0.25,999,49,70,-2.10,0.0%,21.4%,0.0%,21.4%,<a href=https://npb.jp/bis/eng/teams/index_m.html>Lotte</a>,EL
Kawamura Tokito,8,2,2,0,0,0,145,35.2,34,4,22,7,0,2,0,14,12,3.03,4.58,3.77,1.15,121,108,99,-1.55,2.8%,15.2%,4.8%,10.4%,<a href=https://npb.jp/bis/eng/teams/index_m.html>Lotte</a>,EL
Kuniyoshi Yuki,23,3,2,0,0,0,119,22.1,26,2,13,26,0,3,3,29,28,11.28,7.49,5.89,2.33,33,176,154,3.79,1.7%,10.9%,21.8%,-10.9%,<a href=https://npb.jp/bis/eng/teams/index_m.html>Lotte</a>,EL
Masuda Naoya,1,0,0,1,0,0,4,1.0,1,0,0,0,0,0,0,0,0,0.00,3.60,4.80,1.00,999,85,126,-3.60,0.0%,0.0%,0.0%,0.0%,<a href=https://npb.jp/bis/eng/teams/index_m.html>Lotte</a>,EL
Mima Manabu,3,0,2,0,0,0,53,13.0,14,3,6,1,0,0,0,9,9,6.23,5.90,3.86,1.15,59,139,101,0.33,5.7%,11.3%,1.9%,9.4%,<a href=https://npb.jp/bis/eng/teams/index_m.html>Lotte</a>,EL
Mori Ryotaro,13,3,2,0,0,0,228,52.1,59,5,32,18,0,1,2,22,19,3.27,4.70,4.19,1.47,112,110,110,-1.43,2.2%,14.0%,7.9%,6.1%,<a href=https://npb.jp/bis/eng/teams/index_m.html>Lotte</a>,EL
Motomae Fumiya,10,1,2,0,0,0,198,46.2,40,6,34,20,0,3,0,26,21,4.05,5.29,4.09,1.29,91,124,107,-1.24,3.0%,17.2%,10.1%,7.1%,<a href=https://npb.jp/bis/eng/teams/index_m.html>Lotte</a>,EL
Nagashimada Kirato,3,0,0,0,0,0,17,2.0,1,0,1,10,0,0,0,4,3,13.50,17.60,10.09,5.50,27,413,264,-4.10,0.0%,5.9%,58.8%,-52.9%,<a href=https://npb.jp/bis/eng/teams/index_m.html>Lotte</a>,EL
Nakamori Shunsuke,6,1,0,0,0,0,77,20.0,14,0,15,2,0,2,0,3,2,0.90,2.70,3.11,0.80,408,63,81,-1.80,0.0%,19.5%,2.6%,16.9%,<a href=https://npb.jp/bis/eng/teams/index_m.html>Lotte</a>,EL
Nakamura Toshiya,27,3,0,1,0,0,132,32.1,29,0,29,3,0,1,1,14,14,3.90,2.17,2.83,0.99,94,51,74,1.73,0.0%,22.0%,2.3%,19.7%,<a href=https://npb.jp/bis/eng/teams/index_m.html>Lotte</a>,EL
Narita Kakeru,46,3,0,1,0,0,165,39.2,22,2,27,13,0,8,1,14,10,2.27,4.48,3.95,0.88,162,105,103,-2.21,1.2%,16.4%,7.9%,8.5%,<a href=https://npb.jp/bis/eng/teams/index_m.html>Lotte</a>,EL
Nishino Yuji,3,0,0,0,0,0,11,3.0,1,0,4,1,0,0,0,0,0,0.00,1.93,2.07,0.67,999,45,54,-1.93,0.0%,36.4%,9.1%,27.3%,<a href=https://npb.jp/bis/eng/teams/index_m.html>Lotte</a>,EL
Ono Fumiya,1,0,0,0,0,0,4,1.0,0,0,1,1,0,0,0,0,0,0.00,4.60,4.80,1.00,999,108,126,-4.60,0.0%,25.0%,25.0%,0.0%,<a href=https://npb.jp/bis/eng/teams/index_m.html>Lotte</a>,EL
Onuma Kenta,13,0,1,2,0,0,77,15.0,24,4,11,10,0,1,0,16,16,9.60,7.80,4.67,2.27,38,183,122,1.80,5.2%,14.3%,13.0%,1.3%,<a href=https://npb.jp/bis/eng/teams/index_m.html>Lotte</a>,EL
Osuna Roberto,3,0,0,0,0,0,14,3.0,5,0,5,0,0,0,0,2,2,6.00,0.26,1.23,1.67,61,6,32,5.74,0.0%,35.7%,0.0%,35.7%,<a href=https://npb.jp/bis/eng/teams/index_m.html>Lotte</a>,EL
Sakamoto Koshiro,4,0,1,0,0,0,23,4.1,5,1,4,4,0,0,2,3,3,6.23,7.52,4.80,2.08,59,177,126,-1.29,4.3%,17.4%,17.4%,0.0%,<a href=https://npb.jp/bis/eng/teams/index_m.html>Lotte</a>,EL
Sasaki Chihaya,20,2,0,2,0,0,79,20.0,14,0,11,4,0,1,0,2,2,0.90,3.25,3.91,0.90,408,76,102,-2.35,0.0%,13.9%,5.1%,8.8%,<a href=https://npb.jp/bis/eng/teams/index_m.html>Lotte</a>,EL
Sato Shoma,11,2,1,1,0,0,199,50.1,48,6,29,11,0,0,0,19,16,2.86,4.65,3.90,1.17,128,109,102,-1.79,3.0%,14.6%,5.5%,9.1%,<a href=https://npb.jp/bis/eng/teams/index_m.html>Lotte</a>,EL
Suzuki Shota,17,5,5,0,0,0,328,77.1,80,4,68,19,0,1,1,28,24,2.79,3.29,3.31,1.28,132,77,87,-0.50,1.2%,20.7%,5.8%,14.9%,<a href=https://npb.jp/bis/eng/teams/index_m.html>Lotte</a>,EL
Tanaka Fuki,2,0,0,0,0,0,10,1.2,3,0,2,3,0,0,2,2,1,5.40,6.60,5.80,3.60,68,155,152,-1.20,0.0%,20.0%,30.0%,-10.0%,<a href=https://npb.jp/bis/eng/teams/index_m.html>Lotte</a>,EL
Tanaka Yasuhiro,23,3,1,1,0,0,102,25.0,23,1,20,4,0,0,3,8,6,2.16,3.00,3.23,1.08,170,70,85,-0.84,1.0%,19.6%,3.9%,15.7%,<a href=https://npb.jp/bis/eng/teams/index_m.html>Lotte</a>,EL
Taneichi Atsuki,16,6,2,0,0,0,253,62.1,44,4,62,24,0,2,5,26,20,2.89,3.69,3.30,1.09,127,87,86,-0.80,1.6%,24.5%,9.5%,15.0%,<a href=https://npb.jp/bis/eng/teams/index_m.html>Lotte</a>,EL
Tojo Taiki,2,1,0,0,0,0,7,2.0,0,0,2,1,0,0,0,0,0,0.00,3.10,3.37,0.50,999,73,88,-3.10,0.0%,28.6%,14.3%,14.3%,<a href=https://npb.jp/bis/eng/teams/index_m.html>Lotte</a>,EL
Yagi Akira,16,1,1,3,0,0,68,16.0,15,3,19,5,0,0,0,10,10,5.63,4.60,2.74,1.25,65,108,72,1.03,4.4%,27.9%,7.4%,20.5%,<a href=https://npb.jp/bis/eng/teams/index_m.html>Lotte</a>,EL
Yamamoto Daiki,27,2,1,6,0,0,121,31.1,21,2,19,9,0,0,2,12,10,2.87,4.07,3.97,0.96,128,96,104,-1.20,1.7%,15.7%,7.4%,8.3%,<a href=https://npb.jp/bis/eng/teams/index_m.html>Lotte</a>,EL
Yokoyama Rikuto,35,2,3,5,0,0,181,40.0,44,2,47,17,0,3,4,25,18,4.05,3.40,3.14,1.52,91,80,82,0.65,1.1%,26.0%,9.4%,16.6%,<a href=https://npb.jp/bis/eng/teams/index_m.html>Lotte</a>,EL
Akiyoshi Ryo,14,0,1,2,0,0,63,14.0,15,0,16,5,1,1,0,5,3,1.93,2.60,3.05,1.43,191,61,80,-0.67,0.0%,25.4%,7.9%,17.5%,<a href=https://npb.jp/bis/eng/teams/index_h.html>SoftBank</a>,WL
Bandoh Yugo,12,2,1,1,0,0,130,33.2,27,1,27,5,0,0,0,12,9,2.41,2.82,3.11,0.95,153,66,81,-0.41,0.8%,20.8%,3.8%,17.0%,<a href=https://npb.jp/bis/eng/teams/index_h.html>SoftBank</a>,WL
Chatwood Tyler,6,2,0,0,0,0,107,24.1,18,0,18,21,0,2,3,9,7,2.59,4.95,5.08,1.60,143,116,133,-2.36,0.0%,16.8%,19.6%,-2.8%,<a href=https://npb.jp/bis/eng/teams/index_h.html>SoftBank</a>,WL
Felix Mailon,12,0,1,0,0,0,75,17.1,13,2,12,10,0,3,2,8,7,3.63,5.96,4.53,1.33,102,139,119,-2.33,2.7%,16.0%,13.3%,2.7%,<a href=https://npb.jp/bis/eng/teams/index_h.html>SoftBank</a>,WL
Fujii Kouya,2,0,0,0,0,0,7,2.0,1,0,4,0,0,0,0,0,0,0.00,-0.40,-0.91,0.50,999,-9,-24,0.40,0.0%,57.1%,0.0%,57.1%,<a href=https://npb.jp/bis/eng/teams/index_h.html>SoftBank</a>,WL
Ishikawa Shuta,1,0,1,0,0,0,21,5.0,4,0,1,1,0,1,0,1,1,1.80,4.40,4.80,1.00,205,103,126,-2.60,0.0%,4.8%,4.8%,0.0%,<a href=https://npb.jp/bis/eng/teams/index_h.html>SoftBank</a>,WL
Izumi Keisuke,34,1,1,4,0,0,157,37.0,33,1,21,15,0,1,3,18,14,3.41,4.11,4.42,1.30,108,96,116,-0.70,0.6%,13.4%,9.6%,3.8%,<a href=https://npb.jp/bis/eng/teams/index_h.html>SoftBank</a>,WL
Kaino Hiroshi,24,1,1,3,0,0,103,24.1,16,1,33,15,0,0,0,9,7,2.59,3.27,3.05,1.27,143,76,80,-0.68,1.0%,32.0%,14.6%,17.4%,<a href=https://npb.jp/bis/eng/teams/index_h.html>SoftBank</a>,WL
Kasaya Shunsuke,18,1,2,0,0,0,129,31.2,15,0,43,16,0,2,1,10,9,2.56,2.59,2.71,0.98,144,61,71,-0.03,0.0%,33.3%,12.4%,20.9%,<a href=https://npb.jp/bis/eng/teams/index_h.html>SoftBank</a>,WL
Kayama Shinya,1,1,0,0,0,0,4,1.0,0,0,0,1,0,0,0,0,0,0.00,6.60,7.30,1.00,999,154,191,-6.60,0.0%,0.0%,25.0%,-25.0%,<a href=https://npb.jp/bis/eng/teams/index_h.html>SoftBank</a>,WL
Kimura Taisei,6,0,0,0,0,0,32,7.0,7,0,10,4,0,0,2,6,5,6.43,2.45,2.92,1.57,57,57,76,3.98,0.0%,31.2%,12.5%,18.7%,<a href=https://npb.jp/bis/eng/teams/index_h.html>SoftBank</a>,WL
Matayoshi Katsuki,2,0,0,0,0,0,8,2.0,2,0,1,0,0,0,0,0,0,0.00,2.60,3.55,1.00,999,61,93,-2.60,0.0%,12.5%,0.0%,12.5%,<a href=https://npb.jp/bis/eng/teams/index_h.html>SoftBank</a>,WL
Matsumoto Yuki,4,0,1,0,0,0,37,8.0,8,0,7,6,0,0,1,6,5,5.63,4.10,4.53,1.75,66,96,119,1.53,0.0%,18.9%,16.2%,2.7%,<a href=https://npb.jp/bis/eng/teams/index_h.html>SoftBank</a>,WL
Miura Mizuki,11,4,0,0,0,0,221,52.0,55,3,35,15,0,2,1,16,15,2.60,3.98,3.90,1.35,142,93,102,-1.38,1.4%,15.8%,6.8%,9.0%,<a href=https://npb.jp/bis/eng/teams/index_h.html>SoftBank</a>,WL
Mori Yuito,11,0,1,2,0,0,39,10.2,8,0,6,0,0,0,1,2,2,1.69,2.47,3.26,0.75,218,58,85,-0.78,0.0%,15.4%,0.0%,15.4%,<a href=https://npb.jp/bis/eng/teams/index_h.html>SoftBank</a>,WL
Murakami Shun,1,1,0,0,0,0,9,2.0,1,0,3,2,0,0,0,0,0,0.00,3.60,3.69,1.50,999,84,97,-3.60,0.0%,33.3%,22.2%,11.1%,<a href=https://npb.jp/bis/eng/teams/index_h.html>SoftBank</a>,WL
Nakamichi Yuya,11,1,1,0,0,0,111,26.2,30,1,18,9,0,1,2,17,15,5.06,3.86,3.99,1.46,73,90,104,1.20,0.9%,16.2%,8.1%,8.1%,<a href=https://npb.jp/bis/eng/teams/index_h.html>SoftBank</a>,WL
Nakamura Ryota,41,2,1,0,0,0,174,41.1,28,2,43,18,0,4,3,15,13,2.83,3.74,3.36,1.11,130,87,88,-0.91,1.1%,24.7%,10.3%,14.4%,<a href=https://npb.jp/bis/eng/teams/index_h.html>SoftBank</a>,WL
Ogata Shuto,33,3,3,10,0,0,142,35.0,27,2,40,10,0,1,0,11,8,2.06,3.00,2.69,1.06,179,70,70,-0.94,1.4%,28.2%,7.0%,21.2%,<a href=https://npb.jp/bis/eng/teams/index_h.html>SoftBank</a>,WL
Ohshiro Shinno,1,0,0,0,0,0,12,2.0,6,0,1,0,0,0,0,3,3,13.50,2.60,3.97,3.00,27,61,104,10.90,0.0%,8.3%,0.0%,8.3%,<a href=https://npb.jp/bis/eng/teams/index_h.html>SoftBank</a>,WL
Ohtake Koutaro,14,4,1,0,1,1,309,78.1,64,7,50,12,0,3,2,27,25,2.87,4.06,3.57,0.97,129,95,93,-1.19,2.3%,16.2%,3.9%,12.3%,<a href=https://npb.jp/bis/eng/teams/index_h.html>SoftBank</a>,WL
Ohzeki Tomohisa,4,1,0,0,0,0,28,8.0,5,0,3,0,0,0,0,1,1,1.13,2.85,3.73,0.62,327,67,98,-1.72,0.0%,10.7%,0.0%,10.7%,<a href=https://npb.jp/bis/eng/teams/index_h.html>SoftBank</a>,WL
Okamoto Naoya,21,4,0,0,0,0,141,34.2,25,0,29,14,0,0,1,8,6,1.56,3.13,3.74,1.13,237,73,98,-1.57,0.0%,20.6%,9.9%,10.7%,<a href=https://npb.jp/bis/eng/teams/index_h.html>SoftBank</a>,WL
Okumura Masato,15,6,3,0,1,1,270,63.0,61,2,48,20,0,3,3,25,22,3.14,3.58,3.76,1.29,118,84,98,-0.44,0.7%,17.8%,7.4%,10.4%,<a href=https://npb.jp/bis/eng/teams/index_h.html>SoftBank</a>,WL
Rea Colin,3,1,0,0,0,0,42,11.0,7,0,12,2,0,0,0,1,0,0.00,1.96,2.42,0.82,999,46,63,-1.96,0.0%,28.6%,4.8%,23.8%,<a href=https://npb.jp/bis/eng/teams/index_h.html>SoftBank</a>,WL
Satoh Hiroki,2,0,1,0,0,0,25,4.0,4,1,6,7,0,2,1,8,8,18.00,10.60,5.20,2.75,21,248,136,7.40,4.0%,24.0%,28.0%,-4.0%,<a href=https://npb.jp/bis/eng/teams/index_h.html>SoftBank</a>,WL
Satoh Takuma,1,1,0,0,0,0,20,5.0,3,0,4,3,0,1,2,0,0,0.00,4.40,4.30,1.20,999,103,113,-4.40,0.0%,20.0%,15.0%,5.0%,<a href=https://npb.jp/bis/eng/teams/index_h.html>SoftBank</a>,WL
Senga Koudai,1,0,0,0,0,0,13,4.0,1,0,3,1,0,0,0,0,0,0.00,2.85,3.26,0.50,999,67,85,-2.85,0.0%,23.1%,7.7%,15.4%,<a href=https://npb.jp/bis/eng/teams/index_h.html>SoftBank</a>,WL
Shigeta Tomoaki,44,7,3,4,0,0,272,61.0,52,2,69,31,1,7,5,26,21,3.10,3.63,3.40,1.36,119,85,89,-0.53,0.7%,25.4%,11.4%,14.0%,<a href=https://npb.jp/bis/eng/teams/index_h.html>SoftBank</a>,WL
Shiino Arata,23,0,1,1,0,0,90,23.2,17,1,23,8,0,1,0,5,5,1.90,3.34,3.13,1.06,194,78,82,-1.44,1.1%,25.6%,8.9%,16.7%,<a href=https://npb.jp/bis/eng/teams/index_h.html>SoftBank</a>,WL
Stewart Jr. Carter,14,3,5,1,0,0,236,53.2,37,4,52,42,0,2,9,21,19,3.19,5.09,4.38,1.47,116,119,115,-1.90,1.7%,22.0%,17.8%,4.2%,<a href=https://npb.jp/bis/eng/teams/index_h.html>SoftBank</a>,WL
Sugiyama Kazuki,14,5,2,0,0,0,254,61.0,46,6,65,34,0,3,2,25,22,3.25,4.56,3.58,1.31,114,107,94,-1.31,2.4%,25.6%,13.4%,12.2%,<a href=https://npb.jp/bis/eng/teams/index_h.html>SoftBank</a>,WL
Takahashi Jumpei,23,2,1,0,0,0,129,27.2,27,2,24,20,0,1,3,16,12,3.90,5.08,4.49,1.70,95,119,118,-1.18,1.6%,18.6%,15.5%,3.1%,<a href=https://npb.jp/bis/eng/teams/index_h.html>SoftBank</a>,WL
Takahashi Rei,13,3,3,1,0,0,254,58.2,56,2,38,19,0,3,0,25,24,3.68,3.87,4.05,1.28,100,90,106,-0.19,0.8%,15.0%,7.5%,7.5%,<a href=https://npb.jp/bis/eng/teams/index_h.html>SoftBank</a>,WL
Takeda Shota,5,3,1,0,0,0,92,22.0,24,1,25,6,0,0,0,13,13,5.32,2.73,2.73,1.36,69,64,71,2.59,1.1%,27.2%,6.5%,20.7%,<a href=https://npb.jp/bis/eng/teams/index_h.html>SoftBank</a>,WL
Tanaka Seigi,6,0,0,1,0,0,24,6.0,5,0,5,1,0,0,1,3,2,3.00,2.43,3.13,1.00,123,57,82,0.57,0.0%,20.8%,4.2%,16.6%,<a href=https://npb.jp/bis/eng/teams/index_h.html>SoftBank</a>,WL
Tanoue Sota,17,5,6,0,0,0,364,83.0,82,4,51,40,1,3,4,40,32,3.47,4.55,4.50,1.47,106,106,118,-1.08,1.1%,14.0%,11.0%,3.0%,<a href=https://npb.jp/bis/eng/teams/index_h.html>SoftBank</a>,WL
Taura Fumimaru,30,1,1,1,0,0,122,27.0,33,2,22,9,1,2,2,14,14,4.67,4.15,3.73,1.56,79,97,98,0.52,1.6%,18.0%,7.4%,10.6%,<a href=https://npb.jp/bis/eng/teams/index_h.html>SoftBank</a>,WL
Wada Tsuyoshi,2,0,0,0,0,0,41,10.2,10,0,7,1,0,0,0,1,1,0.84,2.56,3.34,1.03,440,60,87,-1.72,0.0%,17.1%,2.4%,14.7%,<a href=https://npb.jp/bis/eng/teams/index_h.html>SoftBank</a>,WL
Anraku Tomohiro,5,0,0,0,0,0,16,5.0,3,0,4,0,0,0,1,0,0,0.00,2.00,2.30,0.60,999,48,60,-2.00,0.0%,25.0%,0.0%,25.0%,<a href=https://npb.jp/bis/eng/teams/index_e.html>Rakuten</a>,EL
Busenitz Alan,2,0,0,0,0,0,8,2.0,1,0,3,0,0,0,0,0,0,0.00,0.60,1.05,0.50,999,14,27,-0.60,0.0%,37.5%,0.0%,37.5%,<a href=https://npb.jp/bis/eng/teams/index_e.html>Rakuten</a>,EL
Fujihira Shoma,12,4,0,0,0,0,183,43.1,46,7,34,16,0,2,1,19,19,3.95,5.37,3.82,1.43,92,128,100,-1.42,3.8%,18.6%,8.7%,9.9%,<a href=https://npb.jp/bis/eng/teams/index_e.html>Rakuten</a>,EL
Fujii Masaru,15,6,4,0,0,0,354,84.1,88,6,60,20,0,4,5,32,30,3.20,3.95,3.67,1.28,113,94,96,-0.75,1.7%,16.9%,5.6%,11.3%,<a href=https://npb.jp/bis/eng/teams/index_e.html>Rakuten</a>,EL
Fukui Yuya,20,1,1,0,0,0,88,19.2,21,2,21,5,0,1,1,10,3,1.37,3.70,2.98,1.32,264,88,78,-2.33,2.3%,23.9%,5.7%,18.2%,<a href=https://npb.jp/bis/eng/teams/index_e.html>Rakuten</a>,EL
Fukumori Yoma,9,1,0,0,0,0,39,7.2,3,0,8,14,0,0,4,5,5,5.87,6.99,6.34,2.22,62,167,166,-1.12,0.0%,20.5%,35.9%,-15.4%,<a href=https://npb.jp/bis/eng/teams/index_e.html>Rakuten</a>,EL
Fukuyama Hiroyuki,27,0,3,0,0,0,118,27.2,27,3,17,4,0,2,1,13,12,3.90,4.43,3.70,1.12,93,106,97,-0.53,2.5%,14.4%,3.4%,11.0%,<a href=https://npb.jp/bis/eng/teams/index_e.html>Rakuten</a>,EL
Hayakawa Takahisa,2,2,0,0,0,0,44,13.1,3,0,15,1,0,0,0,0,0,0.00,1.57,1.62,0.30,999,37,42,-1.57,0.0%,34.1%,2.3%,31.8%,<a href=https://npb.jp/bis/eng/teams/index_e.html>Rakuten</a>,EL
Hikiji Shuichiro,8,1,3,0,0,0,100,21.0,20,1,8,18,0,2,0,16,16,6.86,6.31,5.80,1.81,53,150,152,0.55,1.0%,8.0%,18.0%,-10.0%,<a href=https://npb.jp/bis/eng/teams/index_e.html>Rakuten</a>,EL
Ishibashi Ryota,14,2,0,0,0,0,70,13.1,28,2,10,3,0,1,1,17,17,11.48,4.95,3.80,2.33,32,118,99,6.53,2.9%,14.3%,4.3%,10.0%,<a href=https://npb.jp/bis/eng/teams/index_e.html>Rakuten</a>,EL
Ishida Shun,10,1,0,1,0,0,45,9.0,11,2,4,7,0,0,2,8,7,7.00,7.93,5.47,2.00,52,189,143,-0.93,4.4%,8.9%,15.6%,-6.7%,<a href=https://npb.jp/bis/eng/teams/index_e.html>Rakuten</a>,EL
Kamata Yoshinao,22,1,4,0,0,0,175,38.0,36,2,24,21,0,4,2,13,12,2.84,4.99,4.63,1.50,127,119,121,-2.15,1.1%,13.7%,12.0%,1.7%,<a href=https://npb.jp/bis/eng/teams/index_e.html>Rakuten</a>,EL
Karashima Wataru,6,4,0,0,0,0,113,30.0,21,0,24,2,0,0,0,2,1,0.30,2.20,2.85,0.77,1207,52,75,-1.90,0.0%,21.2%,1.8%,19.4%,<a href=https://npb.jp/bis/eng/teams/index_e.html>Rakuten</a>,EL
Komine Shinri,22,1,0,2,0,0,107,23.2,22,1,16,14,0,1,5,13,10,3.80,4.69,4.61,1.52,95,112,121,-0.89,0.9%,15.0%,13.1%,1.9%,<a href=https://npb.jp/bis/eng/teams/index_e.html>Rakuten</a>,EL
Matsui Tomotaka,15,6,1,0,0,0,309,76.2,53,1,68,29,0,2,1,14,10,1.17,3.20,3.54,1.07,309,76,93,-2.03,0.3%,22.0%,9.4%,12.6%,<a href=https://npb.jp/bis/eng/teams/index_e.html>Rakuten</a>,EL
Miyamori Satoshi,24,0,3,17,0,0,97,22.0,20,0,22,10,0,1,0,10,9,3.68,3.10,3.56,1.36,98,74,93,0.58,0.0%,22.7%,10.3%,12.4%,<a href=https://npb.jp/bis/eng/teams/index_e.html>Rakuten</a>,EL
Mori Yudai,9,1,0,0,0,0,46,9.1,7,1,6,13,0,1,0,4,3,2.89,8.20,6.32,2.14,125,195,165,-5.31,2.2%,13.0%,28.3%,-15.3%,<a href=https://npb.jp/bis/eng/teams/index_e.html>Rakuten</a>,EL
Morihara Kohei,14,0,1,1,0,0,57,14.0,13,0,13,2,0,0,0,4,4,2.57,2.17,2.87,1.07,141,52,75,0.40,0.0%,22.8%,3.5%,19.3%,<a href=https://npb.jp/bis/eng/teams/index_e.html>Rakuten</a>,EL
Nishigaki Masaya,11,0,0,1,0,0,44,11.0,10,1,14,1,0,1,1,5,5,4.09,2.78,1.85,1.00,89,66,48,1.31,2.3%,31.8%,2.3%,29.5%,<a href=https://npb.jp/bis/eng/teams/index_e.html>Rakuten</a>,EL
Nishiguchi Naoto,4,0,0,0,0,0,14,4.0,2,0,2,1,0,0,0,1,1,2.25,3.35,4.09,0.75,161,80,107,-1.10,0.0%,14.3%,7.1%,7.2%,<a href=https://npb.jp/bis/eng/teams/index_e.html>Rakuten</a>,EL
Norimoto Takahiro,1,0,0,0,0,0,22,4.0,7,2,5,3,0,0,1,4,4,9.00,9.85,3.89,2.50,40,235,102,-0.85,9.1%,22.7%,13.6%,9.1%,<a href=https://npb.jp/bis/eng/teams/index_e.html>Rakuten</a>,EL
Sakai Tomohito,5,0,0,0,0,0,17,5.0,2,1,3,0,0,0,0,2,2,3.60,5.00,3.04,0.40,101,119,80,-1.40,5.9%,17.6%,0.0%,17.6%,<a href=https://npb.jp/bis/eng/teams/index_e.html>Rakuten</a>,EL
Satoh Tomoki,11,1,0,0,0,0,100,20.1,30,3,19,8,0,1,2,20,15,6.64,4.97,3.70,1.87,55,118,97,1.67,3.0%,19.0%,8.0%,11.0%,<a href=https://npb.jp/bis/eng/teams/index_e.html>Rakuten</a>,EL
Seimiya Kotaro,5,0,0,0,0,0,27,4.2,7,1,3,5,0,0,0,8,6,11.57,8.31,5.54,2.57,31,198,145,3.26,3.7%,11.1%,18.5%,-7.4%,<a href=https://npb.jp/bis/eng/teams/index_e.html>Rakuten</a>,EL
Sung Chia-Hao,9,2,0,0,0,0,42,9.0,11,1,6,4,0,0,0,4,3,3.00,5.04,4.32,1.67,121,120,113,-2.04,2.4%,14.3%,9.5%,4.8%,<a href=https://npb.jp/bis/eng/teams/index_e.html>Rakuten</a>,EL
Suzuki Sora,8,3,1,0,0,0,113,29.2,19,1,42,9,0,0,0,6,6,1.82,2.11,1.88,0.94,199,50,49,-0.29,0.9%,37.2%,8.0%,29.2%,<a href=https://npb.jp/bis/eng/teams/index_e.html>Rakuten</a>,EL
Tai Katsutoshi,2,0,0,0,0,0,17,3.0,2,0,4,6,0,0,0,2,2,6.00,6.93,5.98,2.67,60,165,157,-0.93,0.0%,23.5%,35.3%,-11.8%,<a href=https://npb.jp/bis/eng/teams/index_e.html>Rakuten</a>,EL
Takada Koichi,19,11,2,1,0,0,434,108.0,86,8,72,34,0,3,0,29,27,2.25,4.25,3.92,1.11,161,101,103,-2.00,1.8%,16.6%,7.8%,8.8%,<a href=https://npb.jp/bis/eng/teams/index_e.html>Rakuten</a>,EL
Takata Hosei,33,0,3,8,0,0,127,29.1,28,5,24,10,0,0,3,19,18,5.52,5.20,3.70,1.30,66,124,97,0.32,3.9%,18.9%,7.9%,11.0%,<a href=https://npb.jp/bis/eng/teams/index_e.html>Rakuten</a>,EL
Takinaka Ryota,8,3,4,0,0,0,174,44.0,44,5,25,4,0,1,0,13,12,2.45,4.28,3.59,1.09,148,102,94,-1.83,2.9%,14.4%,2.3%,12.1%,<a href=https://npb.jp/bis/eng/teams/index_e.html>Rakuten</a>,EL
Teraoka Kanji,27,1,1,0,0,0,109,24.2,21,3,18,13,0,3,1,10,6,2.19,5.66,4.34,1.38,165,135,114,-3.47,2.8%,16.5%,11.9%,4.6%,<a href=https://npb.jp/bis/eng/teams/index_e.html>Rakuten</a>,EL
Tsurusaki Taisei,25,3,0,0,0,0,102,25.2,18,4,22,10,0,0,0,10,10,3.51,5.08,3.62,1.09,103,121,95,-1.57,3.9%,21.6%,9.8%,11.8%,<a href=https://npb.jp/bis/eng/teams/index_e.html>Rakuten</a>,EL
Uchi Seiryu,15,0,3,2,0,0,114,23.1,30,4,17,13,0,1,2,23,22,8.49,6.17,4.45,1.84,43,147,116,2.32,3.5%,14.9%,11.4%,3.5%,<a href=https://npb.jp/bis/eng/teams/index_e.html>Rakuten</a>,EL
Uchima Takuma,25,3,0,1,0,0,115,25.0,20,2,26,17,0,4,4,17,15,5.40,5.08,4.02,1.48,67,121,105,0.32,1.7%,22.6%,14.8%,7.8%,<a href=https://npb.jp/bis/eng/teams/index_e.html>Rakuten</a>,EL
Wakui Hideaki,6,2,0,0,0,0,81,22.0,14,0,20,3,0,0,0,3,2,0.82,2.19,2.70,0.77,441,52,71,-1.37,0.0%,24.7%,3.7%,21.0%,<a href=https://npb.jp/bis/eng/teams/index_e.html>Rakuten</a>,EL
Wang Yan-Cheng,12,2,4,0,0,0,260,60.2,63,5,45,25,0,6,2,28,28,4.15,4.72,4.03,1.45,87,113,105,-0.57,1.9%,17.3%,9.6%,7.7%,<a href=https://npb.jp/bis/eng/teams/index_e.html>Rakuten</a>,EL
Watanabe Yuki,31,3,0,0,0,0,114,27.0,17,0,25,14,0,6,2,5,5,1.67,3.97,3.84,1.15,217,95,101,-2.30,0.0%,21.9%,12.3%,9.6%,<a href=https://npb.jp/bis/eng/teams/index_e.html>Rakuten</a>,EL
Yoshikawa Kazuki,23,1,1,0,0,0,117,31.1,18,0,22,9,0,0,0,5,5,1.44,3.05,3.69,0.86,251,73,97,-1.61,0.0%,18.8%,7.7%,11.1%,<a href=https://npb.jp/bis/eng/teams/index_e.html>Rakuten</a>,EL
Yuge Hayato,29,3,3,0,0,0,176,44.0,36,3,31,6,0,2,0,16,14,2.86,3.62,3.38,0.95,127,86,88,-0.76,1.7%,17.6%,3.4%,14.2%,<a href=https://npb.jp/bis/eng/teams/index_e.html>Rakuten</a>,EL
Akagami Yuto,23,3,3,2,1,0,317,74.1,69,3,65,30,0,5,4,32,27,3.27,3.78,3.70,1.33,112,89,97,-0.51,0.9%,20.5%,9.5%,11.0%,<a href=https://npb.jp/bis/eng/teams/index_l.html>Seibu</a>,EL
Awatsu Kaito,10,0,0,0,0,0,50,10.2,9,2,12,7,0,3,1,6,4,3.38,6.60,3.80,1.50,109,155,99,-3.22,4.0%,24.0%,14.0%,10.0%,<a href=https://npb.jp/bis/eng/teams/index_l.html>Seibu</a>,EL
Enns Dietrich,2,0,0,0,0,0,33,8.0,4,0,10,5,0,1,1,0,0,0.00,3.35,3.28,1.12,999,79,86,-3.35,0.0%,30.3%,15.2%,15.1%,<a href=https://npb.jp/bis/eng/teams/index_l.html>Seibu</a>,EL
Hada Shinnosuke,5,0,2,0,0,0,34,7.2,9,1,6,3,0,0,1,7,6,7.04,4.90,3.92,1.57,52,115,103,2.14,2.9%,17.6%,8.8%,8.8%,<a href=https://npb.jp/bis/eng/teams/index_l.html>Seibu</a>,EL
Hamaya Shota,14,5,4,0,1,0,352,77.0,97,11,37,30,0,4,5,48,46,5.38,5.82,4.60,1.65,68,137,120,-0.44,3.1%,10.5%,8.5%,2.0%,<a href=https://npb.jp/bis/eng/teams/index_l.html>Seibu</a>,EL
Herrera Jasier,10,4,2,0,0,0,254,62.0,56,3,43,20,0,2,1,22,20,2.90,3.90,3.89,1.23,127,92,102,-1.00,1.2%,16.9%,7.9%,9.0%,<a href=https://npb.jp/bis/eng/teams/index_l.html>Seibu</a>,EL
Hirai Katsunori,4,0,1,0,0,0,61,15.0,14,0,13,3,0,0,0,4,3,1.80,2.46,3.16,1.13,204,58,83,-0.66,0.0%,21.3%,4.9%,16.4%,<a href=https://npb.jp/bis/eng/teams/index_l.html>Seibu</a>,EL
Honda Keisuke,4,2,2,0,1,0,128,32.1,23,1,17,8,0,0,0,10,7,1.95,3.69,4.10,0.96,188,87,107,-1.74,0.8%,13.3%,6.2%,7.1%,<a href=https://npb.jp/bis/eng/teams/index_l.html>Seibu</a>,EL
Idei Toshihiro,28,2,6,0,0,0,374,76.2,98,9,64,48,0,4,4,58,47,5.52,5.49,4.37,1.90,67,129,114,0.03,2.4%,17.1%,12.8%,4.3%,<a href=https://npb.jp/bis/eng/teams/index_l.html>Seibu</a>,EL
Imai Tatsuya,6,1,0,0,0,0,75,19.2,9,0,28,8,0,0,0,2,2,0.92,1.97,2.13,0.86,399,46,56,-1.05,0.0%,37.3%,10.7%,26.6%,<a href=https://npb.jp/bis/eng/teams/index_l.html>Seibu</a>,EL
Inoue Hiroki,5,2,0,0,0,0,31,9.0,3,1,9,3,0,0,1,2,2,2.00,4.04,2.86,0.67,184,95,75,-2.04,3.2%,29.0%,9.7%,19.3%,<a href=https://npb.jp/bis/eng/teams/index_l.html>Seibu</a>,EL
Kumon Katsuhiko,9,0,0,0,0,0,32,9.1,4,0,7,2,0,1,0,3,2,1.93,3.06,3.24,0.64,190,72,85,-1.13,0.0%,21.9%,6.2%,15.7%,<a href=https://npb.jp/bis/eng/teams/index_l.html>Seibu</a>,EL
Kuroda Masaya,10,1,3,0,0,0,184,37.1,52,3,26,27,0,1,6,34,34,8.20,5.50,4.85,2.12,45,129,127,2.70,1.6%,14.1%,14.7%,-0.6%,<a href=https://npb.jp/bis/eng/teams/index_l.html>Seibu</a>,EL
Mameda Taishi,18,3,6,1,0,0,365,81.1,77,4,67,40,0,2,5,46,34,3.76,4.14,4.06,1.44,98,97,106,-0.38,1.1%,18.4%,11.0%,7.4%,<a href=https://npb.jp/bis/eng/teams/index_l.html>Seibu</a>,EL
Masuda Tatsushi,2,0,0,0,0,0,9,2.0,3,0,2,0,0,0,0,1,1,4.50,1.60,2.58,1.50,82,38,68,2.90,0.0%,22.2%,0.0%,22.2%,<a href=https://npb.jp/bis/eng/teams/index_l.html>Seibu</a>,EL
Matsumoto Wataru,3,1,0,0,0,0,52,13.0,11,1,6,4,0,0,0,5,3,2.08,4.60,4.42,1.15,177,108,116,-2.52,1.9%,11.5%,7.7%,3.8%,<a href=https://npb.jp/bis/eng/teams/index_l.html>Seibu</a>,EL
Matsuoka Kouki,31,1,4,2,0,0,196,42.1,45,4,47,25,0,3,5,30,28,5.95,4.59,3.68,1.65,62,108,96,1.36,2.0%,24.0%,12.8%,11.2%,<a href=https://npb.jp/bis/eng/teams/index_l.html>Seibu</a>,EL
Miyagawa Tetsu,2,0,0,0,0,0,8,2.0,2,0,4,0,0,0,0,0,0,0.00,-0.40,-0.20,1.00,999,-9,-5,0.40,0.0%,50.0%,0.0%,50.0%,<a href=https://npb.jp/bis/eng/teams/index_l.html>Seibu</a>,EL
Moriwaki Ryosuke,7,0,0,1,0,0,24,7.0,3,0,3,2,0,0,0,0,0,0.00,3.60,4.38,0.71,999,85,115,-3.60,0.0%,12.5%,8.3%,4.2%,<a href=https://npb.jp/bis/eng/teams/index_l.html>Seibu</a>,EL
Omagari Ren,20,0,1,2,0,0,100,19.2,27,1,18,16,0,3,3,14,14,6.41,5.32,4.60,2.19,57,125,120,1.09,1.0%,18.0%,16.0%,2.0%,<a href=https://npb.jp/bis/eng/teams/index_l.html>Seibu</a>,EL
Saito Hiromasa,15,1,4,2,0,0,88,16.0,24,2,8,15,0,1,3,23,17,9.56,7.22,5.60,2.44,38,170,147,2.34,2.3%,9.1%,17.0%,-7.9%,<a href=https://npb.jp/bis/eng/teams/index_l.html>Seibu</a>,EL
Sano Yasuo,28,2,2,0,0,0,219,46.2,59,4,32,22,0,2,2,31,25,4.82,4.88,4.34,1.74,76,115,114,-0.06,1.8%,14.6%,10.0%,4.6%,<a href=https://npb.jp/bis/eng/teams/index_l.html>Seibu</a>,EL
Sasaki Takeru,12,0,0,0,0,0,69,15.2,15,0,16,6,0,0,1,7,4,2.30,2.70,3.35,1.34,160,63,88,-0.40,0.0%,23.2%,8.7%,14.5%,<a href=https://npb.jp/bis/eng/teams/index_l.html>Seibu</a>,EL
Sato Shunsuke,5,1,1,0,0,0,82,18.0,23,4,12,8,0,0,0,15,15,7.50,6.48,4.31,1.72,49,152,113,1.02,4.9%,14.6%,9.8%,4.8%,<a href=https://npb.jp/bis/eng/teams/index_l.html>Seibu</a>,EL
Smith Burch,6,1,3,0,0,0,106,26.1,21,3,25,8,0,2,0,14,13,4.44,4.32,3.20,1.10,83,101,84,0.12,2.8%,23.6%,7.5%,16.1%,<a href=https://npb.jp/bis/eng/teams/index_l.html>Seibu</a>,EL
Sugai Shinya,3,0,0,0,0,0,12,3.0,3,0,1,0,0,0,0,1,1,3.00,2.93,3.97,1.00,122,69,104,0.07,0.0%,8.3%,0.0%,8.3%,<a href=https://npb.jp/bis/eng/teams/index_l.html>Seibu</a>,EL
Sumida Chihiro,5,0,0,0,0,0,83,21.0,15,0,32,7,0,0,0,4,4,1.71,1.55,1.79,1.05,215,36,47,0.16,0.0%,38.6%,8.4%,30.2%,<a href=https://npb.jp/bis/eng/teams/index_l.html>Seibu</a>,EL
Taira Kaima,5,0,0,0,0,0,16,5.0,1,0,10,1,0,0,0,0,0,0.00,0.20,-0.83,0.40,999,5,-22,-0.20,0.0%,62.5%,6.2%,56.3%,<a href=https://npb.jp/bis/eng/teams/index_l.html>Seibu</a>,EL
Takahashi Bo,9,2,0,1,0,0,52,10.2,13,0,11,6,0,1,0,9,9,7.59,3.50,3.84,1.78,48,82,101,4.09,0.0%,21.2%,11.5%,9.7%,<a href=https://npb.jp/bis/eng/teams/index_l.html>Seibu</a>,EL
Takekuma Shota,4,0,0,0,0,0,28,5.1,9,1,8,1,0,1,0,6,6,10.13,4.16,2.30,1.88,36,98,60,5.97,3.6%,28.6%,3.6%,25.0%,<a href=https://npb.jp/bis/eng/teams/index_l.html>Seibu</a>,EL
Tamura Ichiro,29,4,2,5,0,0,177,42.0,44,3,39,8,0,0,1,20,19,4.07,3.24,3.05,1.24,90,76,80,0.83,1.7%,22.0%,4.5%,17.5%,<a href=https://npb.jp/bis/eng/teams/index_l.html>Seibu</a>,EL
Togame Ken,18,2,4,1,0,0,160,34.0,46,6,29,13,0,1,1,34,27,7.15,5.42,3.80,1.74,51,127,99,1.73,3.8%,18.1%,8.1%,10.0%,<a href=https://npb.jp/bis/eng/teams/index_l.html>Seibu</a>,EL
Utsumi Tetsuya,9,2,2,0,0,0,138,34.1,34,2,16,10,0,0,1,11,10,2.62,4.30,4.37,1.28,140,101,114,-1.68,1.4%,11.6%,7.2%,4.4%,<a href=https://npb.jp/bis/eng/teams/index_l.html>Seibu</a>,EL
Watanabe Yutaro,16,6,6,1,0,0,386,85.1,103,6,55,35,0,3,2,56,37,3.90,4.56,4.28,1.62,94,107,112,-0.66,1.6%,14.2%,9.1%,5.1%,<a href=https://npb.jp/bis/eng/teams/index_l.html>Seibu</a>,EL
Yoza Kaito,5,1,0,0,0,0,61,17.0,6,0,17,4,0,0,0,0,0,0.00,2.30,2.67,0.59,999,54,70,-2.30,0.0%,27.9%,6.6%,21.3%,<a href=https://npb.jp/bis/eng/teams/index_l.html>Seibu</a>,EL
Fukuda Suguru,24,1,1,4,0,0,112,25.0,19,1,34,16,0,1,2,10,7,2.52,3.44,3.19,1.40,144,82,84,-0.92,0.9%,30.4%,14.3%,16.1%,<a href=https://npb.jp/bis/eng/teams/index_f.html>Nipponham</a>,EL
Fukushima Ren,14,1,0,0,0,0,74,16.0,11,0,14,16,0,1,2,9,9,5.06,5.03,5.07,1.69,72,120,133,0.03,0.0%,18.9%,21.6%,-2.7%,<a href=https://npb.jp/bis/eng/teams/index_f.html>Nipponham</a>,EL
Furukawa Yuri,8,0,0,0,0,0,32,8.0,6,0,11,2,0,0,1,0,0,0.00,1.60,1.99,1.00,999,38,52,-1.60,0.0%,34.4%,6.2%,28.2%,<a href=https://npb.jp/bis/eng/teams/index_f.html>Nipponham</a>,EL
Hasegawa Ryota,5,0,0,0,0,0,19,5.0,4,0,2,2,0,0,0,2,2,3.60,4.00,4.80,1.20,101,95,126,-0.40,0.0%,10.5%,10.5%,0.0%,<a href=https://npb.jp/bis/eng/teams/index_f.html>Nipponham</a>,EL
Hasegawa Takehiro,10,0,0,1,0,0,45,10.0,7,1,14,6,0,3,2,2,2,1.80,4.80,3.02,1.30,201,114,79,-3.00,2.2%,31.1%,13.3%,17.8%,<a href=https://npb.jp/bis/eng/teams/index_f.html>Nipponham</a>,EL
Himeno Yuya,20,0,1,0,0,0,96,20.1,18,1,15,16,0,0,4,16,14,6.20,5.12,4.90,1.67,58,122,128,1.08,1.0%,15.6%,16.7%,-1.1%,<a href=https://npb.jp/bis/eng/teams/index_f.html>Nipponham</a>,EL
Hori Mizuki,4,0,0,0,0,0,13,4.0,0,0,4,1,0,0,0,0,0,0.00,2.35,2.49,0.25,999,56,65,-2.35,0.0%,30.8%,7.7%,23.1%,<a href=https://npb.jp/bis/eng/teams/index_f.html>Nipponham</a>,EL
Iguchi Kazutomo,20,0,2,4,0,0,90,22.0,15,0,16,7,1,0,0,10,8,3.27,3.10,3.80,1.00,111,74,99,0.17,0.0%,17.8%,7.8%,10.0%,<a href=https://npb.jp/bis/eng/teams/index_f.html>Nipponham</a>,EL
Ikeda Takahide,13,2,1,0,0,0,211,51.2,49,12,46,15,0,2,1,25,21,3.66,5.82,3.33,1.24,99,139,87,-2.16,5.7%,21.8%,7.1%,14.7%,<a href=https://npb.jp/bis/eng/teams/index_f.html>Nipponham</a>,EL
Ishikawa Naoya,13,2,0,1,0,0,48,13.0,3,0,13,7,0,0,1,1,1,0.69,3.21,3.55,0.77,525,77,93,-2.52,0.0%,27.1%,14.6%,12.5%,<a href=https://npb.jp/bis/eng/teams/index_f.html>Nipponham</a>,EL
Kakigi Ren,27,1,4,1,0,0,155,34.1,49,3,23,10,0,2,1,25,24,6.29,4.44,3.96,1.72,58,106,104,1.85,1.9%,14.8%,6.5%,8.3%,<a href=https://npb.jp/bis/eng/teams/index_f.html>Nipponham</a>,EL
Kaneko Chihiro,14,7,3,0,0,0,303,76.0,69,7,53,13,0,0,1,26,21,2.49,3.91,3.48,1.08,145,93,91,-1.42,2.3%,17.5%,4.3%,13.2%,<a href=https://npb.jp/bis/eng/teams/index_f.html>Nipponham</a>,EL
Kawano Ryusei,12,1,3,2,0,0,143,36.0,34,6,32,2,0,1,0,19,16,4.00,4.23,2.70,1.00,90,101,71,-0.23,4.2%,22.4%,1.4%,21.0%,<a href=https://npb.jp/bis/eng/teams/index_f.html>Nipponham</a>,EL
Kitaura Ryuji,24,1,3,0,0,0,109,25.0,24,2,18,13,0,0,1,14,12,4.32,4.76,4.34,1.48,84,113,114,-0.44,1.8%,16.5%,11.9%,4.6%,<a href=https://npb.jp/bis/eng/teams/index_f.html>Nipponham</a>,EL
Kuroyanagi Kyosuke,14,1,1,1,0,0,66,15.0,11,2,16,8,0,1,0,5,5,3.00,5.00,3.59,1.27,121,119,94,-2.00,3.0%,24.2%,12.1%,12.1%,<a href=https://npb.jp/bis/eng/teams/index_f.html>Nipponham</a>,EL
Matsumoto Ryodai,22,1,3,1,0,0,110,25.1,25,3,23,13,0,0,3,12,8,2.84,4.86,3.89,1.50,127,116,102,-2.02,2.7%,20.9%,11.8%,9.1%,<a href=https://npb.jp/bis/eng/teams/index_f.html>Nipponham</a>,EL
Matsuura Keito,5,0,0,0,0,0,28,5.0,8,1,5,5,0,0,1,4,4,7.20,7.20,4.80,2.60,50,172,126,0.00,3.6%,17.9%,17.9%,0.0%,<a href=https://npb.jp/bis/eng/teams/index_f.html>Nipponham</a>,EL
Menez Conner,1,0,0,0,0,0,6,1.0,3,0,1,0,0,0,1,2,2,18.00,1.60,3.13,3.00,20,38,82,16.40,0.0%,16.7%,0.0%,16.7%,<a href=https://npb.jp/bis/eng/teams/index_f.html>Nipponham</a>,EL
Miyanishi Naoki,7,1,0,1,0,0,25,6.1,3,0,9,2,0,0,0,1,1,1.42,1.70,2.00,0.79,255,41,52,-0.28,0.0%,36.0%,8.0%,28.0%,<a href=https://npb.jp/bis/eng/teams/index_f.html>Nipponham</a>,EL
Mochizuki Daiki,23,1,1,1,0,0,96,24.0,20,2,24,5,1,0,0,9,7,2.63,3.30,2.82,1.04,138,79,74,-0.67,2.1%,25.0%,5.2%,19.8%,<a href=https://npb.jp/bis/eng/teams/index_f.html>Nipponham</a>,EL
Nabatame Tsubasa,9,1,0,0,0,0,120,29.0,31,4,17,6,0,2,0,14,14,4.34,5.04,3.88,1.28,83,120,102,-0.70,3.3%,14.2%,5.0%,9.2%,<a href=https://npb.jp/bis/eng/teams/index_f.html>Nipponham</a>,EL
Nemoto Haruka,10,2,4,0,0,0,190,48.1,30,6,54,13,0,1,2,14,12,2.23,3.84,2.64,0.89,162,92,69,-1.61,3.2%,28.4%,6.8%,21.6%,<a href=https://npb.jp/bis/eng/teams/index_f.html>Nipponham</a>,EL
Nishimura Takahiro,15,0,0,1,0,0,58,14.1,11,2,15,5,1,0,0,4,4,2.51,4.36,3.08,1.12,144,104,81,-1.85,3.4%,25.9%,8.6%,17.3%,<a href=https://npb.jp/bis/eng/teams/index_f.html>Nipponham</a>,EL
Ponce Cody,7,1,2,0,0,0,85,21.0,19,1,17,5,0,0,0,10,9,3.86,3.31,3.39,1.14,94,79,89,0.55,1.2%,20.0%,5.9%,14.1%,<a href=https://npb.jp/bis/eng/teams/index_f.html>Nipponham</a>,EL
Rodriguez Bryan,24,2,2,2,0,0,99,22.2,20,2,13,7,0,1,1,16,11,4.37,4.65,4.19,1.19,83,111,110,-0.28,2.0%,13.1%,7.1%,6.0%,<a href=https://npb.jp/bis/eng/teams/index_f.html>Nipponham</a>,EL
Saitoh Shinji,23,0,2,0,0,0,185,38.0,36,3,29,36,0,3,3,29,20,4.74,6.17,5.18,1.89,76,147,136,-1.43,1.6%,15.7%,19.5%,-3.8%,<a href=https://npb.jp/bis/eng/teams/index_f.html>Nipponham</a>,EL
Sugiura Toshihiro,7,3,3,0,0,0,158,40.1,27,1,29,10,0,1,3,14,11,2.45,3.30,3.60,0.92,148,79,94,-0.85,0.6%,18.4%,6.3%,12.1%,<a href=https://npb.jp/bis/eng/teams/index_f.html>Nipponham</a>,EL
Suzuki Kenya,18,1,0,1,0,0,79,22.0,5,0,22,7,0,1,0,1,1,0.41,2.69,2.90,0.55,883,64,76,-2.28,0.0%,27.8%,8.9%,18.9%,<a href=https://npb.jp/bis/eng/teams/index_f.html>Nipponham</a>,EL
Takayama Yuki,22,0,2,0,0,0,125,23.0,44,4,17,17,0,0,2,31,27,10.57,6.60,4.80,2.65,34,157,126,3.97,3.2%,13.6%,13.6%,0.0%,<a href=https://npb.jp/bis/eng/teams/index_f.html>Nipponham</a>,EL
Tamai Taisho,4,2,0,0,0,0,17,5.0,1,0,3,0,0,0,0,0,0,0.00,2.40,3.04,0.20,999,57,80,-2.40,0.0%,17.6%,0.0%,17.6%,<a href=https://npb.jp/bis/eng/teams/index_f.html>Nipponham</a>,EL
Tanaka Eito,18,4,8,0,0,0,330,77.0,75,7,51,26,0,2,1,40,38,4.44,4.54,4.04,1.31,82,108,106,-0.10,2.1%,15.5%,7.9%,7.6%,<a href=https://npb.jp/bis/eng/teams/index_f.html>Nipponham</a>,EL
Tanigawa Masaki,23,1,1,2,0,0,102,24.2,13,1,30,11,0,1,3,11,8,2.92,3.15,2.94,0.97,124,75,77,-0.23,1.0%,29.4%,10.8%,18.6%,<a href=https://npb.jp/bis/eng/teams/index_f.html>Nipponham</a>,EL
Tateno Kazuaki,10,1,4,0,0,0,167,35.2,54,5,26,8,0,1,1,22,19,4.79,4.72,3.72,1.74,76,113,97,0.07,3.0%,15.6%,4.8%,10.8%,<a href=https://npb.jp/bis/eng/teams/index_f.html>Nipponham</a>,EL
Tatsu Kota,13,0,4,0,0,0,123,27.1,20,2,25,25,0,0,1,20,19,6.26,5.46,4.80,1.65,58,130,126,0.80,1.6%,20.3%,20.3%,0.0%,<a href=https://npb.jp/bis/eng/teams/index_f.html>Nipponham</a>,EL
Uehara Kenta,6,0,0,0,1,0,63,18.0,9,0,12,2,0,0,0,0,0,0.00,2.60,3.21,0.61,999,62,84,-2.60,0.0%,19.0%,3.2%,15.8%,<a href=https://npb.jp/bis/eng/teams/index_f.html>Nipponham</a>,EL
Uwasawa Naoyuki,2,0,0,0,0,0,27,8.0,2,0,12,2,0,0,0,1,1,1.13,1.35,1.10,0.50,320,32,29,-0.22,0.0%,44.4%,7.4%,37.0%,<a href=https://npb.jp/bis/eng/teams/index_f.html>Nipponham</a>,EL
Yanagawa Taisei,3,0,0,0,0,0,14,3.0,2,0,2,3,0,0,0,1,1,3.00,5.26,5.51,1.67,121,125,144,-2.26,0.0%,14.3%,21.4%,-7.1%,<a href=https://npb.jp/bis/eng/teams/index_f.html>Nipponham</a>,EL
