Player,G,PA,AB,R,H,2B,3B,HR,TB,RBI,SB,CS,SH,SF,SO,BB,IBB,HP,GDP,AVG,OBP,SLG,OPS,OPS+,ISO,BABIP,TTO%,K%,BB%,BB/K,Team,League
Akiyama Takumi,13,1,1,0,0,0,0,0,0,0,0,0,0,0,0,0,0,0,1,0.000,0.000,0.000,0.000,-100,0.000,0.000,0.0%,0.0%,0.0%,,<a href=https://npb.jp/bis/eng/teams/index_t.html>Hanshin</a>,WL
Egoshi Taiga,70,293,237,47,53,9,5,7,93,26,8,2,7,1,99,43,0,5,6,0.224,0.353,0.392,0.745,115,0.168,0.348,50.9%,33.8%,14.7%,0.43,<a href=https://npb.jp/bis/eng/teams/index_t.html>Hanshin</a>,WL
Endo Jo,87,246,211,28,48,3,1,2,59,18,4,5,10,2,51,23,0,0,1,0.227,0.301,0.280,0.581,69,0.053,0.288,30.9%,20.7%,9.3%,0.45,<a href=https://npb.jp/bis/eng/teams/index_t.html>Hanshin</a>,WL
Fujita Kento,65,126,115,10,28,6,0,1,37,12,1,0,7,0,26,3,0,1,0,0.243,0.269,0.322,0.591,71,0.079,0.307,23.8%,20.6%,2.4%,0.12,<a href=https://npb.jp/bis/eng/teams/index_t.html>Hanshin</a>,WL
Haraguchi Fumihito,32,109,98,7,20,4,1,3,35,20,0,0,0,1,16,7,0,3,1,0.204,0.275,0.357,0.632,82,0.153,0.212,23.9%,14.7%,6.4%,0.44,<a href=https://npb.jp/bis/eng/teams/index_t.html>Hanshin</a>,WL
Hojoh Fumiya,21,68,55,7,14,4,0,2,24,9,1,0,3,0,8,10,0,0,1,0.255,0.369,0.436,0.805,132,0.181,0.267,29.4%,11.8%,14.7%,1.25,<a href=https://npb.jp/bis/eng/teams/index_t.html>Hanshin</a>,WL
Inoue Kouta,110,467,432,49,96,22,1,11,153,70,4,1,0,3,150,24,1,8,7,0.222,0.274,0.354,0.628,81,0.132,0.310,39.6%,32.1%,5.1%,0.16,<a href=https://npb.jp/bis/eng/teams/index_t.html>Hanshin</a>,WL
Itayama Yutaro,85,317,273,37,67,16,2,5,102,30,4,7,2,2,72,39,0,1,6,0.245,0.340,0.374,0.714,106,0.129,0.313,36.6%,22.7%,12.3%,0.54,<a href=https://npb.jp/bis/eng/teams/index_t.html>Hanshin</a>,WL
Itoh Masashi,4,2,2,0,0,0,0,0,0,0,0,0,0,0,1,0,0,0,0,0.000,0.000,0.000,0.000,-100,0.000,0.000,50.0%,50.0%,0.0%,0.00,<a href=https://npb.jp/bis/eng/teams/index_t.html>Hanshin</a>,WL
Itoi Yoshio,11,35,31,5,9,1,0,1,13,3,0,0,0,0,4,4,0,0,0,0.290,0.371,0.419,0.790,128,0.129,0.308,25.7%,11.4%,11.4%,1.00,<a href=https://npb.jp/bis/eng/teams/index_t.html>Hanshin</a>,WL
Katayama Yuya,75,174,156,15,32,4,0,1,39,11,1,0,3,2,43,13,0,0,4,0.205,0.263,0.250,0.513,49,0.045,0.272,32.8%,24.7%,7.5%,0.30,<a href=https://npb.jp/bis/eng/teams/index_t.html>Hanshin</a>,WL
Kinami Seiya,38,147,127,27,35,9,1,0,46,14,2,0,1,0,28,16,0,3,2,0.276,0.370,0.362,0.732,112,0.086,0.354,29.9%,19.0%,10.9%,0.57,<a href=https://npb.jp/bis/eng/teams/index_t.html>Hanshin</a>,WL
Kumagai Takahiro,16,49,42,5,14,1,1,0,17,8,4,0,3,1,8,3,0,0,1,0.333,0.370,0.405,0.775,123,0.072,0.400,22.4%,16.3%,6.1%,0.38,<a href=https://npb.jp/bis/eng/teams/index_t.html>Hanshin</a>,WL
Maegawa Ukyo,21,64,60,8,15,3,0,3,27,7,0,0,0,1,8,2,0,1,1,0.250,0.281,0.450,0.731,108,0.200,0.240,20.3%,12.5%,3.1%,0.25,<a href=https://npb.jp/bis/eng/teams/index_t.html>Hanshin</a>,WL
Marte Jefry,20,66,55,11,20,4,0,4,36,13,0,0,0,0,6,9,1,2,5,0.364,0.470,0.655,1.125,223,0.291,0.356,28.8%,9.1%,13.6%,1.50,<a href=https://npb.jp/bis/eng/teams/index_t.html>Hanshin</a>,WL
Nagasaka Kenya,16,48,40,5,6,2,0,0,8,2,1,0,1,0,12,7,0,0,3,0.150,0.277,0.200,0.477,40,0.050,0.214,39.6%,25.0%,14.6%,0.58,<a href=https://npb.jp/bis/eng/teams/index_t.html>Hanshin</a>,WL
Nakagawa Hayato,50,103,88,9,26,5,0,3,40,15,1,1,3,0,25,11,0,1,2,0.295,0.380,0.455,0.835,140,0.160,0.383,37.9%,24.3%,10.7%,0.44,<a href=https://npb.jp/bis/eng/teams/index_t.html>Hanshin</a>,WL
Obata Ryuhei,46,200,175,31,58,7,3,1,74,22,15,2,7,2,28,14,0,2,4,0.331,0.383,0.423,0.806,132,0.092,0.385,21.5%,14.0%,7.0%,0.50,<a href=https://npb.jp/bis/eng/teams/index_t.html>Hanshin</a>,WL
Ohyama Yusuke,1,3,2,0,0,0,0,0,0,0,0,0,0,0,1,1,0,0,0,0.000,0.333,0.000,0.333,2,0.000,0.000,66.7%,33.3%,33.3%,1.00,<a href=https://npb.jp/bis/eng/teams/index_t.html>Hanshin</a>,WL
Onodera Dan,57,217,193,23,55,10,0,2,71,23,2,3,2,1,39,19,0,2,3,0.285,0.353,0.368,0.721,108,0.083,0.346,27.6%,18.0%,8.8%,0.49,<a href=https://npb.jp/bis/eng/teams/index_t.html>Hanshin</a>,WL
Rodriguez Aderlin,21,78,71,9,22,3,0,4,37,12,0,0,0,0,16,6,0,1,2,0.310,0.372,0.521,0.893,156,0.211,0.353,33.3%,20.5%,7.7%,0.38,<a href=https://npb.jp/bis/eng/teams/index_t.html>Hanshin</a>,WL
Rojas Jr. Mel,11,43,37,5,13,5,0,1,21,11,0,1,0,0,10,6,0,0,1,0.351,0.442,0.568,1.010,190,0.217,0.462,39.5%,23.3%,14.0%,0.60,<a href=https://npb.jp/bis/eng/teams/index_t.html>Hanshin</a>,WL
Sakaeda Yuki,68,211,181,19,44,8,2,1,59,14,5,1,6,3,32,19,0,2,5,0.243,0.317,0.326,0.643,86,0.083,0.285,24.6%,15.2%,9.0%,0.59,<a href=https://npb.jp/bis/eng/teams/index_t.html>Hanshin</a>,WL
Sakamoto Seishiro,4,12,11,0,0,0,0,0,0,1,0,0,0,1,3,0,0,0,0,0.000,0.000,0.000,0.000,-100,0.000,0.000,25.0%,25.0%,0.0%,0.00,<a href=https://npb.jp/bis/eng/teams/index_t.html>Hanshin</a>,WL
Shimada Kairi,6,23,20,3,6,4,0,0,10,2,0,0,0,0,3,2,0,1,2,0.300,0.391,0.500,0.891,156,0.200,0.353,21.7%,13.0%,8.7%,0.67,<a href=https://npb.jp/bis/eng/teams/index_t.html>Hanshin</a>,WL
Takatera Nozomu,90,360,318,55,89,14,4,3,120,44,14,6,7,2,63,32,0,1,3,0.280,0.346,0.377,0.723,108,0.097,0.339,27.2%,17.5%,8.9%,0.51,<a href=https://npb.jp/bis/eng/teams/index_t.html>Hanshin</a>,WL
Takayama Shun,41,123,109,14,27,4,1,0,33,12,2,1,1,2,12,10,0,1,3,0.248,0.311,0.303,0.614,78,0.055,0.273,17.9%,9.8%,8.1%,0.83,<a href=https://npb.jp/bis/eng/teams/index_t.html>Hanshin</a>,WL
Toyoda Hiroshi,80,284,255,32,62,13,4,4,95,32,5,9,1,2,69,26,0,0,5,0.243,0.311,0.373,0.684,98,0.130,0.315,34.9%,24.3%,9.2%,0.38,<a href=https://npb.jp/bis/eng/teams/index_t.html>Hanshin</a>,WL
Ueda Kai,15,56,44,9,13,3,0,0,16,2,1,0,1,0,10,11,0,0,0,0.295,0.436,0.364,0.800,132,0.069,0.382,37.5%,17.9%,19.6%,1.10,<a href=https://npb.jp/bis/eng/teams/index_t.html>Hanshin</a>,WL
Umeno Ryutaro,4,12,11,4,3,0,0,0,3,0,0,0,0,0,1,1,0,0,1,0.273,0.333,0.273,0.606,77,0.000,0.300,16.7%,8.3%,8.3%,1.00,<a href=https://npb.jp/bis/eng/teams/index_t.html>Hanshin</a>,WL
Yamamoto Yasuhiro,14,43,38,2,8,1,1,0,11,2,0,0,2,0,4,3,0,0,1,0.211,0.268,0.289,0.557,61,0.078,0.235,16.3%,9.3%,7.0%,0.75,<a href=https://npb.jp/bis/eng/teams/index_t.html>Hanshin</a>,WL
Yohkawa Naomasa,53,180,149,17,33,7,0,6,58,18,3,0,0,1,29,23,0,7,5,0.221,0.350,0.389,0.739,113,0.168,0.235,32.2%,16.1%,12.8%,0.79,<a href=https://npb.jp/bis/eng/teams/index_t.html>Hanshin</a>,WL
Abe Tomohiro,37,87,76,7,28,6,0,1,37,8,0,0,0,1,15,9,0,1,0,0.368,0.437,0.487,0.924,170,0.119,0.443,28.7%,17.2%,10.3%,0.60,<a href=https://npb.jp/bis/eng/teams/index_c.html>Hiroshima</a>,WL
Aduwa Makoto,20,13,12,0,2,0,0,0,2,0,0,0,1,0,6,0,0,0,0,0.167,0.167,0.167,0.334,-3,0.000,0.333,46.2%,46.2%,0.0%,0.00,<a href=https://npb.jp/bis/eng/teams/index_c.html>Hiroshima</a>,WL
Akiyama Shogo,6,17,16,1,6,1,0,0,7,2,0,0,0,0,5,1,0,0,1,0.375,0.412,0.438,0.850,148,0.063,0.545,35.3%,29.4%,5.9%,0.20,<a href=https://npb.jp/bis/eng/teams/index_c.html>Hiroshima</a>,WL
Anderson Drew,4,4,1,0,1,1,0,0,2,0,0,0,2,0,0,0,0,1,0,1.000,1.000,2.000,3.000,766,1.000,1.000,0.0%,0.0%,0.0%,,<a href=https://npb.jp/bis/eng/teams/index_c.html>Hiroshima</a>,WL
Chono Hisayoshi,23,59,48,9,19,5,0,3,33,13,0,0,0,0,12,11,0,0,1,0.396,0.508,0.688,1.196,248,0.292,0.485,44.1%,20.3%,18.6%,0.92,<a href=https://npb.jp/bis/eng/teams/index_c.html>Hiroshima</a>,WL
Futamata Shoichi,62,213,199,17,49,11,1,3,71,18,0,1,2,0,46,10,0,2,5,0.246,0.289,0.357,0.646,87,0.111,0.307,27.7%,21.6%,4.7%,0.22,<a href=https://npb.jp/bis/eng/teams/index_c.html>Hiroshima</a>,WL
Hatsuki Ryutaro,66,285,240,32,61,6,1,1,72,16,16,5,5,0,52,40,1,0,5,0.254,0.361,0.300,0.661,94,0.046,0.321,32.6%,18.2%,14.0%,0.77,<a href=https://npb.jp/bis/eng/teams/index_c.html>Hiroshima</a>,WL
Hayashi Kota,102,399,360,25,78,15,0,2,99,27,1,0,1,4,92,32,1,2,7,0.217,0.281,0.275,0.556,62,0.058,0.281,31.6%,23.1%,8.0%,0.35,<a href=https://npb.jp/bis/eng/teams/index_c.html>Hiroshima</a>,WL
Ishihara Tomoki,44,148,128,19,31,6,1,4,51,9,0,0,3,0,21,14,0,3,5,0.242,0.331,0.398,0.729,113,0.156,0.262,26.4%,14.2%,9.5%,0.67,<a href=https://npb.jp/bis/eng/teams/index_c.html>Hiroshima</a>,WL
Isomura Yoshitaka,13,46,40,7,12,3,0,0,15,4,0,0,1,0,7,4,0,1,1,0.300,0.378,0.375,0.753,121,0.075,0.364,23.9%,15.2%,8.7%,0.57,<a href=https://npb.jp/bis/eng/teams/index_c.html>Hiroshima</a>,WL
Kinoshita Motohide,79,248,225,26,56,10,0,3,75,32,1,0,1,3,37,17,0,2,5,0.249,0.304,0.333,0.637,85,0.084,0.282,23.0%,14.9%,6.9%,0.46,<a href=https://npb.jp/bis/eng/teams/index_c.html>Hiroshima</a>,WL
Kobayashi Tatsuto,8,4,2,1,0,0,0,0,0,0,0,0,0,0,1,1,0,1,0,0.000,0.500,0.000,0.500,54,0.000,0.000,50.0%,25.0%,25.0%,1.00,<a href=https://npb.jp/bis/eng/teams/index_c.html>Hiroshima</a>,WL
Kuri Aren,1,2,2,0,0,0,0,0,0,0,0,0,0,0,1,0,0,0,0,0.000,0.000,0.000,0.000,-102,0.000,0.000,50.0%,50.0%,0.0%,0.00,<a href=https://npb.jp/bis/eng/teams/index_c.html>Hiroshima</a>,WL
Maekawa Seita,50,101,86,11,17,3,2,0,24,11,2,0,3,2,15,10,1,0,1,0.198,0.276,0.279,0.555,62,0.081,0.233,24.8%,14.9%,9.9%,0.67,<a href=https://npb.jp/bis/eng/teams/index_c.html>Hiroshima</a>,WL
Matsuyama Ryuhei,4,9,9,1,2,1,0,0,3,1,0,0,0,0,1,0,0,0,0,0.222,0.222,0.333,0.555,60,0.111,0.250,11.1%,11.1%,0.0%,0.00,<a href=https://npb.jp/bis/eng/teams/index_c.html>Hiroshima</a>,WL
McBroom Ryan,3,11,9,1,1,0,0,1,4,1,0,0,0,0,1,2,0,0,0,0.111,0.273,0.444,0.717,107,0.333,0.000,36.4%,9.1%,18.2%,2.00,<a href=https://npb.jp/bis/eng/teams/index_c.html>Hiroshima</a>,WL
Miyoshi Takumi,57,83,73,7,13,5,0,2,24,13,1,0,2,0,21,7,0,1,2,0.178,0.259,0.329,0.588,71,0.151,0.220,36.1%,25.3%,8.4%,0.33,<a href=https://npb.jp/bis/eng/teams/index_c.html>Hiroshima</a>,WL
Mochimaru Taiki,56,156,138,8,27,6,0,3,42,10,0,0,3,2,48,9,0,4,1,0.196,0.261,0.304,0.565,64,0.108,0.270,38.5%,30.8%,5.8%,0.19,<a href=https://npb.jp/bis/eng/teams/index_c.html>Hiroshima</a>,WL
Mori Shohei,13,9,7,0,0,0,0,0,0,0,0,0,2,0,5,0,0,0,0,0.000,0.000,0.000,0.000,-102,0.000,0.000,55.6%,55.6%,0.0%,0.00,<a href=https://npb.jp/bis/eng/teams/index_c.html>Hiroshima</a>,WL
Nakagami Takuto,46,74,69,4,19,3,0,1,25,5,0,0,2,0,26,2,0,1,1,0.275,0.306,0.362,0.668,94,0.087,0.429,39.2%,35.1%,2.7%,0.08,<a href=https://npb.jp/bis/eng/teams/index_c.html>Hiroshima</a>,WL
Nakamura Kento,28,109,93,13,24,4,0,3,37,8,4,1,4,0,18,9,0,3,0,0.258,0.343,0.398,0.741,116,0.140,0.292,27.5%,16.5%,8.3%,0.50,<a href=https://npb.jp/bis/eng/teams/index_c.html>Hiroshima</a>,WL
Nakamura Shosei,48,162,153,18,45,11,2,2,66,17,6,2,0,2,18,6,0,1,1,0.294,0.321,0.431,0.752,119,0.137,0.319,16.0%,11.1%,3.7%,0.33,<a href=https://npb.jp/bis/eng/teams/index_c.html>Hiroshima</a>,WL
Nakamura Yuta,20,17,15,1,4,2,0,0,6,2,0,0,2,0,4,0,0,0,1,0.267,0.267,0.400,0.667,92,0.133,0.364,23.5%,23.5%,0.0%,0.00,<a href=https://npb.jp/bis/eng/teams/index_c.html>Hiroshima</a>,WL
Nirasawa Yuya,98,375,344,32,82,11,1,2,101,23,2,1,10,2,43,18,0,1,12,0.238,0.277,0.294,0.571,66,0.056,0.266,16.8%,11.5%,4.8%,0.42,<a href=https://npb.jp/bis/eng/teams/index_c.html>Hiroshima</a>,WL
Nishikawa Ryoma,4,10,9,1,3,1,0,0,4,0,0,0,0,0,4,1,0,0,0,0.333,0.400,0.444,0.844,146,0.111,0.600,50.0%,40.0%,10.0%,0.25,<a href=https://npb.jp/bis/eng/teams/index_c.html>Hiroshima</a>,WL
Noma Takayoshi,17,64,53,7,19,4,1,1,28,6,0,0,2,0,8,9,0,0,1,0.358,0.452,0.528,0.980,186,0.170,0.409,28.1%,12.5%,14.1%,1.12,<a href=https://npb.jp/bis/eng/teams/index_c.html>Hiroshima</a>,WL
Nomura Yusuke,14,8,6,1,2,0,0,0,2,0,0,0,1,0,2,1,0,0,0,0.333,0.429,0.333,0.762,125,0.000,0.500,37.5%,25.0%,12.5%,0.50,<a href=https://npb.jp/bis/eng/teams/index_c.html>Hiroshima</a>,WL
Ohmichi Haruki,16,6,2,0,0,0,0,0,0,0,0,0,4,0,1,0,0,0,0,0.000,0.000,0.000,0.000,-102,0.000,0.000,16.7%,16.7%,0.0%,0.00,<a href=https://npb.jp/bis/eng/teams/index_c.html>Hiroshima</a>,WL
Ohmori Minoru,23,76,66,10,16,2,1,0,20,5,1,0,3,1,12,6,0,0,0,0.242,0.301,0.303,0.604,76,0.061,0.291,23.7%,15.8%,7.9%,0.50,<a href=https://npb.jp/bis/eng/teams/index_c.html>Hiroshima</a>,WL
Shirahama Yuta,21,2,2,0,1,0,0,0,1,0,0,0,0,0,1,0,0,0,0,0.500,0.500,0.500,1.000,193,0.000,1.000,50.0%,50.0%,0.0%,0.00,<a href=https://npb.jp/bis/eng/teams/index_c.html>Hiroshima</a>,WL
Shozui Yuya,75,275,248,30,65,10,4,8,107,40,2,4,0,4,60,22,0,1,5,0.262,0.320,0.431,0.751,118,0.169,0.310,32.7%,21.8%,8.0%,0.37,<a href=https://npb.jp/bis/eng/teams/index_c.html>Hiroshima</a>,WL
Sone Kaisei,9,13,11,3,5,1,0,0,6,2,0,1,0,1,3,1,0,0,0,0.455,0.462,0.545,1.007,194,0.090,0.556,30.8%,23.1%,7.7%,0.33,<a href=https://npb.jp/bis/eng/teams/index_c.html>Hiroshima</a>,WL
Suekane Shota,51,181,159,22,36,7,0,6,61,14,0,0,0,0,46,17,0,5,5,0.226,0.320,0.384,0.704,105,0.158,0.280,38.1%,25.4%,9.4%,0.37,<a href=https://npb.jp/bis/eng/teams/index_c.html>Hiroshima</a>,WL
Takagi Shoto,22,39,34,1,4,0,0,0,4,1,0,0,1,0,8,4,0,0,2,0.118,0.211,0.118,0.329,-3,0.000,0.154,30.8%,20.5%,10.3%,0.50,<a href=https://npb.jp/bis/eng/teams/index_c.html>Hiroshima</a>,WL
Takahashi Koya,12,10,9,0,1,0,0,0,1,1,0,0,1,0,3,0,0,0,0,0.111,0.111,0.111,0.222,-37,0.000,0.167,30.0%,30.0%,0.0%,0.00,<a href=https://npb.jp/bis/eng/teams/index_c.html>Hiroshima</a>,WL
Tamamura Shogo,6,4,4,0,0,0,0,0,0,0,0,0,0,0,3,0,0,0,0,0.000,0.000,0.000,0.000,-102,0.000,0.000,75.0%,75.0%,0.0%,0.00,<a href=https://npb.jp/bis/eng/teams/index_c.html>Hiroshima</a>,WL
Tamura Shunsuke,43,139,130,5,24,4,1,0,30,11,1,0,0,2,38,7,0,0,2,0.185,0.223,0.231,0.454,32,0.046,0.255,32.4%,27.3%,5.0%,0.18,<a href=https://npb.jp/bis/eng/teams/index_c.html>Hiroshima</a>,WL
Tanaka Kosuke,39,149,126,12,31,4,3,0,41,8,4,1,1,0,27,20,0,2,2,0.246,0.358,0.325,0.683,101,0.079,0.313,31.5%,18.1%,13.4%,0.74,<a href=https://npb.jp/bis/eng/teams/index_c.html>Hiroshima</a>,WL
Tanaka Norihiko,26,1,1,0,0,0,0,0,0,0,0,0,0,0,1,0,0,0,0,0.000,0.000,0.000,0.000,-102,0.000,,100.0%,100.0%,0.0%,0.00,<a href=https://npb.jp/bis/eng/teams/index_c.html>Hiroshima</a>,WL
Tokoda Hiroki,1,2,1,0,1,0,0,0,1,0,0,0,1,0,0,0,0,0,0,1.000,1.000,1.000,2.000,488,0.000,1.000,0.0%,0.0%,0.0%,,<a href=https://npb.jp/bis/eng/teams/index_c.html>Hiroshima</a>,WL
Uemoto Takashi,3,9,6,0,0,0,0,0,0,0,0,0,0,0,2,3,0,0,1,0.000,0.333,0.000,0.333,2,0.000,0.000,55.6%,22.2%,33.3%,1.50,<a href=https://npb.jp/bis/eng/teams/index_c.html>Hiroshima</a>,WL
Ugusa Koki,49,184,171,18,40,5,4,4,65,20,3,3,0,0,41,10,0,3,1,0.234,0.288,0.380,0.668,93,0.146,0.286,29.9%,22.3%,5.4%,0.24,<a href=https://npb.jp/bis/eng/teams/index_c.html>Hiroshima</a>,WL
Yabuta Kazuki,21,3,3,0,0,0,0,0,0,0,0,0,0,0,0,0,0,0,0,0.000,0.000,0.000,0.000,-102,0.000,0.000,0.0%,0.0%,0.0%,,<a href=https://npb.jp/bis/eng/teams/index_c.html>Hiroshima</a>,WL
Yano Masaya,38,147,119,21,30,4,1,0,36,8,3,2,6,0,27,20,0,2,2,0.252,0.369,0.303,0.672,97,0.051,0.326,32.0%,18.4%,13.6%,0.74,<a href=https://npb.jp/bis/eng/teams/index_c.html>Hiroshima</a>,WL
Aibara Ryunosuke,59,189,171,16,32,7,0,4,51,17,3,2,0,3,68,11,0,4,2,0.187,0.249,0.298,0.547,60,0.111,0.275,43.9%,36.0%,5.8%,0.16,<a href=https://npb.jp/bis/eng/teams/index_db.html>DeNA</a>,EL
Austin Tyler,11,40,36,4,8,1,0,3,18,6,0,0,0,0,10,3,0,1,1,0.222,0.300,0.500,0.800,134,0.278,0.217,40.0%,25.0%,7.5%,0.30,<a href=https://npb.jp/bis/eng/teams/index_db.html>DeNA</a>,EL
Azuma Junpei,59,157,135,24,33,9,2,2,52,12,3,1,3,1,35,14,0,4,5,0.244,0.331,0.385,0.716,111,0.141,0.313,32.5%,22.3%,8.9%,0.40,<a href=https://npb.jp/bis/eng/teams/index_db.html>DeNA</a>,EL
Chino Naoto,56,238,211,27,54,8,3,6,86,35,7,2,3,5,48,17,0,2,5,0.256,0.311,0.408,0.719,111,0.152,0.296,29.8%,20.2%,7.1%,0.35,<a href=https://npb.jp/bis/eng/teams/index_db.html>DeNA</a>,EL
Ebina Tatsuo,31,127,111,20,33,6,0,3,48,12,7,2,0,1,21,12,0,3,5,0.297,0.378,0.432,0.810,140,0.135,0.341,28.3%,16.5%,9.4%,0.57,<a href=https://npb.jp/bis/eng/teams/index_db.html>DeNA</a>,EL
Fujita Kazuya,24,65,59,3,11,2,0,0,13,2,0,0,3,0,5,2,0,1,4,0.186,0.226,0.220,0.446,31,0.034,0.204,10.8%,7.7%,3.1%,0.40,<a href=https://npb.jp/bis/eng/teams/index_db.html>DeNA</a>,EL
Higashide Naoya,17,40,34,1,3,0,0,0,3,0,0,0,3,0,12,3,0,0,1,0.088,0.162,0.088,0.250,-27,0.000,0.136,37.5%,30.0%,7.5%,0.25,<a href=https://npb.jp/bis/eng/teams/index_db.html>DeNA</a>,EL
Hosokawa Seiya,62,234,207,32,57,10,0,11,100,28,0,0,0,2,56,24,0,1,6,0.275,0.350,0.483,0.833,146,0.208,0.324,38.9%,23.9%,10.3%,0.43,<a href=https://npb.jp/bis/eng/teams/index_db.html>DeNA</a>,EL
Itoh Hikaru,14,42,41,3,12,3,0,0,15,4,0,0,0,0,7,0,0,1,3,0.293,0.310,0.366,0.676,99,0.073,0.353,16.7%,16.7%,0.0%,0.00,<a href=https://npb.jp/bis/eng/teams/index_db.html>DeNA</a>,EL
Itoh Yukiya,49,192,170,17,51,7,0,4,70,33,2,0,2,0,31,19,0,1,1,0.300,0.374,0.412,0.786,133,0.112,0.348,28.1%,16.1%,9.9%,0.61,<a href=https://npb.jp/bis/eng/teams/index_db.html>DeNA</a>,EL
Kajiwara Kouki,68,252,233,25,63,17,3,2,92,26,2,3,1,2,74,16,0,0,3,0.270,0.315,0.395,0.710,109,0.125,0.384,36.5%,29.4%,6.3%,0.22,<a href=https://npb.jp/bis/eng/teams/index_db.html>DeNA</a>,EL
Kamizato Kazuki,7,23,21,4,5,1,0,1,9,5,0,1,0,0,9,2,0,0,0,0.238,0.304,0.429,0.733,116,0.191,0.364,52.2%,39.1%,8.7%,0.22,<a href=https://npb.jp/bis/eng/teams/index_db.html>DeNA</a>,EL
Katsumata Atsushi,69,227,205,24,60,14,1,6,94,23,2,1,1,3,51,13,1,4,4,0.293,0.342,0.459,0.801,136,0.166,0.358,30.8%,22.5%,5.7%,0.25,<a href=https://npb.jp/bis/eng/teams/index_db.html>DeNA</a>,EL
Kobukata Daichi,96,376,331,33,91,14,2,3,118,43,2,3,3,2,79,39,0,1,9,0.275,0.351,0.356,0.707,109,0.081,0.351,32.2%,21.0%,10.4%,0.49,<a href=https://npb.jp/bis/eng/teams/index_db.html>DeNA</a>,EL
Kuramoto Toshihiko,29,96,90,6,17,3,0,0,20,3,0,0,0,1,21,4,0,1,0,0.189,0.229,0.222,0.451,32,0.033,0.243,26.0%,21.9%,4.2%,0.19,<a href=https://npb.jp/bis/eng/teams/index_db.html>DeNA</a>,EL
Kusumoto Taishi,7,27,23,4,6,2,0,0,8,0,0,0,0,0,5,3,0,1,0,0.261,0.370,0.348,0.718,114,0.087,0.333,29.6%,18.5%,11.1%,0.60,<a href=https://npb.jp/bis/eng/teams/index_db.html>DeNA</a>,EL
Kuwahara Masayuki,2,7,4,4,1,0,0,0,1,0,0,0,0,0,0,3,0,0,0,0.250,0.571,0.250,0.821,149,0.000,0.250,42.9%,0.0%,42.9%,1.00,<a href=https://npb.jp/bis/eng/teams/index_db.html>DeNA</a>,EL
Maeda Yamato,3,8,7,0,1,0,0,0,1,1,0,0,0,0,0,0,0,1,0,0.143,0.250,0.143,0.393,17,0.000,0.143,0.0%,0.0%,0.0%,,<a href=https://npb.jp/bis/eng/teams/index_db.html>DeNA</a>,EL
Maki Shugo,1,2,1,0,0,0,0,0,0,0,0,0,0,0,0,1,0,0,0,0.000,0.500,0.000,0.500,55,0.000,0.000,50.0%,0.0%,50.0%,1.00,<a href=https://npb.jp/bis/eng/teams/index_db.html>DeNA</a>,EL
Mashiko Kyosuke,63,186,166,20,35,7,1,1,47,8,1,0,1,1,45,14,0,4,4,0.211,0.286,0.283,0.569,68,0.072,0.281,32.3%,24.2%,7.5%,0.31,<a href=https://npb.jp/bis/eng/teams/index_db.html>DeNA</a>,EL
Minei Hiroki,1,3,3,0,0,0,0,0,0,0,0,0,0,0,1,0,0,0,0,0.000,0.000,0.000,0.000,-104,0.000,0.000,33.3%,33.3%,0.0%,0.00,<a href=https://npb.jp/bis/eng/teams/index_db.html>DeNA</a>,EL
Miyamoto Shumei,52,196,167,33,58,10,4,5,91,15,16,5,4,0,30,25,0,0,1,0.347,0.432,0.545,0.977,190,0.198,0.402,30.6%,15.3%,12.8%,0.83,<a href=https://npb.jp/bis/eng/teams/index_db.html>DeNA</a>,EL
Miyazaki Toshiro,3,12,12,1,4,0,0,1,7,1,0,0,0,0,0,0,0,0,1,0.333,0.333,0.583,0.916,169,0.250,0.273,8.3%,0.0%,0.0%,,<a href=https://npb.jp/bis/eng/teams/index_db.html>DeNA</a>,EL
Mori Keito,14,52,47,5,12,2,0,0,14,6,1,0,0,2,15,3,0,0,0,0.255,0.288,0.298,0.586,73,0.043,0.353,34.6%,28.8%,5.8%,0.20,<a href=https://npb.jp/bis/eng/teams/index_db.html>DeNA</a>,EL
Murakawa Nagi,72,190,159,24,33,5,1,0,40,13,13,10,8,2,54,21,0,0,0,0.208,0.297,0.252,0.549,62,0.044,0.308,39.5%,28.4%,11.1%,0.39,<a href=https://npb.jp/bis/eng/teams/index_db.html>DeNA</a>,EL
Ohashi Takeru,51,138,118,22,33,8,0,0,41,14,12,6,2,0,38,18,0,0,1,0.280,0.375,0.347,0.722,115,0.067,0.412,40.6%,27.5%,13.0%,0.47,<a href=https://npb.jp/bis/eng/teams/index_db.html>DeNA</a>,EL
Ohta Taishi,6,20,18,2,7,2,0,0,9,4,0,0,0,0,2,1,0,1,1,0.389,0.450,0.500,0.950,182,0.111,0.438,15.0%,10.0%,5.0%,0.50,<a href=https://npb.jp/bis/eng/teams/index_db.html>DeNA</a>,EL
Sano Keita,2,7,7,0,2,0,0,0,2,1,0,0,0,0,1,0,0,0,0,0.286,0.286,0.286,0.572,69,0.000,0.333,14.3%,14.3%,0.0%,0.00,<a href=https://npb.jp/bis/eng/teams/index_db.html>DeNA</a>,EL
Shibata Tatsuhiro,2,7,5,3,3,1,0,0,4,2,0,0,0,0,0,2,0,0,0,0.600,0.714,0.800,1.514,352,0.200,0.600,28.6%,0.0%,28.6%,1.00,<a href=https://npb.jp/bis/eng/teams/index_db.html>DeNA</a>,EL
Soto Neftali,3,9,9,1,1,0,0,1,4,1,0,0,0,0,3,0,0,0,1,0.111,0.111,0.444,0.555,58,0.333,0.000,44.4%,33.3%,0.0%,0.00,<a href=https://npb.jp/bis/eng/teams/index_db.html>DeNA</a>,EL
Takajoh Shuto,39,92,78,4,16,1,0,1,20,4,0,0,3,0,15,7,0,4,2,0.205,0.303,0.256,0.559,66,0.051,0.242,25.0%,16.3%,7.6%,0.47,<a href=https://npb.jp/bis/eng/teams/index_db.html>DeNA</a>,EL
Tanabe Hayato,80,290,256,29,66,16,1,2,90,38,1,0,10,3,73,18,0,3,4,0.258,0.311,0.352,0.663,96,0.094,0.348,32.1%,25.2%,6.2%,0.25,<a href=https://npb.jp/bis/eng/teams/index_db.html>DeNA</a>,EL
Tanaka Shunta,57,172,136,13,33,4,0,0,37,13,7,1,7,1,28,27,0,1,3,0.243,0.370,0.272,0.642,92,0.029,0.303,32.0%,16.3%,15.7%,0.96,<a href=https://npb.jp/bis/eng/teams/index_db.html>DeNA</a>,EL
Tobashira Yasutaka,1,2,2,0,1,1,0,0,2,0,0,0,0,0,0,0,0,0,0,0.500,0.500,1.000,1.500,341,0.500,0.500,0.0%,0.0%,0.0%,,<a href=https://npb.jp/bis/eng/teams/index_db.html>DeNA</a>,EL
Yamamoto Yuudai,38,120,103,11,21,3,0,1,27,7,1,0,2,1,9,13,0,1,3,0.204,0.297,0.262,0.559,66,0.058,0.213,19.2%,7.5%,10.8%,1.44,<a href=https://npb.jp/bis/eng/teams/index_db.html>DeNA</a>,EL
Yamashita Kouki,53,168,156,20,48,10,1,4,72,21,0,6,2,1,21,7,0,2,1,0.308,0.343,0.462,0.805,138,0.154,0.333,19.0%,12.5%,4.2%,0.33,<a href=https://npb.jp/bis/eng/teams/index_db.html>DeNA</a>,EL
Akihiro Yuto,109,393,356,53,98,20,2,9,149,38,0,0,0,3,61,29,0,5,14,0.275,0.336,0.419,0.755,117,0.144,0.308,25.2%,15.5%,7.4%,0.48,<a href=https://npb.jp/bis/eng/teams/index_g.html>Yomiuri</a>,EL
Hagiwara Tetsu,40,111,102,7,21,3,0,0,24,5,0,0,0,1,26,8,0,0,0,0.206,0.261,0.235,0.496,44,0.029,0.273,30.6%,23.4%,7.2%,0.31,<a href=https://npb.jp/bis/eng/teams/index_g.html>Yomiuri</a>,EL
Hirama Hayato,72,212,172,34,36,5,0,3,50,9,3,1,9,0,25,28,0,3,6,0.209,0.330,0.291,0.621,80,0.082,0.229,26.4%,11.8%,13.2%,1.12,<a href=https://npb.jp/bis/eng/teams/index_g.html>Yomiuri</a>,EL
Hirooka Taishi,82,302,255,42,58,11,1,8,95,38,3,1,3,3,76,38,1,3,5,0.227,0.331,0.373,0.704,103,0.146,0.287,40.4%,25.2%,12.6%,0.50,<a href=https://npb.jp/bis/eng/teams/index_g.html>Yomiuri</a>,EL
Hoshina Koichi,8,22,20,2,4,0,0,0,4,1,0,0,0,0,6,2,0,0,0,0.200,0.273,0.200,0.473,38,0.000,0.286,36.4%,27.3%,9.1%,0.33,<a href=https://npb.jp/bis/eng/teams/index_g.html>Yomiuri</a>,EL
Ishikawa Shingo,78,279,240,29,68,9,0,6,95,35,1,0,2,2,56,33,1,2,6,0.283,0.372,0.396,0.768,122,0.113,0.344,34.1%,20.1%,11.8%,0.59,<a href=https://npb.jp/bis/eng/teams/index_g.html>Yomiuri</a>,EL
Itoh Kaito,15,33,31,3,8,2,0,0,10,3,0,0,1,0,3,1,0,0,2,0.258,0.281,0.323,0.604,74,0.065,0.286,12.1%,9.1%,3.0%,0.33,<a href=https://npb.jp/bis/eng/teams/index_g.html>Yomiuri</a>,EL
Kameda Keita,8,12,12,1,2,0,0,0,2,1,0,0,0,0,3,0,0,0,0,0.167,0.167,0.167,0.334,-3,0.000,0.222,25.0%,25.0%,0.0%,0.00,<a href=https://npb.jp/bis/eng/teams/index_g.html>Yomiuri</a>,EL
Katoh Ren,7,18,16,1,2,0,0,0,2,0,0,0,0,0,5,2,0,0,0,0.125,0.222,0.125,0.347,2,0.000,0.182,38.9%,27.8%,11.1%,0.40,<a href=https://npb.jp/bis/eng/teams/index_g.html>Yomiuri</a>,EL
Katsuki Kazuya,95,326,286,30,64,15,1,3,90,35,0,0,3,4,43,31,0,2,8,0.224,0.300,0.315,0.615,77,0.091,0.250,23.6%,13.2%,9.5%,0.72,<a href=https://npb.jp/bis/eng/teams/index_g.html>Yomiuri</a>,EL
Katsumata Shoki,12,39,34,1,3,0,0,1,6,1,0,0,1,0,10,2,0,2,1,0.088,0.184,0.176,0.360,5,0.088,0.087,33.3%,25.6%,5.1%,0.20,<a href=https://npb.jp/bis/eng/teams/index_g.html>Yomiuri</a>,EL
Kikuta Hirokazu,86,329,303,31,76,19,1,4,109,35,0,0,4,2,47,17,0,3,7,0.251,0.295,0.360,0.655,88,0.109,0.283,20.7%,14.3%,5.2%,0.36,<a href=https://npb.jp/bis/eng/teams/index_g.html>Yomiuri</a>,EL
Kishida Yukinori,55,181,154,22,47,6,1,1,58,12,0,1,3,0,17,23,0,1,7,0.305,0.399,0.377,0.776,125,0.072,0.338,22.7%,9.4%,12.7%,1.35,<a href=https://npb.jp/bis/eng/teams/index_g.html>Yomiuri</a>,EL
Kita Ryusuke,52,134,117,16,31,7,0,2,44,19,0,1,6,0,27,11,0,0,4,0.265,0.328,0.376,0.704,103,0.111,0.330,29.9%,20.1%,8.2%,0.41,<a href=https://npb.jp/bis/eng/teams/index_g.html>Yomiuri</a>,EL
Kitamura Takumi,66,237,209,24,55,12,0,8,91,31,1,1,2,0,34,24,0,2,4,0.263,0.345,0.435,0.780,124,0.172,0.281,27.8%,14.3%,10.1%,0.71,<a href=https://npb.jp/bis/eng/teams/index_g.html>Yomiuri</a>,EL
Kuroda Hibiki,3,6,6,0,1,0,0,0,1,0,0,0,0,0,3,0,0,0,0,0.167,0.167,0.167,0.334,-3,0.000,0.333,50.0%,50.0%,0.0%,0.00,<a href=https://npb.jp/bis/eng/teams/index_g.html>Yomiuri</a>,EL
Maeda Kenki,7,9,9,2,1,0,0,0,1,0,0,0,0,0,1,0,0,0,0,0.111,0.111,0.111,0.222,-36,0.000,0.125,11.1%,11.1%,0.0%,0.00,<a href=https://npb.jp/bis/eng/teams/index_g.html>Yomiuri</a>,EL
Masuda Daiki,2,7,6,1,0,0,0,0,0,0,0,0,0,0,4,1,0,0,0,0.000,0.143,0.000,0.143,-55,0.000,0.000,71.4%,57.1%,14.3%,0.25,<a href=https://npb.jp/bis/eng/teams/index_g.html>Yomiuri</a>,EL
Masuda Riku,49,204,177,26,46,5,2,8,79,20,0,2,2,0,30,20,0,5,3,0.260,0.351,0.446,0.797,129,0.186,0.273,28.4%,14.7%,9.8%,0.67,<a href=https://npb.jp/bis/eng/teams/index_g.html>Yomiuri</a>,EL
Matsubara Seiya,60,236,200,21,54,9,1,2,71,25,6,4,6,2,33,28,0,0,6,0.270,0.357,0.355,0.712,106,0.085,0.311,26.7%,14.0%,11.9%,0.85,<a href=https://npb.jp/bis/eng/teams/index_g.html>Yomiuri</a>,EL
Nakajima Hiroyuki,15,39,36,2,9,1,0,0,10,2,0,0,0,1,9,2,0,0,0,0.250,0.282,0.278,0.560,62,0.028,0.321,28.2%,23.1%,5.1%,0.22,<a href=https://npb.jp/bis/eng/teams/index_g.html>Yomiuri</a>,EL
Nakata Sho,13,47,40,8,11,1,0,6,30,11,0,0,0,1,9,4,0,2,0,0.275,0.362,0.750,1.112,215,0.475,0.192,40.4%,19.1%,8.5%,0.44,<a href=https://npb.jp/bis/eng/teams/index_g.html>Yomiuri</a>,EL
Nakayama Raito,52,203,172,24,47,11,3,1,67,21,0,1,5,4,25,21,0,1,5,0.273,0.348,0.390,0.738,113,0.117,0.307,23.2%,12.3%,10.3%,0.84,<a href=https://npb.jp/bis/eng/teams/index_g.html>Yomiuri</a>,EL
Ohshiro Takumi,6,17,14,1,3,0,0,0,3,2,0,0,0,1,3,2,0,0,1,0.214,0.294,0.214,0.508,49,0.000,0.250,29.4%,17.6%,11.8%,0.67,<a href=https://npb.jp/bis/eng/teams/index_g.html>Yomiuri</a>,EL
Ohtsu Ryoya,6,8,8,1,1,0,0,0,1,1,0,0,0,0,2,0,0,0,0,0.125,0.125,0.125,0.250,-27,0.000,0.167,25.0%,25.0%,0.0%,0.00,<a href=https://npb.jp/bis/eng/teams/index_g.html>Yomiuri</a>,EL
Okada Yuki,83,291,248,33,56,15,3,7,98,29,1,0,9,5,72,20,0,9,4,0.226,0.301,0.395,0.696,100,0.169,0.282,34.0%,24.7%,6.9%,0.28,<a href=https://npb.jp/bis/eng/teams/index_g.html>Yomiuri</a>,EL
Okamoto Hiroto,8,20,18,2,2,0,0,0,2,0,0,0,1,0,5,1,0,0,1,0.111,0.158,0.111,0.269,-21,0.000,0.154,30.0%,25.0%,5.0%,0.20,<a href=https://npb.jp/bis/eng/teams/index_g.html>Yomiuri</a>,EL
Sakamoto Hayato,5,13,12,3,4,2,0,0,6,1,0,0,0,0,2,1,0,0,0,0.333,0.385,0.500,0.885,153,0.167,0.400,23.1%,15.4%,7.7%,0.50,<a href=https://npb.jp/bis/eng/teams/index_g.html>Yomiuri</a>,EL
Sakamoto Hayato,5,5,5,0,0,0,0,0,0,0,0,0,0,0,2,0,0,0,0,0.000,0.000,0.000,0.000,-99,0.000,0.000,40.0%,40.0%,0.0%,0.00,<a href=https://npb.jp/bis/eng/teams/index_g.html>Yomiuri</a>,EL
Sasahara Misaki,3,6,5,0,1,0,0,0,1,0,0,0,1,0,1,0,0,0,0,0.200,0.200,0.200,0.400,16,0.000,0.250,16.7%,16.7%,0.0%,0.00,<a href=https://npb.jp/bis/eng/teams/index_g.html>Yomiuri</a>,EL
Shigenobu Shinnosuke,40,87,81,17,24,1,0,0,25,8,9,0,1,0,14,4,0,1,4,0.296,0.337,0.309,0.646,87,0.013,0.358,20.7%,16.1%,4.6%,0.29,<a href=https://npb.jp/bis/eng/teams/index_g.html>Yomiuri</a>,EL
Suzuki Yamato,39,39,35,12,5,0,0,0,5,4,2,0,2,0,4,2,0,0,2,0.143,0.189,0.143,0.332,-3,0.000,0.161,15.4%,10.3%,5.1%,0.50,<a href=https://npb.jp/bis/eng/teams/index_g.html>Yomiuri</a>,EL
Urena Estamy,82,285,251,32,68,13,1,12,119,57,0,0,0,1,45,32,1,1,4,0.271,0.354,0.474,0.828,137,0.203,0.287,31.2%,15.8%,11.2%,0.71,<a href=https://npb.jp/bis/eng/teams/index_g.html>Yomiuri</a>,EL
Wakabayashi Akihiro,5,20,19,2,7,3,0,0,10,2,1,1,0,0,5,1,0,0,0,0.368,0.400,0.526,0.926,165,0.158,0.500,30.0%,25.0%,5.0%,0.20,<a href=https://npb.jp/bis/eng/teams/index_g.html>Yomiuri</a>,EL
Walker Adam,7,31,30,5,8,3,0,2,17,5,0,0,0,0,6,0,0,1,0,0.267,0.290,0.567,0.857,143,0.300,0.273,25.8%,19.4%,0.0%,0.00,<a href=https://npb.jp/bis/eng/teams/index_g.html>Yomiuri</a>,EL
Wheeler Zelous,66,195,169,20,47,4,0,10,81,24,1,0,0,1,30,20,0,5,6,0.278,0.369,0.479,0.848,143,0.201,0.285,30.8%,15.4%,10.3%,0.67,<a href=https://npb.jp/bis/eng/teams/index_g.html>Yomiuri</a>,EL
Yamase Shinnosuke,54,137,121,9,31,6,0,2,43,17,0,0,6,0,26,10,0,0,3,0.256,0.313,0.355,0.668,92,0.099,0.312,27.7%,19.0%,7.3%,0.38,<a href=https://npb.jp/bis/eng/teams/index_g.html>Yomiuri</a>,EL
Yaoita Takumaru,51,138,123,9,22,4,0,1,29,8,0,0,1,0,35,14,0,0,1,0.179,0.263,0.236,0.499,45,0.057,0.241,36.2%,25.4%,10.1%,0.40,<a href=https://npb.jp/bis/eng/teams/index_g.html>Yomiuri</a>,EL
Yoshikawa Naoki,1,5,5,2,4,1,0,0,5,2,0,0,0,0,0,0,0,0,0,0.800,0.800,1.000,1.800,415,0.200,0.800,0.0%,0.0%,0.0%,,<a href=https://npb.jp/bis/eng/teams/index_g.html>Yomiuri</a>,EL
Yuasa Dai,39,154,121,19,29,1,0,4,42,10,2,4,7,1,34,22,0,3,3,0.240,0.367,0.347,0.714,107,0.107,0.298,39.0%,22.1%,14.3%,0.65,<a href=https://npb.jp/bis/eng/teams/index_g.html>Yomiuri</a>,EL
Akahane Yoshihiro,67,245,212,38,47,12,3,8,89,32,3,1,2,1,59,28,0,2,3,0.222,0.317,0.420,0.737,110,0.198,0.267,38.8%,24.1%,11.4%,0.47,<a href=https://npb.jp/bis/eng/teams/index_s.html>Yakult</a>,EL
Aoki Norichika,4,13,12,1,4,1,0,0,5,5,0,0,0,0,1,1,0,0,1,0.333,0.385,0.417,0.802,130,0.084,0.364,15.4%,7.7%,7.7%,1.00,<a href=https://npb.jp/bis/eng/teams/index_s.html>Yakult</a>,EL
Araki Takahiro,8,23,21,3,4,2,0,0,6,2,0,0,0,0,4,2,0,0,0,0.190,0.261,0.286,0.547,57,0.096,0.235,26.1%,17.4%,8.7%,0.50,<a href=https://npb.jp/bis/eng/teams/index_s.html>Yakult</a>,EL
Cole A.J.,6,2,2,0,0,0,0,0,0,0,0,0,0,0,1,0,0,0,0,0.000,0.000,0.000,0.000,-99,0.000,0.000,50.0%,50.0%,0.0%,0.00,<a href=https://npb.jp/bis/eng/teams/index_s.html>Yakult</a>,EL
Hamada Taiki,14,44,39,6,12,1,0,2,19,6,1,0,0,0,8,3,0,2,0,0.308,0.386,0.487,0.873,150,0.179,0.345,29.5%,18.2%,6.8%,0.38,<a href=https://npb.jp/bis/eng/teams/index_s.html>Yakult</a>,EL
Hara Juri,1,2,1,0,0,0,0,0,0,0,0,0,1,0,0,0,0,0,0,0.000,0.000,0.000,0.000,-99,0.000,0.000,0.0%,0.0%,0.0%,,<a href=https://npb.jp/bis/eng/teams/index_s.html>Yakult</a>,EL
Iwata Yukihiro,81,213,200,33,55,8,2,0,67,22,15,6,0,0,38,11,0,2,3,0.275,0.319,0.335,0.654,89,0.060,0.340,23.0%,17.8%,5.2%,0.29,<a href=https://npb.jp/bis/eng/teams/index_s.html>Yakult</a>,EL
Kawabata Shingo,24,72,70,2,15,5,0,0,20,6,0,0,0,0,6,2,0,0,2,0.214,0.236,0.286,0.522,50,0.072,0.234,11.1%,8.3%,2.8%,0.33,<a href=https://npb.jp/bis/eng/teams/index_s.html>Yakult</a>,EL
Kivlehan Patrick,30,103,95,8,31,10,2,2,51,23,0,0,0,2,20,5,0,1,3,0.326,0.359,0.537,0.896,155,0.211,0.387,26.2%,19.4%,4.9%,0.25,<a href=https://npb.jp/bis/eng/teams/index_s.html>Yakult</a>,EL
Koga Yudai,17,54,47,6,14,2,0,0,16,7,0,1,2,3,1,1,0,1,0,0.298,0.308,0.340,0.648,87,0.042,0.286,3.7%,1.9%,1.9%,1.00,<a href=https://npb.jp/bis/eng/teams/index_s.html>Yakult</a>,EL
Komori Kohtaro,22,40,35,8,7,2,1,0,11,1,1,0,0,0,13,4,0,1,1,0.200,0.300,0.314,0.614,77,0.114,0.318,42.5%,32.5%,10.0%,0.31,<a href=https://npb.jp/bis/eng/teams/index_s.html>Yakult</a>,EL
Maruyama Kazuya,32,122,107,18,32,5,1,2,45,14,14,5,3,0,26,11,0,1,0,0.299,0.370,0.421,0.791,127,0.122,0.380,32.0%,21.3%,9.0%,0.42,<a href=https://npb.jp/bis/eng/teams/index_s.html>Yakult</a>,EL
Matsui Sho,74,221,196,31,55,16,4,6,97,39,1,2,1,0,48,23,0,1,5,0.281,0.359,0.495,0.854,144,0.214,0.345,34.8%,21.7%,10.4%,0.48,<a href=https://npb.jp/bis/eng/teams/index_s.html>Yakult</a>,EL
Matsumoto Naoki,46,146,137,18,39,8,0,2,53,18,0,0,2,1,11,5,0,1,5,0.285,0.313,0.387,0.700,100,0.102,0.296,12.3%,7.5%,3.4%,0.45,<a href=https://npb.jp/bis/eng/teams/index_s.html>Yakult</a>,EL
Matsumoto Yu,86,299,267,33,70,10,2,13,123,57,2,1,1,3,51,25,0,3,6,0.262,0.329,0.461,0.790,125,0.199,0.277,29.8%,17.1%,8.4%,0.49,<a href=https://npb.jp/bis/eng/teams/index_s.html>Yakult</a>,EL
Miyamoto Takeshi,16,50,42,5,16,2,0,0,18,8,1,0,0,2,2,5,0,1,1,0.381,0.440,0.429,0.869,150,0.048,0.381,14.0%,4.0%,10.0%,2.50,<a href=https://npb.jp/bis/eng/teams/index_s.html>Yakult</a>,EL
Motoyama Hiyu,71,248,209,27,43,4,0,1,50,8,3,2,4,2,43,29,0,4,2,0.206,0.311,0.239,0.550,60,0.033,0.251,29.4%,17.3%,11.7%,0.67,<a href=https://npb.jp/bis/eng/teams/index_s.html>Yakult</a>,EL
Nakamura Yuhei,5,11,10,0,2,1,0,0,3,1,0,0,0,0,0,0,0,1,0,0.200,0.273,0.300,0.573,65,0.100,0.200,0.0%,0.0%,0.0%,,<a href=https://npb.jp/bis/eng/teams/index_s.html>Yakult</a>,EL
Nakayama Shota,85,230,205,21,46,10,1,4,70,28,0,0,0,1,35,22,0,2,5,0.224,0.304,0.341,0.645,86,0.117,0.251,26.5%,15.2%,9.6%,0.63,<a href=https://npb.jp/bis/eng/teams/index_s.html>Yakult</a>,EL
Namiki Hidetaka,80,289,243,49,64,8,2,1,79,23,24,9,10,2,30,30,0,4,3,0.263,0.351,0.325,0.676,96,0.062,0.294,21.1%,10.4%,10.4%,1.00,<a href=https://npb.jp/bis/eng/teams/index_s.html>Yakult</a>,EL
Nishida Akihisa,49,144,132,17,39,7,0,11,79,29,0,0,0,1,20,10,0,1,6,0.295,0.347,0.598,0.945,167,0.303,0.275,28.5%,13.9%,6.9%,0.50,<a href=https://npb.jp/bis/eng/teams/index_s.html>Yakult</a>,EL
Nishiura Naomichi,71,267,241,26,66,15,0,2,87,18,1,0,2,3,30,20,0,1,4,0.274,0.328,0.361,0.689,98,0.087,0.302,19.5%,11.2%,7.5%,0.67,<a href=https://npb.jp/bis/eng/teams/index_s.html>Yakult</a>,EL
Ohta Kengo,59,205,191,20,49,13,0,1,65,25,1,0,1,1,23,12,0,0,7,0.257,0.299,0.340,0.639,84,0.083,0.286,17.6%,11.2%,5.9%,0.52,<a href=https://npb.jp/bis/eng/teams/index_s.html>Yakult</a>,EL
Okumura Nobuyuki,15,47,37,8,11,4,1,0,17,9,0,0,0,0,5,10,0,0,0,0.297,0.447,0.459,0.906,161,0.162,0.344,31.9%,10.6%,21.3%,2.00,<a href=https://npb.jp/bis/eng/teams/index_s.html>Yakult</a>,EL
Sakaguchi Tomotaka,57,191,159,23,44,6,5,3,69,17,2,0,0,2,20,30,0,0,5,0.277,0.387,0.434,0.821,136,0.157,0.297,27.7%,10.5%,15.7%,1.50,<a href=https://npb.jp/bis/eng/teams/index_s.html>Yakult</a>,EL
Shima Motohiro,3,6,4,0,0,0,0,0,0,0,0,0,0,0,1,2,0,0,1,0.000,0.333,0.000,0.333,2,0.000,0.000,50.0%,16.7%,33.3%,2.00,<a href=https://npb.jp/bis/eng/teams/index_s.html>Yakult</a>,EL
Sneed Cy,1,1,1,0,0,0,0,0,0,0,0,0,0,0,1,0,0,0,0,0.000,0.000,0.000,0.000,-99,0.000,,100.0%,100.0%,0.0%,0.00,<a href=https://npb.jp/bis/eng/teams/index_s.html>Yakult</a>,EL
Suarez Andrew,15,2,2,0,1,0,0,0,1,0,0,0,0,0,0,0,0,0,0,0.500,0.500,0.500,1.000,187,0.000,0.500,0.0%,0.0%,0.0%,,<a href=https://npb.jp/bis/eng/teams/index_s.html>Yakult</a>,EL
Takeoka Ryusei,71,288,255,38,60,10,4,1,81,15,6,3,7,0,59,24,0,2,3,0.235,0.306,0.318,0.624,80,0.083,0.303,29.2%,20.5%,8.3%,0.41,<a href=https://npb.jp/bis/eng/teams/index_s.html>Yakult</a>,EL
Uchikawa Seiichi,60,199,173,18,58,10,0,4,80,31,0,1,0,3,24,22,0,1,7,0.335,0.407,0.462,0.869,149,0.127,0.365,25.1%,12.1%,11.1%,0.92,<a href=https://npb.jp/bis/eng/teams/index_s.html>Yakult</a>,EL
Uchiyama Souma,5,18,16,2,2,2,0,0,4,0,0,0,0,0,2,2,0,0,0,0.125,0.222,0.250,0.472,36,0.125,0.143,22.2%,11.1%,11.1%,1.00,<a href=https://npb.jp/bis/eng/teams/index_s.html>Yakult</a>,EL
Uchiyama Taishi,46,109,101,12,30,4,1,0,36,14,0,1,4,2,12,2,0,0,4,0.297,0.305,0.356,0.661,90,0.059,0.330,12.8%,11.0%,1.8%,0.17,<a href=https://npb.jp/bis/eng/teams/index_s.html>Yakult</a>,EL
Watanabe Daiki,33,73,68,13,18,1,1,1,24,5,3,2,0,0,15,4,0,1,2,0.265,0.315,0.353,0.668,92,0.088,0.327,27.4%,20.5%,5.5%,0.27,<a href=https://npb.jp/bis/eng/teams/index_s.html>Yakult</a>,EL
Yamasaki Kotaro,8,20,17,1,4,0,0,0,4,1,1,2,0,0,2,3,0,0,0,0.235,0.350,0.235,0.585,71,0.000,0.267,25.0%,10.0%,15.0%,1.50,<a href=https://npb.jp/bis/eng/teams/index_s.html>Yakult</a>,EL
Yoshida Taisei,91,279,231,27,42,5,3,3,62,20,4,0,5,2,53,41,0,0,5,0.182,0.303,0.268,0.571,65,0.086,0.220,34.8%,19.0%,14.7%,0.77,<a href=https://npb.jp/bis/eng/teams/index_s.html>Yakult</a>,EL
Bright Kenta,46,160,142,17,30,6,0,3,45,10,4,2,1,2,45,14,0,1,3,0.211,0.283,0.317,0.600,71,0.106,0.281,38.8%,28.1%,8.8%,0.31,<a href=https://npb.jp/bis/eng/teams/index_d.html>Chunichi</a>,WL
Donoue Naomichi,76,279,245,31,72,16,1,4,102,29,0,0,5,3,45,25,0,1,6,0.294,0.358,0.416,0.774,119,0.122,0.342,26.5%,16.1%,9.0%,0.56,<a href=https://npb.jp/bis/eng/teams/index_d.html>Chunichi</a>,WL
Fukuda Nobumasa,53,179,161,18,40,5,0,2,51,14,0,0,0,2,36,13,0,3,7,0.248,0.313,0.317,0.630,79,0.069,0.304,28.5%,20.1%,7.3%,0.36,<a href=https://npb.jp/bis/eng/teams/index_d.html>Chunichi</a>,WL
Fukudome Kosuke,21,59,51,3,11,3,0,2,20,2,0,0,0,0,11,7,0,1,0,0.216,0.322,0.392,0.714,101,0.176,0.237,33.9%,18.6%,11.9%,0.64,<a href=https://npb.jp/bis/eng/teams/index_d.html>Chunichi</a>,WL
Fukumoto Yuma,53,152,137,13,35,7,0,3,51,11,0,1,0,2,16,12,0,1,6,0.255,0.316,0.372,0.688,95,0.117,0.267,20.4%,10.5%,7.9%,0.75,<a href=https://npb.jp/bis/eng/teams/index_d.html>Chunichi</a>,WL
Fukutani Koji,15,2,1,0,0,0,0,0,0,0,0,0,1,0,1,0,0,0,0,0.000,0.000,0.000,0.000,-96,0.000,,50.0%,50.0%,0.0%,0.00,<a href=https://npb.jp/bis/eng/teams/index_d.html>Chunichi</a>,WL
Garcia Guillermo,26,87,84,7,22,9,0,1,34,8,0,0,0,0,28,3,0,0,3,0.262,0.287,0.405,0.692,95,0.143,0.382,36.8%,32.2%,3.4%,0.11,<a href=https://npb.jp/bis/eng/teams/index_d.html>Chunichi</a>,WL
Gotoh Shunta,9,32,29,3,6,3,0,0,9,0,1,1,1,0,6,2,0,0,2,0.207,0.258,0.310,0.568,61,0.103,0.261,25.0%,18.8%,6.2%,0.33,<a href=https://npb.jp/bis/eng/teams/index_d.html>Chunichi</a>,WL
Gunji Yuya,55,218,188,30,58,8,1,6,86,29,3,1,0,2,22,26,0,2,4,0.309,0.394,0.457,0.851,140,0.148,0.321,24.8%,10.1%,11.9%,1.18,<a href=https://npb.jp/bis/eng/teams/index_d.html>Chunichi</a>,WL
Hirata Ryosuke,22,70,64,6,14,1,1,1,20,9,1,0,0,1,14,5,0,0,5,0.219,0.271,0.313,0.584,66,0.094,0.260,28.6%,20.0%,7.1%,0.36,<a href=https://npb.jp/bis/eng/teams/index_d.html>Chunichi</a>,WL
Hoshino Mao,56,135,121,9,18,4,1,0,24,5,0,0,10,1,43,3,0,0,1,0.149,0.168,0.198,0.366,6,0.049,0.228,34.1%,31.9%,2.2%,0.07,<a href=https://npb.jp/bis/eng/teams/index_d.html>Chunichi</a>,WL
Ishibashi Kota,36,123,104,13,28,9,0,1,40,13,0,0,1,2,19,15,0,1,1,0.269,0.361,0.385,0.746,111,0.116,0.314,28.5%,15.4%,12.2%,0.79,<a href=https://npb.jp/bis/eng/teams/index_d.html>Chunichi</a>,WL
Ishigaki Masami,29,109,94,11,28,9,0,2,43,16,1,0,2,0,27,12,0,1,2,0.298,0.383,0.457,0.840,137,0.159,0.400,37.6%,24.8%,11.0%,0.44,<a href=https://npb.jp/bis/eng/teams/index_d.html>Chunichi</a>,WL
Ishikawa Takaya,3,9,8,0,1,0,0,0,1,0,0,0,0,0,3,1,0,0,0,0.125,0.222,0.125,0.347,2,0.000,0.200,44.4%,33.3%,11.1%,0.33,<a href=https://npb.jp/bis/eng/teams/index_d.html>Chunichi</a>,WL
Ishioka Ryota,50,206,173,23,58,11,2,0,73,20,12,3,3,2,36,27,1,1,5,0.335,0.424,0.422,0.846,140,0.087,0.417,30.6%,17.5%,13.1%,0.75,<a href=https://npb.jp/bis/eng/teams/index_d.html>Chunichi</a>,WL
Itoh Kosuke,64,225,197,18,45,6,1,1,56,16,6,3,3,2,31,23,1,0,5,0.228,0.306,0.284,0.590,69,0.056,0.263,24.4%,13.8%,10.2%,0.74,<a href=https://npb.jp/bis/eng/teams/index_d.html>Chunichi</a>,WL
Katoh Shohei,8,28,26,2,5,0,0,0,5,7,1,0,0,2,4,0,0,0,0,0.192,0.179,0.192,0.371,7,0.000,0.208,14.3%,14.3%,0.0%,0.00,<a href=https://npb.jp/bis/eng/teams/index_d.html>Chunichi</a>,WL
Katsura Iori,33,88,74,5,15,2,0,2,23,11,0,0,3,1,14,6,0,4,4,0.203,0.294,0.311,0.605,72,0.108,0.220,25.0%,15.9%,6.8%,0.43,<a href=https://npb.jp/bis/eng/teams/index_d.html>Chunichi</a>,WL
Kinoshita Takuya,8,27,23,4,5,1,0,0,6,2,0,0,0,0,5,3,0,1,0,0.217,0.333,0.261,0.594,71,0.044,0.278,29.6%,18.5%,11.1%,0.60,<a href=https://npb.jp/bis/eng/teams/index_d.html>Chunichi</a>,WL
Kyoda Yota,39,158,139,10,25,3,1,1,33,4,1,0,2,0,23,15,0,2,4,0.180,0.269,0.237,0.506,45,0.057,0.209,24.7%,14.6%,9.5%,0.65,<a href=https://npb.jp/bis/eng/teams/index_d.html>Chunichi</a>,WL
Martinez Ariel,15,64,56,7,16,3,0,1,22,7,1,0,0,0,11,5,0,3,2,0.286,0.375,0.393,0.768,118,0.107,0.341,26.6%,17.2%,7.8%,0.45,<a href=https://npb.jp/bis/eng/teams/index_d.html>Chunichi</a>,WL
Matsuda Hiroaki,26,1,0,0,0,0,0,0,0,0,0,0,1,0,0,0,0,0,0,0.000,0.000,0.000,0.000,-96,0.000,,0.0%,0.0%,0.0%,,<a href=https://npb.jp/bis/eng/teams/index_d.html>Chunichi</a>,WL
Mitsumata Taiki,39,152,123,19,36,6,1,1,47,12,4,1,3,1,25,23,0,2,6,0.293,0.409,0.382,0.791,124,0.089,0.357,32.2%,16.4%,15.1%,0.92,<a href=https://npb.jp/bis/eng/teams/index_d.html>Chunichi</a>,WL
Miya Taisei,52,68,62,4,4,1,0,0,5,1,0,0,2,0,25,4,0,0,1,0.065,0.121,0.081,0.202,-39,0.016,0.108,42.6%,36.8%,5.9%,0.16,<a href=https://npb.jp/bis/eng/teams/index_d.html>Chunichi</a>,WL
Miyoshi Hironori,65,242,220,26,54,6,3,1,69,18,6,6,2,3,51,12,0,5,5,0.245,0.296,0.314,0.610,74,0.069,0.310,26.4%,21.1%,5.0%,0.24,<a href=https://npb.jp/bis/eng/teams/index_d.html>Chunichi</a>,WL
Mizowaki Hayato,5,20,17,2,3,1,0,0,4,3,0,0,0,0,2,3,0,0,0,0.176,0.300,0.235,0.535,54,0.059,0.200,25.0%,10.0%,15.0%,1.50,<a href=https://npb.jp/bis/eng/teams/index_d.html>Chunichi</a>,WL
Neo Akira,17,75,65,10,16,3,3,1,28,13,0,2,1,0,19,9,0,0,1,0.246,0.338,0.431,0.769,117,0.185,0.333,38.7%,25.3%,12.0%,0.47,<a href=https://npb.jp/bis/eng/teams/index_d.html>Chunichi</a>,WL
Ohno Shota,52,139,119,7,27,8,0,0,35,12,0,1,9,2,9,6,0,3,2,0.227,0.277,0.294,0.571,62,0.067,0.241,10.8%,6.5%,4.3%,0.67,<a href=https://npb.jp/bis/eng/teams/index_d.html>Chunichi</a>,WL
Ohshima Yohei,3,9,9,0,4,1,1,0,7,1,0,0,0,0,0,0,0,0,0,0.444,0.444,0.778,1.222,238,0.334,0.444,0.0%,0.0%,0.0%,,<a href=https://npb.jp/bis/eng/teams/index_d.html>Chunichi</a>,WL
Okabayashi Yuki,2,9,8,2,1,0,0,0,1,0,1,0,0,0,1,1,0,0,0,0.125,0.222,0.125,0.347,2,0.000,0.143,22.2%,11.1%,11.1%,1.00,<a href=https://npb.jp/bis/eng/teams/index_d.html>Chunichi</a>,WL
Okada Toshiya,36,2,1,0,0,0,0,0,0,0,0,0,0,0,1,1,0,0,0,0.000,0.500,0.000,0.500,51,0.000,,100.0%,50.0%,50.0%,1.00,<a href=https://npb.jp/bis/eng/teams/index_d.html>Chunichi</a>,WL
Revilla Pedro,15,49,44,3,9,0,1,2,17,8,0,0,0,0,22,3,0,2,0,0.205,0.286,0.386,0.672,89,0.181,0.350,55.1%,44.9%,6.1%,0.14,<a href=https://npb.jp/bis/eng/teams/index_d.html>Chunichi</a>,WL
Takahashi Shuhei,18,62,59,8,18,7,0,0,25,3,0,0,0,0,7,3,0,0,1,0.305,0.339,0.424,0.763,115,0.119,0.346,16.1%,11.3%,4.8%,0.43,<a href=https://npb.jp/bis/eng/teams/index_d.html>Chunichi</a>,WL
Takamatsu Wataru,2,6,6,0,2,0,0,0,2,0,0,1,0,0,1,0,0,0,1,0.333,0.333,0.333,0.666,89,0.000,0.400,16.7%,16.7%,0.0%,0.00,<a href=https://npb.jp/bis/eng/teams/index_d.html>Chunichi</a>,WL
Takino Kaname,27,78,73,13,18,0,2,1,25,9,3,2,0,1,13,4,0,0,0,0.247,0.282,0.342,0.624,77,0.095,0.283,23.1%,16.7%,5.1%,0.31,<a href=https://npb.jp/bis/eng/teams/index_d.html>Chunichi</a>,WL
Tavarez Yohan,14,1,1,0,0,0,0,0,0,0,0,0,0,0,1,0,0,0,0,0.000,0.000,0.000,0.000,-96,0.000,,100.0%,100.0%,0.0%,0.00,<a href=https://npb.jp/bis/eng/teams/index_d.html>Chunichi</a>,WL
Tsuchida Ryuku,52,178,162,17,42,5,0,0,47,9,7,4,5,0,29,6,0,5,2,0.259,0.306,0.290,0.596,70,0.031,0.316,19.7%,16.3%,3.4%,0.21,<a href=https://npb.jp/bis/eng/teams/index_d.html>Chunichi</a>,WL
Ukai Kosuke,12,45,41,5,12,4,0,2,22,7,1,1,0,0,13,4,0,0,1,0.293,0.356,0.537,0.893,149,0.244,0.385,42.2%,28.9%,8.9%,0.31,<a href=https://npb.jp/bis/eng/teams/index_d.html>Chunichi</a>,WL
Wakamatsu Luke,50,153,123,14,29,7,2,1,43,17,2,3,4,3,37,19,0,4,3,0.236,0.349,0.350,0.699,99,0.114,0.318,37.3%,24.2%,12.4%,0.51,<a href=https://npb.jp/bis/eng/teams/index_d.html>Chunichi</a>,WL
Watanabe Masaru,76,280,230,27,57,12,2,2,79,20,9,3,3,2,44,42,0,3,8,0.248,0.368,0.343,0.711,102,0.095,0.296,31.4%,15.7%,15.0%,0.95,<a href=https://npb.jp/bis/eng/teams/index_d.html>Chunichi</a>,WL
Yamashita Ayatsugu,53,161,148,15,39,4,1,5,60,21,2,0,0,1,36,12,2,0,6,0.264,0.317,0.405,0.722,103,0.141,0.315,32.9%,22.4%,7.5%,0.33,<a href=https://npb.jp/bis/eng/teams/index_d.html>Chunichi</a>,WL
Adachi Ryoichi,3,9,7,1,2,0,0,0,2,0,0,0,0,0,1,1,0,1,0,0.286,0.444,0.286,0.730,119,0.000,0.333,22.2%,11.1%,11.1%,1.00,<a href=https://npb.jp/bis/eng/teams/index_b.html>ORIX</a>,WL
Fukuda Shuhei,7,24,21,4,8,1,1,0,11,1,1,1,0,0,1,3,0,0,1,0.381,0.458,0.524,0.982,193,0.143,0.400,16.7%,4.2%,12.5%,3.00,<a href=https://npb.jp/bis/eng/teams/index_b.html>ORIX</a>,WL
Fukunaga Sho,85,247,199,15,41,9,1,1,55,16,0,1,14,4,26,22,0,8,5,0.206,0.305,0.276,0.581,72,0.070,0.227,19.8%,10.5%,8.9%,0.85,<a href=https://npb.jp/bis/eng/teams/index_b.html>ORIX</a>,WL
Fushimi Torai,4,8,8,1,1,0,0,1,4,1,0,0,0,0,2,0,0,0,1,0.125,0.125,0.500,0.625,79,0.375,0.000,37.5%,25.0%,0.0%,0.00,<a href=https://npb.jp/bis/eng/teams/index_b.html>ORIX</a>,WL
Gen Kendai,100,306,268,26,64,4,3,2,80,27,5,3,8,1,58,26,0,3,9,0.239,0.312,0.299,0.611,82,0.060,0.297,28.1%,19.0%,8.5%,0.45,<a href=https://npb.jp/bis/eng/teams/index_b.html>ORIX</a>,WL
Gibo Sho,45,193,170,18,45,5,1,0,52,15,3,1,9,0,22,13,0,1,3,0.265,0.321,0.306,0.627,86,0.041,0.304,18.1%,11.4%,6.7%,0.59,<a href=https://npb.jp/bis/eng/teams/index_b.html>ORIX</a>,WL
Gotoh Shunta,14,29,24,4,8,1,1,1,14,7,0,3,1,0,5,4,0,0,0,0.333,0.429,0.583,1.012,200,0.250,0.389,34.5%,17.2%,13.8%,0.80,<a href=https://npb.jp/bis/eng/teams/index_b.html>ORIX</a>,WL
Hirano Yamato,51,113,104,12,24,4,2,4,44,11,1,2,2,1,25,5,0,1,0,0.231,0.270,0.423,0.693,104,0.192,0.263,30.1%,22.1%,4.4%,0.20,<a href=https://npb.jp/bis/eng/teams/index_b.html>ORIX</a>,WL
Hirosawa Shinya,42,37,33,5,4,1,0,0,5,2,0,0,1,0,12,3,0,0,1,0.121,0.194,0.152,0.346,1,0.031,0.190,40.5%,32.4%,8.1%,0.25,<a href=https://npb.jp/bis/eng/teams/index_b.html>ORIX</a>,WL
Ikeda Ryoma,103,383,327,34,78,13,1,4,105,32,1,1,0,2,77,52,1,2,7,0.239,0.345,0.321,0.666,98,0.082,0.298,34.7%,20.1%,13.6%,0.68,<a href=https://npb.jp/bis/eng/teams/index_b.html>ORIX</a>,WL
Ishioka Ryota,30,102,93,14,24,3,0,0,27,9,3,2,2,2,20,5,0,0,2,0.258,0.290,0.290,0.580,71,0.032,0.320,24.5%,19.6%,4.9%,0.25,<a href=https://npb.jp/bis/eng/teams/index_b.html>ORIX</a>,WL
Kita Ryoto,105,400,378,44,92,11,4,7,132,33,5,5,0,2,83,17,1,3,11,0.243,0.280,0.349,0.629,85,0.106,0.293,26.8%,20.8%,4.2%,0.20,<a href=https://npb.jp/bis/eng/teams/index_b.html>ORIX</a>,WL
Kurebayashi Kotaro,6,26,25,2,11,2,0,0,13,4,1,0,0,0,4,1,0,0,1,0.440,0.462,0.520,0.982,193,0.080,0.524,19.2%,15.4%,3.8%,0.25,<a href=https://npb.jp/bis/eng/teams/index_b.html>ORIX</a>,WL
Matsui Masato,25,29,29,2,6,0,0,0,6,0,0,0,0,0,11,0,0,0,0,0.207,0.207,0.207,0.414,21,0.000,0.333,37.9%,37.9%,0.0%,0.00,<a href=https://npb.jp/bis/eng/teams/index_b.html>ORIX</a>,WL
McCarthy Joe,13,37,34,6,10,2,0,4,24,11,0,0,0,0,11,2,0,1,1,0.294,0.351,0.706,1.057,210,0.412,0.316,45.9%,29.7%,5.4%,0.18,<a href=https://npb.jp/bis/eng/teams/index_b.html>ORIX</a>,WL
Mune Yuma,1,3,2,1,0,0,0,0,0,0,0,0,0,0,0,1,0,0,1,0.000,0.333,0.000,0.333,2,0.000,0.000,33.3%,0.0%,33.3%,1.00,<a href=https://npb.jp/bis/eng/teams/index_b.html>ORIX</a>,WL
Nakagawa Keita,13,40,36,6,12,5,1,1,22,3,0,1,1,0,4,3,0,0,1,0.333,0.385,0.611,0.996,194,0.278,0.355,20.0%,10.0%,7.5%,0.75,<a href=https://npb.jp/bis/eng/teams/index_b.html>ORIX</a>,WL
Nakagawa Takuma,46,111,100,7,21,4,1,1,30,14,0,0,2,3,23,6,0,0,4,0.210,0.248,0.300,0.548,61,0.090,0.253,27.0%,20.7%,5.4%,0.26,<a href=https://npb.jp/bis/eng/teams/index_b.html>ORIX</a>,WL
Nishimura Ryo,41,114,89,12,27,4,0,2,37,11,1,0,1,0,9,22,0,2,2,0.303,0.451,0.416,0.867,159,0.113,0.321,28.9%,7.9%,19.3%,2.44,<a href=https://npb.jp/bis/eng/teams/index_b.html>ORIX</a>,WL
Nishino Masahiro,40,119,100,16,30,3,2,0,37,7,2,1,3,1,8,15,0,0,1,0.300,0.388,0.370,0.758,126,0.070,0.323,19.3%,6.7%,12.6%,1.88,<a href=https://npb.jp/bis/eng/teams/index_b.html>ORIX</a>,WL
Noguchi Tomoya,45,188,155,23,38,6,2,4,60,20,4,3,2,0,49,28,0,3,1,0.245,0.371,0.387,0.758,126,0.142,0.333,43.1%,26.1%,14.9%,0.57,<a href=https://npb.jp/bis/eng/teams/index_b.html>ORIX</a>,WL
Oda Yuya,4,11,9,1,3,1,0,0,4,1,1,0,0,0,1,2,0,0,0,0.333,0.455,0.444,0.899,169,0.111,0.375,27.3%,9.1%,18.2%,2.00,<a href=https://npb.jp/bis/eng/teams/index_b.html>ORIX</a>,WL
Ohsato Kosei,73,193,165,16,41,9,1,0,52,13,3,1,6,3,28,19,0,0,2,0.248,0.321,0.315,0.636,89,0.067,0.293,24.4%,14.5%,9.8%,0.68,<a href=https://npb.jp/bis/eng/teams/index_b.html>ORIX</a>,WL
Ohshiro Koji,18,52,44,4,8,1,0,0,9,1,0,0,2,0,7,6,0,0,1,0.182,0.280,0.205,0.485,44,0.023,0.216,25.0%,13.5%,11.5%,0.86,<a href=https://npb.jp/bis/eng/teams/index_b.html>ORIX</a>,WL
Ohshita Seiichiro,71,217,177,11,45,7,1,2,60,15,0,0,7,1,16,28,1,4,10,0.254,0.367,0.339,0.706,110,0.085,0.269,21.2%,7.4%,12.9%,1.75,<a href=https://npb.jp/bis/eng/teams/index_b.html>ORIX</a>,WL
Ohta Ryo,62,252,219,27,67,14,2,5,100,33,1,0,3,1,34,27,0,2,5,0.306,0.386,0.457,0.843,151,0.151,0.343,26.2%,13.5%,10.7%,0.79,<a href=https://npb.jp/bis/eng/teams/index_b.html>ORIX</a>,WL
Okada Takahiro,10,30,28,2,2,0,0,1,5,1,0,0,0,0,8,2,0,0,0,0.071,0.133,0.179,0.312,-10,0.108,0.053,36.7%,26.7%,6.7%,0.25,<a href=https://npb.jp/bis/eng/teams/index_b.html>ORIX</a>,WL
Ravelo Rangel,35,112,94,12,25,4,0,1,32,8,0,1,0,1,10,16,0,1,7,0.266,0.375,0.340,0.715,113,0.074,0.286,24.1%,8.9%,14.3%,1.60,<a href=https://npb.jp/bis/eng/teams/index_b.html>ORIX</a>,WL
Sano Kodai,9,30,30,3,4,1,0,0,5,0,1,0,0,0,6,0,0,0,0,0.133,0.133,0.167,0.300,-14,0.034,0.167,20.0%,20.0%,0.0%,0.00,<a href=https://npb.jp/bis/eng/teams/index_b.html>ORIX</a>,WL
Sano Yukikazu,95,304,254,28,50,9,3,1,68,32,3,3,9,1,42,38,1,2,1,0.197,0.305,0.268,0.573,70,0.071,0.231,26.6%,13.8%,12.5%,0.90,<a href=https://npb.jp/bis/eng/teams/index_b.html>ORIX</a>,WL
Sonobe Keita,72,212,194,21,49,8,2,6,79,27,0,2,3,0,51,15,0,0,7,0.253,0.306,0.407,0.713,110,0.154,0.314,34.0%,24.1%,7.1%,0.29,<a href=https://npb.jp/bis/eng/teams/index_b.html>ORIX</a>,WL
Sugimoto Yutaro,17,61,52,6,13,3,0,0,16,7,0,0,0,1,10,8,0,0,1,0.250,0.344,0.308,0.652,94,0.058,0.302,29.5%,16.4%,13.1%,0.80,<a href=https://npb.jp/bis/eng/teams/index_b.html>ORIX</a>,WL
Tongu Yuma,13,48,42,7,13,3,0,4,28,12,0,0,0,1,9,5,0,0,0,0.310,0.375,0.667,1.042,207,0.357,0.300,37.5%,18.8%,10.4%,0.56,<a href=https://npb.jp/bis/eng/teams/index_b.html>ORIX</a>,WL
Tsuri Jui,1,1,1,0,0,0,0,0,0,0,0,0,0,0,1,0,0,0,0,0.000,0.000,0.000,0.000,-105,0.000,,100.0%,100.0%,0.0%,0.00,<a href=https://npb.jp/bis/eng/teams/index_b.html>ORIX</a>,WL
Tsurumi Ryoya,10,6,5,1,2,1,0,0,3,0,0,1,0,0,2,1,0,0,0,0.400,0.500,0.600,1.100,228,0.200,0.667,50.0%,33.3%,16.7%,0.50,<a href=https://npb.jp/bis/eng/teams/index_b.html>ORIX</a>,WL
Valera Breyvic,23,64,58,5,16,0,0,0,16,6,0,0,0,1,8,4,0,1,3,0.276,0.328,0.276,0.604,80,0.000,0.314,18.8%,12.5%,6.2%,0.50,<a href=https://npb.jp/bis/eng/teams/index_b.html>ORIX</a>,WL
Wakatsuki Kenya,11,31,27,3,6,3,0,0,9,1,0,0,0,0,6,4,0,0,1,0.222,0.323,0.333,0.656,94,0.111,0.286,32.3%,19.4%,12.9%,0.67,<a href=https://npb.jp/bis/eng/teams/index_b.html>ORIX</a>,WL
Watanabe Haruto,79,344,294,29,76,8,3,1,93,26,13,9,8,3,50,34,0,5,5,0.259,0.342,0.316,0.658,95,0.057,0.305,24.7%,14.5%,9.9%,0.68,<a href=https://npb.jp/bis/eng/teams/index_b.html>ORIX</a>,WL
Yamaashi Tatsuya,18,55,51,7,18,6,0,0,24,6,2,0,0,0,4,4,0,0,2,0.353,0.400,0.471,0.871,159,0.118,0.383,14.5%,7.3%,7.3%,1.00,<a href=https://npb.jp/bis/eng/teams/index_b.html>ORIX</a>,WL
Yamanaka Takayuki,35,90,77,8,15,2,0,1,20,4,0,0,0,0,23,13,0,0,1,0.195,0.311,0.260,0.571,70,0.065,0.264,41.1%,25.6%,14.4%,0.57,<a href=https://npb.jp/bis/eng/teams/index_b.html>ORIX</a>,WL
Yamasaki Sachiya,4,3,3,0,0,0,0,0,0,0,0,0,0,0,0,0,0,0,1,0.000,0.000,0.000,0.000,-105,0.000,0.000,0.0%,0.0%,0.0%,,<a href=https://npb.jp/bis/eng/teams/index_b.html>ORIX</a>,WL
Yoshida Masataka,2,7,5,1,2,0,0,0,2,1,0,0,0,0,1,2,0,0,0,0.400,0.571,0.400,0.971,194,0.000,0.500,42.9%,14.3%,28.6%,2.00,<a href=https://npb.jp/bis/eng/teams/index_b.html>ORIX</a>,WL
Chatani Kenta,51,207,177,21,56,13,0,1,72,38,2,0,2,7,28,19,0,2,5,0.316,0.376,0.407,0.783,126,0.091,0.355,23.2%,13.5%,9.2%,0.68,<a href=https://npb.jp/bis/eng/teams/index_m.html>Lotte</a>,EL
Emura Naoya,34,45,41,5,9,2,0,1,14,4,0,0,0,0,8,4,0,0,0,0.220,0.289,0.341,0.630,81,0.121,0.250,28.9%,17.8%,8.9%,0.50,<a href=https://npb.jp/bis/eng/teams/index_m.html>Lotte</a>,EL
Fujioka Yudai,30,97,83,9,20,4,0,0,24,9,0,0,0,3,18,8,0,3,0,0.241,0.320,0.289,0.609,76,0.048,0.294,26.8%,18.6%,8.2%,0.44,<a href=https://npb.jp/bis/eng/teams/index_m.html>Lotte</a>,EL
Fujiwara Kyota,34,148,124,30,37,6,2,1,50,11,6,2,0,1,28,19,0,4,0,0.298,0.405,0.403,0.808,134,0.105,0.375,32.4%,18.9%,12.8%,0.68,<a href=https://npb.jp/bis/eng/teams/index_m.html>Lotte</a>,EL
Fukuda Koki,74,252,225,18,46,9,0,3,64,30,3,2,0,2,46,24,0,1,7,0.204,0.282,0.284,0.566,63,0.080,0.242,29.0%,18.3%,9.5%,0.52,<a href=https://npb.jp/bis/eng/teams/index_m.html>Lotte</a>,EL
Fukuda Shuhei,70,243,200,38,54,12,1,9,95,38,9,3,0,2,46,40,0,1,5,0.270,0.391,0.475,0.866,149,0.205,0.306,39.1%,18.9%,16.5%,0.87,<a href=https://npb.jp/bis/eng/teams/index_m.html>Lotte</a>,EL
Hayamizu Shota,23,17,16,2,3,0,0,0,3,0,0,1,0,0,2,1,0,0,0,0.188,0.235,0.188,0.423,24,0.000,0.214,17.6%,11.8%,5.9%,0.50,<a href=https://npb.jp/bis/eng/teams/index_m.html>Lotte</a>,EL
Hechavarria Adeiny,19,56,48,4,8,2,0,1,13,5,0,0,0,2,5,6,0,0,3,0.167,0.250,0.271,0.521,50,0.104,0.159,21.4%,8.9%,10.7%,1.20,<a href=https://npb.jp/bis/eng/teams/index_m.html>Lotte</a>,EL
Hirasawa Taiga,88,354,291,54,81,17,2,5,117,39,4,5,1,3,72,54,0,5,4,0.278,0.397,0.402,0.799,131,0.124,0.350,37.0%,20.3%,15.3%,0.75,<a href=https://npb.jp/bis/eng/teams/index_m.html>Lotte</a>,EL
Ikeda Raito,79,280,241,37,58,15,1,2,81,14,4,6,2,5,43,25,0,7,9,0.241,0.324,0.336,0.660,90,0.095,0.279,25.0%,15.4%,8.9%,0.58,<a href=https://npb.jp/bis/eng/teams/index_m.html>Lotte</a>,EL
Inoue Seiya,14,48,44,4,9,1,0,3,19,7,0,0,0,1,10,3,0,0,1,0.205,0.250,0.432,0.682,94,0.227,0.188,33.3%,20.8%,6.2%,0.30,<a href=https://npb.jp/bis/eng/teams/index_m.html>Lotte</a>,EL
Kakinuma Tomoya,26,61,48,9,8,1,0,2,15,3,0,2,3,0,7,7,0,3,1,0.167,0.310,0.313,0.623,80,0.146,0.154,26.2%,11.5%,11.5%,1.00,<a href=https://npb.jp/bis/eng/teams/index_m.html>Lotte</a>,EL
Kakunaka Katsuya,24,89,74,14,25,10,1,1,40,20,1,0,0,2,7,13,0,0,3,0.338,0.427,0.541,0.968,177,0.203,0.353,23.6%,7.9%,14.6%,1.86,<a href=https://npb.jp/bis/eng/teams/index_m.html>Lotte</a>,EL
Katoh Takuma,24,47,46,4,7,1,0,0,8,1,0,0,0,0,11,1,0,0,0,0.152,0.170,0.174,0.344,-0,0.022,0.200,25.5%,23.4%,2.1%,0.09,<a href=https://npb.jp/bis/eng/teams/index_m.html>Lotte</a>,EL
Martin Leonys,7,27,20,4,5,0,0,2,11,4,0,0,0,0,6,7,0,0,2,0.250,0.444,0.550,0.994,185,0.300,0.250,55.6%,22.2%,25.9%,1.17,<a href=https://npb.jp/bis/eng/teams/index_m.html>Lotte</a>,EL
Matsukawa Kou,1,2,2,0,1,0,0,0,1,0,0,0,0,0,1,0,0,0,0,0.500,0.500,0.500,1.000,188,0.000,1.000,50.0%,50.0%,0.0%,0.00,<a href=https://npb.jp/bis/eng/teams/index_m.html>Lotte</a>,EL
Miki Ryo,1,4,2,0,0,0,0,0,0,0,0,0,0,0,1,2,0,0,0,0.000,0.500,0.000,0.500,52,0.000,0.000,75.0%,25.0%,50.0%,2.00,<a href=https://npb.jp/bis/eng/teams/index_m.html>Lotte</a>,EL
Murayama Ryosuke,43,93,86,8,16,2,0,3,27,7,0,0,0,0,36,7,0,0,3,0.186,0.247,0.314,0.561,61,0.128,0.277,49.5%,38.7%,7.5%,0.19,<a href=https://npb.jp/bis/eng/teams/index_m.html>Lotte</a>,EL
Nishikawa Ryosuke,91,331,304,31,84,25,0,8,133,48,1,0,0,7,86,19,0,1,6,0.276,0.314,0.438,0.752,115,0.162,0.350,34.1%,26.0%,5.7%,0.22,<a href=https://npb.jp/bis/eng/teams/index_m.html>Lotte</a>,EL
Nishimaki Kenji,97,298,248,36,60,13,0,2,79,17,18,7,9,0,47,35,0,6,4,0.242,0.349,0.319,0.668,93,0.077,0.291,28.2%,15.8%,11.7%,0.74,<a href=https://npb.jp/bis/eng/teams/index_m.html>Lotte</a>,EL
Ogawa Ryusei,22,82,76,9,13,1,1,0,16,5,5,1,0,0,19,3,0,3,1,0.171,0.232,0.211,0.443,29,0.040,0.228,26.8%,23.2%,3.7%,0.16,<a href=https://npb.jp/bis/eng/teams/index_m.html>Lotte</a>,EL
Ogino Takashi,10,34,27,8,13,4,0,1,20,4,2,2,0,1,1,5,0,1,2,0.481,0.559,0.741,1.300,271,0.260,0.462,20.6%,2.9%,14.7%,5.00,<a href=https://npb.jp/bis/eng/teams/index_m.html>Lotte</a>,EL
Oka Hiromi,3,13,11,1,3,1,0,0,4,1,1,1,0,0,3,2,0,0,0,0.273,0.385,0.364,0.749,117,0.091,0.375,38.5%,23.1%,15.4%,0.67,<a href=https://npb.jp/bis/eng/teams/index_m.html>Lotte</a>,EL
Peralta Jorge,64,99,92,10,11,1,1,0,14,4,6,2,1,0,40,6,0,0,1,0.120,0.173,0.152,0.325,-5,0.032,0.212,46.5%,40.4%,6.1%,0.15,<a href=https://npb.jp/bis/eng/teams/index_m.html>Lotte</a>,EL
Santos Sandy,42,90,81,8,17,3,2,0,24,5,0,0,0,1,30,8,0,0,2,0.210,0.278,0.296,0.574,65,0.086,0.327,42.2%,33.3%,8.9%,0.27,<a href=https://npb.jp/bis/eng/teams/index_m.html>Lotte</a>,EL
Sugano Tsuyoshi,45,172,144,15,43,3,2,5,65,20,2,0,0,0,21,27,0,1,2,0.299,0.413,0.451,0.864,149,0.152,0.322,30.8%,12.2%,15.7%,1.29,<a href=https://npb.jp/bis/eng/teams/index_m.html>Lotte</a>,EL
Tamura Tatsuhiro,38,73,62,3,18,2,0,0,20,5,1,0,1,0,4,10,0,0,0,0.290,0.389,0.323,0.712,107,0.033,0.310,19.2%,5.5%,13.7%,2.50,<a href=https://npb.jp/bis/eng/teams/index_m.html>Lotte</a>,EL
Tanigawa Yuito,80,105,101,7,12,2,0,1,17,7,1,0,0,0,36,4,0,0,5,0.119,0.152,0.168,0.320,-7,0.049,0.172,39.0%,34.3%,3.8%,0.11,<a href=https://npb.jp/bis/eng/teams/index_m.html>Lotte</a>,EL
Ueda Shota,68,168,150,13,33,2,0,1,38,11,0,3,2,1,36,12,0,3,3,0.220,0.289,0.253,0.542,57,0.033,0.281,29.2%,21.4%,7.1%,0.33,<a href=https://npb.jp/bis/eng/teams/index_m.html>Lotte</a>,EL
Wada Koshiro,11,48,44,3,9,1,1,0,12,4,2,1,0,0,13,4,0,0,0,0.205,0.271,0.273,0.544,57,0.068,0.290,35.4%,27.1%,8.3%,0.31,<a href=https://npb.jp/bis/eng/teams/index_m.html>Lotte</a>,EL
Yamaguchi Koki,10,44,39,5,11,1,0,1,15,6,1,0,0,0,7,5,0,0,0,0.282,0.364,0.385,0.749,116,0.103,0.323,29.5%,15.9%,11.4%,0.71,<a href=https://npb.jp/bis/eng/teams/index_m.html>Lotte</a>,EL
Yamamoto Daito,79,302,276,41,65,11,1,12,114,34,3,4,0,0,68,22,1,4,10,0.236,0.301,0.413,0.714,104,0.177,0.270,33.8%,22.5%,7.3%,0.32,<a href=https://npb.jp/bis/eng/teams/index_m.html>Lotte</a>,EL
Yasuda Hisanori,12,47,39,5,13,5,0,1,21,7,0,1,0,0,6,7,0,1,1,0.333,0.447,0.538,0.985,182,0.205,0.375,29.8%,12.8%,14.9%,1.17,<a href=https://npb.jp/bis/eng/teams/index_m.html>Lotte</a>,EL
Yoshida Yuta,58,131,112,5,21,4,0,4,37,25,1,0,0,3,23,14,0,2,4,0.188,0.282,0.330,0.612,76,0.142,0.193,31.3%,17.6%,10.7%,0.61,<a href=https://npb.jp/bis/eng/teams/index_m.html>Lotte</a>,EL
Akashi Kenji,48,117,97,16,25,4,1,0,31,8,0,1,1,0,20,19,0,0,1,0.258,0.379,0.320,0.699,102,0.062,0.325,33.3%,17.1%,16.2%,0.95,<a href=https://npb.jp/bis/eng/teams/index_h.html>SoftBank</a>,WL
Araki Shota,6,9,8,0,1,0,0,0,1,0,0,1,0,0,2,1,0,0,0,0.125,0.222,0.125,0.347,2,0.000,0.167,33.3%,22.2%,11.1%,0.50,<a href=https://npb.jp/bis/eng/teams/index_h.html>SoftBank</a>,WL
Despaigne Alfredo,21,67,58,4,9,1,0,2,16,7,0,0,0,1,10,7,0,1,3,0.155,0.254,0.276,0.530,52,0.121,0.149,28.4%,14.9%,10.4%,0.70,<a href=https://npb.jp/bis/eng/teams/index_h.html>SoftBank</a>,WL
Fujino Keio,2,4,4,0,1,0,0,0,1,0,0,0,0,0,0,0,0,0,0,0.250,0.250,0.250,0.500,44,0.000,0.250,0.0%,0.0%,0.0%,,<a href=https://npb.jp/bis/eng/teams/index_h.html>SoftBank</a>,WL
Funakoshi Hidetora,6,6,6,2,1,0,0,0,1,0,0,1,0,0,1,0,0,0,0,0.167,0.167,0.167,0.334,-3,0.000,0.200,16.7%,16.7%,0.0%,0.00,<a href=https://npb.jp/bis/eng/teams/index_h.html>SoftBank</a>,WL
Galvis Freddy,61,208,183,25,41,8,1,6,69,22,0,0,0,2,32,21,1,2,2,0.224,0.308,0.377,0.685,97,0.153,0.238,28.4%,15.4%,10.1%,0.66,<a href=https://npb.jp/bis/eng/teams/index_h.html>SoftBank</a>,WL
Gracial Yurisbel,6,18,16,3,4,1,0,0,5,1,0,0,0,0,2,2,0,0,0,0.250,0.333,0.313,0.646,87,0.063,0.286,22.2%,11.1%,11.1%,1.00,<a href=https://npb.jp/bis/eng/teams/index_h.html>SoftBank</a>,WL
Haya Shinnosuke,1,2,2,0,1,0,0,0,1,0,0,0,0,0,1,0,0,0,0,0.500,0.500,0.500,1.000,187,0.000,1.000,50.0%,50.0%,0.0%,0.00,<a href=https://npb.jp/bis/eng/teams/index_h.html>SoftBank</a>,WL
Inoue Tomoya,23,89,78,6,16,3,1,1,24,8,1,0,1,0,29,7,0,3,2,0.205,0.295,0.308,0.603,74,0.103,0.312,41.6%,32.6%,7.9%,0.24,<a href=https://npb.jp/bis/eng/teams/index_h.html>SoftBank</a>,WL
Ishizuka Soichiro,25,64,54,8,14,2,1,2,24,11,0,0,0,0,12,8,0,2,3,0.259,0.375,0.444,0.819,135,0.185,0.300,34.4%,18.8%,12.5%,0.67,<a href=https://npb.jp/bis/eng/teams/index_h.html>SoftBank</a>,WL
Itani Shoma,1,1,1,0,0,0,0,0,0,0,0,0,0,0,1,0,0,0,0,0.000,0.000,0.000,0.000,-99,0.000,,100.0%,100.0%,0.0%,0.00,<a href=https://npb.jp/bis/eng/teams/index_h.html>SoftBank</a>,WL
Itoh Daisuke,31,57,45,6,10,1,1,0,13,1,1,1,6,0,5,3,0,3,1,0.222,0.314,0.289,0.603,74,0.067,0.250,14.0%,8.8%,5.3%,0.60,<a href=https://npb.jp/bis/eng/teams/index_h.html>SoftBank</a>,WL
Kai Takuya,2,6,2,1,1,0,0,0,1,1,0,0,0,0,0,2,0,2,0,0.500,0.833,0.500,1.333,288,0.000,0.500,33.3%,0.0%,33.3%,1.00,<a href=https://npb.jp/bis/eng/teams/index_h.html>SoftBank</a>,WL
Katsuren Haruki,45,79,59,6,7,2,0,0,9,4,2,0,8,1,14,6,0,5,1,0.119,0.254,0.153,0.407,20,0.034,0.152,25.3%,17.7%,7.6%,0.43,<a href=https://npb.jp/bis/eng/teams/index_h.html>SoftBank</a>,WL
Kawamura Yuto,39,118,109,10,21,7,0,1,31,9,5,2,0,0,36,9,0,0,1,0.193,0.254,0.284,0.538,55,0.091,0.278,39.0%,30.5%,7.6%,0.25,<a href=https://npb.jp/bis/eng/teams/index_h.html>SoftBank</a>,WL
Kawarada Jumpei,71,250,204,30,39,4,2,1,50,17,9,2,15,1,31,23,0,7,2,0.191,0.294,0.245,0.539,56,0.054,0.220,22.0%,12.4%,9.2%,0.74,<a href=https://npb.jp/bis/eng/teams/index_h.html>SoftBank</a>,WL
Kawase Hikaru,20,67,56,8,17,2,2,0,23,8,0,1,3,1,8,7,0,0,0,0.304,0.375,0.411,0.786,126,0.107,0.347,22.4%,11.9%,10.4%,0.88,<a href=https://npb.jp/bis/eng/teams/index_h.html>SoftBank</a>,WL
Kobayashi Jui,38,92,81,7,13,2,3,0,21,9,1,0,6,2,26,3,0,0,1,0.160,0.186,0.259,0.445,28,0.099,0.228,31.5%,28.3%,3.3%,0.12,<a href=https://npb.jp/bis/eng/teams/index_h.html>SoftBank</a>,WL
Kuki Ryuhei,44,113,87,8,10,1,0,0,11,1,4,1,6,0,28,20,0,0,4,0.115,0.280,0.126,0.406,20,0.011,0.169,42.5%,24.8%,17.7%,0.71,<a href=https://npb.jp/bis/eng/teams/index_h.html>SoftBank</a>,WL
Kurose Kenta,62,188,160,20,40,6,1,9,75,32,1,1,0,2,35,20,0,6,3,0.250,0.351,0.469,0.820,134,0.219,0.263,34.0%,18.6%,10.6%,0.57,<a href=https://npb.jp/bis/eng/teams/index_h.html>SoftBank</a>,WL
Makihara Kota,22,56,51,3,10,3,1,0,15,11,0,0,0,0,18,5,0,0,2,0.196,0.268,0.294,0.562,62,0.098,0.303,41.1%,32.1%,8.9%,0.28,<a href=https://npb.jp/bis/eng/teams/index_h.html>SoftBank</a>,WL
Makihara Taisei,2,7,7,1,2,0,0,0,2,1,1,0,0,0,3,0,0,0,0,0.286,0.286,0.286,0.572,65,0.000,0.500,42.9%,42.9%,0.0%,0.00,<a href=https://npb.jp/bis/eng/teams/index_h.html>SoftBank</a>,WL
Masago Yusuke,71,278,245,44,76,14,2,8,118,38,8,4,3,3,41,26,0,1,3,0.310,0.375,0.482,0.857,145,0.172,0.342,27.0%,14.7%,9.4%,0.63,<a href=https://npb.jp/bis/eng/teams/index_h.html>SoftBank</a>,WL
Masaki Tomoya,60,221,187,29,50,13,2,4,79,38,0,3,0,4,32,29,0,1,7,0.267,0.362,0.422,0.784,125,0.155,0.297,29.4%,14.5%,13.1%,0.91,<a href=https://npb.jp/bis/eng/teams/index_h.html>SoftBank</a>,WL
Masuda Shu,80,275,220,32,63,7,2,3,83,27,2,4,12,2,29,34,1,7,2,0.286,0.395,0.377,0.772,122,0.091,0.316,24.0%,10.5%,12.4%,1.17,<a href=https://npb.jp/bis/eng/teams/index_h.html>SoftBank</a>,WL
Matsuda Nobuhiro,12,27,26,2,7,0,2,1,14,7,0,0,0,0,6,1,0,0,0,0.269,0.296,0.538,0.834,136,0.269,0.316,29.6%,22.2%,3.7%,0.17,<a href=https://npb.jp/bis/eng/teams/index_h.html>SoftBank</a>,WL
Mimori Masaki,6,20,17,5,6,1,1,0,9,0,2,0,0,0,2,1,0,2,0,0.353,0.450,0.529,0.979,180,0.176,0.400,15.0%,10.0%,5.0%,0.50,<a href=https://npb.jp/bis/eng/teams/index_h.html>SoftBank</a>,WL
Mizutani Shun,13,42,39,4,10,0,0,1,13,3,0,0,0,0,12,1,0,2,1,0.256,0.310,0.333,0.643,85,0.077,0.346,33.3%,28.6%,2.4%,0.08,<a href=https://npb.jp/bis/eng/teams/index_h.html>SoftBank</a>,WL
Nakamura Akira,1,3,3,1,2,0,0,1,5,2,0,0,0,0,0,0,0,0,0,0.667,0.667,1.667,2.334,554,1.000,0.500,33.3%,0.0%,0.0%,,<a href=https://npb.jp/bis/eng/teams/index_h.html>SoftBank</a>,WL
Nakata Keisuke,36,119,112,18,30,6,0,1,39,11,1,1,3,1,21,3,0,0,1,0.268,0.284,0.348,0.632,81,0.080,0.319,21.0%,17.6%,2.5%,0.14,<a href=https://npb.jp/bis/eng/teams/index_h.html>SoftBank</a>,WL
Nakatani Masahiro,76,228,199,27,42,7,2,4,65,25,0,1,0,2,52,23,0,4,1,0.211,0.303,0.327,0.630,81,0.116,0.262,34.6%,22.8%,10.1%,0.44,<a href=https://npb.jp/bis/eng/teams/index_h.html>SoftBank</a>,WL
Nomura Daiju,52,161,134,23,39,5,2,2,54,18,2,0,2,0,15,25,0,0,4,0.291,0.403,0.403,0.806,132,0.112,0.316,26.1%,9.3%,15.5%,1.67,<a href=https://npb.jp/bis/eng/teams/index_h.html>SoftBank</a>,WL
Nomura Isami,6,24,21,1,5,1,0,0,6,0,3,1,1,0,3,2,0,0,0,0.238,0.304,0.286,0.590,71,0.048,0.278,20.8%,12.5%,8.3%,0.67,<a href=https://npb.jp/bis/eng/teams/index_h.html>SoftBank</a>,WL
Ogata Riku,68,181,158,32,41,6,3,1,56,14,17,5,3,2,41,17,0,1,1,0.259,0.331,0.354,0.685,97,0.095,0.339,32.6%,22.7%,9.4%,0.41,<a href=https://npb.jp/bis/eng/teams/index_h.html>SoftBank</a>,WL
Sasagawa Yoshiyasu,70,207,190,14,37,11,3,4,66,23,2,3,1,1,71,13,0,2,3,0.195,0.252,0.347,0.599,71,0.152,0.284,42.5%,34.3%,6.3%,0.18,<a href=https://npb.jp/bis/eng/teams/index_h.html>SoftBank</a>,WL
Satoh Naoki,24,68,60,14,21,8,0,1,32,9,5,1,2,0,16,4,0,2,0,0.350,0.409,0.533,0.942,168,0.183,0.465,30.9%,23.5%,5.9%,0.25,<a href=https://npb.jp/bis/eng/teams/index_h.html>SoftBank</a>,WL
Shuto Ukyo,18,44,40,9,14,1,1,0,17,3,2,0,1,0,9,3,0,0,2,0.350,0.395,0.425,0.820,136,0.075,0.452,27.3%,20.5%,6.8%,0.33,<a href=https://npb.jp/bis/eng/teams/index_h.html>SoftBank</a>,WL
Sunagawa Richard,93,375,315,58,73,15,1,29,177,84,0,2,1,2,115,45,1,12,4,0.232,0.348,0.562,0.910,159,0.330,0.254,50.4%,30.7%,12.0%,0.39,<a href=https://npb.jp/bis/eng/teams/index_h.html>SoftBank</a>,WL
Takata Tomoki,44,97,83,13,22,1,0,1,26,9,1,0,0,0,19,14,0,0,1,0.265,0.371,0.313,0.684,98,0.048,0.333,35.1%,19.6%,14.4%,0.74,<a href=https://npb.jp/bis/eng/teams/index_h.html>SoftBank</a>,WL
Tanigawara Kenta,19,46,41,4,6,0,1,0,8,5,0,0,0,2,10,3,0,0,0,0.146,0.196,0.195,0.391,14,0.049,0.182,28.3%,21.7%,6.5%,0.30,<a href=https://npb.jp/bis/eng/teams/index_h.html>SoftBank</a>,WL
Uebayashi Seiji,2,8,8,0,2,0,0,0,2,0,0,0,0,0,1,0,0,0,0,0.250,0.250,0.250,0.500,44,0.000,0.286,12.5%,12.5%,0.0%,0.00,<a href=https://npb.jp/bis/eng/teams/index_h.html>SoftBank</a>,WL
Umino Takashi,14,55,49,3,15,2,0,1,20,5,1,0,2,0,8,4,0,0,0,0.306,0.358,0.408,0.766,120,0.102,0.350,23.6%,14.5%,7.3%,0.50,<a href=https://npb.jp/bis/eng/teams/index_h.html>SoftBank</a>,WL
Watanabe Riku,68,210,172,29,53,10,5,4,85,23,4,1,3,0,52,32,0,3,1,0.308,0.425,0.494,0.919,164,0.186,0.422,41.9%,24.8%,15.2%,0.62,<a href=https://npb.jp/bis/eng/teams/index_h.html>SoftBank</a>,WL
Yamamoto Keita,7,12,11,0,0,0,0,0,0,0,0,0,0,0,4,1,0,0,0,0.000,0.083,0.000,0.083,-74,0.000,0.000,41.7%,33.3%,8.3%,0.25,<a href=https://npb.jp/bis/eng/teams/index_h.html>SoftBank</a>,WL
Yanagimachi Tatsuru,11,38,35,7,17,3,1,0,22,7,0,0,0,0,5,3,0,0,0,0.486,0.526,0.629,1.155,231,0.143,0.567,21.1%,13.2%,7.9%,0.60,<a href=https://npb.jp/bis/eng/teams/index_h.html>SoftBank</a>,WL
Yanagita Yuki,1,5,5,0,0,0,0,0,0,0,0,0,0,0,4,0,0,0,0,0.000,0.000,0.000,0.000,-99,0.000,0.000,80.0%,80.0%,0.0%,0.00,<a href=https://npb.jp/bis/eng/teams/index_h.html>SoftBank</a>,WL
Akaminai Ginji,2,6,6,1,2,0,0,0,2,1,0,0,0,0,1,0,0,0,0,0.333,0.333,0.333,0.666,93,0.000,0.400,16.7%,16.7%,0.0%,0.00,<a href=https://npb.jp/bis/eng/teams/index_e.html>Rakuten</a>,EL
Egawa Yuto,37,70,65,3,14,2,0,0,16,8,0,0,0,0,14,3,0,2,2,0.215,0.271,0.246,0.517,50,0.031,0.275,24.3%,20.0%,4.3%,0.21,<a href=https://npb.jp/bis/eng/teams/index_e.html>Rakuten</a>,EL
Gittens Chris,15,52,37,11,13,2,0,4,27,8,0,0,0,2,6,13,0,0,3,0.351,0.500,0.730,1.230,254,0.379,0.310,44.2%,11.5%,25.0%,2.17,<a href=https://npb.jp/bis/eng/teams/index_e.html>Rakuten</a>,EL
Horiuchi Kengo,42,113,97,14,25,4,1,2,37,14,2,0,5,0,13,10,0,1,3,0.258,0.333,0.381,0.714,107,0.123,0.280,22.1%,11.5%,8.8%,0.77,<a href=https://npb.jp/bis/eng/teams/index_e.html>Rakuten</a>,EL
Irie Daiki,79,231,202,22,49,7,1,3,67,25,1,2,5,0,44,15,0,9,3,0.243,0.323,0.332,0.655,90,0.089,0.297,26.8%,19.0%,6.5%,0.34,<a href=https://npb.jp/bis/eng/teams/index_e.html>Rakuten</a>,EL
Ishihara Tsuyoshi,44,117,98,11,29,6,0,2,41,12,2,0,6,0,20,13,0,0,3,0.296,0.378,0.418,0.796,131,0.122,0.355,29.9%,17.1%,11.1%,0.65,<a href=https://npb.jp/bis/eng/teams/index_e.html>Rakuten</a>,EL
Itoh Yukiya,24,88,79,9,18,3,0,4,33,11,0,1,2,1,17,6,0,0,1,0.228,0.279,0.418,0.697,101,0.190,0.237,30.7%,19.3%,6.8%,0.35,<a href=https://npb.jp/bis/eng/teams/index_e.html>Rakuten</a>,EL
Iwami Masaki,55,93,84,11,25,5,1,2,38,13,2,0,0,0,25,7,0,2,4,0.298,0.366,0.452,0.818,137,0.154,0.404,36.6%,26.9%,7.5%,0.28,<a href=https://npb.jp/bis/eng/teams/index_e.html>Rakuten</a>,EL
Kamamoto Go,96,236,185,35,48,8,4,1,67,26,8,4,2,1,48,43,0,5,2,0.259,0.410,0.362,0.772,126,0.103,0.343,39.0%,20.3%,18.2%,0.90,<a href=https://npb.jp/bis/eng/teams/index_e.html>Rakuten</a>,EL
Kawashima Keizo,39,78,69,6,15,3,0,0,18,7,0,0,1,0,11,7,0,1,3,0.217,0.299,0.261,0.560,63,0.044,0.259,23.1%,14.1%,9.0%,0.64,<a href=https://npb.jp/bis/eng/teams/index_e.html>Rakuten</a>,EL
Kobukata Hiroto,6,23,21,3,8,1,0,0,9,2,4,0,1,0,3,1,0,0,0,0.381,0.409,0.429,0.838,144,0.048,0.444,17.4%,13.0%,4.3%,0.33,<a href=https://npb.jp/bis/eng/teams/index_e.html>Rakuten</a>,EL
Kurokawa Fumiya,94,416,367,53,96,20,1,6,136,50,7,1,6,3,65,37,0,3,5,0.262,0.332,0.371,0.703,104,0.109,0.301,26.0%,15.6%,8.9%,0.57,<a href=https://npb.jp/bis/eng/teams/index_e.html>Rakuten</a>,EL
Maeda Ginji,72,155,145,8,21,4,1,0,27,6,0,0,0,1,59,9,0,0,4,0.145,0.194,0.186,0.380,10,0.041,0.241,43.9%,38.1%,5.8%,0.15,<a href=https://npb.jp/bis/eng/teams/index_e.html>Rakuten</a>,EL
Marmolejos Jose,52,182,158,15,38,15,0,6,71,25,0,0,0,1,38,23,0,0,6,0.241,0.335,0.449,0.784,127,0.208,0.278,36.8%,20.9%,12.6%,0.61,<a href=https://npb.jp/bis/eng/teams/index_e.html>Rakuten</a>,EL
Mizukami Kei,42,64,52,5,6,1,0,0,7,2,1,0,1,0,17,11,0,0,3,0.115,0.270,0.135,0.405,20,0.020,0.171,43.8%,26.6%,17.2%,0.65,<a href=https://npb.jp/bis/eng/teams/index_e.html>Rakuten</a>,EL
Mogi Eigoro,20,71,60,8,19,3,1,1,27,10,1,0,0,0,17,11,0,0,1,0.317,0.423,0.450,0.873,154,0.133,0.429,40.8%,23.9%,15.5%,0.65,<a href=https://npb.jp/bis/eng/teams/index_e.html>Rakuten</a>,EL
Murabayashi Itsuki,20,57,46,10,15,2,0,0,17,3,2,1,3,0,6,8,0,0,1,0.326,0.426,0.370,0.796,133,0.044,0.375,24.6%,10.5%,14.0%,1.33,<a href=https://npb.jp/bis/eng/teams/index_e.html>Rakuten</a>,EL
Mutoh Atsuki,46,184,152,33,51,7,3,3,73,13,17,4,3,1,34,26,0,2,2,0.336,0.436,0.480,0.916,166,0.144,0.414,34.2%,18.5%,14.1%,0.76,<a href=https://npb.jp/bis/eng/teams/index_e.html>Rakuten</a>,EL
Nishikawa Haruki,4,15,12,2,5,0,0,0,5,1,0,0,0,0,3,3,0,0,0,0.417,0.533,0.417,0.950,179,0.000,0.556,40.0%,20.0%,20.0%,1.00,<a href=https://npb.jp/bis/eng/teams/index_e.html>Rakuten</a>,EL
Ogoh Yuya,98,309,254,44,67,11,4,4,98,34,14,3,8,3,46,42,0,2,2,0.264,0.369,0.386,0.755,120,0.122,0.304,29.8%,14.9%,13.6%,0.91,<a href=https://npb.jp/bis/eng/teams/index_e.html>Rakuten</a>,EL
Ohta Hikaru,19,49,44,4,14,3,1,0,19,9,1,1,0,0,10,4,0,1,0,0.318,0.388,0.432,0.820,138,0.114,0.412,28.6%,20.4%,8.2%,0.40,<a href=https://npb.jp/bis/eng/teams/index_e.html>Rakuten</a>,EL
Okajima Takero,36,116,96,13,29,6,1,1,40,11,3,0,0,2,17,14,0,3,3,0.302,0.400,0.417,0.817,138,0.115,0.350,27.6%,14.7%,12.1%,0.82,<a href=https://npb.jp/bis/eng/teams/index_e.html>Rakuten</a>,EL
Okawara Sho,20,27,25,2,2,1,0,0,3,1,0,0,0,0,17,2,0,0,0,0.080,0.148,0.120,0.268,-22,0.040,0.250,70.4%,63.0%,7.4%,0.12,<a href=https://npb.jp/bis/eng/teams/index_e.html>Rakuten</a>,EL
Okoye Louis,48,114,98,20,32,4,0,1,39,13,7,4,2,0,15,13,0,1,4,0.327,0.411,0.398,0.809,136,0.071,0.378,25.4%,13.2%,11.4%,0.87,<a href=https://npb.jp/bis/eng/teams/index_e.html>Rakuten</a>,EL
Sawano Kiyoharu,51,78,70,12,9,2,1,0,13,6,2,0,3,1,24,4,0,0,2,0.129,0.173,0.186,0.359,4,0.057,0.191,35.9%,30.8%,5.1%,0.17,<a href=https://npb.jp/bis/eng/teams/index_e.html>Rakuten</a>,EL
Tanaka Kazuki,13,44,33,6,6,1,1,1,12,5,1,0,1,0,12,10,0,0,2,0.182,0.372,0.364,0.736,115,0.182,0.250,52.3%,27.3%,22.7%,0.83,<a href=https://npb.jp/bis/eng/teams/index_e.html>Rakuten</a>,EL
Tanaka Takaya,26,63,52,12,16,3,0,0,19,6,0,0,2,0,6,8,0,1,0,0.308,0.410,0.365,0.775,127,0.057,0.348,22.2%,9.5%,12.7%,1.33,<a href=https://npb.jp/bis/eng/teams/index_e.html>Rakuten</a>,EL
Tatsumi Ryosuke,7,28,23,3,7,1,1,0,10,6,0,0,0,0,6,4,0,1,0,0.304,0.429,0.435,0.864,152,0.131,0.412,35.7%,21.4%,14.3%,0.67,<a href=https://npb.jp/bis/eng/teams/index_e.html>Rakuten</a>,EL
Uchida Yasuhito,66,150,137,10,35,8,1,0,45,17,0,0,0,1,34,11,0,1,5,0.255,0.313,0.328,0.641,86,0.073,0.337,30.0%,22.7%,7.3%,0.32,<a href=https://npb.jp/bis/eng/teams/index_e.html>Rakuten</a>,EL
Wada Ren,78,263,231,35,58,12,1,12,108,40,2,1,1,3,50,25,0,3,9,0.251,0.328,0.468,0.796,130,0.217,0.267,33.1%,19.0%,9.5%,0.50,<a href=https://npb.jp/bis/eng/teams/index_e.html>Rakuten</a>,EL
Watanabe Yoshiaki,28,118,107,16,41,6,1,1,52,13,0,0,2,0,11,8,0,1,2,0.383,0.431,0.486,0.917,166,0.103,0.421,16.9%,9.3%,6.8%,0.73,<a href=https://npb.jp/bis/eng/teams/index_e.html>Rakuten</a>,EL
Yamasaki Tsuyoshi,3,13,12,0,1,0,0,0,1,1,0,0,0,0,5,1,0,0,0,0.083,0.154,0.083,0.237,-30,0.000,0.143,46.2%,38.5%,7.7%,0.20,<a href=https://npb.jp/bis/eng/teams/index_e.html>Rakuten</a>,EL
Yamazaki Maaki,70,219,192,27,52,10,0,1,65,25,1,1,2,5,22,15,0,5,6,0.271,0.332,0.339,0.671,95,0.068,0.293,17.4%,10.0%,6.8%,0.68,<a href=https://npb.jp/bis/eng/teams/index_e.html>Rakuten</a>,EL
Yanagisawa Ozora,25,25,25,3,1,1,0,0,2,1,1,0,0,0,11,0,0,0,1,0.040,0.040,0.080,0.120,-66,0.040,0.071,44.0%,44.0%,0.0%,0.00,<a href=https://npb.jp/bis/eng/teams/index_e.html>Rakuten</a>,EL
Yasuda Yuma,30,90,74,9,19,4,0,4,35,15,0,0,0,1,14,15,0,0,3,0.257,0.378,0.473,0.851,146,0.216,0.263,36.7%,15.6%,16.7%,1.07,<a href=https://npb.jp/bis/eng/teams/index_e.html>Rakuten</a>,EL
Yokoo Toshitake,86,256,216,25,60,11,0,6,89,39,0,0,2,2,35,28,0,8,6,0.278,0.378,0.412,0.790,130,0.134,0.305,27.0%,13.7%,10.9%,0.80,<a href=https://npb.jp/bis/eng/teams/index_e.html>Rakuten</a>,EL
Yoshimochi Ryota,56,82,72,16,21,2,0,0,23,5,5,0,1,1,11,6,0,2,3,0.292,0.358,0.319,0.677,97,0.027,0.339,20.7%,13.4%,7.3%,0.55,<a href=https://npb.jp/bis/eng/teams/index_e.html>Rakuten</a>,EL
Yoshino Soshi,48,129,122,8,24,6,1,1,35,8,1,1,0,0,44,5,0,2,1,0.197,0.240,0.287,0.527,52,0.090,0.299,38.8%,34.1%,3.9%,0.11,<a href=https://npb.jp/bis/eng/teams/index_e.html>Rakuten</a>,EL
Cuadrado Romer,56,196,181,21,41,8,0,6,67,24,0,1,0,3,63,12,0,0,5,0.227,0.270,0.370,0.640,83,0.143,0.304,41.3%,32.1%,6.1%,0.19,<a href=https://npb.jp/bis/eng/teams/index_l.html>Seibu</a>,EL
Furuichi Takeru,15,33,28,2,5,1,0,0,6,0,1,2,0,0,2,5,0,0,1,0.179,0.303,0.214,0.517,50,0.035,0.192,21.2%,6.1%,15.2%,2.50,<a href=https://npb.jp/bis/eng/teams/index_l.html>Seibu</a>,EL
Genda Sosuke,3,9,8,2,2,1,0,0,3,0,1,0,0,0,0,1,0,0,0,0.250,0.333,0.375,0.708,104,0.125,0.250,11.1%,0.0%,11.1%,1.00,<a href=https://npb.jp/bis/eng/teams/index_l.html>Seibu</a>,EL
Hasegawa Shinya,45,187,163,39,51,5,3,8,86,24,10,5,2,0,28,18,0,4,6,0.313,0.395,0.528,0.923,164,0.215,0.339,28.9%,15.0%,9.6%,0.64,<a href=https://npb.jp/bis/eng/teams/index_l.html>Seibu</a>,EL
Hiranuma Shota,35,106,96,10,15,2,1,0,19,2,3,1,1,0,15,8,0,1,5,0.156,0.229,0.198,0.427,24,0.042,0.185,21.7%,14.2%,7.5%,0.53,<a href=https://npb.jp/bis/eng/teams/index_l.html>Seibu</a>,EL
Kaneko Yuji,11,36,32,4,11,1,0,0,12,2,2,0,0,1,6,3,0,0,0,0.344,0.389,0.375,0.764,121,0.031,0.407,25.0%,16.7%,8.3%,0.50,<a href=https://npb.jp/bis/eng/teams/index_l.html>Seibu</a>,EL
Kawagoe Seiji,41,154,130,18,35,5,1,3,51,18,2,2,0,1,25,22,0,1,1,0.269,0.377,0.392,0.769,122,0.123,0.311,32.5%,16.2%,14.3%,0.88,<a href=https://npb.jp/bis/eng/teams/index_l.html>Seibu</a>,EL
Kawamura Keishin,31,111,90,12,14,5,0,0,19,5,0,0,0,3,17,17,0,1,3,0.156,0.288,0.211,0.499,46,0.055,0.184,30.6%,15.3%,15.3%,1.00,<a href=https://npb.jp/bis/eng/teams/index_l.html>Seibu</a>,EL
Kawano Ryota,62,215,184,24,46,11,1,4,71,14,2,7,7,5,43,17,0,2,4,0.250,0.313,0.386,0.699,101,0.136,0.296,29.8%,20.0%,7.9%,0.40,<a href=https://npb.jp/bis/eng/teams/index_l.html>Seibu</a>,EL
Kishi Junichiro,24,79,68,12,16,4,1,1,25,6,3,1,1,0,12,9,0,1,5,0.235,0.333,0.368,0.701,102,0.133,0.273,27.8%,15.2%,11.4%,0.75,<a href=https://npb.jp/bis/eng/teams/index_l.html>Seibu</a>,EL
Koga Yuto,25,79,64,10,18,3,1,1,26,6,0,0,3,1,15,11,0,0,1,0.281,0.382,0.406,0.788,127,0.125,0.347,34.2%,19.0%,13.9%,0.73,<a href=https://npb.jp/bis/eng/teams/index_l.html>Seibu</a>,EL
Kumashiro Masato,14,30,27,2,6,1,0,0,7,1,0,0,0,0,4,3,0,0,0,0.222,0.300,0.259,0.559,62,0.037,0.261,23.3%,13.3%,10.0%,0.75,<a href=https://npb.jp/bis/eng/teams/index_l.html>Seibu</a>,EL
Kuriyama Takumi,3,8,7,2,3,0,0,0,3,1,0,0,0,0,1,0,0,1,0,0.429,0.500,0.429,0.929,169,0.000,0.500,12.5%,12.5%,0.0%,0.00,<a href=https://npb.jp/bis/eng/teams/index_l.html>Seibu</a>,EL
Makino Shoya,1,3,3,0,0,0,0,0,0,0,0,0,0,0,1,0,0,0,0,0.000,0.000,0.000,0.000,-99,0.000,0.000,33.3%,33.3%,0.0%,0.00,<a href=https://npb.jp/bis/eng/teams/index_l.html>Seibu</a>,EL
Miyamoto Joseph Ken,43,97,91,12,17,1,1,1,23,8,5,1,2,0,25,4,0,0,3,0.187,0.221,0.253,0.474,37,0.066,0.246,30.9%,25.8%,4.1%,0.16,<a href=https://npb.jp/bis/eng/teams/index_l.html>Seibu</a>,EL
Mori Tomoya,9,28,26,3,7,1,0,2,14,2,0,0,0,0,5,2,0,0,0,0.269,0.321,0.538,0.859,145,0.269,0.263,32.1%,17.9%,7.1%,0.40,<a href=https://npb.jp/bis/eng/teams/index_l.html>Seibu</a>,EL
Nakaguma Daichi,66,209,182,13,50,4,0,1,57,24,0,2,1,1,34,22,0,3,2,0.275,0.361,0.313,0.674,95,0.038,0.331,27.3%,16.3%,10.5%,0.65,<a href=https://npb.jp/bis/eng/teams/index_l.html>Seibu</a>,EL
Nakamigawa Yuta,47,136,117,16,22,4,0,9,53,18,0,0,1,1,33,15,0,2,4,0.188,0.289,0.453,0.742,112,0.265,0.171,41.9%,24.3%,11.0%,0.45,<a href=https://npb.jp/bis/eng/teams/index_l.html>Seibu</a>,EL
Nakamura Takeya,3,9,9,1,3,1,0,0,4,4,0,0,0,0,2,0,0,0,1,0.333,0.333,0.444,0.777,123,0.111,0.429,22.2%,22.2%,0.0%,0.00,<a href=https://npb.jp/bis/eng/teams/index_l.html>Seibu</a>,EL
Nakayama Seigo,44,112,94,6,14,1,1,2,23,16,0,0,1,4,27,11,0,2,5,0.149,0.243,0.245,0.488,42,0.096,0.174,35.7%,24.1%,9.8%,0.41,<a href=https://npb.jp/bis/eng/teams/index_l.html>Seibu</a>,EL
Nishikawa Manaya,41,154,143,20,39,9,5,6,76,20,1,1,1,1,23,9,0,0,1,0.273,0.314,0.531,0.845,141,0.258,0.287,24.7%,14.9%,5.8%,0.39,<a href=https://npb.jp/bis/eng/teams/index_l.html>Seibu</a>,EL
O'Grady Brian,2,6,4,0,0,0,0,0,0,0,0,0,0,0,0,2,0,0,0,0.000,0.333,0.000,0.333,2,0.000,0.000,33.3%,0.0%,33.3%,1.00,<a href=https://npb.jp/bis/eng/teams/index_l.html>Seibu</a>,EL
Okada Masatoshi,17,34,25,2,4,0,0,1,7,5,0,0,2,0,2,5,0,2,1,0.160,0.344,0.280,0.624,81,0.120,0.136,23.5%,5.9%,14.7%,2.50,<a href=https://npb.jp/bis/eng/teams/index_l.html>Seibu</a>,EL
Saito Masato,49,154,124,15,30,3,0,0,33,17,0,2,6,1,28,21,0,2,7,0.242,0.358,0.266,0.624,82,0.024,0.309,31.8%,18.2%,13.6%,0.75,<a href=https://npb.jp/bis/eng/teams/index_l.html>Seibu</a>,EL
Suzuki Shohei,39,139,119,16,35,4,4,1,50,17,4,5,1,0,19,18,0,1,1,0.294,0.391,0.420,0.811,134,0.126,0.343,27.3%,13.7%,12.9%,0.95,<a href=https://npb.jp/bis/eng/teams/index_l.html>Seibu</a>,EL
Takagi Wataru,69,283,252,35,69,16,2,15,134,46,1,0,1,1,53,28,0,1,3,0.274,0.348,0.532,0.880,150,0.258,0.292,33.9%,18.7%,9.9%,0.53,<a href=https://npb.jp/bis/eng/teams/index_l.html>Seibu</a>,EL
Takeda Aito,1,5,4,2,2,0,0,1,5,4,0,0,0,0,1,1,0,0,0,0.500,0.600,1.250,1.850,423,0.750,0.500,60.0%,20.0%,20.0%,1.00,<a href=https://npb.jp/bis/eng/teams/index_l.html>Seibu</a>,EL
Takizawa Natsuo,38,118,108,14,28,0,0,1,31,5,7,7,1,0,19,8,0,1,4,0.259,0.316,0.287,0.603,74,0.028,0.307,23.7%,16.1%,6.8%,0.42,<a href=https://npb.jp/bis/eng/teams/index_l.html>Seibu</a>,EL
Togawa Daisuke,55,158,141,13,29,7,0,3,45,18,1,0,0,0,35,16,0,1,2,0.206,0.291,0.319,0.610,76,0.113,0.252,34.2%,22.2%,10.1%,0.46,<a href=https://npb.jp/bis/eng/teams/index_l.html>Seibu</a>,EL
Tonosaki Shuta,2,8,7,3,5,0,1,1,10,2,0,0,0,1,1,0,0,0,0,0.714,0.625,1.429,2.054,478,0.715,0.667,25.0%,12.5%,0.0%,0.00,<a href=https://npb.jp/bis/eng/teams/index_l.html>Seibu</a>,EL
Tsuge Sena,12,38,36,5,11,1,0,0,12,3,0,0,0,0,7,2,0,0,0,0.306,0.342,0.333,0.675,95,0.027,0.379,23.7%,18.4%,5.3%,0.29,<a href=https://npb.jp/bis/eng/teams/index_l.html>Seibu</a>,EL
Tysinger Brandon Taiga,19,63,55,5,19,6,0,2,31,11,0,1,0,0,11,7,0,1,1,0.345,0.429,0.564,0.993,184,0.219,0.405,31.7%,17.5%,11.1%,0.64,<a href=https://npb.jp/bis/eng/teams/index_l.html>Seibu</a>,EL
Wakabayashi Gakuto,38,156,144,22,36,5,0,4,53,17,4,1,2,1,25,8,0,1,4,0.250,0.292,0.368,0.660,89,0.118,0.276,23.7%,16.0%,5.1%,0.32,<a href=https://npb.jp/bis/eng/teams/index_l.html>Seibu</a>,EL
Watanabe Kento,97,350,299,28,55,11,0,10,96,30,6,1,1,2,93,42,1,6,8,0.184,0.295,0.321,0.616,77,0.137,0.227,41.4%,26.6%,12.0%,0.45,<a href=https://npb.jp/bis/eng/teams/index_l.html>Seibu</a>,EL
Witte Jantzen,46,161,152,13,37,8,0,4,57,17,0,2,0,3,24,4,0,2,4,0.243,0.267,0.375,0.642,84,0.132,0.260,19.9%,14.9%,2.5%,0.17,<a href=https://npb.jp/bis/eng/teams/index_l.html>Seibu</a>,EL
Wu Nien-Ting,21,89,72,9,17,2,0,0,19,6,1,0,0,1,16,15,0,1,2,0.236,0.371,0.264,0.635,85,0.028,0.298,34.8%,18.0%,16.9%,0.94,<a href=https://npb.jp/bis/eng/teams/index_l.html>Seibu</a>,EL
Yamada Haruka,22,67,56,9,15,7,0,2,28,12,3,1,2,0,14,9,0,0,1,0.268,0.369,0.500,0.869,149,0.232,0.325,37.3%,20.9%,13.4%,0.64,<a href=https://npb.jp/bis/eng/teams/index_l.html>Seibu</a>,EL
Yamamura Takayoshi,60,239,219,27,65,13,1,0,80,16,3,2,4,3,35,11,0,2,1,0.297,0.332,0.365,0.697,101,0.068,0.348,19.2%,14.6%,4.6%,0.31,<a href=https://npb.jp/bis/eng/teams/index_l.html>Seibu</a>,EL
Yamanobe Kakeru,49,160,139,30,39,5,3,4,62,18,8,5,1,2,13,17,0,1,8,0.281,0.358,0.446,0.804,131,0.165,0.282,21.2%,8.1%,10.6%,1.31,<a href=https://npb.jp/bis/eng/teams/index_l.html>Seibu</a>,EL
Abe Kazuhiro,26,52,43,7,9,1,0,0,10,1,4,2,0,0,9,7,0,2,0,0.209,0.346,0.233,0.579,70,0.024,0.265,30.8%,17.3%,13.5%,0.78,<a href=https://npb.jp/bis/eng/teams/index_f.html>Nipponham</a>,EL
Arizono Naoki,60,184,165,11,37,10,1,3,58,16,0,3,2,0,55,14,0,3,2,0.224,0.297,0.352,0.649,87,0.128,0.318,39.1%,29.9%,7.6%,0.25,<a href=https://npb.jp/bis/eng/teams/index_f.html>Nipponham</a>,EL
Asama Daiki,5,14,13,2,3,0,0,0,3,0,1,1,0,0,3,1,0,0,0,0.231,0.286,0.231,0.517,51,0.000,0.300,28.6%,21.4%,7.1%,0.33,<a href=https://npb.jp/bis/eng/teams/index_f.html>Nipponham</a>,EL
Furukawa Yudai,42,103,87,8,22,7,3,2,41,8,0,1,4,0,26,11,0,1,0,0.253,0.343,0.471,0.814,135,0.218,0.339,37.9%,25.2%,10.7%,0.42,<a href=https://npb.jp/bis/eng/teams/index_f.html>Nipponham</a>,EL
Hayamizu Takanari,66,179,163,16,31,8,0,5,54,14,1,1,0,2,69,13,0,1,4,0.190,0.251,0.331,0.582,68,0.141,0.286,48.6%,38.5%,7.3%,0.19,<a href=https://npb.jp/bis/eng/teams/index_f.html>Nipponham</a>,EL
Higuchi Ryunosuke,83,247,221,22,54,9,0,7,84,27,0,0,2,1,55,16,0,7,10,0.244,0.314,0.380,0.694,101,0.136,0.294,31.6%,22.3%,6.5%,0.29,<a href=https://npb.jp/bis/eng/teams/index_f.html>Nipponham</a>,EL
Hosokawa Ryohei,69,216,198,13,32,3,1,1,40,6,4,6,4,2,39,11,0,1,6,0.162,0.208,0.202,0.410,19,0.040,0.194,23.6%,18.1%,5.1%,0.28,<a href=https://npb.jp/bis/eng/teams/index_f.html>Nipponham</a>,EL
Imagawa Yuma,16,62,59,10,17,2,1,4,33,8,0,0,0,0,9,1,0,2,0,0.288,0.323,0.559,0.882,153,0.271,0.283,22.6%,14.5%,1.6%,0.11,<a href=https://npb.jp/bis/eng/teams/index_f.html>Nipponham</a>,EL
Ishii Kazunari,7,22,19,2,2,0,0,1,5,3,0,0,0,0,6,3,0,0,0,0.105,0.227,0.263,0.490,42,0.158,0.083,45.5%,27.3%,13.6%,0.50,<a href=https://npb.jp/bis/eng/teams/index_f.html>Nipponham</a>,EL
Ishikawa Ryo,30,79,69,7,13,2,0,2,21,7,0,0,0,0,13,10,0,0,1,0.188,0.291,0.304,0.595,72,0.116,0.204,31.6%,16.5%,12.7%,0.77,<a href=https://npb.jp/bis/eng/teams/index_f.html>Nipponham</a>,EL
Isobata Ryota,10,29,28,1,6,2,0,0,8,0,3,1,1,0,7,0,0,0,0,0.214,0.214,0.286,0.500,44,0.072,0.286,24.1%,24.1%,0.0%,0.00,<a href=https://npb.jp/bis/eng/teams/index_f.html>Nipponham</a>,EL
Kamikawabata Daigo,10,36,34,0,11,1,0,0,12,2,0,0,0,0,3,2,0,0,1,0.324,0.361,0.353,0.714,108,0.029,0.355,13.9%,8.3%,5.6%,0.67,<a href=https://npb.jp/bis/eng/teams/index_f.html>Nipponham</a>,EL
Kataoka Shoto,79,263,226,23,50,2,2,6,74,20,2,2,5,3,65,29,0,0,4,0.221,0.306,0.327,0.633,83,0.106,0.278,38.0%,24.7%,11.0%,0.45,<a href=https://npb.jp/bis/eng/teams/index_f.html>Nipponham</a>,EL
Kimura Fumikazu,17,40,32,4,9,4,0,3,22,8,2,0,1,0,9,7,0,0,0,0.281,0.410,0.688,1.098,215,0.407,0.300,47.5%,22.5%,17.5%,0.78,<a href=https://npb.jp/bis/eng/teams/index_f.html>Nipponham</a>,EL
Kiyomiya Kotaro,1,4,4,0,0,0,0,0,0,0,0,0,0,0,0,0,0,0,0,0.000,0.000,0.000,0.000,-101,0.000,0.000,0.0%,0.0%,0.0%,,<a href=https://npb.jp/bis/eng/teams/index_f.html>Nipponham</a>,EL
Kohri Takuya,25,60,52,6,11,1,0,3,21,6,2,1,2,0,9,4,0,2,0,0.212,0.293,0.404,0.697,102,0.192,0.200,26.7%,15.0%,6.7%,0.44,<a href=https://npb.jp/bis/eng/teams/index_f.html>Nipponham</a>,EL
Kondoh Kensuke,7,24,19,4,5,1,0,0,6,0,0,0,0,0,4,5,0,0,0,0.263,0.417,0.316,0.733,115,0.053,0.333,37.5%,16.7%,20.8%,1.25,<a href=https://npb.jp/bis/eng/teams/index_f.html>Nipponham</a>,EL
Mannami Chusei,17,59,49,10,18,4,0,2,28,7,0,2,0,0,12,10,0,0,0,0.367,0.475,0.571,1.046,203,0.204,0.457,40.7%,20.3%,16.9%,0.83,<a href=https://npb.jp/bis/eng/teams/index_f.html>Nipponham</a>,EL
Matsumoto Go,1,2,1,1,1,0,0,0,1,0,0,0,0,0,0,1,0,0,0,1.000,1.000,1.000,2.000,483,0.000,1.000,50.0%,0.0%,50.0%,1.00,<a href=https://npb.jp/bis/eng/teams/index_f.html>Nipponham</a>,EL
Miyata Hokuto,31,68,60,9,17,1,1,1,23,7,6,3,3,1,14,4,0,0,2,0.283,0.323,0.383,0.706,105,0.100,0.348,27.9%,20.6%,5.9%,0.29,<a href=https://npb.jp/bis/eng/teams/index_f.html>Nipponham</a>,EL
Mizuno Tatsuki,38,98,90,12,21,2,2,4,39,16,3,1,0,0,26,5,0,3,1,0.233,0.296,0.433,0.729,110,0.200,0.283,35.7%,26.5%,5.1%,0.19,<a href=https://npb.jp/bis/eng/teams/index_f.html>Nipponham</a>,EL
Nakashima Takuya,30,90,78,8,16,1,0,0,17,6,3,2,2,0,14,9,0,1,0,0.205,0.295,0.218,0.513,50,0.013,0.250,25.6%,15.6%,10.0%,0.64,<a href=https://npb.jp/bis/eng/teams/index_f.html>Nipponham</a>,EL
Nanba Yuhei,48,121,114,10,30,3,1,0,35,6,2,2,2,1,19,4,0,0,2,0.263,0.286,0.307,0.593,72,0.044,0.312,19.0%,15.7%,3.3%,0.21,<a href=https://npb.jp/bis/eng/teams/index_f.html>Nipponham</a>,EL
Nomura Yuki,13,41,38,7,11,2,0,1,16,3,0,0,0,0,6,2,0,1,0,0.289,0.341,0.421,0.762,121,0.132,0.323,22.0%,14.6%,4.9%,0.33,<a href=https://npb.jp/bis/eng/teams/index_f.html>Nipponham</a>,EL
Nunez Renato,31,103,96,13,28,4,0,7,53,17,0,0,0,0,24,4,1,3,0,0.292,0.340,0.552,0.892,157,0.260,0.323,34.0%,23.3%,3.9%,0.17,<a href=https://npb.jp/bis/eng/teams/index_f.html>Nipponham</a>,EL
Sakaguchi Uta,64,191,177,10,29,4,0,1,36,5,1,1,3,1,83,10,0,0,2,0.164,0.207,0.203,0.410,19,0.039,0.298,49.2%,43.5%,5.2%,0.12,<a href=https://npb.jp/bis/eng/teams/index_f.html>Nipponham</a>,EL
Satoh Ryusei,54,179,158,17,43,10,1,8,79,26,0,1,2,0,27,18,0,1,5,0.272,0.350,0.500,0.850,145,0.228,0.285,29.6%,15.1%,10.1%,0.67,<a href=https://npb.jp/bis/eng/teams/index_f.html>Nipponham</a>,EL
Shimizu Yushi,34,99,83,8,21,5,0,2,32,8,1,0,2,0,15,14,0,0,2,0.253,0.361,0.386,0.747,117,0.133,0.288,31.3%,15.2%,14.1%,0.93,<a href=https://npb.jp/bis/eng/teams/index_f.html>Nipponham</a>,EL
Sugiya Kenshi,11,29,27,3,6,1,1,0,9,3,2,0,0,0,5,2,0,0,0,0.222,0.276,0.333,0.609,76,0.111,0.273,24.1%,17.2%,6.9%,0.40,<a href=https://npb.jp/bis/eng/teams/index_f.html>Nipponham</a>,EL
Takahama Yuto,71,234,199,27,53,13,0,5,81,20,0,2,0,1,56,29,0,5,6,0.266,0.372,0.407,0.779,127,0.141,0.345,38.5%,23.9%,12.4%,0.52,<a href=https://npb.jp/bis/eng/teams/index_f.html>Nipponham</a>,EL
Tamiya Yua,49,133,128,11,28,6,2,1,41,9,8,3,0,2,21,2,0,1,2,0.219,0.233,0.320,0.553,59,0.101,0.250,18.0%,15.8%,1.5%,0.10,<a href=https://npb.jp/bis/eng/teams/index_f.html>Nipponham</a>,EL
Uehara Kenta,12,16,15,0,0,0,0,0,0,0,0,0,0,0,10,1,0,0,0,0.000,0.063,0.000,0.063,-81,0.000,0.000,68.8%,62.5%,6.2%,0.10,<a href=https://npb.jp/bis/eng/teams/index_f.html>Nipponham</a>,EL
Ueno Kyohei,72,222,204,14,38,6,1,0,46,11,4,1,4,0,59,10,0,4,4,0.186,0.239,0.225,0.464,35,0.039,0.262,31.1%,26.6%,4.5%,0.17,<a href=https://npb.jp/bis/eng/teams/index_f.html>Nipponham</a>,EL
Umebayashi Yuki,39,83,80,11,22,3,1,2,33,6,4,2,0,0,15,3,0,0,1,0.275,0.301,0.413,0.714,106,0.138,0.317,24.1%,18.1%,3.6%,0.20,<a href=https://npb.jp/bis/eng/teams/index_f.html>Nipponham</a>,EL
Usami Shingo,2,8,6,0,2,0,0,0,2,3,0,1,0,1,0,0,0,1,0,0.333,0.375,0.333,0.708,107,0.000,0.286,0.0%,0.0%,0.0%,,<a href=https://npb.jp/bis/eng/teams/index_f.html>Nipponham</a>,EL
Wang Po-Jung,50,137,122,13,40,9,0,4,61,14,0,2,0,1,17,11,0,3,3,0.328,0.394,0.500,0.894,159,0.172,0.353,23.4%,12.4%,8.0%,0.65,<a href=https://npb.jp/bis/eng/teams/index_f.html>Nipponham</a>,EL
Watanabe Ryo,32,101,88,11,21,7,1,3,39,6,1,0,0,0,25,12,0,1,3,0.239,0.337,0.443,0.780,126,0.204,0.300,39.6%,24.8%,11.9%,0.48,<a href=https://npb.jp/bis/eng/teams/index_f.html>Nipponham</a>,EL
Yachi Ryota,17,46,40,6,9,3,0,0,12,6,1,0,0,0,5,5,0,1,1,0.225,0.326,0.300,0.626,82,0.075,0.257,21.7%,10.9%,10.9%,1.00,<a href=https://npb.jp/bis/eng/teams/index_f.html>Nipponham</a>,EL
