Player,G,PA,AB,R,H,2B,3B,HR,TB,RBI,SB,CS,SH,SF,SO,BB,IBB,HP,GDP,AVG,OBP,SLG,OPS,OPS+,ISO,BABIP,TTO%,K%,BB%,BB/K,Team,League
Alcantara Raul,6,2,1,0,0,0,0,0,0,0,0,0,0,0,0,1,0,0,0,0.000,0.500,0.000,0.500,54,0.000,0.000,50.0%,0.0%,50.0%,1.00,<a href=https://npb.jp/bis/eng/teams/index_t.html>Hanshin</a>,WL
Araki Fumiya,52,104,94,14,29,5,1,1,39,11,4,3,0,2,14,8,0,0,2,0.309,0.356,0.415,0.771,122,0.106,0.346,22.1%,13.5%,7.7%,0.57,<a href=https://npb.jp/bis/eng/teams/index_t.html>Hanshin</a>,WL
Chikamoto Koji,1,3,3,0,0,0,0,0,0,0,0,0,0,0,0,0,0,0,0,0.000,0.000,0.000,0.000,-102,0.000,0.000,0.0%,0.0%,0.0%,,<a href=https://npb.jp/bis/eng/teams/index_t.html>Hanshin</a>,WL
Egoshi Taiga,47,201,179,30,45,7,2,7,77,19,7,3,1,0,79,15,1,6,2,0.251,0.330,0.430,0.760,118,0.179,0.409,50.2%,39.3%,7.5%,0.19,<a href=https://npb.jp/bis/eng/teams/index_t.html>Hanshin</a>,WL
Endo Jo,86,267,230,25,54,5,3,0,65,21,3,2,12,3,57,18,0,4,4,0.235,0.298,0.283,0.581,68,0.048,0.307,28.1%,21.3%,6.7%,0.32,<a href=https://npb.jp/bis/eng/teams/index_t.html>Hanshin</a>,WL
Fujikawa Shunsuke,29,46,40,3,10,1,0,0,11,2,1,2,0,0,5,6,1,0,2,0.250,0.348,0.275,0.623,82,0.025,0.286,23.9%,10.9%,13.0%,1.20,<a href=https://npb.jp/bis/eng/teams/index_t.html>Hanshin</a>,WL
Fujita Kento,32,45,42,3,6,1,0,0,7,0,0,0,0,0,14,2,0,1,1,0.143,0.200,0.167,0.367,6,0.024,0.214,35.6%,31.1%,4.4%,0.14,<a href=https://npb.jp/bis/eng/teams/index_t.html>Hanshin</a>,WL
Fujitani Kosuke,24,20,19,0,1,0,0,0,1,1,0,0,0,1,8,0,0,0,1,0.053,0.050,0.053,0.103,-72,0.000,0.083,40.0%,40.0%,0.0%,0.00,<a href=https://npb.jp/bis/eng/teams/index_t.html>Hanshin</a>,WL
Haraguchi Fumihito,5,19,16,2,2,0,0,0,2,1,0,0,0,1,1,1,0,1,2,0.125,0.211,0.125,0.336,-2,0.000,0.125,10.5%,5.3%,5.3%,1.00,<a href=https://npb.jp/bis/eng/teams/index_t.html>Hanshin</a>,WL
Hojoh Fumiya,17,56,50,4,15,3,0,1,21,6,2,0,0,0,10,4,0,2,3,0.300,0.375,0.420,0.795,130,0.120,0.359,26.8%,17.9%,7.1%,0.40,<a href=https://npb.jp/bis/eng/teams/index_t.html>Hanshin</a>,WL
Inoue Kouta,68,275,255,35,68,19,2,9,118,50,2,0,0,3,95,15,0,2,4,0.267,0.309,0.463,0.772,120,0.196,0.383,43.3%,34.5%,5.5%,0.16,<a href=https://npb.jp/bis/eng/teams/index_t.html>Hanshin</a>,WL
Itayama Yutaro,64,244,215,28,57,9,7,5,95,33,12,4,1,2,34,26,0,0,5,0.265,0.342,0.442,0.784,126,0.177,0.292,26.6%,13.9%,10.7%,0.76,<a href=https://npb.jp/bis/eng/teams/index_t.html>Hanshin</a>,WL
Itohara Kento,4,13,10,2,4,0,0,0,4,2,0,0,0,1,1,2,0,0,0,0.400,0.462,0.400,0.862,151,0.000,0.400,23.1%,7.7%,15.4%,2.00,<a href=https://npb.jp/bis/eng/teams/index_t.html>Hanshin</a>,WL
Itoi Yoshio,1,2,2,0,1,1,0,0,2,0,0,0,0,0,0,0,0,0,0,0.500,0.500,1.000,1.500,327,0.500,0.500,0.0%,0.0%,0.0%,,<a href=https://npb.jp/bis/eng/teams/index_t.html>Hanshin</a>,WL
Katayama Yuya,45,81,69,13,15,1,0,3,25,5,3,1,0,0,13,12,0,0,0,0.217,0.333,0.362,0.695,101,0.145,0.226,34.6%,16.0%,14.8%,0.92,<a href=https://npb.jp/bis/eng/teams/index_t.html>Hanshin</a>,WL
Kinami Seiya,20,83,78,11,28,5,0,1,36,15,1,1,0,2,8,3,0,0,3,0.359,0.373,0.462,0.835,140,0.103,0.380,14.5%,9.6%,3.6%,0.38,<a href=https://npb.jp/bis/eng/teams/index_t.html>Hanshin</a>,WL
Kumagai Takahiro,25,102,86,12,22,4,1,0,28,9,5,0,6,0,15,10,0,0,0,0.256,0.333,0.326,0.659,91,0.070,0.310,24.5%,14.7%,9.8%,0.67,<a href=https://npb.jp/bis/eng/teams/index_t.html>Hanshin</a>,WL
Marte Jefry,5,15,13,3,6,1,0,2,13,4,0,0,0,0,4,2,0,0,0,0.462,0.533,1.000,1.533,337,0.538,0.571,53.3%,26.7%,13.3%,0.50,<a href=https://npb.jp/bis/eng/teams/index_t.html>Hanshin</a>,WL
Nagasaka Kenya,66,193,165,13,35,6,0,0,41,11,3,2,3,1,45,21,0,3,4,0.212,0.311,0.248,0.559,62,0.036,0.289,34.2%,23.3%,10.9%,0.47,<a href=https://npb.jp/bis/eng/teams/index_t.html>Hanshin</a>,WL
Nakano Takumu,2,8,8,0,3,0,0,0,3,0,0,0,0,0,1,0,0,0,1,0.375,0.375,0.375,0.750,117,0.000,0.429,12.5%,12.5%,0.0%,0.00,<a href=https://npb.jp/bis/eng/teams/index_t.html>Hanshin</a>,WL
Nakatani Masahiro,59,225,203,20,54,10,2,5,83,26,5,1,0,1,33,20,0,1,3,0.266,0.333,0.409,0.742,113,0.143,0.295,25.8%,14.7%,8.9%,0.61,<a href=https://npb.jp/bis/eng/teams/index_t.html>Hanshin</a>,WL
Obata Ryuhei,65,277,244,35,70,11,1,0,83,18,14,5,5,1,42,26,0,1,3,0.287,0.357,0.340,0.697,102,0.053,0.345,24.5%,15.2%,9.4%,0.62,<a href=https://npb.jp/bis/eng/teams/index_t.html>Hanshin</a>,WL
Ohyama Yusuke,2,8,7,1,2,0,0,0,2,0,0,0,0,0,1,1,0,0,0,0.286,0.375,0.286,0.661,93,0.000,0.333,25.0%,12.5%,12.5%,1.00,<a href=https://npb.jp/bis/eng/teams/index_t.html>Hanshin</a>,WL
Okuyama Kouta,33,23,19,4,5,1,0,0,6,1,0,1,1,0,8,3,0,0,1,0.263,0.364,0.316,0.680,98,0.053,0.455,47.8%,34.8%,13.0%,0.38,<a href=https://npb.jp/bis/eng/teams/index_t.html>Hanshin</a>,WL
Onodera Dan,75,303,267,36,84,12,3,6,120,44,9,2,1,1,39,33,0,1,6,0.315,0.391,0.449,0.840,143,0.134,0.350,25.7%,12.9%,10.9%,0.85,<a href=https://npb.jp/bis/eng/teams/index_t.html>Hanshin</a>,WL
Oyokawa Masaki,8,2,2,0,0,0,0,0,0,0,0,0,0,0,2,0,0,0,0,0.000,0.000,0.000,0.000,-102,0.000,,100.0%,100.0%,0.0%,0.00,<a href=https://npb.jp/bis/eng/teams/index_t.html>Hanshin</a>,WL
Rojas Jr. Mel,36,130,105,24,28,6,0,7,55,20,4,0,0,1,31,21,0,3,2,0.267,0.400,0.524,0.924,165,0.257,0.309,45.4%,23.8%,16.2%,0.68,<a href=https://npb.jp/bis/eng/teams/index_t.html>Hanshin</a>,WL
Sakaeda Yuki,47,129,109,17,28,5,3,1,42,18,2,1,4,0,23,14,1,2,2,0.257,0.352,0.385,0.737,112,0.128,0.318,29.5%,17.8%,10.9%,0.61,<a href=https://npb.jp/bis/eng/teams/index_t.html>Hanshin</a>,WL
Sakamoto Seishiro,5,17,15,2,6,3,0,0,9,4,0,0,0,0,4,2,0,0,0,0.400,0.471,0.600,1.071,208,0.200,0.545,35.3%,23.5%,11.8%,0.50,<a href=https://npb.jp/bis/eng/teams/index_t.html>Hanshin</a>,WL
Sato Teruaki,8,34,33,4,9,3,0,1,15,5,1,0,0,0,11,1,0,0,0,0.273,0.294,0.455,0.749,113,0.182,0.381,38.2%,32.4%,2.9%,0.09,<a href=https://npb.jp/bis/eng/teams/index_t.html>Hanshin</a>,WL
Shimada Kairi,63,228,195,37,67,7,6,3,95,29,21,7,6,1,28,25,0,1,4,0.344,0.419,0.487,0.906,161,0.143,0.388,24.6%,12.3%,11.0%,0.89,<a href=https://npb.jp/bis/eng/teams/index_t.html>Hanshin</a>,WL
Takatera Nozomu,58,157,136,16,22,5,2,1,34,10,2,1,3,0,28,17,0,1,3,0.162,0.260,0.250,0.510,47,0.088,0.196,29.3%,17.8%,10.8%,0.61,<a href=https://npb.jp/bis/eng/teams/index_t.html>Hanshin</a>,WL
Takayama Shun,95,351,321,28,65,11,3,3,91,23,8,6,2,1,45,24,0,2,7,0.202,0.261,0.283,0.544,56,0.081,0.226,20.5%,12.8%,6.8%,0.53,<a href=https://npb.jp/bis/eng/teams/index_t.html>Hanshin</a>,WL
Ueda Kai,18,54,45,5,8,1,0,0,9,1,3,0,3,0,9,6,0,0,1,0.178,0.275,0.200,0.475,39,0.022,0.222,27.8%,16.7%,11.1%,0.67,<a href=https://npb.jp/bis/eng/teams/index_t.html>Hanshin</a>,WL
Umeno Ryutaro,1,2,1,0,0,0,0,0,0,0,0,0,0,0,0,1,0,0,0,0.000,0.500,0.000,0.500,54,0.000,0.000,50.0%,0.0%,50.0%,1.00,<a href=https://npb.jp/bis/eng/teams/index_t.html>Hanshin</a>,WL
Yamamoto Yasuhiro,30,111,90,19,27,6,0,0,33,8,2,0,6,2,12,12,0,1,1,0.300,0.381,0.367,0.748,117,0.067,0.338,21.6%,10.8%,10.8%,1.00,<a href=https://npb.jp/bis/eng/teams/index_t.html>Hanshin</a>,WL
Yohkawa Naomasa,46,181,155,24,42,10,2,5,71,28,4,0,0,3,45,23,0,0,4,0.271,0.359,0.458,0.817,135,0.187,0.343,40.3%,24.9%,12.7%,0.51,<a href=https://npb.jp/bis/eng/teams/index_t.html>Hanshin</a>,WL
Abe Tomohiro,13,41,37,4,10,2,1,2,20,5,0,0,0,0,9,4,0,0,2,0.270,0.341,0.541,0.882,152,0.271,0.308,36.6%,22.0%,9.8%,0.44,<a href=https://npb.jp/bis/eng/teams/index_c.html>Hiroshima</a>,WL
Aizawa Tsubasa,4,10,8,1,4,1,0,0,5,1,0,0,0,0,0,2,0,0,1,0.500,0.600,0.625,1.225,255,0.125,0.500,20.0%,0.0%,20.0%,1.00,<a href=https://npb.jp/bis/eng/teams/index_c.html>Hiroshima</a>,WL
Chono Hisayoshi,11,30,27,1,6,1,0,0,7,1,0,0,0,0,3,3,0,0,1,0.222,0.300,0.259,0.559,62,0.037,0.250,20.0%,10.0%,10.0%,1.00,<a href=https://npb.jp/bis/eng/teams/index_c.html>Hiroshima</a>,WL
Cron Kevin,53,177,159,18,39,3,0,9,69,18,0,0,0,1,55,15,0,2,3,0.245,0.316,0.434,0.750,115,0.189,0.312,44.6%,31.1%,8.5%,0.27,<a href=https://npb.jp/bis/eng/teams/index_c.html>Hiroshima</a>,WL
Dohbayashi Shota,44,174,159,19,46,13,0,7,80,25,2,4,0,2,38,11,0,2,4,0.289,0.339,0.503,0.842,141,0.214,0.336,32.2%,21.8%,6.3%,0.29,<a href=https://npb.jp/bis/eng/teams/index_c.html>Hiroshima</a>,WL
Endoh Atsushi,20,7,5,1,0,0,0,0,0,0,0,0,1,0,1,1,0,0,0,0.000,0.167,0.000,0.167,-50,0.000,0.000,28.6%,14.3%,14.3%,1.00,<a href=https://npb.jp/bis/eng/teams/index_c.html>Hiroshima</a>,WL
Futamata Shoichi,46,141,133,15,29,5,1,4,48,14,0,0,0,2,28,3,0,3,4,0.218,0.248,0.361,0.609,73,0.143,0.243,24.8%,19.9%,2.1%,0.11,<a href=https://npb.jp/bis/eng/teams/index_c.html>Hiroshima</a>,WL
Hatsuki Ryutaro,40,176,138,22,40,3,3,0,49,11,20,7,2,0,25,35,0,1,1,0.290,0.437,0.355,0.792,131,0.065,0.354,34.1%,14.2%,19.9%,1.40,<a href=https://npb.jp/bis/eng/teams/index_c.html>Hiroshima</a>,WL
Hayashi Kota,38,144,137,19,35,6,0,6,59,18,0,1,0,1,25,6,0,0,2,0.255,0.285,0.431,0.716,104,0.176,0.271,25.7%,17.4%,4.2%,0.24,<a href=https://npb.jp/bis/eng/teams/index_c.html>Hiroshima</a>,WL
Ishihara Tomoki,17,59,55,4,21,8,0,2,35,11,0,0,0,0,12,4,0,0,1,0.382,0.424,0.636,1.060,204,0.254,0.463,30.5%,20.3%,6.8%,0.33,<a href=https://npb.jp/bis/eng/teams/index_c.html>Hiroshima</a>,WL
Isomura Yoshitaka,22,75,62,10,18,2,0,4,32,13,0,0,2,1,10,9,0,1,1,0.290,0.384,0.516,0.900,158,0.226,0.286,30.7%,13.3%,12.0%,0.90,<a href=https://npb.jp/bis/eng/teams/index_c.html>Hiroshima</a>,WL
Kemna Makoto,13,1,1,0,0,0,0,0,0,0,0,0,0,0,1,0,0,0,0,0.000,0.000,0.000,0.000,-102,0.000,,100.0%,100.0%,0.0%,0.00,<a href=https://npb.jp/bis/eng/teams/index_c.html>Hiroshima</a>,WL
Kikuchi Ryosuke,1,3,3,1,1,1,0,0,2,0,0,0,0,0,0,0,0,0,0,0.333,0.333,0.667,1.000,184,0.334,0.333,0.0%,0.0%,0.0%,,<a href=https://npb.jp/bis/eng/teams/index_c.html>Hiroshima</a>,WL
Kinoshita Motohide,89,292,278,29,67,15,3,2,94,22,2,1,0,1,39,10,0,3,7,0.241,0.274,0.338,0.612,76,0.097,0.273,17.5%,13.4%,3.4%,0.26,<a href=https://npb.jp/bis/eng/teams/index_c.html>Hiroshima</a>,WL
Kobayashi Tatsuto,8,5,4,0,1,0,0,0,1,1,0,0,1,0,2,0,0,0,0,0.250,0.250,0.250,0.500,44,0.000,0.500,40.0%,40.0%,0.0%,0.00,<a href=https://npb.jp/bis/eng/teams/index_c.html>Hiroshima</a>,WL
Kozono Kaito,20,84,79,10,23,1,2,1,31,4,4,2,2,0,7,3,0,0,1,0.291,0.317,0.392,0.709,104,0.101,0.310,13.1%,8.3%,3.6%,0.43,<a href=https://npb.jp/bis/eng/teams/index_c.html>Hiroshima</a>,WL
Kuri Aren,1,2,2,0,0,0,0,0,0,0,0,0,0,0,1,0,0,0,0,0.000,0.000,0.000,0.000,-102,0.000,0.000,50.0%,50.0%,0.0%,0.00,<a href=https://npb.jp/bis/eng/teams/index_c.html>Hiroshima</a>,WL
Kuwahara Tatsuki,62,145,128,13,31,5,4,0,44,9,0,0,2,0,24,15,0,0,5,0.242,0.322,0.344,0.666,92,0.102,0.298,26.9%,16.6%,10.3%,0.62,<a href=https://npb.jp/bis/eng/teams/index_c.html>Hiroshima</a>,WL
Matsuyama Ryuhei,4,11,11,1,4,0,0,0,4,2,0,0,0,0,2,0,0,0,1,0.364,0.364,0.364,0.728,111,0.000,0.444,18.2%,18.2%,0.0%,0.00,<a href=https://npb.jp/bis/eng/teams/index_c.html>Hiroshima</a>,WL
Mejia Alejandro,69,226,211,27,57,10,0,9,94,31,1,0,0,2,39,13,1,0,7,0.270,0.310,0.445,0.755,116,0.175,0.291,27.0%,17.3%,5.8%,0.33,<a href=https://npb.jp/bis/eng/teams/index_c.html>Hiroshima</a>,WL
Miyoshi Takumi,14,34,31,2,7,1,0,0,8,2,0,0,0,0,6,3,0,0,1,0.226,0.294,0.258,0.552,60,0.032,0.280,26.5%,17.6%,8.8%,0.50,<a href=https://npb.jp/bis/eng/teams/index_c.html>Hiroshima</a>,WL
Mochimaru Taiki,54,139,124,5,28,7,0,1,38,10,0,0,2,1,38,10,0,2,2,0.226,0.292,0.306,0.598,72,0.080,0.314,35.3%,27.3%,7.2%,0.26,<a href=https://npb.jp/bis/eng/teams/index_c.html>Hiroshima</a>,WL
Morishita Masato,1,1,1,0,0,0,0,0,0,0,0,0,0,0,0,0,0,0,0,0.000,0.000,0.000,0.000,-102,0.000,0.000,0.0%,0.0%,0.0%,,<a href=https://npb.jp/bis/eng/teams/index_c.html>Hiroshima</a>,WL
Nagai Atsushi,60,89,82,18,17,5,3,0,28,4,1,1,0,0,20,6,0,1,2,0.207,0.270,0.341,0.611,76,0.134,0.274,29.2%,22.5%,6.7%,0.30,<a href=https://npb.jp/bis/eng/teams/index_c.html>Hiroshima</a>,WL
Nakagami Takuto,53,116,108,6,16,2,1,1,23,8,0,0,3,1,34,4,0,0,2,0.148,0.177,0.213,0.390,11,0.065,0.203,33.6%,29.3%,3.4%,0.12,<a href=https://npb.jp/bis/eng/teams/index_c.html>Hiroshima</a>,WL
Nakamura Kyohei,16,1,1,0,0,0,0,0,0,0,0,0,0,0,1,0,0,0,0,0.000,0.000,0.000,0.000,-102,0.000,,100.0%,100.0%,0.0%,0.00,<a href=https://npb.jp/bis/eng/teams/index_c.html>Hiroshima</a>,WL
Nakamura Shosei,47,189,175,21,39,11,1,4,64,18,5,0,0,1,35,13,0,0,4,0.223,0.275,0.366,0.641,84,0.143,0.255,27.5%,18.5%,6.9%,0.37,<a href=https://npb.jp/bis/eng/teams/index_c.html>Hiroshima</a>,WL
Nakamura Yuta,16,15,14,1,2,0,0,0,2,0,0,0,0,0,4,1,0,0,1,0.143,0.200,0.143,0.343,-1,0.000,0.200,33.3%,26.7%,6.7%,0.25,<a href=https://npb.jp/bis/eng/teams/index_c.html>Hiroshima</a>,WL
Neverauskas Dovydas,14,7,7,1,1,0,0,0,1,0,0,0,0,0,5,0,0,0,0,0.143,0.143,0.143,0.286,-18,0.000,0.500,71.4%,71.4%,0.0%,0.00,<a href=https://npb.jp/bis/eng/teams/index_c.html>Hiroshima</a>,WL
Nirasawa Yuya,74,278,255,23,65,13,1,4,92,17,1,0,5,3,35,14,0,1,8,0.255,0.293,0.361,0.654,88,0.106,0.279,19.1%,12.6%,5.0%,0.40,<a href=https://npb.jp/bis/eng/teams/index_c.html>Hiroshima</a>,WL
Noma Takayoshi,7,26,23,3,4,1,0,0,5,1,1,0,0,0,4,3,0,0,2,0.174,0.269,0.217,0.486,41,0.043,0.211,26.9%,15.4%,11.5%,0.75,<a href=https://npb.jp/bis/eng/teams/index_c.html>Hiroshima</a>,WL
Nomura Yusuke,12,8,7,0,1,0,0,0,1,0,0,0,1,0,1,0,0,0,0,0.143,0.143,0.143,0.286,-18,0.000,0.167,12.5%,12.5%,0.0%,0.00,<a href=https://npb.jp/bis/eng/teams/index_c.html>Hiroshima</a>,WL
Ohmichi Haruki,7,2,2,0,0,0,0,0,0,0,0,0,0,0,2,0,0,0,0,0.000,0.000,0.000,0.000,-102,0.000,,100.0%,100.0%,0.0%,0.00,<a href=https://npb.jp/bis/eng/teams/index_c.html>Hiroshima</a>,WL
Ohmori Minoru,34,146,136,12,41,3,4,0,52,5,7,4,3,1,32,6,0,0,0,0.301,0.329,0.382,0.711,105,0.081,0.390,26.0%,21.9%,4.1%,0.19,<a href=https://npb.jp/bis/eng/teams/index_c.html>Hiroshima</a>,WL
Ohsera Daichi,1,1,0,0,0,0,0,0,0,0,0,0,1,0,0,0,0,0,0,0.000,0.000,0.000,0.000,-102,0.000,,0.0%,0.0%,0.0%,,<a href=https://npb.jp/bis/eng/teams/index_c.html>Hiroshima</a>,WL
Okada Akitake,11,1,1,0,0,0,0,0,0,0,0,0,0,0,1,0,0,0,0,0.000,0.000,0.000,0.000,-102,0.000,,100.0%,100.0%,0.0%,0.00,<a href=https://npb.jp/bis/eng/teams/index_c.html>Hiroshima</a>,WL
Sakakura Shogo,1,4,4,0,1,0,0,0,1,0,0,0,0,0,1,0,0,0,0,0.250,0.250,0.250,0.500,44,0.000,0.333,25.0%,25.0%,0.0%,0.00,<a href=https://npb.jp/bis/eng/teams/index_c.html>Hiroshima</a>,WL
Scott Tayler,7,5,4,1,1,1,0,0,2,1,0,0,1,0,2,0,0,0,0,0.250,0.250,0.500,0.750,112,0.250,0.500,40.0%,40.0%,0.0%,0.00,<a href=https://npb.jp/bis/eng/teams/index_c.html>Hiroshima</a>,WL
Shirahama Yuta,26,3,2,0,0,0,0,0,0,0,0,0,1,0,1,0,0,0,1,0.000,0.000,0.000,0.000,-102,0.000,0.000,33.3%,33.3%,0.0%,0.00,<a href=https://npb.jp/bis/eng/teams/index_c.html>Hiroshima</a>,WL
Shozui Yuya,70,270,249,33,73,11,1,11,119,40,4,0,0,1,51,19,0,1,7,0.293,0.344,0.478,0.822,136,0.185,0.330,30.0%,18.9%,7.0%,0.37,<a href=https://npb.jp/bis/eng/teams/index_c.html>Hiroshima</a>,WL
Sone Kaisei,16,27,26,4,7,0,0,0,7,2,2,1,1,0,6,0,0,0,0,0.269,0.269,0.269,0.538,55,0.000,0.350,22.2%,22.2%,0.0%,0.00,<a href=https://npb.jp/bis/eng/teams/index_c.html>Hiroshima</a>,WL
Suzuki Seiya,2,5,4,0,1,0,0,0,1,0,0,0,0,0,1,1,0,0,0,0.250,0.400,0.250,0.650,91,0.000,0.333,40.0%,20.0%,20.0%,1.00,<a href=https://npb.jp/bis/eng/teams/index_c.html>Hiroshima</a>,WL
Takahashi Hiroki,61,147,130,10,23,7,0,3,39,19,0,0,0,0,23,16,0,1,3,0.177,0.272,0.300,0.572,64,0.123,0.192,28.6%,15.6%,10.9%,0.70,<a href=https://npb.jp/bis/eng/teams/index_c.html>Hiroshima</a>,WL
Takahashi Kouya,5,6,4,1,1,0,0,1,4,2,0,0,1,0,2,1,0,0,0,0.250,0.400,1.000,1.400,295,0.750,0.000,66.7%,33.3%,16.7%,0.50,<a href=https://npb.jp/bis/eng/teams/index_c.html>Hiroshima</a>,WL
Tamamura Shogo,3,7,5,0,0,0,0,0,0,0,0,0,2,0,3,0,0,0,0,0.000,0.000,0.000,0.000,-102,0.000,0.000,42.9%,42.9%,0.0%,0.00,<a href=https://npb.jp/bis/eng/teams/index_c.html>Hiroshima</a>,WL
Tanaka Kosuke,1,4,3,2,1,0,0,0,1,1,1,0,0,0,0,1,0,0,0,0.333,0.500,0.333,0.833,145,0.000,0.333,25.0%,0.0%,25.0%,1.00,<a href=https://npb.jp/bis/eng/teams/index_c.html>Hiroshima</a>,WL
Tokoda Hiroki,10,8,6,0,1,0,0,0,1,0,0,0,2,0,4,0,0,0,0,0.167,0.167,0.167,0.334,-4,0.000,0.500,50.0%,50.0%,0.0%,0.00,<a href=https://npb.jp/bis/eng/teams/index_c.html>Hiroshima</a>,WL
Uemoto Takashi,10,27,21,3,8,3,0,0,11,1,0,1,1,0,6,4,0,1,2,0.381,0.500,0.524,1.024,197,0.143,0.533,37.0%,22.2%,14.8%,0.67,<a href=https://npb.jp/bis/eng/teams/index_c.html>Hiroshima</a>,WL
Ugusa Koki,53,217,199,24,51,8,5,6,87,26,5,5,1,0,42,12,0,5,4,0.256,0.315,0.437,0.752,115,0.181,0.298,27.6%,19.4%,5.5%,0.29,<a href=https://npb.jp/bis/eng/teams/index_c.html>Hiroshima</a>,WL
Yabuta Kazuki,14,5,4,2,1,0,0,0,1,0,0,0,1,0,0,0,0,0,1,0.250,0.250,0.250,0.500,44,0.000,0.250,0.0%,0.0%,0.0%,,<a href=https://npb.jp/bis/eng/teams/index_c.html>Hiroshima</a>,WL
Yano Masaya,69,237,197,21,41,3,3,1,53,16,9,6,8,2,50,28,0,2,5,0.208,0.310,0.269,0.579,68,0.061,0.270,33.3%,21.1%,11.8%,0.56,<a href=https://npb.jp/bis/eng/teams/index_c.html>Hiroshima</a>,WL
Yasaki Takuya,14,11,10,0,2,0,0,0,2,1,0,0,1,0,4,0,0,0,0,0.200,0.200,0.200,0.400,15,0.000,0.333,36.4%,36.4%,0.0%,0.00,<a href=https://npb.jp/bis/eng/teams/index_c.html>Hiroshima</a>,WL
Azuma Junpei,64,183,163,11,25,10,0,1,38,10,1,2,5,3,64,9,0,3,1,0.153,0.208,0.233,0.441,27,0.080,0.238,40.4%,35.0%,4.9%,0.14,<a href=https://npb.jp/bis/eng/teams/index_db.html>DeNA</a>,EL
Chino Naoto,36,143,129,19,36,10,1,2,54,15,2,3,1,1,34,12,1,0,3,0.279,0.338,0.419,0.757,120,0.140,0.362,33.6%,23.8%,8.4%,0.35,<a href=https://npb.jp/bis/eng/teams/index_db.html>DeNA</a>,EL
Cordero Remy,20,1,1,0,0,0,0,0,0,0,0,0,0,0,1,0,0,0,0,0.000,0.000,0.000,0.000,-105,0.000,,100.0%,100.0%,0.0%,0.00,<a href=https://npb.jp/bis/eng/teams/index_db.html>DeNA</a>,EL
Cordero Starlin,12,1,1,0,0,0,0,0,0,0,0,0,0,0,1,0,0,0,0,0.000,0.000,0.000,0.000,-105,0.000,,100.0%,100.0%,0.0%,0.00,<a href=https://npb.jp/bis/eng/teams/index_db.html>DeNA</a>,EL
De La Rosa Frandy,77,203,190,20,38,8,1,2,54,14,1,2,0,1,67,10,0,2,4,0.200,0.246,0.284,0.530,53,0.084,0.295,38.9%,33.0%,4.9%,0.15,<a href=https://npb.jp/bis/eng/teams/index_db.html>DeNA</a>,EL
Ebina Tatsuo,69,283,244,52,75,16,2,9,122,39,18,7,1,4,68,24,0,10,3,0.307,0.387,0.500,0.887,159,0.193,0.386,35.7%,24.0%,8.5%,0.35,<a href=https://npb.jp/bis/eng/teams/index_db.html>DeNA</a>,EL
Hosokawa Seiya,56,220,186,38,52,9,0,16,109,32,2,3,0,2,39,28,0,4,3,0.280,0.382,0.586,0.968,181,0.306,0.271,37.7%,17.7%,12.7%,0.72,<a href=https://npb.jp/bis/eng/teams/index_db.html>DeNA</a>,EL
Irie Taisei,3,1,1,0,0,0,0,0,0,0,0,0,0,0,1,0,0,0,0,0.000,0.000,0.000,0.000,-105,0.000,,100.0%,100.0%,0.0%,0.00,<a href=https://npb.jp/bis/eng/teams/index_db.html>DeNA</a>,EL
Ishida Kenta,11,1,1,0,1,0,0,0,1,0,0,0,0,0,0,0,0,0,0,1.000,1.000,1.000,2.000,495,0.000,1.000,0.0%,0.0%,0.0%,,<a href=https://npb.jp/bis/eng/teams/index_db.html>DeNA</a>,EL
Itoh Hikaru,4,11,9,2,3,1,0,0,4,2,0,0,0,0,0,2,0,0,0,0.333,0.455,0.444,0.899,165,0.111,0.333,18.2%,0.0%,18.2%,1.00,<a href=https://npb.jp/bis/eng/teams/index_db.html>DeNA</a>,EL
Itoh Yukiya,80,316,284,38,65,13,0,10,108,38,8,1,0,6,57,25,0,1,6,0.229,0.288,0.380,0.668,94,0.151,0.247,29.1%,18.0%,7.9%,0.44,<a href=https://npb.jp/bis/eng/teams/index_db.html>DeNA</a>,EL
Kamizato Kazuki,19,70,53,10,16,5,3,1,30,9,2,3,0,0,11,17,1,0,1,0.302,0.471,0.566,1.037,204,0.264,0.366,41.4%,15.7%,24.3%,1.55,<a href=https://npb.jp/bis/eng/teams/index_db.html>DeNA</a>,EL
Kasai Takamasa,23,1,1,0,0,0,0,0,0,0,0,0,0,0,1,0,0,0,0,0.000,0.000,0.000,0.000,-105,0.000,,100.0%,100.0%,0.0%,0.00,<a href=https://npb.jp/bis/eng/teams/index_db.html>DeNA</a>,EL
Kazahari Ren,21,1,1,0,1,1,0,0,2,0,0,0,0,0,0,0,0,0,0,1.000,1.000,2.000,3.000,775,1.000,1.000,0.0%,0.0%,0.0%,,<a href=https://npb.jp/bis/eng/teams/index_db.html>DeNA</a>,EL
Kobukata Daichi,100,363,316,28,68,15,1,4,97,43,2,3,1,3,108,39,0,4,14,0.215,0.307,0.307,0.614,80,0.092,0.309,41.6%,29.8%,10.7%,0.36,<a href=https://npb.jp/bis/eng/teams/index_db.html>DeNA</a>,EL
Kuramoto Toshihiko,24,78,70,8,17,2,0,0,19,3,1,0,0,0,14,7,0,1,3,0.243,0.321,0.271,0.592,74,0.028,0.304,26.9%,17.9%,9.0%,0.50,<a href=https://npb.jp/bis/eng/teams/index_db.html>DeNA</a>,EL
Kusumoto Taishi,42,166,131,18,34,9,2,5,62,25,10,0,2,2,19,27,0,4,2,0.260,0.396,0.473,0.869,154,0.213,0.266,30.7%,11.4%,16.3%,1.42,<a href=https://npb.jp/bis/eng/teams/index_db.html>DeNA</a>,EL
Kyoyama Masaya,11,3,3,0,1,0,0,0,1,0,0,0,0,0,2,0,0,0,0,0.333,0.333,0.333,0.666,95,0.000,1.000,66.7%,66.7%,0.0%,0.00,<a href=https://npb.jp/bis/eng/teams/index_db.html>DeNA</a>,EL
Maki Shugo,1,3,3,0,0,0,0,0,0,0,0,0,0,0,0,0,0,0,0,0.000,0.000,0.000,0.000,-105,0.000,0.000,0.0%,0.0%,0.0%,,<a href=https://npb.jp/bis/eng/teams/index_db.html>DeNA</a>,EL
Mashiko Kyosuke,72,240,213,23,50,8,2,6,80,26,1,5,2,2,68,22,0,1,4,0.235,0.307,0.376,0.683,98,0.141,0.312,40.0%,28.3%,9.2%,0.32,<a href=https://npb.jp/bis/eng/teams/index_db.html>DeNA</a>,EL
Minei Hiroki,29,102,92,9,26,5,1,3,42,9,1,0,3,1,17,6,0,0,2,0.283,0.323,0.457,0.780,127,0.174,0.315,25.5%,16.7%,5.9%,0.35,<a href=https://npb.jp/bis/eng/teams/index_db.html>DeNA</a>,EL
Miyaguni Ryosuke,20,1,1,0,0,0,0,0,0,0,0,0,0,0,1,0,0,0,0,0.000,0.000,0.000,0.000,-105,0.000,,100.0%,100.0%,0.0%,0.00,<a href=https://npb.jp/bis/eng/teams/index_db.html>DeNA</a>,EL
Miyamoto Shumei,55,199,170,27,42,5,1,2,55,21,20,7,7,2,35,18,0,2,1,0.247,0.323,0.324,0.647,89,0.077,0.296,27.6%,17.6%,9.0%,0.51,<a href=https://npb.jp/bis/eng/teams/index_db.html>DeNA</a>,EL
Mori Keito,69,297,271,36,69,7,3,6,100,29,16,8,5,2,74,17,0,2,3,0.255,0.301,0.369,0.670,95,0.114,0.326,32.7%,24.9%,5.7%,0.23,<a href=https://npb.jp/bis/eng/teams/index_db.html>DeNA</a>,EL
Mutoh Yuta,30,1,1,0,0,0,0,0,0,0,0,0,0,0,1,0,0,0,0,0.000,0.000,0.000,0.000,-105,0.000,,100.0%,100.0%,0.0%,0.00,<a href=https://npb.jp/bis/eng/teams/index_db.html>DeNA</a>,EL
Nakai Daisuke,39,115,101,8,28,7,0,1,38,13,1,1,1,2,35,10,0,1,2,0.277,0.342,0.376,0.718,110,0.099,0.403,40.0%,30.4%,8.7%,0.29,<a href=https://npb.jp/bis/eng/teams/index_db.html>DeNA</a>,EL
Otosaka Tomo,65,251,211,33,54,8,1,3,73,17,3,3,3,0,32,33,0,4,6,0.256,0.367,0.346,0.713,110,0.090,0.290,27.1%,12.7%,13.1%,1.03,<a href=https://npb.jp/bis/eng/teams/index_db.html>DeNA</a>,EL
Romero Fernando,9,2,2,0,0,0,0,0,0,0,0,0,0,0,2,0,0,0,0,0.000,0.000,0.000,0.000,-105,0.000,,100.0%,100.0%,0.0%,0.00,<a href=https://npb.jp/bis/eng/teams/index_db.html>DeNA</a>,EL
Sekine Taiki,14,56,48,5,13,4,1,1,22,8,4,2,1,2,7,5,0,0,0,0.271,0.327,0.458,0.785,128,0.187,0.286,23.2%,12.5%,8.9%,0.71,<a href=https://npb.jp/bis/eng/teams/index_db.html>DeNA</a>,EL
Shibata Tatsuhiro,8,29,27,4,7,0,0,0,7,2,0,0,0,0,7,2,0,0,0,0.259,0.310,0.259,0.569,67,0.000,0.350,31.0%,24.1%,6.9%,0.29,<a href=https://npb.jp/bis/eng/teams/index_db.html>DeNA</a>,EL
Shindoh Takuya,29,1,1,0,0,0,0,0,0,0,0,0,0,0,1,0,0,0,0,0.000,0.000,0.000,0.000,-105,0.000,,100.0%,100.0%,0.0%,0.00,<a href=https://npb.jp/bis/eng/teams/index_db.html>DeNA</a>,EL
Takajoh Shuto,23,56,47,7,11,0,0,0,11,3,0,0,0,1,15,5,0,3,1,0.234,0.339,0.234,0.573,69,0.000,0.333,35.7%,26.8%,8.9%,0.33,<a href=https://npb.jp/bis/eng/teams/index_db.html>DeNA</a>,EL
Tanabe Hayato,96,314,276,30,51,12,0,2,69,26,1,2,9,3,80,25,0,1,8,0.185,0.252,0.250,0.502,46,0.065,0.249,34.1%,25.5%,8.0%,0.31,<a href=https://npb.jp/bis/eng/teams/index_db.html>DeNA</a>,EL
Tanaka Kenjiro,37,2,2,0,0,0,0,0,0,0,0,0,0,0,1,0,0,0,0,0.000,0.000,0.000,0.000,-105,0.000,0.000,50.0%,50.0%,0.0%,0.00,<a href=https://npb.jp/bis/eng/teams/index_db.html>DeNA</a>,EL
Tanaka Shunta,20,71,60,10,23,4,1,0,29,7,2,4,0,0,12,11,1,0,1,0.383,0.479,0.483,0.962,183,0.100,0.479,32.4%,16.9%,15.5%,0.92,<a href=https://npb.jp/bis/eng/teams/index_db.html>DeNA</a>,EL
Tobashira Yasutaka,33,111,102,5,25,3,1,0,30,15,0,0,0,0,10,9,0,0,2,0.245,0.306,0.294,0.600,75,0.049,0.272,17.1%,9.0%,8.1%,0.90,<a href=https://npb.jp/bis/eng/teams/index_db.html>DeNA</a>,EL
Yamamoto Yuudai,24,82,76,7,17,3,0,0,20,4,0,0,0,0,16,6,0,0,1,0.224,0.280,0.263,0.543,59,0.039,0.283,26.8%,19.5%,7.3%,0.38,<a href=https://npb.jp/bis/eng/teams/index_db.html>DeNA</a>,EL
Yamashita Kouki,48,175,161,17,43,12,0,2,61,25,1,0,0,6,19,7,0,1,3,0.267,0.291,0.379,0.670,94,0.112,0.281,16.0%,10.9%,4.0%,0.37,<a href=https://npb.jp/bis/eng/teams/index_db.html>DeNA</a>,EL
Akihiro Yuto,82,302,275,30,63,12,1,8,101,26,3,0,2,0,67,23,0,2,12,0.229,0.293,0.367,0.660,85,0.138,0.275,32.5%,22.2%,7.6%,0.34,<a href=https://npb.jp/bis/eng/teams/index_g.html>Yomiuri</a>,EL
Hagiwara Tetsu,24,47,41,5,9,0,0,1,12,2,0,0,2,0,8,3,0,1,0,0.220,0.289,0.293,0.582,64,0.073,0.250,25.5%,17.0%,6.4%,0.38,<a href=https://npb.jp/bis/eng/teams/index_g.html>Yomiuri</a>,EL
Heineman Scott,2,8,7,1,1,0,0,0,1,0,0,0,0,0,3,1,0,0,0,0.143,0.250,0.143,0.393,14,0.000,0.250,50.0%,37.5%,12.5%,0.33,<a href=https://npb.jp/bis/eng/teams/index_g.html>Yomiuri</a>,EL
Hirama Hayato,85,255,212,33,64,6,1,2,78,24,4,3,7,2,31,30,0,4,3,0.302,0.395,0.368,0.763,114,0.066,0.343,24.7%,12.2%,11.8%,0.97,<a href=https://npb.jp/bis/eng/teams/index_g.html>Yomiuri</a>,EL
Hirooka Taishi,44,192,159,32,47,8,0,10,85,29,8,3,1,1,32,29,0,2,2,0.296,0.408,0.535,0.943,162,0.239,0.314,37.0%,16.7%,15.1%,0.91,<a href=https://npb.jp/bis/eng/teams/index_g.html>Yomiuri</a>,EL
Hoshina Koichi,52,157,137,17,35,3,2,1,45,17,3,1,2,1,32,13,0,4,2,0.255,0.335,0.328,0.663,87,0.073,0.324,29.3%,20.4%,8.3%,0.41,<a href=https://npb.jp/bis/eng/teams/index_g.html>Yomiuri</a>,EL
Ishikawa Shingo,56,219,192,35,70,12,0,11,115,39,4,2,0,2,26,22,1,3,4,0.365,0.434,0.599,1.033,186,0.234,0.376,26.9%,11.9%,10.0%,0.85,<a href=https://npb.jp/bis/eng/teams/index_g.html>Yomiuri</a>,EL
Itoh Kaito,15,39,36,3,12,1,0,0,13,2,0,0,0,0,3,3,0,0,1,0.333,0.385,0.361,0.746,110,0.028,0.364,15.4%,7.7%,7.7%,1.00,<a href=https://npb.jp/bis/eng/teams/index_g.html>Yomiuri</a>,EL
Kajitani Takayuki,5,15,14,4,6,1,0,0,7,1,1,0,0,0,2,1,0,0,0,0.429,0.467,0.500,0.967,169,0.071,0.500,20.0%,13.3%,6.7%,0.50,<a href=https://npb.jp/bis/eng/teams/index_g.html>Yomiuri</a>,EL
Kamei Yoshiyuki,2,6,4,0,0,0,0,0,0,0,0,0,0,0,1,2,0,0,1,0.000,0.333,0.000,0.333,2,0.000,0.000,50.0%,16.7%,33.3%,2.00,<a href=https://npb.jp/bis/eng/teams/index_g.html>Yomiuri</a>,EL
Katoh Ren,42,100,94,11,25,7,1,1,37,5,4,0,0,0,31,5,0,1,3,0.266,0.310,0.394,0.704,96,0.128,0.387,37.0%,31.0%,5.0%,0.16,<a href=https://npb.jp/bis/eng/teams/index_g.html>Yomiuri</a>,EL
Katoh Sota,3,5,5,0,1,0,0,0,1,1,0,0,0,0,1,0,0,0,0,0.200,0.200,0.200,0.400,14,0.000,0.250,20.0%,20.0%,0.0%,0.00,<a href=https://npb.jp/bis/eng/teams/index_g.html>Yomiuri</a>,EL
Katsuki Kazuya,51,195,178,17,49,7,0,5,71,25,1,2,0,1,26,16,0,0,4,0.275,0.333,0.399,0.732,104,0.124,0.297,24.1%,13.3%,8.2%,0.62,<a href=https://npb.jp/bis/eng/teams/index_g.html>Yomiuri</a>,EL
Kikuta Hirokazu,59,171,166,16,45,11,2,3,69,14,4,2,1,0,23,4,0,0,6,0.271,0.288,0.416,0.704,95,0.145,0.300,17.5%,13.5%,2.3%,0.17,<a href=https://npb.jp/bis/eng/teams/index_g.html>Yomiuri</a>,EL
Kishida Yukinori,32,121,106,14,31,7,0,4,50,10,1,1,0,1,18,11,0,3,0,0.292,0.372,0.472,0.844,135,0.180,0.318,27.3%,14.9%,9.1%,0.61,<a href=https://npb.jp/bis/eng/teams/index_g.html>Yomiuri</a>,EL
Kita Ryusuke,64,183,151,16,32,4,1,2,44,17,3,2,10,4,39,15,0,3,3,0.212,0.289,0.291,0.580,63,0.079,0.263,30.6%,21.3%,8.2%,0.38,<a href=https://npb.jp/bis/eng/teams/index_g.html>Yomiuri</a>,EL
Kitamura Takumi,47,173,151,16,37,7,0,1,47,23,0,1,3,1,30,16,0,2,9,0.245,0.324,0.311,0.635,79,0.066,0.298,27.2%,17.3%,9.2%,0.53,<a href=https://npb.jp/bis/eng/teams/index_g.html>Yomiuri</a>,EL
Kobayashi Seiji,24,67,61,5,7,1,0,0,8,3,0,0,0,0,12,5,0,1,4,0.115,0.194,0.131,0.325,-6,0.016,0.143,25.4%,17.9%,7.5%,0.42,<a href=https://npb.jp/bis/eng/teams/index_g.html>Yomiuri</a>,EL
Maeda Kenki,14,22,21,1,5,2,0,0,7,1,0,0,0,0,9,1,0,0,0,0.238,0.273,0.333,0.606,69,0.095,0.417,45.5%,40.9%,4.5%,0.11,<a href=https://npb.jp/bis/eng/teams/index_g.html>Yomiuri</a>,EL
Maru Yoshihiro,8,30,26,4,9,3,0,1,15,5,0,0,0,0,5,4,0,0,0,0.346,0.433,0.577,1.010,180,0.231,0.400,33.3%,16.7%,13.3%,0.80,<a href=https://npb.jp/bis/eng/teams/index_g.html>Yomiuri</a>,EL
Masuda Daiki,23,80,69,16,19,3,0,3,31,8,6,3,2,0,8,8,0,1,1,0.275,0.359,0.449,0.808,125,0.174,0.276,23.8%,10.0%,10.0%,1.00,<a href=https://npb.jp/bis/eng/teams/index_g.html>Yomiuri</a>,EL
Masuda Riku,50,141,127,14,30,9,1,1,44,9,0,2,1,2,22,8,0,3,3,0.236,0.293,0.346,0.639,79,0.110,0.274,22.0%,15.6%,5.7%,0.36,<a href=https://npb.jp/bis/eng/teams/index_g.html>Yomiuri</a>,EL
Matsubara Seiya,1,5,5,0,2,0,0,0,2,0,0,0,0,0,0,0,0,0,0,0.400,0.400,0.400,0.800,124,0.000,0.400,0.0%,0.0%,0.0%,,<a href=https://npb.jp/bis/eng/teams/index_g.html>Yomiuri</a>,EL
Matsui Yoshiya,6,18,18,1,1,0,0,1,4,1,0,0,0,0,7,0,0,0,0,0.056,0.056,0.222,0.278,-23,0.166,0.000,44.4%,38.9%,0.0%,0.00,<a href=https://npb.jp/bis/eng/teams/index_g.html>Yomiuri</a>,EL
Nakajima Hiroyuki,3,11,10,2,2,0,0,2,8,3,0,0,0,0,1,1,0,0,1,0.200,0.273,0.800,1.073,189,0.600,0.000,36.4%,9.1%,9.1%,1.00,<a href=https://npb.jp/bis/eng/teams/index_g.html>Yomiuri</a>,EL
Nakata Sho,6,24,22,6,11,3,0,4,26,13,0,0,0,0,3,2,0,0,0,0.500,0.542,1.182,1.724,366,0.682,0.467,37.5%,12.5%,8.3%,0.67,<a href=https://npb.jp/bis/eng/teams/index_g.html>Yomiuri</a>,EL
Nakayama Raito,44,175,165,24,51,8,2,0,63,12,4,5,1,0,24,8,0,1,5,0.309,0.345,0.382,0.727,104,0.073,0.362,18.3%,13.7%,4.6%,0.33,<a href=https://npb.jp/bis/eng/teams/index_g.html>Yomiuri</a>,EL
Okamoto Hiroto,2,5,5,0,0,0,0,0,0,0,0,0,0,0,2,0,0,0,0,0.000,0.000,0.000,0.000,-96,0.000,0.000,40.0%,40.0%,0.0%,0.00,<a href=https://npb.jp/bis/eng/teams/index_g.html>Yomiuri</a>,EL
Sakamoto Hayato,3,7,6,1,2,2,0,0,4,0,0,0,0,0,1,1,0,0,0,0.333,0.429,0.667,1.096,201,0.334,0.400,28.6%,14.3%,14.3%,1.00,<a href=https://npb.jp/bis/eng/teams/index_g.html>Yomiuri</a>,EL
Sakamoto Hayato,7,7,6,0,1,0,0,0,1,0,0,0,0,0,1,1,0,0,0,0.167,0.286,0.167,0.453,31,0.000,0.200,28.6%,14.3%,14.3%,1.00,<a href=https://npb.jp/bis/eng/teams/index_g.html>Yomiuri</a>,EL
Shigenobu Shinnosuke,45,169,152,33,47,13,2,4,76,18,10,3,1,0,27,16,0,0,1,0.309,0.375,0.500,0.875,142,0.191,0.355,27.8%,16.0%,9.5%,0.59,<a href=https://npb.jp/bis/eng/teams/index_g.html>Yomiuri</a>,EL
Smoak Justin,7,23,18,2,6,0,0,0,6,5,0,0,0,0,3,4,0,1,0,0.333,0.478,0.333,0.811,130,0.000,0.400,30.4%,13.0%,17.4%,1.33,<a href=https://npb.jp/bis/eng/teams/index_g.html>Yomiuri</a>,EL
Tateoka Soichiro,54,198,177,25,51,7,3,4,76,16,4,2,1,1,30,17,0,2,2,0.288,0.355,0.429,0.784,118,0.141,0.326,25.8%,15.2%,8.6%,0.57,<a href=https://npb.jp/bis/eng/teams/index_g.html>Yomiuri</a>,EL
Thames Eric,9,31,22,5,11,2,0,4,25,15,0,0,0,0,3,9,0,0,0,0.500,0.645,1.136,1.781,386,0.636,0.467,51.6%,9.7%,29.0%,3.00,<a href=https://npb.jp/bis/eng/teams/index_g.html>Yomiuri</a>,EL
Urena Estamy,86,320,289,34,72,13,0,10,115,42,1,0,0,1,73,29,0,1,10,0.249,0.319,0.398,0.717,100,0.149,0.300,35.0%,22.8%,9.1%,0.40,<a href=https://npb.jp/bis/eng/teams/index_g.html>Yomiuri</a>,EL
Wakabayashi Akihiro,14,51,45,5,11,0,0,2,17,10,0,0,0,0,12,6,0,0,0,0.244,0.333,0.378,0.711,99,0.134,0.290,39.2%,23.5%,11.8%,0.50,<a href=https://npb.jp/bis/eng/teams/index_g.html>Yomiuri</a>,EL
Wheeler Zelous,4,12,12,2,4,1,0,0,5,1,0,0,0,0,1,0,0,0,0,0.333,0.333,0.417,0.750,109,0.084,0.364,8.3%,8.3%,0.0%,0.00,<a href=https://npb.jp/bis/eng/teams/index_g.html>Yomiuri</a>,EL
Yamakawa Tomohiro,1,1,1,0,0,0,0,0,0,0,0,0,0,0,1,0,0,0,0,0.000,0.000,0.000,0.000,-96,0.000,,100.0%,100.0%,0.0%,0.00,<a href=https://npb.jp/bis/eng/teams/index_g.html>Yomiuri</a>,EL
Yamase Shinnosuke,61,136,114,6,19,3,1,0,24,8,0,3,4,1,19,15,0,2,4,0.167,0.273,0.211,0.484,38,0.044,0.198,25.0%,14.0%,11.0%,0.79,<a href=https://npb.jp/bis/eng/teams/index_g.html>Yomiuri</a>,EL
Yamashita Kota,21,66,53,4,12,1,0,1,16,6,1,0,1,2,5,8,0,2,2,0.226,0.338,0.302,0.640,81,0.076,0.224,21.2%,7.6%,12.1%,1.60,<a href=https://npb.jp/bis/eng/teams/index_g.html>Yomiuri</a>,EL
Yaoita Takumaru,86,284,239,32,68,15,1,3,94,29,5,4,1,2,44,39,0,3,3,0.285,0.389,0.393,0.782,119,0.108,0.335,30.3%,15.5%,13.7%,0.89,<a href=https://npb.jp/bis/eng/teams/index_g.html>Yomiuri</a>,EL
Yoh Daikan,56,166,151,19,36,7,0,6,61,22,2,1,0,0,39,13,0,2,7,0.238,0.307,0.404,0.711,98,0.166,0.283,34.9%,23.5%,7.8%,0.33,<a href=https://npb.jp/bis/eng/teams/index_g.html>Yomiuri</a>,EL
Yoshikawa Naoki,4,15,15,4,9,1,0,2,16,6,0,2,0,0,1,0,0,0,0,0.600,0.600,1.067,1.667,355,0.467,0.583,20.0%,6.7%,0.0%,0.00,<a href=https://npb.jp/bis/eng/teams/index_g.html>Yomiuri</a>,EL
Yuasa Dai,57,203,172,32,42,4,1,5,63,14,2,2,6,0,38,22,0,3,1,0.244,0.340,0.366,0.706,98,0.122,0.287,32.0%,18.7%,10.8%,0.58,<a href=https://npb.jp/bis/eng/teams/index_g.html>Yomiuri</a>,EL
Akahane Yoshihiro,73,258,218,28,51,16,3,6,91,31,6,6,4,1,64,33,0,2,1,0.234,0.339,0.417,0.756,117,0.183,0.302,39.9%,24.8%,12.8%,0.52,<a href=https://npb.jp/bis/eng/teams/index_s.html>Yakult</a>,EL
Aoki Norichika,2,7,7,0,2,1,0,0,3,0,0,0,0,0,0,0,0,0,0,0.286,0.286,0.429,0.715,104,0.143,0.286,0.0%,0.0%,0.0%,,<a href=https://npb.jp/bis/eng/teams/index_s.html>Yakult</a>,EL
Araki Takahiro,5,14,13,1,2,0,0,0,2,1,0,0,0,0,3,1,0,0,0,0.154,0.214,0.154,0.368,7,0.000,0.200,28.6%,21.4%,7.1%,0.33,<a href=https://npb.jp/bis/eng/teams/index_s.html>Yakult</a>,EL
Hamada Taiki,13,48,44,6,11,3,0,0,14,1,1,0,0,0,6,4,0,0,3,0.250,0.313,0.318,0.631,83,0.068,0.289,20.8%,12.5%,8.3%,0.67,<a href=https://npb.jp/bis/eng/teams/index_s.html>Yakult</a>,EL
Hoshi Tomoya,15,2,2,0,0,0,0,0,0,0,0,0,0,0,1,0,0,0,0,0.000,0.000,0.000,0.000,-102,0.000,0.000,50.0%,50.0%,0.0%,0.00,<a href=https://npb.jp/bis/eng/teams/index_s.html>Yakult</a>,EL
Ishikawa Masanori,7,1,1,0,0,0,0,0,0,0,0,0,0,0,0,0,0,0,0,0.000,0.000,0.000,0.000,-102,0.000,0.000,0.0%,0.0%,0.0%,,<a href=https://npb.jp/bis/eng/teams/index_s.html>Yakult</a>,EL
Kawabata Shingo,2,5,5,0,2,0,0,0,2,0,0,0,0,0,0,0,0,0,0,0.400,0.400,0.400,0.800,132,0.000,0.400,0.0%,0.0%,0.0%,,<a href=https://npb.jp/bis/eng/teams/index_s.html>Yakult</a>,EL
Koga Yudai,6,19,17,3,1,0,0,0,1,0,0,0,2,0,1,0,0,0,0,0.059,0.059,0.059,0.118,-67,0.000,0.062,5.3%,5.3%,0.0%,0.00,<a href=https://npb.jp/bis/eng/teams/index_s.html>Yakult</a>,EL
Matsui Sho,39,79,71,8,18,3,1,3,32,12,0,1,1,0,21,7,0,0,1,0.254,0.321,0.451,0.772,121,0.197,0.319,39.2%,26.6%,8.9%,0.33,<a href=https://npb.jp/bis/eng/teams/index_s.html>Yakult</a>,EL
Matsumoto Naoki,60,173,152,22,49,13,1,4,76,30,0,1,3,2,19,12,0,4,5,0.322,0.382,0.500,0.882,153,0.178,0.344,20.2%,11.0%,6.9%,0.63,<a href=https://npb.jp/bis/eng/teams/index_s.html>Yakult</a>,EL
Matsumoto Yu,52,156,144,19,33,7,0,3,49,15,0,0,0,0,21,12,0,0,1,0.229,0.288,0.340,0.628,81,0.111,0.250,23.1%,13.5%,7.7%,0.57,<a href=https://npb.jp/bis/eng/teams/index_s.html>Yakult</a>,EL
Miyamoto Takeshi,17,51,45,3,14,1,1,0,17,7,0,2,1,0,7,5,0,0,2,0.311,0.380,0.378,0.758,119,0.067,0.368,23.5%,13.7%,9.8%,0.71,<a href=https://npb.jp/bis/eng/teams/index_s.html>Yakult</a>,EL
Motoyama Hiyu,13,44,41,4,12,1,0,0,13,2,1,1,0,0,7,3,0,0,0,0.293,0.341,0.317,0.658,91,0.024,0.353,22.7%,15.9%,6.8%,0.43,<a href=https://npb.jp/bis/eng/teams/index_s.html>Yakult</a>,EL
Nagaoka Hideki,82,302,283,39,74,19,1,7,116,28,1,1,5,2,36,12,0,0,9,0.261,0.290,0.410,0.700,100,0.149,0.277,18.2%,11.9%,4.0%,0.33,<a href=https://npb.jp/bis/eng/teams/index_s.html>Yakult</a>,EL
Nakayama Shota,95,277,245,26,58,10,1,4,82,26,0,3,0,1,49,24,0,7,3,0.237,0.321,0.335,0.656,90,0.098,0.280,27.8%,17.7%,8.7%,0.49,<a href=https://npb.jp/bis/eng/teams/index_s.html>Yakult</a>,EL
Namiki Hidetaka,71,200,177,23,39,3,0,0,42,14,20,5,9,1,36,11,0,2,4,0.220,0.272,0.237,0.509,47,0.017,0.275,23.5%,18.0%,5.5%,0.31,<a href=https://npb.jp/bis/eng/teams/index_s.html>Yakult</a>,EL
Nishida Akihisa,67,250,207,33,58,13,0,7,92,37,1,0,0,2,41,35,0,6,3,0.280,0.396,0.444,0.840,143,0.164,0.317,33.2%,16.4%,14.0%,0.85,<a href=https://npb.jp/bis/eng/teams/index_s.html>Yakult</a>,EL
Nishiura Naomichi,21,75,67,9,20,5,1,1,30,8,0,1,0,1,14,6,0,1,0,0.299,0.360,0.448,0.808,133,0.149,0.358,28.0%,18.7%,8.0%,0.43,<a href=https://npb.jp/bis/eng/teams/index_s.html>Yakult</a>,EL
Ohmura Hajime,76,131,117,23,30,2,0,3,41,10,0,0,3,0,14,10,0,1,4,0.256,0.320,0.350,0.670,93,0.094,0.270,20.6%,10.7%,7.6%,0.71,<a href=https://npb.jp/bis/eng/teams/index_s.html>Yakult</a>,EL
Ohta Kengo,67,281,254,42,83,12,4,8,127,43,6,1,0,7,39,20,0,0,8,0.327,0.367,0.500,0.867,149,0.173,0.350,23.8%,13.9%,7.1%,0.51,<a href=https://npb.jp/bis/eng/teams/index_s.html>Yakult</a>,EL
Okumura Nobuyuki,76,285,246,47,74,8,0,11,115,54,2,2,2,1,48,32,0,3,8,0.301,0.387,0.467,0.854,146,0.166,0.335,31.9%,16.8%,11.2%,0.67,<a href=https://npb.jp/bis/eng/teams/index_s.html>Yakult</a>,EL
Osuna Jose,3,7,7,2,3,1,0,1,7,1,0,0,0,0,0,0,0,0,0,0.429,0.429,1.000,1.429,304,0.571,0.333,14.3%,0.0%,0.0%,,<a href=https://npb.jp/bis/eng/teams/index_s.html>Yakult</a>,EL
Sakaguchi Tomotaka,44,129,118,18,38,3,2,3,54,18,1,0,0,0,10,11,0,0,1,0.322,0.380,0.458,0.838,142,0.136,0.333,18.6%,7.8%,8.5%,1.10,<a href=https://npb.jp/bis/eng/teams/index_s.html>Yakult</a>,EL
Santana Domingo,3,7,5,2,2,0,0,2,8,3,0,0,0,0,0,2,0,0,0,0.400,0.571,1.600,2.171,512,1.200,0.000,57.1%,0.0%,28.6%,1.00,<a href=https://npb.jp/bis/eng/teams/index_s.html>Yakult</a>,EL
Shima Motohiro,5,9,8,0,2,1,0,0,3,1,0,0,1,0,3,0,0,0,0,0.250,0.250,0.375,0.625,79,0.125,0.400,33.3%,33.3%,0.0%,0.00,<a href=https://npb.jp/bis/eng/teams/index_s.html>Yakult</a>,EL
Sneed Cy,7,2,2,0,0,0,0,0,0,0,0,0,0,0,2,0,0,0,0,0.000,0.000,0.000,0.000,-102,0.000,,100.0%,100.0%,0.0%,0.00,<a href=https://npb.jp/bis/eng/teams/index_s.html>Yakult</a>,EL
Suarez Albert,7,1,1,0,0,0,0,0,0,0,0,0,0,0,0,0,0,0,0,0.000,0.000,0.000,0.000,-102,0.000,0.000,0.0%,0.0%,0.0%,,<a href=https://npb.jp/bis/eng/teams/index_s.html>Yakult</a>,EL
Suzuki Yuta,23,1,1,0,0,0,0,0,0,0,0,0,0,0,0,0,0,0,1,0.000,0.000,0.000,0.000,-102,0.000,0.000,0.0%,0.0%,0.0%,,<a href=https://npb.jp/bis/eng/teams/index_s.html>Yakult</a>,EL
Takahashi Keiji,11,4,4,0,1,0,0,0,1,0,0,0,0,0,1,0,0,0,0,0.250,0.250,0.250,0.500,44,0.000,0.333,25.0%,25.0%,0.0%,0.00,<a href=https://npb.jp/bis/eng/teams/index_s.html>Yakult</a>,EL
Takai Yuhei,64,164,150,12,32,6,1,4,52,22,0,1,0,1,18,12,0,1,4,0.213,0.274,0.347,0.621,78,0.134,0.217,20.7%,11.0%,7.3%,0.67,<a href=https://npb.jp/bis/eng/teams/index_s.html>Yakult</a>,EL
Takeoka Ryusei,88,346,312,39,82,22,2,2,114,35,2,4,3,1,49,28,0,2,3,0.263,0.327,0.365,0.692,99,0.102,0.305,22.8%,14.2%,8.1%,0.57,<a href=https://npb.jp/bis/eng/teams/index_s.html>Yakult</a>,EL
Terashima Naruki,21,1,1,0,0,0,0,0,0,0,0,0,0,0,0,0,0,0,0,0.000,0.000,0.000,0.000,-102,0.000,0.000,0.0%,0.0%,0.0%,,<a href=https://npb.jp/bis/eng/teams/index_s.html>Yakult</a>,EL
Uchikawa Seiichi,13,36,34,1,4,1,0,0,5,1,0,0,0,0,3,2,0,0,2,0.118,0.167,0.147,0.314,-10,0.029,0.129,13.9%,8.3%,5.6%,0.67,<a href=https://npb.jp/bis/eng/teams/index_s.html>Yakult</a>,EL
Uchiyama Souma,74,278,238,34,55,14,0,8,93,25,2,1,0,0,52,36,0,4,5,0.231,0.342,0.391,0.733,111,0.160,0.264,34.5%,18.7%,12.9%,0.69,<a href=https://npb.jp/bis/eng/teams/index_s.html>Yakult</a>,EL
Uchiyama Taishi,37,61,52,3,12,2,0,0,14,3,0,1,2,0,11,7,0,0,0,0.231,0.322,0.269,0.591,71,0.038,0.293,29.5%,18.0%,11.5%,0.64,<a href=https://npb.jp/bis/eng/teams/index_s.html>Yakult</a>,EL
Vandenhurk Rick,14,2,1,0,0,0,0,0,0,0,0,0,0,0,0,1,0,0,0,0.000,0.500,0.000,0.500,54,0.000,0.000,50.0%,0.0%,50.0%,1.00,<a href=https://npb.jp/bis/eng/teams/index_s.html>Yakult</a>,EL
Watanabe Daiki,17,51,49,4,9,3,0,0,12,1,2,1,1,0,16,1,0,0,1,0.184,0.200,0.245,0.445,28,0.061,0.273,33.3%,31.4%,2.0%,0.06,<a href=https://npb.jp/bis/eng/teams/index_s.html>Yakult</a>,EL
Yamasaki Kotaro,13,42,35,4,9,2,0,0,11,4,0,0,2,1,4,4,0,0,1,0.257,0.325,0.314,0.639,85,0.057,0.281,19.0%,9.5%,9.5%,1.00,<a href=https://npb.jp/bis/eng/teams/index_s.html>Yakult</a>,EL
Yoshida Taisei,73,237,195,31,52,7,0,4,71,18,3,0,7,0,44,31,0,4,2,0.267,0.378,0.364,0.742,115,0.097,0.327,33.3%,18.6%,13.1%,0.70,<a href=https://npb.jp/bis/eng/teams/index_s.html>Yakult</a>,EL
Abe Toshiki,3,13,12,1,3,1,0,0,4,3,0,0,0,0,1,1,0,0,0,0.250,0.308,0.333,0.641,76,0.083,0.273,15.4%,7.7%,7.7%,1.00,<a href=https://npb.jp/bis/eng/teams/index_d.html>Chunichi</a>,WL
Donoue Naomichi,33,111,101,8,26,4,1,2,38,14,0,1,0,0,18,10,0,0,1,0.257,0.324,0.376,0.700,92,0.119,0.296,27.0%,16.2%,9.0%,0.56,<a href=https://npb.jp/bis/eng/teams/index_d.html>Chunichi</a>,WL
Endoh Issei,71,207,182,28,44,7,2,3,64,12,4,1,0,0,26,22,0,3,6,0.242,0.333,0.352,0.685,88,0.110,0.268,24.6%,12.6%,10.6%,0.85,<a href=https://npb.jp/bis/eng/teams/index_d.html>Chunichi</a>,WL
Fujii Atsushi,57,132,122,8,32,10,1,0,44,14,0,1,0,1,26,8,0,1,3,0.262,0.311,0.361,0.672,85,0.099,0.330,25.8%,19.7%,6.1%,0.31,<a href=https://npb.jp/bis/eng/teams/index_d.html>Chunichi</a>,WL
Fukuda Nobumasa,12,48,45,4,10,2,1,2,20,9,0,0,0,0,9,3,0,0,1,0.222,0.271,0.444,0.715,93,0.222,0.235,29.2%,18.8%,6.2%,0.33,<a href=https://npb.jp/bis/eng/teams/index_d.html>Chunichi</a>,WL
Gerber Mike,37,115,105,7,23,6,1,1,34,9,1,1,0,0,33,8,0,2,3,0.219,0.287,0.324,0.611,68,0.105,0.310,36.5%,28.7%,7.0%,0.24,<a href=https://npb.jp/bis/eng/teams/index_d.html>Chunichi</a>,WL
Gunji Yuya,66,174,142,19,32,6,0,2,44,17,0,1,0,0,34,31,0,1,5,0.225,0.368,0.310,0.678,88,0.085,0.283,38.5%,19.5%,17.8%,0.91,<a href=https://npb.jp/bis/eng/teams/index_d.html>Chunichi</a>,WL
Hirata Ryosuke,29,64,57,4,6,0,0,1,9,3,0,0,0,0,13,6,0,1,2,0.105,0.203,0.158,0.361,4,0.053,0.116,31.2%,20.3%,9.4%,0.46,<a href=https://npb.jp/bis/eng/teams/index_d.html>Chunichi</a>,WL
Iryo Masataka,24,69,64,5,11,0,0,1,14,9,1,0,0,1,13,4,0,0,2,0.172,0.217,0.219,0.436,23,0.047,0.196,26.1%,18.8%,5.8%,0.31,<a href=https://npb.jp/bis/eng/teams/index_d.html>Chunichi</a>,WL
Ishibashi Kota,40,99,87,15,19,5,1,5,41,12,0,0,0,1,22,11,0,0,1,0.218,0.303,0.471,0.774,109,0.253,0.230,38.4%,22.2%,11.1%,0.50,<a href=https://npb.jp/bis/eng/teams/index_d.html>Chunichi</a>,WL
Ishigaki Masami,79,280,252,34,57,11,2,9,99,31,0,0,0,1,102,23,1,4,3,0.226,0.300,0.393,0.693,89,0.167,0.338,47.9%,36.4%,8.2%,0.23,<a href=https://npb.jp/bis/eng/teams/index_d.html>Chunichi</a>,WL
Ishikawa Takaya,33,136,122,10,29,11,1,3,51,19,0,2,0,2,34,10,0,2,1,0.238,0.301,0.418,0.719,96,0.180,0.299,34.6%,25.0%,7.4%,0.29,<a href=https://npb.jp/bis/eng/teams/index_d.html>Chunichi</a>,WL
Ishioka Ryota,88,266,249,33,71,15,5,5,111,29,11,3,2,1,59,11,0,3,4,0.285,0.322,0.446,0.768,109,0.161,0.355,28.2%,22.2%,4.1%,0.19,<a href=https://npb.jp/bis/eng/teams/index_d.html>Chunichi</a>,WL
Itoh Kosuke,68,237,187,34,52,10,5,1,75,26,8,6,4,5,45,40,0,1,0,0.278,0.399,0.401,0.800,119,0.123,0.349,36.3%,19.0%,16.9%,0.89,<a href=https://npb.jp/bis/eng/teams/index_d.html>Chunichi</a>,WL
Kasahara Shotaro,15,5,5,0,1,0,1,0,3,1,0,0,0,0,3,0,0,0,0,0.200,0.200,0.600,0.800,112,0.400,0.500,60.0%,60.0%,0.0%,0.00,<a href=https://npb.jp/bis/eng/teams/index_d.html>Chunichi</a>,WL
Katoh Shohei,2,7,7,1,2,1,0,0,3,0,0,0,0,0,2,0,0,0,1,0.286,0.286,0.429,0.715,94,0.143,0.400,28.6%,28.6%,0.0%,0.00,<a href=https://npb.jp/bis/eng/teams/index_d.html>Chunichi</a>,WL
Katoh Takuma,37,51,47,9,11,3,1,0,16,3,1,1,0,1,9,2,0,1,0,0.234,0.275,0.340,0.615,69,0.106,0.282,21.6%,17.6%,3.9%,0.22,<a href=https://npb.jp/bis/eng/teams/index_d.html>Chunichi</a>,WL
Katsuno Akiyoshi,4,2,0,0,0,0,0,0,0,0,0,0,2,0,0,0,0,0,0,0.000,0.000,0.000,0.000,-92,0.000,,0.0%,0.0%,0.0%,,<a href=https://npb.jp/bis/eng/teams/index_d.html>Chunichi</a>,WL
Katsura Iori,9,29,26,3,8,2,0,0,10,2,0,0,0,0,8,3,0,0,0,0.308,0.379,0.385,0.764,110,0.077,0.444,37.9%,27.6%,10.3%,0.38,<a href=https://npb.jp/bis/eng/teams/index_d.html>Chunichi</a>,WL
Kyoda Yota,15,55,53,7,15,2,0,1,20,3,0,1,0,0,5,2,0,0,1,0.283,0.309,0.377,0.686,88,0.094,0.298,14.5%,9.1%,3.6%,0.40,<a href=https://npb.jp/bis/eng/teams/index_d.html>Chunichi</a>,WL
Martinez Ariel,14,31,28,3,9,2,0,2,17,6,0,0,0,0,4,2,0,1,0,0.321,0.387,0.607,0.994,166,0.286,0.318,25.8%,12.9%,6.5%,0.50,<a href=https://npb.jp/bis/eng/teams/index_d.html>Chunichi</a>,WL
Matsuba Takahiro,10,2,2,0,1,0,0,0,1,0,0,0,0,0,1,0,0,0,0,0.500,0.500,0.500,1.000,171,0.000,1.000,50.0%,50.0%,0.0%,0.00,<a href=https://npb.jp/bis/eng/teams/index_d.html>Chunichi</a>,WL
Mitsumata Taiki,5,18,17,3,4,0,0,0,4,0,0,0,0,0,4,1,0,0,0,0.235,0.278,0.235,0.513,44,0.000,0.308,27.8%,22.2%,5.6%,0.25,<a href=https://npb.jp/bis/eng/teams/index_d.html>Chunichi</a>,WL
Miyoshi Hironori,89,236,216,24,45,9,2,3,67,16,10,5,1,1,56,12,0,6,2,0.208,0.268,0.310,0.578,60,0.102,0.266,30.1%,23.7%,5.1%,0.21,<a href=https://npb.jp/bis/eng/teams/index_d.html>Chunichi</a>,WL
Mizowaki Hayato,44,131,122,11,35,1,4,0,44,12,2,1,0,1,12,8,0,0,0,0.287,0.328,0.361,0.689,89,0.074,0.315,15.3%,9.2%,6.1%,0.67,<a href=https://npb.jp/bis/eng/teams/index_d.html>Chunichi</a>,WL
Neo Akira,34,128,108,6,17,2,0,1,22,7,4,2,0,1,41,17,0,2,2,0.157,0.281,0.204,0.485,37,0.047,0.239,46.1%,32.0%,13.3%,0.41,<a href=https://npb.jp/bis/eng/teams/index_d.html>Chunichi</a>,WL
Ohno Shota,34,69,63,4,15,4,0,1,22,16,0,0,1,2,11,3,0,0,1,0.238,0.265,0.349,0.614,68,0.111,0.264,21.7%,15.9%,4.3%,0.27,<a href=https://npb.jp/bis/eng/teams/index_d.html>Chunichi</a>,WL
Ohno Yudai,1,1,1,0,0,0,0,0,0,0,0,0,0,0,1,0,0,0,0,0.000,0.000,0.000,0.000,-92,0.000,,100.0%,100.0%,0.0%,0.00,<a href=https://npb.jp/bis/eng/teams/index_d.html>Chunichi</a>,WL
Okabayashi Yuki,62,223,197,22,52,8,3,0,66,18,17,9,2,1,33,21,0,2,2,0.264,0.339,0.335,0.674,86,0.071,0.315,24.2%,14.8%,9.4%,0.64,<a href=https://npb.jp/bis/eng/teams/index_d.html>Chunichi</a>,WL
Okano Yuichiro,19,1,1,0,0,0,0,0,0,0,0,0,0,0,1,0,0,0,0,0.000,0.000,0.000,0.000,-92,0.000,,100.0%,100.0%,0.0%,0.00,<a href=https://npb.jp/bis/eng/teams/index_d.html>Chunichi</a>,WL
Takahashi Shuhei,1,4,3,0,1,0,0,0,1,0,0,0,0,0,1,1,0,0,0,0.333,0.500,0.333,0.833,131,0.000,0.500,50.0%,25.0%,25.0%,1.00,<a href=https://npb.jp/bis/eng/teams/index_d.html>Chunichi</a>,WL
Takamatsu Wataru,8,20,19,5,7,0,0,0,7,1,1,1,1,0,3,0,0,0,0,0.368,0.368,0.368,0.736,102,0.000,0.438,15.0%,15.0%,0.0%,0.00,<a href=https://npb.jp/bis/eng/teams/index_d.html>Chunichi</a>,WL
Takeda Kengo,5,17,17,2,5,2,0,0,7,0,0,0,0,0,1,0,0,0,1,0.294,0.294,0.412,0.706,92,0.118,0.312,5.9%,5.9%,0.0%,0.00,<a href=https://npb.jp/bis/eng/teams/index_d.html>Chunichi</a>,WL
Takino Kaname,7,19,18,2,3,2,0,0,5,1,1,0,0,0,2,0,0,1,1,0.167,0.211,0.278,0.489,36,0.111,0.188,10.5%,10.5%,0.0%,0.00,<a href=https://npb.jp/bis/eng/teams/index_d.html>Chunichi</a>,WL
Tsuchida Ryuku,89,231,204,21,49,10,4,1,70,22,9,2,5,1,60,21,0,0,4,0.240,0.310,0.343,0.653,79,0.103,0.333,35.5%,26.0%,9.1%,0.35,<a href=https://npb.jp/bis/eng/teams/index_d.html>Chunichi</a>,WL
Umetsu Kodai,9,1,1,0,0,0,0,0,0,0,0,0,0,0,1,0,0,0,0,0.000,0.000,0.000,0.000,-92,0.000,,100.0%,100.0%,0.0%,0.00,<a href=https://npb.jp/bis/eng/teams/index_d.html>Chunichi</a>,WL
Wakamatsu Luke,36,110,98,13,25,6,0,1,34,7,1,0,0,0,29,10,0,2,4,0.255,0.336,0.347,0.683,88,0.092,0.353,36.4%,26.4%,9.1%,0.34,<a href=https://npb.jp/bis/eng/teams/index_d.html>Chunichi</a>,WL
Watanabe Masaru,60,188,157,23,35,5,1,3,51,19,10,4,0,2,36,29,0,0,2,0.223,0.340,0.325,0.665,84,0.102,0.267,36.2%,19.1%,15.4%,0.81,<a href=https://npb.jp/bis/eng/teams/index_d.html>Chunichi</a>,WL
Yamashita Ayatsugu,72,173,159,19,40,12,0,6,70,23,0,1,0,0,36,13,0,1,3,0.252,0.312,0.440,0.752,104,0.188,0.291,31.8%,20.8%,7.5%,0.36,<a href=https://npb.jp/bis/eng/teams/index_d.html>Chunichi</a>,WL
Adachi Ryoichi,5,14,11,2,2,0,0,0,2,0,1,0,0,0,1,2,0,1,0,0.182,0.357,0.182,0.539,59,0.000,0.200,21.4%,7.1%,14.3%,2.00,<a href=https://npb.jp/bis/eng/teams/index_b.html>ORIX</a>,WL
Fukuda Shuhei,18,66,56,5,13,0,1,0,15,3,3,1,2,0,12,8,0,0,0,0.232,0.328,0.268,0.596,74,0.036,0.295,30.3%,18.2%,12.1%,0.67,<a href=https://npb.jp/bis/eng/teams/index_b.html>ORIX</a>,WL
Fushimi Torai,1,2,1,1,0,0,0,0,0,0,0,0,0,0,0,1,0,0,1,0.000,0.500,0.000,0.500,54,0.000,0.000,50.0%,0.0%,50.0%,1.00,<a href=https://npb.jp/bis/eng/teams/index_b.html>ORIX</a>,WL
Gen Kendai,111,371,334,20,46,13,0,4,71,30,2,3,3,1,119,33,0,0,8,0.138,0.215,0.213,0.428,24,0.075,0.198,42.0%,32.1%,8.9%,0.28,<a href=https://npb.jp/bis/eng/teams/index_b.html>ORIX</a>,WL
Gibo Sho,63,234,209,24,47,8,1,0,57,14,2,5,3,2,50,18,0,2,5,0.225,0.290,0.273,0.563,64,0.048,0.292,29.1%,21.4%,7.7%,0.36,<a href=https://npb.jp/bis/eng/teams/index_b.html>ORIX</a>,WL
Gotoh Shunta,37,111,98,12,27,3,0,2,36,10,2,3,0,2,24,11,0,0,2,0.276,0.342,0.367,0.709,106,0.091,0.338,33.3%,21.6%,9.9%,0.46,<a href=https://npb.jp/bis/eng/teams/index_b.html>ORIX</a>,WL
Hirano Yamato,32,85,83,7,20,4,0,0,24,4,1,0,0,0,17,2,0,0,3,0.241,0.259,0.289,0.548,57,0.048,0.303,22.4%,20.0%,2.4%,0.12,<a href=https://npb.jp/bis/eng/teams/index_b.html>ORIX</a>,WL
Hirosawa Shinya,81,170,154,10,26,8,0,0,34,15,7,2,5,0,42,10,0,1,1,0.169,0.224,0.221,0.445,29,0.052,0.232,30.6%,24.7%,5.9%,0.24,<a href=https://npb.jp/bis/eng/teams/index_b.html>ORIX</a>,WL
Inatomi Hiroki,31,60,55,2,10,3,0,0,13,4,0,1,1,0,10,3,0,1,1,0.182,0.237,0.236,0.473,37,0.054,0.222,21.7%,16.7%,5.0%,0.30,<a href=https://npb.jp/bis/eng/teams/index_b.html>ORIX</a>,WL
Jones Adam,2,4,4,0,1,0,0,0,1,2,0,0,0,0,1,0,0,0,0,0.250,0.250,0.250,0.500,44,0.000,0.333,25.0%,25.0%,0.0%,0.00,<a href=https://npb.jp/bis/eng/teams/index_b.html>ORIX</a>,WL
Katsumata Shoki,70,214,197,15,43,8,3,1,60,17,0,2,1,1,52,14,0,1,4,0.218,0.272,0.305,0.577,67,0.087,0.290,31.3%,24.3%,6.5%,0.27,<a href=https://npb.jp/bis/eng/teams/index_b.html>ORIX</a>,WL
Kissu Felipe,59,135,115,8,21,7,0,0,28,8,0,0,6,1,42,12,1,1,0,0.183,0.264,0.243,0.507,47,0.060,0.284,40.0%,31.1%,8.9%,0.29,<a href=https://npb.jp/bis/eng/teams/index_b.html>ORIX</a>,WL
Kita Ryoto,89,336,321,33,82,16,4,2,112,26,5,6,0,1,89,13,0,1,3,0.255,0.286,0.349,0.635,83,0.094,0.346,31.0%,26.5%,3.9%,0.15,<a href=https://npb.jp/bis/eng/teams/index_b.html>ORIX</a>,WL
Kocho Taku,11,10,8,0,1,1,0,0,2,0,0,0,0,0,1,1,0,1,0,0.125,0.300,0.250,0.550,61,0.125,0.143,20.0%,10.0%,10.0%,1.00,<a href=https://npb.jp/bis/eng/teams/index_b.html>ORIX</a>,WL
Kurebayashi Kotaro,2,6,6,0,2,0,0,0,2,0,0,0,0,0,1,0,0,0,0,0.333,0.333,0.333,0.666,93,0.000,0.400,16.7%,16.7%,0.0%,0.00,<a href=https://npb.jp/bis/eng/teams/index_b.html>ORIX</a>,WL
Matsui Masato,25,55,45,4,10,2,0,0,12,4,0,0,1,1,11,7,0,1,2,0.222,0.333,0.267,0.600,75,0.045,0.286,32.7%,20.0%,12.7%,0.64,<a href=https://npb.jp/bis/eng/teams/index_b.html>ORIX</a>,WL
Moya Steven,5,13,13,1,6,0,0,0,6,0,0,0,0,0,3,0,0,0,0,0.462,0.462,0.462,0.924,169,0.000,0.600,23.1%,23.1%,0.0%,0.00,<a href=https://npb.jp/bis/eng/teams/index_b.html>ORIX</a>,WL
Mune Yuma,2,7,4,1,0,0,0,0,0,1,0,0,0,1,1,1,0,1,0,0.000,0.286,0.000,0.286,-13,0.000,0.000,28.6%,14.3%,14.3%,1.00,<a href=https://npb.jp/bis/eng/teams/index_b.html>ORIX</a>,WL
Nakagawa Keita,17,69,58,10,17,6,1,0,25,4,2,2,0,0,3,11,0,0,0,0.293,0.406,0.431,0.837,143,0.138,0.309,20.3%,4.3%,15.9%,3.67,<a href=https://npb.jp/bis/eng/teams/index_b.html>ORIX</a>,WL
Nakagawa Takuma,14,29,29,1,8,2,0,0,10,0,0,0,0,0,11,0,0,0,2,0.276,0.276,0.345,0.621,79,0.069,0.444,37.9%,37.9%,0.0%,0.00,<a href=https://npb.jp/bis/eng/teams/index_b.html>ORIX</a>,WL
Nishimura Ryo,59,171,147,12,38,10,2,1,55,19,6,1,0,0,18,23,0,1,5,0.259,0.363,0.374,0.737,114,0.115,0.289,24.6%,10.5%,13.5%,1.28,<a href=https://npb.jp/bis/eng/teams/index_b.html>ORIX</a>,WL
Nishino Masahiro,53,176,152,10,34,5,0,0,39,13,2,3,1,0,8,22,0,1,4,0.224,0.326,0.257,0.583,70,0.033,0.236,17.0%,4.5%,12.5%,2.75,<a href=https://npb.jp/bis/eng/teams/index_b.html>ORIX</a>,WL
Oda Yuya,3,12,10,2,1,0,0,1,4,1,0,0,1,0,1,1,0,0,0,0.100,0.182,0.400,0.582,65,0.300,0.000,25.0%,8.3%,8.3%,1.00,<a href=https://npb.jp/bis/eng/teams/index_b.html>ORIX</a>,WL
Ohshiro Koji,4,12,10,2,3,0,0,0,3,0,0,1,0,0,4,2,0,0,0,0.300,0.417,0.300,0.717,111,0.000,0.500,50.0%,33.3%,16.7%,0.50,<a href=https://npb.jp/bis/eng/teams/index_b.html>ORIX</a>,WL
Ohshita Seiichiro,72,239,193,26,47,14,1,2,69,15,1,0,10,2,27,27,1,7,2,0.244,0.354,0.358,0.712,107,0.114,0.271,23.4%,11.3%,11.3%,1.00,<a href=https://npb.jp/bis/eng/teams/index_b.html>ORIX</a>,WL
Ohta Ryo,52,191,174,13,33,9,2,3,55,9,1,1,0,1,38,15,0,1,5,0.190,0.257,0.316,0.573,65,0.126,0.224,29.3%,19.9%,7.9%,0.39,<a href=https://npb.jp/bis/eng/teams/index_b.html>ORIX</a>,WL
Okada Takahiro,3,9,8,1,1,0,0,1,4,1,0,0,0,0,1,1,0,0,0,0.125,0.222,0.500,0.722,104,0.375,0.000,33.3%,11.1%,11.1%,1.00,<a href=https://npb.jp/bis/eng/teams/index_b.html>ORIX</a>,WL
Okazaki Daisuke,62,124,114,10,20,1,1,1,26,17,0,1,3,0,22,7,0,0,4,0.175,0.223,0.228,0.451,30,0.053,0.209,24.2%,17.7%,5.6%,0.32,<a href=https://npb.jp/bis/eng/teams/index_b.html>ORIX</a>,WL
Ravelo Rangel,3,9,6,0,0,0,0,0,0,0,0,0,0,0,0,1,0,2,0,0.000,0.333,0.000,0.333,2,0.000,0.000,11.1%,0.0%,11.1%,1.00,<a href=https://npb.jp/bis/eng/teams/index_b.html>ORIX</a>,WL
Romero Stefen,11,27,25,1,7,2,0,0,9,0,1,0,0,0,5,1,0,1,0,0.280,0.333,0.360,0.693,101,0.080,0.350,22.2%,18.5%,3.7%,0.20,<a href=https://npb.jp/bis/eng/teams/index_b.html>ORIX</a>,WL
Sano Kodai,43,166,150,12,37,6,1,0,45,9,14,9,0,1,34,14,0,1,2,0.247,0.313,0.300,0.613,78,0.053,0.316,28.9%,20.5%,8.4%,0.41,<a href=https://npb.jp/bis/eng/teams/index_b.html>ORIX</a>,WL
Sano Yukikazu,91,290,245,19,50,7,0,3,66,20,5,9,7,1,62,34,0,3,3,0.204,0.307,0.269,0.576,68,0.065,0.260,34.1%,21.4%,11.7%,0.55,<a href=https://npb.jp/bis/eng/teams/index_b.html>ORIX</a>,WL
Satoh Yugo,30,32,29,6,7,2,0,1,12,5,1,1,0,0,10,2,0,1,1,0.241,0.313,0.414,0.727,109,0.173,0.333,40.6%,31.2%,6.2%,0.20,<a href=https://npb.jp/bis/eng/teams/index_b.html>ORIX</a>,WL
Sugimoto Yutaro,1,3,1,0,0,0,0,0,0,0,0,0,0,0,0,2,0,0,0,0.000,0.667,0.000,0.667,107,0.000,0.000,66.7%,0.0%,66.7%,1.00,<a href=https://npb.jp/bis/eng/teams/index_b.html>ORIX</a>,WL
Tashiro Tsubasa,71,230,218,15,53,3,4,0,64,12,8,6,4,1,28,5,0,2,2,0.243,0.265,0.294,0.559,62,0.051,0.277,14.3%,12.2%,2.2%,0.18,<a href=https://npb.jp/bis/eng/teams/index_b.html>ORIX</a>,WL
Tongu Yuma,40,123,103,8,16,5,0,1,24,10,0,0,0,1,35,14,0,5,1,0.155,0.285,0.233,0.518,50,0.078,0.221,40.7%,28.5%,11.4%,0.40,<a href=https://npb.jp/bis/eng/teams/index_b.html>ORIX</a>,WL
Tsuri Jui,10,24,23,0,3,1,0,0,4,1,0,0,0,0,14,1,0,0,0,0.130,0.167,0.174,0.341,-2,0.044,0.333,62.5%,58.3%,4.2%,0.07,<a href=https://npb.jp/bis/eng/teams/index_b.html>ORIX</a>,WL
Tsurumi Ryoya,25,38,35,6,7,2,0,0,9,3,0,0,0,1,9,2,0,0,1,0.200,0.237,0.257,0.494,42,0.057,0.259,28.9%,23.7%,5.3%,0.22,<a href=https://npb.jp/bis/eng/teams/index_b.html>ORIX</a>,WL
Wakatsuki Kenya,3,11,9,3,4,0,0,1,7,1,0,0,0,0,0,1,0,1,0,0.444,0.545,0.778,1.323,281,0.334,0.375,18.2%,0.0%,9.1%,1.00,<a href=https://npb.jp/bis/eng/teams/index_b.html>ORIX</a>,WL
Yamaashi Tatsuya,33,96,85,10,21,4,0,0,25,6,2,0,1,1,13,9,0,0,1,0.247,0.316,0.294,0.610,77,0.047,0.288,22.9%,13.5%,9.4%,0.69,<a href=https://npb.jp/bis/eng/teams/index_b.html>ORIX</a>,WL
Yoshida Masataka,2,5,4,0,0,0,0,0,0,0,0,0,0,0,0,1,0,0,1,0.000,0.200,0.000,0.200,-40,0.000,0.000,20.0%,0.0%,20.0%,1.00,<a href=https://npb.jp/bis/eng/teams/index_b.html>ORIX</a>,WL
Chatani Kenta,37,96,81,14,21,2,0,2,29,7,0,1,0,0,17,12,0,3,1,0.259,0.375,0.358,0.733,108,0.099,0.306,32.3%,17.7%,12.5%,0.71,<a href=https://npb.jp/bis/eng/teams/index_m.html>Lotte</a>,EL
Emura Naoya,9,17,13,1,1,0,0,0,1,1,0,0,1,0,6,3,0,0,0,0.077,0.250,0.077,0.327,-3,0.000,0.143,52.9%,35.3%,17.6%,0.50,<a href=https://npb.jp/bis/eng/teams/index_m.html>Lotte</a>,EL
Fujiwara Kyota,40,168,135,22,39,7,0,3,55,18,8,5,0,1,33,29,0,3,3,0.289,0.423,0.407,0.830,136,0.118,0.360,38.7%,19.6%,17.3%,0.88,<a href=https://npb.jp/bis/eng/teams/index_m.html>Lotte</a>,EL
Fukuda Koki,101,329,293,30,72,11,2,2,93,31,0,3,0,4,41,29,0,3,11,0.246,0.316,0.317,0.633,80,0.071,0.276,21.9%,12.5%,8.8%,0.71,<a href=https://npb.jp/bis/eng/teams/index_m.html>Lotte</a>,EL
Fukuda Shuhei,46,160,126,26,32,4,4,5,59,22,3,1,1,2,29,30,0,1,2,0.254,0.396,0.468,0.864,144,0.214,0.287,40.0%,18.1%,18.8%,1.03,<a href=https://npb.jp/bis/eng/teams/index_m.html>Lotte</a>,EL
Hechavarria Adeiny,13,48,43,6,15,3,0,0,18,4,0,0,0,0,8,5,0,0,1,0.349,0.417,0.419,0.836,137,0.070,0.429,27.1%,16.7%,10.4%,0.62,<a href=https://npb.jp/bis/eng/teams/index_m.html>Lotte</a>,EL
Hirasawa Taiga,100,380,313,48,73,18,3,8,121,45,11,3,2,1,79,60,0,4,3,0.233,0.362,0.387,0.749,112,0.154,0.286,38.7%,20.8%,15.8%,0.76,<a href=https://npb.jp/bis/eng/teams/index_m.html>Lotte</a>,EL
Inoue Seiya,33,125,100,18,25,2,0,4,39,22,0,2,0,1,21,24,0,0,3,0.250,0.392,0.390,0.782,122,0.140,0.276,39.2%,16.8%,19.2%,1.14,<a href=https://npb.jp/bis/eng/teams/index_m.html>Lotte</a>,EL
Kakinuma Tomoya,1,2,2,0,0,0,0,0,0,0,0,0,0,0,1,0,0,0,0,0.000,0.000,0.000,0.000,-99,0.000,0.000,50.0%,50.0%,0.0%,0.00,<a href=https://npb.jp/bis/eng/teams/index_m.html>Lotte</a>,EL
Kakunaka Katsuya,5,21,18,3,5,1,0,0,6,3,0,0,0,0,1,3,0,0,2,0.278,0.381,0.333,0.714,103,0.055,0.294,19.0%,4.8%,14.3%,3.00,<a href=https://npb.jp/bis/eng/teams/index_m.html>Lotte</a>,EL
Katoh Shohei,34,126,111,22,41,8,2,4,65,18,3,2,0,0,13,13,0,2,0,0.369,0.444,0.586,1.030,189,0.217,0.394,23.8%,10.3%,10.3%,1.00,<a href=https://npb.jp/bis/eng/teams/index_m.html>Lotte</a>,EL
Katoh Takuma,6,16,15,2,6,2,0,0,8,3,0,0,0,0,3,1,0,0,0,0.400,0.438,0.533,0.971,173,0.133,0.500,25.0%,18.8%,6.2%,0.33,<a href=https://npb.jp/bis/eng/teams/index_m.html>Lotte</a>,EL
Kiyota Ikuhiro,2,4,3,0,0,0,0,0,0,0,0,0,0,0,2,1,0,0,0,0.000,0.250,0.000,0.250,-24,0.000,0.000,75.0%,50.0%,25.0%,0.50,<a href=https://npb.jp/bis/eng/teams/index_m.html>Lotte</a>,EL
Kokubo Tetsuya,5,21,17,4,8,0,0,0,8,5,0,0,0,1,3,3,0,0,0,0.471,0.524,0.471,0.995,183,0.000,0.533,28.6%,14.3%,14.3%,1.00,<a href=https://npb.jp/bis/eng/teams/index_m.html>Lotte</a>,EL
Laird Brandon,6,18,17,3,6,2,0,3,17,6,0,0,0,0,4,1,0,0,0,0.353,0.389,1.000,1.389,282,0.647,0.300,44.4%,22.2%,5.6%,0.25,<a href=https://npb.jp/bis/eng/teams/index_m.html>Lotte</a>,EL
Martin Leonys,3,12,10,1,1,1,0,0,2,0,0,0,0,0,4,2,0,0,0,0.100,0.250,0.200,0.450,30,0.100,0.167,50.0%,33.3%,16.7%,0.50,<a href=https://npb.jp/bis/eng/teams/index_m.html>Lotte</a>,EL
Matsuda Shin,56,148,129,12,36,3,0,2,45,16,1,1,0,1,39,16,0,2,3,0.279,0.365,0.349,0.714,103,0.070,0.382,38.5%,26.4%,10.8%,0.41,<a href=https://npb.jp/bis/eng/teams/index_m.html>Lotte</a>,EL
Miki Ryo,28,93,76,15,21,6,0,0,27,7,1,0,2,1,18,11,0,3,2,0.276,0.385,0.355,0.740,111,0.079,0.356,31.2%,19.4%,11.8%,0.61,<a href=https://npb.jp/bis/eng/teams/index_m.html>Lotte</a>,EL
Munetsugu Yuito,71,225,193,27,43,9,1,1,57,17,3,0,3,1,66,27,0,1,6,0.223,0.320,0.295,0.615,76,0.072,0.331,41.8%,29.3%,12.0%,0.41,<a href=https://npb.jp/bis/eng/teams/index_m.html>Lotte</a>,EL
Nishikawa Ryosuke,76,216,191,21,30,7,0,3,46,15,1,0,0,1,75,24,0,0,4,0.157,0.250,0.241,0.491,40,0.084,0.237,47.2%,34.7%,11.1%,0.32,<a href=https://npb.jp/bis/eng/teams/index_m.html>Lotte</a>,EL
Nishimaki Kenji,101,313,265,39,66,8,3,1,83,26,16,10,4,3,43,36,0,5,2,0.249,0.346,0.313,0.659,88,0.064,0.290,25.6%,13.7%,11.5%,0.84,<a href=https://npb.jp/bis/eng/teams/index_m.html>Lotte</a>,EL
Ogawa Ryusei,51,165,144,10,26,5,1,0,33,11,11,9,4,1,26,14,0,2,3,0.181,0.261,0.229,0.490,40,0.048,0.218,24.2%,15.8%,8.5%,0.54,<a href=https://npb.jp/bis/eng/teams/index_m.html>Lotte</a>,EL
Oka Hiromi,9,36,31,9,15,3,0,1,21,8,2,1,0,0,6,4,0,1,0,0.484,0.556,0.677,1.233,247,0.193,0.583,30.6%,16.7%,11.1%,0.67,<a href=https://npb.jp/bis/eng/teams/index_m.html>Lotte</a>,EL
Peralta Jorge,22,34,28,2,3,1,0,0,4,2,2,0,0,0,16,6,0,0,0,0.107,0.265,0.143,0.408,19,0.036,0.250,64.7%,47.1%,17.6%,0.38,<a href=https://npb.jp/bis/eng/teams/index_m.html>Lotte</a>,EL
Santos Sandy,3,7,6,0,0,0,0,0,0,0,0,0,0,0,2,1,0,0,0,0.000,0.143,0.000,0.143,-55,0.000,0.000,42.9%,28.6%,14.3%,0.50,<a href=https://npb.jp/bis/eng/teams/index_m.html>Lotte</a>,EL
Satoh Toshiya,46,165,136,26,40,10,2,5,69,28,3,1,3,4,18,18,1,4,1,0.294,0.383,0.507,0.890,151,0.213,0.299,24.8%,10.9%,10.9%,1.00,<a href=https://npb.jp/bis/eng/teams/index_m.html>Lotte</a>,EL
Sugano Tsuyoshi,64,219,190,18,50,7,1,2,65,16,1,2,1,2,34,22,1,4,2,0.263,0.349,0.342,0.691,97,0.079,0.308,26.5%,15.5%,10.0%,0.65,<a href=https://npb.jp/bis/eng/teams/index_m.html>Lotte</a>,EL
Takabe Akito,61,237,205,36,67,11,1,4,92,24,28,8,5,1,37,24,0,2,3,0.327,0.401,0.449,0.850,141,0.122,0.382,27.4%,15.6%,10.1%,0.65,<a href=https://npb.jp/bis/eng/teams/index_m.html>Lotte</a>,EL
Takahama Takuya,37,88,73,10,22,1,2,1,30,11,0,0,0,1,14,12,0,2,3,0.301,0.409,0.411,0.820,133,0.110,0.356,30.7%,15.9%,13.6%,0.86,<a href=https://npb.jp/bis/eng/teams/index_m.html>Lotte</a>,EL
Tamura Tatsuhiro,7,12,11,0,1,0,0,0,1,0,0,0,0,0,3,1,0,0,0,0.091,0.167,0.091,0.258,-25,0.000,0.125,33.3%,25.0%,8.3%,0.33,<a href=https://npb.jp/bis/eng/teams/index_m.html>Lotte</a>,EL
Tanigawa Yuito,4,1,1,0,0,0,0,0,0,0,0,0,0,0,0,0,0,0,0,0.000,0.000,0.000,0.000,-99,0.000,0.000,0.0%,0.0%,0.0%,,<a href=https://npb.jp/bis/eng/teams/index_m.html>Lotte</a>,EL
Toritani Takashi,31,115,89,7,16,2,1,0,20,6,2,0,0,1,21,25,0,0,3,0.180,0.357,0.225,0.582,68,0.045,0.232,40.0%,18.3%,21.7%,1.19,<a href=https://npb.jp/bis/eng/teams/index_m.html>Lotte</a>,EL
Ueda Shota,66,182,157,11,30,4,0,1,37,17,1,0,7,1,30,15,0,2,4,0.191,0.269,0.236,0.505,44,0.045,0.228,25.3%,16.5%,8.2%,0.50,<a href=https://npb.jp/bis/eng/teams/index_m.html>Lotte</a>,EL
Wada Koshiro,12,46,37,10,10,1,0,2,17,5,6,0,1,1,9,6,0,1,0,0.270,0.378,0.459,0.837,136,0.189,0.296,37.0%,19.6%,13.0%,0.67,<a href=https://npb.jp/bis/eng/teams/index_m.html>Lotte</a>,EL
Yamaguchi Koki,30,118,101,14,27,7,0,2,40,9,2,4,0,0,22,15,0,2,4,0.267,0.373,0.396,0.769,118,0.129,0.325,33.1%,18.6%,12.7%,0.68,<a href=https://npb.jp/bis/eng/teams/index_m.html>Lotte</a>,EL
Yamamoto Daito,93,193,170,23,38,9,0,5,62,32,1,5,0,1,36,16,0,6,5,0.224,0.311,0.365,0.676,92,0.141,0.254,29.5%,18.7%,8.3%,0.44,<a href=https://npb.jp/bis/eng/teams/index_m.html>Lotte</a>,EL
Yasuda Hisanori,8,36,23,9,9,1,0,2,16,8,0,0,0,2,3,11,0,0,1,0.391,0.556,0.696,1.252,252,0.305,0.350,44.4%,8.3%,30.6%,3.67,<a href=https://npb.jp/bis/eng/teams/index_m.html>Lotte</a>,EL
Akashi Kenji,16,58,47,4,13,2,1,0,17,8,0,0,0,0,8,11,1,0,4,0.277,0.414,0.362,0.776,122,0.085,0.333,32.8%,13.8%,19.0%,1.38,<a href=https://npb.jp/bis/eng/teams/index_h.html>SoftBank</a>,WL
Alvarez Dariel,18,63,54,9,17,3,0,3,29,10,1,0,0,2,5,6,0,1,4,0.315,0.381,0.537,0.918,158,0.222,0.292,22.2%,7.9%,9.5%,1.20,<a href=https://npb.jp/bis/eng/teams/index_h.html>SoftBank</a>,WL
Balentien Wladimir,41,119,105,18,25,3,0,11,61,28,0,0,0,1,19,13,0,0,6,0.238,0.319,0.581,0.900,151,0.343,0.184,36.1%,16.0%,10.9%,0.68,<a href=https://npb.jp/bis/eng/teams/index_h.html>SoftBank</a>,WL
Despaigne Alfredo,16,45,38,1,7,3,0,0,10,2,0,0,0,0,11,6,0,1,0,0.184,0.311,0.263,0.574,64,0.079,0.259,37.8%,24.4%,13.3%,0.55,<a href=https://npb.jp/bis/eng/teams/index_h.html>SoftBank</a>,WL
Gracial Yurisbel,2,6,5,0,0,0,0,0,0,0,0,0,0,0,1,1,0,0,1,0.000,0.167,0.000,0.167,-49,0.000,0.000,33.3%,16.7%,16.7%,1.00,<a href=https://npb.jp/bis/eng/teams/index_h.html>SoftBank</a>,WL
Hasegawa Yuya,2,7,4,3,2,2,0,0,4,3,0,0,0,0,0,3,0,0,0,0.500,0.714,1.000,1.714,381,0.500,0.500,42.9%,0.0%,42.9%,1.00,<a href=https://npb.jp/bis/eng/teams/index_h.html>SoftBank</a>,WL
Inoue Tomoya,45,133,122,17,30,9,0,3,48,11,0,0,0,0,38,9,0,2,4,0.246,0.308,0.393,0.701,98,0.147,0.333,37.6%,28.6%,6.8%,0.24,<a href=https://npb.jp/bis/eng/teams/index_h.html>SoftBank</a>,WL
Ishizuka Soichiro,6,13,10,1,4,1,0,0,5,0,0,1,0,0,2,1,0,2,0,0.400,0.538,0.500,1.038,196,0.100,0.500,23.1%,15.4%,7.7%,0.50,<a href=https://npb.jp/bis/eng/teams/index_h.html>SoftBank</a>,WL
Itani Shoma,3,2,2,0,0,0,0,0,0,0,0,0,0,0,1,0,0,0,1,0.000,0.000,0.000,0.000,-99,0.000,0.000,50.0%,50.0%,0.0%,0.00,<a href=https://npb.jp/bis/eng/teams/index_h.html>SoftBank</a>,WL
Itoh Daisuke,4,5,5,0,1,1,0,0,2,0,0,0,0,0,1,0,0,0,1,0.200,0.200,0.400,0.600,67,0.200,0.250,20.0%,20.0%,0.0%,0.00,<a href=https://npb.jp/bis/eng/teams/index_h.html>SoftBank</a>,WL
Kai Takuya,1,4,3,0,0,0,0,0,0,0,0,0,0,0,1,1,0,0,0,0.000,0.250,0.000,0.250,-24,0.000,0.000,50.0%,25.0%,25.0%,1.00,<a href=https://npb.jp/bis/eng/teams/index_h.html>SoftBank</a>,WL
Kamamoto Go,77,204,164,32,35,7,5,2,58,20,12,1,6,4,47,27,0,3,3,0.213,0.328,0.354,0.682,94,0.141,0.277,37.3%,23.0%,13.2%,0.57,<a href=https://npb.jp/bis/eng/teams/index_h.html>SoftBank</a>,WL
Katsuren Haruki,48,82,73,10,12,2,0,0,14,5,2,1,1,2,24,5,0,1,3,0.164,0.222,0.192,0.414,19,0.028,0.235,35.4%,29.3%,6.1%,0.21,<a href=https://npb.jp/bis/eng/teams/index_h.html>SoftBank</a>,WL
Kawarada Jumpei,17,25,24,3,2,0,0,0,2,1,0,0,0,0,3,0,0,1,0,0.083,0.120,0.083,0.203,-41,0.000,0.095,12.0%,12.0%,0.0%,0.00,<a href=https://npb.jp/bis/eng/teams/index_h.html>SoftBank</a>,WL
Kawase Hikaru,58,209,174,17,48,11,7,0,73,16,1,4,12,0,22,22,0,1,1,0.276,0.360,0.420,0.780,121,0.144,0.316,21.1%,10.5%,10.5%,1.00,<a href=https://npb.jp/bis/eng/teams/index_h.html>SoftBank</a>,WL
Kobayashi Jui,58,128,117,18,28,8,0,2,42,11,2,0,6,1,37,3,0,1,1,0.239,0.262,0.359,0.621,75,0.120,0.329,32.8%,28.9%,2.3%,0.08,<a href=https://npb.jp/bis/eng/teams/index_h.html>SoftBank</a>,WL
Kuki Ryuhei,46,102,87,13,23,6,1,0,31,8,4,0,1,1,23,13,0,0,2,0.264,0.356,0.356,0.712,103,0.092,0.354,35.3%,22.5%,12.7%,0.57,<a href=https://npb.jp/bis/eng/teams/index_h.html>SoftBank</a>,WL
Kurihara Ryoya,2,9,8,1,1,0,0,1,4,1,0,0,0,0,3,1,0,0,0,0.125,0.222,0.500,0.722,100,0.375,0.000,55.6%,33.3%,11.1%,0.33,<a href=https://npb.jp/bis/eng/teams/index_h.html>SoftBank</a>,WL
Kurose Kenta,44,100,90,10,17,3,0,4,32,15,0,0,0,0,34,9,1,1,3,0.189,0.270,0.356,0.626,77,0.167,0.250,47.0%,34.0%,9.0%,0.26,<a href=https://npb.jp/bis/eng/teams/index_h.html>SoftBank</a>,WL
Makihara Kota,6,10,8,0,1,0,0,0,1,1,0,2,0,0,4,2,0,0,0,0.125,0.300,0.125,0.425,25,0.000,0.250,60.0%,40.0%,20.0%,0.50,<a href=https://npb.jp/bis/eng/teams/index_h.html>SoftBank</a>,WL
Makihara Taisei,13,38,35,4,7,1,0,0,8,0,1,2,0,0,6,3,0,0,0,0.200,0.263,0.229,0.492,42,0.029,0.241,23.7%,15.8%,7.9%,0.50,<a href=https://npb.jp/bis/eng/teams/index_h.html>SoftBank</a>,WL
Masago Yusuke,20,75,67,7,18,2,1,3,31,11,3,0,1,0,16,4,0,3,2,0.269,0.338,0.463,0.801,126,0.194,0.312,30.7%,21.3%,5.3%,0.25,<a href=https://npb.jp/bis/eng/teams/index_h.html>SoftBank</a>,WL
Masuda Shu,97,295,253,31,59,10,1,5,86,28,5,3,5,0,50,28,0,9,7,0.233,0.331,0.340,0.671,91,0.107,0.273,28.1%,16.9%,9.5%,0.56,<a href=https://npb.jp/bis/eng/teams/index_h.html>SoftBank</a>,WL
Mimori Masaki,37,153,137,21,41,4,4,0,53,15,7,1,0,0,20,15,1,1,2,0.299,0.373,0.387,0.760,116,0.088,0.350,22.9%,13.1%,9.8%,0.75,<a href=https://npb.jp/bis/eng/teams/index_h.html>SoftBank</a>,WL
Mizutani Shun,69,199,174,30,48,9,2,4,73,29,8,1,0,5,42,14,0,6,2,0.276,0.342,0.420,0.762,116,0.144,0.331,30.2%,21.1%,7.0%,0.33,<a href=https://npb.jp/bis/eng/teams/index_h.html>SoftBank</a>,WL
Nakamura Takamasa,11,21,19,4,4,1,0,1,8,4,0,0,0,0,5,2,0,0,1,0.211,0.286,0.421,0.707,99,0.210,0.231,38.1%,23.8%,9.5%,0.40,<a href=https://npb.jp/bis/eng/teams/index_h.html>SoftBank</a>,WL
Nakatani Masahiro,35,99,88,6,15,1,1,3,27,7,0,0,0,0,25,10,0,1,1,0.170,0.263,0.307,0.570,61,0.137,0.200,38.4%,25.3%,10.1%,0.40,<a href=https://npb.jp/bis/eng/teams/index_h.html>SoftBank</a>,WL
Nomura Daiju,79,242,217,22,57,10,1,2,75,27,2,1,3,1,36,18,0,3,6,0.263,0.326,0.346,0.672,91,0.083,0.306,23.1%,14.9%,7.4%,0.50,<a href=https://npb.jp/bis/eng/teams/index_h.html>SoftBank</a>,WL
Sasagawa Yoshiyasu,4,6,6,2,1,0,0,0,1,0,0,0,0,0,2,0,0,0,0,0.167,0.167,0.167,0.334,-4,0.000,0.250,33.3%,33.3%,0.0%,0.00,<a href=https://npb.jp/bis/eng/teams/index_h.html>SoftBank</a>,WL
Satoh Naoki,48,154,141,18,35,7,3,3,57,18,15,5,4,0,43,7,0,2,1,0.248,0.293,0.404,0.697,97,0.156,0.337,34.4%,27.9%,4.5%,0.16,<a href=https://npb.jp/bis/eng/teams/index_h.html>SoftBank</a>,WL
Shuto Ukyo,17,67,58,13,20,1,2,1,28,11,8,5,0,0,5,8,0,1,1,0.345,0.433,0.483,0.916,159,0.138,0.365,20.9%,7.5%,11.9%,1.60,<a href=https://npb.jp/bis/eng/teams/index_h.html>SoftBank</a>,WL
Sunagawa Richard,76,314,283,29,64,17,0,12,117,49,0,2,0,1,94,23,0,7,2,0.226,0.299,0.413,0.712,101,0.187,0.292,41.1%,29.9%,7.3%,0.24,<a href=https://npb.jp/bis/eng/teams/index_h.html>SoftBank</a>,WL
Takata Tomoki,23,72,58,6,16,2,0,0,18,4,1,2,5,0,12,9,0,0,3,0.276,0.373,0.310,0.683,96,0.034,0.348,29.2%,16.7%,12.5%,0.75,<a href=https://npb.jp/bis/eng/teams/index_h.html>SoftBank</a>,WL
Takaya Hiroaki,28,32,28,2,8,2,0,0,10,5,0,0,0,0,4,4,0,0,0,0.286,0.375,0.357,0.732,109,0.071,0.333,25.0%,12.5%,12.5%,1.00,<a href=https://npb.jp/bis/eng/teams/index_h.html>SoftBank</a>,WL
Tanigawara Kenta,47,135,114,26,29,8,1,3,48,15,3,3,1,2,25,16,0,2,0,0.254,0.351,0.421,0.772,119,0.167,0.295,32.6%,18.5%,11.9%,0.64,<a href=https://npb.jp/bis/eng/teams/index_h.html>SoftBank</a>,WL
Uebayashi Seiji,50,203,177,32,52,20,1,6,92,26,5,3,0,2,32,21,0,3,3,0.294,0.374,0.520,0.894,151,0.226,0.326,29.1%,15.8%,10.3%,0.66,<a href=https://npb.jp/bis/eng/teams/index_h.html>SoftBank</a>,WL
Umino Takashi,45,129,108,14,22,9,1,3,42,15,1,2,4,1,27,15,0,1,1,0.204,0.304,0.389,0.693,96,0.185,0.241,34.9%,20.9%,11.6%,0.56,<a href=https://npb.jp/bis/eng/teams/index_h.html>SoftBank</a>,WL
Watanabe Riku,66,117,99,19,26,5,0,3,40,18,1,0,1,1,32,15,0,1,0,0.263,0.362,0.404,0.766,118,0.141,0.354,42.7%,27.4%,12.8%,0.47,<a href=https://npb.jp/bis/eng/teams/index_h.html>SoftBank</a>,WL
Yanagimachi Tatsuru,95,350,299,40,88,14,5,1,115,28,0,3,6,1,52,42,0,2,7,0.294,0.384,0.385,0.769,119,0.091,0.352,27.1%,14.9%,12.0%,0.81,<a href=https://npb.jp/bis/eng/teams/index_h.html>SoftBank</a>,WL
Adachi Yuichi,42,82,67,7,16,3,0,1,22,9,0,0,3,1,7,11,0,0,3,0.239,0.342,0.328,0.670,91,0.089,0.250,23.2%,8.5%,13.4%,1.57,<a href=https://npb.jp/bis/eng/teams/index_e.html>Rakuten</a>,EL
Akaminai Ginji,14,54,46,5,10,1,0,2,17,10,1,0,0,0,3,8,0,0,2,0.217,0.333,0.370,0.703,100,0.153,0.195,24.1%,5.6%,14.8%,2.67,<a href=https://npb.jp/bis/eng/teams/index_e.html>Rakuten</a>,EL
Castillo Rusney,17,55,50,9,18,2,0,0,20,10,0,0,0,0,5,4,0,1,1,0.360,0.418,0.400,0.818,134,0.040,0.400,16.4%,9.1%,7.3%,0.80,<a href=https://npb.jp/bis/eng/teams/index_e.html>Rakuten</a>,EL
Dixon Brandon,41,153,127,20,33,10,0,8,67,21,1,1,0,2,30,23,0,1,2,0.260,0.373,0.528,0.901,153,0.268,0.275,39.9%,19.6%,15.0%,0.77,<a href=https://npb.jp/bis/eng/teams/index_e.html>Rakuten</a>,EL
Egawa Yuto,59,141,133,12,38,8,0,0,46,10,0,0,2,0,26,4,0,2,3,0.286,0.317,0.346,0.663,88,0.060,0.355,21.3%,18.4%,2.8%,0.15,<a href=https://npb.jp/bis/eng/teams/index_e.html>Rakuten</a>,EL
Fujita Kazuya,55,142,130,9,38,3,0,2,47,10,0,0,0,0,10,11,0,1,6,0.292,0.352,0.362,0.714,103,0.070,0.305,16.2%,7.0%,7.7%,1.10,<a href=https://npb.jp/bis/eng/teams/index_e.html>Rakuten</a>,EL
Horiuchi Kengo,99,316,273,34,70,10,2,0,84,30,2,5,8,2,36,27,0,6,10,0.256,0.334,0.308,0.642,83,0.052,0.293,19.9%,11.4%,8.5%,0.75,<a href=https://npb.jp/bis/eng/teams/index_e.html>Rakuten</a>,EL
Irie Daiki,20,60,51,5,10,0,0,0,10,0,0,0,0,0,21,6,0,3,0,0.196,0.317,0.196,0.513,49,0.000,0.333,45.0%,35.0%,10.0%,0.29,<a href=https://npb.jp/bis/eng/teams/index_e.html>Rakuten</a>,EL
Ishihara Tsuyoshi,48,118,98,12,20,5,0,3,34,12,0,1,3,3,34,14,0,0,6,0.204,0.296,0.347,0.643,82,0.143,0.266,43.2%,28.8%,11.9%,0.41,<a href=https://npb.jp/bis/eng/teams/index_e.html>Rakuten</a>,EL
Iwami Masaki,74,205,185,24,48,8,0,8,80,25,0,1,0,0,57,19,0,1,9,0.259,0.332,0.432,0.764,116,0.173,0.333,41.0%,27.8%,9.3%,0.33,<a href=https://npb.jp/bis/eng/teams/index_e.html>Rakuten</a>,EL
Kurokawa Fumiya,48,223,204,30,65,16,0,3,90,31,2,0,1,2,22,15,0,1,7,0.319,0.365,0.441,0.806,128,0.122,0.343,17.9%,9.9%,6.7%,0.68,<a href=https://npb.jp/bis/eng/teams/index_e.html>Rakuten</a>,EL
Mizukami Kei,79,155,143,17,25,5,0,0,30,8,0,2,4,0,27,7,0,1,3,0.175,0.219,0.210,0.429,23,0.035,0.216,21.9%,17.4%,4.5%,0.26,<a href=https://npb.jp/bis/eng/teams/index_e.html>Rakuten</a>,EL
Mogi Eigoro,1,3,2,0,1,1,0,0,2,0,0,0,0,0,0,1,0,0,0,0.500,0.667,1.000,1.667,367,0.500,0.500,33.3%,0.0%,33.3%,1.00,<a href=https://npb.jp/bis/eng/teams/index_e.html>Rakuten</a>,EL
Murabayashi Itsuki,5,24,23,1,8,2,0,0,10,1,1,0,0,0,3,1,0,0,2,0.348,0.375,0.435,0.810,130,0.087,0.400,16.7%,12.5%,4.2%,0.33,<a href=https://npb.jp/bis/eng/teams/index_e.html>Rakuten</a>,EL
Mutoh Atsuki,61,215,190,26,51,3,6,0,66,13,17,3,3,1,42,18,0,3,2,0.268,0.340,0.347,0.687,96,0.079,0.342,27.9%,19.5%,8.4%,0.43,<a href=https://npb.jp/bis/eng/teams/index_e.html>Rakuten</a>,EL
Ogoh Yuya,64,195,175,29,49,7,2,8,84,20,9,2,3,0,51,17,0,0,0,0.280,0.344,0.480,0.824,132,0.200,0.353,39.0%,26.2%,8.7%,0.33,<a href=https://npb.jp/bis/eng/teams/index_e.html>Rakuten</a>,EL
Okajima Takero,11,43,34,5,8,0,0,1,11,7,0,2,0,2,4,7,0,0,0,0.235,0.349,0.324,0.673,92,0.089,0.226,27.9%,9.3%,16.3%,1.75,<a href=https://npb.jp/bis/eng/teams/index_e.html>Rakuten</a>,EL
Okoye Louis,11,38,35,7,12,3,0,0,15,4,1,1,0,0,8,3,0,0,1,0.343,0.395,0.429,0.824,134,0.086,0.444,28.9%,21.1%,7.9%,0.38,<a href=https://npb.jp/bis/eng/teams/index_e.html>Rakuten</a>,EL
Sawano Kiyoharu,40,74,63,9,15,2,1,1,22,5,0,1,6,0,23,4,0,1,0,0.238,0.294,0.349,0.643,82,0.111,0.359,37.8%,31.1%,5.4%,0.17,<a href=https://npb.jp/bis/eng/teams/index_e.html>Rakuten</a>,EL
Shimauchi Hiroaki,1,2,1,1,1,0,0,0,1,0,0,0,0,0,0,1,0,0,0,1.000,1.000,1.000,2.000,468,0.000,1.000,50.0%,0.0%,50.0%,1.00,<a href=https://npb.jp/bis/eng/teams/index_e.html>Rakuten</a>,EL
Shimotsuma Takahiro,27,65,60,5,14,3,1,0,19,5,0,0,2,0,10,3,0,0,3,0.233,0.270,0.317,0.587,66,0.084,0.280,20.0%,15.4%,4.6%,0.30,<a href=https://npb.jp/bis/eng/teams/index_e.html>Rakuten</a>,EL
Shimozuru Ko,62,155,130,11,29,5,0,8,58,26,0,0,0,1,19,21,0,3,8,0.223,0.342,0.446,0.788,123,0.223,0.202,31.0%,12.3%,13.5%,1.11,<a href=https://npb.jp/bis/eng/teams/index_e.html>Rakuten</a>,EL
Tanaka Kazuki,36,131,109,23,26,4,0,3,39,10,5,1,2,1,24,18,0,1,2,0.239,0.349,0.358,0.707,101,0.119,0.277,34.4%,18.3%,13.7%,0.75,<a href=https://npb.jp/bis/eng/teams/index_e.html>Rakuten</a>,EL
Tanaka Takaya,5,15,10,0,0,0,0,0,0,0,0,0,2,0,1,3,0,0,0,0.000,0.231,0.000,0.231,-29,0.000,0.000,26.7%,6.7%,20.0%,3.00,<a href=https://npb.jp/bis/eng/teams/index_e.html>Rakuten</a>,EL
Uchida Yasuhito,63,234,209,17,50,12,0,7,83,42,0,0,0,4,45,21,0,0,7,0.239,0.303,0.397,0.700,98,0.158,0.267,31.2%,19.2%,9.0%,0.47,<a href=https://npb.jp/bis/eng/teams/index_e.html>Rakuten</a>,EL
Wada Ren,92,354,308,43,79,10,3,8,119,38,2,0,2,6,71,36,0,2,6,0.256,0.332,0.386,0.718,104,0.130,0.302,32.5%,20.1%,10.2%,0.51,<a href=https://npb.jp/bis/eng/teams/index_e.html>Rakuten</a>,EL
Watanabe Yoshiaki,69,291,251,33,80,12,4,3,109,34,1,5,4,2,29,34,1,0,6,0.319,0.397,0.434,0.831,136,0.115,0.348,22.7%,10.0%,11.7%,1.17,<a href=https://npb.jp/bis/eng/teams/index_e.html>Rakuten</a>,EL
Yamasaki Tsuyoshi,40,168,142,29,39,5,3,3,59,13,18,5,1,0,24,24,0,1,5,0.275,0.383,0.415,0.798,127,0.140,0.313,30.4%,14.3%,14.3%,1.00,<a href=https://npb.jp/bis/eng/teams/index_e.html>Rakuten</a>,EL
Yamazaki Maaki,56,213,195,29,66,12,1,2,86,27,1,0,2,0,21,16,0,0,6,0.338,0.389,0.441,0.830,136,0.103,0.372,18.3%,9.9%,7.5%,0.76,<a href=https://npb.jp/bis/eng/teams/index_e.html>Rakuten</a>,EL
Yokoo Toshitake,69,283,234,22,62,11,0,7,94,37,0,0,1,4,35,36,0,8,8,0.265,0.376,0.402,0.778,121,0.137,0.281,27.6%,12.4%,12.7%,1.03,<a href=https://npb.jp/bis/eng/teams/index_e.html>Rakuten</a>,EL
Yoshimochi Ryota,88,220,192,27,43,8,1,1,56,15,4,5,7,3,36,16,0,2,2,0.224,0.286,0.292,0.578,64,0.068,0.266,24.1%,16.4%,7.3%,0.44,<a href=https://npb.jp/bis/eng/teams/index_e.html>Rakuten</a>,EL
Genda Sosuke,3,9,8,2,2,0,0,1,5,1,0,0,0,0,1,1,0,0,1,0.250,0.333,0.625,0.958,168,0.375,0.167,33.3%,11.1%,11.1%,1.00,<a href=https://npb.jp/bis/eng/teams/index_l.html>Seibu</a>,EL
Hasegawa Shinya,72,194,175,19,40,11,2,1,58,16,8,1,4,1,45,12,0,2,4,0.229,0.284,0.331,0.615,75,0.102,0.300,29.9%,23.2%,6.2%,0.27,<a href=https://npb.jp/bis/eng/teams/index_l.html>Seibu</a>,EL
Hiranuma Shota,7,23,20,3,5,0,0,1,8,2,0,0,0,0,6,3,0,0,0,0.250,0.348,0.400,0.748,112,0.150,0.308,43.5%,26.1%,13.0%,0.50,<a href=https://npb.jp/bis/eng/teams/index_l.html>Seibu</a>,EL
Kaneko Yuji,14,55,46,5,11,1,1,1,17,4,1,0,0,0,5,9,0,0,0,0.239,0.364,0.370,0.734,109,0.131,0.250,27.3%,9.1%,16.4%,1.80,<a href=https://npb.jp/bis/eng/teams/index_l.html>Seibu</a>,EL
Kawagoe Seiji,47,182,153,33,43,9,0,8,76,26,2,2,1,0,28,26,0,2,2,0.281,0.392,0.497,0.889,152,0.216,0.299,34.1%,15.4%,14.3%,0.93,<a href=https://npb.jp/bis/eng/teams/index_l.html>Seibu</a>,EL
Kawano Ryota,72,224,199,28,43,9,4,3,69,14,6,2,2,0,50,22,0,1,1,0.216,0.297,0.347,0.644,84,0.131,0.274,33.5%,22.3%,9.8%,0.44,<a href=https://npb.jp/bis/eng/teams/index_l.html>Seibu</a>,EL
Kimura Fumikazu,30,109,89,20,25,1,0,11,59,20,4,0,0,1,26,16,0,3,3,0.281,0.404,0.663,1.067,200,0.382,0.264,48.6%,23.9%,14.7%,0.62,<a href=https://npb.jp/bis/eng/teams/index_l.html>Seibu</a>,EL
Kishi Junichiro,21,62,53,9,9,0,0,2,15,3,0,0,1,0,9,7,0,1,0,0.170,0.279,0.283,0.562,61,0.113,0.167,29.0%,14.5%,11.3%,0.78,<a href=https://npb.jp/bis/eng/teams/index_l.html>Seibu</a>,EL
Komazuki Hitoto,32,66,57,5,10,2,0,3,21,8,0,0,2,0,25,7,0,0,1,0.175,0.266,0.368,0.634,80,0.193,0.241,53.0%,37.9%,10.6%,0.28,<a href=https://npb.jp/bis/eng/teams/index_l.html>Seibu</a>,EL
Kumashiro Masato,12,39,30,3,6,0,0,0,6,3,0,1,2,0,8,7,0,0,1,0.200,0.351,0.200,0.551,61,0.000,0.273,38.5%,20.5%,17.9%,0.88,<a href=https://npb.jp/bis/eng/teams/index_l.html>Seibu</a>,EL
Kuriyama Takumi,1,3,3,2,1,0,0,0,1,0,0,0,0,0,0,0,0,0,1,0.333,0.333,0.333,0.666,91,0.000,0.333,0.0%,0.0%,0.0%,,<a href=https://npb.jp/bis/eng/teams/index_l.html>Seibu</a>,EL
Makino Shoya,34,91,81,8,22,2,1,1,29,8,0,1,2,1,14,4,0,3,0,0.272,0.326,0.358,0.684,95,0.086,0.313,20.9%,15.4%,4.4%,0.29,<a href=https://npb.jp/bis/eng/teams/index_l.html>Seibu</a>,EL
Mejia Ernesto,13,41,36,2,8,1,0,2,15,2,0,0,0,0,14,3,0,2,1,0.222,0.317,0.417,0.734,107,0.195,0.300,46.3%,34.1%,7.3%,0.21,<a href=https://npb.jp/bis/eng/teams/index_l.html>Seibu</a>,EL
Miyamoto Joseph Ken,38,67,55,5,11,1,0,0,12,4,0,2,0,1,20,11,0,0,0,0.200,0.328,0.218,0.546,59,0.018,0.306,46.3%,29.9%,16.4%,0.55,<a href=https://npb.jp/bis/eng/teams/index_l.html>Seibu</a>,EL
Nakaguma Daichi,83,222,200,15,53,9,0,0,62,20,0,1,4,1,29,17,0,0,6,0.265,0.321,0.310,0.631,81,0.045,0.308,20.7%,13.1%,7.7%,0.59,<a href=https://npb.jp/bis/eng/teams/index_l.html>Seibu</a>,EL
Nakamigawa Yuta,77,220,200,20,42,10,4,1,63,22,2,1,3,0,73,17,0,0,7,0.210,0.272,0.315,0.587,67,0.105,0.325,41.4%,33.2%,7.7%,0.23,<a href=https://npb.jp/bis/eng/teams/index_l.html>Seibu</a>,EL
Nishikawa Manaya,32,110,101,14,28,7,0,1,38,12,7,1,1,0,24,8,0,0,3,0.277,0.330,0.376,0.706,100,0.099,0.355,30.0%,21.8%,7.3%,0.33,<a href=https://npb.jp/bis/eng/teams/index_l.html>Seibu</a>,EL
Okada Masatoshi,2,5,5,0,0,0,0,0,0,0,0,0,0,0,0,0,0,0,1,0.000,0.000,0.000,0.000,-100,0.000,0.000,0.0%,0.0%,0.0%,,<a href=https://npb.jp/bis/eng/teams/index_l.html>Seibu</a>,EL
Saito Masato,42,98,81,6,13,2,0,1,18,5,0,1,6,1,17,7,0,2,1,0.160,0.242,0.222,0.464,33,0.062,0.188,25.5%,17.3%,7.1%,0.41,<a href=https://npb.jp/bis/eng/teams/index_l.html>Seibu</a>,EL
Satoh Ryusei,57,232,207,25,57,12,0,6,87,23,1,1,1,4,34,20,0,0,11,0.275,0.333,0.420,0.753,113,0.145,0.298,25.9%,14.7%,8.6%,0.59,<a href=https://npb.jp/bis/eng/teams/index_l.html>Seibu</a>,EL
Spangenberg Cory,15,55,52,3,10,6,0,0,16,3,0,1,0,0,13,3,0,0,1,0.192,0.236,0.308,0.544,54,0.116,0.256,29.1%,23.6%,5.5%,0.23,<a href=https://npb.jp/bis/eng/teams/index_l.html>Seibu</a>,EL
Suzuki Shohei,54,211,186,24,62,14,1,1,81,11,5,3,3,0,21,21,0,1,7,0.333,0.404,0.435,0.839,139,0.102,0.372,20.4%,10.0%,10.0%,1.00,<a href=https://npb.jp/bis/eng/teams/index_l.html>Seibu</a>,EL
Takagi Wataru,70,269,234,38,59,9,1,12,106,31,0,0,0,1,51,32,0,2,1,0.252,0.346,0.453,0.799,126,0.201,0.273,35.3%,19.0%,11.9%,0.63,<a href=https://npb.jp/bis/eng/teams/index_l.html>Seibu</a>,EL
Takeda Aito,14,62,54,13,22,2,0,5,39,7,2,4,0,0,4,6,0,2,3,0.407,0.484,0.722,1.206,240,0.315,0.378,24.2%,6.5%,9.7%,1.50,<a href=https://npb.jp/bis/eng/teams/index_l.html>Seibu</a>,EL
Togawa Daisuke,22,47,45,3,10,4,0,0,14,0,0,0,1,0,5,1,0,0,1,0.222,0.239,0.311,0.550,56,0.089,0.250,12.8%,10.6%,2.1%,0.20,<a href=https://npb.jp/bis/eng/teams/index_l.html>Seibu</a>,EL
Tonosaki Shuta,9,38,34,3,10,2,1,0,14,0,1,0,0,0,6,4,0,0,2,0.294,0.368,0.412,0.780,122,0.118,0.357,26.3%,15.8%,10.5%,0.67,<a href=https://npb.jp/bis/eng/teams/index_l.html>Seibu</a>,EL
Tsuge Sena,14,43,37,7,12,3,0,3,24,9,0,0,0,0,11,6,0,0,0,0.324,0.419,0.649,1.068,200,0.325,0.391,46.5%,25.6%,14.0%,0.55,<a href=https://npb.jp/bis/eng/teams/index_l.html>Seibu</a>,EL
Tsunashima Ryusei,62,188,164,25,42,6,5,3,67,22,4,2,2,1,43,19,0,2,2,0.256,0.339,0.409,0.748,112,0.153,0.328,34.6%,22.9%,10.1%,0.44,<a href=https://npb.jp/bis/eng/teams/index_l.html>Seibu</a>,EL
Tysinger Brandon Taiga,66,247,216,27,59,15,0,10,104,30,3,2,0,1,36,22,0,8,4,0.273,0.360,0.481,0.841,138,0.208,0.287,27.5%,14.6%,8.9%,0.61,<a href=https://npb.jp/bis/eng/teams/index_l.html>Seibu</a>,EL
Watanabe Kento,90,347,311,43,71,15,1,19,145,64,2,0,0,1,104,27,0,8,9,0.228,0.305,0.466,0.771,117,0.238,0.275,43.2%,30.0%,7.8%,0.26,<a href=https://npb.jp/bis/eng/teams/index_l.html>Seibu</a>,EL
Wu Nien-Ting,8,31,27,6,10,4,0,1,17,5,0,0,0,0,3,4,0,0,0,0.370,0.452,0.630,1.082,206,0.260,0.391,25.8%,9.7%,12.9%,1.33,<a href=https://npb.jp/bis/eng/teams/index_l.html>Seibu</a>,EL
Yamada Haruka,3,11,8,1,2,1,0,0,3,1,1,0,0,0,1,3,0,0,0,0.250,0.455,0.375,0.830,138,0.125,0.286,36.4%,9.1%,27.3%,3.00,<a href=https://npb.jp/bis/eng/teams/index_l.html>Seibu</a>,EL
Yamakawa Hotaka,6,21,19,2,4,0,0,2,10,6,0,0,0,0,5,2,0,0,1,0.211,0.286,0.526,0.812,127,0.315,0.167,42.9%,23.8%,9.5%,0.40,<a href=https://npb.jp/bis/eng/teams/index_l.html>Seibu</a>,EL
Yamamura Takayoshi,85,301,281,24,61,13,2,6,96,33,1,2,5,2,81,10,0,3,7,0.217,0.250,0.342,0.592,68,0.125,0.281,32.2%,26.9%,3.3%,0.12,<a href=https://npb.jp/bis/eng/teams/index_l.html>Seibu</a>,EL
Yamanobe Kakeru,21,63,53,9,13,3,0,3,25,6,3,0,1,0,9,7,0,2,2,0.245,0.355,0.472,0.827,134,0.227,0.244,30.2%,14.3%,11.1%,0.78,<a href=https://npb.jp/bis/eng/teams/index_l.html>Seibu</a>,EL
Ebihara Kazuyoshi,41,99,89,10,15,4,1,2,27,10,0,0,0,1,39,3,0,6,2,0.169,0.242,0.303,0.545,56,0.134,0.265,44.4%,39.4%,3.0%,0.08,<a href=https://npb.jp/bis/eng/teams/index_f.html>Nipponham</a>,EL
Furukawa Yudai,58,165,138,15,32,8,0,2,46,22,1,2,2,4,34,19,0,2,3,0.232,0.325,0.333,0.658,89,0.101,0.283,33.3%,20.6%,11.5%,0.56,<a href=https://npb.jp/bis/eng/teams/index_f.html>Nipponham</a>,EL
Higuchi Ryunosuke,47,154,134,16,31,5,0,4,48,10,0,0,1,1,40,14,0,4,6,0.231,0.320,0.358,0.678,94,0.127,0.297,37.7%,26.0%,9.1%,0.35,<a href=https://npb.jp/bis/eng/teams/index_f.html>Nipponham</a>,EL
Hiranuma Shota,32,117,93,15,20,6,1,0,28,8,0,2,4,0,8,16,0,4,8,0.215,0.354,0.301,0.655,90,0.086,0.235,20.5%,6.8%,13.7%,2.00,<a href=https://npb.jp/bis/eng/teams/index_f.html>Nipponham</a>,EL
Hosokawa Ryohei,28,118,110,14,23,2,1,1,30,10,3,3,0,0,24,8,0,0,1,0.209,0.263,0.273,0.536,54,0.064,0.259,28.0%,20.3%,6.8%,0.33,<a href=https://npb.jp/bis/eng/teams/index_f.html>Nipponham</a>,EL
Imagawa Yuma,61,233,213,39,66,19,1,14,129,46,1,0,2,2,33,11,1,5,7,0.310,0.355,0.606,0.961,172,0.296,0.310,24.9%,14.2%,4.7%,0.33,<a href=https://npb.jp/bis/eng/teams/index_f.html>Nipponham</a>,EL
Imai Junnosuke,43,120,99,15,23,2,0,2,31,8,0,0,3,0,23,13,0,5,2,0.232,0.350,0.313,0.663,92,0.081,0.284,31.7%,19.2%,10.8%,0.57,<a href=https://npb.jp/bis/eng/teams/index_f.html>Nipponham</a>,EL
Ishikawa Ryo,5,12,11,1,4,2,0,0,6,4,1,0,0,0,3,1,0,0,0,0.364,0.417,0.545,0.962,175,0.181,0.500,33.3%,25.0%,8.3%,0.33,<a href=https://npb.jp/bis/eng/teams/index_f.html>Nipponham</a>,EL
Isobata Ryota,23,78,63,15,21,2,2,0,27,2,5,0,1,0,10,13,0,1,1,0.333,0.455,0.429,0.884,156,0.096,0.396,29.5%,12.8%,16.7%,1.30,<a href=https://npb.jp/bis/eng/teams/index_f.html>Nipponham</a>,EL
Kataoka Shoto,62,173,155,24,37,5,4,3,59,20,0,0,1,2,41,14,1,1,4,0.239,0.302,0.381,0.683,95,0.142,0.301,33.5%,23.7%,8.1%,0.34,<a href=https://npb.jp/bis/eng/teams/index_f.html>Nipponham</a>,EL
Kimura Fumikazu,11,40,34,5,11,4,0,0,15,3,0,0,0,0,14,5,0,1,0,0.324,0.425,0.441,0.866,149,0.117,0.550,47.5%,35.0%,12.5%,0.36,<a href=https://npb.jp/bis/eng/teams/index_f.html>Nipponham</a>,EL
Kiyomiya Kotaro,106,450,392,49,78,24,1,19,161,60,0,0,0,6,113,44,1,8,8,0.199,0.289,0.411,0.700,99,0.212,0.222,39.1%,25.1%,9.8%,0.39,<a href=https://npb.jp/bis/eng/teams/index_f.html>Nipponham</a>,EL
Kohri Takuya,30,89,74,16,18,3,0,4,33,11,3,0,1,1,9,11,1,2,2,0.243,0.352,0.446,0.798,128,0.203,0.226,27.0%,10.1%,12.4%,1.22,<a href=https://npb.jp/bis/eng/teams/index_f.html>Nipponham</a>,EL
Mannami Chusei,65,272,236,41,66,19,1,17,138,46,6,3,0,3,75,32,1,1,4,0.280,0.364,0.585,0.949,170,0.305,0.333,45.6%,27.6%,11.8%,0.43,<a href=https://npb.jp/bis/eng/teams/index_f.html>Nipponham</a>,EL
Matsumoto Go,59,199,167,23,56,6,1,2,70,18,4,2,1,3,22,21,1,7,7,0.335,0.424,0.419,0.843,143,0.084,0.370,22.6%,11.1%,10.6%,0.95,<a href=https://npb.jp/bis/eng/teams/index_f.html>Nipponham</a>,EL
Miyata Hokuto,58,154,137,17,38,1,0,2,45,8,8,7,2,0,24,14,0,1,0,0.277,0.349,0.328,0.677,95,0.051,0.324,26.0%,15.6%,9.1%,0.58,<a href=https://npb.jp/bis/eng/teams/index_f.html>Nipponham</a>,EL
Nakashima Takuya,14,52,44,2,6,0,0,0,6,2,5,0,2,0,10,6,0,0,1,0.136,0.240,0.136,0.376,10,0.000,0.176,30.8%,19.2%,11.5%,0.60,<a href=https://npb.jp/bis/eng/teams/index_f.html>Nipponham</a>,EL
Nakata Sho,9,26,22,3,7,1,0,0,8,1,0,0,0,0,8,4,0,0,0,0.318,0.423,0.364,0.787,128,0.046,0.500,46.2%,30.8%,15.4%,0.50,<a href=https://npb.jp/bis/eng/teams/index_f.html>Nipponham</a>,EL
Nanba Yuhei,85,251,231,23,57,7,1,0,66,17,2,2,5,0,39,15,0,0,5,0.247,0.293,0.286,0.579,67,0.039,0.297,21.5%,15.5%,6.0%,0.38,<a href=https://npb.jp/bis/eng/teams/index_f.html>Nipponham</a>,EL
Nishikawa Haruki,2,5,5,0,0,0,0,0,0,0,0,0,0,0,1,0,0,0,2,0.000,0.000,0.000,0.000,-101,0.000,0.000,20.0%,20.0%,0.0%,0.00,<a href=https://npb.jp/bis/eng/teams/index_f.html>Nipponham</a>,EL
Nomura Yuki,13,36,33,7,12,1,0,4,25,9,0,0,0,1,8,2,0,0,1,0.364,0.389,0.758,1.147,223,0.394,0.364,38.9%,22.2%,5.6%,0.25,<a href=https://npb.jp/bis/eng/teams/index_f.html>Nipponham</a>,EL
Ohta Taishi,29,119,112,20,27,6,1,6,53,20,0,1,0,1,21,5,0,1,2,0.241,0.277,0.473,0.750,112,0.232,0.244,26.9%,17.6%,4.2%,0.24,<a href=https://npb.jp/bis/eng/teams/index_f.html>Nipponham</a>,EL
Rodriguez Ronny,14,55,48,4,10,4,0,2,20,7,1,0,0,0,12,7,0,0,1,0.208,0.309,0.417,0.726,107,0.209,0.235,38.2%,21.8%,12.7%,0.58,<a href=https://npb.jp/bis/eng/teams/index_f.html>Nipponham</a>,EL
Satoh Ryusei,1,4,3,0,1,0,0,0,1,1,0,0,0,0,1,1,0,0,0,0.333,0.500,0.333,0.833,143,0.000,0.500,50.0%,25.0%,25.0%,1.00,<a href=https://npb.jp/bis/eng/teams/index_f.html>Nipponham</a>,EL
Shimizu Yushi,4,11,10,2,3,1,0,0,4,0,0,0,0,0,3,1,0,0,0,0.300,0.364,0.400,0.764,119,0.100,0.429,36.4%,27.3%,9.1%,0.33,<a href=https://npb.jp/bis/eng/teams/index_f.html>Nipponham</a>,EL
Sugiya Kenshi,25,76,66,7,18,4,1,0,24,5,0,1,5,0,19,5,0,0,0,0.273,0.324,0.364,0.688,97,0.091,0.383,31.6%,25.0%,6.6%,0.26,<a href=https://npb.jp/bis/eng/teams/index_f.html>Nipponham</a>,EL
Takahama Yuto,15,44,39,5,12,0,0,2,18,8,0,2,0,0,9,5,0,0,3,0.308,0.386,0.462,0.848,142,0.154,0.357,36.4%,20.5%,11.4%,0.56,<a href=https://npb.jp/bis/eng/teams/index_f.html>Nipponham</a>,EL
Tamiya Yua,61,180,158,19,40,5,0,0,45,19,14,5,6,0,39,16,0,0,3,0.253,0.322,0.285,0.607,76,0.032,0.336,30.6%,21.7%,8.9%,0.41,<a href=https://npb.jp/bis/eng/teams/index_f.html>Nipponham</a>,EL
Taniguchi Yuya,58,141,119,14,29,3,0,3,41,18,2,0,0,1,22,19,1,2,0,0.244,0.355,0.345,0.700,102,0.101,0.274,31.2%,15.6%,13.5%,0.86,<a href=https://npb.jp/bis/eng/teams/index_f.html>Nipponham</a>,EL
Ueno Kyohei,68,231,206,16,43,5,0,0,48,10,1,0,7,3,61,14,0,1,1,0.209,0.259,0.233,0.492,41,0.024,0.291,32.5%,26.4%,6.1%,0.23,<a href=https://npb.jp/bis/eng/teams/index_f.html>Nipponham</a>,EL
Umebayashi Yuki,55,150,132,10,25,5,0,2,36,12,3,1,4,2,37,8,0,4,4,0.189,0.253,0.273,0.526,51,0.084,0.242,31.3%,24.7%,5.3%,0.22,<a href=https://npb.jp/bis/eng/teams/index_f.html>Nipponham</a>,EL
Usami Shingo,37,101,87,2,19,3,0,1,25,3,0,0,2,1,28,9,0,2,1,0.218,0.303,0.287,0.590,70,0.069,0.305,37.6%,27.7%,8.9%,0.32,<a href=https://npb.jp/bis/eng/teams/index_f.html>Nipponham</a>,EL
Wang Po-Jung,8,22,20,3,6,3,0,0,9,5,0,0,0,0,2,2,0,0,0,0.300,0.364,0.450,0.814,133,0.150,0.333,18.2%,9.1%,9.1%,1.00,<a href=https://npb.jp/bis/eng/teams/index_f.html>Nipponham</a>,EL
Watanabe Ryo,13,53,47,6,16,4,0,2,26,8,0,0,0,1,9,4,0,1,2,0.340,0.396,0.553,0.949,171,0.213,0.378,28.3%,17.0%,7.5%,0.44,<a href=https://npb.jp/bis/eng/teams/index_f.html>Nipponham</a>,EL
