Pitcher,G,W,L,SV,CG,SHO,BF,IP,H,HR,SO,BB,IBB,HB,WP,R,ER,ERA,FIP,kwERA,WHIP,ERA+,FIP-,kwERA-,Diff,HR%,K%,BB%,K-BB%,Team,League
Akiyama Takumi,2,0,0,0,0,0,20,5.0,3,1,4,1,0,0,0,2,2,3.60,5.21,3.30,0.80,100,124,87,-1.61,5.0%,20.0%,5.0%,15.0%,<a href=https://npb.jp/bis/eng/teams/index_t.html>Hanshin</a>,WL
Alcantara Raul,6,2,0,0,0,0,52,14.0,7,0,10,4,0,0,0,0,0,0.00,3.03,3.65,0.79,999,72,96,-3.03,0.0%,19.2%,7.7%,11.5%,<a href=https://npb.jp/bis/eng/teams/index_t.html>Hanshin</a>,WL
Baba Kosuke,8,1,0,1,0,0,41,12.0,6,1,6,0,0,1,1,2,2,1.50,3.94,3.34,0.50,240,93,88,-2.44,2.4%,14.6%,0.0%,14.6%,<a href=https://npb.jp/bis/eng/teams/index_t.html>Hanshin</a>,WL
Chen Wei-Yin,6,2,2,0,0,0,120,30.2,26,0,21,2,0,1,0,7,6,1.76,2.53,3.22,0.91,205,60,85,-0.77,0.0%,17.5%,1.7%,15.8%,<a href=https://npb.jp/bis/eng/teams/index_t.html>Hanshin</a>,WL
Edwards Jon,27,0,1,5,0,0,133,34.0,27,3,36,5,0,2,2,15,11,2.91,3.25,2.47,0.94,124,77,65,-0.34,2.3%,27.1%,3.8%,23.3%,<a href=https://npb.jp/bis/eng/teams/index_t.html>Hanshin</a>,WL
Fujinami Shintaro,8,2,1,0,0,0,168,39.1,37,1,48,21,0,2,4,18,13,2.97,3.25,3.19,1.47,121,77,84,-0.28,0.6%,28.6%,12.5%,16.1%,<a href=https://npb.jp/bis/eng/teams/index_t.html>Hanshin</a>,WL
Gunkel Joe,1,0,0,0,0,0,15,4.1,3,0,2,0,0,1,0,0,0,0.00,3.38,3.47,0.69,999,80,91,-3.38,0.0%,13.3%,0.0%,13.3%,<a href=https://npb.jp/bis/eng/teams/index_t.html>Hanshin</a>,WL
Hamachi Masumi,37,3,1,8,0,0,185,45.0,45,2,44,11,0,0,3,17,17,3.40,2.96,3.02,1.24,106,70,79,0.44,1.1%,23.8%,5.9%,17.9%,<a href=https://npb.jp/bis/eng/teams/index_t.html>Hanshin</a>,WL
Ishii Daichi,14,0,1,2,0,0,55,13.2,8,0,10,3,0,2,1,3,3,1.98,3.24,3.53,0.80,182,77,93,-1.26,0.0%,18.2%,5.5%,12.7%,<a href=https://npb.jp/bis/eng/teams/index_t.html>Hanshin</a>,WL
Ishii Masaki,29,2,0,0,0,0,100,20.2,17,0,14,18,0,4,7,9,8,3.48,5.44,5.20,1.69,104,129,137,-1.96,0.0%,14.0%,18.0%,-4.0%,<a href=https://npb.jp/bis/eng/teams/index_t.html>Hanshin</a>,WL
Itoh Kazuo,29,1,1,2,0,0,114,28.1,16,2,30,13,1,1,1,8,8,2.54,3.89,3.31,1.02,142,92,87,-1.35,1.8%,26.3%,11.4%,14.9%,<a href=https://npb.jp/bis/eng/teams/index_t.html>Hanshin</a>,WL
Itoh Masashi,1,0,0,0,0,0,12,3.0,2,0,2,1,0,0,0,1,1,3.00,3.27,3.97,1.00,120,78,104,-0.27,0.0%,16.7%,8.3%,8.4%,<a href=https://npb.jp/bis/eng/teams/index_t.html>Hanshin</a>,WL
Iwasada Yuta,2,0,0,1,0,0,8,2.0,1,0,2,1,0,0,0,0,0,0.00,3.11,3.55,1.00,999,74,93,-3.11,0.0%,25.0%,12.5%,12.5%,<a href=https://npb.jp/bis/eng/teams/index_t.html>Hanshin</a>,WL
Iwata Masaki,8,2,0,0,0,0,28,6.2,2,1,6,6,0,0,0,2,2,2.70,6.46,4.80,1.20,134,153,126,-3.76,3.6%,21.4%,21.4%,0.0%,<a href=https://npb.jp/bis/eng/teams/index_t.html>Hanshin</a>,WL
Iwata Minoru,17,4,1,0,0,0,128,32.0,24,3,19,10,0,4,1,11,7,1.97,4.95,4.10,1.06,183,117,108,-2.98,2.3%,14.8%,7.8%,7.0%,<a href=https://npb.jp/bis/eng/teams/index_t.html>Hanshin</a>,WL
Kajiya Ren,29,1,1,1,0,0,121,27.1,29,3,24,12,0,1,3,18,17,5.60,4.70,3.81,1.50,64,112,100,0.90,2.5%,19.8%,9.9%,9.9%,<a href=https://npb.jp/bis/eng/teams/index_t.html>Hanshin</a>,WL
Kobayashi Keisuke,11,1,0,4,0,0,45,11.0,9,1,15,5,0,0,2,2,2,1.64,3.42,2.58,1.27,220,81,68,-1.78,2.2%,33.3%,11.1%,22.2%,<a href=https://npb.jp/bis/eng/teams/index_t.html>Hanshin</a>,WL
Kuwahara Kentaro,5,0,0,0,0,0,19,4.1,4,0,3,2,0,1,0,0,0,0.00,4.30,4.27,1.38,999,102,112,-4.30,0.0%,15.8%,10.5%,5.3%,<a href=https://npb.jp/bis/eng/teams/index_t.html>Hanshin</a>,WL
Maki Johichiro,17,3,2,0,0,0,203,49.0,49,4,29,17,0,3,1,21,18,3.31,4.71,4.21,1.35,109,112,111,-1.40,2.0%,14.3%,8.4%,5.9%,<a href=https://npb.jp/bis/eng/teams/index_t.html>Hanshin</a>,WL
Mochizuki Atsushi,17,0,3,0,0,0,130,24.1,35,2,9,21,0,1,6,28,25,9.25,6.65,5.72,2.30,39,158,151,2.60,1.5%,6.9%,16.2%,-9.3%,<a href=https://npb.jp/bis/eng/teams/index_t.html>Hanshin</a>,WL
Moriya Kouki,32,1,0,0,0,0,141,32.1,36,4,40,9,0,2,3,17,17,4.73,3.76,2.60,1.39,76,89,68,0.97,2.8%,28.4%,6.4%,22.0%,<a href=https://npb.jp/bis/eng/teams/index_t.html>Hanshin</a>,WL
Murakami Shoki,17,10,1,0,0,0,334,84.2,73,9,75,23,0,0,3,24,21,2.23,4.03,3.24,1.13,162,96,85,-1.80,2.7%,22.5%,6.9%,15.6%,<a href=https://npb.jp/bis/eng/teams/index_t.html>Hanshin</a>,WL
Nakata Kenichi,13,4,3,0,0,0,221,48.0,61,6,26,17,0,2,4,36,31,5.81,5.34,4.39,1.62,62,127,116,0.47,2.7%,11.8%,7.7%,4.1%,<a href=https://npb.jp/bis/eng/teams/index_t.html>Hanshin</a>,WL
Niho Akira,4,0,1,0,0,0,65,14.0,21,1,13,3,0,0,2,8,8,5.14,3.32,3.26,1.71,70,79,86,1.82,1.5%,20.0%,4.6%,15.4%,<a href=https://npb.jp/bis/eng/teams/index_t.html>Hanshin</a>,WL
Nishi Junya,17,6,3,0,0,0,372,85.1,79,12,75,46,1,3,4,44,39,4.11,5.40,4.02,1.46,88,128,106,-1.29,3.2%,20.2%,12.4%,7.8%,<a href=https://npb.jp/bis/eng/teams/index_t.html>Hanshin</a>,WL
Nishi Yuki,1,0,0,0,0,0,8,2.0,2,0,1,1,0,0,0,0,0,0.00,4.11,4.80,1.50,999,98,126,-4.11,0.0%,12.5%,12.5%,0.0%,<a href=https://npb.jp/bis/eng/teams/index_t.html>Hanshin</a>,WL
Ogawa Ippei,11,1,2,0,0,0,138,30.0,36,0,32,9,0,2,2,19,15,4.50,2.57,3.13,1.50,80,61,82,1.93,0.0%,23.2%,6.5%,16.7%,<a href=https://npb.jp/bis/eng/teams/index_t.html>Hanshin</a>,WL
Onaka Yuya,25,3,0,0,0,0,98,26.1,15,2,32,7,0,0,0,4,4,1.37,2.96,2.25,0.84,263,70,59,-1.59,2.0%,32.7%,7.1%,25.6%,<a href=https://npb.jp/bis/eng/teams/index_t.html>Hanshin</a>,WL
Ono Taiki,25,3,1,2,0,0,104,26.0,16,0,27,15,0,1,1,5,4,1.38,3.38,3.65,1.19,261,80,96,-2.00,0.0%,26.0%,14.4%,11.6%,<a href=https://npb.jp/bis/eng/teams/index_t.html>Hanshin</a>,WL
Oyokawa Masaki,8,1,1,0,0,0,147,36.1,30,4,29,10,0,0,4,12,11,2.72,4.27,3.51,1.10,133,101,92,-1.55,2.7%,19.7%,6.8%,12.9%,<a href=https://npb.jp/bis/eng/teams/index_t.html>Hanshin</a>,WL
Saitoh Yukiya,14,2,3,2,0,0,173,43.0,29,1,35,17,0,4,2,14,13,2.72,3.75,3.76,1.07,133,89,99,-1.03,0.6%,20.2%,9.8%,10.4%,<a href=https://npb.jp/bis/eng/teams/index_t.html>Hanshin</a>,WL
Satoh Ren,16,3,1,0,0,0,153,34.2,27,4,35,27,0,6,3,24,22,5.71,5.94,4.28,1.56,63,141,113,-0.23,2.6%,22.9%,17.6%,5.3%,<a href=https://npb.jp/bis/eng/teams/index_t.html>Hanshin</a>,WL
Suzuki Shota,20,3,2,1,0,0,108,26.0,14,2,22,16,0,3,2,8,5,1.73,5.11,4.24,1.15,208,121,112,-3.38,1.9%,20.4%,14.8%,5.6%,<a href=https://npb.jp/bis/eng/teams/index_t.html>Hanshin</a>,WL
Takahashi Haruto,6,2,0,0,0,0,59,17.1,5,1,12,3,0,0,0,1,1,0.52,3.49,3.27,0.46,694,83,86,-2.97,1.7%,20.3%,5.1%,15.2%,<a href=https://npb.jp/bis/eng/teams/index_t.html>Hanshin</a>,WL
Tanigawa Masaki,8,0,1,1,0,0,28,7.1,6,1,7,1,0,0,0,1,1,1.23,3.88,2.66,0.95,293,92,70,-2.65,3.6%,25.0%,3.6%,21.4%,<a href=https://npb.jp/bis/eng/teams/index_t.html>Hanshin</a>,WL
Yuasa Atsuki,18,2,1,4,0,0,76,20.1,11,1,13,5,0,0,2,6,6,2.66,3.70,3.75,0.79,136,88,99,-1.04,1.3%,17.1%,6.6%,10.5%,<a href=https://npb.jp/bis/eng/teams/index_t.html>Hanshin</a>,WL
Bird Kyle,9,0,1,1,0,0,37,9.0,7,0,9,4,0,0,0,5,3,3.00,2.94,3.45,1.22,120,70,91,0.06,0.0%,24.3%,10.8%,13.5%,<a href=https://npb.jp/bis/eng/teams/index_c.html>Hiroshima</a>,WL
Corniel Robert,2,0,0,0,0,0,10,2.0,2,0,4,2,0,0,2,1,1,4.50,2.61,2.80,2.00,80,62,74,1.89,0.0%,40.0%,20.0%,20.0%,<a href=https://npb.jp/bis/eng/teams/index_c.html>Hiroshima</a>,WL
Endoh Atsushi,20,3,4,0,0,0,277,61.1,74,5,66,21,0,1,3,46,42,6.16,3.59,3.18,1.55,59,85,84,2.57,1.8%,23.8%,7.6%,16.2%,<a href=https://npb.jp/bis/eng/teams/index_c.html>Hiroshima</a>,WL
Franzua Geronimo,5,0,0,0,0,0,22,5.0,4,0,8,2,0,0,0,3,1,1.80,1.61,2.07,1.20,200,38,54,0.19,0.0%,36.4%,9.1%,27.3%,<a href=https://npb.jp/bis/eng/teams/index_c.html>Hiroshima</a>,WL
Fujii Reira,23,1,0,2,0,0,96,23.2,16,0,23,11,0,1,3,10,10,3.80,3.18,3.55,1.14,95,75,93,0.62,0.0%,24.0%,11.5%,12.5%,<a href=https://npb.jp/bis/eng/teams/index_c.html>Hiroshima</a>,WL
Horie Atsuya,11,0,3,3,0,0,44,10.1,10,2,8,4,1,0,3,8,8,6.97,5.74,3.89,1.35,52,136,102,1.23,4.5%,18.2%,9.1%,9.1%,<a href=https://npb.jp/bis/eng/teams/index_c.html>Hiroshima</a>,WL
Ichioka Ryuji,40,1,1,4,0,0,171,41.0,38,2,27,16,0,0,2,16,16,3.51,4.09,4.16,1.32,103,97,109,-0.58,1.2%,15.8%,9.4%,6.4%,<a href=https://npb.jp/bis/eng/teams/index_c.html>Hiroshima</a>,WL
Imamura Takeru,36,2,1,0,0,0,159,35.2,38,0,33,17,0,0,4,14,11,2.78,3.19,3.79,1.54,130,76,100,-0.41,0.0%,20.8%,10.7%,10.1%,<a href=https://npb.jp/bis/eng/teams/index_c.html>Hiroshima</a>,WL
Kemna Makoto,13,0,1,0,0,0,69,14.1,14,1,11,5,0,3,4,11,7,4.40,4.65,3.93,1.33,82,110,103,-0.25,1.4%,15.9%,7.2%,8.7%,<a href=https://npb.jp/bis/eng/teams/index_c.html>Hiroshima</a>,WL
Kikuchi Yasunori,12,1,1,1,0,0,42,10.1,12,1,15,2,2,0,0,3,3,2.61,2.54,1.70,1.35,138,60,45,0.07,2.4%,35.7%,4.8%,30.9%,<a href=https://npb.jp/bis/eng/teams/index_c.html>Hiroshima</a>,WL
Kobayashi Tatsuto,8,0,2,0,1,0,135,30.0,33,1,21,10,0,1,1,16,11,3.30,3.74,3.99,1.43,109,89,105,-0.44,0.7%,15.6%,7.4%,8.2%,<a href=https://npb.jp/bis/eng/teams/index_c.html>Hiroshima</a>,WL
Kuri Aren,1,0,0,0,0,0,19,5.0,3,0,3,1,0,1,1,0,0,0.00,3.61,3.75,0.80,999,86,99,-3.61,0.0%,15.8%,5.3%,10.5%,<a href=https://npb.jp/bis/eng/teams/index_c.html>Hiroshima</a>,WL
Morishita Masato,1,0,1,0,0,0,23,5.0,7,0,5,1,0,0,0,3,3,5.40,2.21,3.06,1.60,67,52,81,3.19,0.0%,21.7%,4.3%,17.4%,<a href=https://npb.jp/bis/eng/teams/index_c.html>Hiroshima</a>,WL
Nakamura Kyohei,16,0,3,0,0,0,91,19.2,19,2,22,12,0,1,2,17,16,7.32,4.67,3.70,1.58,49,111,97,2.65,2.2%,24.2%,13.2%,11.0%,<a href=https://npb.jp/bis/eng/teams/index_c.html>Hiroshima</a>,WL
Nakamura Yuta,16,6,5,0,0,0,345,85.1,76,8,61,19,0,2,1,29,27,2.85,4.13,3.58,1.11,127,98,94,-1.28,2.3%,17.7%,5.5%,12.2%,<a href=https://npb.jp/bis/eng/teams/index_c.html>Hiroshima</a>,WL
Nakata Ren,16,1,1,4,0,0,68,15.2,10,2,14,10,0,1,0,5,4,2.30,5.58,4.21,1.28,157,132,111,-3.28,2.9%,20.6%,14.7%,5.9%,<a href=https://npb.jp/bis/eng/teams/index_c.html>Hiroshima</a>,WL
Nakazaki Shota,34,4,6,4,0,0,145,33.0,34,3,27,11,0,1,2,15,11,3.00,4.24,3.70,1.36,120,101,97,-1.24,2.1%,18.6%,7.6%,11.0%,<a href=https://npb.jp/bis/eng/teams/index_c.html>Hiroshima</a>,WL
Namiki Shun,1,0,0,0,0,0,4,1.0,1,0,0,0,0,0,0,0,0,0.00,3.61,4.80,1.00,999,86,126,-3.61,0.0%,0.0%,0.0%,0.0%,<a href=https://npb.jp/bis/eng/teams/index_c.html>Hiroshima</a>,WL
Neverauskas Dovydas,14,1,4,0,0,0,151,33.2,29,3,28,26,0,0,5,23,20,5.35,5.42,4.67,1.63,67,129,123,-0.07,2.0%,18.5%,17.2%,1.3%,<a href=https://npb.jp/bis/eng/teams/index_c.html>Hiroshima</a>,WL
Nomura Yusuke,12,4,3,0,0,0,268,65.0,65,2,43,19,0,2,1,21,20,2.77,3.65,3.90,1.29,130,87,103,-0.88,0.7%,16.0%,7.1%,8.9%,<a href=https://npb.jp/bis/eng/teams/index_c.html>Hiroshima</a>,WL
Ohmichi Haruki,7,2,1,0,0,0,61,13.0,16,4,11,5,0,1,2,14,10,6.92,7.30,3.82,1.62,52,173,101,-0.38,6.6%,18.0%,8.2%,9.8%,<a href=https://npb.jp/bis/eng/teams/index_c.html>Hiroshima</a>,WL
Ohsera Daichi,1,0,1,0,0,0,21,5.0,6,1,3,0,0,0,0,3,3,5.40,5.01,3.37,1.20,67,119,89,0.39,4.8%,14.3%,0.0%,14.3%,<a href=https://npb.jp/bis/eng/teams/index_c.html>Hiroshima</a>,WL
Okada Akitake,11,0,3,0,0,0,165,36.1,31,3,22,28,0,0,1,21,19,4.71,5.78,5.16,1.62,77,137,136,-1.07,1.8%,13.3%,17.0%,-3.7%,<a href=https://npb.jp/bis/eng/teams/index_c.html>Hiroshima</a>,WL
Sasaki Ken,4,0,0,0,0,0,20,4.0,4,0,2,5,0,0,1,3,3,6.75,6.36,6.30,2.25,53,151,166,0.39,0.0%,10.0%,25.0%,-15.0%,<a href=https://npb.jp/bis/eng/teams/index_c.html>Hiroshima</a>,WL
Scott Tayler,7,2,1,0,0,0,91,23.0,15,0,22,6,0,1,0,9,5,1.96,2.61,3.04,0.91,184,62,80,-0.65,0.0%,24.2%,6.6%,17.6%,<a href=https://npb.jp/bis/eng/teams/index_c.html>Hiroshima</a>,WL
Shimauchi Sotaro,12,0,0,2,0,0,54,13.0,12,0,18,2,0,1,5,6,5,3.46,1.53,1.84,1.08,104,36,48,1.93,0.0%,33.3%,3.7%,29.6%,<a href=https://npb.jp/bis/eng/teams/index_c.html>Hiroshima</a>,WL
Takahashi Kouya,5,3,0,0,0,0,90,22.0,21,2,18,3,0,1,1,9,8,3.27,3.70,3.13,1.09,110,88,82,-0.43,2.2%,20.0%,3.3%,16.7%,<a href=https://npb.jp/bis/eng/teams/index_c.html>Hiroshima</a>,WL
Takahashi Mikiya,15,1,2,1,0,0,63,15.0,14,2,14,2,0,0,1,9,8,4.80,3.87,2.90,1.07,75,92,76,0.93,3.2%,22.2%,3.2%,19.0%,<a href=https://npb.jp/bis/eng/teams/index_c.html>Hiroshima</a>,WL
Tamamura Shogo,3,2,0,0,0,0,64,17.0,13,0,17,3,0,1,0,4,4,2.12,2.31,2.61,0.94,170,55,69,-0.19,0.0%,26.6%,4.7%,21.9%,<a href=https://npb.jp/bis/eng/teams/index_c.html>Hiroshima</a>,WL
Tanaka Norihiko,25,0,2,0,0,0,157,34.1,35,2,27,22,0,1,4,18,17,4.46,4.80,4.48,1.66,81,114,118,-0.34,1.3%,17.2%,14.0%,3.2%,<a href=https://npb.jp/bis/eng/teams/index_c.html>Hiroshima</a>,WL
Toda Takaya,6,0,0,0,0,0,22,6.0,2,0,6,1,0,1,0,1,1,1.50,2.61,2.53,0.50,240,62,67,-1.11,0.0%,27.3%,4.5%,22.8%,<a href=https://npb.jp/bis/eng/teams/index_c.html>Hiroshima</a>,WL
Tokoda Hiroki,10,1,4,0,0,0,237,55.1,61,6,30,11,0,1,4,35,31,5.04,4.58,4.00,1.30,72,109,105,0.46,2.5%,12.7%,4.6%,8.1%,<a href=https://npb.jp/bis/eng/teams/index_c.html>Hiroshima</a>,WL
Une Takamasa,14,0,0,0,0,0,64,15.0,8,0,6,10,0,5,1,6,5,3.00,5.81,5.42,1.20,120,138,143,-2.81,0.0%,9.4%,15.6%,-6.2%,<a href=https://npb.jp/bis/eng/teams/index_c.html>Hiroshima</a>,WL
Yabuta Kazuki,14,1,6,0,0,0,262,58.2,57,4,40,32,0,2,2,38,34,5.22,4.87,4.49,1.52,69,116,118,0.35,1.5%,15.3%,12.2%,3.1%,<a href=https://npb.jp/bis/eng/teams/index_c.html>Hiroshima</a>,WL
Yamaguchi Sho,6,1,0,0,0,0,44,8.0,13,1,4,9,0,0,0,13,13,14.63,7.61,5.94,2.75,25,181,156,7.02,2.3%,9.1%,20.5%,-11.4%,<a href=https://npb.jp/bis/eng/teams/index_c.html>Hiroshima</a>,WL
Yasaki Takuya,14,2,6,0,0,0,318,77.0,53,5,60,42,0,0,6,28,25,2.92,4.53,4.23,1.23,124,107,111,-1.61,1.6%,18.9%,13.2%,5.7%,<a href=https://npb.jp/bis/eng/teams/index_c.html>Hiroshima</a>,WL
Ariyoshi Yuki,8,0,4,1,0,0,133,26.2,53,8,15,5,0,0,0,33,32,10.80,6.94,4.05,2.18,33,169,107,3.86,6.0%,11.3%,3.8%,7.5%,<a href=https://npb.jp/bis/eng/teams/index_db.html>DeNA</a>,EL
Asada Sota,5,0,3,0,0,0,66,11.0,16,2,4,15,0,3,4,21,18,14.73,10.15,6.47,2.82,24,247,170,4.58,3.0%,6.1%,22.7%,-16.6%,<a href=https://npb.jp/bis/eng/teams/index_db.html>DeNA</a>,EL
Azuma Katsuki,7,3,0,0,0,0,127,32.1,25,2,33,5,0,2,0,8,7,1.95,3.02,2.60,0.93,180,74,68,-1.07,1.6%,26.0%,3.9%,22.1%,<a href=https://npb.jp/bis/eng/teams/index_db.html>DeNA</a>,EL
Cordero Remy,20,2,2,0,0,0,123,23.2,22,2,25,28,0,2,2,21,15,5.70,6.39,5.04,2.11,62,156,133,-0.69,1.6%,20.3%,22.8%,-2.5%,<a href=https://npb.jp/bis/eng/teams/index_db.html>DeNA</a>,EL
Cordero Starlin,12,2,0,0,0,0,68,12.0,12,1,7,19,0,5,6,15,11,8.25,9.52,6.56,2.58,43,232,173,-1.27,1.5%,10.3%,27.9%,-17.6%,<a href=https://npb.jp/bis/eng/teams/index_db.html>DeNA</a>,EL
Diaz Yofrec,8,2,1,0,0,0,78,19.0,13,0,26,10,0,0,3,7,5,2.37,2.45,2.75,1.21,148,60,72,-0.08,0.0%,33.3%,12.8%,20.5%,<a href=https://npb.jp/bis/eng/teams/index_db.html>DeNA</a>,EL
Escobar Edwin,2,0,0,0,0,0,8,2.0,1,0,5,1,0,0,0,0,0,0.00,0.11,-0.20,1.00,999,3,-5,-0.11,0.0%,62.5%,12.5%,50.0%,<a href=https://npb.jp/bis/eng/teams/index_db.html>DeNA</a>,EL
Hamaguchi Haruhiro,5,1,0,0,0,0,83,20.2,14,1,15,8,0,2,0,3,3,1.31,4.24,3.96,1.06,268,103,104,-2.93,1.2%,18.1%,9.6%,8.5%,<a href=https://npb.jp/bis/eng/teams/index_db.html>DeNA</a>,EL
Hirata Shingo,4,0,0,0,0,0,14,3.2,2,0,3,1,0,0,2,0,0,0.00,2.79,3.37,0.82,999,68,89,-2.79,0.0%,21.4%,7.1%,14.3%,<a href=https://npb.jp/bis/eng/teams/index_db.html>DeNA</a>,EL
Iizuka Satoshi,19,2,0,0,0,0,120,27.2,26,2,14,16,0,2,1,14,12,3.90,5.49,4.97,1.52,90,134,131,-1.59,1.7%,11.7%,13.3%,-1.6%,<a href=https://npb.jp/bis/eng/teams/index_db.html>DeNA</a>,EL
Ikeya Sota,36,0,2,1,0,0,159,33.2,41,2,27,11,0,3,2,28,19,5.08,4.02,3.79,1.54,69,98,100,1.06,1.3%,17.0%,6.9%,10.1%,<a href=https://npb.jp/bis/eng/teams/index_db.html>DeNA</a>,EL
Imanaga Shota,6,3,1,0,0,0,108,29.1,21,2,30,6,0,1,1,6,6,1.84,3.16,2.58,0.92,191,77,68,-1.32,1.9%,27.8%,5.6%,22.2%,<a href=https://npb.jp/bis/eng/teams/index_db.html>DeNA</a>,EL
Irie Taisei,3,0,2,0,0,0,29,6.0,7,0,7,4,0,1,1,4,4,6.00,3.77,3.77,1.83,59,92,99,2.23,0.0%,24.1%,13.8%,10.3%,<a href=https://npb.jp/bis/eng/teams/index_db.html>DeNA</a>,EL
Ise Hiromu,10,1,0,2,0,0,50,12.2,10,0,17,4,0,0,1,4,4,2.84,1.87,2.20,1.11,124,46,58,0.97,0.0%,34.0%,8.0%,26.0%,<a href=https://npb.jp/bis/eng/teams/index_db.html>DeNA</a>,EL
Ishida Kenta,11,2,3,0,1,0,172,41.2,44,4,43,4,0,2,2,24,20,4.32,3.22,2.53,1.15,81,78,67,1.10,2.3%,25.0%,2.3%,22.7%,<a href=https://npb.jp/bis/eng/teams/index_db.html>DeNA</a>,EL
Ishikawa Tatsuya,13,4,2,0,0,0,127,30.2,24,2,28,10,0,2,2,8,8,2.35,3.80,3.38,1.11,150,93,89,-1.45,1.6%,22.0%,7.9%,14.1%,<a href=https://npb.jp/bis/eng/teams/index_db.html>DeNA</a>,EL
Kamichatani Taiga,14,4,0,0,0,0,244,61.2,51,6,50,10,0,2,2,23,19,2.77,3.83,3.16,0.99,127,93,83,-1.06,2.5%,20.5%,4.1%,16.4%,<a href=https://npb.jp/bis/eng/teams/index_db.html>DeNA</a>,EL
Kasai Takamasa,22,1,1,0,0,0,117,22.2,26,2,16,24,0,1,3,16,16,6.35,6.65,5.48,2.21,55,162,144,-0.30,1.7%,13.7%,20.5%,-6.8%,<a href=https://npb.jp/bis/eng/teams/index_db.html>DeNA</a>,EL
Kato Dai,8,0,1,0,0,0,34,6.2,5,0,4,9,0,0,1,6,4,5.40,6.46,6.27,2.10,65,157,165,-1.06,0.0%,11.8%,26.5%,-14.7%,<a href=https://npb.jp/bis/eng/teams/index_db.html>DeNA</a>,EL
Katsumata Atsushi,31,3,1,0,0,0,157,34.1,19,0,21,40,0,4,8,11,7,1.83,6.23,6.01,1.72,192,152,158,-4.40,0.0%,13.4%,25.5%,-12.1%,<a href=https://npb.jp/bis/eng/teams/index_db.html>DeNA</a>,EL
Kazahari Ren,21,1,1,0,0,0,104,23.0,32,1,15,9,0,1,3,13,12,4.70,4.17,4.22,1.78,75,102,111,0.53,1.0%,14.4%,8.7%,5.7%,<a href=https://npb.jp/bis/eng/teams/index_db.html>DeNA</a>,EL
Kuniyoshi Yuki,3,0,0,0,0,0,13,2.2,1,0,5,2,0,0,2,1,0,0.00,2.11,2.49,1.13,999,51,66,-2.11,0.0%,38.5%,15.4%,23.1%,<a href=https://npb.jp/bis/eng/teams/index_db.html>DeNA</a>,EL
Kyoyama Masaya,11,3,4,0,0,0,244,61.0,43,4,55,17,0,1,2,22,16,2.36,3.54,3.24,0.98,149,86,85,-1.18,1.6%,22.5%,7.0%,15.5%,<a href=https://npb.jp/bis/eng/teams/index_db.html>DeNA</a>,EL
Matsumoto Ryunosuke,5,0,2,0,0,0,51,7.0,9,1,13,20,0,0,1,23,19,24.43,10.32,6.17,4.14,14,251,162,14.11,2.0%,25.5%,39.2%,-13.7%,<a href=https://npb.jp/bis/eng/teams/index_db.html>DeNA</a>,EL
Mikami Tomoya,13,1,0,3,0,0,60,13.2,16,1,12,2,0,1,0,8,4,2.63,3.46,3.13,1.32,134,84,82,-0.83,1.7%,20.0%,3.3%,16.7%,<a href=https://npb.jp/bis/eng/teams/index_db.html>DeNA</a>,EL
Miyagi Daita,14,2,2,1,0,0,216,48.0,45,2,38,32,0,3,3,26,15,2.81,4.75,4.52,1.60,125,116,119,-1.94,0.9%,17.6%,14.8%,2.8%,<a href=https://npb.jp/bis/eng/teams/index_db.html>DeNA</a>,EL
Miyaguni Ryosuke,20,4,3,1,0,0,184,42.2,49,5,36,8,0,2,1,24,23,4.85,4.15,3.28,1.34,72,101,86,0.70,2.7%,19.6%,4.3%,15.3%,<a href=https://npb.jp/bis/eng/teams/index_db.html>DeNA</a>,EL
Mutoh Yuta,30,0,3,1,0,0,157,30.2,40,2,22,29,0,1,1,30,24,7.04,5.95,5.25,2.25,50,145,138,1.09,1.3%,14.0%,18.5%,-4.5%,<a href=https://npb.jp/bis/eng/teams/index_db.html>DeNA</a>,EL
Nakagawa Koh,20,0,3,2,0,0,166,35.0,36,1,40,24,0,3,5,26,19,4.89,4.01,3.84,1.71,72,98,101,0.88,0.6%,24.1%,14.5%,9.6%,<a href=https://npb.jp/bis/eng/teams/index_db.html>DeNA</a>,EL
Ohnuki Shinichi,4,2,0,0,0,0,61,17.0,10,0,21,4,0,1,1,1,1,0.53,2.02,2.01,0.82,663,49,53,-1.49,0.0%,34.4%,6.6%,27.8%,<a href=https://npb.jp/bis/eng/teams/index_db.html>DeNA</a>,EL
Peoples Michael,7,0,2,1,0,0,49,11.2,10,0,10,3,0,2,1,10,10,7.71,3.18,3.37,1.11,46,77,89,4.53,0.0%,20.4%,6.1%,14.3%,<a href=https://npb.jp/bis/eng/teams/index_db.html>DeNA</a>,EL
Romero Fernando,9,3,5,0,0,0,199,48.0,40,4,32,23,0,4,5,24,23,4.31,5.04,4.35,1.31,82,123,114,-0.73,2.0%,16.1%,11.6%,4.5%,<a href=https://npb.jp/bis/eng/teams/index_db.html>DeNA</a>,EL
Saito Shunsuke,3,0,0,0,0,0,16,3.0,2,0,3,4,0,0,2,1,1,3.00,5.61,5.42,2.00,117,137,143,-2.61,0.0%,18.8%,25.0%,-6.2%,<a href=https://npb.jp/bis/eng/teams/index_db.html>DeNA</a>,EL
Sakaguchi Kousuke,6,1,1,1,0,0,102,24.0,24,2,17,5,0,2,1,6,4,1.50,4.15,3.62,1.21,234,101,95,-2.65,2.0%,16.7%,4.9%,11.8%,<a href=https://npb.jp/bis/eng/teams/index_db.html>DeNA</a>,EL
Sakamoto Yuya,8,2,2,0,0,0,128,31.2,19,0,33,14,0,2,2,9,7,1.99,3.04,3.32,1.04,177,74,87,-1.05,0.0%,25.8%,10.9%,14.9%,<a href=https://npb.jp/bis/eng/teams/index_db.html>DeNA</a>,EL
Sakurai Shuto,15,1,1,6,0,0,109,25.2,23,2,24,11,0,0,2,8,7,2.45,4.03,3.61,1.32,143,98,95,-1.58,1.8%,22.0%,10.1%,11.9%,<a href=https://npb.jp/bis/eng/teams/index_db.html>DeNA</a>,EL
Shackelford Kevin,15,1,1,0,0,0,52,13.2,9,0,13,4,0,0,3,2,1,0.66,2.58,3.07,0.95,533,63,81,-1.92,0.0%,25.0%,7.7%,17.3%,<a href=https://npb.jp/bis/eng/teams/index_db.html>DeNA</a>,EL
Shindoh Takuya,29,0,0,0,0,0,129,29.2,30,3,35,13,0,2,3,11,10,3.03,4.08,3.09,1.45,116,99,81,-1.05,2.3%,27.1%,10.1%,17.0%,<a href=https://npb.jp/bis/eng/teams/index_db.html>DeNA</a>,EL
Sunada Yoshiki,1,0,0,1,0,0,6,1.0,1,0,0,2,0,0,0,1,1,9.00,9.61,8.13,3.00,39,234,214,-0.61,0.0%,0.0%,33.3%,-33.3%,<a href=https://npb.jp/bis/eng/teams/index_db.html>DeNA</a>,EL
Taira Kentaro,2,0,0,0,0,0,27,7.0,7,1,7,1,0,0,0,3,2,2.57,3.89,2.58,1.14,137,95,68,-1.32,3.7%,25.9%,3.7%,22.2%,<a href=https://npb.jp/bis/eng/teams/index_db.html>DeNA</a>,EL
Takada Takuto,1,0,0,0,0,0,3,1.0,0,0,1,0,0,0,0,0,0,0.00,1.61,1.47,0.00,999,39,39,-1.61,0.0%,33.3%,0.0%,33.3%,<a href=https://npb.jp/bis/eng/teams/index_db.html>DeNA</a>,EL
Tanaka Kenjiro,37,0,2,3,0,0,166,35.2,41,5,35,14,1,3,3,23,15,3.79,4.90,3.53,1.54,93,119,93,-1.11,3.0%,21.1%,8.4%,12.7%,<a href=https://npb.jp/bis/eng/teams/index_db.html>DeNA</a>,EL
De La Rosa Rubby,3,0,0,0,0,0,11,3.0,1,0,5,1,0,0,0,0,0,0.00,1.27,1.16,0.67,999,28,31,-1.27,0.0%,45.5%,9.1%,36.4%,<a href=https://npb.jp/bis/eng/teams/index_g.html>Yomiuri</a>,EL
Furukawa Yuri,36,2,1,2,0,0,243,57.2,65,6,65,14,0,0,4,19,14,2.18,3.43,2.70,1.37,176,77,71,-1.25,2.5%,26.7%,5.8%,20.9%,<a href=https://npb.jp/bis/eng/teams/index_g.html>Yomiuri</a>,EL
Hatake Seishu,6,2,1,2,1,1,83,22.0,14,1,35,4,0,0,1,6,3,1.23,1.56,1.07,0.82,311,35,28,-0.33,1.2%,42.2%,4.8%,37.4%,<a href=https://npb.jp/bis/eng/teams/index_g.html>Yomiuri</a>,EL
Heinai Ryuta,38,5,4,6,0,0,244,60.1,47,3,56,17,2,6,3,21,21,3.13,3.54,3.20,1.06,122,79,84,-0.41,1.2%,23.0%,7.0%,16.0%,<a href=https://npb.jp/bis/eng/teams/index_g.html>Yomiuri</a>,EL
Hirai Kaisei,3,0,0,0,0,0,31,6.1,7,0,2,5,0,1,2,6,6,8.53,5.82,5.77,1.89,45,130,152,2.71,0.0%,6.5%,16.1%,-9.6%,<a href=https://npb.jp/bis/eng/teams/index_g.html>Yomiuri</a>,EL
Horioka Hayato,43,2,4,1,0,0,289,63.2,77,5,59,25,0,3,5,32,29,4.10,4.09,3.62,1.60,93,91,95,0.01,1.7%,20.4%,8.7%,11.7%,<a href=https://npb.jp/bis/eng/teams/index_g.html>Yomiuri</a>,EL
Imamura Nobutaka,7,2,1,0,0,0,138,33.1,33,1,22,6,0,3,1,10,6,1.62,3.49,3.64,1.17,236,78,96,-1.87,0.7%,15.9%,4.3%,11.6%,<a href=https://npb.jp/bis/eng/teams/index_g.html>Yomiuri</a>,EL
Inoh Shoichi,24,6,7,2,1,0,448,104.0,124,7,65,27,0,5,1,56,47,4.07,4.15,3.95,1.45,94,93,104,-0.08,1.6%,14.5%,6.0%,8.5%,<a href=https://npb.jp/bis/eng/teams/index_g.html>Yomiuri</a>,EL
Inoue Haruto,6,2,2,1,0,0,124,28.1,26,2,22,15,0,1,1,20,15,4.76,4.66,4.24,1.45,80,104,112,0.10,1.6%,17.7%,12.1%,5.6%,<a href=https://npb.jp/bis/eng/teams/index_g.html>Yomiuri</a>,EL
Itoh Yusuke,16,0,2,0,0,0,105,23.0,20,1,30,16,0,0,3,12,11,4.30,3.65,3.47,1.57,89,82,91,0.65,1.0%,28.6%,15.2%,13.4%,<a href=https://npb.jp/bis/eng/teams/index_g.html>Yomiuri</a>,EL
Kasashima Naoki,8,0,1,1,0,0,61,9.2,26,1,7,5,0,1,0,26,24,22.34,5.36,4.47,3.21,17,120,118,16.98,1.6%,11.5%,8.2%,3.3%,<a href=https://npb.jp/bis/eng/teams/index_g.html>Yomiuri</a>,EL
Kinoshita Motoya,1,1,0,0,0,0,21,5.0,7,0,2,2,0,0,0,2,2,3.60,4.01,4.80,1.80,106,90,126,-0.41,0.0%,9.5%,9.5%,0.0%,<a href=https://npb.jp/bis/eng/teams/index_g.html>Yomiuri</a>,EL
Kuwahara Takuya,20,4,4,0,0,0,220,49.1,61,7,35,22,0,0,1,31,29,5.29,5.37,4.21,1.68,72,120,111,-0.08,3.2%,15.9%,10.0%,5.9%,<a href=https://npb.jp/bis/eng/teams/index_g.html>Yomiuri</a>,EL
Mercedes CC,4,0,2,0,0,0,71,15.2,20,1,11,6,0,0,2,11,11,6.32,4.18,4.10,1.66,61,93,108,2.14,1.4%,15.5%,8.5%,7.0%,<a href=https://npb.jp/bis/eng/teams/index_g.html>Yomiuri</a>,EL
Missaki Daniel,3,0,2,0,0,0,63,13.1,17,5,10,6,0,1,1,12,12,8.10,8.56,4.17,1.73,47,191,110,-0.46,7.9%,15.9%,9.5%,6.4%,<a href=https://npb.jp/bis/eng/teams/index_g.html>Yomiuri</a>,EL
Nakagawa Kota,2,0,1,0,0,0,8,2.0,2,1,0,0,0,0,0,2,2,9.00,10.11,4.80,1.00,43,226,126,-1.11,12.5%,0.0%,0.0%,0.0%,<a href=https://npb.jp/bis/eng/teams/index_g.html>Yomiuri</a>,EL
Naoe Daisuke,10,3,2,0,1,1,186,39.2,50,4,32,17,0,0,0,33,32,7.26,4.59,3.99,1.69,53,103,105,2.67,2.2%,17.2%,9.1%,8.1%,<a href=https://npb.jp/bis/eng/teams/index_g.html>Yomiuri</a>,EL
Nogami Ryoma,4,1,2,0,0,0,89,23.2,16,2,24,3,0,0,0,8,8,3.04,3.06,2.44,0.80,126,68,64,-0.02,2.2%,27.0%,3.4%,23.6%,<a href=https://npb.jp/bis/eng/teams/index_g.html>Yomiuri</a>,EL
Numata Shohei,27,0,1,1,0,0,126,27.0,29,1,22,15,0,3,0,17,15,5.00,4.46,4.24,1.63,77,100,112,0.54,0.8%,17.5%,11.9%,5.6%,<a href=https://npb.jp/bis/eng/teams/index_g.html>Yomiuri</a>,EL
Ohe Ryusei,9,1,0,0,0,0,40,9.2,9,2,14,1,0,1,0,4,4,3.72,4.02,1.55,1.03,103,90,41,-0.30,5.0%,35.0%,2.5%,32.5%,<a href=https://npb.jp/bis/eng/teams/index_g.html>Yomiuri</a>,EL
Ohta Ryu,4,1,0,0,0,0,32,7.0,8,1,6,4,0,0,0,7,7,9.00,5.46,4.18,1.71,43,122,110,3.54,3.1%,18.8%,12.5%,6.3%,<a href=https://npb.jp/bis/eng/teams/index_g.html>Yomiuri</a>,EL
Ohtake Kan,10,0,2,0,0,0,38,8.2,9,1,7,1,0,0,1,7,7,7.27,3.84,3.22,1.15,53,86,85,3.43,2.6%,18.4%,2.6%,15.8%,<a href=https://npb.jp/bis/eng/teams/index_g.html>Yomiuri</a>,EL
Sakurai Toshiki,7,3,1,0,0,0,137,34.0,26,3,23,10,0,0,2,11,9,2.38,4.28,3.85,1.06,161,96,101,-1.90,2.2%,16.8%,7.3%,9.5%,<a href=https://npb.jp/bis/eng/teams/index_g.html>Yomiuri</a>,EL
Sanchez Angel,1,0,0,0,0,0,11,3.0,3,0,1,0,0,0,1,0,0,0.00,2.94,3.89,1.00,999,66,102,-2.94,0.0%,9.1%,0.0%,9.1%,<a href=https://npb.jp/bis/eng/teams/index_g.html>Yomiuri</a>,EL
Sugano Tomoyuki,1,0,0,0,0,0,16,4.0,3,0,5,2,0,0,0,1,1,2.25,2.61,2.92,1.25,170,58,77,-0.36,0.0%,31.2%,12.5%,18.7%,<a href=https://npb.jp/bis/eng/teams/index_g.html>Yomiuri</a>,EL
Takagi Kyosuke,8,0,0,0,0,0,26,6.2,7,0,5,0,0,0,0,2,2,2.70,2.11,2.88,1.05,142,47,76,0.59,0.0%,19.2%,0.0%,19.2%,<a href=https://npb.jp/bis/eng/teams/index_g.html>Yomiuri</a>,EL
Takahashi Yuki,1,0,0,0,0,0,9,3.0,0,0,6,0,0,0,0,0,0,0.00,-0.39,-1.87,0.00,999,-9,-49,0.39,0.0%,66.7%,0.0%,66.7%,<a href=https://npb.jp/bis/eng/teams/index_g.html>Yomiuri</a>,EL
Tanaka Toyoki,4,0,1,1,0,0,29,7.0,10,1,8,0,0,0,0,4,4,5.14,3.18,2.04,1.43,74,71,54,1.96,3.4%,27.6%,0.0%,27.6%,<a href=https://npb.jp/bis/eng/teams/index_g.html>Yomiuri</a>,EL
Tanaka Yudai,3,0,0,0,0,0,14,3.0,4,0,1,1,0,0,0,3,2,6.00,3.94,4.80,1.67,64,88,126,2.06,0.0%,7.1%,7.1%,0.0%,<a href=https://npb.jp/bis/eng/teams/index_g.html>Yomiuri</a>,EL
Tanioka Tappei,38,0,1,0,0,0,147,34.2,29,1,37,16,1,1,3,5,5,1.30,3.32,3.37,1.30,294,74,89,-2.02,0.7%,25.2%,10.9%,14.3%,<a href=https://npb.jp/bis/eng/teams/index_g.html>Yomiuri</a>,EL
Toda Natsuki,18,8,1,0,0,0,359,87.1,78,10,66,27,0,1,1,37,32,3.30,4.54,3.71,1.20,116,102,98,-1.24,2.8%,18.4%,7.5%,10.9%,<a href=https://npb.jp/bis/eng/teams/index_g.html>Yomiuri</a>,EL
Togo Shosei,1,0,0,0,0,0,16,3.0,5,0,5,1,0,0,0,2,2,6.00,1.27,2.30,2.00,64,28,61,4.73,0.0%,31.2%,6.2%,25.0%,<a href=https://npb.jp/bis/eng/teams/index_g.html>Yomiuri</a>,EL
Tone Chiaki,15,3,0,1,0,0,149,37.2,25,4,34,16,0,0,4,10,10,2.39,4.46,3.59,1.09,160,100,94,-2.07,2.7%,22.8%,10.7%,12.1%,<a href=https://npb.jp/bis/eng/teams/index_g.html>Yomiuri</a>,EL
Vieira Thyago,3,0,0,1,0,0,12,3.0,2,0,4,1,0,0,0,0,0,0.00,1.94,2.30,1.00,999,43,61,-1.94,0.0%,33.3%,8.3%,25.0%,<a href=https://npb.jp/bis/eng/teams/index_g.html>Yomiuri</a>,EL
Yamamoto Itsuki,14,2,4,0,0,0,208,43.2,49,5,30,30,0,1,4,33,26,5.36,5.85,4.80,1.81,71,131,126,-0.49,2.4%,14.4%,14.4%,0.0%,<a href=https://npb.jp/bis/eng/teams/index_g.html>Yomiuri</a>,EL
Yamasaki Yusuke,17,0,4,0,0,0,185,36.1,53,5,19,23,0,2,1,34,31,7.68,6.41,5.02,2.09,50,143,132,1.27,2.7%,10.3%,12.4%,-2.1%,<a href=https://npb.jp/bis/eng/teams/index_g.html>Yomiuri</a>,EL
Yokogawa Kai,18,6,3,0,2,1,347,80.1,98,8,58,23,0,1,4,40,36,4.03,4.35,3.79,1.51,95,97,100,-0.32,2.3%,16.7%,6.6%,10.1%,<a href=https://npb.jp/bis/eng/teams/index_g.html>Yomiuri</a>,EL
Yonahara Hirotaka,9,2,3,0,0,0,90,20.0,29,4,17,3,0,1,1,17,17,7.65,5.11,3.24,1.60,50,114,85,2.54,4.4%,18.9%,3.3%,15.6%,<a href=https://npb.jp/bis/eng/teams/index_g.html>Yomiuri</a>,EL
Hara Juri,14,1,5,0,1,0,258,58.2,61,1,44,18,0,9,5,32,23,3.53,3.71,3.79,1.35,102,88,100,-0.18,0.4%,17.1%,7.0%,10.1%,<a href=https://npb.jp/bis/eng/teams/index_s.html>Yakult</a>,EL
Hasegawa Hiroki,9,1,2,1,0,0,112,24.1,26,5,21,17,0,0,2,18,18,6.66,6.65,4.44,1.77,54,158,117,0.01,4.5%,18.8%,15.2%,3.6%,<a href=https://npb.jp/bis/eng/teams/index_s.html>Yakult</a>,EL
Hoshi Tomoya,15,3,1,0,0,0,85,18.0,28,3,11,8,1,0,1,18,18,9.00,5.88,4.45,2.00,40,140,117,3.12,3.5%,12.9%,9.4%,3.5%,<a href=https://npb.jp/bis/eng/teams/index_s.html>Yakult</a>,EL
Ichikawa Yuta,14,1,2,2,0,0,188,42.0,39,4,36,19,0,4,1,25,21,4.50,4.77,3.90,1.38,80,113,103,-0.27,2.1%,19.1%,10.1%,9.0%,<a href=https://npb.jp/bis/eng/teams/index_s.html>Yakult</a>,EL
Ishikawa Masanori,7,1,1,0,0,0,103,28.0,14,1,26,8,0,1,0,7,1,0.32,3.18,3.05,0.79,1127,75,80,-2.86,1.0%,25.2%,7.8%,17.4%,<a href=https://npb.jp/bis/eng/teams/index_s.html>Yakult</a>,EL
Ishiyama Taichi,4,0,0,1,0,0,12,4.0,0,0,3,0,0,0,0,0,0,0.00,2.11,2.30,0.00,999,50,61,-2.11,0.0%,25.0%,0.0%,25.0%,<a href=https://npb.jp/bis/eng/teams/index_s.html>Yakult</a>,EL
Kanakubo Yuto,12,4,1,1,0,0,228,52.1,59,1,33,20,0,3,4,23,13,2.24,3.91,4.23,1.51,161,93,111,-1.67,0.4%,14.5%,8.8%,5.7%,<a href=https://npb.jp/bis/eng/teams/index_s.html>Yakult</a>,EL
Katekaru Kouta,9,0,0,0,0,0,81,15.0,15,2,10,18,0,4,1,15,13,7.80,8.41,5.79,2.20,46,200,152,-0.61,2.5%,12.3%,22.2%,-9.9%,<a href=https://npb.jp/bis/eng/teams/index_s.html>Yakult</a>,EL
Kizawa Naofumi,22,2,8,0,0,0,332,69.2,84,11,58,43,1,3,8,53,47,6.07,5.97,4.35,1.82,59,142,114,0.10,3.3%,17.5%,13.0%,4.5%,<a href=https://npb.jp/bis/eng/teams/index_s.html>Yakult</a>,EL
Konno Ryuta,1,0,0,0,0,0,3,1.0,0,0,0,0,0,0,0,0,0,0.00,3.61,4.80,0.00,999,86,126,-3.61,0.0%,0.0%,0.0%,0.0%,<a href=https://npb.jp/bis/eng/teams/index_s.html>Yakult</a>,EL
Kozawa Reiji,35,2,3,3,0,0,155,34.2,21,4,39,30,0,3,1,15,14,3.63,5.71,4.22,1.47,99,135,111,-2.08,2.6%,25.2%,19.4%,5.8%,<a href=https://npb.jp/bis/eng/teams/index_s.html>Yakult</a>,EL
Kubo Takuma,33,1,0,0,0,0,142,30.1,36,2,31,16,0,1,2,17,10,2.97,4.10,3.74,1.71,121,97,98,-1.13,1.4%,21.8%,11.3%,10.5%,<a href=https://npb.jp/bis/eng/teams/index_s.html>Yakult</a>,EL
Kuramoto Harutaka,12,0,0,0,0,0,56,12.0,16,0,10,4,0,3,2,9,5,3.75,3.69,3.73,1.67,96,88,98,0.06,0.0%,17.9%,7.1%,10.8%,<a href=https://npb.jp/bis/eng/teams/index_s.html>Yakult</a>,EL
Maruyama Shota,15,1,0,0,0,0,65,17.2,8,3,21,7,0,0,1,7,6,3.06,4.62,2.65,0.85,118,110,70,-1.56,4.6%,32.3%,10.8%,21.5%,<a href=https://npb.jp/bis/eng/teams/index_s.html>Yakult</a>,EL
Miyadai Kohei,27,1,1,1,0,0,100,25.1,19,1,26,5,0,1,0,8,6,2.13,2.78,2.70,0.95,169,66,71,-0.65,1.0%,26.0%,5.0%,21.0%,<a href=https://npb.jp/bis/eng/teams/index_s.html>Yakult</a>,EL
Nakao Hikaru,16,0,1,0,0,0,67,14.0,21,3,17,6,0,0,1,9,9,5.79,5.25,3.16,1.93,62,125,83,0.54,4.5%,25.4%,9.0%,16.4%,<a href=https://npb.jp/bis/eng/teams/index_s.html>Yakult</a>,EL
Ogawa Yasuhiro,1,1,0,0,0,0,22,6.0,3,1,4,0,0,0,0,1,1,1.50,4.44,2.98,0.50,240,105,78,-2.94,4.5%,18.2%,0.0%,18.2%,<a href=https://npb.jp/bis/eng/teams/index_s.html>Yakult</a>,EL
Ohnishi Hiroki,12,2,1,1,0,0,83,20.0,15,0,16,11,0,0,0,4,4,1.80,3.66,4.20,1.30,200,87,111,-1.86,0.0%,19.3%,13.3%,6.0%,<a href=https://npb.jp/bis/eng/teams/index_s.html>Yakult</a>,EL
Ohshita Yuma,11,0,1,0,0,0,49,12.0,9,1,9,4,0,0,0,2,2,1.50,4.19,3.78,1.08,240,99,99,-2.69,2.0%,18.4%,8.2%,10.2%,<a href=https://npb.jp/bis/eng/teams/index_s.html>Yakult</a>,EL
Okugawa Yasunobu,1,0,0,0,0,0,12,3.0,2,0,2,1,0,1,0,1,1,3.00,4.27,3.97,1.00,120,101,104,-1.27,0.0%,16.7%,8.3%,8.4%,<a href=https://npb.jp/bis/eng/teams/index_s.html>Yakult</a>,EL
Saiuchi Hiroaki,6,1,2,0,0,0,71,16.1,16,6,11,7,0,0,1,13,11,6.06,8.32,4.24,1.41,60,197,112,-2.26,8.5%,15.5%,9.9%,5.6%,<a href=https://npb.jp/bis/eng/teams/index_s.html>Yakult</a>,EL
Sakamoto Koshiro,4,0,1,1,0,0,17,4.0,2,0,4,2,0,1,1,1,0,0.00,3.86,3.62,1.00,999,92,95,-3.86,0.0%,23.5%,11.8%,11.7%,<a href=https://npb.jp/bis/eng/teams/index_s.html>Yakult</a>,EL
Shimizu Noboru,1,0,0,0,0,0,3,1.0,0,0,1,0,0,0,0,0,0,0.00,1.61,1.47,0.00,999,38,39,-1.61,0.0%,33.3%,0.0%,33.3%,<a href=https://npb.jp/bis/eng/teams/index_s.html>Yakult</a>,EL
Shimo Shinnosuke,10,0,1,0,0,0,99,20.0,25,2,19,12,0,2,3,23,22,9.90,5.11,4.09,1.85,36,121,108,4.79,2.0%,19.2%,12.1%,7.1%,<a href=https://npb.jp/bis/eng/teams/index_s.html>Yakult</a>,EL
Sneed Cy,7,4,0,0,0,0,116,28.0,26,3,29,5,0,0,0,9,9,2.89,3.46,2.73,1.11,125,82,72,-0.57,2.6%,25.0%,4.3%,20.7%,<a href=https://npb.jp/bis/eng/teams/index_s.html>Yakult</a>,EL
Suarez Albert,7,3,2,0,0,0,152,40.2,27,2,48,6,0,0,1,11,11,2.43,2.33,2.04,0.81,148,55,54,0.10,1.3%,31.6%,3.9%,27.7%,<a href=https://npb.jp/bis/eng/teams/index_s.html>Yakult</a>,EL
Sugiyama Koki,30,0,3,7,0,0,121,28.2,26,0,28,8,0,2,5,16,15,4.71,2.70,3.15,1.19,77,64,83,2.01,0.0%,23.1%,6.6%,16.5%,<a href=https://npb.jp/bis/eng/teams/index_s.html>Yakult</a>,EL
Suzuki Yuta,20,0,0,0,0,0,104,23.1,23,2,13,13,0,1,6,9,8,3.09,5.41,4.80,1.54,117,128,126,-2.32,1.9%,12.5%,12.5%,0.0%,<a href=https://npb.jp/bis/eng/teams/index_s.html>Yakult</a>,EL
Taguchi Kazuto,2,1,0,0,0,0,33,8.0,7,0,7,0,0,0,0,3,1,1.13,1.86,2.68,0.88,319,44,71,-0.73,0.0%,21.2%,0.0%,21.2%,<a href=https://npb.jp/bis/eng/teams/index_s.html>Yakult</a>,EL
Takahashi Keiji,11,3,2,0,0,0,213,49.0,55,2,41,16,0,4,2,22,18,3.31,3.69,3.63,1.45,109,88,96,-0.38,0.9%,19.2%,7.5%,11.7%,<a href=https://npb.jp/bis/eng/teams/index_s.html>Yakult</a>,EL
Takanashi Hirotoshi,10,5,1,0,0,0,218,55.1,45,6,52,13,0,1,5,19,18,2.93,3.90,3.01,1.05,123,93,79,-0.97,2.8%,23.9%,6.0%,17.9%,<a href=https://npb.jp/bis/eng/teams/index_s.html>Yakult</a>,EL
Terashima Naruki,21,6,8,0,0,0,265,60.0,68,9,42,25,0,4,2,33,32,4.80,5.61,4.16,1.55,75,133,109,-0.81,3.4%,15.8%,9.4%,6.4%,<a href=https://npb.jp/bis/eng/teams/index_s.html>Yakult</a>,EL
Umeno Yugo,8,0,0,0,0,0,32,8.0,5,1,11,2,0,1,2,3,2,2.25,3.61,1.99,0.88,160,86,52,-1.36,3.1%,34.4%,6.2%,28.2%,<a href=https://npb.jp/bis/eng/teams/index_s.html>Yakult</a>,EL
Vandenhurk Rick,14,2,1,0,0,0,200,50.0,43,7,52,7,0,3,1,22,21,3.78,3.95,2.55,1.00,95,94,67,-0.17,3.5%,26.0%,3.5%,22.5%,<a href=https://npb.jp/bis/eng/teams/index_s.html>Yakult</a>,EL
Yamano Taichi,1,0,1,0,0,0,16,4.0,3,0,2,2,0,1,1,2,2,4.50,4.86,4.80,1.25,80,115,126,-0.36,0.0%,12.5%,12.5%,0.0%,<a href=https://npb.jp/bis/eng/teams/index_s.html>Yakult</a>,EL
Yoshida Daiki,12,3,1,2,0,0,123,29.0,29,0,26,11,0,0,0,9,7,2.17,2.95,3.58,1.38,166,70,94,-0.78,0.0%,21.1%,8.9%,12.2%,<a href=https://npb.jp/bis/eng/teams/index_s.html>Yakult</a>,EL
Fujishima Kento,3,0,0,0,0,0,11,3.0,2,0,3,1,0,0,1,0,0,0.00,2.61,2.98,1.00,999,56,78,-2.61,0.0%,27.3%,9.1%,18.2%,<a href=https://npb.jp/bis/eng/teams/index_d.html>Chunichi</a>,WL
Hashimoto Yuki,10,0,0,0,0,0,45,8.1,12,0,5,5,0,5,0,9,9,9.72,6.01,4.80,2.04,41,129,126,3.71,0.0%,11.1%,11.1%,0.0%,<a href=https://npb.jp/bis/eng/teams/index_d.html>Chunichi</a>,WL
Ishida KentoMarc,42,2,4,5,0,0,167,39.1,33,4,35,16,0,0,4,19,16,3.66,4.37,3.66,1.25,109,94,96,-0.71,2.4%,21.0%,9.6%,11.4%,<a href=https://npb.jp/bis/eng/teams/index_d.html>Chunichi</a>,WL
Ishikawa Sho,13,2,0,0,0,0,69,16.2,8,0,17,9,0,3,1,2,2,1.08,3.73,3.64,1.02,370,80,96,-2.65,0.0%,24.6%,13.0%,11.6%,<a href=https://npb.jp/bis/eng/teams/index_d.html>Chunichi</a>,WL
Kakigoshi Kenshin,23,2,0,0,0,0,105,26.2,16,1,15,8,0,2,0,7,5,1.69,4.09,4.13,0.90,236,88,109,-2.40,1.0%,14.3%,7.6%,6.7%,<a href=https://npb.jp/bis/eng/teams/index_d.html>Chunichi</a>,WL
Kasahara Shotaro,15,4,4,1,1,0,295,70.0,68,8,51,21,0,2,3,36,31,3.99,4.62,3.78,1.27,100,99,99,-0.63,2.7%,17.3%,7.1%,10.2%,<a href=https://npb.jp/bis/eng/teams/index_d.html>Chunichi</a>,WL
Katsuno Akiyoshi,4,0,1,0,0,0,83,22.0,17,3,13,0,0,0,1,7,6,2.45,4.20,3.23,0.77,163,90,85,-1.75,3.6%,15.7%,0.0%,15.7%,<a href=https://npb.jp/bis/eng/teams/index_d.html>Chunichi</a>,WL
Kondo Ren,29,1,3,2,0,0,121,25.2,34,1,12,15,0,1,0,23,22,7.71,5.05,5.05,1.91,52,108,133,2.66,0.8%,9.9%,12.4%,-2.5%,<a href=https://npb.jp/bis/eng/teams/index_d.html>Chunichi</a>,WL
Martinez Raidel,3,0,0,1,0,0,10,3.0,1,0,2,1,0,0,0,0,0,0.00,3.27,3.80,0.67,999,70,100,-3.27,0.0%,20.0%,10.0%,10.0%,<a href=https://npb.jp/bis/eng/teams/index_d.html>Chunichi</a>,WL
Maruyama Taisuke,17,0,0,0,0,0,73,15.0,17,3,14,7,0,4,0,10,10,6.00,6.54,3.84,1.60,67,140,101,-0.54,4.1%,19.2%,9.6%,9.6%,<a href=https://npb.jp/bis/eng/teams/index_d.html>Chunichi</a>,WL
Matsuba Takahiro,10,4,1,0,0,0,221,52.0,57,5,26,15,0,1,1,21,21,3.63,4.78,4.30,1.38,110,102,113,-1.15,2.3%,11.8%,6.8%,5.0%,<a href=https://npb.jp/bis/eng/teams/index_d.html>Chunichi</a>,WL
Matsuda Hiroaki,16,0,2,0,0,0,73,16.0,13,1,11,12,0,1,0,7,6,3.38,5.48,4.94,1.56,118,117,130,-2.10,1.4%,15.1%,16.4%,-1.3%,<a href=https://npb.jp/bis/eng/teams/index_d.html>Chunichi</a>,WL
Matsukihira Yuta,2,0,0,0,0,0,10,2.0,3,0,1,1,0,0,0,2,2,9.00,4.11,4.80,2.00,44,88,126,4.89,0.0%,10.0%,10.0%,0.0%,<a href=https://npb.jp/bis/eng/teams/index_d.html>Chunichi</a>,WL
Mitsuma Takuya,29,4,0,5,0,0,103,26.2,20,1,14,6,0,2,1,13,12,4.05,3.94,4.02,0.98,99,84,106,0.11,1.0%,13.6%,5.8%,7.8%,<a href=https://npb.jp/bis/eng/teams/index_d.html>Chunichi</a>,WL
Mori Hiroto,25,2,2,0,0,0,160,41.0,33,1,37,10,0,3,0,11,10,2.20,3.07,3.11,1.05,182,66,82,-0.87,0.6%,23.1%,6.2%,16.9%,<a href=https://npb.jp/bis/eng/teams/index_d.html>Chunichi</a>,WL
Ohno Yudai,1,1,0,0,0,0,17,5.0,2,0,4,0,0,0,0,0,0,0.00,2.01,2.45,0.40,999,43,64,-2.01,0.0%,23.5%,0.0%,23.5%,<a href=https://npb.jp/bis/eng/teams/index_d.html>Chunichi</a>,WL
Okada Toshiya,22,0,1,0,0,0,75,18.0,17,0,16,1,0,1,1,5,5,2.50,2.16,2.80,1.00,160,46,74,0.34,0.0%,21.3%,1.3%,20.0%,<a href=https://npb.jp/bis/eng/teams/index_d.html>Chunichi</a>,WL
Okano Yuichiro,19,5,6,1,0,0,360,91.2,87,10,66,12,0,4,2,35,32,3.14,4.11,3.30,1.08,127,88,87,-0.97,2.8%,18.3%,3.3%,15.0%,<a href=https://npb.jp/bis/eng/teams/index_d.html>Chunichi</a>,WL
Rodriguez Yariel,7,2,1,0,1,1,129,33.0,19,2,40,11,0,2,2,8,6,1.64,3.15,2.55,0.91,243,68,67,-1.51,1.6%,31.0%,8.5%,22.5%,<a href=https://npb.jp/bis/eng/teams/index_d.html>Chunichi</a>,WL
Rosario Randy,15,1,2,0,0,0,73,13.1,17,2,15,16,0,0,3,13,9,6.08,6.91,4.94,2.48,66,148,130,-0.83,2.7%,20.5%,21.9%,-1.4%,<a href=https://npb.jp/bis/eng/teams/index_d.html>Chunichi</a>,WL
Satoh Yu,27,1,1,2,0,0,101,26.2,19,0,18,5,0,1,0,6,4,1.35,2.93,3.51,0.90,296,63,92,-1.58,0.0%,17.8%,5.0%,12.8%,<a href=https://npb.jp/bis/eng/teams/index_d.html>Chunichi</a>,WL
Shimizu Tatsuya,15,4,3,1,0,0,249,61.2,52,3,46,19,0,2,5,22,19,2.77,3.77,3.72,1.15,144,81,98,-1.00,1.2%,18.5%,7.6%,10.9%,<a href=https://npb.jp/bis/eng/teams/index_d.html>Chunichi</a>,WL
Suzuki Hiroshi,26,0,0,0,0,0,85,20.2,22,0,15,4,0,0,0,6,6,2.61,2.74,3.51,1.26,153,59,92,-0.13,0.0%,17.6%,4.7%,12.9%,<a href=https://npb.jp/bis/eng/teams/index_d.html>Chunichi</a>,WL
Tajima Shinji,19,1,1,1,0,0,69,18.1,11,0,14,3,0,0,1,3,2,0.98,2.57,3.21,0.76,407,55,84,-1.59,0.0%,20.3%,4.3%,16.0%,<a href=https://npb.jp/bis/eng/teams/index_d.html>Chunichi</a>,WL
Takahashi Hiroto,14,0,5,0,0,0,162,34.2,51,1,23,10,0,2,2,31,27,7.01,3.69,4.00,1.76,57,79,105,3.32,0.6%,14.2%,6.2%,8.0%,<a href=https://npb.jp/bis/eng/teams/index_d.html>Chunichi</a>,WL
Tanimoto Keisuke,1,0,0,0,0,0,3,1.0,0,0,1,0,0,0,0,0,0,0.00,1.61,1.47,0.00,999,35,39,-1.61,0.0%,33.3%,0.0%,33.3%,<a href=https://npb.jp/bis/eng/teams/index_d.html>Chunichi</a>,WL
Ueda Kotaro,12,1,0,0,0,0,42,11.1,6,0,7,2,0,1,0,1,1,0.79,3.16,3.61,0.71,505,68,95,-2.37,0.0%,16.7%,4.8%,11.9%,<a href=https://npb.jp/bis/eng/teams/index_d.html>Chunichi</a>,WL
Umetsu Kodai,9,2,3,0,0,0,135,33.1,26,0,35,11,0,3,3,6,5,1.35,2.77,3.02,1.11,296,59,79,-1.42,0.0%,25.9%,8.1%,17.8%,<a href=https://npb.jp/bis/eng/teams/index_d.html>Chunichi</a>,WL
Yamai Daisuke,19,7,5,0,0,0,339,80.0,82,10,45,25,0,4,3,40,35,3.94,5.19,4.21,1.34,101,111,111,-1.25,2.9%,13.3%,7.4%,5.9%,<a href=https://npb.jp/bis/eng/teams/index_d.html>Chunichi</a>,WL
Yamamoto Takumi,16,2,5,0,0,0,251,55.2,72,4,34,14,0,3,2,31,26,4.20,4.23,4.00,1.54,95,91,105,-0.03,1.6%,13.5%,5.6%,7.9%,<a href=https://npb.jp/bis/eng/teams/index_d.html>Chunichi</a>,WL
Abe Shota,10,1,1,0,0,0,65,15.0,17,2,16,3,0,1,2,7,4,2.40,4.01,2.80,1.33,150,96,74,-1.61,3.1%,24.6%,4.6%,20.0%,<a href=https://npb.jp/bis/eng/teams/index_b.html>ORIX</a>,WL
Aranishi Yudai,24,0,1,0,0,0,108,26.1,31,0,17,3,0,0,0,7,7,2.39,2.66,3.50,1.29,150,63,92,-0.27,0.0%,15.7%,2.8%,12.9%,<a href=https://npb.jp/bis/eng/teams/index_b.html>ORIX</a>,WL
Azuma Kohei,18,5,9,1,0,0,387,88.1,98,4,80,33,0,2,4,48,39,3.97,3.57,3.59,1.48,90,85,94,0.40,1.0%,20.7%,8.5%,12.2%,<a href=https://npb.jp/bis/eng/teams/index_b.html>ORIX</a>,WL
Cho Yaku,31,4,5,6,0,0,287,67.0,68,2,60,21,0,2,4,26,22,2.96,3.23,3.44,1.33,121,77,91,-0.27,0.7%,20.9%,7.3%,13.6%,<a href=https://npb.jp/bis/eng/teams/index_b.html>ORIX</a>,WL
Higa Motoki,7,0,1,2,0,0,25,6.0,7,1,5,1,0,0,0,3,3,4.50,4.61,3.20,1.33,80,110,84,-0.11,4.0%,20.0%,4.0%,16.0%,<a href=https://npb.jp/bis/eng/teams/index_b.html>ORIX</a>,WL
Higgins Tyler,6,0,0,3,0,0,21,5.2,4,1,6,1,0,0,0,1,1,1.59,4.31,2.42,0.88,226,103,64,-2.72,4.8%,28.6%,4.8%,23.8%,<a href=https://npb.jp/bis/eng/teams/index_b.html>ORIX</a>,WL
Hirano Yoshihisa,3,0,0,0,0,0,10,3.0,0,0,2,2,0,0,0,0,0,0.00,4.27,4.80,0.67,999,102,126,-4.27,0.0%,20.0%,20.0%,0.0%,<a href=https://npb.jp/bis/eng/teams/index_b.html>ORIX</a>,WL
Honda Hitomi,18,2,10,0,1,1,389,90.2,87,9,92,30,0,2,5,55,51,5.06,3.93,3.21,1.29,71,94,84,1.13,2.3%,23.7%,7.7%,16.0%,<a href=https://npb.jp/bis/eng/teams/index_b.html>ORIX</a>,WL
Iida Yuya,26,0,0,0,0,0,120,27.1,21,1,31,19,0,0,1,12,8,2.63,3.90,3.80,1.46,136,93,100,-1.27,0.8%,25.8%,15.8%,10.0%,<a href=https://npb.jp/bis/eng/teams/index_b.html>ORIX</a>,WL
Kaida Tomoyuki,27,1,2,0,0,0,94,21.1,24,1,15,5,0,0,0,11,7,2.95,3.51,3.74,1.36,122,84,98,-0.56,1.1%,16.0%,5.3%,10.7%,<a href=https://npb.jp/bis/eng/teams/index_b.html>ORIX</a>,WL
Kambe Fumiya,19,0,0,0,0,0,82,17.2,22,2,12,5,0,0,0,13,7,3.57,4.57,3.95,1.53,101,109,104,-1.00,2.4%,14.6%,6.1%,8.5%,<a href=https://npb.jp/bis/eng/teams/index_b.html>ORIX</a>,WL
Kaneda Kazuyuki,29,2,3,0,0,0,131,28.2,30,1,30,15,1,0,4,17,9,2.83,3.54,3.65,1.57,127,84,96,-0.71,0.8%,22.9%,11.5%,11.4%,<a href=https://npb.jp/bis/eng/teams/index_b.html>ORIX</a>,WL
Kawase Kento,2,0,0,0,0,0,17,4.0,3,1,3,3,0,0,1,3,3,6.75,7.61,4.80,1.50,53,181,126,-0.86,5.9%,17.6%,17.6%,0.0%,<a href=https://npb.jp/bis/eng/teams/index_b.html>ORIX</a>,WL
Kuroki Yuta,17,1,0,2,0,0,79,16.0,22,1,15,6,0,1,2,11,11,6.19,3.86,3.66,1.75,58,92,96,2.33,1.3%,19.0%,7.6%,11.4%,<a href=https://npb.jp/bis/eng/teams/index_b.html>ORIX</a>,WL
Mae Yuito,7,0,1,0,0,0,47,11.0,10,0,7,6,0,0,0,6,4,3.27,3.97,4.59,1.45,110,95,121,-0.70,0.0%,14.9%,12.8%,2.1%,<a href=https://npb.jp/bis/eng/teams/index_b.html>ORIX</a>,WL
Masui Hirotoshi,8,4,3,0,0,0,148,36.0,36,3,34,9,0,1,0,18,17,4.25,3.63,3.11,1.25,84,87,82,0.62,2.0%,23.0%,6.1%,16.9%,<a href=https://npb.jp/bis/eng/teams/index_b.html>ORIX</a>,WL
Matsuyama Masayuki,7,2,0,0,0,0,30,8.0,4,0,3,4,0,1,0,0,0,0.00,4.73,5.13,1.00,999,113,135,-4.73,0.0%,10.0%,13.3%,-3.3%,<a href=https://npb.jp/bis/eng/teams/index_b.html>ORIX</a>,WL
Miyagi Hiroya,1,0,1,0,0,0,17,4.0,4,0,4,1,0,0,0,3,3,6.75,2.36,3.04,1.25,53,56,80,4.39,0.0%,23.5%,5.9%,17.6%,<a href=https://npb.jp/bis/eng/teams/index_b.html>ORIX</a>,WL
Muranishi Ryota,16,1,0,0,0,0,56,16.0,2,0,12,8,0,1,0,0,0,0.00,3.79,4.09,0.62,999,90,108,-3.79,0.0%,21.4%,14.3%,7.1%,<a href=https://npb.jp/bis/eng/teams/index_b.html>ORIX</a>,WL
Nakagawa Hayate,41,2,2,1,0,0,153,40.0,23,2,48,9,1,1,0,10,5,1.13,2.61,2.25,0.80,318,62,59,-1.48,1.3%,31.4%,5.9%,25.5%,<a href=https://npb.jp/bis/eng/teams/index_b.html>ORIX</a>,WL
Nakata Yuito,10,0,0,3,0,0,43,7.2,13,0,6,8,0,0,1,11,9,10.57,5.17,5.27,2.74,34,123,139,5.40,0.0%,14.0%,18.6%,-4.6%,<a href=https://npb.jp/bis/eng/teams/index_b.html>ORIX</a>,WL
Nohmi Atsushi,1,0,1,0,0,0,26,5.0,10,0,3,2,0,0,0,4,4,7.20,3.61,4.42,2.40,50,86,116,3.59,0.0%,11.5%,7.7%,3.8%,<a href=https://npb.jp/bis/eng/teams/index_b.html>ORIX</a>,WL
Saitoh Koki,49,1,1,1,0,0,159,42.2,25,3,57,11,0,3,2,7,7,1.48,2.83,1.91,0.84,242,67,50,-1.35,1.9%,35.8%,6.9%,28.9%,<a href=https://npb.jp/bis/eng/teams/index_b.html>ORIX</a>,WL
Sakakibara Tsubasa,14,4,1,0,0,0,206,47.1,45,3,31,21,0,0,3,34,33,6.27,4.45,4.31,1.39,57,106,113,1.82,1.5%,15.0%,10.2%,4.8%,<a href=https://npb.jp/bis/eng/teams/index_b.html>ORIX</a>,WL
Satoh Kazuma,4,0,3,0,0,0,63,13.2,14,2,6,10,0,1,2,12,5,3.29,7.05,5.43,1.76,109,168,143,-3.76,3.2%,9.5%,15.9%,-6.4%,<a href=https://npb.jp/bis/eng/teams/index_b.html>ORIX</a>,WL
Sawada Keisuke,10,0,0,1,0,0,36,10.0,7,0,9,1,0,0,0,1,1,0.90,2.11,2.58,0.80,399,50,68,-1.21,0.0%,25.0%,2.8%,22.2%,<a href=https://npb.jp/bis/eng/teams/index_b.html>ORIX</a>,WL
Sparkman Glenn,2,0,2,0,0,0,28,5.0,9,1,5,4,0,0,2,7,7,12.60,6.61,4.44,2.60,28,158,117,5.99,3.6%,17.9%,14.3%,3.6%,<a href=https://npb.jp/bis/eng/teams/index_b.html>ORIX</a>,WL
Suzuki Kohei,10,0,1,1,0,0,41,10.0,8,1,7,4,0,0,0,2,2,1.80,4.71,4.07,1.20,199,112,107,-2.91,2.4%,17.1%,9.8%,7.3%,<a href=https://npb.jp/bis/eng/teams/index_b.html>ORIX</a>,WL
Suzuki Yu,25,0,1,0,0,0,135,31.0,30,3,16,13,0,3,5,15,11,3.19,5.38,4.58,1.39,112,128,121,-2.19,2.2%,11.9%,9.6%,2.3%,<a href=https://npb.jp/bis/eng/teams/index_b.html>ORIX</a>,WL
Takeyasu Daichi,9,1,2,0,0,0,196,44.1,52,3,29,17,0,2,2,19,15,3.05,4.46,4.19,1.56,118,106,110,-1.41,1.5%,14.8%,8.7%,6.1%,<a href=https://npb.jp/bis/eng/teams/index_b.html>ORIX</a>,WL
Tomiyama Ryoga,5,0,2,0,0,0,20,4.2,4,1,6,0,0,0,0,3,2,3.86,3.82,1.80,0.86,93,91,47,0.04,5.0%,30.0%,0.0%,30.0%,<a href=https://npb.jp/bis/eng/teams/index_b.html>ORIX</a>,WL
Udagawa Yuki,1,0,0,0,0,0,6,0.2,2,0,1,2,0,0,0,1,1,13.50,9.61,6.47,6.00,27,229,170,3.89,0.0%,16.7%,33.3%,-16.6%,<a href=https://npb.jp/bis/eng/teams/index_b.html>ORIX</a>,WL
Urushihara Taisei,8,0,0,1,0,0,39,8.2,6,1,6,5,0,1,1,5,5,5.19,5.80,4.54,1.27,69,138,119,-0.61,2.6%,15.4%,12.8%,2.6%,<a href=https://npb.jp/bis/eng/teams/index_b.html>ORIX</a>,WL
Vargas Cesar,1,0,0,0,0,0,13,3.2,2,0,7,0,0,0,0,0,0,0.00,-0.21,-0.58,0.55,999,-5,-15,0.21,0.0%,53.8%,0.0%,53.8%,<a href=https://npb.jp/bis/eng/teams/index_b.html>ORIX</a>,WL
Yamada Nobuyoshi,5,0,1,0,0,0,19,4.1,5,0,6,2,1,0,1,3,3,6.23,2.22,2.69,1.62,58,53,71,4.01,0.0%,31.6%,10.5%,21.1%,<a href=https://npb.jp/bis/eng/teams/index_b.html>ORIX</a>,WL
Yamaoka Taisuke,5,0,0,0,0,0,24,5.0,5,0,4,3,0,0,0,2,2,3.60,3.81,4.38,1.60,100,91,115,-0.21,0.0%,16.7%,12.5%,4.2%,<a href=https://npb.jp/bis/eng/teams/index_b.html>ORIX</a>,WL
Yamasaki Sachiya,4,2,0,0,0,0,97,24.0,22,0,17,4,0,0,1,8,8,3.00,2.69,3.46,1.08,120,64,91,0.31,0.0%,17.5%,4.1%,13.4%,<a href=https://npb.jp/bis/eng/teams/index_b.html>ORIX</a>,WL
Yamashita Shunpeita,18,2,9,0,0,0,317,65.2,79,6,48,45,0,2,6,53,40,5.48,5.48,4.71,1.89,65,131,124,0.00,1.9%,15.1%,14.2%,0.9%,<a href=https://npb.jp/bis/eng/teams/index_b.html>ORIX</a>,WL
Yamazaki Soichiro,13,1,5,0,0,0,265,59.1,63,7,57,23,0,1,6,33,22,3.34,4.43,3.52,1.45,107,106,93,-1.09,2.6%,21.5%,8.7%,12.8%,<a href=https://npb.jp/bis/eng/teams/index_b.html>ORIX</a>,WL
Yoshida Kazumasa,24,0,2,0,0,0,104,22.1,29,2,26,10,0,0,5,19,19,7.66,3.79,3.26,1.75,47,90,86,3.87,1.9%,25.0%,9.6%,15.4%,<a href=https://npb.jp/bis/eng/teams/index_b.html>ORIX</a>,WL
Yoshida Ryo,17,1,1,1,0,0,64,14.2,15,1,24,8,0,0,1,9,9,5.52,2.86,2.30,1.57,65,68,61,2.66,1.6%,37.5%,12.5%,25.0%,<a href=https://npb.jp/bis/eng/teams/index_b.html>ORIX</a>,WL
Acosta Jose,13,0,3,0,0,0,129,27.1,30,3,21,17,0,1,1,20,18,5.93,5.47,4.49,1.72,63,125,118,0.46,2.3%,16.3%,13.2%,3.1%,<a href=https://npb.jp/bis/eng/teams/index_m.html>Lotte</a>,EL
Ariyoshi Yuki,8,3,2,0,0,0,128,31.0,34,1,6,2,0,0,0,14,13,3.77,3.83,4.49,1.16,99,88,118,-0.06,0.8%,4.7%,1.6%,3.1%,<a href=https://npb.jp/bis/eng/teams/index_m.html>Lotte</a>,EL
Azuma Yusuke,19,2,1,0,0,0,110,26.0,20,0,25,12,0,1,3,9,8,2.77,3.18,3.62,1.23,135,73,95,-0.41,0.0%,22.7%,10.9%,11.8%,<a href=https://npb.jp/bis/eng/teams/index_m.html>Lotte</a>,EL
Dohi Seiya,14,4,2,0,0,0,228,52.1,57,9,37,18,0,1,4,31,31,5.33,5.52,3.97,1.43,70,126,104,-0.19,3.9%,16.2%,7.9%,8.3%,<a href=https://npb.jp/bis/eng/teams/index_m.html>Lotte</a>,EL
Doi Hideto,21,1,1,2,0,0,81,21.0,18,1,17,6,0,0,1,7,6,2.57,3.46,3.44,1.14,145,79,91,-0.89,1.2%,21.0%,7.4%,13.6%,<a href=https://npb.jp/bis/eng/teams/index_m.html>Lotte</a>,EL
Flores Jose,24,2,0,0,0,0,132,35.0,24,0,37,11,0,0,1,8,7,1.80,2.43,2.83,1.00,208,56,74,-0.63,0.0%,28.0%,8.3%,19.7%,<a href=https://npb.jp/bis/eng/teams/index_m.html>Lotte</a>,EL
Furuya Takuro,9,0,1,0,0,0,51,11.1,10,0,11,8,0,1,0,5,5,3.97,4.05,4.21,1.59,94,93,111,-0.08,0.0%,21.6%,15.7%,5.9%,<a href=https://npb.jp/bis/eng/teams/index_m.html>Lotte</a>,EL
Hara Shu,20,0,1,1,0,0,99,20.2,23,3,12,13,1,0,3,13,11,4.79,6.22,4.90,1.74,78,142,129,-1.43,3.0%,12.1%,13.1%,-1.0%,<a href=https://npb.jp/bis/eng/teams/index_m.html>Lotte</a>,EL
Herrmann Frank,1,0,0,0,0,0,3,1.0,0,0,3,0,0,0,0,0,0,0.00,-2.39,-5.20,0.00,999,-55,-137,2.39,0.0%,100.0%,0.0%,100.0%,<a href=https://npb.jp/bis/eng/teams/index_m.html>Lotte</a>,EL
Ishikawa Ayumu,6,1,2,0,0,0,83,19.1,20,0,12,4,0,0,0,13,11,5.12,2.99,3.84,1.24,73,68,101,2.13,0.0%,14.5%,4.8%,9.7%,<a href=https://npb.jp/bis/eng/teams/index_m.html>Lotte</a>,EL
Ishizaki Tsuyoshi,26,3,0,0,0,0,123,30.1,15,2,44,17,0,0,0,5,4,1.19,3.24,2.60,1.05,314,74,68,-2.05,1.6%,35.8%,13.8%,22.0%,<a href=https://npb.jp/bis/eng/teams/index_m.html>Lotte</a>,EL
Iwashita Daiki,2,0,0,0,0,0,55,12.0,16,2,10,5,0,0,2,6,6,4.50,5.36,3.89,1.75,83,123,102,-0.86,3.6%,18.2%,9.1%,9.1%,<a href=https://npb.jp/bis/eng/teams/index_m.html>Lotte</a>,EL
Karakawa Yuki,2,0,0,0,0,0,8,2.0,2,0,3,0,0,0,0,0,0,0.00,0.61,1.05,1.00,999,14,28,-0.61,0.0%,37.5%,0.0%,37.5%,<a href=https://npb.jp/bis/eng/teams/index_m.html>Lotte</a>,EL
Kawamura Tokito,10,2,1,0,0,0,179,44.0,34,4,44,14,0,1,1,10,8,1.64,3.81,3.12,1.09,228,87,82,-2.17,2.2%,24.6%,7.8%,16.8%,<a href=https://npb.jp/bis/eng/teams/index_m.html>Lotte</a>,EL
Kuniyoshi Yuki,3,0,0,0,0,0,14,3.0,4,2,2,1,0,0,1,2,2,6.00,11.94,4.09,1.67,62,274,108,-5.94,14.3%,14.3%,7.1%,7.2%,<a href=https://npb.jp/bis/eng/teams/index_m.html>Lotte</a>,EL
Mima Manabu,1,0,0,0,0,0,6,2.0,1,0,1,0,0,0,0,0,0,0.00,2.61,3.13,0.50,999,60,82,-2.61,0.0%,16.7%,0.0%,16.7%,<a href=https://npb.jp/bis/eng/teams/index_m.html>Lotte</a>,EL
Minami Masaki,31,1,1,0,0,0,126,32.2,27,4,22,5,0,0,0,13,10,2.76,4.31,3.45,0.98,135,99,91,-1.55,3.2%,17.5%,4.0%,13.5%,<a href=https://npb.jp/bis/eng/teams/index_m.html>Lotte</a>,EL
Mori Ryotaro,20,10,5,0,1,1,486,115.1,101,12,87,43,0,2,3,45,41,3.20,4.62,3.89,1.25,117,106,102,-1.42,2.5%,17.9%,8.8%,9.1%,<a href=https://npb.jp/bis/eng/teams/index_m.html>Lotte</a>,EL
Motomae Fumiya,16,5,6,0,0,0,329,79.0,81,6,55,23,0,2,3,34,31,3.53,4.15,3.83,1.32,106,95,101,-0.62,1.8%,16.7%,7.0%,9.7%,<a href=https://npb.jp/bis/eng/teams/index_m.html>Lotte</a>,EL
Nagano Shoji,10,2,0,0,0,0,46,10.0,13,1,10,4,0,0,0,10,9,8.10,4.11,3.50,1.70,46,94,92,3.99,2.2%,21.7%,8.7%,13.0%,<a href=https://npb.jp/bis/eng/teams/index_m.html>Lotte</a>,EL
Nakamura Toshiya,10,4,2,0,0,0,183,47.0,33,7,40,10,0,1,4,14,14,2.68,4.54,3.16,0.91,139,104,83,-1.86,3.8%,21.9%,5.5%,16.4%,<a href=https://npb.jp/bis/eng/teams/index_m.html>Lotte</a>,EL
Narita Kakeru,36,3,1,1,0,0,127,29.2,18,0,23,16,0,4,1,9,6,1.82,4.08,4.25,1.15,205,93,112,-2.26,0.0%,18.1%,12.6%,5.5%,<a href=https://npb.jp/bis/eng/teams/index_m.html>Lotte</a>,EL
Ohmine Yuta,23,1,2,0,0,0,155,34.2,34,1,18,21,0,2,2,17,14,3.63,4.93,4.99,1.59,103,113,131,-1.30,0.6%,11.6%,13.5%,-1.9%,<a href=https://npb.jp/bis/eng/teams/index_m.html>Lotte</a>,EL
Ojima Kazuya,3,0,1,0,0,0,58,14.2,13,0,12,3,0,0,0,5,4,2.45,2.58,3.25,1.09,152,59,86,-0.13,0.0%,20.7%,5.2%,15.5%,<a href=https://npb.jp/bis/eng/teams/index_m.html>Lotte</a>,EL
Ono Fumiya,2,0,0,0,0,0,7,2.0,1,0,2,0,0,0,0,0,0,0.00,1.61,1.94,0.50,999,37,51,-1.61,0.0%,28.6%,0.0%,28.6%,<a href=https://npb.jp/bis/eng/teams/index_m.html>Lotte</a>,EL
Onuma Kenta,34,0,2,18,0,0,152,34.2,37,4,20,10,0,1,0,14,11,2.86,4.90,4.14,1.36,131,112,109,-2.04,2.6%,13.2%,6.6%,6.6%,<a href=https://npb.jp/bis/eng/teams/index_m.html>Lotte</a>,EL
Romero Enny,1,0,0,0,0,0,16,4.0,3,0,8,1,0,0,0,1,1,2.25,0.36,0.42,1.00,166,8,11,1.89,0.0%,50.0%,6.2%,43.8%,<a href=https://npb.jp/bis/eng/teams/index_m.html>Lotte</a>,EL
Sasaki Roki,5,1,0,0,0,0,76,20.0,10,1,19,3,0,2,0,3,1,0.45,3.11,2.69,0.65,830,71,71,-2.66,1.3%,25.0%,3.9%,21.1%,<a href=https://npb.jp/bis/eng/teams/index_m.html>Lotte</a>,EL
Sato Shoma,17,7,5,0,2,2,372,87.1,83,10,58,40,0,1,3,36,34,3.50,5.17,4.32,1.41,107,118,114,-1.67,2.7%,15.6%,10.8%,4.8%,<a href=https://npb.jp/bis/eng/teams/index_m.html>Lotte</a>,EL
Suzuki Shota,3,2,1,0,0,0,51,13.0,12,2,8,3,0,0,0,5,5,3.46,5.07,3.82,1.15,108,116,101,-1.61,3.9%,15.7%,5.9%,9.8%,<a href=https://npb.jp/bis/eng/teams/index_m.html>Lotte</a>,EL
Tanaka Yasuhiro,2,0,0,0,0,0,8,2.0,2,0,0,0,0,0,1,1,1,4.50,3.61,4.80,1.00,83,83,126,0.89,0.0%,0.0%,0.0%,0.0%,<a href=https://npb.jp/bis/eng/teams/index_m.html>Lotte</a>,EL
Tojo Taiki,37,2,1,0,0,0,138,34.1,26,2,30,9,0,1,0,7,6,1.57,3.49,3.28,1.02,238,80,86,-1.92,1.4%,21.7%,6.5%,15.2%,<a href=https://npb.jp/bis/eng/teams/index_m.html>Lotte</a>,EL
Yamamoto Daiki,34,3,1,1,0,0,179,41.2,39,1,35,20,0,1,1,13,13,2.81,3.75,3.96,1.42,133,86,104,-0.94,0.6%,19.6%,11.2%,8.4%,<a href=https://npb.jp/bis/eng/teams/index_m.html>Lotte</a>,EL
Yokoyama Rikuto,17,1,0,1,0,0,75,18.1,11,2,22,8,0,0,1,3,3,1.47,3.93,2.93,1.04,254,90,77,-2.46,2.7%,29.3%,10.7%,18.6%,<a href=https://npb.jp/bis/eng/teams/index_m.html>Lotte</a>,EL
Bandoh Yugo,10,1,0,0,0,0,63,15.0,14,0,15,3,0,1,1,6,6,3.60,2.41,2.90,1.13,103,55,76,1.19,0.0%,23.8%,4.8%,19.0%,<a href=https://npb.jp/bis/eng/teams/index_h.html>SoftBank</a>,WL
Furuya Yuto,10,1,1,1,0,0,49,12.2,8,1,13,7,0,0,0,5,5,3.55,4.24,3.58,1.18,105,98,94,-0.69,2.0%,26.5%,14.3%,12.2%,<a href=https://npb.jp/bis/eng/teams/index_h.html>SoftBank</a>,WL
Higashihama Nao,8,2,2,0,0,0,155,38.1,31,6,39,8,0,2,1,16,13,3.05,4.39,2.80,1.02,122,101,74,-1.34,3.9%,25.2%,5.2%,20.0%,<a href=https://npb.jp/bis/eng/teams/index_h.html>SoftBank</a>,WL
Ishikawa Shuta,1,0,0,0,0,0,15,4.0,2,0,5,1,0,0,0,1,1,2.25,1.86,2.13,0.75,165,43,56,0.39,0.0%,33.3%,6.7%,26.6%,<a href=https://npb.jp/bis/eng/teams/index_h.html>SoftBank</a>,WL
Iwasaki Sho,1,1,0,0,0,0,5,1.0,1,0,1,1,0,0,0,0,0,0.00,4.61,4.80,2.00,999,106,126,-4.61,0.0%,20.0%,20.0%,0.0%,<a href=https://npb.jp/bis/eng/teams/index_h.html>SoftBank</a>,WL
Izumi Keisuke,24,2,1,1,0,0,115,24.2,30,1,24,14,0,0,2,12,8,2.92,3.89,3.93,1.78,127,90,103,-0.97,0.9%,20.9%,12.2%,8.7%,<a href=https://npb.jp/bis/eng/teams/index_h.html>SoftBank</a>,WL
Kaino Hiroshi,13,1,1,1,0,0,53,13.0,13,2,15,5,0,1,0,6,5,3.46,4.68,2.91,1.38,107,108,77,-1.22,3.8%,28.3%,9.4%,18.9%,<a href=https://npb.jp/bis/eng/teams/index_h.html>SoftBank</a>,WL
Kasaya Shunsuke,9,6,2,0,2,2,180,48.0,28,2,57,11,0,3,3,8,8,1.50,2.65,2.24,0.81,248,61,59,-1.15,1.1%,31.7%,6.1%,25.6%,<a href=https://npb.jp/bis/eng/teams/index_h.html>SoftBank</a>,WL
Kawahara Hiroyuki,29,3,1,4,0,0,136,30.0,29,3,17,17,0,1,5,20,17,5.10,5.57,4.80,1.53,73,128,126,-0.47,2.2%,12.5%,12.5%,0.0%,<a href=https://npb.jp/bis/eng/teams/index_h.html>SoftBank</a>,WL
Kayama Shinya,2,0,0,0,0,0,6,2.0,0,0,3,0,0,0,0,0,0,0.00,0.61,-0.20,0.00,999,14,-5,-0.61,0.0%,50.0%,0.0%,50.0%,<a href=https://npb.jp/bis/eng/teams/index_h.html>SoftBank</a>,WL
Martinez Nick,2,1,1,0,0,0,35,9.0,7,0,8,1,0,0,0,2,2,2.00,2.16,2.80,0.89,186,50,74,-0.16,0.0%,22.9%,2.9%,20.0%,<a href=https://npb.jp/bis/eng/teams/index_h.html>SoftBank</a>,WL
Matsumoto Yuki,6,0,0,0,0,0,57,13.1,13,1,16,5,0,0,0,3,3,2.03,3.31,2.87,1.35,183,76,76,-1.28,1.8%,28.1%,8.8%,19.3%,<a href=https://npb.jp/bis/eng/teams/index_h.html>SoftBank</a>,WL
Moinelo Livan,5,1,0,0,0,0,17,5.0,1,0,10,1,0,0,1,0,0,0.00,0.21,-0.49,0.40,999,5,-13,-0.21,0.0%,58.8%,5.9%,52.9%,<a href=https://npb.jp/bis/eng/teams/index_h.html>SoftBank</a>,WL
Mori Yuito,4,0,0,0,0,0,14,4.0,2,0,2,0,0,0,0,0,0,0.00,2.61,3.37,0.50,999,60,89,-2.61,0.0%,14.3%,0.0%,14.3%,<a href=https://npb.jp/bis/eng/teams/index_h.html>SoftBank</a>,WL
Nakamichi Yuya,2,0,0,0,0,0,7,2.0,1,0,2,1,0,0,0,0,0,0.00,3.11,3.37,1.00,999,72,89,-3.11,0.0%,28.6%,14.3%,14.3%,<a href=https://npb.jp/bis/eng/teams/index_h.html>SoftBank</a>,WL
Nakamura Ryota,7,0,0,0,0,0,38,8.1,10,0,5,4,0,0,1,5,5,5.40,3.85,4.54,1.68,69,89,119,1.55,0.0%,13.2%,10.5%,2.7%,<a href=https://npb.jp/bis/eng/teams/index_h.html>SoftBank</a>,WL
Niho Akira,11,4,1,0,1,0,244,63.0,51,3,46,13,0,0,4,18,18,2.57,3.38,3.45,1.02,145,78,91,-0.81,1.2%,18.9%,5.3%,13.6%,<a href=https://npb.jp/bis/eng/teams/index_h.html>SoftBank</a>,WL
Ogata Shuto,20,3,5,1,0,0,209,51.2,41,1,34,19,0,1,3,16,15,2.61,3.70,4.08,1.16,142,85,107,-1.09,0.5%,16.3%,9.1%,7.2%,<a href=https://npb.jp/bis/eng/teams/index_h.html>SoftBank</a>,WL
Ohtake Koutaro,20,8,3,1,1,0,382,90.2,98,4,79,17,0,2,3,40,33,3.28,3.07,3.18,1.27,113,71,84,0.21,1.0%,20.7%,4.5%,16.2%,<a href=https://npb.jp/bis/eng/teams/index_h.html>SoftBank</a>,WL
Ohzeki Tomohisa,26,6,1,3,1,1,205,53.2,30,1,54,14,0,1,1,8,7,1.17,2.67,2.85,0.82,318,61,75,-1.50,0.5%,26.3%,6.8%,19.5%,<a href=https://npb.jp/bis/eng/teams/index_h.html>SoftBank</a>,WL
Okumura Masato,36,4,2,4,0,0,290,70.0,53,2,76,29,0,3,3,25,18,2.31,3.18,3.18,1.17,161,73,84,-0.87,0.7%,26.2%,10.0%,16.2%,<a href=https://npb.jp/bis/eng/teams/index_h.html>SoftBank</a>,WL
Rea Colin,2,0,2,0,0,0,37,8.0,11,0,8,4,0,0,0,6,6,6.75,3.11,3.72,1.88,55,72,98,3.64,0.0%,21.6%,10.8%,10.8%,<a href=https://npb.jp/bis/eng/teams/index_h.html>SoftBank</a>,WL
Rodriguez Andy,4,1,0,0,0,0,18,4.0,4,0,4,3,0,1,0,1,1,2.25,4.61,4.24,1.75,165,106,112,-2.36,0.0%,22.2%,16.7%,5.5%,<a href=https://npb.jp/bis/eng/teams/index_h.html>SoftBank</a>,WL
Senga Koudai,5,0,1,0,0,0,107,26.2,21,0,26,9,0,0,2,10,8,2.70,2.67,3.21,1.13,138,61,84,0.03,0.0%,24.3%,8.4%,15.9%,<a href=https://npb.jp/bis/eng/teams/index_h.html>SoftBank</a>,WL
Shigeta Tomoaki,9,2,4,0,2,1,167,40.0,33,2,31,15,0,4,1,16,15,3.38,4.13,3.84,1.20,110,95,101,-0.75,1.2%,18.6%,9.0%,9.6%,<a href=https://npb.jp/bis/eng/teams/index_h.html>SoftBank</a>,WL
Shiino Arata,45,1,2,9,0,0,191,46.1,42,1,47,12,0,1,6,18,16,3.11,2.70,2.97,1.17,120,62,78,0.41,0.5%,24.6%,6.3%,18.3%,<a href=https://npb.jp/bis/eng/teams/index_h.html>SoftBank</a>,WL
Stewart Jr. Carter,12,6,1,0,0,0,225,53.2,40,2,55,26,0,0,4,18,11,1.84,3.49,3.51,1.23,202,80,92,-1.65,0.9%,24.4%,11.6%,12.8%,<a href=https://npb.jp/bis/eng/teams/index_h.html>SoftBank</a>,WL
Sugiyama Kazuki,15,5,2,0,1,1,259,64.1,46,2,64,18,0,4,2,13,10,1.40,3.05,3.02,0.99,266,70,79,-1.65,0.8%,24.7%,6.9%,17.8%,<a href=https://npb.jp/bis/eng/teams/index_h.html>SoftBank</a>,WL
Takahashi Jumpei,16,0,2,0,0,0,82,15.1,20,2,12,15,0,1,3,14,10,5.87,6.87,5.17,2.28,63,158,136,-1.00,2.4%,14.6%,18.3%,-3.7%,<a href=https://npb.jp/bis/eng/teams/index_h.html>SoftBank</a>,WL
Takahashi Rei,21,3,1,0,0,0,154,37.2,27,0,27,23,0,1,0,15,12,2.87,4.08,4.54,1.33,130,94,119,-1.21,0.0%,17.5%,14.9%,2.6%,<a href=https://npb.jp/bis/eng/teams/index_h.html>SoftBank</a>,WL
Takeda Shota,7,2,1,0,0,0,136,32.2,28,2,21,14,0,1,0,14,13,3.58,4.49,4.29,1.29,104,103,113,-0.91,1.5%,15.4%,10.3%,5.1%,<a href=https://npb.jp/bis/eng/teams/index_h.html>SoftBank</a>,WL
Tanaka Seigi,16,0,1,2,0,0,70,17.0,10,0,17,9,0,1,0,4,2,1.06,3.37,3.66,1.12,351,78,96,-2.31,0.0%,24.3%,12.9%,11.4%,<a href=https://npb.jp/bis/eng/teams/index_h.html>SoftBank</a>,WL
Tanoue Sota,1,0,0,0,0,0,4,1.0,1,0,1,0,0,0,0,0,0,0.00,1.61,2.30,1.00,999,37,61,-1.61,0.0%,25.0%,0.0%,25.0%,<a href=https://npb.jp/bis/eng/teams/index_h.html>SoftBank</a>,WL
Taura Fumimaru,12,0,2,0,0,0,58,13.2,13,0,9,3,0,3,0,6,6,3.95,3.61,3.77,1.17,94,83,99,0.34,0.0%,15.5%,5.2%,10.3%,<a href=https://npb.jp/bis/eng/teams/index_h.html>SoftBank</a>,WL
Wada Tsuyoshi,1,1,0,0,1,0,20,5.0,6,0,8,0,0,0,0,1,1,1.80,0.41,0.80,1.20,207,9,21,1.39,0.0%,40.0%,0.0%,40.0%,<a href=https://npb.jp/bis/eng/teams/index_h.html>SoftBank</a>,WL
Watanabe Yuta,34,0,0,1,0,0,119,27.0,25,0,34,12,2,2,1,6,5,1.67,2.64,2.95,1.37,223,61,78,-0.97,0.0%,28.6%,10.1%,18.5%,<a href=https://npb.jp/bis/eng/teams/index_h.html>SoftBank</a>,WL
Yoshizumi Haruto,3,0,0,0,0,0,16,3.0,5,0,2,2,0,1,0,1,1,3.00,5.27,4.80,2.33,124,121,126,-2.27,0.0%,12.5%,12.5%,0.0%,<a href=https://npb.jp/bis/eng/teams/index_h.html>SoftBank</a>,WL
Anraku Tomohiro,1,0,0,0,0,0,4,1.0,1,0,0,0,0,0,0,0,0,0.00,3.61,4.80,1.00,999,83,126,-3.61,0.0%,0.0%,0.0%,0.0%,<a href=https://npb.jp/bis/eng/teams/index_e.html>Rakuten</a>,EL
Busenitz Alan,9,0,0,1,0,0,37,9.0,7,1,9,3,0,0,1,2,2,2.00,4.05,3.18,1.11,186,93,84,-2.05,2.7%,24.3%,8.1%,16.2%,<a href=https://npb.jp/bis/eng/teams/index_e.html>Rakuten</a>,EL
Fujihira Shoma,18,0,6,0,0,0,165,32.2,30,4,37,33,0,7,5,31,26,7.16,6.61,4.56,1.93,52,152,120,0.55,2.4%,22.4%,20.0%,2.4%,<a href=https://npb.jp/bis/eng/teams/index_e.html>Rakuten</a>,EL
Fujii Masaru,17,4,3,0,1,1,347,81.0,67,1,66,45,0,2,2,33,32,3.56,3.88,4.19,1.38,104,89,110,-0.32,0.3%,19.0%,13.0%,6.0%,<a href=https://npb.jp/bis/eng/teams/index_e.html>Rakuten</a>,EL
Fukui Yuya,15,1,3,0,0,0,121,24.1,37,4,16,8,1,3,1,23,21,7.77,5.78,4.14,1.85,48,133,109,1.99,3.3%,13.2%,6.6%,6.6%,<a href=https://npb.jp/bis/eng/teams/index_e.html>Rakuten</a>,EL
Fukumori Yoma,4,0,0,0,0,0,29,3.0,8,1,1,13,0,1,5,16,16,48.00,21.27,8.94,7.00,8,490,235,26.73,3.4%,3.4%,44.8%,-41.4%,<a href=https://npb.jp/bis/eng/teams/index_e.html>Rakuten</a>,EL
Fukuyama Hiroyuki,1,0,0,0,0,0,5,1.0,2,0,2,0,0,0,0,0,0,0.00,-0.39,0.80,2.00,999,-9,21,0.39,0.0%,40.0%,0.0%,40.0%,<a href=https://npb.jp/bis/eng/teams/index_e.html>Rakuten</a>,EL
Hayakawa Takahisa,1,1,0,0,0,0,22,6.0,4,0,4,1,0,0,0,0,0,0.00,2.77,3.44,0.83,999,64,91,-2.77,0.0%,18.2%,4.5%,13.7%,<a href=https://npb.jp/bis/eng/teams/index_e.html>Rakuten</a>,EL
Ikeda Shun,32,1,2,3,0,0,116,29.2,21,3,33,9,0,0,3,5,5,1.52,3.61,2.73,1.01,245,83,72,-2.09,2.6%,28.4%,7.8%,20.6%,<a href=https://npb.jp/bis/eng/teams/index_e.html>Rakuten</a>,EL
Ishibashi Ryota,8,2,1,0,0,0,186,44.2,41,4,25,17,0,2,0,17,14,2.82,4.93,4.37,1.30,132,114,115,-2.11,2.2%,13.4%,9.1%,4.3%,<a href=https://npb.jp/bis/eng/teams/index_e.html>Rakuten</a>,EL
Ishida Shun,13,0,0,0,0,0,63,11.1,10,1,10,12,0,5,2,17,14,11.12,7.49,5.12,1.94,33,172,135,3.63,1.6%,15.9%,19.0%,-3.1%,<a href=https://npb.jp/bis/eng/teams/index_e.html>Rakuten</a>,EL
Kamata Yoshinao,20,7,6,0,2,1,467,117.2,96,9,79,41,0,3,7,41,37,2.83,4.38,3.99,1.16,131,101,105,-1.55,1.9%,16.9%,8.8%,8.1%,<a href=https://npb.jp/bis/eng/teams/index_e.html>Rakuten</a>,EL
Karashima Wataru,1,0,0,0,0,0,5,1.0,1,0,0,1,0,0,0,0,0,0.00,6.61,6.80,2.00,999,152,179,-6.61,0.0%,0.0%,20.0%,-20.0%,<a href=https://npb.jp/bis/eng/teams/index_e.html>Rakuten</a>,EL
Kishi Takayuki,2,1,0,0,0,0,48,10.2,14,3,8,1,0,0,0,7,7,5.91,6.04,3.34,1.41,63,139,88,-0.13,6.2%,16.7%,2.1%,14.6%,<a href=https://npb.jp/bis/eng/teams/index_e.html>Rakuten</a>,EL
Komine Shinri,9,1,1,0,0,0,88,18.2,16,2,14,17,0,0,2,10,10,4.82,6.23,5.14,1.77,77,143,135,-1.41,2.3%,15.9%,19.3%,-3.4%,<a href=https://npb.jp/bis/eng/teams/index_e.html>Rakuten</a>,EL
Makita Kazuhisa,29,2,1,3,0,0,105,27.2,20,1,26,5,0,0,0,3,1,0.33,2.74,2.80,0.90,1126,63,74,-2.41,1.0%,24.8%,4.8%,20.0%,<a href=https://npb.jp/bis/eng/teams/index_e.html>Rakuten</a>,EL
Mori Yudai,10,0,0,1,0,0,48,13.0,5,0,9,9,0,2,0,2,2,1.38,4.76,4.80,1.08,269,110,126,-3.38,0.0%,18.8%,18.8%,0.0%,<a href=https://npb.jp/bis/eng/teams/index_e.html>Rakuten</a>,EL
Morihara Kohei,17,1,0,2,0,0,67,18.0,10,2,20,2,0,1,0,4,4,2.00,3.33,2.11,0.67,186,77,56,-1.33,3.0%,29.9%,3.0%,26.9%,<a href=https://npb.jp/bis/eng/teams/index_e.html>Rakuten</a>,EL
Nishiguchi Naoto,5,1,0,0,0,0,32,6.2,9,0,7,4,0,0,0,4,4,5.40,3.31,3.86,1.95,69,76,102,2.09,0.0%,21.9%,12.5%,9.4%,<a href=https://npb.jp/bis/eng/teams/index_e.html>Rakuten</a>,EL
Norimoto Takahiro,1,1,0,0,0,0,16,5.0,1,0,3,0,0,0,0,0,0,0.00,2.41,2.92,0.20,999,55,77,-2.41,0.0%,18.8%,0.0%,18.8%,<a href=https://npb.jp/bis/eng/teams/index_e.html>Rakuten</a>,EL
Norimoto Yoshiki,9,0,1,0,0,0,57,13.1,15,0,8,4,0,0,0,6,6,4.05,3.31,4.10,1.43,92,76,108,0.74,0.0%,14.0%,7.0%,7.0%,<a href=https://npb.jp/bis/eng/teams/index_e.html>Rakuten</a>,EL
Satoh Tomoki,9,1,0,0,0,0,47,8.2,11,1,3,10,0,0,1,11,10,10.38,7.88,6.29,2.42,36,181,166,2.50,2.1%,6.4%,21.3%,-14.9%,<a href=https://npb.jp/bis/eng/teams/index_e.html>Rakuten</a>,EL
Shiomi Takahiro,13,3,2,0,0,0,265,62.0,65,13,43,10,0,4,1,35,33,4.79,5.62,3.55,1.21,78,129,93,-0.83,4.9%,16.2%,3.8%,12.4%,<a href=https://npb.jp/bis/eng/teams/index_e.html>Rakuten</a>,EL
Sugahara Shu,16,1,0,0,0,0,112,24.2,23,3,25,18,0,2,3,13,13,4.74,5.59,4.18,1.66,78,129,110,-0.85,2.7%,22.3%,16.1%,6.2%,<a href=https://npb.jp/bis/eng/teams/index_e.html>Rakuten</a>,EL
Suzuki Sora,31,2,0,4,0,0,126,28.0,26,2,37,17,0,1,1,15,15,4.82,3.82,3.21,1.54,77,88,84,1.00,1.6%,29.4%,13.5%,15.9%,<a href=https://npb.jp/bis/eng/teams/index_e.html>Rakuten</a>,EL
Takada Koichi,20,6,10,0,1,0,471,109.1,93,5,95,58,0,1,2,47,39,3.21,4.08,4.01,1.38,116,94,106,-0.87,1.1%,20.2%,12.3%,7.9%,<a href=https://npb.jp/bis/eng/teams/index_e.html>Rakuten</a>,EL
Takata Hosei,38,0,3,3,0,0,153,33.1,35,4,26,21,0,0,2,19,18,4.86,5.50,4.47,1.68,76,127,118,-0.64,2.6%,17.0%,13.7%,3.3%,<a href=https://npb.jp/bis/eng/teams/index_e.html>Rakuten</a>,EL
Takinaka Ryota,4,2,0,0,0,0,93,25.1,14,3,21,5,0,0,0,6,6,2.13,4.08,3.08,0.75,175,94,81,-1.95,3.2%,22.6%,5.4%,17.2%,<a href=https://npb.jp/bis/eng/teams/index_e.html>Rakuten</a>,EL
Teraoka Kanji,33,3,1,0,0,0,108,24.2,26,2,19,11,0,2,3,16,15,5.47,4.70,4.06,1.50,68,108,107,0.77,1.9%,17.6%,10.2%,7.4%,<a href=https://npb.jp/bis/eng/teams/index_e.html>Rakuten</a>,EL
Tsurusaki Taisei,18,3,1,0,0,0,74,16.1,21,3,9,8,0,0,0,13,12,6.61,6.36,4.66,1.78,56,146,123,0.25,4.1%,12.2%,10.8%,1.4%,<a href=https://npb.jp/bis/eng/teams/index_e.html>Rakuten</a>,EL
Uchi Seiryu,2,0,0,0,0,0,8,2.0,1,0,0,2,0,0,0,0,0,0.00,6.61,7.30,1.50,999,152,192,-6.61,0.0%,0.0%,25.0%,-25.0%,<a href=https://npb.jp/bis/eng/teams/index_e.html>Rakuten</a>,EL
Uchima Takuma,26,0,2,6,0,0,105,23.1,18,2,21,16,0,2,3,13,12,4.63,5.23,4.32,1.46,80,120,114,-0.60,1.9%,20.0%,15.2%,4.8%,<a href=https://npb.jp/bis/eng/teams/index_e.html>Rakuten</a>,EL
Wakui Hideaki,5,3,2,0,0,0,113,25.0,32,4,25,8,0,1,1,14,13,4.68,4.77,3.30,1.60,79,110,87,-0.09,3.5%,22.1%,7.1%,15.0%,<a href=https://npb.jp/bis/eng/teams/index_e.html>Rakuten</a>,EL
Wang Yan-Cheng,21,2,3,0,0,0,223,50.2,48,3,43,27,0,5,1,26,19,3.38,4.57,4.08,1.48,110,105,107,-1.19,1.3%,19.3%,12.1%,7.2%,<a href=https://npb.jp/bis/eng/teams/index_e.html>Rakuten</a>,EL
Watanabe Yuki,42,3,2,0,0,0,126,27.1,29,1,30,13,2,5,1,14,14,4.61,3.86,3.45,1.54,81,89,91,0.75,0.8%,23.8%,10.3%,13.5%,<a href=https://npb.jp/bis/eng/teams/index_e.html>Rakuten</a>,EL
Yuge Hayato,16,2,5,0,0,0,318,73.2,72,4,46,27,0,7,3,31,29,3.54,4.45,4.20,1.34,105,102,111,-0.91,1.3%,14.5%,8.5%,6.0%,<a href=https://npb.jp/bis/eng/teams/index_e.html>Rakuten</a>,EL
Akagami Yuto,12,1,2,0,0,0,57,11.1,11,0,9,13,0,1,1,6,6,4.76,5.72,5.50,2.12,78,132,145,-0.96,0.0%,15.8%,22.8%,-7.0%,<a href=https://npb.jp/bis/eng/teams/index_l.html>Seibu</a>,EL
Dermody Matt,18,2,2,0,0,0,108,24.1,28,1,26,4,0,1,2,15,13,4.81,2.62,2.76,1.32,77,61,73,2.19,0.9%,24.1%,3.7%,20.4%,<a href=https://npb.jp/bis/eng/teams/index_l.html>Seibu</a>,EL
Enokida Daiki,13,1,1,0,0,0,72,19.2,14,1,12,5,0,1,0,4,4,1.83,3.96,3.83,0.97,202,92,101,-2.13,1.4%,16.7%,6.9%,9.8%,<a href=https://npb.jp/bis/eng/teams/index_l.html>Seibu</a>,EL
Garrett Reed,1,0,0,0,0,0,4,1.0,0,0,1,1,0,0,0,0,0,0.00,4.61,4.80,1.00,999,107,126,-4.61,0.0%,25.0%,25.0%,0.0%,<a href=https://npb.jp/bis/eng/teams/index_l.html>Seibu</a>,EL
Hamaya Shota,12,5,2,1,0,0,253,60.1,54,2,51,24,0,3,1,27,22,3.28,3.69,3.73,1.29,113,85,98,-0.41,0.8%,20.2%,9.5%,10.7%,<a href=https://npb.jp/bis/eng/teams/index_l.html>Seibu</a>,EL
Hirai Katsunori,1,0,0,0,0,0,23,7.0,3,0,4,0,0,0,0,0,0,0.00,2.46,3.06,0.43,999,57,81,-2.46,0.0%,17.4%,0.0%,17.4%,<a href=https://npb.jp/bis/eng/teams/index_l.html>Seibu</a>,EL
Honda Keisuke,17,8,3,1,0,0,407,97.0,90,7,82,24,0,7,4,36,25,2.32,3.81,3.37,1.18,159,88,89,-1.49,1.7%,20.1%,5.9%,14.2%,<a href=https://npb.jp/bis/eng/teams/index_l.html>Seibu</a>,EL
Idei Toshihiro,12,1,3,0,0,0,148,30.1,41,6,20,13,0,5,0,29,27,8.01,6.64,4.33,1.78,46,154,114,1.37,4.1%,13.5%,8.8%,4.7%,<a href=https://npb.jp/bis/eng/teams/index_l.html>Seibu</a>,EL
Imai Tatsuya,1,1,0,0,0,0,22,5.0,2,0,2,4,0,1,0,1,0,0.00,5.81,5.71,1.20,999,134,150,-5.81,0.0%,9.1%,18.2%,-9.1%,<a href=https://npb.jp/bis/eng/teams/index_l.html>Seibu</a>,EL
Inoue Hiroki,30,0,4,4,0,0,211,47.2,48,8,28,24,0,4,5,31,29,5.48,6.38,4.61,1.51,67,148,121,-0.90,3.8%,13.3%,11.4%,1.9%,<a href=https://npb.jp/bis/eng/teams/index_l.html>Seibu</a>,EL
Itoh Sho,18,0,3,0,0,0,127,27.1,34,7,20,16,0,2,5,24,23,7.57,7.45,4.49,1.83,49,172,118,0.12,5.5%,15.7%,12.6%,3.1%,<a href=https://npb.jp/bis/eng/teams/index_l.html>Seibu</a>,EL
Kumon Katsuhiko,4,0,0,0,0,0,17,4.0,6,0,2,0,0,0,0,1,0,0.00,2.61,3.62,1.50,999,60,95,-2.61,0.0%,11.8%,0.0%,11.8%,<a href=https://npb.jp/bis/eng/teams/index_l.html>Seibu</a>,EL
Mameda Taishi,9,2,1,0,0,0,135,26.2,35,3,23,21,0,0,2,29,28,9.45,5.71,4.65,2.10,39,132,122,3.74,2.2%,17.0%,15.6%,1.4%,<a href=https://npb.jp/bis/eng/teams/index_l.html>Seibu</a>,EL
Masuda Tatsushi,8,0,1,0,0,0,32,8.0,7,1,7,4,0,0,0,2,2,2.25,4.98,3.86,1.38,164,115,102,-2.73,3.1%,21.9%,12.5%,9.4%,<a href=https://npb.jp/bis/eng/teams/index_l.html>Seibu</a>,EL
Matsumoto Wataru,1,1,0,0,0,0,20,5.0,3,0,3,2,0,0,0,0,0,0.00,3.61,4.30,1.00,999,84,113,-3.61,0.0%,15.0%,10.0%,5.0%,<a href=https://npb.jp/bis/eng/teams/index_l.html>Seibu</a>,EL
Matsuoka Kouki,13,1,1,0,0,0,55,13.0,10,0,15,3,0,3,0,6,2,1.38,2.68,2.62,1.00,268,62,69,-1.30,0.0%,27.3%,5.5%,21.8%,<a href=https://npb.jp/bis/eng/teams/index_l.html>Seibu</a>,EL
Miyagawa Tetsu,22,1,2,0,0,0,102,22.2,24,1,15,14,1,0,3,15,15,5.96,4.71,4.70,1.68,62,109,124,1.25,1.0%,14.7%,13.7%,1.0%,<a href=https://npb.jp/bis/eng/teams/index_l.html>Seibu</a>,EL
Mizukami Yoshinobu,18,0,2,0,0,0,79,17.2,17,3,14,7,0,1,1,13,11,5.60,5.59,3.91,1.36,66,129,103,0.01,3.8%,17.7%,8.9%,8.8%,<a href=https://npb.jp/bis/eng/teams/index_l.html>Seibu</a>,EL
Moriwaki Ryosuke,7,0,0,0,0,0,28,7.0,4,1,8,4,0,0,2,3,3,3.86,4.89,3.37,1.14,96,113,89,-1.03,3.6%,28.6%,14.3%,14.3%,<a href=https://npb.jp/bis/eng/teams/index_l.html>Seibu</a>,EL
Nakatsuka Shunta,5,0,0,0,0,0,35,5.0,5,1,4,15,0,2,2,9,9,16.20,14.81,7.94,4.00,23,343,209,1.39,2.9%,11.4%,42.9%,-31.5%,<a href=https://npb.jp/bis/eng/teams/index_l.html>Seibu</a>,EL
Neal Zach,5,1,2,0,0,0,102,22.2,26,6,18,7,0,1,0,18,15,5.96,6.52,3.72,1.46,62,151,98,-0.56,5.9%,17.6%,6.9%,10.7%,<a href=https://npb.jp/bis/eng/teams/index_l.html>Seibu</a>,EL
Ogawa Ryuya,31,1,1,2,0,0,134,31.2,27,0,21,7,1,3,1,9,3,0.85,3.23,3.76,1.07,435,75,99,-2.38,0.0%,15.7%,5.2%,10.5%,<a href=https://npb.jp/bis/eng/teams/index_l.html>Seibu</a>,EL
Ohkubo Jiyu,16,1,0,1,0,0,150,32.2,28,3,21,24,0,3,0,20,13,3.58,5.99,5.00,1.59,103,139,132,-2.41,2.0%,14.0%,16.0%,-2.0%,<a href=https://npb.jp/bis/eng/teams/index_l.html>Seibu</a>,EL
Omagari Ren,36,1,3,1,0,0,217,44.2,50,3,41,31,0,3,1,33,22,4.43,4.93,4.34,1.81,83,114,114,-0.50,1.4%,18.9%,14.3%,4.6%,<a href=https://npb.jp/bis/eng/teams/index_l.html>Seibu</a>,EL
Sano Yasuo,19,1,2,1,0,0,96,20.0,25,0,11,9,0,4,2,12,10,4.50,4.46,4.59,1.70,82,103,121,0.04,0.0%,11.5%,9.4%,2.1%,<a href=https://npb.jp/bis/eng/teams/index_l.html>Seibu</a>,EL
Sasaki Takeru,9,1,2,0,0,0,143,31.0,38,5,31,11,0,2,3,25,18,5.23,4.96,3.40,1.58,71,115,89,0.27,3.5%,21.7%,7.7%,14.0%,<a href=https://npb.jp/bis/eng/teams/index_l.html>Seibu</a>,EL
Takekuma Shota,7,0,0,1,0,0,27,6.2,4,0,6,2,0,0,0,0,0,0.00,2.71,3.32,0.90,999,63,87,-2.71,0.0%,22.2%,7.4%,14.8%,<a href=https://npb.jp/bis/eng/teams/index_l.html>Seibu</a>,EL
Tamura Ichiro,16,0,1,7,0,0,62,16.0,12,0,12,4,0,0,0,2,2,1.13,2.86,3.51,1.00,327,66,92,-1.73,0.0%,19.4%,6.5%,12.9%,<a href=https://npb.jp/bis/eng/teams/index_l.html>Seibu</a>,EL
Togame Ken,2,1,0,0,0,0,26,6.0,5,0,6,1,0,0,2,2,1,1.50,2.11,2.88,1.00,247,49,76,-0.61,0.0%,23.1%,3.8%,19.3%,<a href=https://npb.jp/bis/eng/teams/index_l.html>Seibu</a>,EL
Uema Towa,14,7,3,0,2,0,301,74.0,57,3,37,31,0,2,2,22,13,1.58,4.47,4.60,1.19,234,103,121,-2.89,1.0%,12.3%,10.3%,2.0%,<a href=https://npb.jp/bis/eng/teams/index_l.html>Seibu</a>,EL
Utsumi Tetsuya,14,5,2,0,0,0,267,60.2,57,3,41,22,0,6,3,25,22,3.26,4.28,4.09,1.30,113,99,108,-1.02,1.1%,15.4%,8.2%,7.2%,<a href=https://npb.jp/bis/eng/teams/index_l.html>Seibu</a>,EL
Watanabe Yutaro,14,2,2,0,0,0,161,34.0,38,2,25,22,0,1,3,24,20,5.29,4.93,4.61,1.76,70,114,121,0.36,1.2%,15.5%,13.7%,1.8%,<a href=https://npb.jp/bis/eng/teams/index_l.html>Seibu</a>,EL
Yoshikawa Mitsuo,19,0,6,0,1,0,268,55.1,72,4,32,26,0,4,4,45,35,5.69,5.02,4.58,1.77,65,116,121,0.67,1.5%,11.9%,9.7%,2.2%,<a href=https://npb.jp/bis/eng/teams/index_l.html>Seibu</a>,EL
Yoza Kaito,12,3,2,0,1,0,251,61.0,49,1,40,20,0,2,2,16,9,1.33,3.59,4.00,1.13,278,83,105,-2.26,0.4%,15.9%,8.0%,7.9%,<a href=https://npb.jp/bis/eng/teams/index_l.html>Seibu</a>,EL
Akiyoshi Ryo,27,1,0,3,0,0,106,27.1,18,7,27,7,0,0,0,10,10,3.29,5.73,2.91,0.91,111,135,77,-2.44,6.6%,25.5%,6.6%,18.9%,<a href=https://npb.jp/bis/eng/teams/index_f.html>Nipponham</a>,EL
Erlin Robbie,5,0,1,0,0,0,77,15.1,24,2,13,5,0,2,1,11,8,4.70,4.98,3.76,1.89,78,117,99,-0.28,2.6%,16.9%,6.5%,10.4%,<a href=https://npb.jp/bis/eng/teams/index_f.html>Nipponham</a>,EL
Fukuda Suguru,35,3,3,2,0,0,190,44.0,38,6,51,18,1,5,3,19,19,3.89,4.63,3.06,1.27,94,109,81,-0.74,3.2%,26.8%,9.5%,17.3%,<a href=https://npb.jp/bis/eng/teams/index_f.html>Nipponham</a>,EL
Hasegawa Ryota,24,2,2,2,0,0,164,36.2,36,5,20,19,0,1,0,20,17,4.17,5.92,4.74,1.50,87,139,125,-1.75,3.0%,12.2%,11.6%,0.6%,<a href=https://npb.jp/bis/eng/teams/index_f.html>Nipponham</a>,EL
Himeno Yuya,6,0,1,0,0,0,26,6.0,5,0,3,5,0,0,1,1,1,1.50,5.11,5.57,1.67,243,120,147,-3.61,0.0%,11.5%,19.2%,-7.7%,<a href=https://npb.jp/bis/eng/teams/index_f.html>Nipponham</a>,EL
Hori Mizuki,1,0,0,0,0,0,5,0.2,2,0,1,1,0,0,0,1,1,13.50,5.11,4.80,4.50,27,120,126,8.39,0.0%,20.0%,20.0%,0.0%,<a href=https://npb.jp/bis/eng/teams/index_f.html>Nipponham</a>,EL
Iguchi Kazutomo,8,4,1,0,0,0,41,10.2,9,1,7,2,0,0,0,4,4,3.38,4.07,3.58,1.03,108,96,94,-0.69,2.4%,17.1%,4.9%,12.2%,<a href=https://npb.jp/bis/eng/teams/index_f.html>Nipponham</a>,EL
Ikeda Takahide,3,1,0,0,0,0,61,11.2,20,5,11,5,0,0,1,15,13,10.03,8.58,3.82,2.14,36,202,101,1.45,8.2%,18.0%,8.2%,9.8%,<a href=https://npb.jp/bis/eng/teams/index_f.html>Nipponham</a>,EL
Itoh Hiromi,1,0,0,0,0,0,15,4.0,2,0,6,1,0,0,0,1,1,2.25,1.36,1.47,0.75,162,32,39,0.89,0.0%,40.0%,6.7%,33.3%,<a href=https://npb.jp/bis/eng/teams/index_f.html>Nipponham</a>,EL
Kakigi Ren,30,1,2,0,0,0,259,55.1,74,11,25,21,0,2,3,43,39,6.34,6.53,4.65,1.72,57,153,122,-0.19,4.2%,9.7%,8.1%,1.6%,<a href=https://npb.jp/bis/eng/teams/index_f.html>Nipponham</a>,EL
Kaneko Chihiro,12,3,2,0,0,0,260,64.0,56,6,44,17,0,2,4,27,21,2.95,4.34,3.76,1.14,124,102,99,-1.39,2.3%,16.9%,6.5%,10.4%,<a href=https://npb.jp/bis/eng/teams/index_f.html>Nipponham</a>,EL
Kawano Ryusei,2,0,0,0,0,0,29,7.0,8,1,7,2,0,0,2,5,3,3.86,4.32,3.08,1.43,94,101,81,-0.46,3.4%,24.1%,6.9%,17.2%,<a href=https://npb.jp/bis/eng/teams/index_f.html>Nipponham</a>,EL
Kitaura Ryuji,7,0,0,0,0,0,34,8.0,5,0,8,4,0,1,0,2,2,2.25,3.48,3.62,1.12,162,82,95,-1.23,0.0%,23.5%,11.8%,11.7%,<a href=https://npb.jp/bis/eng/teams/index_f.html>Nipponham</a>,EL
Kumon Katsuhiko,11,0,0,2,0,0,41,10.0,9,0,8,3,0,0,1,4,4,3.60,2.91,3.58,1.20,101,68,94,0.69,0.0%,19.5%,7.3%,12.2%,<a href=https://npb.jp/bis/eng/teams/index_f.html>Nipponham</a>,EL
Matsumoto Ryodai,11,0,0,1,0,0,50,10.2,16,2,4,6,0,0,0,11,11,9.28,6.98,5.20,2.06,39,164,137,2.30,4.0%,8.0%,12.0%,-4.0%,<a href=https://npb.jp/bis/eng/teams/index_f.html>Nipponham</a>,EL
Miyanishi Naoki,1,0,0,0,0,0,4,1.0,1,0,2,0,0,0,0,0,0,0.00,-0.39,-0.20,1.00,999,-9,-5,0.39,0.0%,50.0%,0.0%,50.0%,<a href=https://npb.jp/bis/eng/teams/index_f.html>Nipponham</a>,EL
Mochizuki Daiki,22,3,4,1,1,0,292,66.2,66,10,44,27,0,1,6,31,27,3.65,5.50,4.22,1.40,100,129,111,-1.85,3.4%,15.1%,9.2%,5.9%,<a href=https://npb.jp/bis/eng/teams/index_f.html>Nipponham</a>,EL
Murata Toru,18,3,2,0,0,0,160,37.2,39,2,20,12,0,2,0,16,15,3.58,4.35,4.30,1.35,102,102,113,-0.77,1.2%,12.5%,7.5%,5.0%,<a href=https://npb.jp/bis/eng/teams/index_f.html>Nipponham</a>,EL
Nabatame Tsubasa,19,4,6,0,0,0,369,90.0,78,8,66,26,0,3,2,34,23,2.30,4.26,3.72,1.16,158,100,98,-1.96,2.2%,17.9%,7.0%,10.9%,<a href=https://npb.jp/bis/eng/teams/index_f.html>Nipponham</a>,EL
Nemoto Haruka,12,1,1,0,0,0,125,29.2,23,1,20,14,0,3,0,8,6,1.82,4.41,4.32,1.25,200,104,114,-2.59,0.8%,16.0%,11.2%,4.8%,<a href=https://npb.jp/bis/eng/teams/index_f.html>Nipponham</a>,EL
Nishimura Takahiro,20,3,2,4,0,0,154,39.0,24,4,43,12,1,2,1,8,6,1.38,3.81,2.79,0.92,264,89,73,-2.43,2.6%,27.9%,7.8%,20.1%,<a href=https://npb.jp/bis/eng/teams/index_f.html>Nipponham</a>,EL
Saitoh Shinji,4,0,1,0,0,0,21,5.0,4,1,3,3,0,0,0,3,2,3.60,6.81,4.80,1.40,101,160,126,-3.21,4.8%,14.3%,14.3%,0.0%,<a href=https://npb.jp/bis/eng/teams/index_f.html>Nipponham</a>,EL
Saitoh Yuki,12,3,1,0,0,0,72,16.1,17,3,7,9,0,1,2,11,10,5.51,6.97,5.08,1.59,66,164,134,-1.46,4.2%,9.7%,12.5%,-2.8%,<a href=https://npb.jp/bis/eng/teams/index_f.html>Nipponham</a>,EL
Suzuki Kenya,26,1,0,4,0,0,128,31.1,23,1,36,10,0,2,0,8,7,2.01,2.87,2.77,1.05,181,67,73,-0.86,0.8%,28.1%,7.8%,20.3%,<a href=https://npb.jp/bis/eng/teams/index_f.html>Nipponham</a>,EL
Suzuki Ryotaro,30,2,1,0,0,0,152,32.2,36,5,17,19,0,0,3,23,19,5.23,6.30,4.93,1.68,70,148,130,-1.07,3.3%,11.2%,12.5%,-1.3%,<a href=https://npb.jp/bis/eng/teams/index_f.html>Nipponham</a>,EL
Takayama Yuki,35,2,1,0,0,0,219,47.0,49,6,23,34,0,3,1,24,20,3.83,6.65,5.30,1.77,95,156,139,-2.82,2.7%,10.5%,15.5%,-5.0%,<a href=https://npb.jp/bis/eng/teams/index_f.html>Nipponham</a>,EL
Tamai Taisho,2,0,0,0,0,0,13,2.0,6,0,2,1,0,0,0,2,2,9.00,3.11,4.03,3.50,40,73,106,5.89,0.0%,15.4%,7.7%,7.7%,<a href=https://npb.jp/bis/eng/teams/index_f.html>Nipponham</a>,EL
Tanaka Eito,20,0,5,0,0,0,200,37.1,58,5,26,30,0,2,2,42,40,9.64,6.53,5.00,2.36,38,153,132,3.11,2.5%,13.0%,15.0%,-2.0%,<a href=https://npb.jp/bis/eng/teams/index_f.html>Nipponham</a>,EL
Tanigawa Masaki,26,2,0,2,0,0,116,29.0,23,3,29,6,0,0,2,10,9,2.79,3.57,2.82,1.00,131,84,74,-0.78,2.6%,25.0%,5.2%,19.8%,<a href=https://npb.jp/bis/eng/teams/index_f.html>Nipponham</a>,EL
Tateno Kazuaki,11,2,4,0,0,0,203,46.1,43,1,47,20,0,3,3,18,16,3.11,3.35,3.47,1.36,117,79,91,-0.24,0.5%,23.2%,9.9%,13.3%,<a href=https://npb.jp/bis/eng/teams/index_f.html>Nipponham</a>,EL
Uehara Kenta,10,2,3,0,0,0,166,37.2,41,6,39,12,0,2,1,20,19,4.54,4.72,3.17,1.41,80,111,83,-0.18,3.6%,23.5%,7.2%,16.3%,<a href=https://npb.jp/bis/eng/teams/index_f.html>Nipponham</a>,EL
VerHagen Drew,1,0,0,0,0,0,4,1.0,1,0,1,0,0,0,0,0,0,0.00,1.61,2.30,1.00,999,38,61,-1.61,0.0%,25.0%,0.0%,25.0%,<a href=https://npb.jp/bis/eng/teams/index_f.html>Nipponham</a>,EL
Yoshida Kosei,19,6,8,1,0,0,364,85.0,84,13,66,29,0,2,2,45,42,4.45,5.14,3.78,1.33,82,121,99,-0.69,3.6%,18.1%,8.0%,10.1%,<a href=https://npb.jp/bis/eng/teams/index_f.html>Nipponham</a>,EL
