Rank,Pitcher,G,W,L,SV,CG,SHO,BF,IP,H,HR,SO,BB,IBB,HB,WP,R,ER,ERA,FIP,kwERA,WHIP,ERA+,FIP-,kwERA-,Diff,HR%,K%,BB%,K-BB%,,Team,League
,Akiyama Takumi,19,3,6,0,1,0,338,78.0,105,9,38,8,0,3,2,40,40,4.62,4.41,3.91,1.45,74,109,99,0.21,2.7%,11.2%,2.4%,8.9%,🐯,<a href=https://npb.jp/bis/eng/teams/index_t.html>Hanshin</a>,WL
,Aoyagi Koyo,11,5,3,1,0,0,216,53.0,44,1,43,18,0,3,1,13,13,2.21,3.27,3.64,1.17,154,81,92,-1.06,0.5%,19.9%,8.3%,11.6%,🐯,<a href=https://npb.jp/bis/eng/teams/index_t.html>Hanshin</a>,WL
,Beasley Jeremy,8,3,0,0,0,0,125,35.0,15,0,33,11,0,0,0,2,2,0.51,2.52,3.04,0.74,666,63,77,-2.01,0.0%,26.4%,8.8%,17.6%,🐯,<a href=https://npb.jp/bis/eng/teams/index_t.html>Hanshin</a>,WL
,Betances Jose,25,1,2,0,0,0,111,23.2,23,1,27,18,0,2,3,17,11,4.18,4.26,3.99,1.73,81,106,101,-0.08,0.9%,24.3%,16.2%,8.1%,🐯,<a href=https://npb.jp/bis/eng/teams/index_t.html>Hanshin</a>,WL
,Guerra Javy,2,1,0,0,0,0,9,2.0,2,0,1,2,0,0,0,2,2,9.00,5.46,5.91,2.00,38,136,150,3.54,0.0%,11.1%,22.2%,-11.1%,🐯,<a href=https://npb.jp/bis/eng/teams/index_t.html>Hanshin</a>,WL
,Hamachi Masumi,17,0,0,0,0,0,66,16.1,11,1,13,5,0,0,0,3,3,1.65,3.58,3.59,0.98,206,89,91,-1.93,1.5%,19.7%,7.6%,12.1%,🐯,<a href=https://npb.jp/bis/eng/teams/index_t.html>Hanshin</a>,WL
,Ibaragi Hidetoshi,22,7,4,0,1,0,496,118.2,103,6,74,50,0,5,10,50,48,3.64,4.26,4.32,1.29,93,106,110,-0.62,1.2%,14.9%,10.1%,4.8%,🐯,<a href=https://npb.jp/bis/eng/teams/index_t.html>Hanshin</a>,WL
,Ishiguro Yuya,40,4,4,10,0,0,161,36.0,37,3,39,14,1,1,4,20,14,3.50,3.63,3.25,1.42,97,90,82,-0.13,1.9%,24.2%,8.7%,15.5%,🐯,<a href=https://npb.jp/bis/eng/teams/index_t.html>Hanshin</a>,WL
,Ishii Daichi,9,0,0,0,0,0,34,9.0,8,0,10,0,0,0,1,1,1,1.00,1.24,1.86,0.89,340,31,47,-0.24,0.0%,29.4%,0.0%,29.4%,🐯,<a href=https://npb.jp/bis/eng/teams/index_t.html>Hanshin</a>,WL
,Itoh Masashi,7,2,3,0,0,0,175,42.2,47,1,29,8,0,2,2,11,11,2.32,3.11,3.60,1.29,146,77,91,-0.79,0.6%,16.6%,4.6%,12.0%,🐯,<a href=https://npb.jp/bis/eng/teams/index_t.html>Hanshin</a>,WL
,Itoh Ryo,7,0,1,0,0,0,27,4.0,10,1,4,4,0,0,0,11,9,20.25,7.71,4.80,3.50,17,191,122,12.54,3.7%,14.8%,14.8%,0.0%,🐯,<a href=https://npb.jp/bis/eng/teams/index_t.html>Hanshin</a>,WL
,Iwasada Yuta,30,1,0,1,0,0,111,26.1,26,1,23,7,0,3,1,9,8,2.73,3.35,3.36,1.25,124,83,85,-0.62,0.9%,20.7%,6.3%,14.4%,🐯,<a href=https://npb.jp/bis/eng/teams/index_t.html>Hanshin</a>,WL
,Iwata Masaki,46,1,2,0,0,0,144,38.1,28,2,29,5,0,0,0,12,9,2.11,3.02,3.13,0.86,161,75,80,-0.91,1.4%,20.1%,3.5%,16.7%,🐯,<a href=https://npb.jp/bis/eng/teams/index_t.html>Hanshin</a>,WL
,Kajiya Ren,29,2,1,2,0,0,99,26.1,19,0,26,7,0,0,2,3,2,0.68,2.28,2.88,0.99,500,57,73,-1.60,0.0%,26.3%,7.1%,19.2%,🐯,<a href=https://npb.jp/bis/eng/teams/index_t.html>Hanshin</a>,WL
,Kawahara Riku,50,2,1,1,0,0,203,50.0,42,2,38,20,0,0,2,10,9,1.62,3.66,3.91,1.24,210,91,99,-2.04,1.0%,18.7%,9.9%,8.9%,🐯,<a href=https://npb.jp/bis/eng/teams/index_t.html>Hanshin</a>,WL
,Martinez Anthony,17,6,1,0,0,0,250,55.0,63,4,38,28,0,5,5,30,24,3.93,4.82,4.40,1.65,86,120,112,-0.89,1.6%,15.2%,11.2%,4.0%,🐯,<a href=https://npb.jp/bis/eng/teams/index_t.html>Hanshin</a>,WL
,Matsubara Kai,33,0,1,0,0,0,142,31.1,27,0,21,22,0,3,7,19,15,4.31,4.51,4.87,1.56,79,112,124,-0.20,0.0%,14.8%,15.5%,-0.7%,🐯,<a href=https://npb.jp/bis/eng/teams/index_t.html>Hanshin</a>,WL
,Mombetsu Keito,15,4,5,0,0,0,323,77.1,75,10,52,20,0,4,3,41,34,3.96,4.73,3.81,1.23,86,117,97,-0.77,3.1%,16.1%,6.2%,9.9%,🐯,<a href=https://npb.jp/bis/eng/teams/index_t.html>Hanshin</a>,WL
,Moriki Daichi,21,0,0,0,0,0,117,20.2,23,0,14,27,0,5,5,27,26,11.32,6.75,5.91,2.42,30,168,150,4.57,0.0%,12.0%,23.1%,-11.1%,🐯,<a href=https://npb.jp/bis/eng/teams/index_t.html>Hanshin</a>,WL
,Nishi Junya,17,5,6,1,0,0,365,83.2,91,5,74,31,0,6,4,33,30,3.23,3.79,3.62,1.46,105,94,92,-0.56,1.4%,20.3%,8.5%,11.8%,🐯,<a href=https://npb.jp/bis/eng/teams/index_t.html>Hanshin</a>,WL
,Nishi Yuki,2,1,0,0,0,0,38,8.2,11,0,7,0,0,0,0,4,3,3.12,1.84,2.96,1.27,109,46,75,1.28,0.0%,18.4%,0.0%,18.4%,🐯,<a href=https://npb.jp/bis/eng/teams/index_t.html>Hanshin</a>,WL
,Okadome Hidetaka,8,0,0,0,0,0,30,7.0,7,1,3,3,0,0,0,3,3,3.86,5.75,4.80,1.43,88,143,122,-1.89,3.3%,10.0%,10.0%,0.0%,🐯,<a href=https://npb.jp/bis/eng/teams/index_t.html>Hanshin</a>,WL
,Oyokawa Masaki,9,4,1,0,1,0,151,37.1,28,3,43,13,0,0,1,11,10,2.41,3.25,2.81,1.10,141,81,71,-0.84,2.0%,28.5%,8.6%,19.9%,🐯,<a href=https://npb.jp/bis/eng/teams/index_t.html>Hanshin</a>,WL
,Satoh Ren,49,2,0,3,0,0,219,48.2,39,0,51,26,0,7,6,12,11,2.03,3.40,3.66,1.34,167,84,93,-1.37,0.0%,23.3%,11.9%,11.4%,🐯,<a href=https://npb.jp/bis/eng/teams/index_t.html>Hanshin</a>,WL
,Shiiba Tsuyoshi,23,0,0,0,0,0,133,30.1,35,2,18,13,0,2,6,19,15,4.45,4.61,4.42,1.58,76,115,112,-0.16,1.5%,13.5%,9.8%,3.8%,🐯,<a href=https://npb.jp/bis/eng/teams/index_t.html>Hanshin</a>,WL
,Shimamoto Hiroya,10,1,0,0,0,0,44,9.2,9,2,3,6,0,0,1,6,4,3.72,7.39,5.48,1.55,91,184,139,-3.67,4.5%,6.8%,13.6%,-6.8%,🐯,<a href=https://npb.jp/bis/eng/teams/index_t.html>Hanshin</a>,WL
,Suzuki Yuto,16,0,3,0,0,0,124,25.1,23,3,18,24,0,0,3,17,13,4.62,6.42,5.28,1.86,74,159,134,-1.80,2.4%,14.5%,19.4%,-4.8%,🐯,<a href=https://npb.jp/bis/eng/teams/index_t.html>Hanshin</a>,WL
,Takahashi Haruto,10,0,3,0,1,0,151,39.0,30,1,44,5,0,1,2,11,11,2.54,2.00,2.22,0.90,134,50,56,0.54,0.7%,29.1%,3.3%,25.8%,🐯,<a href=https://npb.jp/bis/eng/teams/index_t.html>Hanshin</a>,WL
,Tomida Ren,5,2,3,0,0,0,120,29.2,26,0,17,9,0,2,0,11,7,2.12,3.43,4.13,1.18,160,85,105,-1.31,0.0%,14.2%,7.5%,6.7%,🐯,<a href=https://npb.jp/bis/eng/teams/index_t.html>Hanshin</a>,WL
,Tsuda Junya,17,2,5,0,0,0,246,53.0,75,5,34,15,0,2,3,45,31,5.26,4.37,4.03,1.70,65,108,102,0.89,2.0%,13.8%,6.1%,7.7%,🐯,<a href=https://npb.jp/bis/eng/teams/index_t.html>Hanshin</a>,WL
,Urushihara Taisei,7,0,0,1,0,0,22,6.2,2,0,8,1,0,0,1,0,0,0.00,1.51,1.62,0.45,999,38,41,-1.51,0.0%,36.4%,4.5%,31.8%,🐯,<a href=https://npb.jp/bis/eng/teams/index_t.html>Hanshin</a>,WL
,Yuasa Atsuki,25,2,2,5,0,0,102,21.2,25,1,12,14,0,1,1,18,18,7.48,5.03,5.00,1.80,45,125,127,2.45,1.0%,11.8%,13.7%,-2.0%,🐯,<a href=https://npb.jp/bis/eng/teams/index_t.html>Hanshin</a>,WL
,Aduwa Makoto,1,1,0,0,0,0,17,5.0,1,0,3,1,0,0,0,0,0,0.00,2.86,3.62,0.40,999,75,92,-2.86,0.0%,17.6%,5.9%,11.8%,🎏,<a href=https://npb.jp/bis/eng/teams/index_c.html>Hiroshima</a>,WL
,Akatsuka Kento,13,1,0,0,0,0,60,13.0,10,1,10,11,0,1,0,5,5,3.46,5.69,4.97,1.62,93,149,126,-2.23,1.7%,16.7%,18.3%,-1.7%,🎏,<a href=https://npb.jp/bis/eng/teams/index_c.html>Hiroshima</a>,WL
,Corniel Robert,17,2,1,6,0,0,59,16.1,4,0,24,5,0,0,0,2,1,0.55,1.44,1.58,0.55,585,38,40,-0.89,0.0%,40.7%,8.5%,32.2%,🎏,<a href=https://npb.jp/bis/eng/teams/index_c.html>Hiroshima</a>,WL
,Endoh Atsushi,21,5,2,0,0,0,310,77.2,58,3,51,25,0,2,2,21,15,1.74,3.69,3.96,1.07,185,97,101,-1.95,1.0%,16.5%,8.1%,8.4%,🎏,<a href=https://npb.jp/bis/eng/teams/index_c.html>Hiroshima</a>,WL
,Fujii Reira,9,0,0,0,0,0,46,10.0,13,1,8,2,0,1,2,10,9,8.10,4.06,3.50,1.50,40,107,89,4.04,2.2%,17.4%,4.3%,13.0%,🎏,<a href=https://npb.jp/bis/eng/teams/index_c.html>Hiroshima</a>,WL
,Hasebe Ginji,25,2,2,2,0,0,97,23.0,21,0,22,9,0,1,2,4,3,1.17,2.85,3.46,1.30,275,75,88,-1.68,0.0%,22.7%,9.3%,13.4%,🎏,<a href=https://npb.jp/bis/eng/teams/index_c.html>Hiroshima</a>,WL
,Hatch Thomas,15,5,4,0,0,0,284,72.1,59,2,46,13,0,2,7,26,19,2.36,3.17,3.64,1.00,136,83,92,-0.81,0.7%,16.2%,4.6%,11.6%,🎏,<a href=https://npb.jp/bis/eng/teams/index_c.html>Hiroshima</a>,WL
,Hearn Taylor,10,0,0,3,0,0,37,9.2,6,0,9,3,0,0,1,0,0,0.00,2.53,3.18,0.93,999,66,81,-2.53,0.0%,24.3%,8.1%,16.2%,🎏,<a href=https://npb.jp/bis/eng/teams/index_c.html>Hiroshima</a>,WL
,Hidaka Atsumi,14,2,5,0,0,0,231,49.1,54,6,20,27,0,5,1,33,29,5.29,6.18,5.10,1.64,61,162,130,-0.89,2.6%,8.7%,11.7%,-3.0%,🎏,<a href=https://npb.jp/bis/eng/teams/index_c.html>Hiroshima</a>,WL
,Kawano Kei,19,1,1,5,0,0,79,19.2,15,0,14,4,0,2,0,6,6,2.75,2.95,3.53,0.97,117,77,90,-0.20,0.0%,17.7%,5.1%,12.7%,🎏,<a href=https://npb.jp/bis/eng/teams/index_c.html>Hiroshima</a>,WL
,Kemna Makoto,12,2,2,0,0,0,62,13.2,13,0,5,6,0,2,2,4,2,1.32,4.48,4.96,1.39,244,118,126,-3.16,0.0%,8.1%,9.7%,-1.6%,🎏,<a href=https://npb.jp/bis/eng/teams/index_c.html>Hiroshima</a>,WL
,Kobayashi Tatsuto,18,1,2,1,0,0,88,18.2,29,2,10,5,0,3,2,12,11,5.30,5.07,4.23,1.82,61,133,107,0.23,2.3%,11.4%,5.7%,5.7%,🎏,<a href=https://npb.jp/bis/eng/teams/index_c.html>Hiroshima</a>,WL
,Kurohara Takumi,1,1,0,0,0,0,20,5.0,2,0,4,2,0,0,0,0,0,0.00,3.06,3.80,0.80,999,80,96,-3.06,0.0%,20.0%,10.0%,10.0%,🎏,<a href=https://npb.jp/bis/eng/teams/index_c.html>Hiroshima</a>,WL
,Masuda Takehisa,22,1,1,2,0,0,95,20.2,23,1,11,7,0,2,2,9,7,3.05,4.33,4.38,1.45,105,114,111,-1.28,1.1%,11.6%,7.4%,4.2%,🎏,<a href=https://npb.jp/bis/eng/teams/index_c.html>Hiroshima</a>,WL
,Matsumoto Ryuya,29,0,0,3,0,0,110,29.0,20,0,34,4,1,0,0,8,8,2.48,1.53,2.07,0.83,130,40,53,0.95,0.0%,30.9%,3.6%,27.3%,🎏,<a href=https://npb.jp/bis/eng/teams/index_c.html>Hiroshima</a>,WL
,Mori Shohei,17,4,6,1,0,0,403,96.0,99,6,88,17,0,2,9,37,26,2.44,3.03,3.04,1.21,132,80,77,-0.59,1.5%,21.8%,4.2%,17.6%,🎏,<a href=https://npb.jp/bis/eng/teams/index_c.html>Hiroshima</a>,WL
,Morishita Masato,1,0,0,0,0,0,26,6.0,8,0,3,1,0,0,0,2,2,3.00,2.96,4.03,1.50,107,78,102,0.04,0.0%,11.5%,3.8%,7.7%,🎏,<a href=https://npb.jp/bis/eng/teams/index_c.html>Hiroshima</a>,WL
,Nakazaki Shota,9,0,1,0,0,0,35,9.0,9,0,7,0,0,0,1,2,1,1.00,1.90,2.80,1.00,322,50,71,-0.90,0.0%,20.0%,0.0%,20.0%,🎏,<a href=https://npb.jp/bis/eng/teams/index_c.html>Hiroshima</a>,WL
,Nomura Yusuke,16,4,3,0,0,0,293,70.1,64,4,37,24,0,0,0,28,26,3.33,4.17,4.36,1.25,97,109,111,-0.84,1.4%,12.6%,8.2%,4.4%,🎏,<a href=https://npb.jp/bis/eng/teams/index_c.html>Hiroshima</a>,WL
,Ohmichi Haruki,31,1,0,6,0,0,125,30.1,25,1,36,10,0,1,2,13,12,3.56,2.60,2.72,1.15,90,68,69,0.96,0.8%,28.8%,8.0%,20.8%,🎏,<a href=https://npb.jp/bis/eng/teams/index_c.html>Hiroshima</a>,WL
,Ohsera Daichi,1,0,0,0,0,0,22,5.0,4,0,5,2,0,0,0,0,0,0.00,2.66,3.44,1.20,999,70,87,-2.66,0.0%,22.7%,9.1%,13.6%,🎏,<a href=https://npb.jp/bis/eng/teams/index_c.html>Hiroshima</a>,WL
,Okada Akitake,28,1,0,0,0,0,122,28.0,18,0,17,19,0,2,5,9,7,2.25,4.50,4.96,1.32,143,118,126,-2.25,0.0%,13.9%,15.6%,-1.6%,🎏,<a href=https://npb.jp/bis/eng/teams/index_c.html>Hiroshima</a>,WL
,Saitoh Yuta,7,0,3,0,0,0,82,17.2,18,2,10,11,1,0,0,12,12,6.11,5.67,4.92,1.64,53,149,125,0.44,2.4%,12.2%,13.4%,-1.2%,🎏,<a href=https://npb.jp/bis/eng/teams/index_c.html>Hiroshima</a>,WL
,Sakata Rei,5,0,1,0,0,0,20,3.0,4,0,1,6,0,2,0,6,6,18.00,10.79,7.30,3.33,18,283,185,7.21,0.0%,5.0%,30.0%,-25.0%,🎏,<a href=https://npb.jp/bis/eng/teams/index_c.html>Hiroshima</a>,WL
,Shinya Soh,9,1,0,0,0,0,44,8.2,5,1,6,13,0,2,2,11,11,11.42,8.77,6.39,2.08,28,230,162,2.65,2.3%,13.6%,29.5%,-15.9%,🎏,<a href=https://npb.jp/bis/eng/teams/index_c.html>Hiroshima</a>,WL
,Sugihara Mirai,2,0,0,0,0,0,12,2.0,3,1,1,3,0,0,0,3,3,13.50,13.46,6.47,3.00,24,353,164,0.04,8.3%,8.3%,25.0%,-16.7%,🎏,<a href=https://npb.jp/bis/eng/teams/index_c.html>Hiroshima</a>,WL
,Sugita Takeru,18,2,5,0,0,0,290,69.1,60,4,46,22,0,7,4,28,24,3.12,4.14,3.97,1.18,103,109,101,-1.02,1.4%,15.9%,7.6%,8.3%,🎏,<a href=https://npb.jp/bis/eng/teams/index_c.html>Hiroshima</a>,WL
,Taka Taichi,14,2,5,0,0,0,231,51.2,69,2,25,11,0,2,3,35,28,4.88,3.75,4.19,1.55,66,98,106,1.13,0.9%,10.8%,4.8%,6.1%,🎏,<a href=https://npb.jp/bis/eng/teams/index_c.html>Hiroshima</a>,WL
,Takahashi Kouya,32,3,2,0,0,0,147,31.0,39,0,27,16,1,2,6,15,11,3.19,3.46,4.05,1.77,101,91,103,-0.27,0.0%,18.4%,10.9%,7.5%,🎏,<a href=https://npb.jp/bis/eng/teams/index_c.html>Hiroshima</a>,WL
,Takita Kazuki,14,1,2,0,0,0,184,42.2,34,2,31,30,0,0,0,16,14,2.95,4.73,4.75,1.50,109,124,120,-1.78,1.1%,16.8%,16.3%,0.5%,🎏,<a href=https://npb.jp/bis/eng/teams/index_c.html>Hiroshima</a>,WL
,Tamamura Shogo,8,4,3,0,0,0,202,51.0,43,3,24,11,0,1,1,14,13,2.29,3.99,4.16,1.06,140,105,106,-1.70,1.5%,11.9%,5.4%,6.4%,🎏,<a href=https://npb.jp/bis/eng/teams/index_c.html>Hiroshima</a>,WL
,Tone Chiaki,16,0,2,1,0,0,72,14.2,17,2,9,10,0,2,2,17,17,10.43,6.46,4.94,1.84,31,169,125,3.97,2.8%,12.5%,13.9%,-1.4%,🎏,<a href=https://npb.jp/bis/eng/teams/index_c.html>Hiroshima</a>,WL
,Tsuji Taiga,13,0,1,0,0,0,65,12.1,21,1,6,6,0,1,0,17,8,5.84,5.24,4.80,2.19,55,138,122,0.60,1.5%,9.2%,9.2%,0.0%,🎏,<a href=https://npb.jp/bis/eng/teams/index_c.html>Hiroshima</a>,WL
,Tsunehiro Hayato,12,2,6,0,1,1,284,63.2,71,6,46,24,0,4,4,35,28,3.96,4.56,4.03,1.49,81,120,102,-0.60,2.1%,16.2%,8.5%,7.7%,🎏,<a href=https://npb.jp/bis/eng/teams/index_c.html>Hiroshima</a>,WL
,Uchima Takuma,29,1,2,0,0,0,118,27.0,25,2,21,14,0,1,4,14,12,4.00,4.53,4.21,1.44,80,119,107,-0.53,1.7%,17.8%,11.9%,5.9%,🎏,<a href=https://npb.jp/bis/eng/teams/index_c.html>Hiroshima</a>,WL
,Yasaki Takuya,14,1,0,5,0,0,55,13.2,8,0,12,6,0,0,1,4,4,2.63,3.02,3.71,1.02,122,79,94,-0.39,0.0%,21.8%,10.9%,10.9%,🎏,<a href=https://npb.jp/bis/eng/teams/index_c.html>Hiroshima</a>,WL
,Diaz Yofrec,35,2,2,1,0,0,153,35.0,23,0,39,28,0,0,3,10,7,1.80,3.63,4.08,1.46,180,94,104,-1.83,0.0%,25.5%,18.3%,7.2%,⭐,<a href=https://npb.jp/bis/eng/teams/index_db.html>DeNA</a>,EL
,Hamaguchi Haruhiro,14,4,2,0,0,0,216,55.1,35,3,41,15,0,1,1,12,8,1.30,3.55,3.60,0.90,250,92,91,-2.25,1.4%,19.0%,6.9%,12.0%,⭐,<a href=https://npb.jp/bis/eng/teams/index_db.html>DeNA</a>,EL
,Hashimoto Tatsuya,5,0,0,0,0,0,22,4.2,6,0,4,1,0,0,0,3,3,5.79,2.39,3.44,1.50,56,62,87,3.40,0.0%,18.2%,4.5%,13.6%,⭐,<a href=https://npb.jp/bis/eng/teams/index_db.html>DeNA</a>,EL
,Horioka Hayato,33,2,2,6,0,0,152,35.0,32,0,36,12,0,1,3,17,15,3.86,2.52,3.22,1.26,84,65,82,1.34,0.0%,23.7%,7.9%,15.8%,⭐,<a href=https://npb.jp/bis/eng/teams/index_db.html>DeNA</a>,EL
,Ise Hiromu,10,1,0,3,0,0,38,9.1,6,0,5,3,0,0,0,1,0,0.00,3.35,4.27,0.96,999,87,108,-3.35,0.0%,13.2%,7.9%,5.3%,⭐,<a href=https://npb.jp/bis/eng/teams/index_db.html>DeNA</a>,EL
,Ishida Kenta,6,3,1,0,0,0,101,25.2,19,1,14,6,0,1,0,5,4,1.40,3.69,4.01,0.97,232,96,102,-2.29,1.0%,13.9%,5.9%,7.9%,⭐,<a href=https://npb.jp/bis/eng/teams/index_db.html>DeNA</a>,EL
,Ishida Yutaro,10,1,3,0,0,0,198,48.0,48,5,46,10,0,1,2,19,17,3.19,3.58,2.98,1.21,102,93,76,-0.40,2.5%,23.2%,5.1%,18.2%,⭐,<a href=https://npb.jp/bis/eng/teams/index_db.html>DeNA</a>,EL
,Ishikawa Tatsuya,28,4,2,0,0,0,161,38.0,40,3,27,9,0,0,2,14,12,2.84,3.78,3.68,1.29,114,98,93,-0.94,1.9%,16.8%,5.6%,11.2%,⭐,<a href=https://npb.jp/bis/eng/teams/index_db.html>DeNA</a>,EL
,Jackson Andre,4,1,1,0,0,0,73,17.0,21,2,16,6,0,0,0,8,7,3.71,4.17,3.43,1.59,88,108,87,-0.46,2.7%,21.9%,8.2%,13.7%,⭐,<a href=https://npb.jp/bis/eng/teams/index_db.html>DeNA</a>,EL
,Kamichatani Taiga,23,2,5,0,0,0,172,38.2,42,1,34,10,0,2,3,21,19,4.42,2.97,3.40,1.34,74,77,86,1.45,0.6%,19.8%,5.8%,14.0%,⭐,<a href=https://npb.jp/bis/eng/teams/index_db.html>DeNA</a>,EL
,Kay Anthony,2,2,0,0,0,0,39,11.2,7,1,10,2,0,0,0,2,2,1.54,3.37,2.75,0.77,211,88,70,-1.83,2.6%,25.6%,5.1%,20.5%,⭐,<a href=https://npb.jp/bis/eng/teams/index_db.html>DeNA</a>,EL
,Konno Ryuto,4,0,1,0,0,0,17,4.0,2,0,4,2,0,1,0,1,0,0.00,3.71,3.62,1.00,999,96,92,-3.71,0.0%,23.5%,11.8%,11.8%,⭐,<a href=https://npb.jp/bis/eng/teams/index_db.html>DeNA</a>,EL
,Kozono Kenta,18,3,3,0,1,0,321,70.2,78,8,47,27,0,5,1,40,35,4.46,4.96,4.18,1.49,73,129,106,-0.50,2.5%,14.6%,8.4%,6.2%,⭐,<a href=https://npb.jp/bis/eng/teams/index_db.html>DeNA</a>,EL
,Kusano Haruto,2,0,0,0,0,0,9,1.1,4,0,0,2,0,0,0,3,2,13.50,7.96,7.02,4.50,24,207,178,5.54,0.0%,0.0%,22.2%,-22.2%,⭐,<a href=https://npb.jp/bis/eng/teams/index_db.html>DeNA</a>,EL
,Kyoyama Masaya,17,0,0,1,0,0,75,18.0,17,2,15,5,0,1,1,10,9,4.50,4.24,3.47,1.22,72,110,88,0.26,2.7%,20.0%,6.7%,13.3%,⭐,<a href=https://npb.jp/bis/eng/teams/index_db.html>DeNA</a>,EL
,Marcelino Hansel,9,0,0,1,0,0,41,8.1,7,0,12,8,0,1,2,6,4,4.32,3.82,3.82,1.80,75,99,97,0.50,0.0%,29.3%,19.5%,9.8%,⭐,<a href=https://npb.jp/bis/eng/teams/index_db.html>DeNA</a>,EL
,Martinez Alexander,2,0,0,0,0,0,8,2.0,1,0,1,1,0,0,0,0,0,0.00,3.96,4.80,1.00,999,103,122,-3.96,0.0%,12.5%,12.5%,0.0%,⭐,<a href=https://npb.jp/bis/eng/teams/index_db.html>DeNA</a>,EL
,Matsumoto Ryoto,32,3,0,0,0,0,143,33.1,31,0,28,13,0,5,0,12,10,2.70,3.40,3.75,1.32,120,88,95,-0.70,0.0%,19.6%,9.1%,10.5%,⭐,<a href=https://npb.jp/bis/eng/teams/index_db.html>DeNA</a>,EL
,Matsumoto Ryunosuke,19,3,1,0,0,0,253,59.2,51,2,52,32,0,2,4,24,20,3.02,3.86,4.01,1.39,108,100,102,-0.84,0.8%,20.6%,12.6%,7.9%,⭐,<a href=https://npb.jp/bis/eng/teams/index_db.html>DeNA</a>,EL
,Mishima Kazuki,29,1,1,3,0,0,162,38.0,30,2,28,14,0,1,5,9,7,1.66,3.85,3.94,1.16,196,100,100,-2.19,1.2%,17.3%,8.6%,8.6%,⭐,<a href=https://npb.jp/bis/eng/teams/index_db.html>DeNA</a>,EL
,Miura Ginji,17,2,1,0,0,0,82,15.2,21,1,8,12,0,3,1,17,15,8.62,6.14,5.29,2.11,38,159,134,2.48,1.2%,9.8%,14.6%,-4.9%,⭐,<a href=https://npb.jp/bis/eng/teams/index_db.html>DeNA</a>,EL
,Miyagi Daita,31,4,3,0,0,0,258,59.2,58,3,53,20,0,4,1,29,26,3.92,3.54,3.52,1.31,83,92,89,0.38,1.2%,20.5%,7.8%,12.8%,⭐,<a href=https://npb.jp/bis/eng/teams/index_db.html>DeNA</a>,EL
,Mori Yuito,11,2,1,1,0,0,238,61.0,53,5,40,7,0,1,1,20,18,2.66,3.61,3.41,0.98,122,94,87,-0.95,2.1%,16.8%,2.9%,13.9%,⭐,<a href=https://npb.jp/bis/eng/teams/index_db.html>DeNA</a>,EL
,Morishita Ryudai,13,2,2,0,0,0,258,61.1,65,1,40,15,0,5,1,18,9,1.32,3.35,3.83,1.30,246,87,97,-2.03,0.4%,15.5%,5.8%,9.7%,⭐,<a href=https://npb.jp/bis/eng/teams/index_db.html>DeNA</a>,EL
,Nakagawa Hayate,2,2,0,0,0,0,24,6.0,7,1,2,0,0,0,0,2,2,3.00,4.96,3.97,1.17,108,129,101,-1.96,4.2%,8.3%,0.0%,8.3%,⭐,<a href=https://npb.jp/bis/eng/teams/index_db.html>DeNA</a>,EL
,Nakagawa Koh,8,0,0,0,0,0,31,8.0,3,0,12,4,0,0,0,3,3,3.38,1.96,2.22,0.88,96,51,56,1.42,0.0%,38.7%,12.9%,25.8%,⭐,<a href=https://npb.jp/bis/eng/teams/index_db.html>DeNA</a>,EL
,Ohnuki Shinichi,7,2,1,0,0,0,127,32.0,29,1,20,10,0,1,1,12,12,3.38,3.65,4.01,1.22,96,95,102,-0.27,0.8%,15.7%,7.9%,7.9%,⭐,<a href=https://npb.jp/bis/eng/teams/index_db.html>DeNA</a>,EL
,Sakamoto Yuya,9,0,0,0,0,0,51,12.2,9,0,12,2,0,0,0,2,2,1.42,2.04,2.84,0.87,229,53,72,-0.62,0.0%,23.5%,3.9%,19.6%,⭐,<a href=https://npb.jp/bis/eng/teams/index_db.html>DeNA</a>,EL
,Sasaki Chihaya,18,0,0,0,0,0,81,20.1,13,0,23,7,0,2,0,5,2,0.89,2.53,2.82,0.98,365,66,72,-1.64,0.0%,28.4%,8.6%,19.8%,⭐,<a href=https://npb.jp/bis/eng/teams/index_db.html>DeNA</a>,EL
,Shimizu Manato,1,0,0,0,0,0,7,1.0,1,0,3,2,0,1,0,1,1,9.00,6.46,3.37,3.00,36,168,86,2.54,0.0%,42.9%,28.6%,14.3%,⭐,<a href=https://npb.jp/bis/eng/teams/index_db.html>DeNA</a>,EL
,Shoji Haruto,21,8,5,0,0,0,439,107.1,96,5,73,36,0,9,5,29,28,2.35,3.96,3.96,1.23,138,103,100,-1.61,1.1%,16.6%,8.2%,8.4%,⭐,<a href=https://npb.jp/bis/eng/teams/index_db.html>DeNA</a>,EL
,Taira Kentaro,6,1,1,0,0,0,98,26.1,19,0,24,2,0,0,0,4,4,1.37,1.87,2.56,0.80,237,48,65,-0.50,0.0%,24.5%,2.0%,22.4%,⭐,<a href=https://npb.jp/bis/eng/teams/index_db.html>DeNA</a>,EL
,Takada Takuto,13,0,4,0,0,0,103,20.0,29,2,10,15,0,0,0,21,19,8.55,6.01,5.29,2.20,38,156,134,2.54,1.9%,9.7%,14.6%,-4.9%,⭐,<a href=https://npb.jp/bis/eng/teams/index_db.html>DeNA</a>,EL
,Watanabe Aki,48,7,0,9,0,0,188,48.0,23,1,51,20,1,3,0,12,12,2.25,3.04,3.15,0.90,144,79,80,-0.79,0.5%,27.1%,10.6%,16.5%,⭐,<a href=https://npb.jp/bis/eng/teams/index_db.html>DeNA</a>,EL
,Wendelken J.B.,3,0,0,0,0,0,15,3.0,6,0,5,0,0,0,0,5,0,0.00,0.13,1.47,2.00,999,3,37,-0.13,0.0%,33.3%,0.0%,33.3%,⭐,<a href=https://npb.jp/bis/eng/teams/index_db.html>DeNA</a>,EL
,Wick Rowan,13,1,0,1,0,0,58,13.1,9,0,14,6,0,3,2,9,7,4.73,3.38,3.42,1.13,69,88,87,1.35,0.0%,24.1%,10.3%,13.8%,⭐,<a href=https://npb.jp/bis/eng/teams/index_db.html>DeNA</a>,EL
,Yamasaki Yasuaki,11,2,1,2,0,0,45,11.0,9,0,10,0,0,2,0,3,0,0.00,2.19,2.58,0.82,999,57,65,-2.19,0.0%,22.2%,0.0%,22.2%,⭐,<a href=https://npb.jp/bis/eng/teams/index_db.html>DeNA</a>,EL
,Yoshino Teruki,16,4,5,0,0,0,279,66.1,61,6,53,23,0,2,0,27,24,3.26,4.17,3.72,1.27,100,108,95,-0.91,2.2%,19.0%,8.2%,10.8%,⭐,<a href=https://npb.jp/bis/eng/teams/index_db.html>DeNA</a>,EL
,Akahoshi Yuji,8,2,2,0,0,0,106,28.1,18,0,19,4,0,2,0,5,4,1.27,2.75,3.38,0.78,252,73,86,-1.48,0.0%,17.9%,3.8%,14.2%,🐰,<a href=https://npb.jp/bis/eng/teams/index_g.html>Yomiuri</a>,EL
,Baba Kosuke,46,4,1,2,0,0,183,44.2,41,2,47,13,0,2,4,14,13,2.62,2.95,2.94,1.21,122,78,75,-0.33,1.1%,25.7%,7.1%,18.6%,🐰,<a href=https://npb.jp/bis/eng/teams/index_g.html>Yomiuri</a>,EL
,Funabasama Hiromasa,2,0,0,0,0,0,7,2.0,1,0,3,0,0,0,0,0,0,0.00,0.46,0.51,0.50,999,12,13,-0.46,0.0%,42.9%,0.0%,42.9%,🐰,<a href=https://npb.jp/bis/eng/teams/index_g.html>Yomiuri</a>,EL
,Griffin Foster,4,1,2,0,0,0,85,21.1,19,2,23,4,0,0,0,7,6,2.53,3.08,2.56,1.08,126,81,65,-0.55,2.4%,27.1%,4.7%,22.4%,🐰,<a href=https://npb.jp/bis/eng/teams/index_g.html>Yomiuri</a>,EL
,Hatake Seishu,37,2,1,2,0,0,164,44.2,23,1,35,11,0,2,2,7,7,1.41,3.06,3.34,0.76,227,81,85,-1.65,0.6%,21.3%,6.7%,14.6%,🐰,<a href=https://npb.jp/bis/eng/teams/index_g.html>Yomiuri</a>,EL
,Heinai Ryuta,14,1,1,2,0,0,55,14.0,11,2,12,2,0,1,1,5,5,3.21,4.25,2.98,0.93,100,112,76,-1.04,3.6%,21.8%,3.6%,18.2%,🐰,<a href=https://npb.jp/bis/eng/teams/index_g.html>Yomiuri</a>,EL
,Hotta Kenshin,12,3,2,0,1,0,217,52.0,53,6,44,10,0,3,2,25,22,3.81,4.02,3.23,1.21,84,106,82,-0.21,2.8%,20.3%,4.6%,15.7%,🐰,<a href=https://npb.jp/bis/eng/teams/index_g.html>Yomiuri</a>,EL
,Imamura Nobutaka,42,2,2,0,0,0,176,44.1,32,1,41,9,0,6,3,11,10,2.03,2.92,2.98,0.92,158,77,76,-0.89,0.6%,23.3%,5.1%,18.2%,🐰,<a href=https://npb.jp/bis/eng/teams/index_g.html>Yomiuri</a>,EL
,Inoue Haruto,3,0,0,0,0,0,50,13.0,13,0,14,1,0,1,0,5,5,3.46,1.77,2.20,1.08,92,47,56,1.69,0.0%,28.0%,2.0%,26.0%,🐰,<a href=https://npb.jp/bis/eng/teams/index_g.html>Yomiuri</a>,EL
,Itoh Yusuke,40,4,0,14,0,0,169,42.0,28,0,34,19,0,3,3,6,6,1.29,3.41,3.91,1.12,248,90,99,-2.12,0.0%,20.1%,11.2%,8.9%,🐰,<a href=https://npb.jp/bis/eng/teams/index_g.html>Yomiuri</a>,EL
,Izumi Keisuke,11,1,0,1,0,0,39,11.0,5,0,10,3,0,0,0,0,0,0.00,2.46,3.01,0.73,999,65,76,-2.46,0.0%,25.6%,7.7%,17.9%,🐰,<a href=https://npb.jp/bis/eng/teams/index_g.html>Yomiuri</a>,EL
,Keller Kyle,5,0,0,0,0,0,18,5.0,3,0,5,2,0,0,1,0,0,0.00,2.66,3.13,1.00,999,70,80,-2.66,0.0%,27.8%,11.1%,16.7%,🐰,<a href=https://npb.jp/bis/eng/teams/index_g.html>Yomiuri</a>,EL
,Kikuchi Taiki,36,6,2,1,0,0,149,36.0,31,2,45,8,0,1,2,7,4,1.00,2.43,2.32,1.08,320,64,59,-1.43,1.3%,30.2%,5.4%,24.8%,🐰,<a href=https://npb.jp/bis/eng/teams/index_g.html>Yomiuri</a>,EL
,Kinoshita Motoya,2,0,1,0,0,0,22,4.0,7,0,5,3,0,1,1,4,2,4.50,3.96,3.89,2.50,71,104,99,0.54,0.0%,22.7%,13.6%,9.1%,🐰,<a href=https://npb.jp/bis/eng/teams/index_g.html>Yomiuri</a>,EL
,Kondoh Taisuke,44,3,2,3,0,0,174,40.2,37,0,51,16,0,0,0,17,16,3.54,2.13,2.79,1.30,90,56,71,1.41,0.0%,29.3%,9.2%,20.1%,🐰,<a href=https://npb.jp/bis/eng/teams/index_g.html>Yomiuri</a>,EL
,Kyomoto Makoto,30,2,1,2,0,0,147,30.2,38,3,29,15,0,2,3,18,17,4.99,4.50,3.85,1.73,64,119,98,0.49,2.0%,19.7%,10.2%,9.5%,🐰,<a href=https://npb.jp/bis/eng/teams/index_g.html>Yomiuri</a>,EL
,Luciano Elvis,10,1,0,0,0,0,36,10.0,5,1,5,4,0,0,1,2,2,1.80,4.96,4.52,0.90,178,131,115,-3.16,2.8%,13.9%,11.1%,2.8%,🐰,<a href=https://npb.jp/bis/eng/teams/index_g.html>Yomiuri</a>,EL
,Mataki Teppei,20,5,3,0,0,0,350,87.0,76,4,70,22,0,2,1,24,20,2.07,3.28,3.43,1.13,155,86,87,-1.21,1.1%,20.0%,6.3%,13.7%,🐰,<a href=https://npb.jp/bis/eng/teams/index_g.html>Yomiuri</a>,EL
,Matsui Hayate,15,2,5,0,0,0,294,67.0,62,5,50,30,0,4,1,36,29,3.90,4.46,4.12,1.37,82,118,105,-0.56,1.7%,17.0%,10.2%,6.8%,🐰,<a href=https://npb.jp/bis/eng/teams/index_g.html>Yomiuri</a>,EL
,Mendez Yohander,22,6,5,0,0,0,461,105.0,104,3,91,38,0,13,3,48,46,3.94,3.56,3.65,1.35,81,94,93,0.38,0.7%,19.7%,8.2%,11.5%,🐰,<a href=https://npb.jp/bis/eng/teams/index_g.html>Yomiuri</a>,EL
,Morita Shunya,3,1,1,0,0,0,39,10.0,9,0,7,2,0,0,1,2,2,1.80,2.66,3.52,1.10,178,70,89,-0.86,0.0%,17.9%,5.1%,12.8%,🐰,<a href=https://npb.jp/bis/eng/teams/index_g.html>Yomiuri</a>,EL
,Nakagawa Kota,20,1,1,0,0,0,83,20.0,19,1,15,2,0,0,0,7,3,1.35,2.91,3.23,1.05,237,77,82,-1.56,1.2%,18.1%,2.4%,15.7%,🐰,<a href=https://npb.jp/bis/eng/teams/index_g.html>Yomiuri</a>,EL
,Naoe Daisuke,17,2,3,0,0,0,188,45.0,51,2,23,9,0,2,2,17,16,3.20,3.75,4.06,1.33,100,99,103,-0.55,1.1%,12.2%,4.8%,7.4%,🐰,<a href=https://npb.jp/bis/eng/teams/index_g.html>Yomiuri</a>,EL
,Nishidate Yuhi,10,1,0,0,0,0,148,38.2,23,2,54,11,0,0,2,7,6,1.40,2.19,1.89,0.88,229,58,48,-0.79,1.4%,36.5%,7.4%,29.1%,🐰,<a href=https://npb.jp/bis/eng/teams/index_g.html>Yomiuri</a>,EL
,Ohe Ryusei,32,0,1,0,0,0,123,28.2,23,1,36,13,0,4,0,10,10,3.14,3.18,2.93,1.26,102,84,74,-0.04,0.8%,29.3%,10.6%,18.7%,🐰,<a href=https://npb.jp/bis/eng/teams/index_g.html>Yomiuri</a>,EL
,Ota Taisei,5,0,0,1,0,0,16,5.0,1,0,8,0,0,0,0,0,0,0.00,0.26,-0.20,0.20,999,7,-5,-0.26,0.0%,50.0%,0.0%,50.0%,🐰,<a href=https://npb.jp/bis/eng/teams/index_g.html>Yomiuri</a>,EL
,Ramos Eury,2,0,0,0,0,0,8,2.0,1,0,4,0,0,0,0,0,0,0.00,-0.54,-0.20,0.50,999,-14,-5,0.54,0.0%,50.0%,0.0%,50.0%,🐰,<a href=https://npb.jp/bis/eng/teams/index_g.html>Yomiuri</a>,EL
,Suzuki Kohei,30,0,0,0,0,0,129,30.1,21,1,26,18,0,2,3,9,8,2.37,4.15,4.18,1.29,135,110,106,-1.78,0.8%,20.2%,14.0%,6.2%,🐰,<a href=https://npb.jp/bis/eng/teams/index_g.html>Yomiuri</a>,EL
,Takahashi Rei,14,2,3,0,0,0,284,64.2,78,4,38,17,0,4,1,29,21,2.92,4.06,4.06,1.47,110,107,103,-1.14,1.4%,13.4%,6.0%,7.4%,🐰,<a href=https://npb.jp/bis/eng/teams/index_g.html>Yomiuri</a>,EL
,Takahashi Yuki,2,1,0,0,0,0,31,6.0,9,0,4,4,0,2,0,4,4,6.00,5.13,4.80,2.17,53,135,122,0.87,0.0%,12.9%,12.9%,0.0%,🐰,<a href=https://npb.jp/bis/eng/teams/index_g.html>Yomiuri</a>,EL
,Takanashi Yuhei,6,0,0,0,0,0,27,6.0,6,1,6,2,0,1,0,2,1,1.50,5.13,3.32,1.33,213,135,84,-3.63,3.7%,22.2%,7.4%,14.8%,🐰,<a href=https://npb.jp/bis/eng/teams/index_g.html>Yomiuri</a>,EL
,Tanaka Chiharu,29,5,3,0,0,0,231,52.1,51,1,55,32,1,2,3,23,21,3.61,3.56,3.80,1.59,89,94,97,0.05,0.4%,23.8%,13.9%,10.0%,🐰,<a href=https://npb.jp/bis/eng/teams/index_g.html>Yomiuri</a>,EL
,Toda Natsuki,29,2,2,2,0,0,132,31.0,25,0,28,16,0,0,1,12,7,2.03,3.20,3.89,1.32,158,84,99,-1.17,0.0%,21.2%,12.1%,9.1%,🐰,<a href=https://npb.jp/bis/eng/teams/index_g.html>Yomiuri</a>,EL
,Tomida Ryu,4,1,0,0,0,0,16,4.0,3,0,7,1,0,1,0,2,1,2.25,1.46,1.05,1.00,142,39,27,0.79,0.0%,43.8%,6.2%,37.5%,🐰,<a href=https://npb.jp/bis/eng/teams/index_g.html>Yomiuri</a>,EL
,Yamada Ryusei,29,2,2,0,0,0,105,27.1,14,1,32,11,0,1,3,6,5,1.65,2.91,2.80,0.91,194,77,71,-1.26,1.0%,30.5%,10.5%,20.0%,🐰,<a href=https://npb.jp/bis/eng/teams/index_g.html>Yomiuri</a>,EL
,Yokogawa Kai,18,6,6,0,0,0,353,84.0,94,8,62,23,0,3,2,37,35,3.75,4.15,3.70,1.39,85,109,94,-0.40,2.3%,17.6%,6.5%,11.0%,🐰,<a href=https://npb.jp/bis/eng/teams/index_g.html>Yomiuri</a>,EL
,Espada Jose,19,0,0,3,0,0,74,19.0,9,0,27,9,0,0,3,2,2,0.95,2.04,2.37,0.95,354,51,60,-1.09,0.0%,36.5%,12.2%,24.3%,🐧,<a href=https://npb.jp/bis/eng/teams/index_s.html>Yakult</a>,EL
,Hara Juri,26,4,4,0,0,0,228,55.0,58,3,15,13,0,2,3,26,21,3.44,4.44,4.71,1.29,98,111,120,-1.00,1.3%,6.6%,5.7%,0.9%,🐧,<a href=https://npb.jp/bis/eng/teams/index_s.html>Yakult</a>,EL
,Hasegawa Hiroki,26,3,1,0,0,0,117,28.1,21,0,30,8,0,1,0,8,7,2.22,2.30,2.92,1.02,152,58,74,-0.08,0.0%,25.6%,6.8%,18.8%,🐧,<a href=https://npb.jp/bis/eng/teams/index_s.html>Yakult</a>,EL
,Hoshi Tomoya,14,0,2,4,0,0,54,13.0,11,0,11,5,1,0,1,3,3,2.08,2.92,3.69,1.23,162,73,94,-0.84,0.0%,20.4%,9.3%,11.1%,🐧,<a href=https://npb.jp/bis/eng/teams/index_s.html>Yakult</a>,EL
,Ishihara Yuki,25,0,2,0,0,0,117,22.1,33,0,19,16,0,1,4,21,15,6.04,4.04,4.54,2.19,56,101,115,2.00,0.0%,16.2%,13.7%,2.6%,🐧,<a href=https://npb.jp/bis/eng/teams/index_s.html>Yakult</a>,EL
,Ishikawa Masanori,10,2,0,0,0,0,172,40.2,40,3,27,12,0,0,2,12,11,2.43,3.98,3.93,1.28,138,100,100,-1.55,1.7%,15.7%,7.0%,8.7%,🐧,<a href=https://npb.jp/bis/eng/teams/index_s.html>Yakult</a>,EL
,Ishiyama Taichi,6,2,0,1,0,0,32,7.0,7,0,6,3,0,0,0,4,1,1.29,3.03,3.86,1.43,261,76,98,-1.74,0.0%,18.8%,9.4%,9.4%,🐧,<a href=https://npb.jp/bis/eng/teams/index_s.html>Yakult</a>,EL
,Kanakubo Yuto,16,1,1,1,0,0,187,45.2,37,3,34,15,0,1,1,22,20,3.94,3.88,3.78,1.14,85,97,96,0.06,1.6%,18.2%,8.0%,10.2%,🐧,<a href=https://npb.jp/bis/eng/teams/index_s.html>Yakult</a>,EL
,Katekaru Kouta,18,1,1,0,0,0,99,20.2,21,2,12,14,0,2,5,17,12,5.23,5.88,5.00,1.69,64,147,127,-0.65,2.0%,12.1%,14.1%,-2.0%,🐧,<a href=https://npb.jp/bis/eng/teams/index_s.html>Yakult</a>,EL
,Kayama Shinya,29,1,1,0,0,0,111,25.2,23,2,21,8,0,0,0,10,8,2.81,3.77,3.63,1.21,120,95,92,-0.96,1.8%,18.9%,7.2%,11.7%,🐧,<a href=https://npb.jp/bis/eng/teams/index_s.html>Yakult</a>,EL
,Konno Ryuta,32,1,2,8,0,0,146,34.0,32,1,30,11,2,2,0,13,10,2.65,3.22,3.50,1.26,127,81,89,-0.57,0.7%,20.5%,7.5%,13.0%,🐧,<a href=https://npb.jp/bis/eng/teams/index_s.html>Yakult</a>,EL
,Kozawa Reiji,2,0,0,0,0,0,12,3.0,4,0,2,0,0,0,0,1,1,3.00,2.13,3.13,1.33,112,53,80,0.87,0.0%,16.7%,0.0%,16.7%,🐧,<a href=https://npb.jp/bis/eng/teams/index_s.html>Yakult</a>,EL
,Maruyama Shota,24,1,2,7,0,0,100,25.0,16,1,24,11,1,0,1,7,5,1.80,3.38,3.50,1.08,187,85,89,-1.58,1.0%,24.0%,11.0%,13.0%,🐧,<a href=https://npb.jp/bis/eng/teams/index_s.html>Yakult</a>,EL
,Matsumoto Kengo,14,4,2,0,0,0,214,50.2,55,2,39,11,0,2,2,17,14,2.49,3.20,3.49,1.30,135,80,89,-0.71,0.9%,18.2%,5.1%,13.1%,🐧,<a href=https://npb.jp/bis/eng/teams/index_s.html>Yakult</a>,EL
,Miyagawa Tetsu,38,1,2,1,0,0,171,38.2,36,5,30,17,0,2,3,24,19,4.42,5.06,4.04,1.37,76,127,103,-0.64,2.9%,17.5%,9.9%,7.6%,🐧,<a href=https://npb.jp/bis/eng/teams/index_s.html>Yakult</a>,EL
,Nishidate Kota,5,1,1,0,0,0,41,9.0,8,0,11,7,0,0,2,5,5,5.00,3.35,3.82,1.67,67,84,97,1.65,0.0%,26.8%,17.1%,9.8%,🐧,<a href=https://npb.jp/bis/eng/teams/index_s.html>Yakult</a>,EL
,Numata Shohei,28,4,5,0,0,0,269,61.1,62,6,36,27,0,1,1,31,29,4.26,4.93,4.47,1.45,79,124,113,-0.67,2.2%,13.4%,10.0%,3.3%,🐧,<a href=https://npb.jp/bis/eng/teams/index_s.html>Yakult</a>,EL
,Ogawa Yasuhiro,8,0,3,0,0,0,159,38.2,41,4,17,6,0,0,1,19,19,4.42,4.39,4.11,1.22,76,110,104,0.03,2.5%,10.7%,3.8%,6.9%,🐧,<a href=https://npb.jp/bis/eng/teams/index_s.html>Yakult</a>,EL
,Okugawa Yasunobu,10,2,3,1,0,0,168,41.2,31,3,19,9,0,4,0,20,15,3.24,4.42,4.20,0.96,104,111,107,-1.18,1.8%,11.3%,5.4%,6.0%,🐧,<a href=https://npb.jp/bis/eng/teams/index_s.html>Yakult</a>,EL
,Onaka Yuya,33,0,2,1,0,0,132,32.1,28,0,24,7,0,2,0,9,6,1.67,2.81,3.51,1.08,201,70,89,-1.14,0.0%,18.2%,5.3%,12.9%,🐧,<a href=https://npb.jp/bis/eng/teams/index_s.html>Yakult</a>,EL
,Rodriguez Elvin,17,1,0,2,0,0,181,43.0,31,0,29,14,0,2,2,13,8,1.67,3.23,3.97,1.05,201,81,101,-1.56,0.0%,16.0%,7.7%,8.3%,🐧,<a href=https://npb.jp/bis/eng/teams/index_s.html>Yakult</a>,EL
,Sakaguchi Kousuke,20,9,3,0,0,0,414,100.2,78,6,57,36,0,4,5,31,25,2.24,4.29,4.29,1.13,150,108,109,-2.05,1.4%,13.8%,8.7%,5.1%,🐧,<a href=https://npb.jp/bis/eng/teams/index_s.html>Yakult</a>,EL
,Sakamoto Takumi,11,0,2,0,0,0,100,20.0,23,1,13,19,0,0,2,18,18,8.10,5.66,5.40,2.10,42,142,137,2.44,1.0%,13.0%,19.0%,-6.0%,🐧,<a href=https://npb.jp/bis/eng/teams/index_s.html>Yakult</a>,EL
,Shibata Daichi,40,2,1,0,0,0,151,37.1,21,1,31,22,1,0,5,9,9,2.17,3.92,4.20,1.15,155,98,107,-1.75,0.7%,20.5%,14.6%,6.0%,🐧,<a href=https://npb.jp/bis/eng/teams/index_s.html>Yakult</a>,EL
,Shimizu Noboru,18,3,1,1,0,0,200,46.0,54,2,37,9,0,2,3,27,23,4.50,3.13,3.40,1.37,75,79,86,1.37,1.0%,18.5%,4.5%,14.0%,🐧,<a href=https://npb.jp/bis/eng/teams/index_s.html>Yakult</a>,EL
,Shimo Shinnosuke,23,2,0,0,0,0,133,28.0,21,0,25,28,0,6,5,18,17,5.46,5.32,5.03,1.75,62,133,128,0.14,0.0%,18.8%,21.1%,-2.3%,🐧,<a href=https://npb.jp/bis/eng/teams/index_s.html>Yakult</a>,EL
,Taguchi Kazuto,10,1,1,3,0,0,42,10.0,10,0,10,1,0,0,0,2,2,1.80,1.76,2.66,1.10,187,44,67,0.04,0.0%,23.8%,2.4%,21.4%,🐧,<a href=https://npb.jp/bis/eng/teams/index_s.html>Yakult</a>,EL
,Takahashi Keiji,3,1,1,0,0,0,57,15.2,9,1,11,2,0,1,0,3,3,1.72,3.46,3.22,0.70,196,87,82,-1.74,1.8%,19.3%,3.5%,15.8%,🐧,<a href=https://npb.jp/bis/eng/teams/index_s.html>Yakult</a>,EL
,Takahashi Shosei,2,0,0,0,0,0,10,2.0,3,0,4,1,0,0,0,2,2,9.00,0.96,1.80,2.00,37,24,46,8.04,0.0%,40.0%,10.0%,30.0%,🐧,<a href=https://npb.jp/bis/eng/teams/index_s.html>Yakult</a>,EL
,Takanashi Hirotoshi,13,3,6,0,0,0,247,57.0,60,6,50,16,0,2,2,25,21,3.32,4.02,3.42,1.33,101,101,87,-0.70,2.4%,20.2%,6.5%,13.8%,🐧,<a href=https://npb.jp/bis/eng/teams/index_s.html>Yakult</a>,EL
,Takeyama Hyuga,15,3,4,0,0,0,181,35.2,55,2,12,18,0,5,2,37,33,8.33,5.45,5.13,2.05,40,137,130,2.88,1.1%,6.6%,9.9%,-3.3%,🐧,<a href=https://npb.jp/bis/eng/teams/index_s.html>Yakult</a>,EL
,Yamamoto Daiki,6,0,0,0,0,0,33,8.0,6,0,5,3,0,2,0,0,0,0.00,4.08,4.19,1.12,999,102,106,-4.08,0.0%,15.2%,9.1%,6.1%,🐧,<a href=https://npb.jp/bis/eng/teams/index_s.html>Yakult</a>,EL
,Yamano Taichi,11,3,1,0,0,0,176,44.1,35,2,29,9,0,2,1,9,6,1.22,3.48,3.66,0.99,276,87,93,-2.26,1.1%,16.5%,5.1%,11.4%,🐧,<a href=https://npb.jp/bis/eng/teams/index_s.html>Yakult</a>,EL
,Yamashita Hikaru,19,3,5,1,0,0,238,55.0,62,7,23,18,0,2,4,37,36,5.89,5.37,4.59,1.45,57,135,117,0.52,2.9%,9.7%,7.6%,2.1%,🐧,<a href=https://npb.jp/bis/eng/teams/index_s.html>Yakult</a>,EL
,Alvarez Frank,16,0,1,1,0,0,100,20.1,25,1,17,12,0,3,4,18,15,6.64,4.64,4.30,1.82,50,118,109,2.00,1.0%,17.0%,12.0%,5.0%,🐉,<a href=https://npb.jp/bis/eng/teams/index_d.html>Chunichi</a>,WL
,Feliz Michael,24,2,0,5,0,0,89,23.1,14,0,24,5,0,0,9,5,2,0.77,2.05,2.67,0.81,430,52,68,-1.28,0.0%,27.0%,5.6%,21.3%,🐉,<a href=https://npb.jp/bis/eng/teams/index_d.html>Chunichi</a>,WL
,Fujishima Kento,3,0,0,0,0,0,13,3.0,3,2,3,1,0,0,0,2,2,6.00,11.13,3.26,1.33,55,283,83,-5.13,15.4%,23.1%,7.7%,15.4%,🐉,<a href=https://npb.jp/bis/eng/teams/index_d.html>Chunichi</a>,WL
,Fuku Hiroto,26,2,0,0,0,0,95,20.2,22,1,19,7,0,1,0,9,8,3.48,3.41,3.54,1.40,95,87,90,0.07,1.1%,20.0%,7.4%,12.6%,🐉,<a href=https://npb.jp/bis/eng/teams/index_d.html>Chunichi</a>,WL
,Fukuda Konosuke,10,2,3,0,0,0,165,37.1,27,0,29,25,0,2,2,16,13,3.13,4.08,4.56,1.39,106,104,116,-0.95,0.0%,17.6%,15.2%,2.4%,🐉,<a href=https://npb.jp/bis/eng/teams/index_d.html>Chunichi</a>,WL
,Fukushima Shota,23,0,1,1,0,0,118,22.2,24,1,21,24,1,5,2,21,14,5.56,6.02,5.05,2.12,60,153,128,-0.46,0.8%,17.8%,20.3%,-2.5%,🐉,<a href=https://npb.jp/bis/eng/teams/index_d.html>Chunichi</a>,WL
,Fukutani Koji,15,4,2,0,1,1,265,66.1,62,3,57,13,0,1,3,18,18,2.44,2.96,3.14,1.13,136,75,80,-0.52,1.1%,21.5%,4.9%,16.6%,🐉,<a href=https://npb.jp/bis/eng/teams/index_d.html>Chunichi</a>,WL
,Habu Shohta,16,0,2,0,0,0,78,16.1,25,2,13,5,1,2,3,12,11,6.06,4.75,3.77,1.84,55,121,96,1.31,2.6%,16.7%,6.4%,10.3%,🐉,<a href=https://npb.jp/bis/eng/teams/index_d.html>Chunichi</a>,WL
,Hashimoto Yuki,6,0,0,3,0,0,20,5.1,3,0,3,2,0,0,0,1,0,0.00,3.46,4.30,0.94,999,88,109,-3.46,0.0%,15.0%,10.0%,5.0%,🐉,<a href=https://npb.jp/bis/eng/teams/index_d.html>Chunichi</a>,WL
,Ishikawa Sho,17,2,1,0,0,0,61,15.0,8,1,13,11,0,1,2,7,5,3.00,4.99,4.47,1.27,110,127,114,-1.99,1.6%,21.3%,18.0%,3.3%,🐉,<a href=https://npb.jp/bis/eng/teams/index_d.html>Chunichi</a>,WL
,Ishimori Taisei,26,1,0,0,0,0,168,39.0,36,3,41,25,0,0,2,18,18,4.15,4.28,3.85,1.56,80,109,98,-0.13,1.8%,24.4%,14.9%,9.5%,🐉,<a href=https://npb.jp/bis/eng/teams/index_d.html>Chunichi</a>,WL
,Iwasaki Sho,24,1,1,8,0,0,90,21.2,18,0,18,8,0,0,4,5,3,1.25,2.91,3.69,1.20,265,74,94,-1.66,0.0%,20.0%,8.9%,11.1%,🐉,<a href=https://npb.jp/bis/eng/teams/index_d.html>Chunichi</a>,WL
,Kakigoshi Kenshin,5,1,0,0,0,0,19,3.1,7,0,2,3,0,0,0,4,3,8.10,4.96,5.33,3.00,41,126,135,3.14,0.0%,10.5%,15.8%,-5.3%,🐉,<a href=https://npb.jp/bis/eng/teams/index_d.html>Chunichi</a>,WL
,Kato Ryuma,9,0,0,0,0,0,48,8.1,10,0,9,10,0,2,0,9,6,6.48,5.62,5.01,2.40,51,143,127,0.86,0.0%,18.8%,20.8%,-2.1%,🐉,<a href=https://npb.jp/bis/eng/teams/index_d.html>Chunichi</a>,WL
,Kato Tsubasa,5,0,0,0,0,0,20,4.2,6,0,2,2,0,0,1,4,4,7.71,3.89,4.80,1.71,43,99,122,3.82,0.0%,10.0%,10.0%,0.0%,🐉,<a href=https://npb.jp/bis/eng/teams/index_d.html>Chunichi</a>,WL
,Katsuno Akiyoshi,10,0,0,1,0,0,32,8.2,5,0,10,2,0,0,2,0,0,0.00,1.84,2.30,0.81,999,47,58,-1.84,0.0%,31.2%,6.2%,25.0%,🐉,<a href=https://npb.jp/bis/eng/teams/index_d.html>Chunichi</a>,WL
,Kikuta Towa,6,0,1,0,0,0,29,6.1,6,0,3,5,0,0,4,4,2,2.84,4.88,5.49,1.74,117,124,139,-2.04,0.0%,10.3%,17.2%,-6.9%,🐉,<a href=https://npb.jp/bis/eng/teams/index_d.html>Chunichi</a>,WL
,Kondo Ren,46,3,1,0,0,0,173,43.0,29,2,36,17,0,2,8,12,10,2.09,3.72,3.70,1.07,159,95,94,-1.63,1.2%,20.8%,9.8%,11.0%,🐉,<a href=https://npb.jp/bis/eng/teams/index_d.html>Chunichi</a>,WL
,Matsuba Takahiro,6,4,1,0,0,0,132,34.2,24,1,14,9,0,2,1,7,7,1.82,3.98,4.42,0.95,182,101,112,-2.16,0.8%,10.6%,6.8%,3.8%,🐉,<a href=https://npb.jp/bis/eng/teams/index_d.html>Chunichi</a>,WL
,Matsukihira Yuta,16,10,3,0,3,2,422,107.2,90,2,71,24,0,0,6,22,21,1.76,3.05,3.69,1.06,188,78,94,-1.29,0.5%,16.8%,5.7%,11.1%,🐉,<a href=https://npb.jp/bis/eng/teams/index_d.html>Chunichi</a>,WL
,Mejia Humberto,4,1,1,0,0,0,88,23.0,21,0,13,2,0,2,0,2,2,0.78,2.85,3.55,1.00,425,73,90,-2.07,0.0%,14.8%,2.3%,12.5%,🐉,<a href=https://npb.jp/bis/eng/teams/index_d.html>Chunichi</a>,WL
,Mori Hiroto,24,2,4,0,0,0,101,25.0,15,0,14,12,0,1,0,8,6,2.16,3.90,4.60,1.08,153,99,117,-1.74,0.0%,13.9%,11.9%,2.0%,🐉,<a href=https://npb.jp/bis/eng/teams/index_d.html>Chunichi</a>,WL
,Moriyama Akio,5,0,1,0,0,0,46,9.0,14,2,5,4,0,1,2,9,8,8.00,6.90,4.58,2.00,41,176,116,1.10,4.3%,10.9%,8.7%,2.2%,🐉,<a href=https://npb.jp/bis/eng/teams/index_d.html>Chunichi</a>,WL
,Nakachi Reia,9,3,2,0,0,0,203,49.0,49,0,50,12,0,0,5,20,17,3.12,2.15,2.93,1.24,106,55,74,0.97,0.0%,24.6%,5.9%,18.7%,🐉,<a href=https://npb.jp/bis/eng/teams/index_d.html>Chunichi</a>,WL
,Neo Akira,16,4,5,0,0,0,344,82.0,74,2,75,35,0,4,7,28,24,2.63,3.37,3.64,1.33,126,86,92,-0.74,0.6%,21.8%,10.2%,11.6%,🐉,<a href=https://npb.jp/bis/eng/teams/index_d.html>Chunichi</a>,WL
,Nonaka Tento,8,0,3,0,0,0,101,21.2,26,2,16,13,0,0,0,16,16,6.65,4.98,4.50,1.80,50,127,114,1.67,2.0%,15.8%,12.9%,3.0%,🐉,<a href=https://npb.jp/bis/eng/teams/index_d.html>Chunichi</a>,WL
,Ohno Yudai,11,4,2,0,0,0,231,58.2,45,3,27,13,0,1,0,22,20,3.07,3.92,4.19,0.99,108,100,106,-0.85,1.3%,11.7%,5.6%,6.1%,🐉,<a href=https://npb.jp/bis/eng/teams/index_d.html>Chunichi</a>,WL
,Okada Toshiya,14,3,1,1,0,0,181,48.1,34,1,31,3,0,1,3,9,6,1.12,2.69,3.25,0.77,296,69,83,-1.57,0.6%,17.1%,1.7%,15.5%,🐉,<a href=https://npb.jp/bis/eng/teams/index_d.html>Chunichi</a>,WL
,Saitoh Kohki,3,0,0,0,0,0,10,2.2,3,0,4,0,0,0,0,1,1,3.38,0.46,0.80,1.13,98,12,20,2.92,0.0%,40.0%,0.0%,40.0%,🐉,<a href=https://npb.jp/bis/eng/teams/index_d.html>Chunichi</a>,WL
,Sobue Daisuke,15,1,0,8,0,0,53,14.0,9,0,16,3,0,0,0,2,2,1.29,1.82,2.35,0.86,257,46,60,-0.53,0.0%,30.2%,5.7%,24.5%,🐉,<a href=https://npb.jp/bis/eng/teams/index_d.html>Chunichi</a>,WL
,Sunada Yoshiki,32,1,0,0,0,0,128,29.0,29,1,16,7,0,1,0,10,8,2.48,3.63,4.10,1.24,134,92,104,-1.15,0.8%,12.5%,5.5%,7.0%,🐉,<a href=https://npb.jp/bis/eng/teams/index_d.html>Chunichi</a>,WL
,Tajima Shinji,31,3,1,2,0,0,122,28.2,22,1,20,11,2,1,2,10,6,1.88,3.77,4.06,1.15,176,96,103,-1.89,0.8%,16.4%,9.0%,7.4%,🐉,<a href=https://npb.jp/bis/eng/teams/index_d.html>Chunichi</a>,WL
,Takahashi Hiroto,4,3,1,0,1,1,112,29.0,18,0,22,8,0,1,0,8,3,0.93,2.87,3.55,0.90,356,73,90,-1.94,0.0%,19.6%,7.1%,12.5%,🐉,<a href=https://npb.jp/bis/eng/teams/index_d.html>Chunichi</a>,WL
,Takeuchi Ryushin,1,0,0,0,0,0,15,3.0,5,1,2,0,0,0,0,3,3,9.00,6.46,3.47,1.67,37,164,88,2.54,6.7%,13.3%,0.0%,13.3%,🐉,<a href=https://npb.jp/bis/eng/teams/index_d.html>Chunichi</a>,WL
,Ueda Kotaro,9,2,4,0,0,0,175,39.1,43,1,25,18,0,2,0,26,21,4.81,4.04,4.40,1.55,69,103,112,0.77,0.6%,14.3%,10.3%,4.0%,🐉,<a href=https://npb.jp/bis/eng/teams/index_d.html>Chunichi</a>,WL
,Umeno Yugo,26,2,2,5,0,0,99,25.0,21,0,20,6,0,0,0,6,6,2.16,2.58,3.39,1.08,153,66,86,-0.42,0.0%,20.2%,6.1%,14.1%,🐉,<a href=https://npb.jp/bis/eng/teams/index_d.html>Chunichi</a>,WL
,Umetsu Kodai,4,2,1,0,0,0,108,27.0,27,0,20,2,0,1,2,6,6,2.00,2.31,3.13,1.07,166,59,80,-0.31,0.0%,18.5%,1.9%,16.7%,🐉,<a href=https://npb.jp/bis/eng/teams/index_d.html>Chunichi</a>,WL
,Wakui Hideaki,3,1,0,0,0,0,49,13.0,11,0,8,3,0,0,1,2,2,1.38,2.92,3.78,1.08,240,74,96,-1.54,0.0%,16.3%,6.1%,10.2%,🐉,<a href=https://npb.jp/bis/eng/teams/index_d.html>Chunichi</a>,WL
,Yanagi Yuya,8,7,1,0,1,1,212,51.0,55,1,24,11,0,0,3,19,19,3.35,3.42,4.19,1.29,99,87,106,-0.07,0.5%,11.3%,5.2%,6.1%,🐉,<a href=https://npb.jp/bis/eng/teams/index_d.html>Chunichi</a>,WL
,Abe Shota,26,1,1,5,0,0,99,24.2,22,2,12,6,1,0,4,8,8,2.92,4.27,4.19,1.14,106,116,106,-1.35,2.0%,12.1%,6.1%,6.1%,🦬,<a href=https://npb.jp/bis/eng/teams/index_b.html>ORIX</a>,WL
,Ashida Taketo,18,1,2,0,0,0,276,64.0,75,1,44,18,0,5,2,29,26,3.66,3.37,3.86,1.45,85,92,98,0.29,0.4%,15.9%,6.5%,9.4%,🦬,<a href=https://npb.jp/bis/eng/teams/index_b.html>ORIX</a>,WL
,Azuma Kohei,3,1,0,0,0,0,55,13.2,11,0,9,4,0,2,0,4,4,2.63,3.46,3.89,1.10,118,94,99,-0.83,0.0%,16.4%,7.3%,9.1%,🦬,<a href=https://npb.jp/bis/eng/teams/index_b.html>ORIX</a>,WL
,Castillo Luis,1,0,0,0,0,0,3,1.0,0,0,0,0,0,0,0,0,0,0.00,3.46,4.80,0.00,999,94,122,-3.46,0.0%,0.0%,0.0%,0.0%,🦬,<a href=https://npb.jp/bis/eng/teams/index_b.html>ORIX</a>,WL
,Espinoza Anderson,1,1,0,0,0,0,26,6.0,4,0,4,4,0,0,0,1,1,1.50,4.13,4.80,1.33,207,112,122,-2.63,0.0%,15.4%,15.4%,0.0%,🦬,<a href=https://npb.jp/bis/eng/teams/index_b.html>ORIX</a>,WL
,Gonda Ryusei,31,2,2,0,0,0,239,56.0,60,3,32,17,0,1,1,22,20,3.21,3.98,4.17,1.38,97,108,106,-0.77,1.3%,13.4%,7.1%,6.3%,🦬,<a href=https://npb.jp/bis/eng/teams/index_b.html>ORIX</a>,WL
,Higa Motoki,12,1,0,0,0,0,44,11.1,10,0,10,1,0,0,0,2,2,1.59,1.96,2.75,0.97,195,53,70,-0.37,0.0%,22.7%,2.3%,20.5%,🦬,<a href=https://npb.jp/bis/eng/teams/index_b.html>ORIX</a>,WL
,Hirano Yoshihisa,7,0,0,0,0,0,31,7.0,6,0,3,4,0,0,1,1,1,1.29,4.32,5.12,1.43,240,117,130,-3.03,0.0%,9.7%,12.9%,-3.2%,🦬,<a href=https://npb.jp/bis/eng/teams/index_b.html>ORIX</a>,WL
,Honda Hitomi,23,1,1,0,0,0,94,22.1,21,0,15,10,0,0,0,6,6,2.42,3.46,4.27,1.39,128,94,108,-1.04,0.0%,16.0%,10.6%,5.3%,🦬,<a href=https://npb.jp/bis/eng/teams/index_b.html>ORIX</a>,WL
,Iguchi Kazutomo,8,0,0,0,0,0,31,7.2,7,0,7,1,0,1,0,1,1,1.17,2.42,2.86,1.04,265,66,73,-1.25,0.0%,22.6%,3.2%,19.4%,🦬,<a href=https://npb.jp/bis/eng/teams/index_b.html>ORIX</a>,WL
,Iriyama Kaito,39,3,2,8,0,0,179,39.2,37,0,35,25,0,0,7,17,14,3.18,3.59,4.24,1.56,97,98,108,-0.41,0.0%,19.6%,14.0%,5.6%,🦬,<a href=https://npb.jp/bis/eng/teams/index_b.html>ORIX</a>,WL
,Kawachi Kosuke,9,0,1,0,0,0,71,18.0,15,1,9,8,0,1,0,3,3,1.50,4.68,4.66,1.28,207,127,118,-3.18,1.4%,12.7%,11.3%,1.4%,🦬,<a href=https://npb.jp/bis/eng/teams/index_b.html>ORIX</a>,WL
,Kawase Kento,17,1,2,0,0,0,236,55.1,55,3,32,16,0,3,3,29,27,4.39,4.04,4.12,1.28,71,110,105,0.35,1.3%,13.6%,6.8%,6.8%,🦬,<a href=https://npb.jp/bis/eng/teams/index_b.html>ORIX</a>,WL
,Kogita Atsuya,3,1,0,0,0,0,11,3.0,2,0,4,0,0,0,0,0,0,0.00,0.79,1.16,0.67,999,22,30,-0.79,0.0%,36.4%,0.0%,36.4%,🦬,<a href=https://npb.jp/bis/eng/teams/index_b.html>ORIX</a>,WL
,Kotajima Seiryu,1,0,0,0,0,0,3,1.0,0,0,0,0,0,0,0,0,0,0.00,3.46,4.80,0.00,999,94,122,-3.46,0.0%,0.0%,0.0%,0.0%,🦬,<a href=https://npb.jp/bis/eng/teams/index_b.html>ORIX</a>,WL
,Mae Yuito,36,4,2,0,0,0,149,36.1,31,2,30,13,0,1,0,9,8,1.98,3.68,3.66,1.21,157,100,93,-1.70,1.3%,20.1%,8.7%,11.4%,🦬,<a href=https://npb.jp/bis/eng/teams/index_b.html>ORIX</a>,WL
,Miyagi Hiroya,2,1,0,0,0,0,26,8.0,4,0,8,0,0,0,0,0,0,0.00,1.46,1.72,0.50,999,40,44,-1.46,0.0%,30.8%,0.0%,30.8%,🦬,<a href=https://npb.jp/bis/eng/teams/index_b.html>ORIX</a>,WL
,Miyaguni Riku,6,0,1,0,0,0,55,10.2,11,0,6,14,0,0,0,10,9,7.59,6.27,6.25,2.34,41,171,159,1.32,0.0%,10.9%,25.5%,-14.5%,🦬,<a href=https://npb.jp/bis/eng/teams/index_b.html>ORIX</a>,WL
,Mukunoki Ren,21,3,2,1,0,0,212,57.0,37,0,45,12,0,1,1,12,10,1.58,2.57,3.24,0.86,196,70,82,-0.99,0.0%,21.2%,5.7%,15.6%,🦬,<a href=https://npb.jp/bis/eng/teams/index_b.html>ORIX</a>,WL
,Muranishi Ryota,19,5,5,0,0,0,361,79.0,84,1,41,40,0,9,1,40,32,3.65,4.45,4.77,1.57,85,121,121,-0.80,0.3%,11.4%,11.1%,0.3%,🦬,<a href=https://npb.jp/bis/eng/teams/index_b.html>ORIX</a>,WL
,Nakata Yuito,34,3,3,0,0,0,187,41.2,51,4,29,16,1,0,2,26,25,5.40,4.47,4.10,1.61,57,122,104,0.93,2.1%,15.5%,8.6%,7.0%,🦬,<a href=https://npb.jp/bis/eng/teams/index_b.html>ORIX</a>,WL
,Ohe Kaito,19,2,0,0,0,0,103,20.2,31,0,21,11,0,0,2,19,14,6.10,3.02,3.83,2.03,51,82,97,3.08,0.0%,20.4%,10.7%,9.7%,🦬,<a href=https://npb.jp/bis/eng/teams/index_b.html>ORIX</a>,WL
,Ono Taiki,27,1,1,4,0,0,112,26.0,10,0,29,24,0,3,3,6,6,2.08,4.34,4.35,1.31,149,118,111,-2.26,0.0%,25.9%,21.4%,4.5%,🦬,<a href=https://npb.jp/bis/eng/teams/index_b.html>ORIX</a>,WL
,Perdomo Luis,1,0,0,0,0,0,3,1.0,1,0,0,0,0,0,0,0,0,0.00,3.46,4.80,1.00,999,94,122,-3.46,0.0%,0.0%,0.0%,0.0%,🦬,<a href=https://npb.jp/bis/eng/teams/index_b.html>ORIX</a>,WL
,Saiki Kaito,13,2,3,1,0,0,175,37.1,48,1,31,17,0,2,1,25,19,4.58,3.67,4.00,1.74,68,100,102,0.91,0.6%,17.7%,9.7%,8.0%,🦬,<a href=https://npb.jp/bis/eng/teams/index_b.html>ORIX</a>,WL
,Saito Kyosuke,13,4,2,0,0,0,249,58.2,50,2,51,27,0,2,9,20,20,3.07,3.65,3.84,1.31,101,99,97,-0.58,0.8%,20.5%,10.8%,9.6%,🦬,<a href=https://npb.jp/bis/eng/teams/index_b.html>ORIX</a>,WL
,Satoh Kazuma,17,4,7,0,0,0,358,89.0,70,4,72,30,0,1,5,25,19,1.92,3.47,3.63,1.12,161,94,92,-1.55,1.1%,20.1%,8.4%,11.7%,🦬,<a href=https://npb.jp/bis/eng/teams/index_b.html>ORIX</a>,WL
,Sotani Ryuhei,3,1,0,0,0,0,30,8.2,4,0,10,0,0,0,0,0,0,0.00,1.15,1.47,0.46,999,31,37,-1.15,0.0%,33.3%,0.0%,33.3%,🦬,<a href=https://npb.jp/bis/eng/teams/index_b.html>ORIX</a>,WL
,Suga Hiroto,4,0,0,0,0,0,20,3.1,4,0,2,6,0,0,1,3,3,8.10,7.66,6.80,3.00,38,208,173,0.44,0.0%,10.0%,30.0%,-20.0%,🦬,<a href=https://npb.jp/bis/eng/teams/index_b.html>ORIX</a>,WL
,Suzuki Hiroshi,8,2,2,0,0,0,119,30.0,29,1,15,8,0,1,1,11,9,2.70,3.79,4.21,1.23,115,103,107,-1.09,0.8%,12.6%,6.7%,5.9%,🦬,<a href=https://npb.jp/bis/eng/teams/index_b.html>ORIX</a>,WL
,Tajima Daiki,1,0,0,0,0,0,13,3.0,4,1,4,1,0,0,0,3,3,9.00,6.13,2.49,1.67,34,167,63,2.87,7.7%,30.8%,7.7%,23.1%,🦬,<a href=https://npb.jp/bis/eng/teams/index_b.html>ORIX</a>,WL
,Takashima Taito,8,3,1,0,0,0,156,38.2,33,2,24,6,0,2,1,7,6,1.40,3.51,3.65,1.01,221,96,93,-2.11,1.3%,15.4%,3.8%,11.5%,🦬,<a href=https://npb.jp/bis/eng/teams/index_b.html>ORIX</a>,WL
,Tomiyama Ryoga,11,2,1,0,0,0,62,16.0,14,1,14,3,0,0,0,2,2,1.13,3.08,3.03,1.06,274,84,77,-1.96,1.6%,22.6%,4.8%,17.7%,🦬,<a href=https://npb.jp/bis/eng/teams/index_b.html>ORIX</a>,WL
,Toumatsu Kaisei,7,0,3,0,0,0,65,11.2,23,2,13,6,0,0,3,20,20,15.43,5.00,3.72,2.49,20,136,95,10.43,3.1%,20.0%,9.2%,10.8%,🦬,<a href=https://npb.jp/bis/eng/teams/index_b.html>ORIX</a>,WL
,Udagawa Yuki,18,2,2,0,0,0,73,17.1,14,0,17,10,0,1,2,7,7,3.63,3.40,3.84,1.38,85,93,97,0.23,0.0%,23.3%,13.7%,9.6%,🦬,<a href=https://npb.jp/bis/eng/teams/index_b.html>ORIX</a>,WL
,Yamada Nobuyoshi,9,0,0,0,0,0,30,7.2,8,0,7,0,0,1,0,5,4,4.70,2.03,2.47,1.04,66,55,63,2.67,0.0%,23.3%,0.0%,23.3%,🦬,<a href=https://npb.jp/bis/eng/teams/index_b.html>ORIX</a>,WL
,Yamaoka Taisuke,7,1,0,0,0,0,28,7.1,3,0,10,3,0,0,0,1,0,0.00,1.96,2.30,0.82,999,53,58,-1.96,0.0%,35.7%,10.7%,25.0%,🦬,<a href=https://npb.jp/bis/eng/teams/index_b.html>ORIX</a>,WL
,Yamashita Shunpeita,10,3,2,0,0,0,142,37.2,20,0,43,9,0,2,1,4,4,0.96,2.05,2.41,0.77,323,56,61,-1.09,0.0%,30.3%,6.3%,23.9%,🦬,<a href=https://npb.jp/bis/eng/teams/index_b.html>ORIX</a>,WL
,Yamazaki Soichiro,21,1,0,0,0,0,95,21.2,20,1,19,9,0,1,1,7,7,2.91,3.69,3.75,1.34,107,100,95,-0.78,1.1%,20.0%,9.5%,10.5%,🦬,<a href=https://npb.jp/bis/eng/teams/index_b.html>ORIX</a>,WL
,Yokoyama Kaede,47,1,5,14,0,0,196,44.1,39,2,42,24,2,1,4,19,18,3.65,3.84,3.88,1.42,85,105,99,-0.19,1.0%,21.4%,12.2%,9.2%,🦬,<a href=https://npb.jp/bis/eng/teams/index_b.html>ORIX</a>,WL
,Yoshida Kosei,3,0,0,0,0,0,10,3.0,1,0,3,0,0,0,0,0,0,0.00,1.46,1.80,0.33,999,40,46,-1.46,0.0%,30.0%,0.0%,30.0%,🦬,<a href=https://npb.jp/bis/eng/teams/index_b.html>ORIX</a>,WL
,Akiyama Seiun,30,3,2,0,0,0,199,42.2,51,3,25,18,0,1,1,30,29,6.12,4.54,4.45,1.62,57,111,113,1.58,1.5%,12.6%,9.0%,3.5%,⚓,<a href=https://npb.jp/bis/eng/teams/index_m.html>Lotte</a>,EL
,Azuma Yusuke,32,1,2,0,0,0,129,29.2,28,2,24,6,0,3,3,12,9,2.73,3.63,3.40,1.15,127,88,86,-0.90,1.6%,18.6%,4.7%,14.0%,⚓,<a href=https://npb.jp/bis/eng/teams/index_m.html>Lotte</a>,EL
,Cordero Jimmy,16,1,1,0,0,0,78,16.1,20,2,7,7,0,0,4,17,12,6.61,5.48,4.80,1.65,52,134,122,1.13,2.6%,9.0%,9.0%,0.0%,⚓,<a href=https://npb.jp/bis/eng/teams/index_m.html>Lotte</a>,EL
,Dohi Seiya,12,1,3,0,0,0,73,13.2,20,2,14,10,0,0,1,12,8,5.27,5.51,4.25,2.20,66,134,108,-0.24,2.7%,19.2%,13.7%,5.5%,⚓,<a href=https://npb.jp/bis/eng/teams/index_m.html>Lotte</a>,EL
,Dykstra James,5,1,2,0,0,0,72,16.0,14,1,9,11,0,0,0,7,5,2.81,5.21,5.08,1.56,123,127,129,-2.40,1.4%,12.5%,15.3%,-2.8%,⚓,<a href=https://npb.jp/bis/eng/teams/index_m.html>Lotte</a>,EL
,Fernandez Junior,2,0,0,0,0,0,10,2.0,3,0,3,0,0,0,0,0,0,0.00,0.46,1.80,1.50,999,11,46,-0.46,0.0%,30.0%,0.0%,30.0%,⚓,<a href=https://npb.jp/bis/eng/teams/index_m.html>Lotte</a>,EL
,Furuya Takuro,11,3,0,0,0,0,115,26.1,27,0,10,12,0,5,2,15,13,4.44,4.64,4.97,1.48,78,113,126,-0.20,0.0%,8.7%,10.4%,-1.7%,⚓,<a href=https://npb.jp/bis/eng/teams/index_m.html>Lotte</a>,EL
,Futaki Kota,19,4,2,0,0,0,199,49.2,46,4,35,6,0,0,1,22,20,3.62,3.46,3.34,1.05,96,84,85,0.16,2.0%,17.6%,3.0%,14.6%,⚓,<a href=https://npb.jp/bis/eng/teams/index_m.html>Lotte</a>,EL
,Hayasaka Oto,7,0,0,0,0,0,31,6.0,7,3,3,5,0,2,1,9,9,13.50,12.46,5.45,2.00,26,304,138,1.04,9.7%,9.7%,16.1%,-6.5%,⚓,<a href=https://npb.jp/bis/eng/teams/index_m.html>Lotte</a>,EL
,Hirohata Atsuya,29,2,1,1,0,0,182,44.0,43,4,20,9,0,1,1,20,15,3.07,4.41,4.20,1.18,113,108,106,-1.34,2.2%,11.0%,4.9%,6.0%,⚓,<a href=https://npb.jp/bis/eng/teams/index_m.html>Lotte</a>,EL
,Ishikawa Ayumu,10,3,0,0,0,0,134,35.2,28,1,21,3,0,1,0,7,7,1.77,2.98,3.46,0.87,196,73,88,-1.21,0.7%,15.7%,2.2%,13.4%,⚓,<a href=https://npb.jp/bis/eng/teams/index_m.html>Lotte</a>,EL
,Iwashita Daiki,19,2,2,2,0,0,141,30.2,33,1,33,13,0,1,3,12,11,3.23,3.10,3.38,1.50,107,76,86,0.13,0.7%,23.4%,9.2%,14.2%,⚓,<a href=https://npb.jp/bis/eng/teams/index_m.html>Lotte</a>,EL
,Karakawa Yuki,10,3,2,0,0,0,178,45.0,44,2,24,1,0,1,1,12,10,2.00,3.10,3.51,1.00,173,76,89,-1.10,1.1%,13.5%,0.6%,12.9%,⚓,<a href=https://npb.jp/bis/eng/teams/index_m.html>Lotte</a>,EL
,Kawamura Tokito,20,2,2,0,0,0,202,45.2,55,9,31,12,0,0,1,24,23,4.53,5.45,3.86,1.47,76,133,98,-0.92,4.5%,15.3%,5.9%,9.4%,⚓,<a href=https://npb.jp/bis/eng/teams/index_m.html>Lotte</a>,EL
,Kikuchi Riku,24,1,1,4,0,0,102,25.0,21,1,18,6,0,0,0,5,4,1.44,3.26,3.62,1.08,240,79,92,-1.82,1.0%,17.6%,5.9%,11.8%,⚓,<a href=https://npb.jp/bis/eng/teams/index_m.html>Lotte</a>,EL
,Kimura Yuto,11,0,2,0,0,0,79,19.0,22,1,14,4,0,0,0,7,5,2.37,3.30,3.53,1.37,146,80,90,-0.93,1.3%,17.7%,5.1%,12.7%,⚓,<a href=https://npb.jp/bis/eng/teams/index_m.html>Lotte</a>,EL
,Masuda Naoya,2,0,0,0,0,0,8,2.0,2,0,1,0,0,0,0,1,0,0.00,2.46,3.55,1.00,999,60,90,-2.46,0.0%,12.5%,0.0%,12.5%,⚓,<a href=https://npb.jp/bis/eng/teams/index_m.html>Lotte</a>,EL
,Mercedes CC,2,0,2,0,0,0,43,8.0,14,0,4,6,0,0,1,9,8,9.00,4.71,5.27,2.50,38,115,134,4.29,0.0%,9.3%,14.0%,-4.7%,⚓,<a href=https://npb.jp/bis/eng/teams/index_m.html>Lotte</a>,EL
,Mima Manabu,13,2,6,0,0,0,271,64.0,70,6,48,12,0,0,2,30,22,3.09,3.74,3.47,1.28,112,91,88,-0.65,2.2%,17.7%,4.4%,13.3%,⚓,<a href=https://npb.jp/bis/eng/teams/index_m.html>Lotte</a>,EL
,Nagashimada Kirato,21,0,2,2,0,0,92,20.0,19,2,14,10,0,4,0,15,14,6.30,5.46,4.37,1.45,55,133,111,0.84,2.2%,15.2%,10.9%,4.3%,⚓,<a href=https://npb.jp/bis/eng/teams/index_m.html>Lotte</a>,EL
,Nakamori Shunsuke,14,6,4,0,0,0,260,62.2,56,4,47,20,0,2,3,28,24,3.45,3.84,3.76,1.21,100,94,95,-0.39,1.5%,18.1%,7.7%,10.4%,⚓,<a href=https://npb.jp/bis/eng/teams/index_m.html>Lotte</a>,EL
,Nakamura Toshiya,19,1,0,0,0,0,86,20.1,15,4,28,8,0,2,0,4,4,1.77,4.74,2.47,1.13,196,115,63,-2.97,4.7%,32.6%,9.3%,23.3%,⚓,<a href=https://npb.jp/bis/eng/teams/index_m.html>Lotte</a>,EL
,Niho Akira,20,3,4,0,0,0,133,29.2,35,1,11,10,0,2,1,19,18,5.46,4.37,4.72,1.52,63,106,120,1.09,0.8%,8.3%,7.5%,0.8%,⚓,<a href=https://npb.jp/bis/eng/teams/index_m.html>Lotte</a>,EL
,Nishimura Takahiro,25,1,2,2,0,0,98,24.2,19,3,30,4,0,0,1,10,6,2.19,3.10,2.15,0.93,158,75,54,-0.91,3.1%,30.6%,4.1%,26.5%,⚓,<a href=https://npb.jp/bis/eng/teams/index_m.html>Lotte</a>,EL
,Nishino Yuji,1,0,0,0,0,0,11,3.0,2,0,0,0,0,0,0,1,1,3.00,3.46,4.80,0.67,115,84,122,-0.46,0.0%,0.0%,0.0%,0.0%,⚓,<a href=https://npb.jp/bis/eng/teams/index_m.html>Lotte</a>,EL
,Ohtani Hikaru,19,0,2,2,0,0,140,30.1,35,3,18,10,0,1,3,22,19,5.64,4.65,4.23,1.48,61,113,107,0.99,2.1%,12.9%,7.1%,5.7%,⚓,<a href=https://npb.jp/bis/eng/teams/index_m.html>Lotte</a>,EL
,Ono Fumiya,27,1,4,4,0,0,117,26.0,32,3,24,5,0,1,0,12,11,3.81,3.81,3.18,1.42,91,93,81,0.00,2.6%,20.5%,4.3%,16.2%,⚓,<a href=https://npb.jp/bis/eng/teams/index_m.html>Lotte</a>,EL
,Sakamoto Koshiro,12,1,0,0,0,0,52,11.0,11,1,9,5,0,2,0,6,6,4.91,4.91,4.03,1.45,71,120,102,-0.00,1.9%,17.3%,9.6%,7.7%,⚓,<a href=https://npb.jp/bis/eng/teams/index_m.html>Lotte</a>,EL
,Sawada Keisuke,21,0,2,2,0,0,81,21.0,17,1,17,2,0,0,0,7,7,3.00,2.75,2.95,0.90,115,67,75,0.25,1.2%,21.0%,2.5%,18.5%,⚓,<a href=https://npb.jp/bis/eng/teams/index_m.html>Lotte</a>,EL
,Sawamura Hirokazu,2,0,0,0,0,0,9,2.0,2,0,2,1,0,0,0,1,0,0.00,2.96,3.69,1.50,999,72,94,-2.96,0.0%,22.2%,11.1%,11.1%,⚓,<a href=https://npb.jp/bis/eng/teams/index_m.html>Lotte</a>,EL
,Shirahama Kaiki,2,0,0,0,0,0,7,2.0,3,0,0,0,0,0,0,0,0,0.00,3.46,4.80,1.50,999,84,122,-3.46,0.0%,0.0%,0.0%,0.0%,⚓,<a href=https://npb.jp/bis/eng/teams/index_m.html>Lotte</a>,EL
,Takano Shuta,17,6,3,0,0,0,293,74.0,64,8,61,20,0,5,2,31,30,3.65,4.23,3.40,1.14,95,103,86,-0.58,2.7%,20.8%,6.8%,14.0%,⚓,<a href=https://npb.jp/bis/eng/teams/index_m.html>Lotte</a>,EL
,Takeuchi Ryota,2,0,0,0,0,0,6,1.0,1,0,0,1,0,2,1,2,2,18.00,12.46,6.47,2.00,19,304,164,5.54,0.0%,0.0%,16.7%,-16.7%,⚓,<a href=https://npb.jp/bis/eng/teams/index_m.html>Lotte</a>,EL
,Tanaka Fuki,17,0,1,0,0,0,91,19.2,21,1,13,9,0,3,1,10,10,4.58,4.63,4.36,1.53,76,113,111,-0.05,1.1%,14.3%,9.9%,4.4%,⚓,<a href=https://npb.jp/bis/eng/teams/index_m.html>Lotte</a>,EL
,Tanaka Haruya,12,1,2,0,0,0,216,52.2,43,1,53,16,0,1,5,18,16,2.73,2.66,3.09,1.12,127,65,78,0.07,0.5%,24.5%,7.4%,17.1%,⚓,<a href=https://npb.jp/bis/eng/teams/index_m.html>Lotte</a>,EL
,Taneichi Atsuki,1,0,0,0,0,0,10,2.0,4,0,3,0,0,0,0,2,2,9.00,0.46,1.80,2.00,38,11,46,8.54,0.0%,30.0%,0.0%,30.0%,⚓,<a href=https://npb.jp/bis/eng/teams/index_m.html>Lotte</a>,EL
,Tojo Taiki,27,2,3,0,0,0,192,45.0,50,2,30,10,0,0,2,26,22,4.40,3.37,3.76,1.33,79,82,95,1.03,1.0%,15.6%,5.2%,10.4%,⚓,<a href=https://npb.jp/bis/eng/teams/index_m.html>Lotte</a>,EL
,Yagi Akira,25,1,2,2,0,0,190,46.2,38,2,41,13,0,0,3,12,11,2.12,3.10,3.33,1.09,163,75,84,-0.98,1.1%,21.6%,6.8%,14.7%,⚓,<a href=https://npb.jp/bis/eng/teams/index_m.html>Lotte</a>,EL
,Yokoyama Rikuto,8,0,0,0,0,0,33,8.0,5,0,10,5,0,0,1,1,1,1.13,2.83,3.28,1.25,306,69,83,-1.71,0.0%,30.3%,15.2%,15.2%,⚓,<a href=https://npb.jp/bis/eng/teams/index_m.html>Lotte</a>,EL
,Yoshida Ryo,29,4,1,7,0,0,124,30.1,20,3,32,13,0,0,2,8,7,2.08,3.92,3.27,1.09,166,96,83,-1.84,2.4%,25.8%,10.5%,15.3%,⚓,<a href=https://npb.jp/bis/eng/teams/index_m.html>Lotte</a>,EL
,Yoshikawa Yuto,16,0,1,0,0,0,133,29.1,28,0,22,20,0,1,2,13,11,3.38,4.11,4.65,1.64,102,100,118,-0.73,0.0%,16.5%,15.0%,1.5%,⚓,<a href=https://npb.jp/bis/eng/teams/index_m.html>Lotte</a>,EL
,Armenta Alexander,2,2,0,0,0,0,33,8.0,7,0,9,3,0,0,0,1,1,1.13,2.33,2.98,1.25,293,59,76,-1.21,0.0%,27.3%,9.1%,18.2%,🪶,<a href=https://npb.jp/bis/eng/teams/index_h.html>SoftBank</a>,WL
,Bandoh Yugo,14,3,2,0,0,0,272,65.0,73,4,27,6,0,2,1,30,28,3.88,3.80,4.03,1.22,85,97,102,0.08,1.5%,9.9%,2.2%,7.7%,🪶,<a href=https://npb.jp/bis/eng/teams/index_h.html>SoftBank</a>,WL
,Felix Mailon,15,0,0,1,0,0,65,14.2,10,0,9,13,0,0,4,11,5,3.07,4.89,5.42,1.57,108,125,137,-1.82,0.0%,13.8%,20.0%,-6.2%,🪶,<a href=https://npb.jp/bis/eng/teams/index_h.html>SoftBank</a>,WL
,Fujii Kouya,3,1,0,0,0,0,12,3.0,2,0,4,1,0,0,0,0,0,0.00,1.79,2.30,1.00,999,46,58,-1.79,0.0%,33.3%,8.3%,25.0%,🪶,<a href=https://npb.jp/bis/eng/teams/index_h.html>SoftBank</a>,WL
,Furukawa Yuri,24,2,2,3,0,0,140,30.2,28,0,25,16,0,3,0,15,8,2.35,3.69,4.16,1.43,141,94,106,-1.34,0.0%,17.9%,11.4%,6.4%,🪶,<a href=https://npb.jp/bis/eng/teams/index_h.html>SoftBank</a>,WL
,Hasegawa Takehiro,4,0,0,0,0,0,13,3.2,1,0,7,1,0,0,0,0,0,0.00,0.46,0.18,0.55,999,12,5,-0.46,0.0%,53.8%,7.7%,46.2%,🪶,<a href=https://npb.jp/bis/eng/teams/index_h.html>SoftBank</a>,WL
,Hernandez Darwinzon,3,0,0,0,0,0,11,3.0,1,0,5,0,0,1,0,0,0,0.00,1.13,0.25,0.33,999,29,6,-1.13,0.0%,45.5%,0.0%,45.5%,🪶,<a href=https://npb.jp/bis/eng/teams/index_h.html>SoftBank</a>,WL
,Higashihama Nao,11,2,2,1,0,0,207,49.0,49,1,42,10,0,2,2,17,15,2.76,2.75,3.25,1.20,120,70,83,0.01,0.5%,20.3%,4.8%,15.5%,🪶,<a href=https://npb.jp/bis/eng/teams/index_h.html>SoftBank</a>,WL
,Hoshino Kotaro,1,0,0,0,0,0,6,1.0,3,0,2,0,0,0,1,2,2,18.00,-0.54,1.47,3.00,18,-14,37,18.54,0.0%,33.3%,0.0%,33.3%,🪶,<a href=https://npb.jp/bis/eng/teams/index_h.html>SoftBank</a>,WL
,Ishikawa Shuta,6,2,1,0,0,0,121,30.2,25,1,27,8,0,2,0,8,8,2.35,3.10,3.23,1.08,141,79,82,-0.75,0.8%,22.3%,6.6%,15.7%,🪶,<a href=https://npb.jp/bis/eng/teams/index_h.html>SoftBank</a>,WL
,Iwai Shunsuke,21,2,1,5,0,0,98,25.0,18,0,31,3,0,1,3,5,5,1.80,1.46,1.94,0.84,184,37,49,0.34,0.0%,31.6%,3.1%,28.6%,🪶,<a href=https://npb.jp/bis/eng/teams/index_h.html>SoftBank</a>,WL
,Kasaya Shunsuke,24,2,3,1,0,0,291,67.0,62,1,60,38,0,3,6,27,21,2.82,3.70,4.04,1.49,118,94,103,-0.88,0.3%,20.6%,13.1%,7.6%,🪶,<a href=https://npb.jp/bis/eng/teams/index_h.html>SoftBank</a>,WL
,Kazama Kyuta,6,0,0,0,0,0,23,5.0,4,0,4,3,0,0,0,4,3,5.40,3.66,4.37,1.40,61,93,111,1.74,0.0%,17.4%,13.0%,4.3%,🪶,<a href=https://npb.jp/bis/eng/teams/index_h.html>SoftBank</a>,WL
,Kimura Hikaru,9,3,2,0,0,0,111,25.0,28,0,18,9,2,1,3,14,12,4.32,3.22,3.99,1.48,77,82,101,1.10,0.0%,16.2%,8.1%,8.1%,🪶,<a href=https://npb.jp/bis/eng/teams/index_h.html>SoftBank</a>,WL
,Kimura Taisei,4,2,1,0,0,0,55,12.1,12,0,6,6,0,1,2,3,3,2.19,4.19,4.80,1.46,151,107,122,-2.00,0.0%,10.9%,10.9%,0.0%,🪶,<a href=https://npb.jp/bis/eng/teams/index_h.html>SoftBank</a>,WL
,Kobayashi Jui,2,1,1,0,0,0,43,9.0,10,1,2,6,0,1,1,6,6,6.00,6.79,5.73,1.78,55,173,145,-0.79,2.3%,4.7%,14.0%,-9.3%,🪶,<a href=https://npb.jp/bis/eng/teams/index_h.html>SoftBank</a>,WL
,Kuwahara Takuya,35,5,2,2,0,0,191,42.1,41,2,33,18,1,3,2,15,12,2.55,4.00,4.01,1.39,130,102,102,-1.45,1.0%,17.3%,9.4%,7.9%,🪶,<a href=https://npb.jp/bis/eng/teams/index_h.html>SoftBank</a>,WL
,Maeda Jun,19,10,4,0,2,1,427,106.1,84,3,74,30,0,0,6,24,23,1.95,3.28,3.77,1.07,170,84,96,-1.33,0.7%,17.3%,7.0%,10.3%,🪶,<a href=https://npb.jp/bis/eng/teams/index_h.html>SoftBank</a>,WL
,Maeda Yugo,12,4,1,1,0,0,249,65.0,54,1,58,8,0,0,0,16,14,1.94,2.24,2.79,0.95,171,57,71,-0.30,0.4%,23.3%,3.2%,20.1%,🪶,<a href=https://npb.jp/bis/eng/teams/index_h.html>SoftBank</a>,WL
,Matsumoto Haru,5,2,0,0,0,0,88,24.2,14,0,17,3,0,2,0,3,3,1.09,2.69,3.21,0.69,304,68,81,-1.60,0.0%,19.3%,3.4%,15.9%,🪶,<a href=https://npb.jp/bis/eng/teams/index_h.html>SoftBank</a>,WL
,Miura Mizuki,15,3,3,0,0,0,379,95.2,73,2,59,24,0,5,2,18,17,1.60,3.41,3.88,1.01,207,87,98,-1.81,0.5%,15.6%,6.3%,9.2%,🪶,<a href=https://npb.jp/bis/eng/teams/index_h.html>SoftBank</a>,WL
,Miyasato Yuwa,17,2,1,1,0,0,76,16.2,18,2,18,9,0,2,1,14,9,4.86,4.84,3.62,1.62,68,123,92,0.02,2.6%,23.7%,11.8%,11.8%,🪶,<a href=https://npb.jp/bis/eng/teams/index_h.html>SoftBank</a>,WL
,Moinelo Livan,1,0,0,0,0,0,11,2.0,4,0,3,0,0,0,0,0,0,0.00,0.46,2.07,2.00,999,12,53,-0.46,0.0%,27.3%,0.0%,27.3%,🪶,<a href=https://npb.jp/bis/eng/teams/index_h.html>SoftBank</a>,WL
,Murata Kenichi,12,3,5,0,0,0,219,51.1,50,5,22,16,0,1,0,29,25,4.38,4.86,4.53,1.29,76,124,115,-0.48,2.3%,10.0%,7.3%,2.7%,🪶,<a href=https://npb.jp/bis/eng/teams/index_h.html>SoftBank</a>,WL
,Nakamura Ryota,32,4,1,5,0,0,205,53.1,39,2,46,9,0,2,1,14,14,2.36,2.84,3.00,0.90,140,72,76,-0.48,1.0%,22.4%,4.4%,18.0%,🪶,<a href=https://npb.jp/bis/eng/teams/index_h.html>SoftBank</a>,WL
,Ogata Shuto,12,0,1,0,0,0,70,15.1,17,2,19,11,0,0,2,8,8,4.70,4.83,3.66,1.83,71,123,93,-0.13,2.9%,27.1%,15.7%,11.4%,🪶,<a href=https://npb.jp/bis/eng/teams/index_h.html>SoftBank</a>,WL
,Ohno Kazuo,5,2,0,0,0,0,77,18.2,17,1,11,7,0,3,2,7,4,1.93,4.59,4.28,1.29,172,117,109,-2.66,1.3%,14.3%,9.1%,5.2%,🪶,<a href=https://npb.jp/bis/eng/teams/index_h.html>SoftBank</a>,WL
,Ohshiro Shinno,14,1,1,0,0,0,69,18.0,12,1,11,6,0,1,2,5,5,2.50,4.13,4.08,1.00,133,105,103,-1.63,1.4%,15.9%,8.7%,7.2%,🪶,<a href=https://npb.jp/bis/eng/teams/index_h.html>SoftBank</a>,WL
,Ohtake Fuga,1,1,0,0,0,0,21,6.0,6,0,5,0,0,0,1,1,1,1.50,1.79,2.42,1.00,221,46,61,-0.29,0.0%,23.8%,0.0%,23.8%,🪶,<a href=https://npb.jp/bis/eng/teams/index_h.html>SoftBank</a>,WL
,Ohtsu Ryosuke,3,0,2,0,0,0,65,16.0,18,0,12,0,0,1,0,7,7,3.94,2.15,2.95,1.12,84,55,75,1.79,0.0%,18.5%,0.0%,18.5%,🪶,<a href=https://npb.jp/bis/eng/teams/index_h.html>SoftBank</a>,WL
,Ohyama Ryo,10,3,2,0,0,0,210,50.0,48,3,40,16,0,4,3,24,18,3.24,3.84,3.66,1.28,102,98,93,-0.60,1.4%,19.0%,7.6%,11.4%,🪶,<a href=https://npb.jp/bis/eng/teams/index_h.html>SoftBank</a>,WL
,Okaue Jumpei,1,0,0,0,0,0,5,1.0,1,0,2,1,0,0,0,0,0,0.00,2.46,2.80,2.00,999,63,71,-2.46,0.0%,40.0%,20.0%,20.0%,🪶,<a href=https://npb.jp/bis/eng/teams/index_h.html>SoftBank</a>,WL
,Saito Hiromasa,11,1,0,0,0,0,43,9.1,10,1,7,4,0,1,0,4,4,3.86,4.96,4.10,1.50,86,126,104,-1.10,2.3%,16.3%,9.3%,7.0%,🪶,<a href=https://npb.jp/bis/eng/teams/index_h.html>SoftBank</a>,WL
,Satoh Hiroki,3,2,0,0,0,0,43,10.1,9,0,8,4,0,0,0,3,2,1.74,3.07,3.87,1.26,190,78,98,-1.33,0.0%,18.6%,9.3%,9.3%,🪶,<a href=https://npb.jp/bis/eng/teams/index_h.html>SoftBank</a>,WL
,Satoh Takuma,2,0,0,0,0,0,10,1.2,2,0,1,3,0,0,0,2,1,5.40,7.66,6.80,3.00,61,195,173,-2.26,0.0%,10.0%,30.0%,-20.0%,🪶,<a href=https://npb.jp/bis/eng/teams/index_h.html>SoftBank</a>,WL
,Sawayanagi Ryotaro,11,0,0,4,0,0,51,14.0,9,1,15,2,0,0,1,4,3,1.93,2.67,2.25,0.79,172,68,57,-0.74,2.0%,29.4%,3.9%,25.5%,🪶,<a href=https://npb.jp/bis/eng/teams/index_h.html>SoftBank</a>,WL
,Stewart Jr. Carter,2,0,1,0,0,0,36,8.1,7,1,8,4,0,1,1,3,3,3.24,4.90,3.69,1.32,102,125,94,-1.66,2.8%,22.2%,11.1%,11.1%,🪶,<a href=https://npb.jp/bis/eng/teams/index_h.html>SoftBank</a>,WL
,Taura Fumimaru,10,1,0,1,0,0,36,9.2,7,1,8,1,0,0,0,3,3,2.79,3.46,2.86,0.83,119,88,72,-0.67,2.8%,22.2%,2.8%,19.4%,🪶,<a href=https://npb.jp/bis/eng/teams/index_h.html>SoftBank</a>,WL
,Tsumori Yuki,8,0,0,2,0,0,27,7.0,3,1,6,2,0,1,0,2,2,2.57,4.89,3.32,0.71,129,124,84,-2.32,3.7%,22.2%,7.4%,14.8%,🪶,<a href=https://npb.jp/bis/eng/teams/index_h.html>SoftBank</a>,WL
,Wada Tsuyoshi,7,3,1,1,0,0,111,27.1,29,1,30,1,0,0,0,8,7,2.30,1.85,2.19,1.10,144,47,56,0.45,0.9%,27.0%,0.9%,26.1%,🪶,<a href=https://npb.jp/bis/eng/teams/index_h.html>SoftBank</a>,WL
,Watanabe Yuki,31,2,1,4,0,0,135,31.1,25,5,22,15,1,7,1,8,7,2.01,6.24,4.28,1.28,165,159,109,-4.23,3.7%,16.3%,11.1%,5.2%,🪶,<a href=https://npb.jp/bis/eng/teams/index_h.html>SoftBank</a>,WL
,Fujihira Shoma,7,0,0,0,0,0,27,7.1,3,1,6,2,0,0,0,2,2,2.45,4.41,3.32,0.68,133,114,84,-1.96,3.7%,22.2%,7.4%,14.8%,🦅 ,<a href=https://npb.jp/bis/eng/teams/index_e.html>Rakuten</a>,EL
,Fujii Masaru,2,2,0,0,0,0,50,13.0,7,0,9,4,0,0,0,1,1,0.69,3.00,3.80,0.85,473,77,96,-2.31,0.0%,18.0%,8.0%,10.0%,🦅 ,<a href=https://npb.jp/bis/eng/teams/index_e.html>Rakuten</a>,EL
,Hayashi Yuki,1,0,0,0,0,0,4,1.0,1,0,0,0,0,0,0,0,0,0.00,3.46,4.80,1.00,999,89,122,-3.46,0.0%,0.0%,0.0%,0.0%,🦅 ,<a href=https://npb.jp/bis/eng/teams/index_e.html>Rakuten</a>,EL
,Hinata Naoki,30,3,2,3,0,0,125,31.1,21,2,25,12,0,0,0,7,7,2.01,3.84,3.76,1.05,162,99,95,-1.83,1.6%,20.0%,9.6%,10.4%,🦅 ,<a href=https://npb.jp/bis/eng/teams/index_e.html>Rakuten</a>,EL
,Itoh Mao,41,1,0,0,0,0,186,44.1,28,3,39,23,0,7,3,13,13,2.64,4.61,3.94,1.15,124,119,100,-1.97,1.6%,21.0%,12.4%,8.6%,🦅 ,<a href=https://npb.jp/bis/eng/teams/index_e.html>Rakuten</a>,EL
,Karashima Wataru,15,4,6,0,0,0,265,66.2,59,3,41,16,0,0,0,21,18,2.43,3.54,3.86,1.13,134,91,98,-1.11,1.1%,15.5%,6.0%,9.4%,🦅 ,<a href=https://npb.jp/bis/eng/teams/index_e.html>Rakuten</a>,EL
,Kishi Takayuki,4,1,1,0,1,0,87,25.0,15,0,19,0,0,0,0,5,4,1.44,1.94,2.62,0.60,227,50,66,-0.50,0.0%,21.8%,0.0%,21.8%,🦅 ,<a href=https://npb.jp/bis/eng/teams/index_e.html>Rakuten</a>,EL
,Koga Kosei,20,2,5,0,0,0,271,63.1,66,2,37,28,0,5,0,26,25,3.55,4.27,4.47,1.48,92,110,113,-0.72,0.7%,13.7%,10.3%,3.3%,🦅 ,<a href=https://npb.jp/bis/eng/teams/index_e.html>Rakuten</a>,EL
,Koja Tatsuki,9,4,2,0,0,0,227,55.2,44,4,49,22,0,1,0,13,11,1.78,3.87,3.61,1.19,183,100,92,-2.09,1.8%,21.6%,9.7%,11.9%,🦅 ,<a href=https://npb.jp/bis/eng/teams/index_e.html>Rakuten</a>,EL
,Komago Ryuji,25,4,2,0,0,0,339,71.2,69,2,67,47,0,5,7,33,24,3.01,4.13,4.21,1.62,108,107,107,-1.12,0.6%,19.8%,13.9%,5.9%,🦅 ,<a href=https://npb.jp/bis/eng/teams/index_e.html>Rakuten</a>,EL
,Komine Shinri,2,0,0,0,0,0,7,2.0,2,0,1,1,0,0,0,0,0,0.00,3.96,4.80,1.50,999,102,122,-3.96,0.0%,14.3%,14.3%,0.0%,🦅 ,<a href=https://npb.jp/bis/eng/teams/index_e.html>Rakuten</a>,EL
,Matsuda Takuma,11,1,6,0,0,0,233,50.1,67,4,22,12,0,2,2,30,20,3.58,4.45,4.37,1.57,91,115,111,-0.87,1.7%,9.4%,5.2%,4.3%,🦅 ,<a href=https://npb.jp/bis/eng/teams/index_e.html>Rakuten</a>,EL
,Matsui Tomotaka,23,3,3,0,0,0,219,52.1,51,3,42,15,0,1,2,24,23,3.96,3.52,3.57,1.26,82,91,91,0.44,1.4%,19.2%,6.8%,12.3%,🦅 ,<a href=https://npb.jp/bis/eng/teams/index_e.html>Rakuten</a>,EL
,Miyamori Satoshi,40,3,1,5,0,0,195,45.2,36,3,32,22,0,6,0,12,11,2.17,4.75,4.29,1.27,150,123,109,-2.58,1.5%,16.4%,11.3%,5.1%,🦅 ,<a href=https://npb.jp/bis/eng/teams/index_e.html>Rakuten</a>,EL
,Nishigaki Masaya,29,2,0,8,0,0,123,29.1,20,0,22,14,0,2,2,7,6,1.84,3.60,4.15,1.16,177,93,105,-1.76,0.0%,17.9%,11.4%,6.5%,🦅 ,<a href=https://npb.jp/bis/eng/teams/index_e.html>Rakuten</a>,EL
,Nishiguchi Naoto,1,0,0,0,0,0,4,1.0,0,0,1,1,0,0,0,0,0,0.00,4.46,4.80,1.00,999,115,122,-4.46,0.0%,25.0%,25.0%,0.0%,🦅 ,<a href=https://npb.jp/bis/eng/teams/index_e.html>Rakuten</a>,EL
,Ohuchi Seiya,10,0,1,0,0,0,148,35.1,37,1,13,15,0,0,1,17,15,3.82,4.37,4.94,1.47,85,113,125,-0.55,0.7%,8.8%,10.1%,-1.4%,🦅 ,<a href=https://npb.jp/bis/eng/teams/index_e.html>Rakuten</a>,EL
,Ponce Cody,11,3,3,0,0,0,248,60.0,52,6,65,19,0,3,1,18,15,2.25,3.69,2.95,1.18,145,95,75,-1.44,2.4%,26.2%,7.7%,18.5%,🦅 ,<a href=https://npb.jp/bis/eng/teams/index_e.html>Rakuten</a>,EL
,Sakai Haruto,21,3,1,0,0,0,127,26.1,27,2,23,22,0,1,2,20,19,6.49,5.32,4.72,1.86,50,137,120,1.17,1.6%,18.1%,17.3%,0.8%,🦅 ,<a href=https://npb.jp/bis/eng/teams/index_e.html>Rakuten</a>,EL
,Sakurai Shuto,32,1,2,0,0,0,145,28.2,28,1,20,29,0,3,1,25,21,6.59,5.87,5.42,1.99,50,152,138,0.72,0.7%,13.8%,20.0%,-6.2%,🦅 ,<a href=https://npb.jp/bis/eng/teams/index_e.html>Rakuten</a>,EL
,Seimiya Kotaro,35,0,3,0,0,0,159,30.1,31,2,28,37,0,3,6,25,21,6.23,6.43,5.37,2.24,52,166,136,-0.20,1.3%,17.6%,23.3%,-5.7%,🦅 ,<a href=https://npb.jp/bis/eng/teams/index_e.html>Rakuten</a>,EL
,Shoji Kosei,7,2,3,0,1,0,154,40.2,28,2,34,14,0,1,2,11,9,1.99,3.53,3.50,1.03,164,91,89,-1.54,1.3%,22.1%,9.1%,13.0%,🦅 ,<a href=https://npb.jp/bis/eng/teams/index_e.html>Rakuten</a>,EL
,Sung Chia-Hao,5,0,0,0,0,0,20,5.0,5,0,3,0,0,0,0,1,1,1.80,2.26,3.30,1.00,181,58,84,-0.46,0.0%,15.0%,0.0%,15.0%,🦅 ,<a href=https://npb.jp/bis/eng/teams/index_e.html>Rakuten</a>,EL
,Suzuki Sora,2,0,0,0,0,0,7,2.0,0,0,3,0,0,0,0,0,0,0.00,0.46,0.51,0.00,999,12,13,-0.46,0.0%,42.9%,0.0%,42.9%,🦅 ,<a href=https://npb.jp/bis/eng/teams/index_e.html>Rakuten</a>,EL
,Tai Katsutoshi,2,0,0,0,0,0,11,1.2,3,0,2,3,0,0,0,2,2,10.80,6.46,5.71,3.60,30,167,145,4.34,0.0%,18.2%,27.3%,-9.1%,🦅 ,<a href=https://npb.jp/bis/eng/teams/index_e.html>Rakuten</a>,EL
,Takada Koichi,18,1,2,0,0,0,167,38.0,40,1,18,16,0,1,0,20,15,3.55,4.20,4.68,1.47,92,108,119,-0.65,0.6%,10.8%,9.6%,1.2%,🦅 ,<a href=https://npb.jp/bis/eng/teams/index_e.html>Rakuten</a>,EL
,Takeshita Akihiro,8,0,2,0,0,0,62,13.0,17,3,10,11,0,0,0,15,15,10.38,7.46,4.96,2.15,31,193,126,2.92,4.8%,16.1%,17.7%,-1.6%,🦅 ,<a href=https://npb.jp/bis/eng/teams/index_e.html>Rakuten</a>,EL
,Takinaka Ryota,12,2,6,0,1,0,307,72.2,79,4,36,15,0,6,3,31,24,2.97,4.05,4.12,1.29,110,105,104,-1.08,1.3%,11.7%,4.9%,6.8%,🦅 ,<a href=https://npb.jp/bis/eng/teams/index_e.html>Rakuten</a>,EL
,Tanaka Masahiro,5,0,2,0,0,0,104,23.0,27,2,19,6,0,2,1,12,10,3.91,3.98,3.55,1.43,84,103,90,-0.07,1.9%,18.3%,5.8%,12.5%,🦅 ,<a href=https://npb.jp/bis/eng/teams/index_e.html>Rakuten</a>,EL
,Tsurusaki Taisei,23,3,1,3,0,0,183,45.0,41,0,34,14,0,1,0,12,10,2.00,2.95,3.71,1.22,163,76,94,-0.95,0.0%,18.6%,7.7%,10.9%,🦅 ,<a href=https://npb.jp/bis/eng/teams/index_e.html>Rakuten</a>,EL
,Turley Nik,18,0,1,0,0,0,74,16.2,14,1,17,7,0,2,1,11,9,4.86,3.82,3.45,1.26,67,99,88,1.04,1.4%,23.0%,9.5%,13.5%,🦅 ,<a href=https://npb.jp/bis/eng/teams/index_e.html>Rakuten</a>,EL
,Uchi Seiryu,1,0,0,0,0,0,5,1.0,3,0,1,0,0,0,0,1,1,9.00,1.46,2.80,3.00,36,38,71,7.54,0.0%,20.0%,0.0%,20.0%,🦅 ,<a href=https://npb.jp/bis/eng/teams/index_e.html>Rakuten</a>,EL
,Wang Yan-Cheng,9,1,4,0,0,0,161,36.1,31,3,30,17,1,4,3,18,10,2.48,4.62,3.99,1.32,132,119,101,-2.14,1.9%,18.6%,10.6%,8.1%,🦅 ,<a href=https://npb.jp/bis/eng/teams/index_e.html>Rakuten</a>,EL
,Watanabe Shota,8,0,0,0,0,0,38,9.0,10,1,13,2,0,0,1,4,4,4.00,2.68,1.91,1.33,82,69,48,1.32,2.6%,34.2%,5.3%,28.9%,🦅 ,<a href=https://npb.jp/bis/eng/teams/index_e.html>Rakuten</a>,EL
,Yoshikawa Kazuki,20,2,1,0,0,0,192,47.0,43,3,33,12,0,1,0,17,12,2.30,3.72,3.71,1.17,142,96,94,-1.42,1.6%,17.2%,6.2%,10.9%,🦅 ,<a href=https://npb.jp/bis/eng/teams/index_e.html>Rakuten</a>,EL
,Yuge Hayato,19,3,1,5,0,0,85,19.2,18,1,15,9,1,1,0,9,9,4.12,4.12,4.09,1.37,79,106,104,-0.00,1.2%,17.6%,10.6%,7.1%,🦅 ,<a href=https://npb.jp/bis/eng/teams/index_e.html>Rakuten</a>,EL
,Akagami Yuto,35,4,1,0,0,0,177,41.1,41,3,26,16,0,4,0,13,13,2.83,4.60,4.24,1.38,122,113,107,-1.77,1.7%,14.7%,9.0%,5.6%,🦁,<a href=https://npb.jp/bis/eng/teams/index_l.html>Seibu</a>,EL
,Aoyama Minato,14,5,3,0,1,0,325,79.0,65,2,39,32,0,7,3,25,22,2.51,4.28,4.58,1.23,137,105,116,-1.77,0.6%,12.0%,9.8%,2.2%,🦁,<a href=https://npb.jp/bis/eng/teams/index_l.html>Seibu</a>,EL
,Awatsu Kaito,3,1,0,0,0,0,16,3.0,8,1,3,0,0,0,0,4,4,12.00,5.79,2.92,2.67,29,142,74,6.21,6.2%,18.8%,0.0%,18.8%,🦁,<a href=https://npb.jp/bis/eng/teams/index_l.html>Seibu</a>,EL
,Hada Shinnosuke,13,6,2,0,1,1,245,59.0,34,2,58,33,0,7,7,17,13,1.98,3.97,3.78,1.14,174,97,96,-1.99,0.8%,23.7%,13.5%,10.2%,🦁,<a href=https://npb.jp/bis/eng/teams/index_l.html>Seibu</a>,EL
,Hamaya Shota,22,4,4,0,0,0,383,88.1,85,9,53,43,0,4,2,44,36,3.67,5.18,4.54,1.45,94,127,115,-1.51,2.3%,13.8%,11.2%,2.6%,🦁,<a href=https://npb.jp/bis/eng/teams/index_l.html>Seibu</a>,EL
,Hirai Katsunori,27,3,1,0,0,0,153,37.0,34,4,33,9,0,6,0,11,11,2.68,4.30,3.23,1.16,129,105,82,-1.62,2.6%,21.6%,5.9%,15.7%,🦁,<a href=https://npb.jp/bis/eng/teams/index_l.html>Seibu</a>,EL
,Honda Keisuke,16,3,3,1,0,0,73,16.1,19,1,9,7,1,0,0,9,9,4.96,4.44,4.53,1.59,69,109,115,0.52,1.4%,12.3%,9.6%,2.7%,🦁,<a href=https://npb.jp/bis/eng/teams/index_l.html>Seibu</a>,EL
,Inoue Hiroki,25,4,1,0,0,0,208,50.1,40,1,27,24,0,1,4,21,15,2.68,4.14,4.66,1.27,129,101,118,-1.46,0.5%,13.0%,11.5%,1.4%,🦁,<a href=https://npb.jp/bis/eng/teams/index_l.html>Seibu</a>,EL
,Itogawa Ryota,29,5,1,3,0,0,308,78.0,67,6,44,18,0,3,1,23,19,2.19,4.14,3.96,1.09,157,101,100,-1.95,1.9%,14.3%,5.8%,8.4%,🦁,<a href=https://npb.jp/bis/eng/teams/index_l.html>Seibu</a>,EL
,Itoh Sho,9,0,0,0,0,0,50,12.0,13,1,8,4,0,0,0,5,5,3.75,4.21,4.00,1.42,92,103,102,-0.46,2.0%,16.0%,8.0%,8.0%,🦁,<a href=https://npb.jp/bis/eng/teams/index_l.html>Seibu</a>,EL
,Kaino Hiroshi,7,0,0,0,0,0,28,7.0,2,0,7,5,0,0,0,0,0,0.00,3.60,4.09,1.00,999,88,104,-3.60,0.0%,25.0%,17.9%,7.1%,🦁,<a href=https://npb.jp/bis/eng/teams/index_l.html>Seibu</a>,EL
,Kuroda Masaya,8,0,2,0,0,0,76,16.0,23,2,10,9,0,0,0,8,7,3.94,5.52,4.67,2.00,87,135,118,-1.58,2.6%,13.2%,11.8%,1.3%,🦁,<a href=https://npb.jp/bis/eng/teams/index_l.html>Seibu</a>,EL
,Lopez Victor,5,1,0,0,0,0,70,16.0,12,1,9,9,0,3,0,6,5,2.81,5.40,4.80,1.31,123,132,122,-2.59,1.4%,12.9%,12.9%,0.0%,🦁,<a href=https://npb.jp/bis/eng/teams/index_l.html>Seibu</a>,EL
,Mameda Taishi,34,1,0,8,0,0,145,35.0,25,1,37,17,0,0,0,9,9,2.31,3.17,3.42,1.20,149,78,87,-0.86,0.7%,25.5%,11.7%,13.8%,🦁,<a href=https://npb.jp/bis/eng/teams/index_l.html>Seibu</a>,EL
,Masuda Tatsushi,18,2,1,0,0,0,69,15.2,22,3,11,2,0,0,0,13,13,7.47,4.93,3.50,1.53,46,121,89,2.54,4.3%,15.9%,2.9%,13.0%,🦁,<a href=https://npb.jp/bis/eng/teams/index_l.html>Seibu</a>,EL
,Matsumoto Wataru,5,1,1,0,0,0,49,11.0,11,0,13,5,0,1,0,5,5,4.09,2.73,3.17,1.45,84,67,80,1.36,0.0%,26.5%,10.2%,16.3%,🦁,<a href=https://npb.jp/bis/eng/teams/index_l.html>Seibu</a>,EL
,Miura Daiki,4,0,0,0,0,0,21,3.1,7,1,1,4,1,0,1,8,4,10.80,10.36,6.23,3.30,32,254,158,0.44,4.8%,4.8%,19.0%,-14.3%,🦁,<a href=https://npb.jp/bis/eng/teams/index_l.html>Seibu</a>,EL
,Miyazawa Taisei,12,0,1,0,0,0,70,15.0,12,0,8,11,0,2,0,6,6,3.60,4.99,5.23,1.53,96,122,133,-1.39,0.0%,11.4%,15.7%,-4.3%,🦁,<a href=https://npb.jp/bis/eng/teams/index_l.html>Seibu</a>,EL
,Mizukami Yoshinobu,17,1,1,1,0,0,77,17.0,18,2,10,8,0,0,0,10,6,3.18,5.22,4.54,1.53,108,128,115,-2.04,2.6%,13.0%,10.4%,2.6%,🦁,<a href=https://npb.jp/bis/eng/teams/index_l.html>Seibu</a>,EL
,Moriwaki Ryosuke,2,0,1,0,0,0,8,1.0,1,0,3,2,0,1,0,2,0,0.00,6.46,3.55,3.00,999,158,90,-6.46,0.0%,37.5%,25.0%,12.5%,🦁,<a href=https://npb.jp/bis/eng/teams/index_l.html>Seibu</a>,EL
,Nakamura Yuta,12,0,0,3,0,0,54,13.0,9,0,10,6,0,1,0,2,2,1.38,3.54,4.06,1.15,250,87,103,-2.16,0.0%,18.5%,11.1%,7.4%,🦁,<a href=https://npb.jp/bis/eng/teams/index_l.html>Seibu</a>,EL
,Omagari Ren,24,2,3,0,0,0,125,24.2,29,2,23,20,0,3,4,22,13,4.74,5.45,4.56,1.99,73,133,116,-0.71,1.6%,18.4%,16.0%,2.4%,🦁,<a href=https://npb.jp/bis/eng/teams/index_l.html>Seibu</a>,EL
,Saito Hiromasa,12,1,0,0,0,0,53,12.0,9,0,9,6,0,1,0,6,4,3.00,3.71,4.23,1.25,115,91,107,-0.71,0.0%,17.0%,11.3%,5.7%,🦁,<a href=https://npb.jp/bis/eng/teams/index_l.html>Seibu</a>,EL
,Sato Shunsuke,2,0,0,1,0,0,7,2.0,1,0,1,0,0,0,0,0,0,0.00,2.46,3.37,0.50,999,60,86,-2.46,0.0%,14.3%,0.0%,14.3%,🦁,<a href=https://npb.jp/bis/eng/teams/index_l.html>Seibu</a>,EL
,Sinclair Joseph Konosuke,1,0,0,0,0,0,5,1.0,0,0,1,1,0,0,0,0,0,0.00,4.46,4.80,1.00,999,109,122,-4.46,0.0%,20.0%,20.0%,0.0%,🦁,<a href=https://npb.jp/bis/eng/teams/index_l.html>Seibu</a>,EL
,Sugai Shinya,14,3,3,0,1,1,310,76.0,71,2,83,20,0,2,3,25,23,2.72,2.49,2.77,1.20,127,61,70,0.23,0.6%,26.8%,6.5%,20.3%,🦁,<a href=https://npb.jp/bis/eng/teams/index_l.html>Seibu</a>,EL
,Sugiyama Haruki,9,3,3,0,0,0,177,44.0,39,2,29,10,0,0,0,17,17,3.48,3.41,3.73,1.11,99,84,95,0.07,1.1%,16.4%,5.6%,10.7%,🦁,<a href=https://npb.jp/bis/eng/teams/index_l.html>Seibu</a>,EL
,Taira Kaima,4,0,0,0,0,0,14,4.0,1,1,3,1,0,0,0,1,1,2.25,5.96,3.37,0.50,153,146,86,-3.71,7.1%,21.4%,7.1%,14.3%,🦁,<a href=https://npb.jp/bis/eng/teams/index_l.html>Seibu</a>,EL
,Takahashi Bo,2,2,0,0,0,0,43,11.0,9,0,7,2,0,1,0,0,0,0.00,3.01,3.64,1.00,999,74,92,-3.01,0.0%,16.3%,4.7%,11.6%,🦁,<a href=https://npb.jp/bis/eng/teams/index_l.html>Seibu</a>,EL
,Takahashi Kona,7,1,2,0,0,0,135,33.0,28,2,22,10,0,3,1,12,10,2.73,4.10,3.91,1.15,126,100,99,-1.37,1.5%,16.3%,7.4%,8.9%,🦁,<a href=https://npb.jp/bis/eng/teams/index_l.html>Seibu</a>,EL
,Takeuchi Natsuki,2,0,0,0,0,0,33,8.0,5,0,7,1,0,2,0,1,1,1.13,2.83,2.98,0.75,305,69,76,-1.71,0.0%,21.2%,3.0%,18.2%,🦁,<a href=https://npb.jp/bis/eng/teams/index_l.html>Seibu</a>,EL
,Tamura Ichiro,14,0,0,11,0,0,47,14.0,6,0,13,3,0,0,0,0,0,0.00,2.25,2.67,0.64,999,55,68,-2.25,0.0%,27.7%,6.4%,21.3%,🦁,<a href=https://npb.jp/bis/eng/teams/index_l.html>Seibu</a>,EL
,Ueda Taiga,22,0,2,2,0,0,96,21.0,24,1,19,6,0,3,2,5,4,1.71,3.56,3.45,1.43,202,87,87,-1.85,1.0%,19.8%,6.2%,13.5%,🦁,<a href=https://npb.jp/bis/eng/teams/index_l.html>Seibu</a>,EL
,Uema Towa,17,4,8,0,0,0,415,94.2,106,5,48,29,0,3,3,41,31,2.95,4.15,4.34,1.43,117,102,110,-1.20,1.2%,11.6%,7.0%,4.6%,🦁,<a href=https://npb.jp/bis/eng/teams/index_l.html>Seibu</a>,EL
,Watanabe Yutaro,6,1,2,0,1,1,132,29.0,29,0,16,15,0,1,2,13,8,2.48,4.01,4.72,1.52,139,98,120,-1.53,0.0%,12.1%,11.4%,0.8%,🦁,<a href=https://npb.jp/bis/eng/teams/index_l.html>Seibu</a>,EL
,Yamada Haruto,13,0,3,0,0,0,113,24.0,28,0,21,14,0,2,2,19,18,6.75,3.71,4.18,1.75,51,91,106,3.04,0.0%,18.6%,12.4%,6.2%,🦁,<a href=https://npb.jp/bis/eng/teams/index_l.html>Seibu</a>,EL
,Yan Jefry,12,0,1,1,0,0,52,11.2,10,1,14,7,0,1,0,6,4,3.09,4.23,3.45,1.46,112,104,88,-1.14,1.9%,26.9%,13.5%,13.5%,🦁,<a href=https://npb.jp/bis/eng/teams/index_l.html>Seibu</a>,EL
,Yoza Kaito,17,7,3,0,0,0,421,100.1,99,4,53,25,0,4,0,34,28,2.51,3.79,4.13,1.24,137,93,105,-1.28,1.0%,12.6%,5.9%,6.7%,🦁,<a href=https://npb.jp/bis/eng/teams/index_l.html>Seibu</a>,EL
,Fukuda Suguru,29,1,0,1,0,0,123,28.0,26,3,33,11,1,1,3,10,10,3.21,3.78,3.01,1.32,108,92,76,-0.57,2.4%,26.8%,8.9%,17.9%,🦊,<a href=https://npb.jp/bis/eng/teams/index_f.html>Nipponham</a>,EL
,Fukushima Ren,6,1,1,0,0,0,107,27.0,21,1,23,8,0,0,2,10,9,3.00,3.13,3.40,1.07,115,76,86,-0.13,0.9%,21.5%,7.5%,14.0%,🦊,<a href=https://npb.jp/bis/eng/teams/index_f.html>Nipponham</a>,EL
,Hori Mizuki,28,1,0,3,0,0,99,26.1,15,3,31,6,0,1,1,8,8,2.73,3.38,2.27,0.80,127,82,58,-0.65,3.0%,31.3%,6.1%,25.3%,🦊,<a href=https://npb.jp/bis/eng/teams/index_f.html>Nipponham</a>,EL
,Hosono Haruki,8,1,0,0,0,0,107,28.1,15,0,20,10,0,0,0,6,4,1.27,3.11,3.87,0.88,273,76,98,-1.84,0.0%,18.7%,9.3%,9.3%,🦊,<a href=https://npb.jp/bis/eng/teams/index_f.html>Nipponham</a>,EL
,Ikeda Takahide,5,0,0,0,0,0,21,5.0,5,0,6,2,0,0,0,2,1,1.80,2.26,2.90,1.40,192,55,73,-0.46,0.0%,28.6%,9.5%,19.0%,🦊,<a href=https://npb.jp/bis/eng/teams/index_f.html>Nipponham</a>,EL
,Ishikawa Naoya,36,2,3,9,0,0,146,34.2,25,2,38,12,0,1,1,12,11,2.86,3.14,3.02,1.07,121,77,77,-0.28,1.4%,26.0%,8.2%,17.8%,🦊,<a href=https://npb.jp/bis/eng/teams/index_f.html>Nipponham</a>,EL
,Kagiya Yohei,20,0,1,0,0,0,96,23.0,22,1,7,3,1,1,0,8,2,0.78,3.94,4.38,1.09,444,96,111,-3.16,1.0%,7.3%,3.1%,4.2%,🦊,<a href=https://npb.jp/bis/eng/teams/index_f.html>Nipponham</a>,EL
,Kakigi Ren,16,0,1,0,0,0,73,17.0,16,1,15,6,1,0,2,4,4,2.12,3.52,3.57,1.29,163,86,91,-1.40,1.4%,20.5%,8.2%,12.3%,🦊,<a href=https://npb.jp/bis/eng/teams/index_f.html>Nipponham</a>,EL
,Katoh Yamato,3,0,0,0,0,0,11,3.0,1,0,1,2,0,0,0,0,0,0.00,4.79,5.71,1.00,999,117,145,-4.79,0.0%,9.1%,18.2%,-9.1%,🦊,<a href=https://npb.jp/bis/eng/teams/index_f.html>Nipponham</a>,EL
,Kawano Ryusei,2,0,0,0,0,0,7,2.0,1,0,3,0,0,0,0,0,0,0.00,0.46,0.51,0.50,999,11,13,-0.46,0.0%,42.9%,0.0%,42.9%,🦊,<a href=https://npb.jp/bis/eng/teams/index_f.html>Nipponham</a>,EL
,Kitaura Ryuji,21,0,3,1,0,0,75,16.1,24,1,10,4,0,0,1,15,12,6.61,3.77,4.00,1.71,52,92,102,2.84,1.3%,13.3%,5.3%,8.0%,🦊,<a href=https://npb.jp/bis/eng/teams/index_f.html>Nipponham</a>,EL
,Kitayama Koki,6,0,2,0,0,0,95,21.1,24,0,32,7,0,1,0,12,11,4.64,1.58,2.17,1.45,75,39,55,3.06,0.0%,33.7%,7.4%,26.3%,🦊,<a href=https://npb.jp/bis/eng/teams/index_f.html>Nipponham</a>,EL
,Kuroki Yuta,18,0,1,1,0,0,98,22.2,27,2,10,4,0,1,2,12,12,4.76,4.39,4.19,1.37,73,107,106,0.37,2.0%,10.2%,4.1%,6.1%,🦊,<a href=https://npb.jp/bis/eng/teams/index_f.html>Nipponham</a>,EL
,Kuroyanagi Kyosuke,18,3,2,1,0,0,227,57.1,44,3,53,20,0,2,0,21,19,2.98,3.44,3.35,1.12,116,84,85,-0.46,1.3%,23.3%,8.8%,14.5%,🦊,<a href=https://npb.jp/bis/eng/teams/index_f.html>Nipponham</a>,EL
,Matsumoto Ryodai,11,0,0,0,0,0,47,11.0,10,1,13,3,0,0,0,3,3,2.45,3.10,2.67,1.18,141,75,68,-0.65,2.1%,27.7%,6.4%,21.3%,🦊,<a href=https://npb.jp/bis/eng/teams/index_f.html>Nipponham</a>,EL
,Matsuoka Koki,18,2,2,0,0,0,139,31.1,32,2,17,14,0,3,3,17,15,4.31,4.83,4.58,1.47,80,118,116,-0.52,1.4%,12.2%,10.1%,2.2%,🦊,<a href=https://npb.jp/bis/eng/teams/index_f.html>Nipponham</a>,EL
,Matsuura Keito,24,0,2,0,0,0,162,39.0,33,3,48,14,0,1,2,10,8,1.85,3.15,2.70,1.21,187,77,69,-1.30,1.9%,29.6%,8.6%,21.0%,🦊,<a href=https://npb.jp/bis/eng/teams/index_f.html>Nipponham</a>,EL
,Miyanishi Naoki,12,0,0,1,0,0,44,11.1,6,1,10,3,0,0,0,2,2,1.59,3.64,3.21,0.79,218,89,81,-2.05,2.3%,22.7%,6.8%,15.9%,🦊,<a href=https://npb.jp/bis/eng/teams/index_f.html>Nipponham</a>,EL
,Miyauchi Haruki,14,1,1,0,0,0,61,14.1,11,2,14,7,0,0,0,7,3,1.88,4.79,3.65,1.26,184,117,93,-2.91,3.3%,23.0%,11.5%,11.5%,🦊,<a href=https://npb.jp/bis/eng/teams/index_f.html>Nipponham</a>,EL
,Murphy Patrick,5,1,0,0,0,0,92,21.0,24,1,16,8,0,2,0,12,10,4.29,3.98,3.93,1.52,81,97,100,0.31,1.1%,17.4%,8.7%,8.7%,🦊,<a href=https://npb.jp/bis/eng/teams/index_f.html>Nipponham</a>,EL
,Nakayama Terukazu,20,6,2,0,0,0,146,34.0,37,4,20,13,1,0,0,13,12,3.18,4.96,4.32,1.47,109,121,110,-1.78,2.7%,13.7%,8.9%,4.8%,🦊,<a href=https://npb.jp/bis/eng/teams/index_f.html>Nipponham</a>,EL
,Nemoto Haruka,20,5,5,0,0,0,305,73.1,59,3,51,29,0,5,3,25,23,2.82,3.99,4.08,1.20,123,97,104,-1.17,1.0%,16.7%,9.5%,7.2%,🦊,<a href=https://npb.jp/bis/eng/teams/index_f.html>Nipponham</a>,EL
,Rodriguez Bryan,22,1,1,2,0,0,77,21.2,16,0,14,1,0,1,1,3,3,1.25,2.44,3.11,0.78,277,60,79,-1.19,0.0%,18.2%,1.3%,16.9%,🦊,<a href=https://npb.jp/bis/eng/teams/index_f.html>Nipponham</a>,EL
,Saito Yukiya,16,1,1,0,0,0,76,16.1,14,0,22,7,0,1,4,5,3,1.65,2.24,2.83,1.29,210,54,72,-0.59,0.0%,28.9%,9.2%,19.7%,🦊,<a href=https://npb.jp/bis/eng/teams/index_f.html>Nipponham</a>,EL
,Saitoh Shinji,18,2,1,0,0,0,98,21.2,21,0,17,10,0,3,0,15,11,4.57,3.69,4.09,1.43,76,90,104,0.88,0.0%,17.3%,10.2%,7.1%,🦊,<a href=https://npb.jp/bis/eng/teams/index_f.html>Nipponham</a>,EL
,Sugiura Toshihiro,2,0,0,0,0,0,9,2.0,3,0,2,0,0,0,0,0,0,0.00,1.46,2.58,1.50,999,36,65,-1.46,0.0%,22.2%,0.0%,22.2%,🦊,<a href=https://npb.jp/bis/eng/teams/index_f.html>Nipponham</a>,EL
,Sun Yi-Lei,15,2,2,0,0,0,109,25.2,26,2,24,8,0,2,1,12,11,3.86,3.77,3.33,1.32,90,92,85,0.09,1.8%,22.0%,7.3%,14.7%,🦊,<a href=https://npb.jp/bis/eng/teams/index_f.html>Nipponham</a>,EL
,Suzuki Kenya,16,2,3,0,0,0,228,53.0,55,3,20,14,0,1,0,27,22,3.74,4.29,4.54,1.30,93,105,115,-0.55,1.3%,8.8%,6.1%,2.6%,🦊,<a href=https://npb.jp/bis/eng/teams/index_f.html>Nipponham</a>,EL
,Tamai Taisho,17,1,4,0,0,0,75,16.1,18,1,9,7,0,1,1,10,9,4.96,4.62,4.53,1.53,70,113,115,0.34,1.3%,12.0%,9.3%,2.7%,🦊,<a href=https://npb.jp/bis/eng/teams/index_f.html>Nipponham</a>,EL
,Tanaka Eito,29,5,2,1,0,0,190,46.0,34,1,43,17,0,2,1,16,12,2.35,3.11,3.43,1.11,147,76,87,-0.76,0.5%,22.6%,8.9%,13.7%,🦊,<a href=https://npb.jp/bis/eng/teams/index_f.html>Nipponham</a>,EL
,Tanaka Seigi,3,0,0,0,0,0,18,4.0,6,1,1,2,0,0,1,3,3,6.75,7.71,5.36,2.00,51,188,136,-0.96,5.6%,5.6%,11.1%,-5.6%,🦊,<a href=https://npb.jp/bis/eng/teams/index_f.html>Nipponham</a>,EL
,Tatsu Kota,19,6,3,0,0,0,367,87.0,80,4,74,35,0,0,6,37,36,3.72,3.56,3.74,1.32,93,87,95,0.16,1.1%,20.2%,9.5%,10.6%,🦊,<a href=https://npb.jp/bis/eng/teams/index_f.html>Nipponham</a>,EL
,Uehara Kenta,14,6,3,0,1,0,293,70.0,71,5,61,13,0,0,1,26,20,2.57,3.20,3.16,1.20,135,78,80,-0.63,1.7%,20.8%,4.4%,16.4%,🦊,<a href=https://npb.jp/bis/eng/teams/index_f.html>Nipponham</a>,EL
,VerHagen Drew,11,2,4,0,0,0,202,47.0,50,1,41,12,0,2,0,22,16,3.06,2.89,3.36,1.32,113,70,85,0.17,0.5%,20.3%,5.9%,14.4%,🦊,<a href=https://npb.jp/bis/eng/teams/index_f.html>Nipponham</a>,EL
,Yamamoto Kodai,20,2,1,0,0,0,156,33.0,35,2,19,22,0,1,1,18,10,2.73,5.19,4.99,1.73,127,126,127,-2.46,1.3%,12.2%,14.1%,-1.9%,🦊,<a href=https://npb.jp/bis/eng/teams/index_f.html>Nipponham</a>,EL
,Yamamoto Takumi,9,2,0,0,0,0,37,9.0,9,0,6,1,0,0,0,4,2,2.00,2.46,3.45,1.11,173,60,88,-0.46,0.0%,16.2%,2.7%,13.5%,🦊,<a href=https://npb.jp/bis/eng/teams/index_f.html>Nipponham</a>,EL
,Yanagawa Taisei,19,4,2,2,0,0,140,36.1,30,1,39,8,0,0,1,14,11,2.72,2.33,2.59,1.05,127,57,66,0.39,0.7%,27.9%,5.7%,22.1%,🦊,<a href=https://npb.jp/bis/eng/teams/index_f.html>Nipponham</a>,EL
,Yazawa Kota,14,1,0,0,0,0,72,17.0,12,1,17,8,0,2,2,9,9,4.76,3.99,3.55,1.18,73,97,90,0.77,1.4%,23.6%,11.1%,12.5%,🦊,<a href=https://npb.jp/bis/eng/teams/index_f.html>Nipponham</a>,EL
,Zabala Aneurys,22,1,1,5,0,0,94,22.2,15,1,28,8,0,1,1,7,6,2.38,2.75,2.67,1.01,146,67,68,-0.37,1.1%,29.8%,8.5%,21.3%,🦊,<a href=https://npb.jp/bis/eng/teams/index_f.html>Nipponham</a>,EL
,Ajiro Kenta,18,0,5,0,0,0,286,63.0,59,5,27,37,0,7,2,41,28,4.00,5.73,5.15,1.52,75,162,131,-1.73,1.7%,9.4%,12.9%,-3.5%,🦢,<a href=https://www.niigata-albirex-bc.jp/>Oisix</a>,EL
,Iida Yamato,17,1,7,0,0,0,215,45.1,54,6,34,24,0,1,2,39,31,6.15,5.34,4.33,1.72,49,151,110,0.81,2.8%,15.8%,11.2%,4.7%,🦢,<a href=https://www.niigata-albirex-bc.jp/>Oisix</a>,EL
,Irei Kaito,34,1,0,0,0,0,147,32.0,38,1,16,15,0,1,3,23,21,5.91,4.37,4.73,1.66,51,123,120,1.54,0.7%,10.9%,10.2%,0.7%,🦢,<a href=https://www.niigata-albirex-bc.jp/>Oisix</a>,EL
,Kasahara Shotaro,13,1,6,0,0,0,288,60.1,82,7,38,29,0,3,3,47,34,5.07,5.30,4.49,1.84,59,150,114,-0.23,2.4%,13.2%,10.1%,3.1%,🦢,<a href=https://www.niigata-albirex-bc.jp/>Oisix</a>,EL
,Kiguchi Kodai,14,0,0,0,0,0,73,16.2,18,1,8,7,1,2,1,14,14,7.56,4.90,4.66,1.50,39,139,118,2.66,1.4%,11.0%,9.6%,1.4%,🦢,<a href=https://www.niigata-albirex-bc.jp/>Oisix</a>,EL
,Kobayashi Keisuke,26,1,2,0,0,0,132,31.0,36,2,17,9,0,0,1,15,14,4.06,4.07,4.19,1.45,74,115,106,-0.01,1.5%,12.9%,6.8%,6.1%,🦢,<a href=https://www.niigata-albirex-bc.jp/>Oisix</a>,EL
,Maekawa Satoshi,17,0,1,0,0,0,164,34.2,30,2,24,34,1,3,4,24,23,5.97,6.03,5.41,1.85,50,170,137,-0.06,1.2%,14.6%,20.7%,-6.1%,🦢,<a href=https://www.niigata-albirex-bc.jp/>Oisix</a>,EL
,Makino Kenshin,23,3,9,0,2,1,523,121.0,139,10,77,38,0,0,6,62,57,4.24,4.20,4.05,1.46,70,119,103,0.04,1.9%,14.7%,7.3%,7.5%,🦢,<a href=https://www.niigata-albirex-bc.jp/>Oisix</a>,EL
,Meguro Koya,18,4,7,0,0,0,406,87.2,103,5,45,47,0,3,8,61,56,5.75,4.89,4.85,1.71,52,138,123,0.86,1.2%,11.1%,11.6%,-0.5%,🦢,<a href=https://www.niigata-albirex-bc.jp/>Oisix</a>,EL
,Mikami Tomoya,47,4,4,1,0,0,201,45.2,45,2,31,18,2,3,1,19,18,3.55,4.05,4.15,1.38,84,115,105,-0.50,1.0%,15.4%,9.0%,6.5%,🦢,<a href=https://www.niigata-albirex-bc.jp/>Oisix</a>,EL
,Nishimura Riku,62,4,5,0,0,0,257,62.1,58,2,26,13,0,3,0,26,22,3.18,3.81,4.29,1.14,94,108,109,-0.63,0.8%,10.1%,5.1%,5.1%,🦢,<a href=https://www.niigata-albirex-bc.jp/>Oisix</a>,EL
,Noto Syuto,35,5,4,0,0,0,382,83.0,84,2,50,52,0,2,7,48,45,4.88,4.52,4.85,1.64,61,128,123,0.36,0.5%,13.1%,13.6%,-0.5%,🦢,<a href=https://www.niigata-albirex-bc.jp/>Oisix</a>,EL
,Shimokawa Shunsuke,40,4,8,0,0,0,494,112.0,108,9,102,43,1,9,2,59,48,3.86,4.08,3.61,1.35,77,115,92,-0.22,1.8%,20.6%,8.7%,11.9%,🦢,<a href=https://www.niigata-albirex-bc.jp/>Oisix</a>,EL
,Suzuki Hayato,21,1,1,0,0,0,120,27.2,30,4,22,7,0,1,0,16,14,4.55,4.62,3.55,1.34,66,130,90,-0.07,3.3%,18.3%,5.8%,12.5%,🦢,<a href=https://www.niigata-albirex-bc.jp/>Oisix</a>,EL
,Tanaka Takuma,4,0,0,0,0,0,22,3.0,9,0,1,3,0,0,3,8,4,12.00,5.79,5.71,4.00,25,164,145,6.21,0.0%,4.5%,13.6%,-9.1%,🦢,<a href=https://www.niigata-albirex-bc.jp/>Oisix</a>,EL
,Tateike Ryosuke,2,0,0,0,0,0,7,1.0,4,0,1,0,0,0,0,3,3,27.00,1.46,3.37,4.00,11,41,86,25.54,0.0%,14.3%,0.0%,14.3%,🦢,<a href=https://www.niigata-albirex-bc.jp/>Oisix</a>,EL
,Uchida Kenta,37,1,1,0,0,0,155,33.2,42,5,24,14,0,2,5,28,28,7.49,5.39,4.15,1.66,40,152,105,2.10,3.2%,15.5%,9.0%,6.5%,🦢,<a href=https://www.niigata-albirex-bc.jp/>Oisix</a>,EL
,Uemura Tomoki,48,5,5,20,0,0,207,46.0,41,2,31,24,3,2,1,25,15,2.93,4.37,4.46,1.41,102,124,113,-1.44,1.0%,15.0%,11.6%,3.4%,🦢,<a href=https://www.niigata-albirex-bc.jp/>Oisix</a>,EL
,Yabuta Kazuki,26,5,10,0,0,0,618,143.0,134,9,86,75,1,3,11,70,58,3.65,4.71,4.62,1.46,82,133,117,-1.06,1.5%,13.9%,12.1%,1.8%,🦢,<a href=https://www.niigata-albirex-bc.jp/>Oisix</a>,EL
,Yagami Tatsuhiro,2,0,0,0,0,0,8,1.1,2,0,0,1,0,1,1,1,1,6.75,7.96,6.05,2.25,44,225,154,-1.21,0.0%,0.0%,12.5%,-12.5%,🦢,<a href=https://www.niigata-albirex-bc.jp/>Oisix</a>,EL
,Yamada Takuro,16,0,1,0,0,0,68,15.0,13,1,15,10,1,3,2,11,11,6.60,4.93,4.06,1.53,45,139,103,1.67,1.5%,22.1%,14.7%,7.4%,🦢,<a href=https://www.niigata-albirex-bc.jp/>Oisix</a>,EL
,Yoshida Kazumasa,36,1,3,0,0,0,145,36.2,33,2,30,6,3,0,0,10,9,2.21,3.02,3.14,1.06,135,85,80,-0.81,1.4%,20.7%,4.1%,16.6%,🦢,<a href=https://www.niigata-albirex-bc.jp/>Oisix</a>,EL
,Fujimoto Sohta,40,2,4,0,0,0,208,42.2,38,0,23,46,0,8,6,32,29,6.12,6.18,5.91,1.97,56,153,150,-0.06,0.0%,11.1%,22.1%,-11.1%,✌️,<a href=https://hayateventures.jp/>HAYATE</a>,WL
,Fujioka Yoshiaki,21,0,2,3,0,0,79,19.2,15,0,14,5,0,0,0,5,3,1.37,2.80,3.66,1.02,249,69,93,-1.43,0.0%,17.7%,6.3%,11.4%,✌️,<a href=https://hayateventures.jp/>HAYATE</a>,WL
,Hayakawa Daiki,25,4,7,0,1,0,402,95.0,89,3,73,32,0,2,3,43,34,3.22,3.41,3.78,1.27,106,84,96,-0.19,0.7%,18.2%,8.0%,10.2%,✌️,<a href=https://hayateventures.jp/>HAYATE</a>,WL
,Hirama Rintaro,34,2,7,2,0,0,283,63.2,69,1,30,30,0,3,6,32,27,3.82,4.28,4.80,1.55,89,106,122,-0.46,0.4%,10.6%,10.6%,0.0%,✌️,<a href=https://hayateventures.jp/>HAYATE</a>,WL
,Ikeya Sohta,23,2,5,0,0,0,196,41.2,55,1,16,25,0,0,2,31,27,5.83,4.80,5.26,1.92,59,119,133,1.03,0.5%,8.2%,12.8%,-4.6%,✌️,<a href=https://hayateventures.jp/>HAYATE</a>,WL
,Kinoshita Motoya,8,2,2,0,1,1,167,42.0,38,0,29,7,0,3,2,9,6,1.29,2.79,3.48,1.07,265,69,88,-1.50,0.0%,17.4%,4.2%,13.2%,✌️,<a href=https://hayateventures.jp/>HAYATE</a>,WL
,Mora Miguel,27,0,9,0,0,0,351,69.1,73,1,39,78,0,7,15,67,63,8.18,6.20,5.91,2.18,42,153,150,1.98,0.3%,11.1%,22.2%,-11.1%,✌️,<a href=https://hayateventures.jp/>HAYATE</a>,WL
,Murakami Wataru,16,0,1,0,0,0,74,12.0,13,0,8,21,0,6,2,21,15,11.25,8.88,6.56,2.83,30,219,166,2.37,0.0%,10.8%,28.4%,-17.6%,✌️,<a href=https://hayateventures.jp/>HAYATE</a>,WL
,Ninomiya Isaki,23,5,5,0,2,1,471,110.1,101,7,83,42,0,3,5,49,39,3.18,4.00,3.93,1.30,107,99,100,-0.82,1.5%,17.6%,8.9%,8.7%,✌️,<a href=https://hayateventures.jp/>HAYATE</a>,WL
,Nishihama Yuhsei,21,4,8,0,0,0,467,109.0,97,4,69,43,0,7,6,48,42,3.47,4.05,4.24,1.28,98,100,108,-0.58,0.9%,14.8%,9.2%,5.6%,✌️,<a href=https://hayateventures.jp/>HAYATE</a>,WL
,Noguchi Wataru,24,0,1,0,0,0,115,24.2,28,1,9,13,0,1,3,15,11,4.01,4.96,5.15,1.66,85,123,131,-0.95,0.9%,7.8%,11.3%,-3.5%,✌️,<a href=https://hayateventures.jp/>HAYATE</a>,WL
,Nomura Yuhki,14,0,3,0,0,0,138,31.0,32,0,13,12,1,0,1,16,8,2.32,3.78,4.73,1.42,147,93,120,-1.46,0.0%,9.4%,8.7%,0.7%,✌️,<a href=https://hayateventures.jp/>HAYATE</a>,WL
,Ohbae Kohshi,25,0,7,1,0,0,238,47.2,52,5,24,49,0,2,7,50,43,8.12,7.03,5.85,2.12,42,174,148,1.09,2.1%,10.1%,20.6%,-10.5%,✌️,<a href=https://hayateventures.jp/>HAYATE</a>,WL
,Okuda Kanata,24,5,7,1,0,0,465,107.2,139,6,29,33,0,2,10,64,59,4.93,4.62,4.89,1.60,69,114,124,0.31,1.3%,6.2%,7.1%,-0.9%,✌️,<a href=https://hayateventures.jp/>HAYATE</a>,WL
,Okuda Kensei,44,1,3,4,0,0,232,43.2,47,0,40,49,0,5,11,39,28,5.77,5.34,5.19,2.20,59,132,132,0.43,0.0%,17.2%,21.1%,-3.9%,✌️,<a href=https://hayateventures.jp/>HAYATE</a>,WL
,Shohji Aoba,25,0,0,0,0,0,123,25.0,13,1,24,29,0,11,16,17,16,5.76,6.86,5.21,1.68,59,170,132,-1.10,0.8%,19.5%,23.6%,-4.1%,✌️,<a href=https://hayateventures.jp/>HAYATE</a>,WL
,Takeuchi Keito,27,0,6,0,0,0,362,75.1,89,5,23,48,0,7,5,60,51,6.09,5.90,5.49,1.82,56,146,139,0.19,1.4%,6.4%,13.3%,-6.9%,✌️,<a href=https://hayateventures.jp/>HAYATE</a>,WL
,Tanaka Kenjiro,18,0,1,3,0,0,77,19.1,16,0,9,6,0,1,2,3,3,1.40,3.62,4.41,1.14,244,89,112,-2.22,0.0%,11.7%,7.8%,3.9%,✌️,<a href=https://hayateventures.jp/>HAYATE</a>,WL
,Van Gurp Franklin,10,0,6,0,0,0,192,38.1,32,4,33,33,0,9,1,28,25,5.87,6.38,4.80,1.70,58,158,122,-0.51,2.1%,17.2%,17.2%,0.0%,✌️,<a href=https://hayateventures.jp/>HAYATE</a>,WL
,Yamada Ryu,20,1,0,0,0,0,108,23.2,23,2,7,15,0,4,1,17,10,3.80,6.38,5.54,1.61,90,158,141,-2.58,1.9%,6.5%,13.9%,-7.4%,✌️,<a href=https://hayateventures.jp/>HAYATE</a>,WL
