Rank,Player,G,PA,AB,R,H,2B,3B,HR,TB,RBI,SB,CS,SH,SF,SO,BB,IBB,HP,GDP,AVG,OBP,SLG,OPS,OPS+,ISO,BABIP,TTO%,K%,BB%,BB/K,Pos,Team,League
,Endo Jo,126,410,324,48,85,7,5,0,102,30,30,15,12,3,66,65,0,6,6,0.262,0.392,0.315,0.707,109,0.053,0.326,32.0%,16.1%,15.9%,0.98,4,<a href=https://npb.jp/bis/eng/teams/index_t.html>Hanshin</a>,WL
,Fujita Kento,60,134,121,14,21,5,0,0,26,7,0,0,2,2,19,8,0,1,4,0.174,0.227,0.215,0.442,31,0.041,0.202,20.1%,14.2%,6.0%,0.42,2,<a href=https://npb.jp/bis/eng/teams/index_t.html>Hanshin</a>,WL
,Fukushima Kein,110,232,196,34,48,5,2,1,60,23,15,12,5,1,39,21,0,9,3,0.245,0.344,0.306,0.650,92,0.061,0.299,26.3%,16.8%,9.1%,0.54,8,<a href=https://npb.jp/bis/eng/teams/index_t.html>Hanshin</a>,WL
,Haraguchi Fumihito,7,25,22,1,5,0,0,0,5,3,0,0,0,2,2,1,0,0,2,0.227,0.240,0.227,0.467,39,0.000,0.227,12.0%,8.0%,4.0%,0.50,3,<a href=https://npb.jp/bis/eng/teams/index_t.html>Hanshin</a>,WL
,Inoue Kouta,83,355,308,39,95,16,0,8,135,52,1,1,0,5,92,37,2,5,6,0.308,0.386,0.438,0.824,142,0.130,0.408,38.6%,25.9%,10.4%,0.40,9,<a href=https://npb.jp/bis/eng/teams/index_t.html>Hanshin</a>,WL
,Itsubo Hinase,105,301,273,38,75,9,1,2,92,28,15,10,4,1,27,20,0,3,12,0.275,0.330,0.337,0.667,96,0.062,0.298,16.3%,9.0%,6.6%,0.74,8,<a href=https://npb.jp/bis/eng/teams/index_t.html>Hanshin</a>,WL
,Katayama Yuya,90,236,210,28,65,6,2,2,81,21,1,1,4,1,24,19,1,2,7,0.310,0.371,0.386,0.757,122,0.076,0.341,19.1%,10.2%,8.1%,0.79,3,<a href=https://npb.jp/bis/eng/teams/index_t.html>Hanshin</a>,WL
,Kinami Seiya,3,8,6,1,1,0,0,0,1,0,0,0,0,0,0,2,0,0,0,0.167,0.375,0.167,0.542,62,0.000,0.167,25.0%,0.0%,25.0%,1.00,6,<a href=https://npb.jp/bis/eng/teams/index_t.html>Hanshin</a>,WL
,Kumagai Takahiro,3,14,12,1,2,1,0,1,6,5,0,0,0,1,4,1,0,0,0,0.167,0.214,0.500,0.714,108,0.333,0.125,42.9%,28.6%,7.1%,0.25,5,<a href=https://npb.jp/bis/eng/teams/index_t.html>Hanshin</a>,WL
,Mieses Johan,58,188,162,20,37,9,0,5,61,22,0,1,0,1,44,22,0,3,6,0.228,0.330,0.377,0.707,108,0.149,0.281,37.8%,23.4%,11.7%,0.50,DH,<a href=https://npb.jp/bis/eng/teams/index_t.html>Hanshin</a>,WL
,Momosaki Aoi,74,137,119,11,22,8,0,1,33,10,2,1,5,3,36,8,0,2,2,0.185,0.242,0.277,0.519,53,0.092,0.247,32.8%,26.3%,5.8%,0.22,4,<a href=https://npb.jp/bis/eng/teams/index_t.html>Hanshin</a>,WL
,Morishita Shota,3,11,8,1,3,0,0,0,3,1,0,0,0,0,1,3,0,0,0,0.375,0.545,0.375,0.920,172,0.000,0.429,36.4%,9.1%,27.3%,3.00,9,<a href=https://npb.jp/bis/eng/teams/index_t.html>Hanshin</a>,WL
,Nagasaka Kenya,23,40,30,4,4,0,0,0,4,5,0,0,2,1,9,7,0,0,1,0.133,0.289,0.133,0.422,27,0.000,0.182,40.0%,22.5%,17.5%,0.78,2,<a href=https://npb.jp/bis/eng/teams/index_t.html>Hanshin</a>,WL
,Nakagawa Hayato,70,158,137,20,44,10,3,4,72,28,0,0,1,2,29,14,0,4,1,0.321,0.395,0.526,0.921,169,0.205,0.377,29.7%,18.4%,8.9%,0.48,2,<a href=https://npb.jp/bis/eng/teams/index_t.html>Hanshin</a>,WL
,Neuse Sheldon,51,161,139,15,31,10,0,3,50,23,0,0,0,1,35,20,0,1,3,0.223,0.323,0.360,0.683,101,0.137,0.275,36.0%,21.7%,12.4%,0.57,DH,<a href=https://npb.jp/bis/eng/teams/index_t.html>Hanshin</a>,WL
,Nishi Yuki,2,1,1,0,0,0,0,0,0,0,0,0,0,0,1,0,0,0,0,0.000,0.000,0.000,0.000,-97,0.000,,100.0%,100.0%,0.0%,0.00,1,<a href=https://npb.jp/bis/eng/teams/index_t.html>Hanshin</a>,WL
,Noguchi Kyosuke,81,311,278,37,82,18,2,5,119,35,0,0,0,3,28,23,0,7,9,0.295,0.360,0.428,0.788,131,0.133,0.310,18.0%,9.0%,7.4%,0.82,7,<a href=https://npb.jp/bis/eng/teams/index_t.html>Hanshin</a>,WL
,Obata Ryuhei,8,31,26,11,10,3,1,1,18,9,0,0,0,0,2,5,0,0,0,0.385,0.484,0.692,1.176,243,0.307,0.391,25.8%,6.5%,16.1%,2.50,6,<a href=https://npb.jp/bis/eng/teams/index_t.html>Hanshin</a>,WL
,Ohyama Yusuke,4,14,12,0,2,0,0,0,2,1,0,0,0,1,3,1,0,0,1,0.167,0.214,0.167,0.381,14,0.000,0.200,28.6%,21.4%,7.1%,0.33,3,<a href=https://npb.jp/bis/eng/teams/index_t.html>Hanshin</a>,WL
,Onodera Dan,35,121,99,9,24,3,1,0,29,10,2,0,2,2,18,15,1,3,5,0.242,0.353,0.293,0.646,91,0.051,0.289,27.3%,14.9%,12.4%,0.83,9,<a href=https://npb.jp/bis/eng/teams/index_t.html>Hanshin</a>,WL
,Sakaeda Yuki,82,236,208,29,57,9,2,3,79,32,14,1,0,3,46,21,0,4,3,0.274,0.347,0.380,0.727,114,0.106,0.333,29.7%,19.5%,8.9%,0.46,2,<a href=https://npb.jp/bis/eng/teams/index_t.html>Hanshin</a>,WL
,Sakamoto Seishiro,4,9,8,1,1,0,0,0,1,0,0,0,0,0,5,1,0,0,0,0.125,0.222,0.125,0.347,5,0.000,0.333,66.7%,55.6%,11.1%,0.20,2,<a href=https://npb.jp/bis/eng/teams/index_t.html>Hanshin</a>,WL
,Sato Teruaki,17,71,66,9,21,5,1,2,34,15,0,3,0,0,15,3,0,2,1,0.318,0.366,0.515,0.881,157,0.197,0.388,28.2%,21.1%,4.2%,0.20,5,<a href=https://npb.jp/bis/eng/teams/index_t.html>Hanshin</a>,WL
,Shimada Kairi,44,128,105,12,25,2,0,0,27,3,18,2,3,0,18,16,0,4,0,0.238,0.360,0.257,0.617,83,0.019,0.287,26.6%,14.1%,12.5%,0.89,7,<a href=https://npb.jp/bis/eng/teams/index_t.html>Hanshin</a>,WL
,Takahama Yuto,70,150,121,11,33,6,0,0,39,13,0,2,0,2,41,23,0,4,2,0.273,0.400,0.322,0.722,114,0.049,0.402,42.7%,27.3%,15.3%,0.56,3,<a href=https://npb.jp/bis/eng/teams/index_t.html>Hanshin</a>,WL
,Takatera Nozomu,123,487,430,64,124,17,6,0,153,35,23,8,9,3,59,41,2,4,7,0.288,0.354,0.356,0.710,109,0.068,0.332,20.5%,12.1%,8.4%,0.69,6,<a href=https://npb.jp/bis/eng/teams/index_t.html>Hanshin</a>,WL
,Toi Reiji,116,314,281,27,69,13,4,0,90,39,1,2,0,3,55,29,1,1,10,0.246,0.315,0.320,0.635,87,0.074,0.301,26.8%,17.5%,9.2%,0.53,5,<a href=https://npb.jp/bis/eng/teams/index_t.html>Hanshin</a>,WL
,Toyoda Hiroshi,90,305,272,40,80,18,3,2,110,41,2,2,1,2,37,28,0,2,5,0.294,0.362,0.404,0.766,125,0.110,0.332,22.0%,12.1%,9.2%,0.76,9,<a href=https://npb.jp/bis/eng/teams/index_t.html>Hanshin</a>,WL
,Ueda Kai,2,9,8,0,3,0,0,0,3,1,0,0,0,0,0,1,0,0,0,0.375,0.444,0.375,0.819,142,0.000,0.375,11.1%,0.0%,11.1%,1.00,6,<a href=https://npb.jp/bis/eng/teams/index_t.html>Hanshin</a>,WL
,Umeno Ryutaro,1,2,2,0,0,0,0,0,0,0,0,0,0,0,0,0,0,0,0,0.000,0.000,0.000,0.000,-97,0.000,0.000,0.0%,0.0%,0.0%,,2,<a href=https://npb.jp/bis/eng/teams/index_t.html>Hanshin</a>,WL
,Watanabe Ryo,39,145,129,17,32,7,2,2,49,15,0,0,1,1,32,13,0,1,1,0.248,0.319,0.380,0.699,105,0.132,0.312,32.4%,22.1%,9.0%,0.41,3,<a href=https://npb.jp/bis/eng/teams/index_t.html>Hanshin</a>,WL
,Yamada Shuya,102,259,230,35,50,10,0,0,60,13,2,6,5,1,60,22,0,1,9,0.217,0.287,0.261,0.548,62,0.044,0.292,31.7%,23.2%,8.5%,0.37,6,<a href=https://npb.jp/bis/eng/teams/index_t.html>Hanshin</a>,WL
,Dohbayashi Shota,14,53,48,4,11,4,0,1,18,2,0,1,0,0,10,3,0,2,3,0.229,0.302,0.375,0.677,105,0.146,0.270,26.4%,18.9%,5.7%,0.30,7,<a href=https://npb.jp/bis/eng/teams/index_c.html>Hiroshima</a>,WL
,Endoh Atsushi,21,1,1,0,0,0,0,0,0,0,0,0,0,0,1,0,0,0,0,0.000,0.000,0.000,0.000,-103,0.000,,100.0%,100.0%,0.0%,0.00,1,<a href=https://npb.jp/bis/eng/teams/index_c.html>Hiroshima</a>,WL
,Futamata Shoichi,8,34,31,0,7,2,0,0,9,4,0,1,0,0,8,2,0,1,1,0.226,0.294,0.290,0.584,77,0.064,0.304,29.4%,23.5%,5.9%,0.25,6,<a href=https://npb.jp/bis/eng/teams/index_c.html>Hiroshima</a>,WL
,Hatch Thomas,15,9,8,0,0,0,0,0,0,0,0,0,0,0,4,1,0,0,0,0.000,0.111,0.000,0.111,-68,0.000,0.000,55.6%,44.4%,11.1%,0.25,1,<a href=https://npb.jp/bis/eng/teams/index_c.html>Hiroshima</a>,WL
,Hatsuki Ryutaro,10,43,38,6,8,1,0,0,9,1,5,1,1,0,10,4,0,0,0,0.211,0.286,0.237,0.523,58,0.026,0.286,32.6%,23.3%,9.3%,0.40,4,<a href=https://npb.jp/bis/eng/teams/index_c.html>Hiroshima</a>,WL
,Hayashi Kota,76,294,267,24,72,17,2,5,108,35,1,3,0,3,58,22,1,2,9,0.270,0.327,0.404,0.731,121,0.134,0.324,28.9%,19.7%,7.5%,0.38,UTL,<a href=https://npb.jp/bis/eng/teams/index_c.html>Hiroshima</a>,WL
,Ishihara Tomoki,4,13,11,1,3,0,0,0,3,0,0,0,0,0,3,2,0,0,0,0.273,0.385,0.273,0.658,101,0.000,0.375,38.5%,23.1%,15.4%,0.67,2,<a href=https://npb.jp/bis/eng/teams/index_c.html>Hiroshima</a>,WL
,Isomura Yoshitaka,35,94,80,6,23,3,0,2,32,9,0,0,2,2,11,9,0,1,0,0.288,0.359,0.400,0.759,130,0.112,0.304,23.4%,11.7%,9.6%,0.82,2,<a href=https://npb.jp/bis/eng/teams/index_c.html>Hiroshima</a>,WL
,Kubo Shu,22,69,63,7,18,1,0,0,19,1,1,6,2,0,11,2,0,2,3,0.286,0.328,0.302,0.630,91,0.016,0.346,18.8%,15.9%,2.9%,0.18,8,<a href=https://npb.jp/bis/eng/teams/index_c.html>Hiroshima</a>,WL
,Maekawa Seita,64,173,148,22,41,6,2,3,60,13,3,1,5,2,16,18,0,0,5,0.277,0.351,0.405,0.756,129,0.128,0.290,21.4%,9.2%,10.4%,1.12,UTL,<a href=https://npb.jp/bis/eng/teams/index_c.html>Hiroshima</a>,WL
,Matsuyama Ryuhei,16,33,31,3,7,1,1,0,10,8,0,0,0,1,1,1,0,0,0,0.226,0.242,0.323,0.565,70,0.097,0.226,6.1%,3.0%,3.0%,1.00,DH,<a href=https://npb.jp/bis/eng/teams/index_c.html>Hiroshima</a>,WL
,Mochimaru Taiki,72,216,183,21,49,6,1,2,63,16,1,0,4,1,24,22,2,6,8,0.268,0.363,0.344,0.707,115,0.076,0.297,22.2%,11.1%,10.2%,0.92,2,<a href=https://npb.jp/bis/eng/teams/index_c.html>Hiroshima</a>,WL
,Mori Shohei,17,6,6,0,0,0,0,0,0,0,0,0,0,0,3,0,0,0,0,0.000,0.000,0.000,0.000,-103,0.000,0.000,50.0%,50.0%,0.0%,0.00,1,<a href=https://npb.jp/bis/eng/teams/index_c.html>Hiroshima</a>,WL
,Morishita Masato,1,2,2,0,0,0,0,0,0,0,0,0,0,0,2,0,0,0,0,0.000,0.000,0.000,0.000,-103,0.000,,100.0%,100.0%,0.0%,0.00,1,<a href=https://npb.jp/bis/eng/teams/index_c.html>Hiroshima</a>,WL
,Nabara Norihiko,72,105,90,19,23,3,2,0,30,10,11,4,7,1,15,5,0,2,1,0.256,0.306,0.333,0.639,93,0.077,0.303,19.0%,14.3%,4.8%,0.33,8,<a href=https://npb.jp/bis/eng/teams/index_c.html>Hiroshima</a>,WL
,Nakada Yuto,54,143,135,3,26,4,0,0,30,13,0,0,1,0,37,7,0,0,9,0.193,0.232,0.222,0.454,37,0.029,0.265,30.8%,25.9%,4.9%,0.19,3,<a href=https://npb.jp/bis/eng/teams/index_c.html>Hiroshima</a>,WL
,Nakamura Kento,76,241,216,23,60,6,1,2,74,25,1,0,2,0,34,21,0,2,2,0.278,0.347,0.343,0.690,109,0.065,0.322,23.7%,14.1%,8.7%,0.62,7,<a href=https://npb.jp/bis/eng/teams/index_c.html>Hiroshima</a>,WL
,Nakamura Shosei,74,253,230,37,64,13,4,8,109,32,6,3,3,3,30,17,1,0,4,0.278,0.324,0.474,0.798,141,0.196,0.287,21.7%,11.9%,6.7%,0.57,7,<a href=https://npb.jp/bis/eng/teams/index_c.html>Hiroshima</a>,WL
,Nakamura Takahiro,80,262,235,27,62,7,1,0,71,22,2,2,2,1,39,21,1,3,6,0.264,0.331,0.302,0.633,92,0.038,0.315,22.9%,14.9%,8.0%,0.54,8,<a href=https://npb.jp/bis/eng/teams/index_c.html>Hiroshima</a>,WL
,Nirasawa Yuya,98,345,300,22,78,10,1,2,96,31,2,0,12,3,38,30,0,0,10,0.260,0.324,0.320,0.644,95,0.060,0.289,20.3%,11.0%,8.7%,0.79,6,<a href=https://npb.jp/bis/eng/teams/index_c.html>Hiroshima</a>,WL
,Nomura Yusuke,16,1,1,0,0,0,0,0,0,0,0,0,0,0,1,0,0,0,0,0.000,0.000,0.000,0.000,-103,0.000,,100.0%,100.0%,0.0%,0.00,1,<a href=https://npb.jp/bis/eng/teams/index_c.html>Hiroshima</a>,WL
,Ohmori Minoru,27,78,66,12,16,2,1,0,20,7,6,2,1,1,11,10,0,0,0,0.242,0.338,0.303,0.641,94,0.061,0.286,26.9%,14.1%,12.8%,0.91,8,<a href=https://npb.jp/bis/eng/teams/index_c.html>Hiroshima</a>,WL
,Ohsera Daichi,1,2,2,0,0,0,0,0,0,0,0,0,0,0,2,0,0,0,0,0.000,0.000,0.000,0.000,-103,0.000,,100.0%,100.0%,0.0%,0.00,1,<a href=https://npb.jp/bis/eng/teams/index_c.html>Hiroshima</a>,WL
,Ramirez Moises,43,134,117,11,19,4,0,2,29,11,0,0,0,3,46,12,0,2,4,0.162,0.246,0.248,0.494,49,0.086,0.236,44.8%,34.3%,9.0%,0.26,3,<a href=https://npb.jp/bis/eng/teams/index_c.html>Hiroshima</a>,WL
,Roberto Nelson,62,160,148,17,30,11,1,2,49,16,4,2,0,0,61,9,0,3,0,0.203,0.263,0.331,0.594,79,0.128,0.329,45.0%,38.1%,5.6%,0.15,9,<a href=https://npb.jp/bis/eng/teams/index_c.html>Hiroshima</a>,WL
,Saitoh Yuta,7,1,1,0,0,0,0,0,0,0,0,0,0,0,1,0,0,0,0,0.000,0.000,0.000,0.000,-103,0.000,,100.0%,100.0%,0.0%,0.00,1,<a href=https://npb.jp/bis/eng/teams/index_c.html>Hiroshima</a>,WL
,Sakakura Shogo,1,5,5,0,0,0,0,0,0,0,0,0,0,0,1,0,0,0,0,0.000,0.000,0.000,0.000,-103,0.000,0.000,20.0%,20.0%,0.0%,0.00,DH,<a href=https://npb.jp/bis/eng/teams/index_c.html>Hiroshima</a>,WL
,Sato Keisuke,94,382,333,40,96,9,2,4,121,33,11,9,5,2,53,40,1,2,10,0.288,0.366,0.363,0.729,121,0.075,0.331,25.4%,13.9%,10.5%,0.75,4,<a href=https://npb.jp/bis/eng/teams/index_c.html>Hiroshima</a>,WL
,Scheiner Jake,34,114,105,6,18,4,0,2,28,7,0,0,0,0,21,9,0,0,3,0.171,0.237,0.267,0.504,51,0.096,0.195,28.1%,18.4%,7.9%,0.43,3,<a href=https://npb.jp/bis/eng/teams/index_c.html>Hiroshima</a>,WL
,Shimizu Kanato,40,82,69,7,9,3,0,1,15,8,2,0,1,2,7,8,0,2,0,0.130,0.235,0.217,0.452,36,0.087,0.127,19.5%,8.5%,9.8%,1.14,2,<a href=https://npb.jp/bis/eng/teams/index_c.html>Hiroshima</a>,WL
,Sone Kaisei,56,78,71,9,11,2,0,1,16,3,3,1,2,0,17,5,0,0,1,0.155,0.211,0.225,0.436,31,0.070,0.189,29.5%,21.8%,6.4%,0.29,6,<a href=https://npb.jp/bis/eng/teams/index_c.html>Hiroshima</a>,WL
,Suekane Shota,28,93,89,4,18,3,0,1,24,6,0,0,0,1,14,3,0,0,3,0.202,0.226,0.270,0.496,49,0.068,0.227,19.4%,15.1%,3.2%,0.21,UTL,<a href=https://npb.jp/bis/eng/teams/index_c.html>Hiroshima</a>,WL
,Takagi Shoto,41,76,72,4,13,4,0,0,17,4,0,0,1,0,15,3,0,0,3,0.181,0.213,0.236,0.449,35,0.055,0.228,23.7%,19.7%,3.9%,0.20,2,<a href=https://npb.jp/bis/eng/teams/index_c.html>Hiroshima</a>,WL
,Takita Kazuki,14,3,3,0,0,0,0,0,0,0,0,0,0,0,2,0,0,0,0,0.000,0.000,0.000,0.000,-103,0.000,0.000,66.7%,66.7%,0.0%,0.00,1,<a href=https://npb.jp/bis/eng/teams/index_c.html>Hiroshima</a>,WL
,Tamamura Shogo,8,4,4,0,0,0,0,0,0,0,0,0,0,0,3,0,0,0,0,0.000,0.000,0.000,0.000,-103,0.000,0.000,75.0%,75.0%,0.0%,0.00,1,<a href=https://npb.jp/bis/eng/teams/index_c.html>Hiroshima</a>,WL
,Tamura Shunsuke,64,236,214,23,60,11,1,5,88,24,2,3,0,1,42,21,0,0,8,0.280,0.343,0.411,0.754,128,0.131,0.327,28.8%,17.8%,8.9%,0.50,9,<a href=https://npb.jp/bis/eng/teams/index_c.html>Hiroshima</a>,WL
,Tanaka Kosuke,5,11,11,1,4,1,0,0,5,1,0,0,0,0,2,0,0,0,0,0.364,0.364,0.455,0.819,148,0.091,0.444,18.2%,18.2%,0.0%,0.00,6,<a href=https://npb.jp/bis/eng/teams/index_c.html>Hiroshima</a>,WL
,Tsunehiro Hayato,12,4,3,0,0,0,0,0,0,0,0,0,1,0,1,0,0,0,0,0.000,0.000,0.000,0.000,-103,0.000,0.000,25.0%,25.0%,0.0%,0.00,1,<a href=https://npb.jp/bis/eng/teams/index_c.html>Hiroshima</a>,WL
,Uchida Shodai,106,366,340,31,79,17,0,4,108,31,0,1,3,3,84,16,0,3,7,0.232,0.271,0.318,0.589,78,0.086,0.294,28.4%,23.0%,4.4%,0.19,5,<a href=https://npb.jp/bis/eng/teams/index_c.html>Hiroshima</a>,WL
,Uemoto Takashi,8,25,20,1,5,0,0,0,5,0,3,0,0,0,3,5,0,0,2,0.250,0.400,0.250,0.650,98,0.000,0.294,32.0%,12.0%,20.0%,1.67,UTL,<a href=https://npb.jp/bis/eng/teams/index_c.html>Hiroshima</a>,WL
,Ugusa Koki,38,95,80,14,19,2,0,0,21,4,6,1,1,0,15,13,0,1,0,0.238,0.351,0.263,0.614,86,0.025,0.292,29.5%,15.8%,13.7%,0.87,7,<a href=https://npb.jp/bis/eng/teams/index_c.html>Hiroshima</a>,WL
,Yano Masaya,2,9,6,0,0,0,0,0,0,0,0,0,0,0,1,2,0,1,0,0.000,0.333,0.000,0.333,3,0.000,0.000,33.3%,11.1%,22.2%,2.00,6,<a href=https://npb.jp/bis/eng/teams/index_c.html>Hiroshima</a>,WL
,Aibara Ryunosuke,45,86,81,10,15,3,2,2,28,7,6,0,1,1,13,2,0,1,2,0.185,0.212,0.346,0.558,67,0.161,0.194,19.8%,15.1%,2.3%,0.15,4,<a href=https://npb.jp/bis/eng/teams/index_db.html>DeNA</a>,EL
,Austin Tyler,5,20,18,3,4,1,0,1,8,5,0,0,0,0,7,2,0,0,0,0.222,0.300,0.444,0.744,123,0.222,0.300,50.0%,35.0%,10.0%,0.29,3,<a href=https://npb.jp/bis/eng/teams/index_db.html>DeNA</a>,EL
,Azuma Junpei,77,189,170,20,33,6,1,5,56,16,2,2,1,3,52,13,0,2,1,0.194,0.255,0.329,0.584,75,0.135,0.241,37.0%,27.5%,6.9%,0.25,7,<a href=https://npb.jp/bis/eng/teams/index_db.html>DeNA</a>,EL
,Chino Naoto,69,268,225,36,54,9,1,4,77,31,8,6,1,3,49,38,0,1,6,0.240,0.348,0.342,0.690,108,0.102,0.286,34.0%,18.3%,14.2%,0.78,UTL,<a href=https://npb.jp/bis/eng/teams/index_db.html>DeNA</a>,EL
,Ebina Tatsuo,24,93,73,12,21,3,0,2,30,9,8,1,0,0,12,17,0,3,3,0.288,0.441,0.411,0.852,157,0.123,0.322,33.3%,12.9%,18.3%,1.42,8,<a href=https://npb.jp/bis/eng/teams/index_db.html>DeNA</a>,EL
,Ford Mike,41,146,133,12,28,5,0,8,57,21,0,0,0,0,24,13,0,0,3,0.211,0.281,0.429,0.710,113,0.218,0.198,30.8%,16.4%,8.9%,0.54,DH,<a href=https://npb.jp/bis/eng/teams/index_db.html>DeNA</a>,EL
,Hamaguchi Haruhiro,14,1,1,0,0,0,0,0,0,0,0,0,0,0,1,0,0,0,0,0.000,0.000,0.000,0.000,-102,0.000,,100.0%,100.0%,0.0%,0.00,1,<a href=https://npb.jp/bis/eng/teams/index_db.html>DeNA</a>,EL
,Hayashi Takuma,15,64,51,8,15,3,0,1,21,9,6,2,3,0,8,9,1,1,1,0.294,0.410,0.412,0.822,148,0.118,0.333,28.1%,12.5%,14.1%,1.12,6,<a href=https://npb.jp/bis/eng/teams/index_db.html>DeNA</a>,EL
,Inoue Kento,70,293,262,38,79,17,3,8,126,52,9,3,1,4,35,16,1,10,5,0.302,0.360,0.481,0.841,152,0.179,0.318,20.1%,11.9%,5.5%,0.46,5,<a href=https://npb.jp/bis/eng/teams/index_db.html>DeNA</a>,EL
,Ishikami Taiki,78,303,261,31,58,8,1,4,80,20,13,8,4,4,42,28,0,6,7,0.222,0.308,0.307,0.615,85,0.085,0.247,24.4%,13.9%,9.2%,0.67,6,<a href=https://npb.jp/bis/eng/teams/index_db.html>DeNA</a>,EL
,Itoh Hikaru,15,56,47,7,16,6,1,1,27,12,0,0,0,1,11,7,0,1,1,0.340,0.429,0.574,1.003,202,0.234,0.417,33.9%,19.6%,12.5%,0.64,2,<a href=https://npb.jp/bis/eng/teams/index_db.html>DeNA</a>,EL
,Jackson Andre,4,1,1,0,0,0,0,0,0,0,0,0,0,0,1,0,0,0,0,0.000,0.000,0.000,0.000,-102,0.000,,100.0%,100.0%,0.0%,0.00,1,<a href=https://npb.jp/bis/eng/teams/index_db.html>DeNA</a>,EL
,Joko Ryota,49,131,117,8,24,6,0,0,30,7,0,0,1,0,36,10,0,3,0,0.205,0.285,0.256,0.541,63,0.051,0.296,35.1%,27.5%,7.6%,0.28,2,<a href=https://npb.jp/bis/eng/teams/index_db.html>DeNA</a>,EL
,Kajiwara Kouki,26,110,104,14,33,9,2,1,49,15,4,2,1,1,26,4,0,0,2,0.317,0.339,0.471,0.810,143,0.154,0.410,28.2%,23.6%,3.6%,0.15,8,<a href=https://npb.jp/bis/eng/teams/index_db.html>DeNA</a>,EL
,Kamizato Kazuki,47,170,145,18,43,12,1,1,60,16,5,3,0,4,36,18,0,3,1,0.297,0.376,0.414,0.790,138,0.117,0.375,32.4%,21.2%,10.6%,0.50,8,<a href=https://npb.jp/bis/eng/teams/index_db.html>DeNA</a>,EL
,Katsumata Atsushi,57,183,175,13,43,7,2,3,63,24,3,1,2,2,28,4,0,0,8,0.246,0.260,0.360,0.620,85,0.114,0.274,19.1%,15.3%,2.2%,0.14,8,<a href=https://npb.jp/bis/eng/teams/index_db.html>DeNA</a>,EL
,Kobukata Daichi,46,111,94,8,23,5,0,0,28,12,0,0,1,1,20,14,0,1,3,0.245,0.345,0.298,0.643,94,0.053,0.307,30.6%,18.0%,12.6%,0.70,3,<a href=https://npb.jp/bis/eng/teams/index_db.html>DeNA</a>,EL
,Kondo Taiga,5,5,5,0,0,0,0,0,0,0,0,0,0,0,4,0,0,0,0,0.000,0.000,0.000,0.000,-102,0.000,0.000,80.0%,80.0%,0.0%,0.00,2,<a href=https://npb.jp/bis/eng/teams/index_db.html>DeNA</a>,EL
,Kuki Ryuhei,55,140,121,15,32,6,0,3,47,10,1,0,0,0,32,19,0,0,4,0.264,0.364,0.388,0.752,127,0.124,0.337,38.6%,22.9%,13.6%,0.59,2,<a href=https://npb.jp/bis/eng/teams/index_db.html>DeNA</a>,EL
,Kusumoto Taishi,65,230,205,29,54,10,2,4,80,19,3,0,3,2,32,18,1,2,4,0.263,0.326,0.390,0.716,116,0.127,0.292,23.5%,13.9%,7.8%,0.56,7,<a href=https://npb.jp/bis/eng/teams/index_db.html>DeNA</a>,EL
,Kuwahara Masayuki,2,6,6,1,4,0,0,0,4,1,0,0,0,0,0,0,0,0,0,0.667,0.667,0.667,1.334,304,0.000,0.667,0.0%,0.0%,0.0%,,8,<a href=https://npb.jp/bis/eng/teams/index_db.html>DeNA</a>,EL
,Maeda Yamato,5,15,15,0,3,0,0,0,3,3,0,0,0,0,1,0,0,0,0,0.200,0.200,0.200,0.400,20,0.000,0.214,6.7%,6.7%,0.0%,0.00,3,<a href=https://npb.jp/bis/eng/teams/index_db.html>DeNA</a>,EL
,Mashiko Kyosuke,70,182,155,16,34,8,0,4,54,19,0,2,6,2,24,14,0,5,8,0.219,0.301,0.348,0.649,95,0.129,0.233,23.1%,13.2%,7.7%,0.58,2,<a href=https://npb.jp/bis/eng/teams/index_db.html>DeNA</a>,EL
,Matsuo Shion,78,309,276,26,90,18,1,3,119,42,5,4,2,3,21,26,0,2,11,0.326,0.384,0.431,0.815,145,0.105,0.341,16.2%,6.8%,8.4%,1.24,2,<a href=https://npb.jp/bis/eng/teams/index_db.html>DeNA</a>,EL
,Mori Keito,56,225,194,24,49,9,2,1,65,19,9,2,4,4,44,23,0,0,1,0.253,0.326,0.335,0.661,99,0.082,0.314,30.2%,19.6%,10.2%,0.52,6,<a href=https://npb.jp/bis/eng/teams/index_db.html>DeNA</a>,EL
,Murakawa Nagi,74,124,107,36,33,6,3,0,45,8,12,8,6,1,25,10,0,0,1,0.308,0.364,0.421,0.785,136,0.113,0.398,28.2%,20.2%,8.1%,0.40,7,<a href=https://npb.jp/bis/eng/teams/index_db.html>DeNA</a>,EL
,Nakagawa Hayate,2,3,1,1,1,0,0,0,1,0,0,0,1,0,0,1,0,0,0,1.000,1.000,1.000,2.000,506,0.000,1.000,33.3%,0.0%,33.3%,1.00,1,<a href=https://npb.jp/bis/eng/teams/index_db.html>DeNA</a>,EL
,Nishimaki Kenji,84,203,167,30,39,5,2,2,54,10,5,6,7,1,39,22,0,6,4,0.234,0.342,0.323,0.665,101,0.089,0.291,31.0%,19.2%,10.8%,0.56,4,<a href=https://npb.jp/bis/eng/teams/index_db.html>DeNA</a>,EL
,Nishiura Naomichi,71,230,202,23,51,10,1,3,72,26,2,0,3,0,40,25,1,0,10,0.252,0.335,0.356,0.691,108,0.104,0.302,29.6%,17.4%,10.9%,0.62,UTL,<a href=https://npb.jp/bis/eng/teams/index_db.html>DeNA</a>,EL
,Ogasawara Sou,8,14,12,1,3,0,0,0,3,0,0,0,0,0,6,2,0,0,0,0.250,0.357,0.250,0.607,84,0.000,0.500,57.1%,42.9%,14.3%,0.33,3,<a href=https://npb.jp/bis/eng/teams/index_db.html>DeNA</a>,EL
,Ohta Taishi,70,212,193,17,51,12,1,1,68,15,0,0,0,1,35,16,1,2,7,0.264,0.325,0.352,0.677,104,0.088,0.316,24.5%,16.5%,7.5%,0.46,DH,<a href=https://npb.jp/bis/eng/teams/index_db.html>DeNA</a>,EL
,Sekine Taiki,27,105,93,12,26,2,1,0,30,8,0,0,4,0,8,7,0,1,1,0.280,0.337,0.323,0.660,99,0.043,0.306,14.3%,7.6%,6.7%,0.88,8,<a href=https://npb.jp/bis/eng/teams/index_db.html>DeNA</a>,EL
,Shibata Tatsuhiro,4,13,11,4,4,0,1,0,6,1,0,1,1,0,1,1,0,0,0,0.364,0.417,0.545,0.962,190,0.181,0.400,15.4%,7.7%,7.7%,1.00,5,<a href=https://npb.jp/bis/eng/teams/index_db.html>DeNA</a>,EL
,Suzuki Ren,51,111,104,12,29,2,0,1,34,13,0,0,1,0,23,5,0,1,3,0.279,0.318,0.327,0.645,94,0.048,0.350,26.1%,20.7%,4.5%,0.22,3,<a href=https://npb.jp/bis/eng/teams/index_db.html>DeNA</a>,EL
,Takamizawa Ikumi,45,168,157,20,40,4,1,1,49,14,1,0,0,0,33,11,0,0,4,0.255,0.304,0.312,0.616,85,0.057,0.317,26.8%,19.6%,6.5%,0.33,5,<a href=https://npb.jp/bis/eng/teams/index_db.html>DeNA</a>,EL
,Takeda Riku,4,6,6,0,1,0,0,0,1,0,0,0,0,0,1,0,0,0,0,0.167,0.167,0.167,0.334,-0,0.000,0.200,16.7%,16.7%,0.0%,0.00,7,<a href=https://npb.jp/bis/eng/teams/index_db.html>DeNA</a>,EL
,Tobashira Yasutaka,14,47,42,4,16,4,0,0,20,4,0,0,0,0,1,5,0,0,1,0.381,0.447,0.476,0.923,179,0.095,0.390,12.8%,2.1%,10.6%,5.00,DH,<a href=https://npb.jp/bis/eng/teams/index_db.html>DeNA</a>,EL
,Tsutsugoh Yoshitomo,8,26,22,0,3,0,0,0,3,2,0,0,0,0,5,3,0,1,0,0.136,0.269,0.136,0.405,22,0.000,0.176,30.8%,19.2%,11.5%,0.60,7,<a href=https://npb.jp/bis/eng/teams/index_db.html>DeNA</a>,EL
,Watarai Ryuki,49,216,193,23,67,11,3,2,90,23,3,2,3,2,22,18,0,0,2,0.347,0.399,0.466,0.865,160,0.119,0.380,19.4%,10.2%,8.3%,0.82,9,<a href=https://npb.jp/bis/eng/teams/index_db.html>DeNA</a>,EL
,Yamamoto Yuudai,1,3,3,1,1,0,0,0,1,1,0,0,0,0,0,0,0,0,0,0.333,0.333,0.333,0.666,101,0.000,0.333,0.0%,0.0%,0.0%,,2,<a href=https://npb.jp/bis/eng/teams/index_db.html>DeNA</a>,EL
,Aizawa Hakuto,2,4,3,0,0,0,0,0,0,0,0,0,0,0,1,0,0,1,0,0.000,0.250,0.000,0.250,-24,0.000,0.000,25.0%,25.0%,0.0%,0.00,8,<a href=https://npb.jp/bis/eng/teams/index_g.html>Yomiuri</a>,EL
,Akahoshi Yuji,8,4,4,0,0,0,0,0,0,0,0,0,0,0,2,0,0,0,0,0.000,0.000,0.000,0.000,-103,0.000,0.000,50.0%,50.0%,0.0%,0.00,1,<a href=https://npb.jp/bis/eng/teams/index_g.html>Yomiuri</a>,EL
,Akihiro Yuto,96,360,314,36,86,21,1,2,115,28,2,1,2,2,47,39,0,3,11,0.274,0.358,0.366,0.724,120,0.092,0.315,24.4%,13.1%,10.8%,0.83,3,<a href=https://npb.jp/bis/eng/teams/index_g.html>Yomiuri</a>,EL
,Asano Shogo,74,270,239,33,61,12,0,8,97,34,2,7,2,4,32,17,0,8,4,0.255,0.321,0.406,0.727,121,0.151,0.261,21.1%,11.9%,6.3%,0.53,8,<a href=https://npb.jp/bis/eng/teams/index_g.html>Yomiuri</a>,EL
,Chono Hisayoshi,4,8,7,1,1,0,0,0,1,0,0,0,0,0,2,1,0,0,0,0.143,0.250,0.143,0.393,20,0.000,0.200,37.5%,25.0%,12.5%,0.50,DH,<a href=https://npb.jp/bis/eng/teams/index_g.html>Yomiuri</a>,EL
,Funakoshi Hidetora,44,96,83,13,21,1,0,0,22,5,14,1,3,0,28,10,0,0,0,0.253,0.333,0.265,0.598,82,0.012,0.382,39.6%,29.2%,10.4%,0.36,8,<a href=https://npb.jp/bis/eng/teams/index_g.html>Yomiuri</a>,EL
,Hagio Masaya,50,175,146,22,40,9,1,8,75,30,3,4,0,2,25,26,1,1,2,0.274,0.383,0.514,0.897,172,0.240,0.278,33.7%,14.3%,14.9%,1.04,9,<a href=https://npb.jp/bis/eng/teams/index_g.html>Yomiuri</a>,EL
,Hagiwara Tetsu,38,60,52,3,13,1,0,0,14,4,0,0,1,1,7,6,0,0,2,0.250,0.322,0.269,0.591,79,0.019,0.283,21.7%,11.7%,10.0%,0.86,3,<a href=https://npb.jp/bis/eng/teams/index_g.html>Yomiuri</a>,EL
,Hernandez Elier,3,11,10,0,1,0,0,0,1,0,0,0,0,0,3,1,0,0,0,0.100,0.182,0.100,0.282,-15,0.000,0.143,36.4%,27.3%,9.1%,0.33,9,<a href=https://npb.jp/bis/eng/teams/index_g.html>Yomiuri</a>,EL
,Hirayama Kota,3,6,6,1,1,0,0,0,1,0,0,0,0,0,1,0,0,0,1,0.167,0.167,0.167,0.334,-0,0.000,0.200,16.7%,16.7%,0.0%,0.00,9,<a href=https://npb.jp/bis/eng/teams/index_g.html>Yomiuri</a>,EL
,Izuguchi Yuta,23,83,77,6,22,7,0,0,29,9,2,2,0,1,17,5,0,0,0,0.286,0.325,0.377,0.702,112,0.091,0.361,26.5%,20.5%,6.0%,0.29,6,<a href=https://npb.jp/bis/eng/teams/index_g.html>Yomiuri</a>,EL
,Kadowaki Makoto,1,4,3,0,0,0,0,0,0,0,1,0,0,0,2,1,0,0,0,0.000,0.250,0.000,0.250,-24,0.000,0.000,75.0%,50.0%,25.0%,0.50,6,<a href=https://npb.jp/bis/eng/teams/index_g.html>Yomiuri</a>,EL
,Kajitani Takayuki,19,44,41,7,11,1,0,0,12,1,0,0,0,0,9,3,0,0,1,0.268,0.318,0.293,0.611,86,0.025,0.344,27.3%,20.5%,6.8%,0.33,DH,<a href=https://npb.jp/bis/eng/teams/index_g.html>Yomiuri</a>,EL
,Kameda Keita,8,12,10,1,2,1,0,0,3,0,0,0,0,0,4,1,0,1,2,0.200,0.333,0.300,0.633,93,0.100,0.333,41.7%,33.3%,8.3%,0.25,2,<a href=https://npb.jp/bis/eng/teams/index_g.html>Yomiuri</a>,EL
,Katoh Ren,48,123,103,13,24,3,0,1,30,7,5,3,6,0,27,14,0,0,3,0.233,0.325,0.291,0.616,88,0.058,0.307,34.1%,22.0%,11.4%,0.52,UTL,<a href=https://npb.jp/bis/eng/teams/index_g.html>Yomiuri</a>,EL
,Kishida Yukinori,5,15,12,1,4,1,0,0,5,2,0,0,0,0,3,3,0,0,0,0.333,0.467,0.417,0.884,170,0.084,0.444,40.0%,20.0%,20.0%,1.00,2,<a href=https://npb.jp/bis/eng/teams/index_g.html>Yomiuri</a>,EL
,Kita Ryusuke,85,238,211,17,61,9,0,3,79,26,1,1,10,1,15,16,0,0,8,0.289,0.338,0.374,0.712,116,0.085,0.299,14.3%,6.3%,6.7%,1.07,2,<a href=https://npb.jp/bis/eng/teams/index_g.html>Yomiuri</a>,EL
,Kitamura Rio,49,70,57,8,10,1,0,0,11,3,2,0,3,0,11,8,0,2,2,0.175,0.299,0.193,0.492,49,0.018,0.217,27.1%,15.7%,11.4%,0.73,4,<a href=https://npb.jp/bis/eng/teams/index_g.html>Yomiuri</a>,EL
,Kobayashi Seiji,4,14,12,1,2,1,0,0,3,1,0,0,1,0,4,1,0,0,0,0.167,0.231,0.250,0.481,45,0.083,0.250,35.7%,28.6%,7.1%,0.25,DH,<a href=https://npb.jp/bis/eng/teams/index_g.html>Yomiuri</a>,EL
,Kohri Takuya,69,199,178,11,31,3,0,5,49,21,0,2,3,1,23,6,0,10,4,0.174,0.241,0.275,0.516,56,0.101,0.172,17.1%,11.6%,3.0%,0.26,3,<a href=https://npb.jp/bis/eng/teams/index_g.html>Yomiuri</a>,EL
,Maeda Kenki,2,5,5,0,1,0,0,0,1,0,0,0,0,0,1,0,0,0,0,0.200,0.200,0.200,0.400,21,0.000,0.250,20.0%,20.0%,0.0%,0.00,3,<a href=https://npb.jp/bis/eng/teams/index_g.html>Yomiuri</a>,EL
,Masuda Daiki,28,91,69,10,21,2,0,0,23,2,6,2,4,0,8,17,1,1,1,0.304,0.448,0.333,0.781,139,0.029,0.344,27.5%,8.8%,18.7%,2.12,UTL,<a href=https://npb.jp/bis/eng/teams/index_g.html>Yomiuri</a>,EL
,Masuda Riku,108,335,302,24,68,10,0,5,93,33,3,4,8,3,48,18,0,4,11,0.225,0.275,0.308,0.583,76,0.083,0.250,21.2%,14.3%,5.4%,0.38,UTL,<a href=https://npb.jp/bis/eng/teams/index_g.html>Yomiuri</a>,EL
,Matsubara Seiya,37,114,84,12,20,3,0,1,26,6,3,2,6,0,24,24,0,0,1,0.238,0.407,0.310,0.717,119,0.072,0.322,43.0%,21.1%,21.1%,1.00,9,<a href=https://npb.jp/bis/eng/teams/index_g.html>Yomiuri</a>,EL
,Mendez Yohander,22,4,4,0,0,0,0,0,0,0,0,0,0,0,3,0,0,0,1,0.000,0.000,0.000,0.000,-103,0.000,0.000,75.0%,75.0%,0.0%,0.00,1,<a href=https://npb.jp/bis/eng/teams/index_g.html>Yomiuri</a>,EL
,Montes Coco,2,5,5,0,3,0,0,0,3,2,0,0,0,0,0,0,0,0,0,0.600,0.600,0.600,1.200,267,0.000,0.600,0.0%,0.0%,0.0%,,DH,<a href=https://npb.jp/bis/eng/teams/index_g.html>Yomiuri</a>,EL
,Murayama Gen,16,29,24,5,5,1,0,1,9,1,0,0,3,0,6,1,0,1,0,0.208,0.269,0.375,0.644,95,0.167,0.235,27.6%,20.7%,3.4%,0.17,6,<a href=https://npb.jp/bis/eng/teams/index_g.html>Yomiuri</a>,EL
,Nakata Ayumu,91,242,199,22,39,5,2,1,51,15,5,5,16,1,42,25,0,1,1,0.196,0.288,0.256,0.544,65,0.060,0.242,28.1%,17.4%,10.3%,0.60,6,<a href=https://npb.jp/bis/eng/teams/index_g.html>Yomiuri</a>,EL
,Nakayama Raito,67,253,208,31,69,14,2,4,99,30,4,4,7,1,30,35,0,2,4,0.332,0.431,0.476,0.907,176,0.144,0.371,27.3%,11.9%,13.8%,1.17,UTL,<a href=https://npb.jp/bis/eng/teams/index_g.html>Yomiuri</a>,EL
,Naoe Daisuke,17,1,0,0,0,0,0,0,0,0,0,0,1,0,0,0,0,0,0,0.000,0.000,0.000,0.000,-103,0.000,,0.0%,0.0%,0.0%,,1,<a href=https://npb.jp/bis/eng/teams/index_g.html>Yomiuri</a>,EL
,Nishidate Yuhi,10,3,3,0,0,0,0,0,0,0,0,0,0,0,1,0,0,0,0,0.000,0.000,0.000,0.000,-103,0.000,0.000,33.3%,33.3%,0.0%,0.00,1,<a href=https://npb.jp/bis/eng/teams/index_g.html>Yomiuri</a>,EL
,Ohshiro Takumi,6,18,16,1,2,1,0,1,6,2,0,0,0,0,3,2,0,0,1,0.125,0.222,0.375,0.597,79,0.250,0.083,33.3%,16.7%,11.1%,0.67,DH,<a href=https://npb.jp/bis/eng/teams/index_g.html>Yomiuri</a>,EL
,Okada Yuki,105,314,264,32,58,9,2,6,89,31,10,3,1,1,79,44,1,4,6,0.220,0.339,0.337,0.676,105,0.117,0.289,41.1%,25.2%,14.0%,0.56,9,<a href=https://npb.jp/bis/eng/teams/index_g.html>Yomiuri</a>,EL
,Okoye Louis,36,119,102,19,30,4,0,2,40,17,5,1,0,2,22,13,0,2,1,0.294,0.378,0.392,0.770,134,0.098,0.350,31.1%,18.5%,10.9%,0.59,8,<a href=https://npb.jp/bis/eng/teams/index_g.html>Yomiuri</a>,EL
,Sakamoto Hayato,3,8,6,0,0,0,0,0,0,0,0,0,0,0,1,2,0,0,1,0.000,0.250,0.000,0.250,-24,0.000,0.000,37.5%,12.5%,25.0%,2.00,DH,<a href=https://npb.jp/bis/eng/teams/index_g.html>Yomiuri</a>,EL
,Sasahara Misaki,48,117,104,17,30,5,0,0,35,11,1,4,1,2,30,10,0,0,1,0.288,0.345,0.337,0.682,107,0.049,0.395,34.2%,25.6%,8.5%,0.33,7,<a href=https://npb.jp/bis/eng/teams/index_g.html>Yomiuri</a>,EL
,Sasaki Shunsuke,54,185,162,24,51,7,0,3,67,20,11,1,5,0,33,16,0,2,1,0.315,0.383,0.414,0.797,142,0.099,0.381,28.1%,17.8%,8.6%,0.48,8,<a href=https://npb.jp/bis/eng/teams/index_g.html>Yomiuri</a>,EL
,Shigenobu Shinnosuke,23,57,52,8,8,0,0,0,8,1,3,0,0,0,11,5,0,0,1,0.154,0.228,0.154,0.382,15,0.000,0.195,28.1%,19.3%,8.8%,0.45,8,<a href=https://npb.jp/bis/eng/teams/index_g.html>Yomiuri</a>,EL
,Suzuki Yamato,22,26,23,4,2,0,0,0,2,1,4,1,0,0,5,1,0,2,2,0.087,0.192,0.087,0.279,-16,0.000,0.111,23.1%,19.2%,3.8%,0.20,7,<a href=https://npb.jp/bis/eng/teams/index_g.html>Yomiuri</a>,EL
,Tateoka Soichiro,56,158,141,19,41,3,2,1,51,11,7,4,1,0,25,15,0,1,3,0.291,0.363,0.362,0.725,121,0.071,0.348,25.9%,15.8%,9.5%,0.60,9,<a href=https://npb.jp/bis/eng/teams/index_g.html>Yomiuri</a>,EL
,Tima Julian,115,401,374,43,94,18,1,15,159,53,0,1,0,4,84,21,1,2,6,0.251,0.292,0.425,0.717,116,0.174,0.283,29.9%,20.9%,5.2%,0.25,5,<a href=https://npb.jp/bis/eng/teams/index_g.html>Yomiuri</a>,EL
,Urena Estamy,99,259,234,29,60,10,0,9,97,34,0,0,0,5,38,19,0,1,6,0.256,0.309,0.415,0.724,120,0.159,0.266,25.5%,14.7%,7.3%,0.50,DH,<a href=https://npb.jp/bis/eng/teams/index_g.html>Yomiuri</a>,EL
,Utsunomiya Kisara,7,12,12,0,4,0,1,0,6,2,1,0,0,0,2,0,0,0,0,0.333,0.333,0.500,0.833,153,0.167,0.400,16.7%,16.7%,0.0%,0.00,4,<a href=https://npb.jp/bis/eng/teams/index_g.html>Yomiuri</a>,EL
,Wakabayashi Gakuto,6,12,12,1,2,1,0,0,3,0,0,1,0,0,1,0,0,0,0,0.167,0.167,0.250,0.417,25,0.083,0.182,8.3%,8.3%,0.0%,0.00,4,<a href=https://npb.jp/bis/eng/teams/index_g.html>Yomiuri</a>,EL
,Yamase Shinnosuke,96,237,187,21,41,6,0,4,59,24,0,0,14,3,40,28,0,5,4,0.219,0.332,0.316,0.648,97,0.097,0.253,30.4%,16.9%,11.8%,0.70,2,<a href=https://npb.jp/bis/eng/teams/index_g.html>Yomiuri</a>,EL
,Yuasa Dai,50,159,136,17,38,8,0,0,46,10,8,4,5,1,39,10,0,7,1,0.279,0.357,0.338,0.695,111,0.059,0.388,30.8%,24.5%,6.3%,0.26,UTL,<a href=https://npb.jp/bis/eng/teams/index_g.html>Yomiuri</a>,EL
,Akahane Yoshihiro,19,73,62,6,15,0,0,3,24,5,3,1,1,0,12,10,0,0,2,0.242,0.347,0.387,0.734,117,0.145,0.255,34.2%,16.4%,13.7%,0.83,UTL,<a href=https://npb.jp/bis/eng/teams/index_s.html>Yakult</a>,EL
,Aoki Norichika,3,10,9,0,1,1,0,0,2,0,0,0,0,0,1,1,0,0,0,0.111,0.200,0.222,0.422,25,0.111,0.125,20.0%,10.0%,10.0%,1.00,DH,<a href=https://npb.jp/bis/eng/teams/index_s.html>Yakult</a>,EL
,Hamada Taiki,88,328,286,22,69,17,0,4,98,35,1,4,1,3,71,28,1,9,11,0.241,0.325,0.343,0.668,98,0.102,0.304,31.4%,21.6%,8.5%,0.39,6,<a href=https://npb.jp/bis/eng/teams/index_s.html>Yakult</a>,EL
,Hasegawa Hiroki,26,1,1,0,0,0,0,0,0,0,0,0,0,0,1,0,0,0,0,0.000,0.000,0.000,0.000,-98,0.000,,100.0%,100.0%,0.0%,0.00,1,<a href=https://npb.jp/bis/eng/teams/index_s.html>Yakult</a>,EL
,Hashimoto Seiya,103,355,329,43,86,19,2,7,130,42,8,5,0,4,41,20,0,2,10,0.261,0.304,0.395,0.699,106,0.134,0.277,19.2%,11.5%,5.6%,0.49,2,<a href=https://npb.jp/bis/eng/teams/index_s.html>Yakult</a>,EL
,Itoh Ryui,95,368,321,19,71,9,2,0,84,15,11,6,10,1,96,32,0,4,8,0.221,0.299,0.262,0.561,67,0.041,0.314,34.8%,26.1%,8.7%,0.33,6,<a href=https://npb.jp/bis/eng/teams/index_s.html>Yakult</a>,EL
,Iwata Yukihiro,36,134,112,18,36,9,0,1,48,8,10,5,8,1,10,11,1,2,1,0.321,0.389,0.429,0.818,141,0.108,0.343,16.4%,7.5%,8.2%,1.10,8,<a href=https://npb.jp/bis/eng/teams/index_s.html>Yakult</a>,EL
,Kawabata Shingo,15,42,38,6,11,1,0,0,12,2,0,0,0,0,5,4,0,0,0,0.289,0.357,0.316,0.673,100,0.027,0.333,21.4%,11.9%,9.5%,0.80,DH,<a href=https://npb.jp/bis/eng/teams/index_s.html>Yakult</a>,EL
,Kisu Felipe,60,148,125,10,27,4,1,1,36,13,0,1,3,6,38,7,0,7,4,0.216,0.283,0.288,0.571,70,0.072,0.283,31.1%,25.7%,4.7%,0.18,3,<a href=https://npb.jp/bis/eng/teams/index_s.html>Yakult</a>,EL
,Kitamura Keigo,79,276,239,20,62,16,1,2,86,21,2,2,5,2,36,25,0,5,11,0.259,0.339,0.360,0.699,107,0.101,0.296,22.8%,13.0%,9.1%,0.69,UTL,<a href=https://npb.jp/bis/eng/teams/index_s.html>Yakult</a>,EL
,Kitamura Takumi,21,80,73,6,16,3,0,0,19,0,0,0,1,0,11,3,0,3,2,0.219,0.278,0.260,0.538,60,0.041,0.258,17.5%,13.8%,3.8%,0.27,UTL,<a href=https://npb.jp/bis/eng/teams/index_s.html>Yakult</a>,EL
,Koga Yudai,1,1,1,0,0,0,0,0,0,0,0,0,0,0,0,0,0,0,0,0.000,0.000,0.000,0.000,-98,0.000,0.000,0.0%,0.0%,0.0%,,2,<a href=https://npb.jp/bis/eng/teams/index_s.html>Yakult</a>,EL
,Komori Kohtaro,110,344,309,40,78,10,2,2,98,23,24,5,12,1,33,20,0,2,7,0.252,0.301,0.317,0.618,83,0.065,0.276,16.0%,9.6%,5.8%,0.61,4,<a href=https://npb.jp/bis/eng/teams/index_s.html>Yakult</a>,EL
,Kozawa Reiji,2,1,1,0,0,0,0,0,0,0,0,0,0,0,0,0,0,0,0,0.000,0.000,0.000,0.000,-98,0.000,0.000,0.0%,0.0%,0.0%,,1,<a href=https://npb.jp/bis/eng/teams/index_s.html>Yakult</a>,EL
,Maruyama Kazuya,29,125,108,22,35,5,0,3,49,12,9,4,0,2,14,13,0,2,0,0.324,0.400,0.454,0.854,152,0.130,0.344,24.0%,11.2%,10.4%,0.93,8,<a href=https://npb.jp/bis/eng/teams/index_s.html>Yakult</a>,EL
,Masuda Shu,51,207,180,26,48,12,1,2,68,20,9,2,2,4,27,19,1,2,11,0.267,0.337,0.378,0.715,111,0.111,0.297,23.2%,13.0%,9.2%,0.70,8,<a href=https://npb.jp/bis/eng/teams/index_s.html>Yakult</a>,EL
,Matsumoto Naoki,4,11,10,0,3,0,0,0,3,0,0,0,0,0,0,0,0,1,0,0.300,0.364,0.300,0.664,97,0.000,0.300,0.0%,0.0%,0.0%,,2,<a href=https://npb.jp/bis/eng/teams/index_s.html>Yakult</a>,EL
,Mitsumata Taiki,79,277,207,24,44,3,1,1,52,10,0,2,8,0,53,57,0,5,4,0.213,0.394,0.251,0.645,92,0.038,0.281,40.1%,19.1%,20.6%,1.08,3,<a href=https://npb.jp/bis/eng/teams/index_s.html>Yakult</a>,EL
,Miyamoto Takeshi,49,189,164,16,47,5,0,1,55,23,2,3,0,1,20,22,0,2,3,0.287,0.376,0.335,0.711,111,0.048,0.319,22.8%,10.6%,11.6%,1.10,3,<a href=https://npb.jp/bis/eng/teams/index_s.html>Yakult</a>,EL
,Nakagawa Takuma,26,53,47,4,7,1,0,0,8,1,0,0,2,0,19,4,0,0,2,0.149,0.216,0.170,0.386,16,0.021,0.250,43.4%,35.8%,7.5%,0.21,2,<a href=https://npb.jp/bis/eng/teams/index_s.html>Yakult</a>,EL
,Nakamura Yuhei,2,3,3,0,0,0,0,0,0,0,0,0,0,0,0,0,0,0,0,0.000,0.000,0.000,0.000,-98,0.000,0.000,0.0%,0.0%,0.0%,,2,<a href=https://npb.jp/bis/eng/teams/index_s.html>Yakult</a>,EL
,Namiki Hidetaka,26,93,79,13,23,3,0,0,26,11,14,1,4,0,12,9,0,1,1,0.291,0.371,0.329,0.700,108,0.038,0.343,22.6%,12.9%,9.7%,0.75,8,<a href=https://npb.jp/bis/eng/teams/index_s.html>Yakult</a>,EL
,Nishida Akihisa,10,26,23,0,6,1,0,0,7,2,0,0,0,0,3,3,0,0,1,0.261,0.346,0.304,0.650,93,0.043,0.300,23.1%,11.5%,11.5%,1.00,2,<a href=https://npb.jp/bis/eng/teams/index_s.html>Yakult</a>,EL
,Nishimura Ruito,113,375,354,31,80,15,2,0,99,26,5,1,3,2,96,15,0,1,12,0.226,0.258,0.280,0.538,60,0.054,0.308,29.6%,25.6%,4.0%,0.16,5,<a href=https://npb.jp/bis/eng/teams/index_s.html>Yakult</a>,EL
,Ogawa Yasuhiro,8,2,2,0,0,0,0,0,0,0,0,0,0,0,0,0,0,0,0,0.000,0.000,0.000,0.000,-98,0.000,0.000,0.0%,0.0%,0.0%,,1,<a href=https://npb.jp/bis/eng/teams/index_s.html>Yakult</a>,EL
,Ohta Kengo,73,274,237,19,61,7,1,3,79,36,0,0,3,5,41,27,1,2,6,0.257,0.332,0.333,0.665,97,0.076,0.293,25.9%,15.0%,9.9%,0.66,9,<a href=https://npb.jp/bis/eng/teams/index_s.html>Yakult</a>,EL
,Sakamoto Takumi,11,1,1,0,0,0,0,0,0,0,0,0,0,0,1,0,0,0,0,0.000,0.000,0.000,0.000,-98,0.000,,100.0%,100.0%,0.0%,0.00,1,<a href=https://npb.jp/bis/eng/teams/index_s.html>Yakult</a>,EL
,Santana Domingo,2,4,4,2,2,0,0,2,8,3,0,0,0,0,1,0,0,0,0,0.500,0.500,2.000,2.500,621,1.500,0.000,75.0%,25.0%,0.0%,0.00,7,<a href=https://npb.jp/bis/eng/teams/index_s.html>Yakult</a>,EL
,Sawai Ren,55,195,176,27,48,11,0,7,80,34,1,2,0,0,34,19,0,0,3,0.273,0.344,0.455,0.799,135,0.182,0.304,30.8%,17.4%,9.7%,0.56,9,<a href=https://npb.jp/bis/eng/teams/index_s.html>Yakult</a>,EL
,Suzuki Kyo,57,195,184,15,36,6,0,2,48,20,1,1,1,3,44,6,0,1,8,0.196,0.222,0.261,0.483,43,0.065,0.241,26.7%,22.6%,3.1%,0.14,2,<a href=https://npb.jp/bis/eng/teams/index_s.html>Yakult</a>,EL
,Takahashi Keiji,3,2,2,0,0,0,0,0,0,0,0,0,0,0,2,0,0,0,0,0.000,0.000,0.000,0.000,-98,0.000,,100.0%,100.0%,0.0%,0.00,1,<a href=https://npb.jp/bis/eng/teams/index_s.html>Yakult</a>,EL
,Takano Souta,51,139,134,7,19,5,0,2,30,6,0,0,0,0,56,5,0,0,2,0.142,0.173,0.224,0.397,18,0.082,0.224,45.3%,40.3%,3.6%,0.09,5,<a href=https://npb.jp/bis/eng/teams/index_s.html>Yakult</a>,EL
,Takeoka Ryusei,15,62,54,8,15,4,1,0,21,7,1,1,1,0,9,7,0,0,0,0.278,0.361,0.389,0.750,122,0.111,0.333,25.8%,14.5%,11.3%,0.78,4,<a href=https://npb.jp/bis/eng/teams/index_s.html>Yakult</a>,EL
,Uchiyama Souma,14,31,30,3,5,2,0,0,7,0,0,0,0,0,1,1,0,0,1,0.167,0.194,0.233,0.427,26,0.066,0.172,6.5%,3.2%,3.2%,1.00,2,<a href=https://npb.jp/bis/eng/teams/index_s.html>Yakult</a>,EL
,Yamada Tetsuto,7,15,14,2,7,2,0,1,12,4,0,0,0,0,0,1,0,0,0,0.500,0.533,0.857,1.390,307,0.357,0.462,13.3%,0.0%,6.7%,1.00,DH,<a href=https://npb.jp/bis/eng/teams/index_s.html>Yakult</a>,EL
,Yamasaki Kotaro,67,236,184,33,50,7,1,2,65,23,6,9,3,7,37,40,0,2,1,0.272,0.395,0.353,0.748,122,0.081,0.316,33.5%,15.7%,16.9%,1.08,8,<a href=https://npb.jp/bis/eng/teams/index_s.html>Yakult</a>,EL
,Yamashita Hikaru,19,2,2,0,0,0,0,0,0,0,0,0,0,0,1,0,0,0,0,0.000,0.000,0.000,0.000,-98,0.000,0.000,50.0%,50.0%,0.0%,0.00,1,<a href=https://npb.jp/bis/eng/teams/index_s.html>Yakult</a>,EL
,Bright Kenta,83,267,231,24,61,14,1,3,86,25,9,4,2,2,43,32,0,0,5,0.264,0.351,0.372,0.723,115,0.108,0.310,29.2%,16.1%,12.0%,0.74,8,<a href=https://npb.jp/bis/eng/teams/index_d.html>Chunichi</a>,WL
,Calixte Orlando,2,5,5,1,3,1,0,0,4,0,0,0,0,0,1,0,0,0,0,0.600,0.600,0.800,1.400,315,0.200,0.750,20.0%,20.0%,0.0%,0.00,5,<a href=https://npb.jp/bis/eng/teams/index_d.html>Chunichi</a>,WL
,Dickerson Alex,31,95,84,6,17,4,0,2,27,9,0,1,0,0,17,8,0,3,1,0.202,0.295,0.321,0.616,84,0.119,0.231,28.4%,17.9%,8.4%,0.47,DH,<a href=https://npb.jp/bis/eng/teams/index_d.html>Chunichi</a>,WL
,Fukunaga Hiroki,27,114,92,19,30,4,1,3,45,17,11,2,0,1,13,20,0,1,2,0.326,0.447,0.489,0.936,179,0.163,0.351,31.6%,11.4%,17.5%,1.54,UTL,<a href=https://npb.jp/bis/eng/teams/index_d.html>Chunichi</a>,WL
,Gotoh Shunta,51,183,160,18,50,4,1,2,62,18,5,0,1,2,23,20,0,0,5,0.313,0.385,0.388,0.773,130,0.075,0.350,24.6%,12.6%,10.9%,0.87,9,<a href=https://npb.jp/bis/eng/teams/index_d.html>Chunichi</a>,WL
,Hama Shonosuke,99,337,288,35,72,19,3,0,97,23,14,8,4,2,54,41,0,2,6,0.250,0.345,0.337,0.682,103,0.087,0.305,28.2%,16.0%,12.2%,0.76,8,<a href=https://npb.jp/bis/eng/teams/index_d.html>Chunichi</a>,WL
,Higuchi Seishu,92,253,221,42,59,5,1,1,69,10,21,9,5,1,39,24,0,2,2,0.267,0.343,0.312,0.655,96,0.045,0.319,25.3%,15.4%,9.5%,0.62,4,<a href=https://npb.jp/bis/eng/teams/index_d.html>Chunichi</a>,WL
,Hiwatari Touki,16,25,25,1,5,1,0,0,6,2,0,0,0,0,7,0,0,0,2,0.200,0.200,0.240,0.440,31,0.040,0.278,28.0%,28.0%,0.0%,0.00,2,<a href=https://npb.jp/bis/eng/teams/index_d.html>Chunichi</a>,WL
,Hoshino Mao,6,2,2,0,0,0,0,0,0,0,0,0,0,0,1,0,0,0,0,0.000,0.000,0.000,0.000,-100,0.000,0.000,50.0%,50.0%,0.0%,0.00,6,<a href=https://npb.jp/bis/eng/teams/index_d.html>Chunichi</a>,WL
,Ishibashi Kota,62,185,147,19,40,7,0,4,59,30,1,1,6,1,35,28,0,3,4,0.272,0.397,0.401,0.798,138,0.129,0.330,36.2%,18.9%,15.1%,0.80,2,<a href=https://npb.jp/bis/eng/teams/index_d.html>Chunichi</a>,WL
,Ishigaki Masami,94,303,270,25,70,9,0,5,94,23,3,0,6,2,55,24,0,1,7,0.259,0.320,0.348,0.668,100,0.089,0.307,27.7%,18.2%,7.9%,0.44,3,<a href=https://npb.jp/bis/eng/teams/index_d.html>Chunichi</a>,WL
,Ishikawa Takaya,38,160,144,24,41,7,1,7,71,26,0,0,0,2,26,12,1,2,6,0.285,0.344,0.493,0.837,148,0.208,0.301,28.1%,16.2%,7.5%,0.46,5,<a href=https://npb.jp/bis/eng/teams/index_d.html>Chunichi</a>,WL
,Itayama Yutaro,31,99,81,17,20,5,0,1,28,11,1,0,0,1,15,13,0,4,3,0.247,0.374,0.346,0.720,115,0.099,0.288,29.3%,15.2%,13.1%,0.87,3,<a href=https://npb.jp/bis/eng/teams/index_d.html>Chunichi</a>,WL
,Katoh Shohei,59,167,149,19,35,6,3,4,59,21,0,2,4,3,19,11,0,0,4,0.235,0.282,0.396,0.678,101,0.161,0.240,20.4%,11.4%,6.6%,0.58,7,<a href=https://npb.jp/bis/eng/teams/index_d.html>Chunichi</a>,WL
,Katoh Takuma,1,3,3,0,0,0,0,0,0,0,0,0,0,0,0,0,0,0,0,0.000,0.000,0.000,0.000,-100,0.000,0.000,0.0%,0.0%,0.0%,,2,<a href=https://npb.jp/bis/eng/teams/index_d.html>Chunichi</a>,WL
,Kawagoe Seiji,60,171,147,21,34,8,1,4,56,25,2,2,0,1,30,23,0,0,3,0.231,0.333,0.381,0.714,112,0.150,0.263,33.3%,17.5%,13.5%,0.77,DH,<a href=https://npb.jp/bis/eng/teams/index_d.html>Chunichi</a>,WL
,Kawakami Rii,45,70,66,9,6,1,0,0,7,1,2,0,0,0,14,4,0,0,2,0.091,0.143,0.106,0.249,-25,0.015,0.115,25.7%,20.0%,5.7%,0.29,UTL,<a href=https://npb.jp/bis/eng/teams/index_d.html>Chunichi</a>,WL
,Kinoshita Takuya,7,19,16,2,6,1,0,1,10,8,0,0,1,0,2,2,0,0,0,0.375,0.444,0.625,1.069,217,0.250,0.385,26.3%,10.5%,10.5%,1.00,2,<a href=https://npb.jp/bis/eng/teams/index_d.html>Chunichi</a>,WL
,Miya Taisei,52,99,88,6,17,3,0,1,23,6,0,0,4,0,16,7,0,0,3,0.193,0.253,0.261,0.514,54,0.068,0.225,24.2%,16.2%,7.1%,0.44,2,<a href=https://npb.jp/bis/eng/teams/index_d.html>Chunichi</a>,WL
,Miyoshi Hironori,49,111,103,6,20,1,1,0,23,7,6,4,2,0,18,6,0,0,1,0.194,0.239,0.223,0.462,38,0.029,0.235,21.6%,16.2%,5.4%,0.33,7,<a href=https://npb.jp/bis/eng/teams/index_d.html>Chunichi</a>,WL
,Monier Carlos,50,93,75,11,15,0,0,0,15,3,1,0,0,0,33,14,0,4,0,0.200,0.355,0.200,0.555,67,0.000,0.357,50.5%,35.5%,15.1%,0.42,DH,<a href=https://npb.jp/bis/eng/teams/index_d.html>Chunichi</a>,WL
,Muramatsu Kaito,4,11,10,1,3,0,0,0,3,0,1,1,0,0,1,1,0,0,1,0.300,0.364,0.300,0.664,99,0.000,0.333,18.2%,9.1%,9.1%,1.00,6,<a href=https://npb.jp/bis/eng/teams/index_d.html>Chunichi</a>,WL
,Nakajima Hiroyuki,27,50,39,1,7,2,0,0,9,3,0,0,0,1,14,9,0,1,1,0.179,0.340,0.231,0.571,72,0.052,0.269,46.0%,28.0%,18.0%,0.64,DH,<a href=https://npb.jp/bis/eng/teams/index_d.html>Chunichi</a>,WL
,Nakata Sho,12,32,27,2,4,2,0,0,6,2,0,0,0,0,8,4,0,1,1,0.148,0.281,0.222,0.503,51,0.074,0.211,37.5%,25.0%,12.5%,0.50,3,<a href=https://npb.jp/bis/eng/teams/index_d.html>Chunichi</a>,WL
,Oda Gouki,22,35,29,6,9,3,1,0,14,5,4,3,0,1,3,5,0,0,0,0.310,0.400,0.483,0.883,162,0.173,0.333,22.9%,8.6%,14.3%,1.67,8,<a href=https://npb.jp/bis/eng/teams/index_d.html>Chunichi</a>,WL
,Ohshima Yohei,1,1,1,0,0,0,0,0,0,0,0,0,0,0,0,0,0,0,0,0.000,0.000,0.000,0.000,-100,0.000,0.000,0.0%,0.0%,0.0%,,,<a href=https://npb.jp/bis/eng/teams/index_d.html>Chunichi</a>,WL
,Okabayashi Yuki,11,45,40,3,7,2,1,0,11,7,1,0,0,0,3,5,0,0,2,0.175,0.267,0.275,0.542,62,0.100,0.189,17.8%,6.7%,11.1%,1.67,DH,<a href=https://npb.jp/bis/eng/teams/index_d.html>Chunichi</a>,WL
,Rodriguez Christian,65,226,196,20,53,9,0,0,62,16,3,5,4,4,41,19,0,3,6,0.270,0.338,0.316,0.654,96,0.046,0.333,26.5%,18.1%,8.4%,0.46,6,<a href=https://npb.jp/bis/eng/teams/index_d.html>Chunichi</a>,WL
,Takahashi Shuhei,21,79,72,4,19,1,1,0,22,6,0,1,0,0,11,7,0,0,3,0.264,0.329,0.306,0.635,90,0.042,0.311,22.8%,13.9%,8.9%,0.64,5,<a href=https://npb.jp/bis/eng/teams/index_d.html>Chunichi</a>,WL
,Tanaka Mikiya,4,14,13,2,4,1,0,0,5,1,0,0,1,0,0,0,0,0,1,0.308,0.308,0.385,0.693,106,0.077,0.308,0.0%,0.0%,0.0%,,4,<a href=https://npb.jp/bis/eng/teams/index_d.html>Chunichi</a>,WL
,Tsuchida Ryuku,37,107,95,12,28,3,3,1,40,12,1,0,0,0,22,10,0,2,3,0.295,0.374,0.421,0.795,136,0.126,0.375,30.8%,20.6%,9.3%,0.45,6,<a href=https://npb.jp/bis/eng/teams/index_d.html>Chunichi</a>,WL
,Tsuda Keishi,80,157,137,15,32,4,2,0,40,13,8,2,3,1,38,10,0,6,3,0.234,0.312,0.292,0.604,81,0.058,0.320,30.6%,24.2%,6.4%,0.26,5,<a href=https://npb.jp/bis/eng/teams/index_d.html>Chunichi</a>,WL
,Tsujimoto Rintaro,90,287,247,24,56,8,0,0,64,21,4,2,11,2,59,21,0,6,4,0.227,0.301,0.259,0.560,68,0.032,0.295,27.9%,20.6%,7.3%,0.36,4,<a href=https://npb.jp/bis/eng/teams/index_d.html>Chunichi</a>,WL
,Uebayashi Seiji,55,175,154,27,43,8,3,3,66,13,6,1,3,0,23,14,0,4,3,0.279,0.355,0.429,0.784,133,0.150,0.312,22.9%,13.1%,8.0%,0.61,8,<a href=https://npb.jp/bis/eng/teams/index_d.html>Chunichi</a>,WL
,Ukai Kosuke,82,241,217,27,47,10,1,5,74,25,1,2,0,1,47,17,0,6,12,0.217,0.290,0.341,0.631,88,0.124,0.253,28.6%,19.5%,7.1%,0.36,7,<a href=https://npb.jp/bis/eng/teams/index_d.html>Chunichi</a>,WL
,Usami Shingo,24,67,62,4,16,2,0,0,18,10,0,0,0,0,14,5,0,0,2,0.258,0.313,0.290,0.603,81,0.032,0.333,28.4%,20.9%,7.5%,0.36,2,<a href=https://npb.jp/bis/eng/teams/index_d.html>Chunichi</a>,WL
,Viciedo Dayan,72,256,223,20,67,17,0,8,108,31,0,0,0,4,30,25,1,4,8,0.300,0.375,0.484,0.859,155,0.184,0.312,24.6%,11.7%,9.8%,0.83,3,<a href=https://npb.jp/bis/eng/teams/index_d.html>Chunichi</a>,WL
,Yamaasa Ryunosuke,48,80,72,7,12,1,0,0,13,4,1,1,0,0,19,8,0,0,2,0.167,0.250,0.181,0.431,30,0.014,0.226,33.8%,23.8%,10.0%,0.42,2,<a href=https://npb.jp/bis/eng/teams/index_d.html>Chunichi</a>,WL
,Yamamoto Yasuhiro,7,21,19,0,3,0,0,0,3,1,0,0,2,0,3,0,0,0,0,0.158,0.158,0.158,0.316,-5,0.000,0.188,14.3%,14.3%,0.0%,0.00,UTL,<a href=https://npb.jp/bis/eng/teams/index_d.html>Chunichi</a>,WL
,Adachi Ryoichi,14,29,24,2,2,0,0,0,2,1,1,0,0,0,8,5,0,0,2,0.083,0.241,0.083,0.324,-2,0.000,0.125,44.8%,27.6%,17.2%,0.62,4,<a href=https://npb.jp/bis/eng/teams/index_b.html>ORIX</a>,WL
,Cedeno Leandro,7,20,18,2,8,1,0,2,15,6,0,0,0,0,3,2,0,0,0,0.444,0.500,0.833,1.333,315,0.389,0.462,35.0%,15.0%,10.0%,0.67,DH,<a href=https://npb.jp/bis/eng/teams/index_b.html>ORIX</a>,WL
,Chano Tokumasa,91,253,224,35,60,4,3,1,73,20,16,7,3,1,32,24,0,1,2,0.268,0.340,0.326,0.666,105,0.058,0.307,22.5%,12.6%,9.5%,0.75,9,<a href=https://npb.jp/bis/eng/teams/index_b.html>ORIX</a>,WL
,Fukuda Shuhei,40,113,89,15,22,2,0,0,24,9,1,0,0,1,12,23,0,0,0,0.247,0.398,0.270,0.668,107,0.023,0.282,31.0%,10.6%,20.4%,1.92,DH,<a href=https://npb.jp/bis/eng/teams/index_b.html>ORIX</a>,WL
,Fukunaga Sho,60,157,128,13,24,7,0,2,37,14,0,0,12,0,18,13,0,4,4,0.188,0.283,0.289,0.572,76,0.101,0.204,21.0%,11.5%,8.3%,0.72,2,<a href=https://npb.jp/bis/eng/teams/index_b.html>ORIX</a>,WL
,Gen Kendai,79,198,176,19,44,3,1,2,55,25,4,6,4,3,22,13,0,2,2,0.250,0.304,0.313,0.617,89,0.063,0.271,18.7%,11.1%,6.6%,0.59,8,<a href=https://npb.jp/bis/eng/teams/index_b.html>ORIX</a>,WL
,Gibo Sho,18,42,37,5,9,1,0,0,10,2,1,1,2,0,3,3,0,0,0,0.243,0.300,0.270,0.570,76,0.027,0.265,14.3%,7.1%,7.1%,1.00,4,<a href=https://npb.jp/bis/eng/teams/index_b.html>ORIX</a>,WL
,Gonzalez Marwin,7,15,15,1,7,1,0,0,8,3,0,0,0,0,2,0,0,0,0,0.467,0.467,0.533,1.000,211,0.066,0.538,13.3%,13.3%,0.0%,0.00,4,<a href=https://npb.jp/bis/eng/teams/index_b.html>ORIX</a>,WL
,Hirano Yamato,1,3,2,0,1,0,0,0,1,0,0,0,0,0,0,1,0,0,0,0.500,0.667,0.500,1.167,267,0.000,0.500,33.3%,0.0%,33.3%,1.00,DH,<a href=https://npb.jp/bis/eng/teams/index_b.html>ORIX</a>,WL
,Hirooka Taishi,39,149,130,17,30,6,1,2,44,16,4,3,0,2,21,16,0,1,5,0.231,0.315,0.338,0.653,101,0.107,0.257,26.2%,14.1%,10.7%,0.76,5,<a href=https://npb.jp/bis/eng/teams/index_b.html>ORIX</a>,WL
,Hori Shuna,72,193,177,16,45,7,1,0,54,20,0,0,8,0,23,6,0,2,11,0.254,0.286,0.305,0.591,82,0.051,0.292,15.0%,11.9%,3.1%,0.26,2,<a href=https://npb.jp/bis/eng/teams/index_b.html>ORIX</a>,WL
,Ikeda Ryoma,99,331,284,23,66,13,1,1,84,33,1,0,1,3,47,42,0,1,10,0.232,0.330,0.296,0.626,94,0.064,0.272,27.2%,14.2%,12.7%,0.89,7,<a href=https://npb.jp/bis/eng/teams/index_b.html>ORIX</a>,WL
,Ishikawa Ryo,14,31,25,1,5,2,0,0,7,1,0,0,2,1,5,3,0,0,0,0.200,0.276,0.280,0.556,70,0.080,0.238,25.8%,16.1%,9.7%,0.60,2,<a href=https://npb.jp/bis/eng/teams/index_b.html>ORIX</a>,WL
,Katsuki Kazuya,67,167,141,15,37,8,1,2,53,17,0,0,2,1,19,22,0,1,4,0.262,0.364,0.376,0.740,129,0.114,0.289,25.7%,11.4%,13.2%,1.16,3,<a href=https://npb.jp/bis/eng/teams/index_b.html>ORIX</a>,WL
,Kawano Sota,64,164,136,22,41,4,2,0,49,9,5,5,5,1,15,21,0,1,1,0.301,0.396,0.360,0.756,134,0.059,0.336,22.0%,9.1%,12.8%,1.40,UTL,<a href=https://npb.jp/bis/eng/teams/index_b.html>ORIX</a>,WL
,Kinoshita Motohide,29,59,55,5,10,3,0,0,13,1,0,0,0,0,8,4,0,0,2,0.182,0.237,0.236,0.473,44,0.054,0.213,20.3%,13.6%,6.8%,0.50,3,<a href=https://npb.jp/bis/eng/teams/index_b.html>ORIX</a>,WL
,Kita Ryoto,39,128,117,16,33,2,0,2,41,9,1,3,2,1,24,8,0,0,3,0.282,0.325,0.350,0.675,109,0.068,0.337,26.6%,18.8%,6.2%,0.33,9,<a href=https://npb.jp/bis/eng/teams/index_b.html>ORIX</a>,WL
,Mori Tomoya,6,13,11,0,1,0,0,0,1,3,0,0,0,1,2,1,0,0,0,0.091,0.154,0.091,0.245,-28,0.000,0.100,23.1%,15.4%,7.7%,0.50,DH,<a href=https://npb.jp/bis/eng/teams/index_b.html>ORIX</a>,WL
,Mune Yuma,12,38,29,4,6,1,0,0,7,2,0,1,0,0,4,9,0,0,1,0.207,0.395,0.241,0.636,98,0.034,0.240,34.2%,10.5%,23.7%,2.25,5,<a href=https://npb.jp/bis/eng/teams/index_b.html>ORIX</a>,WL
,Murakami Kyoichiro,18,27,25,3,7,1,0,0,8,1,0,0,0,0,1,2,0,0,1,0.280,0.333,0.320,0.653,101,0.040,0.292,11.1%,3.7%,7.4%,2.00,2,<a href=https://npb.jp/bis/eng/teams/index_b.html>ORIX</a>,WL
,Naito Ho,49,183,165,13,29,6,0,2,41,24,0,0,0,4,39,10,0,4,9,0.176,0.235,0.248,0.483,47,0.072,0.211,27.9%,21.3%,5.5%,0.26,3,<a href=https://npb.jp/bis/eng/teams/index_b.html>ORIX</a>,WL
,Nakagawa Keita,11,31,29,3,10,2,0,0,12,0,0,1,0,0,2,2,0,0,0,0.345,0.387,0.414,0.801,148,0.069,0.370,12.9%,6.5%,6.5%,1.00,DH,<a href=https://npb.jp/bis/eng/teams/index_b.html>ORIX</a>,WL
,Nishino Masahiro,9,22,20,0,5,0,0,0,5,3,0,0,0,1,3,1,0,0,0,0.250,0.273,0.250,0.523,61,0.000,0.278,18.2%,13.6%,4.5%,0.33,DH,<a href=https://npb.jp/bis/eng/teams/index_b.html>ORIX</a>,WL
,Noguchi Tomoya,85,300,247,18,55,13,3,0,74,20,1,2,6,0,65,41,1,6,6,0.223,0.347,0.300,0.647,100,0.077,0.302,35.3%,21.7%,13.7%,0.63,4,<a href=https://npb.jp/bis/eng/teams/index_b.html>ORIX</a>,WL
,Oda Yuya,49,113,100,13,28,2,1,1,35,13,5,5,2,1,17,9,0,1,0,0.280,0.342,0.350,0.692,114,0.070,0.325,23.9%,15.0%,8.0%,0.53,8,<a href=https://npb.jp/bis/eng/teams/index_b.html>ORIX</a>,WL
,Ohsato Kosei,64,191,159,27,41,3,0,0,44,12,7,6,1,1,20,28,0,2,1,0.258,0.374,0.277,0.651,102,0.019,0.293,25.1%,10.5%,14.7%,1.40,5,<a href=https://npb.jp/bis/eng/teams/index_b.html>ORIX</a>,WL
,Ohshiro Koji,23,57,48,3,13,0,0,0,13,3,1,1,1,0,6,5,0,3,2,0.271,0.375,0.271,0.646,100,0.000,0.310,19.3%,10.5%,8.8%,0.83,UTL,<a href=https://npb.jp/bis/eng/teams/index_b.html>ORIX</a>,WL
,Ohta Ryo,9,32,27,3,12,1,1,1,18,7,0,0,0,0,3,5,0,0,1,0.444,0.531,0.667,1.198,273,0.223,0.478,28.1%,9.4%,15.6%,1.67,4,<a href=https://npb.jp/bis/eng/teams/index_b.html>ORIX</a>,WL
,Okada Takahiro,37,94,81,4,10,0,0,1,13,2,0,0,0,0,14,11,0,1,3,0.123,0.237,0.160,0.397,20,0.037,0.136,27.7%,14.9%,11.7%,0.79,3,<a href=https://npb.jp/bis/eng/teams/index_b.html>ORIX</a>,WL
,Sano Kodai,20,70,63,6,13,3,1,0,18,7,3,0,1,0,11,5,0,1,1,0.206,0.275,0.286,0.561,72,0.080,0.250,22.9%,15.7%,7.1%,0.45,8,<a href=https://npb.jp/bis/eng/teams/index_b.html>ORIX</a>,WL
,Sugimoto Yutaro,13,45,39,4,11,2,1,0,15,3,0,0,0,0,9,6,0,0,1,0.282,0.378,0.385,0.763,136,0.103,0.367,33.3%,20.0%,13.3%,0.67,DH,<a href=https://npb.jp/bis/eng/teams/index_b.html>ORIX</a>,WL
,Sugisawa Ryu,51,163,149,16,43,5,3,2,60,13,1,5,2,3,23,9,0,0,4,0.289,0.323,0.403,0.726,123,0.114,0.323,20.9%,14.1%,5.5%,0.39,8,<a href=https://npb.jp/bis/eng/teams/index_b.html>ORIX</a>,WL
,Thomas Cody,79,236,213,18,56,3,2,2,69,19,0,1,0,0,41,20,0,3,6,0.263,0.335,0.324,0.659,103,0.061,0.318,26.7%,17.4%,8.5%,0.49,DH,<a href=https://npb.jp/bis/eng/teams/index_b.html>ORIX</a>,WL
,Tongu Yuma,22,77,72,8,19,2,0,4,33,7,0,0,0,0,14,5,0,0,0,0.264,0.312,0.458,0.770,137,0.194,0.278,29.9%,18.2%,6.5%,0.36,3,<a href=https://npb.jp/bis/eng/teams/index_b.html>ORIX</a>,WL
,Ueno Kyohei,12,32,30,1,5,0,0,0,5,0,2,1,1,0,4,1,0,0,2,0.167,0.194,0.167,0.361,9,0.000,0.192,15.6%,12.5%,3.1%,0.25,6,<a href=https://npb.jp/bis/eng/teams/index_b.html>ORIX</a>,WL
,Wakatsuki Kenya,3,10,10,1,3,0,0,0,3,0,0,0,0,0,0,0,0,0,0,0.300,0.300,0.300,0.600,84,0.000,0.300,0.0%,0.0%,0.0%,,2,<a href=https://npb.jp/bis/eng/teams/index_b.html>ORIX</a>,WL
,Watanabe Haruto,32,102,83,15,28,3,0,1,34,14,8,5,2,1,9,12,0,4,1,0.337,0.440,0.410,0.850,165,0.073,0.365,21.6%,8.8%,11.8%,1.33,8,<a href=https://npb.jp/bis/eng/teams/index_b.html>ORIX</a>,WL
,Yamaashi Tatsuya,25,80,66,4,21,2,0,1,26,9,0,1,1,2,3,11,0,0,2,0.318,0.405,0.394,0.799,148,0.076,0.312,18.8%,3.8%,13.8%,3.67,UTL,<a href=https://npb.jp/bis/eng/teams/index_b.html>ORIX</a>,WL
,Yamanaka Takayuki,39,110,100,15,26,4,0,4,42,12,1,1,0,0,25,9,0,1,4,0.260,0.327,0.420,0.747,131,0.160,0.310,34.5%,22.7%,8.2%,0.36,3,<a href=https://npb.jp/bis/eng/teams/index_b.html>ORIX</a>,WL
,Yokoyama Seiya,86,330,310,24,69,8,0,1,80,22,4,2,1,1,66,16,0,2,12,0.223,0.264,0.258,0.522,60,0.035,0.279,25.2%,20.0%,4.8%,0.24,6,<a href=https://npb.jp/bis/eng/teams/index_b.html>ORIX</a>,WL
,Chatani Kenta,7,24,22,1,4,0,0,0,4,1,0,0,1,0,5,1,0,0,0,0.182,0.217,0.182,0.399,19,0.000,0.235,25.0%,20.8%,4.2%,0.20,6,<a href=https://npb.jp/bis/eng/teams/index_m.html>Lotte</a>,EL
,Fujioka Yudai,10,33,28,6,10,2,0,0,12,3,0,1,1,0,5,4,0,0,2,0.357,0.438,0.429,0.867,151,0.072,0.435,27.3%,15.2%,12.1%,0.80,4,<a href=https://npb.jp/bis/eng/teams/index_m.html>Lotte</a>,EL
,Fujita Kazuki,39,97,86,4,18,3,1,0,23,7,0,0,1,0,24,9,0,1,2,0.209,0.292,0.267,0.559,64,0.058,0.290,34.0%,24.7%,9.3%,0.38,7,<a href=https://npb.jp/bis/eng/teams/index_m.html>Lotte</a>,EL
,Fujiwara Kyota,20,88,74,19,26,6,0,1,35,7,2,1,2,1,14,10,0,0,0,0.351,0.424,0.473,0.897,160,0.122,0.417,28.4%,15.9%,11.4%,0.71,8,<a href=https://npb.jp/bis/eng/teams/index_m.html>Lotte</a>,EL
,Hirasawa Taiga,96,290,213,44,46,10,2,2,66,19,5,3,10,4,45,59,0,4,9,0.216,0.389,0.310,0.699,105,0.094,0.259,36.6%,15.5%,20.3%,1.31,4,<a href=https://npb.jp/bis/eng/teams/index_m.html>Lotte</a>,EL
,Ikeda Raito,81,338,304,39,83,9,1,9,121,34,4,2,4,2,56,24,0,4,2,0.273,0.332,0.398,0.730,112,0.125,0.307,26.3%,16.6%,7.1%,0.43,4,<a href=https://npb.jp/bis/eng/teams/index_m.html>Lotte</a>,EL
,Inoue Seiya,79,218,188,10,41,5,0,4,58,22,2,0,0,3,30,26,0,1,9,0.218,0.312,0.309,0.621,82,0.091,0.236,27.5%,13.8%,11.9%,0.87,3,<a href=https://npb.jp/bis/eng/teams/index_m.html>Lotte</a>,EL
,Ishikawa Shingo,72,275,256,30,85,21,0,6,124,42,1,0,0,2,48,14,0,3,11,0.332,0.371,0.484,0.855,148,0.152,0.387,24.7%,17.5%,5.1%,0.29,7,<a href=https://npb.jp/bis/eng/teams/index_m.html>Lotte</a>,EL
,Kakinuma Tomoya,39,72,59,3,15,2,0,1,20,6,0,2,5,2,6,5,0,1,1,0.254,0.313,0.339,0.652,90,0.085,0.259,16.7%,8.3%,6.9%,0.83,2,<a href=https://npb.jp/bis/eng/teams/index_m.html>Lotte</a>,EL
,Kakunaka Katsuya,2,6,6,0,2,0,0,0,2,1,0,0,0,0,0,0,0,0,0,0.333,0.333,0.333,0.666,94,0.000,0.333,0.0%,0.0%,0.0%,,9,<a href=https://npb.jp/bis/eng/teams/index_m.html>Lotte</a>,EL
,Kaneda Yuta,47,137,123,15,33,2,0,0,35,11,0,0,5,0,15,9,0,0,3,0.268,0.318,0.285,0.603,77,0.017,0.306,17.5%,10.9%,6.6%,0.60,4,<a href=https://npb.jp/bis/eng/teams/index_m.html>Lotte</a>,EL
,Katsumata Rui,44,112,101,8,21,3,0,1,27,9,1,0,5,0,28,5,0,1,2,0.208,0.252,0.267,0.519,52,0.059,0.278,30.4%,25.0%,4.5%,0.18,5,<a href=https://npb.jp/bis/eng/teams/index_m.html>Lotte</a>,EL
,Kohno Hikaru,9,21,21,2,4,0,0,1,7,4,0,0,0,0,11,0,0,0,0,0.190,0.190,0.333,0.523,52,0.143,0.333,57.1%,52.4%,0.0%,0.00,7,<a href=https://npb.jp/bis/eng/teams/index_m.html>Lotte</a>,EL
,Kurokawa Kaisei,10,23,22,2,3,2,0,0,5,0,0,0,1,0,6,0,0,0,0,0.136,0.136,0.227,0.363,8,0.091,0.188,26.1%,26.1%,0.0%,0.00,4,<a href=https://npb.jp/bis/eng/teams/index_m.html>Lotte</a>,EL
,Martin Andy,33,89,79,10,22,7,0,1,32,8,3,0,0,2,17,7,0,1,0,0.278,0.337,0.405,0.742,115,0.127,0.333,28.1%,19.1%,7.9%,0.41,7,<a href=https://npb.jp/bis/eng/teams/index_m.html>Lotte</a>,EL
,Matsuishi Shinya,106,372,328,28,68,9,1,0,79,18,4,5,18,3,65,20,0,3,5,0.207,0.257,0.241,0.498,47,0.034,0.256,22.8%,17.5%,5.4%,0.31,6,<a href=https://npb.jp/bis/eng/teams/index_m.html>Lotte</a>,EL
,Matsukawa Kou,44,101,92,7,21,1,0,0,22,5,0,0,2,1,14,6,0,0,2,0.228,0.273,0.239,0.512,50,0.011,0.266,19.8%,13.9%,5.9%,0.43,2,<a href=https://npb.jp/bis/eng/teams/index_m.html>Lotte</a>,EL
,Murayama Ryosuke,11,18,15,3,2,0,1,1,7,2,0,0,0,0,6,3,0,0,1,0.133,0.278,0.467,0.745,115,0.334,0.125,55.6%,33.3%,16.7%,0.50,DH,<a href=https://npb.jp/bis/eng/teams/index_m.html>Lotte</a>,EL
,Ogino Takashi,3,6,6,1,1,0,0,0,1,0,0,0,0,0,1,0,0,0,0,0.167,0.167,0.167,0.334,-0,0.000,0.200,16.7%,16.7%,0.0%,0.00,7,<a href=https://npb.jp/bis/eng/teams/index_m.html>Lotte</a>,EL
,Ohshita Seiichiro,8,29,24,1,6,0,0,0,6,1,0,0,0,0,4,3,0,2,0,0.250,0.379,0.250,0.629,85,0.000,0.300,24.1%,13.8%,10.3%,0.75,3,<a href=https://npb.jp/bis/eng/teams/index_m.html>Lotte</a>,EL
,Oka Hiromi,4,16,11,1,1,0,0,0,1,0,0,0,0,0,2,5,0,0,2,0.091,0.375,0.091,0.466,40,0.000,0.111,43.8%,12.5%,31.2%,2.50,DH,<a href=https://npb.jp/bis/eng/teams/index_m.html>Lotte</a>,EL
,Sugano Tsuyoshi,65,191,154,22,34,4,0,2,44,9,1,0,4,2,17,30,1,1,5,0.221,0.348,0.286,0.634,86,0.065,0.234,25.7%,8.9%,15.7%,1.76,3,<a href=https://npb.jp/bis/eng/teams/index_m.html>Lotte</a>,EL
,Takabe Akito,36,161,145,22,34,6,0,1,43,8,13,5,5,1,21,9,0,1,2,0.234,0.282,0.297,0.579,70,0.063,0.266,19.3%,13.0%,5.6%,0.43,8,<a href=https://npb.jp/bis/eng/teams/index_m.html>Lotte</a>,EL
,Takeda Aito,54,225,207,22,52,9,4,3,78,29,6,1,1,2,31,12,0,3,7,0.251,0.299,0.377,0.676,96,0.126,0.280,20.4%,13.8%,5.3%,0.39,8,<a href=https://npb.jp/bis/eng/teams/index_m.html>Lotte</a>,EL
,Tamura Tatsuhiro,3,9,8,3,2,0,0,0,2,0,0,0,0,0,1,1,0,0,0,0.250,0.333,0.250,0.583,71,0.000,0.286,22.2%,11.1%,11.1%,1.00,2,<a href=https://npb.jp/bis/eng/teams/index_m.html>Lotte</a>,EL
,Terachi Ryusei,104,392,341,33,99,15,1,2,122,39,2,1,3,4,53,41,0,3,13,0.290,0.368,0.358,0.726,111,0.068,0.334,24.5%,13.5%,10.5%,0.77,2,<a href=https://npb.jp/bis/eng/teams/index_m.html>Lotte</a>,EL
,Tomiyama Konoshin,16,19,15,0,3,0,0,0,3,1,0,0,0,1,6,2,0,1,0,0.200,0.316,0.200,0.516,52,0.000,0.300,42.1%,31.6%,10.5%,0.33,2,<a href=https://npb.jp/bis/eng/teams/index_m.html>Lotte</a>,EL
,Tomosugi Atsuki,1,4,4,0,1,0,0,0,1,0,0,0,0,0,0,0,0,0,0,0.250,0.250,0.250,0.500,48,0.000,0.250,0.0%,0.0%,0.0%,,6,<a href=https://npb.jp/bis/eng/teams/index_m.html>Lotte</a>,EL
,Ueda Kyuto,70,289,268,25,78,11,2,2,99,34,0,3,1,4,46,14,0,2,15,0.291,0.326,0.369,0.695,102,0.078,0.339,21.5%,15.9%,4.8%,0.30,5,<a href=https://npb.jp/bis/eng/teams/index_m.html>Lotte</a>,EL
,Ueda Shota,39,78,62,6,10,0,0,0,10,3,0,0,4,1,15,11,0,0,4,0.161,0.284,0.161,0.445,32,0.000,0.208,33.3%,19.2%,14.1%,0.73,2,<a href=https://npb.jp/bis/eng/teams/index_m.html>Lotte</a>,EL
,Wada Koshiro,7,26,23,4,8,1,0,0,9,0,6,3,0,0,3,3,0,0,0,0.348,0.423,0.391,0.814,137,0.043,0.400,23.1%,11.5%,11.5%,1.00,8,<a href=https://npb.jp/bis/eng/teams/index_m.html>Lotte</a>,EL
,Yamaguchi Koki,61,246,218,28,60,10,0,7,91,32,0,1,0,4,38,22,0,2,8,0.275,0.341,0.417,0.758,120,0.142,0.299,27.2%,15.4%,8.9%,0.58,9,<a href=https://npb.jp/bis/eng/teams/index_m.html>Lotte</a>,EL
,Yamamoto Daito,110,449,401,57,112,27,1,19,198,66,2,4,4,7,84,32,0,5,5,0.279,0.335,0.494,0.829,139,0.215,0.305,30.1%,18.7%,7.1%,0.38,9,<a href=https://npb.jp/bis/eng/teams/index_m.html>Lotte</a>,EL
,Yasuda Hisanori,42,180,154,16,42,13,0,3,64,19,0,1,0,1,29,23,0,2,4,0.273,0.372,0.416,0.788,129,0.143,0.317,30.6%,16.1%,12.8%,0.79,5,<a href=https://npb.jp/bis/eng/teams/index_m.html>Lotte</a>,EL
,Downs Jeter,18,68,58,11,15,5,1,1,25,7,0,0,0,0,9,10,0,0,1,0.259,0.368,0.431,0.799,137,0.172,0.292,29.4%,13.2%,14.7%,1.11,6,<a href=https://npb.jp/bis/eng/teams/index_h.html>SoftBank</a>,WL
,Fujita Yutaro,2,3,3,0,1,0,0,0,1,0,0,0,0,0,0,0,0,0,0,0.333,0.333,0.333,0.666,99,0.000,0.333,0.0%,0.0%,0.0%,,2,<a href=https://npb.jp/bis/eng/teams/index_h.html>SoftBank</a>,WL
,Hirose Ryuta,94,366,314,36,80,20,0,3,109,34,3,4,5,1,37,43,0,3,5,0.255,0.349,0.347,0.696,107,0.092,0.280,22.7%,10.1%,11.7%,1.16,4,<a href=https://npb.jp/bis/eng/teams/index_h.html>SoftBank</a>,WL
,Ikhine Itua,82,239,198,28,35,7,4,2,56,19,13,5,6,2,74,30,0,3,0,0.177,0.292,0.283,0.575,72,0.106,0.266,44.4%,31.0%,12.6%,0.41,6,<a href=https://npb.jp/bis/eng/teams/index_h.html>SoftBank</a>,WL
,Inoue Tomoya,94,343,312,41,90,23,1,4,127,41,6,7,1,1,60,22,0,7,11,0.288,0.348,0.407,0.755,124,0.119,0.345,25.1%,17.5%,6.4%,0.37,5,<a href=https://npb.jp/bis/eng/teams/index_h.html>SoftBank</a>,WL
,Ishizuka Soichiro,44,142,111,22,33,10,0,6,61,30,0,0,2,1,17,18,0,10,2,0.297,0.436,0.550,0.986,193,0.253,0.303,28.9%,12.0%,12.7%,1.06,7,<a href=https://npb.jp/bis/eng/teams/index_h.html>SoftBank</a>,WL
,Itoh Daisuke,9,20,16,4,4,1,0,1,8,2,0,1,1,0,3,3,0,0,1,0.250,0.368,0.500,0.868,157,0.250,0.250,35.0%,15.0%,15.0%,1.00,4,<a href=https://npb.jp/bis/eng/teams/index_h.html>SoftBank</a>,WL
,Katsuren Haruki,45,101,87,14,21,0,1,0,23,9,3,1,4,3,24,5,0,2,1,0.241,0.289,0.264,0.553,66,0.023,0.318,28.7%,23.8%,5.0%,0.21,6,<a href=https://npb.jp/bis/eng/teams/index_h.html>SoftBank</a>,WL
,Kawamura Yuto,13,55,47,7,11,4,0,0,15,6,0,1,2,1,7,5,0,0,0,0.234,0.302,0.319,0.621,86,0.085,0.268,21.8%,12.7%,9.1%,0.71,8,<a href=https://npb.jp/bis/eng/teams/index_h.html>SoftBank</a>,WL
,Kuwahara Shuji,28,74,67,4,11,1,0,1,15,3,0,1,1,0,14,5,0,1,2,0.164,0.233,0.224,0.457,37,0.060,0.192,27.0%,18.9%,6.8%,0.36,8,<a href=https://npb.jp/bis/eng/teams/index_h.html>SoftBank</a>,WL
,Makihara Kota,27,58,50,5,12,2,1,0,16,2,0,1,0,0,14,6,0,2,1,0.240,0.345,0.320,0.665,99,0.080,0.333,34.5%,24.1%,10.3%,0.43,2,<a href=https://npb.jp/bis/eng/teams/index_h.html>SoftBank</a>,WL
,Makihara Taisei,6,17,17,2,7,1,0,0,8,0,1,0,0,0,1,0,0,0,0,0.412,0.412,0.471,0.883,163,0.059,0.438,5.9%,5.9%,0.0%,0.00,4,<a href=https://npb.jp/bis/eng/teams/index_h.html>SoftBank</a>,WL
,Masaki Tomoya,49,202,161,25,51,17,0,6,86,32,1,2,0,4,26,33,0,4,5,0.317,0.436,0.534,0.970,188,0.217,0.338,32.2%,12.9%,16.3%,1.27,9,<a href=https://npb.jp/bis/eng/teams/index_h.html>SoftBank</a>,WL
,Mimori Masaki,47,142,126,18,36,4,4,1,51,16,5,1,0,1,18,14,0,1,1,0.286,0.359,0.405,0.764,127,0.119,0.324,23.2%,12.7%,9.9%,0.78,3,<a href=https://npb.jp/bis/eng/teams/index_h.html>SoftBank</a>,WL
,Minei Hiroki,69,147,131,22,39,6,1,2,53,17,1,0,2,1,16,10,0,3,2,0.298,0.359,0.405,0.764,127,0.107,0.325,19.0%,10.9%,6.8%,0.62,2,<a href=https://npb.jp/bis/eng/teams/index_h.html>SoftBank</a>,WL
,Morishima Ryota,3,7,7,1,1,0,0,0,1,0,0,0,0,0,4,0,0,0,0,0.143,0.143,0.143,0.286,-14,0.000,0.333,57.1%,57.1%,0.0%,0.00,2,<a href=https://npb.jp/bis/eng/teams/index_h.html>SoftBank</a>,WL
,Nakamura Akira,2,6,5,0,1,0,0,0,1,0,0,0,0,0,2,1,0,0,0,0.200,0.333,0.200,0.533,61,0.000,0.333,50.0%,33.3%,16.7%,0.50,3,<a href=https://npb.jp/bis/eng/teams/index_h.html>SoftBank</a>,WL
,Nakata Keisuke,24,88,77,12,31,6,0,1,40,11,0,0,0,1,13,9,0,1,1,0.403,0.466,0.519,0.985,193,0.116,0.469,26.1%,14.8%,10.2%,0.69,UTL,<a href=https://npb.jp/bis/eng/teams/index_h.html>SoftBank</a>,WL
,Nishio Ayuma,23,43,39,7,12,2,1,0,16,4,0,1,1,0,5,3,0,0,0,0.308,0.357,0.410,0.767,128,0.102,0.353,18.6%,11.6%,7.0%,0.60,UTL,<a href=https://npb.jp/bis/eng/teams/index_h.html>SoftBank</a>,WL
,Nomura Daiju,56,215,176,24,49,11,3,2,72,21,1,0,4,0,26,35,0,0,4,0.278,0.398,0.409,0.807,140,0.131,0.318,29.3%,12.1%,16.3%,1.35,UTL,<a href=https://npb.jp/bis/eng/teams/index_h.html>SoftBank</a>,WL
,Nomura Isami,27,98,84,14,19,3,3,2,34,9,3,1,2,0,13,12,0,0,2,0.226,0.323,0.405,0.728,116,0.179,0.246,27.6%,13.3%,12.2%,0.92,UTL,<a href=https://npb.jp/bis/eng/teams/index_h.html>SoftBank</a>,WL
,Ohizumi Shuya,11,26,21,3,7,2,0,0,9,2,1,0,0,0,3,5,0,0,1,0.333,0.462,0.429,0.891,166,0.096,0.389,30.8%,11.5%,19.2%,1.67,7,<a href=https://npb.jp/bis/eng/teams/index_h.html>SoftBank</a>,WL
,Sasagawa Yoshiyasu,113,464,412,53,106,21,5,7,158,54,8,6,1,4,93,45,1,2,8,0.257,0.330,0.383,0.713,112,0.126,0.313,31.2%,20.0%,9.7%,0.48,8,<a href=https://npb.jp/bis/eng/teams/index_h.html>SoftBank</a>,WL
,Satoh Kota,37,134,122,21,40,4,0,0,44,11,2,1,4,2,24,6,0,0,1,0.328,0.354,0.361,0.715,113,0.033,0.400,22.4%,17.9%,4.5%,0.25,7,<a href=https://npb.jp/bis/eng/teams/index_h.html>SoftBank</a>,WL
,Satoh Naoki,44,160,137,17,47,11,4,2,72,21,11,3,1,1,33,18,0,3,2,0.343,0.428,0.526,0.954,183,0.183,0.437,33.1%,20.6%,11.2%,0.55,8,<a href=https://npb.jp/bis/eng/teams/index_h.html>SoftBank</a>,WL
,Shigematsu Kaito,13,26,24,4,4,2,0,0,6,3,0,0,0,1,12,1,0,0,0,0.167,0.192,0.250,0.442,32,0.083,0.308,50.0%,46.2%,3.8%,0.08,7,<a href=https://npb.jp/bis/eng/teams/index_h.html>SoftBank</a>,WL
,Sunagawa Richard,87,291,248,44,60,15,1,18,131,54,3,0,0,2,88,29,1,12,5,0.242,0.347,0.528,0.875,159,0.286,0.292,46.4%,30.2%,10.0%,0.33,5,<a href=https://npb.jp/bis/eng/teams/index_h.html>SoftBank</a>,WL
,Tanigawara Kenta,74,231,209,30,54,8,4,0,70,17,6,1,3,1,28,17,0,1,3,0.258,0.316,0.335,0.651,95,0.077,0.297,19.5%,12.1%,7.4%,0.61,2,<a href=https://npb.jp/bis/eng/teams/index_h.html>SoftBank</a>,WL
,Walker Adam,73,199,184,25,37,9,1,7,69,25,1,0,0,3,45,11,0,1,1,0.201,0.246,0.375,0.621,85,0.174,0.222,31.7%,22.6%,5.5%,0.24,DH,<a href=https://npb.jp/bis/eng/teams/index_h.html>SoftBank</a>,WL
,Watanabe Riku,57,156,139,14,28,3,1,2,39,16,1,0,2,4,19,9,0,2,3,0.201,0.253,0.281,0.534,59,0.080,0.213,19.2%,12.2%,5.8%,0.47,2,<a href=https://npb.jp/bis/eng/teams/index_h.html>SoftBank</a>,WL
,Yamamoto Keita,14,43,37,7,6,0,0,1,9,4,0,0,0,1,10,3,0,2,0,0.162,0.256,0.243,0.499,49,0.081,0.185,32.6%,23.3%,7.0%,0.30,9,<a href=https://npb.jp/bis/eng/teams/index_h.html>SoftBank</a>,WL
,Yamashita Kyogo,10,20,15,4,5,2,0,0,7,1,1,0,0,0,4,5,0,0,0,0.333,0.500,0.467,0.967,189,0.134,0.455,45.0%,20.0%,25.0%,1.25,6,<a href=https://npb.jp/bis/eng/teams/index_h.html>SoftBank</a>,WL
,Yanagimachi Tatsuru,40,156,132,23,44,6,0,1,53,17,1,0,1,1,20,20,0,2,5,0.333,0.426,0.402,0.828,147,0.069,0.384,26.3%,12.8%,12.8%,1.00,9,<a href=https://npb.jp/bis/eng/teams/index_h.html>SoftBank</a>,WL
,Yanagita Yuki,6,14,14,2,3,0,0,1,6,1,0,0,0,0,1,0,0,0,1,0.214,0.214,0.429,0.643,90,0.215,0.167,14.3%,7.1%,0.0%,0.00,DH,<a href=https://npb.jp/bis/eng/teams/index_h.html>SoftBank</a>,WL
,Yoshida Kengo,79,252,231,32,70,10,1,3,91,33,0,3,0,1,24,16,0,4,6,0.303,0.357,0.394,0.751,123,0.091,0.327,17.1%,9.5%,6.3%,0.67,3,<a href=https://npb.jp/bis/eng/teams/index_h.html>SoftBank</a>,WL
,Aono Takumi,39,64,58,4,8,0,0,0,8,1,0,0,0,1,20,5,0,0,3,0.138,0.203,0.138,0.341,3,0.000,0.205,39.1%,31.2%,7.8%,0.25,DH,<a href=https://npb.jp/bis/eng/teams/index_e.html>Rakuten</a>,EL
,Egawa Yuto,45,91,84,6,17,3,0,0,20,6,1,1,1,0,19,5,0,1,4,0.202,0.256,0.238,0.494,48,0.036,0.262,26.4%,20.9%,5.5%,0.26,3,<a href=https://npb.jp/bis/eng/teams/index_e.html>Rakuten</a>,EL
,Franco Maikel,35,106,96,6,22,6,0,2,34,14,0,0,0,1,12,7,0,2,5,0.229,0.292,0.354,0.646,94,0.125,0.241,19.8%,11.3%,6.6%,0.58,DH,<a href=https://npb.jp/bis/eng/teams/index_e.html>Rakuten</a>,EL
,Horiuchi Kengo,68,215,173,17,35,9,2,1,51,15,2,2,4,0,43,34,0,4,4,0.202,0.346,0.295,0.641,93,0.093,0.264,36.3%,20.0%,15.8%,0.79,2,<a href=https://npb.jp/bis/eng/teams/index_e.html>Rakuten</a>,EL
,Irie Daiki,98,403,359,39,93,11,2,4,120,36,2,1,6,2,71,25,1,11,11,0.259,0.325,0.334,0.659,98,0.075,0.311,24.8%,17.6%,6.2%,0.35,6,<a href=https://npb.jp/bis/eng/teams/index_e.html>Rakuten</a>,EL
,Ishihara Tsuyoshi,14,46,38,3,7,1,0,0,8,1,0,0,1,1,7,6,0,0,0,0.184,0.289,0.211,0.500,51,0.027,0.219,28.3%,15.2%,13.0%,0.86,DH,<a href=https://npb.jp/bis/eng/teams/index_e.html>Rakuten</a>,EL
,Itoh Yukiya,42,178,162,23,55,15,1,4,84,24,2,1,2,1,24,12,1,1,10,0.340,0.386,0.519,0.905,171,0.179,0.378,22.5%,13.5%,6.7%,0.50,UTL,<a href=https://npb.jp/bis/eng/teams/index_e.html>Rakuten</a>,EL
,Kurokawa Fumiya,80,348,286,34,73,13,1,1,91,35,0,2,1,3,38,53,0,5,6,0.255,0.378,0.318,0.696,110,0.063,0.288,26.4%,10.9%,15.2%,1.39,UTL,<a href=https://npb.jp/bis/eng/teams/index_e.html>Rakuten</a>,EL
,Maeda Ginji,85,180,162,17,28,5,2,4,49,14,2,1,0,0,68,16,0,2,2,0.173,0.256,0.302,0.558,67,0.129,0.267,48.9%,37.8%,8.9%,0.24,9,<a href=https://npb.jp/bis/eng/teams/index_e.html>Rakuten</a>,EL
,Mizukami Kei,73,150,123,11,26,2,3,0,34,12,0,0,5,4,33,18,0,0,0,0.211,0.303,0.276,0.579,74,0.065,0.277,34.0%,22.0%,12.0%,0.55,2,<a href=https://npb.jp/bis/eng/teams/index_e.html>Rakuten</a>,EL
,Mogi Eigoro,22,67,59,7,16,3,0,0,19,5,0,0,0,0,9,8,0,0,1,0.271,0.358,0.322,0.680,105,0.051,0.320,25.4%,13.4%,11.9%,0.89,3,<a href=https://npb.jp/bis/eng/teams/index_e.html>Rakuten</a>,EL
,Mutoh Atsuki,89,306,263,36,74,10,6,2,102,26,13,2,8,3,53,30,0,2,1,0.281,0.356,0.388,0.744,123,0.107,0.341,27.8%,17.3%,9.8%,0.57,8,<a href=https://npb.jp/bis/eng/teams/index_e.html>Rakuten</a>,EL
,Nagata Sotaro,102,304,260,18,45,5,1,2,58,18,1,0,9,1,55,33,0,1,3,0.173,0.268,0.223,0.491,47,0.050,0.211,29.6%,18.1%,10.9%,0.60,4,<a href=https://npb.jp/bis/eng/teams/index_e.html>Rakuten</a>,EL
,Nakashima Daisuke,75,318,292,40,81,16,3,3,112,19,13,5,3,1,43,14,0,8,6,0.277,0.327,0.384,0.711,113,0.107,0.316,18.9%,13.5%,4.4%,0.33,8,<a href=https://npb.jp/bis/eng/teams/index_e.html>Rakuten</a>,EL
,Ogoh Yuya,1,5,4,0,0,0,0,0,0,0,0,0,0,0,3,1,0,0,0,0.000,0.200,0.000,0.200,-38,0.000,0.000,80.0%,60.0%,20.0%,0.33,8,<a href=https://npb.jp/bis/eng/teams/index_e.html>Rakuten</a>,EL
,Okajima Takero,33,119,99,10,34,2,3,1,45,16,0,0,0,3,18,17,0,0,3,0.343,0.429,0.455,0.884,166,0.112,0.398,30.3%,15.1%,14.3%,0.94,DH,<a href=https://npb.jp/bis/eng/teams/index_e.html>Rakuten</a>,EL
,Okawara Sho,51,107,105,7,17,3,0,1,23,6,0,2,0,0,38,2,0,0,2,0.162,0.178,0.219,0.397,18,0.057,0.242,38.3%,35.5%,1.9%,0.05,7,<a href=https://npb.jp/bis/eng/teams/index_e.html>Rakuten</a>,EL
,Sawano Kiyoharu,85,189,168,17,34,5,2,0,43,12,1,1,5,1,57,14,0,1,1,0.202,0.266,0.256,0.522,57,0.054,0.304,37.6%,30.2%,7.4%,0.25,UTL,<a href=https://npb.jp/bis/eng/teams/index_e.html>Rakuten</a>,EL
,Shimauchi Hiroaki,50,153,133,12,31,6,0,2,43,21,0,0,1,1,15,17,0,1,5,0.233,0.322,0.323,0.645,94,0.090,0.248,22.2%,9.8%,11.1%,1.13,DH,<a href=https://npb.jp/bis/eng/teams/index_e.html>Rakuten</a>,EL
,Taira Ryuya,64,252,217,24,37,7,1,0,46,8,6,4,3,1,34,25,0,6,8,0.171,0.273,0.212,0.485,46,0.041,0.201,23.4%,13.5%,9.9%,0.74,5,<a href=https://npb.jp/bis/eng/teams/index_e.html>Rakuten</a>,EL
,Tanaka Takaya,7,1,1,0,0,0,0,0,0,0,0,0,0,0,1,0,0,0,0,0.000,0.000,0.000,0.000,-101,0.000,,100.0%,100.0%,0.0%,0.00,2,<a href=https://npb.jp/bis/eng/teams/index_e.html>Rakuten</a>,EL
,Tatsumi Konosuke,42,123,109,6,16,0,1,0,18,7,6,4,4,1,23,7,0,2,4,0.147,0.210,0.165,0.375,13,0.018,0.184,24.4%,18.7%,5.7%,0.30,4,<a href=https://npb.jp/bis/eng/teams/index_e.html>Rakuten</a>,EL
,Watanabe Yoshiaki,47,190,168,12,56,4,0,1,63,12,0,1,2,2,16,18,1,0,4,0.333,0.394,0.375,0.769,131,0.042,0.359,18.4%,8.4%,9.5%,1.12,3,<a href=https://npb.jp/bis/eng/teams/index_e.html>Rakuten</a>,EL
,Waters RikaiJyumile,3,3,3,0,0,0,0,0,0,0,0,0,0,0,1,0,0,0,0,0.000,0.000,0.000,0.000,-101,0.000,0.000,33.3%,33.3%,0.0%,0.00,6,<a href=https://npb.jp/bis/eng/teams/index_e.html>Rakuten</a>,EL
,Yamada Haruka,30,121,104,17,30,3,2,0,37,7,3,0,2,2,10,12,0,1,2,0.288,0.361,0.356,0.717,115,0.068,0.312,18.2%,8.3%,9.9%,1.20,UTL,<a href=https://npb.jp/bis/eng/teams/index_e.html>Rakuten</a>,EL
,Yamasaki Tsuyoshi,11,43,37,2,6,0,0,0,6,1,0,1,1,0,4,4,0,1,1,0.162,0.262,0.162,0.424,28,0.000,0.182,18.6%,9.3%,9.3%,1.00,6,<a href=https://npb.jp/bis/eng/teams/index_e.html>Rakuten</a>,EL
,Yanagisawa Ozora,71,103,99,11,16,2,0,1,21,6,5,0,2,0,47,1,0,1,1,0.162,0.178,0.212,0.390,16,0.050,0.294,47.6%,45.6%,1.0%,0.02,9,<a href=https://npb.jp/bis/eng/teams/index_e.html>Rakuten</a>,EL
,Yasuda Yuma,90,355,303,34,85,21,1,6,126,42,0,0,0,1,60,50,1,1,10,0.281,0.383,0.416,0.799,140,0.135,0.332,32.7%,16.9%,14.1%,0.83,2,<a href=https://npb.jp/bis/eng/teams/index_e.html>Rakuten</a>,EL
,Yoshino Soshi,74,248,225,20,55,10,1,1,70,24,3,3,1,2,56,18,0,2,10,0.244,0.304,0.311,0.615,85,0.067,0.318,30.2%,22.6%,7.3%,0.32,8,<a href=https://npb.jp/bis/eng/teams/index_e.html>Rakuten</a>,EL
,Cordero Franchy,76,297,270,21,73,21,0,6,112,37,0,2,0,0,61,25,0,2,7,0.270,0.337,0.415,0.752,119,0.145,0.330,31.0%,20.5%,8.4%,0.41,DH,<a href=https://npb.jp/bis/eng/teams/index_l.html>Seibu</a>,EL
,Furuichi Takeru,50,140,124,14,28,3,0,0,31,6,6,1,4,0,25,9,0,3,2,0.226,0.294,0.250,0.544,60,0.024,0.283,24.3%,17.9%,6.4%,0.36,2,<a href=https://npb.jp/bis/eng/teams/index_l.html>Seibu</a>,EL
,Furukawa Yuudai,32,75,69,10,18,1,2,1,26,8,0,2,0,1,25,4,0,1,1,0.261,0.307,0.377,0.684,100,0.116,0.386,40.0%,33.3%,5.3%,0.16,9,<a href=https://npb.jp/bis/eng/teams/index_l.html>Seibu</a>,EL
,Garcia Anthony,35,137,120,10,24,0,0,3,33,10,1,1,0,0,46,14,0,3,3,0.200,0.299,0.275,0.574,69,0.075,0.296,46.0%,33.6%,10.2%,0.30,DH,<a href=https://npb.jp/bis/eng/teams/index_l.html>Seibu</a>,EL
,Hasegawa Shinya,45,205,187,28,60,14,0,4,86,25,18,2,1,2,24,11,1,4,1,0.321,0.368,0.460,0.828,141,0.139,0.348,19.0%,11.7%,5.4%,0.46,8,<a href=https://npb.jp/bis/eng/teams/index_l.html>Seibu</a>,EL
,Higuma Montell,60,194,176,28,50,8,3,0,64,16,12,4,10,1,39,5,0,2,1,0.284,0.310,0.364,0.674,97,0.080,0.362,22.7%,20.1%,2.6%,0.13,8,<a href=https://npb.jp/bis/eng/teams/index_l.html>Seibu</a>,EL
,Hiranuma Shota,16,71,64,10,18,4,0,1,25,6,1,2,0,0,5,7,0,0,1,0.281,0.352,0.391,0.743,117,0.110,0.293,18.3%,7.0%,9.9%,1.40,UTL,<a href=https://npb.jp/bis/eng/teams/index_l.html>Seibu</a>,EL
,Hiruma Takuya,52,199,184,14,52,7,0,3,68,12,5,4,0,1,37,12,0,2,3,0.283,0.332,0.370,0.702,105,0.087,0.338,26.1%,18.6%,6.0%,0.32,9,<a href=https://npb.jp/bis/eng/teams/index_l.html>Seibu</a>,EL
,Kaneko Koji,68,210,191,19,40,11,3,1,60,16,2,2,5,0,34,12,0,2,7,0.209,0.263,0.314,0.577,69,0.105,0.250,22.4%,16.2%,5.7%,0.35,6,<a href=https://npb.jp/bis/eng/teams/index_l.html>Seibu</a>,EL
,Kaneko Yuji,35,148,131,23,38,9,0,3,56,16,10,2,1,2,17,13,0,1,4,0.290,0.354,0.427,0.781,127,0.137,0.310,22.3%,11.5%,8.8%,0.76,8,<a href=https://npb.jp/bis/eng/teams/index_l.html>Seibu</a>,EL
,Kawano Ryota,35,101,87,14,21,3,0,1,27,11,1,1,3,2,21,9,0,0,2,0.241,0.306,0.310,0.616,80,0.069,0.299,30.7%,20.8%,8.9%,0.43,4,<a href=https://npb.jp/bis/eng/teams/index_l.html>Seibu</a>,EL
,Kishi Junichiro,10,43,40,6,13,3,1,3,27,7,0,2,1,0,6,1,0,1,0,0.325,0.357,0.675,1.032,197,0.350,0.323,23.3%,14.0%,2.3%,0.17,8,<a href=https://npb.jp/bis/eng/teams/index_l.html>Seibu</a>,EL
,Kodama Ryosuke,15,58,51,5,13,0,0,0,13,5,2,0,0,1,6,4,0,2,1,0.255,0.328,0.255,0.583,72,0.000,0.283,17.2%,10.3%,6.9%,0.67,4,<a href=https://npb.jp/bis/eng/teams/index_l.html>Seibu</a>,EL
,Koga Yuto,2,6,5,1,2,2,0,0,4,1,0,0,0,0,0,1,0,0,1,0.400,0.500,0.800,1.300,274,0.400,0.400,16.7%,0.0%,16.7%,1.00,2,<a href=https://npb.jp/bis/eng/teams/index_l.html>Seibu</a>,EL
,Koresawa Ryosuke,31,99,89,12,24,4,0,0,28,10,0,0,1,1,15,6,0,2,0,0.270,0.327,0.315,0.642,88,0.045,0.320,21.2%,15.2%,6.1%,0.40,2,<a href=https://npb.jp/bis/eng/teams/index_l.html>Seibu</a>,EL
,Kuriyama Takumi,28,98,83,9,19,4,0,1,26,10,0,0,0,1,11,13,0,1,5,0.229,0.337,0.313,0.650,91,0.084,0.250,25.5%,11.2%,13.3%,1.18,DH,<a href=https://npb.jp/bis/eng/teams/index_l.html>Seibu</a>,EL
,Makino Shoya,36,128,116,13,30,6,3,0,42,10,3,0,2,0,30,8,1,2,3,0.259,0.317,0.362,0.679,99,0.103,0.349,29.7%,23.4%,6.2%,0.27,2,<a href=https://npb.jp/bis/eng/teams/index_l.html>Seibu</a>,EL
,Matsubara Seiya,27,86,72,10,14,2,0,0,16,6,2,2,2,0,18,11,0,1,0,0.194,0.310,0.222,0.532,57,0.028,0.259,33.7%,20.9%,12.8%,0.61,9,<a href=https://npb.jp/bis/eng/teams/index_l.html>Seibu</a>,EL
,Miyamoto Joseph Ken,30,63,56,11,15,3,0,1,21,5,1,2,3,0,14,4,0,0,0,0.268,0.317,0.375,0.692,101,0.107,0.341,30.2%,22.2%,6.3%,0.29,4,<a href=https://npb.jp/bis/eng/teams/index_l.html>Seibu</a>,EL
,Motoyama Hiyu,56,205,177,20,45,8,1,2,61,15,7,2,10,2,26,15,0,1,4,0.254,0.313,0.345,0.658,92,0.091,0.285,21.0%,12.7%,7.3%,0.58,6,<a href=https://npb.jp/bis/eng/teams/index_l.html>Seibu</a>,EL
,Murata Reon,18,61,56,11,20,6,0,2,32,13,0,0,0,0,16,4,1,1,3,0.357,0.410,0.571,0.981,184,0.214,0.474,36.1%,26.2%,6.6%,0.25,3,<a href=https://npb.jp/bis/eng/teams/index_l.html>Seibu</a>,EL
,Nakamigawa Yuta,19,51,45,5,7,1,0,2,14,7,0,0,0,1,19,5,0,0,1,0.156,0.235,0.311,0.546,60,0.155,0.200,51.0%,37.3%,9.8%,0.26,DH,<a href=https://npb.jp/bis/eng/teams/index_l.html>Seibu</a>,EL
,Nakamura Takeya,10,30,26,3,3,0,0,1,6,2,0,0,0,0,6,4,0,0,2,0.115,0.233,0.231,0.464,37,0.116,0.105,36.7%,20.0%,13.3%,0.67,DH,<a href=https://npb.jp/bis/eng/teams/index_l.html>Seibu</a>,EL
,Nishikawa Manaya,15,63,58,7,14,2,1,1,21,10,1,1,0,0,2,5,1,0,1,0.241,0.302,0.362,0.664,94,0.121,0.236,12.7%,3.2%,7.9%,2.50,8,<a href=https://npb.jp/bis/eng/teams/index_l.html>Seibu</a>,EL
,Noda Kaito,8,26,24,2,6,0,0,0,6,1,0,0,0,0,6,2,0,0,2,0.250,0.308,0.250,0.558,64,0.000,0.333,30.8%,23.1%,7.7%,0.33,2,<a href=https://npb.jp/bis/eng/teams/index_l.html>Seibu</a>,EL
,Nomura Daiju,9,36,31,5,12,4,0,2,22,9,0,0,0,0,4,5,0,0,0,0.387,0.472,0.710,1.182,240,0.323,0.400,30.6%,11.1%,13.9%,1.25,UTL,<a href=https://npb.jp/bis/eng/teams/index_l.html>Seibu</a>,EL
,Nomura Kazuki,4,14,13,0,3,1,0,0,4,1,0,0,0,0,6,1,0,0,0,0.231,0.286,0.308,0.594,74,0.077,0.429,50.0%,42.9%,7.1%,0.17,5,<a href=https://npb.jp/bis/eng/teams/index_l.html>Seibu</a>,EL
,Okada Masatoshi,18,19,17,1,5,0,0,0,5,2,0,0,0,0,5,2,0,0,0,0.294,0.368,0.294,0.662,95,0.000,0.417,36.8%,26.3%,10.5%,0.40,2,<a href=https://npb.jp/bis/eng/teams/index_l.html>Seibu</a>,EL
,Okumura Koichi,30,113,99,17,24,2,3,2,38,9,13,1,1,3,10,10,0,0,2,0.242,0.304,0.384,0.688,100,0.142,0.244,19.5%,8.8%,8.8%,1.00,7,<a href=https://npb.jp/bis/eng/teams/index_l.html>Seibu</a>,EL
,Satoh Ryusei,11,41,38,4,8,0,0,1,11,3,0,0,0,0,8,3,0,0,2,0.211,0.268,0.289,0.557,63,0.078,0.241,29.3%,19.5%,7.3%,0.38,4,<a href=https://npb.jp/bis/eng/teams/index_l.html>Seibu</a>,EL
,Sumitani Ginjiro,1,3,3,1,1,0,0,0,1,0,0,0,0,0,0,0,0,0,0,0.333,0.333,0.333,0.666,95,0.000,0.333,0.0%,0.0%,0.0%,,2,<a href=https://npb.jp/bis/eng/teams/index_l.html>Seibu</a>,EL
,Suzuki Shohei,47,197,174,22,47,4,3,2,63,20,11,3,3,2,19,18,0,0,4,0.270,0.335,0.362,0.697,103,0.092,0.290,19.8%,9.6%,9.1%,0.95,7,<a href=https://npb.jp/bis/eng/teams/index_l.html>Seibu</a>,EL
,Takagi Wataru,63,243,214,18,55,7,0,7,83,30,0,1,1,2,35,24,0,2,4,0.257,0.335,0.388,0.723,111,0.131,0.276,27.2%,14.4%,9.9%,0.69,9,<a href=https://npb.jp/bis/eng/teams/index_l.html>Seibu</a>,EL
,Takamatsu Wataru,23,62,57,11,14,1,2,0,19,6,3,1,1,2,8,2,0,0,0,0.246,0.262,0.333,0.595,74,0.087,0.275,16.1%,12.9%,3.2%,0.25,3,<a href=https://npb.jp/bis/eng/teams/index_l.html>Seibu</a>,EL
,Takizawa Natsuo,38,154,129,16,31,1,1,0,34,15,7,3,6,3,18,16,0,0,1,0.240,0.318,0.264,0.582,72,0.024,0.272,22.1%,11.7%,10.4%,0.89,6,<a href=https://npb.jp/bis/eng/teams/index_l.html>Seibu</a>,EL
,Tonosaki Shuta,4,13,12,2,3,0,1,0,5,4,0,0,0,0,2,0,0,1,0,0.250,0.308,0.417,0.725,111,0.167,0.300,15.4%,15.4%,0.0%,0.00,4,<a href=https://npb.jp/bis/eng/teams/index_l.html>Seibu</a>,EL
,Tsuge Sena,23,83,79,1,15,1,0,1,19,8,0,0,1,0,6,3,0,0,2,0.190,0.220,0.241,0.461,36,0.051,0.194,12.0%,7.2%,3.6%,0.50,2,<a href=https://npb.jp/bis/eng/teams/index_l.html>Seibu</a>,EL
,Tysinger Brandon Taiga,9,37,35,6,10,3,0,3,22,4,0,0,0,0,7,2,0,0,1,0.286,0.324,0.629,0.953,174,0.343,0.280,32.4%,18.9%,5.4%,0.29,5,<a href=https://npb.jp/bis/eng/teams/index_l.html>Seibu</a>,EL
,Wakabayashi Gakuto,17,71,65,7,21,4,0,1,28,9,2,0,0,1,9,5,0,0,2,0.323,0.366,0.431,0.797,132,0.108,0.357,21.1%,12.7%,7.0%,0.56,4,<a href=https://npb.jp/bis/eng/teams/index_l.html>Seibu</a>,EL
,Watanabe Kento,98,383,320,43,79,22,1,11,136,48,5,1,0,4,81,48,0,11,8,0.247,0.360,0.425,0.785,128,0.178,0.293,36.6%,21.1%,12.5%,0.59,5,<a href=https://npb.jp/bis/eng/teams/index_l.html>Seibu</a>,EL
,Yamamura Takayoshi,39,156,141,13,34,2,2,0,40,6,2,0,1,1,19,11,1,2,3,0.241,0.303,0.284,0.587,73,0.043,0.276,19.2%,12.2%,7.1%,0.58,UTL,<a href=https://npb.jp/bis/eng/teams/index_l.html>Seibu</a>,EL
,Yamanobe Kakeru,34,128,107,14,29,6,0,0,35,9,8,4,3,0,17,15,0,3,2,0.271,0.376,0.327,0.703,106,0.056,0.322,25.0%,13.3%,11.7%,0.88,4,<a href=https://npb.jp/bis/eng/teams/index_l.html>Seibu</a>,EL
,Yohkawa Naomasa,74,269,227,33,45,8,0,2,59,33,0,0,0,1,54,38,0,3,2,0.198,0.320,0.260,0.580,71,0.062,0.250,34.9%,20.1%,14.1%,0.70,3,<a href=https://npb.jp/bis/eng/teams/index_l.html>Seibu</a>,EL
,Abe Kazuhiro,44,61,57,5,7,2,0,0,9,6,2,2,0,0,28,3,0,1,1,0.123,0.180,0.158,0.338,1,0.035,0.241,50.8%,45.9%,4.9%,0.11,8,<a href=https://npb.jp/bis/eng/teams/index_f.html>Nipponham</a>,EL
,Arizono Naoki,104,419,376,45,87,16,0,9,130,40,1,1,0,5,92,30,0,8,9,0.231,0.298,0.346,0.644,88,0.115,0.279,31.3%,22.0%,7.2%,0.33,5,<a href=https://npb.jp/bis/eng/teams/index_f.html>Nipponham</a>,EL
,Asama Daiki,22,77,70,11,18,2,3,2,32,7,2,4,0,0,17,6,0,1,1,0.257,0.325,0.457,0.782,127,0.200,0.314,32.5%,22.1%,7.8%,0.35,8,<a href=https://npb.jp/bis/eng/teams/index_f.html>Nipponham</a>,EL
,Egoshi Taiga,48,72,60,16,13,2,0,3,24,7,1,0,2,0,23,7,0,3,0,0.217,0.329,0.400,0.729,111,0.183,0.294,45.8%,31.9%,9.7%,0.30,8,<a href=https://npb.jp/bis/eng/teams/index_f.html>Nipponham</a>,EL
,Fujita Taisei,41,102,92,9,17,2,1,0,21,7,0,0,1,2,25,6,0,1,1,0.185,0.238,0.228,0.466,37,0.043,0.246,30.4%,24.5%,5.9%,0.24,9,<a href=https://npb.jp/bis/eng/teams/index_f.html>Nipponham</a>,EL
,Fukuda Koki,73,171,146,18,26,5,0,3,40,19,0,0,5,1,31,18,0,1,4,0.178,0.271,0.274,0.545,60,0.096,0.204,30.4%,18.1%,10.5%,0.58,UTL,<a href=https://npb.jp/bis/eng/teams/index_f.html>Nipponham</a>,EL
,Furukawa Yudai,76,210,189,22,42,9,2,4,67,24,0,1,1,2,47,18,0,0,1,0.222,0.287,0.354,0.641,87,0.132,0.271,32.9%,22.4%,8.6%,0.38,4,<a href=https://npb.jp/bis/eng/teams/index_f.html>Nipponham</a>,EL
,Fushimi Torai,5,17,17,1,5,1,0,1,9,3,0,0,0,0,5,0,0,0,1,0.294,0.294,0.529,0.823,137,0.235,0.364,35.3%,29.4%,0.0%,0.00,2,<a href=https://npb.jp/bis/eng/teams/index_f.html>Nipponham</a>,EL
,Hamada Taiki,46,148,136,9,20,4,0,0,24,5,1,1,1,0,56,11,0,0,1,0.147,0.211,0.176,0.387,15,0.029,0.250,45.3%,37.8%,7.4%,0.20,6,<a href=https://npb.jp/bis/eng/teams/index_f.html>Nipponham</a>,EL
,Hirata Daiju,38,111,110,10,18,2,2,2,30,6,1,0,0,0,31,1,0,0,3,0.164,0.171,0.273,0.444,30,0.109,0.208,30.6%,27.9%,0.9%,0.03,9,<a href=https://npb.jp/bis/eng/teams/index_f.html>Nipponham</a>,EL
,Hoshino Hinode,32,87,82,7,10,3,0,1,16,2,0,1,1,0,40,4,0,0,1,0.122,0.163,0.195,0.358,7,0.073,0.220,51.7%,46.0%,4.6%,0.10,9,<a href=https://npb.jp/bis/eng/teams/index_f.html>Nipponham</a>,EL
,Hosokawa Ryohei,38,147,113,23,37,4,3,3,56,15,10,4,6,2,18,24,0,2,2,0.327,0.447,0.496,0.943,173,0.169,0.362,30.6%,12.2%,16.3%,1.33,6,<a href=https://npb.jp/bis/eng/teams/index_f.html>Nipponham</a>,EL
,Imagawa Yuma,79,202,175,24,48,11,0,8,83,41,2,2,2,2,43,13,0,10,1,0.274,0.355,0.474,0.829,140,0.200,0.317,31.7%,21.3%,6.4%,0.30,8,<a href=https://npb.jp/bis/eng/teams/index_f.html>Nipponham</a>,EL
,Ishii Kazunari,22,80,76,11,21,5,0,2,32,10,0,1,0,0,13,4,0,0,0,0.276,0.313,0.421,0.734,113,0.145,0.311,23.8%,16.2%,5.0%,0.31,UTL,<a href=https://npb.jp/bis/eng/teams/index_f.html>Nipponham</a>,EL
,Isobata Ryota,1,3,3,1,2,1,0,0,3,0,0,0,0,0,0,0,0,0,0,0.667,0.667,1.000,1.667,376,0.333,0.667,0.0%,0.0%,0.0%,,8,<a href=https://npb.jp/bis/eng/teams/index_f.html>Nipponham</a>,EL
,Kamikawabata Daigo,12,41,35,6,12,3,1,0,17,3,2,0,1,0,4,4,0,1,0,0.343,0.425,0.486,0.911,164,0.143,0.387,19.5%,9.8%,9.8%,1.00,6,<a href=https://npb.jp/bis/eng/teams/index_f.html>Nipponham</a>,EL
,Katoh Gosuke,48,167,152,14,41,8,1,4,63,14,0,0,0,0,17,13,0,2,1,0.270,0.335,0.414,0.749,117,0.144,0.282,20.4%,10.2%,7.8%,0.76,4,<a href=https://npb.jp/bis/eng/teams/index_f.html>Nipponham</a>,EL
,Kiyomiya Kotaro,35,145,124,19,36,11,0,4,59,16,1,0,0,2,18,17,0,2,5,0.290,0.379,0.476,0.855,148,0.186,0.308,26.9%,12.4%,11.7%,0.94,5,<a href=https://npb.jp/bis/eng/teams/index_f.html>Nipponham</a>,EL
,Matsumoto Go,4,13,12,2,6,3,0,0,9,3,0,0,0,0,1,1,0,0,0,0.500,0.538,0.750,1.288,270,0.250,0.545,15.4%,7.7%,7.7%,1.00,DH,<a href=https://npb.jp/bis/eng/teams/index_f.html>Nipponham</a>,EL
,Miyazaki Kazuki,73,240,218,28,53,13,0,2,72,17,10,0,4,3,52,14,0,1,0,0.243,0.288,0.330,0.618,80,0.087,0.305,28.3%,21.7%,5.8%,0.27,8,<a href=https://npb.jp/bis/eng/teams/index_f.html>Nipponham</a>,EL
,Mizuno Tatsuki,6,18,18,1,7,1,0,0,8,2,0,1,0,0,4,0,0,0,0,0.389,0.389,0.444,0.833,142,0.055,0.500,22.2%,22.2%,0.0%,0.00,6,<a href=https://npb.jp/bis/eng/teams/index_f.html>Nipponham</a>,EL
,Mizutani Shun,32,121,106,16,30,9,0,8,63,23,1,0,0,5,20,9,0,1,0,0.283,0.331,0.594,0.925,166,0.311,0.265,30.6%,16.5%,7.4%,0.45,7,<a href=https://npb.jp/bis/eng/teams/index_f.html>Nipponham</a>,EL
,Myose Ryosuke,47,158,147,12,25,7,0,2,38,10,0,0,0,1,47,7,0,3,2,0.170,0.222,0.259,0.481,42,0.089,0.232,35.4%,29.7%,4.4%,0.15,4,<a href=https://npb.jp/bis/eng/teams/index_f.html>Nipponham</a>,EL
,Nakashima Takuya,21,60,46,11,12,0,0,0,12,4,6,1,3,1,7,10,0,0,1,0.261,0.386,0.261,0.647,90,0.000,0.300,28.3%,11.7%,16.7%,1.43,6,<a href=https://npb.jp/bis/eng/teams/index_f.html>Nipponham</a>,EL
,Narama Taiki,18,73,64,6,16,1,0,2,23,9,0,2,1,1,13,5,0,2,2,0.250,0.319,0.359,0.678,97,0.109,0.280,27.4%,17.8%,6.8%,0.38,4,<a href=https://npb.jp/bis/eng/teams/index_f.html>Nipponham</a>,EL
,Nomura Yuki,50,205,186,38,65,14,2,14,125,57,2,0,1,4,24,11,3,3,4,0.349,0.387,0.672,1.059,204,0.323,0.336,23.9%,11.7%,5.4%,0.46,UTL,<a href=https://npb.jp/bis/eng/teams/index_f.html>Nipponham</a>,EL
,Reyes Franmil,17,58,53,7,18,5,0,4,35,9,0,0,0,0,13,5,0,0,0,0.340,0.397,0.660,1.057,204,0.320,0.389,37.9%,22.4%,8.6%,0.38,DH,<a href=https://npb.jp/bis/eng/teams/index_f.html>Nipponham</a>,EL
,Sakaguchi Uta,101,385,347,48,68,12,3,11,119,41,7,1,1,3,120,32,0,2,7,0.196,0.266,0.343,0.609,77,0.147,0.260,42.3%,31.2%,8.3%,0.27,3,<a href=https://npb.jp/bis/eng/teams/index_f.html>Nipponham</a>,EL
,Shimizu Yushi,61,230,193,22,56,15,0,4,83,27,0,0,5,0,33,31,0,1,2,0.290,0.391,0.430,0.821,138,0.140,0.333,29.6%,14.3%,13.5%,0.94,2,<a href=https://npb.jp/bis/eng/teams/index_f.html>Nipponham</a>,EL
,Shinto Yuya,60,208,179,20,39,9,1,4,62,12,0,1,5,0,48,21,0,3,3,0.218,0.310,0.346,0.656,91,0.128,0.276,35.1%,23.1%,10.1%,0.44,2,<a href=https://npb.jp/bis/eng/teams/index_f.html>Nipponham</a>,EL
,Stevenson Andrew,51,173,150,23,49,11,0,3,69,26,9,1,1,4,19,11,0,7,2,0.327,0.390,0.460,0.850,147,0.133,0.348,19.1%,11.0%,6.4%,0.58,8,<a href=https://npb.jp/bis/eng/teams/index_f.html>Nipponham</a>,EL
,Umebayashi Yuki,47,128,115,19,37,7,0,3,53,12,0,1,2,1,24,8,0,2,1,0.322,0.373,0.461,0.834,142,0.139,0.382,27.3%,18.8%,6.2%,0.33,2,<a href=https://npb.jp/bis/eng/teams/index_f.html>Nipponham</a>,EL
,Wakabayashi Akihiro,15,37,31,4,9,2,0,0,11,4,0,0,0,1,7,4,0,1,1,0.290,0.378,0.355,0.733,113,0.065,0.360,29.7%,18.9%,10.8%,0.57,4,<a href=https://npb.jp/bis/eng/teams/index_f.html>Nipponham</a>,EL
,Yamaguchi Ataru,35,101,89,11,22,6,0,4,40,9,0,2,0,3,23,7,0,2,0,0.247,0.307,0.449,0.756,119,0.202,0.277,33.7%,22.8%,6.9%,0.30,9,<a href=https://npb.jp/bis/eng/teams/index_f.html>Nipponham</a>,EL
,Yazawa Kota,46,114,104,11,28,2,1,2,38,9,8,4,1,0,18,8,0,1,1,0.269,0.327,0.365,0.692,102,0.096,0.310,24.6%,15.8%,7.0%,0.44,TWP,<a href=https://npb.jp/bis/eng/teams/index_f.html>Nipponham</a>,EL
,Banzai Tamon,25,39,35,1,4,0,0,0,4,1,1,1,0,0,8,3,0,1,1,0.114,0.205,0.114,0.319,-4,0.000,0.148,28.2%,20.5%,7.7%,0.38,5,Oisix,EL
,Chinen Taisei,111,433,399,46,129,19,6,4,172,39,12,11,5,3,36,23,1,3,7,0.323,0.362,0.431,0.793,151,0.108,0.345,14.5%,8.3%,5.3%,0.64,8,Oisix,EL
,Fujiwara Daichi,116,371,326,50,85,9,2,2,104,23,7,2,6,2,57,33,0,4,3,0.261,0.334,0.319,0.653,105,0.058,0.309,24.8%,15.4%,8.9%,0.58,9,Oisix,EL
,Higa Tenyu,48,82,74,11,14,3,0,1,20,2,1,0,0,0,15,4,0,4,0,0.189,0.268,0.270,0.538,67,0.081,0.224,24.4%,18.3%,4.9%,0.27,9,Oisix,EL
,Inaba Hiroki,31,45,37,0,8,0,0,0,8,2,0,0,0,1,4,6,0,1,3,0.216,0.333,0.216,0.549,72,0.000,0.235,22.2%,8.9%,13.3%,1.50,DH,Oisix,EL
,Katano Yu,72,152,147,5,25,4,0,1,32,13,0,0,0,1,53,3,0,1,3,0.170,0.191,0.218,0.409,24,0.048,0.255,37.5%,34.9%,2.0%,0.06,2,Oisix,EL
,Katayama Yu,78,182,164,13,36,4,0,1,43,9,0,0,6,1,29,11,0,0,3,0.220,0.267,0.262,0.529,64,0.042,0.259,22.5%,15.9%,6.0%,0.38,2,Oisix,EL
,Koike Tomoya,112,406,361,36,97,15,2,4,128,35,1,3,0,6,57,36,0,3,12,0.269,0.335,0.355,0.690,117,0.086,0.304,23.9%,14.0%,8.9%,0.63,7,Oisix,EL
,Konishi Keiji,105,336,295,24,66,15,0,3,90,24,2,1,8,1,80,26,0,6,6,0.224,0.299,0.305,0.604,90,0.081,0.296,32.4%,23.8%,7.7%,0.32,5,Oisix,EL
,Kumakura Ryo,12,28,23,0,4,0,0,0,4,0,0,0,1,0,5,3,0,1,1,0.174,0.296,0.174,0.470,46,0.000,0.222,28.6%,17.9%,10.7%,0.60,3,Oisix,EL
,Matsuo Syoujiro,25,37,33,7,6,2,0,1,11,6,0,1,0,0,8,3,0,1,2,0.182,0.270,0.333,0.603,88,0.151,0.208,32.4%,21.6%,8.1%,0.38,8,Oisix,EL
,Miyazaki Tento,36,98,83,6,17,2,0,0,19,8,0,1,2,1,17,11,0,1,3,0.205,0.302,0.229,0.531,66,0.024,0.254,28.6%,17.3%,11.2%,0.65,4,Oisix,EL
,Nagasawa Renji,70,150,131,4,23,3,0,0,26,7,0,1,5,0,22,14,0,0,1,0.176,0.255,0.198,0.453,40,0.022,0.211,24.0%,14.7%,9.3%,0.64,6,Oisix,EL
,Nakayama Shota,95,325,286,31,68,17,2,2,95,34,0,4,0,6,52,24,0,9,5,0.238,0.311,0.332,0.643,102,0.094,0.277,24.0%,16.0%,7.4%,0.46,3,Oisix,EL
,Satoh Takumi,59,148,139,9,25,4,0,5,44,14,0,0,0,1,50,6,0,2,0,0.180,0.223,0.317,0.540,67,0.137,0.235,41.2%,33.8%,4.1%,0.12,3,Oisix,EL
,Shimazaki Taichi,44,81,69,4,13,0,0,0,13,6,0,0,8,0,21,4,0,0,1,0.188,0.233,0.188,0.421,29,0.000,0.271,30.9%,25.9%,4.9%,0.19,2,Oisix,EL
,Shinoda Taisei,97,217,192,23,47,2,4,2,63,22,2,2,0,2,52,22,0,1,2,0.245,0.323,0.328,0.651,105,0.083,0.321,35.0%,24.0%,10.1%,0.42,7,Oisix,EL
,Sonobe Keita,84,322,303,23,80,17,2,3,110,37,1,3,2,0,64,17,0,0,11,0.264,0.303,0.363,0.666,109,0.099,0.326,26.1%,19.9%,5.3%,0.27,4,Oisix,EL
,Taka Yoshihiro,107,278,240,36,50,13,3,1,72,23,6,3,12,2,55,17,0,7,7,0.208,0.278,0.300,0.578,81,0.092,0.263,26.3%,19.8%,6.1%,0.31,6,Oisix,EL
,Takayama Shun,97,352,312,26,88,15,0,3,112,35,0,0,0,3,43,33,0,4,15,0.282,0.355,0.359,0.714,126,0.077,0.316,22.4%,12.2%,9.4%,0.77,DH,Oisix,EL
,Tanaka Shunta,108,398,340,29,88,13,0,1,104,25,9,4,3,2,64,50,0,3,7,0.259,0.357,0.306,0.663,109,0.047,0.314,28.9%,16.1%,12.6%,0.78,UTL,Oisix,EL
,Yamada Ryusei,6,3,3,0,0,0,0,0,0,0,0,0,0,0,3,0,0,0,0,0.000,0.000,0.000,0.000,-110,0.000,,100.0%,100.0%,0.0%,0.00,TWP,Oisix,EL
,Yoh Daikan,72,215,181,15,42,9,0,1,54,13,0,0,0,0,51,29,0,5,10,0.232,0.353,0.298,0.651,105,0.066,0.318,37.7%,23.7%,13.5%,0.57,DH,Oisix,EL
,Fukakusa Yuhya,45,121,103,6,18,4,0,0,22,10,1,1,4,2,13,10,0,2,2,0.175,0.256,0.214,0.470,40,0.039,0.196,19.0%,10.7%,8.3%,0.77,2,HAYATE,WL
,Fukatani Riki,71,190,172,9,39,4,1,1,48,13,0,0,3,0,19,14,0,1,5,0.227,0.289,0.279,0.568,68,0.052,0.250,17.9%,10.0%,7.4%,0.74,2,HAYATE,WL
,Fukuda Shuhei,58,185,156,11,27,4,1,0,33,15,6,1,0,4,38,23,0,2,0,0.173,0.281,0.212,0.493,46,0.039,0.221,33.0%,20.5%,12.4%,0.61,DH,HAYATE,WL
,Gibo Yuh,83,223,205,22,39,4,1,1,48,11,10,3,0,1,34,15,0,2,8,0.190,0.251,0.234,0.485,43,0.044,0.222,22.4%,15.2%,6.7%,0.44,UTL,HAYATE,WL
,Hirayu Kohki,76,182,160,11,39,5,0,0,44,8,2,4,4,1,34,13,0,4,5,0.244,0.315,0.275,0.590,74,0.031,0.307,25.8%,18.7%,7.1%,0.38,9,HAYATE,WL
,Itani Shoma,38,92,82,13,15,4,1,0,21,3,0,0,2,0,18,7,0,1,4,0.183,0.256,0.256,0.512,51,0.073,0.234,27.2%,19.6%,7.6%,0.39,2,HAYATE,WL
,Kitsubae Ryusei,55,107,95,6,16,1,0,1,20,5,0,1,1,0,34,10,0,1,0,0.168,0.255,0.211,0.466,39,0.043,0.250,42.1%,31.8%,9.3%,0.29,DH,HAYATE,WL
,Kuramoto Toshihiko,65,189,175,9,61,7,0,0,68,25,1,3,1,2,15,9,0,2,5,0.349,0.383,0.389,0.772,127,0.040,0.377,12.7%,7.9%,4.8%,0.60,5,HAYATE,WL
,Kusaba Yu,49,79,76,2,13,2,0,0,15,3,1,1,0,1,18,1,0,1,1,0.171,0.190,0.197,0.387,15,0.026,0.220,24.1%,22.8%,1.3%,0.06,2,HAYATE,WL
,Masuda Shoma,104,378,343,41,102,7,4,0,117,26,31,17,6,1,54,26,0,2,3,0.297,0.349,0.341,0.690,102,0.044,0.352,21.2%,14.3%,6.9%,0.48,8,HAYATE,WL
,Nakamura Raiya,102,354,320,32,69,13,2,4,98,34,1,0,6,2,85,23,0,3,6,0.216,0.273,0.306,0.579,71,0.090,0.279,31.6%,24.0%,6.5%,0.27,6,HAYATE,WL
,Nishikawa Ryosuke,105,352,320,23,71,21,2,7,117,33,0,2,1,1,73,29,0,1,7,0.222,0.288,0.366,0.654,92,0.144,0.266,31.0%,20.7%,8.2%,0.40,7,HAYATE,WL
,Orishita Kohki,78,202,182,13,34,8,0,3,51,18,0,1,2,3,60,11,0,4,7,0.187,0.245,0.280,0.525,55,0.093,0.254,36.6%,29.7%,5.4%,0.18,UTL,HAYATE,WL
,Oyama Joichiro,33,122,100,12,22,4,0,0,26,5,3,3,0,2,21,16,0,4,0,0.220,0.344,0.260,0.604,78,0.040,0.272,30.3%,17.2%,13.1%,0.76,4,HAYATE,WL
,Sei Hiroki,92,240,191,30,39,6,0,0,45,10,16,7,8,0,52,41,0,0,3,0.204,0.345,0.236,0.581,72,0.032,0.281,38.8%,21.7%,17.1%,0.79,4,HAYATE,WL
,Shinohara Reo,94,232,205,23,56,11,1,0,69,20,7,5,9,0,43,17,0,1,2,0.273,0.332,0.337,0.669,97,0.064,0.346,25.9%,18.5%,7.3%,0.40,8,HAYATE,WL
,Takahashi Shun,78,190,174,11,35,9,0,1,47,6,0,1,2,0,28,13,0,1,7,0.201,0.261,0.270,0.531,57,0.069,0.234,22.1%,14.7%,6.8%,0.46,3,HAYATE,WL
,Tanigawa Yuito,10,23,20,0,4,0,0,0,4,0,0,1,1,0,7,2,0,0,1,0.200,0.273,0.200,0.473,41,0.000,0.308,39.1%,30.4%,8.7%,0.29,2,HAYATE,WL
,Tomiyama Daiki,91,198,183,17,33,4,0,1,40,3,4,4,3,0,46,11,0,1,5,0.180,0.231,0.219,0.450,34,0.039,0.235,29.3%,23.2%,5.6%,0.24,9,HAYATE,WL
,Vasquez Braulio,101,356,328,31,86,12,1,0,100,31,15,11,3,2,66,18,0,5,8,0.262,0.309,0.305,0.614,81,0.043,0.326,23.6%,18.5%,5.1%,0.27,5,HAYATE,WL
,Vasquez Yerinson,92,284,267,11,57,9,2,1,73,23,4,6,0,3,74,11,0,3,6,0.213,0.250,0.273,0.523,54,0.060,0.287,30.3%,26.1%,3.9%,0.15,7,HAYATE,WL
