Rank,Player,G,PA,AB,R,H,2B,3B,HR,TB,RBI,SB,CS,SH,SF,SO,BB,IBB,HP,GDP,AVG,OBP,SLG,OPS,OPS+,ISO,BABIP,TTO%,K%,BB%,BB/K,Pos,Team,League
,Aoyagi Koyo,12,18,12,0,0,0,0,0,0,2,0,0,4,1,5,1,0,0,0,0.000,0.071,0.000,0.071,-79,0.000,0.000,33.3%,27.8%,5.6%,0.20,1,<a href=https://npb.jp/bis/eng/teams/index_t.html>Hanshin</a>,CL
,Beasley Jeremy,14,23,21,2,0,0,0,0,0,0,0,0,1,0,11,1,0,0,0,0.000,0.045,0.000,0.045,-88,0.000,0.000,52.2%,47.8%,4.3%,0.09,1,<a href=https://npb.jp/bis/eng/teams/index_t.html>Hanshin</a>,CL
,Chikamoto Koji,141,639,562,71,160,16,5,6,204,45,19,9,0,4,93,68,5,5,7,0.285,0.365,0.363,0.728,130,0.078,0.330,26.1%,14.6%,10.6%,0.73,8,<a href=https://npb.jp/bis/eng/teams/index_t.html>Hanshin</a>,CL
,Haraguchi Fumihito,52,65,58,5,14,1,0,2,21,9,1,0,0,0,14,5,0,2,0,0.241,0.323,0.362,0.685,115,0.121,0.286,32.3%,21.5%,7.7%,0.36,3,<a href=https://npb.jp/bis/eng/teams/index_t.html>Hanshin</a>,CL
,Inoue Kouta,23,55,52,5,11,2,0,3,22,8,1,1,0,0,20,3,0,0,0,0.212,0.255,0.423,0.678,110,0.211,0.276,47.3%,36.4%,5.5%,0.15,7,<a href=https://npb.jp/bis/eng/teams/index_t.html>Hanshin</a>,CL
,Itoh Masashi,18,22,18,2,1,0,0,0,1,0,0,0,4,0,11,0,0,0,0,0.056,0.056,0.056,0.112,-67,0.000,0.143,50.0%,50.0%,0.0%,0.00,1,<a href=https://npb.jp/bis/eng/teams/index_t.html>Hanshin</a>,CL
,Itohara Kento,89,128,111,8,24,2,0,0,26,9,0,0,0,1,20,15,0,1,3,0.216,0.313,0.234,0.547,73,0.018,0.261,27.3%,15.6%,11.7%,0.75,5,<a href=https://npb.jp/bis/eng/teams/index_t.html>Hanshin</a>,CL
,Kinami Seiya,116,409,359,27,77,13,1,1,95,35,1,0,13,1,64,32,4,4,17,0.214,0.285,0.265,0.550,73,0.051,0.258,23.7%,15.6%,7.8%,0.50,6,<a href=https://npb.jp/bis/eng/teams/index_t.html>Hanshin</a>,CL
,Kumagai Takahiro,32,9,8,2,1,0,0,0,1,0,1,1,1,0,2,0,0,0,0,0.125,0.125,0.125,0.250,-23,0.000,0.167,22.2%,22.2%,0.0%,0.00,5,<a href=https://npb.jp/bis/eng/teams/index_t.html>Hanshin</a>,CL
,Maegawa Ukyo,116,362,324,25,87,16,0,4,115,42,0,0,0,1,50,27,0,10,7,0.269,0.343,0.355,0.698,120,0.086,0.306,22.4%,13.8%,7.5%,0.54,7,<a href=https://npb.jp/bis/eng/teams/index_t.html>Hanshin</a>,CL
,Mieses Johan,14,19,18,1,2,0,0,0,2,0,0,0,0,0,5,1,0,0,1,0.111,0.158,0.111,0.269,-16,0.000,0.154,31.6%,26.3%,5.3%,0.20,DH,<a href=https://npb.jp/bis/eng/teams/index_t.html>Hanshin</a>,CL
,Mombetsu Keito,5,2,2,0,0,0,0,0,0,0,0,0,0,0,1,0,0,0,0,0.000,0.000,0.000,0.000,-103,0.000,0.000,50.0%,50.0%,0.0%,0.00,1,<a href=https://npb.jp/bis/eng/teams/index_t.html>Hanshin</a>,CL
,Morishita Shota,129,526,458,64,126,24,2,16,202,73,0,2,0,3,78,53,1,12,13,0.275,0.363,0.441,0.804,153,0.166,0.300,27.9%,14.8%,10.1%,0.68,9,<a href=https://npb.jp/bis/eng/teams/index_t.html>Hanshin</a>,CL
,Murakami Shoki,25,48,44,0,5,0,0,0,5,3,0,0,3,0,24,1,0,0,0,0.114,0.133,0.114,0.247,-24,0.000,0.250,52.1%,50.0%,2.1%,0.04,1,<a href=https://npb.jp/bis/eng/teams/index_t.html>Hanshin</a>,CL
,Nagasaka Kenya,5,4,3,0,0,0,0,0,0,0,0,0,1,0,2,0,0,0,0,0.000,0.000,0.000,0.000,-103,0.000,0.000,50.0%,50.0%,0.0%,0.00,2,<a href=https://npb.jp/bis/eng/teams/index_t.html>Hanshin</a>,CL
,Nakano Takumu,143,634,547,63,127,20,2,1,154,32,6,7,35,1,97,46,0,5,10,0.232,0.297,0.282,0.579,82,0.050,0.280,22.7%,15.3%,7.3%,0.47,4,<a href=https://npb.jp/bis/eng/teams/index_t.html>Hanshin</a>,CL
,Neuse Sheldon,49,149,134,8,31,5,0,1,39,8,1,0,0,1,16,14,1,0,9,0.231,0.302,0.291,0.593,87,0.060,0.254,20.8%,10.7%,9.4%,0.88,7,<a href=https://npb.jp/bis/eng/teams/index_t.html>Hanshin</a>,CL
,Nishi Yuki,21,39,38,1,7,1,0,0,8,4,0,0,1,0,13,0,0,0,0,0.184,0.184,0.211,0.395,23,0.027,0.280,33.3%,33.3%,0.0%,0.00,1,<a href=https://npb.jp/bis/eng/teams/index_t.html>Hanshin</a>,CL
,Noguchi Kyosuke,26,61,53,6,10,0,0,0,10,5,0,0,0,1,12,5,0,2,1,0.189,0.279,0.189,0.468,48,0.000,0.238,27.9%,19.7%,8.2%,0.42,9,<a href=https://npb.jp/bis/eng/teams/index_t.html>Hanshin</a>,CL
,Obata Ryuhei,50,135,116,12,28,3,1,1,36,9,2,3,7,0,27,12,1,0,1,0.241,0.313,0.310,0.623,96,0.069,0.307,29.6%,20.0%,8.9%,0.44,6,<a href=https://npb.jp/bis/eng/teams/index_t.html>Hanshin</a>,CL
,Ohtake Koutaro,24,51,46,2,8,1,0,0,9,3,0,0,5,0,22,0,0,0,2,0.174,0.174,0.196,0.370,14,0.022,0.333,43.1%,43.1%,0.0%,0.00,1,<a href=https://npb.jp/bis/eng/teams/index_t.html>Hanshin</a>,CL
,Ohyama Yusuke,130,545,483,63,125,18,0,14,185,68,0,4,0,3,88,52,3,7,19,0.259,0.338,0.383,0.721,127,0.124,0.289,28.3%,16.1%,9.5%,0.59,3,<a href=https://npb.jp/bis/eng/teams/index_t.html>Hanshin</a>,CL
,Onodera Dan,25,29,27,3,4,0,1,0,6,0,0,0,1,0,10,0,0,1,0,0.148,0.179,0.222,0.401,25,0.074,0.235,34.5%,34.5%,0.0%,0.00,7,<a href=https://npb.jp/bis/eng/teams/index_t.html>Hanshin</a>,CL
,Oyokawa Masaki,9,6,6,0,3,0,0,0,3,1,0,0,0,0,0,0,0,0,0,0.500,0.500,0.500,1.000,216,0.000,0.500,0.0%,0.0%,0.0%,,1,<a href=https://npb.jp/bis/eng/teams/index_t.html>Hanshin</a>,CL
,Saiki Hiroto,25,52,40,1,3,1,0,0,4,1,0,0,7,0,25,5,0,0,1,0.075,0.178,0.100,0.278,-12,0.025,0.200,57.7%,48.1%,9.6%,0.20,1,<a href=https://npb.jp/bis/eng/teams/index_t.html>Hanshin</a>,CL
,Sakamoto Seishiro,64,218,193,11,43,3,0,0,46,12,0,0,10,1,38,12,0,2,6,0.223,0.274,0.238,0.512,61,0.015,0.276,22.9%,17.4%,5.5%,0.32,2,<a href=https://npb.jp/bis/eng/teams/index_t.html>Hanshin</a>,CL
,Sato Teruaki,120,496,451,58,121,21,4,16,198,70,0,2,0,4,133,36,2,5,11,0.268,0.327,0.439,0.766,139,0.171,0.343,37.3%,26.8%,7.3%,0.27,5,<a href=https://npb.jp/bis/eng/teams/index_t.html>Hanshin</a>,CL
,Shimada Kairi,62,94,80,8,22,2,0,0,24,2,5,3,3,0,16,10,0,1,2,0.275,0.363,0.300,0.663,110,0.025,0.344,27.7%,17.0%,10.6%,0.62,7,<a href=https://npb.jp/bis/eng/teams/index_t.html>Hanshin</a>,CL
,Takahashi Haruto,5,12,9,0,2,0,0,0,2,0,0,0,2,0,5,1,0,0,0,0.222,0.300,0.222,0.522,65,0.000,0.500,50.0%,41.7%,8.3%,0.20,1,<a href=https://npb.jp/bis/eng/teams/index_t.html>Hanshin</a>,CL
,Toyoda Hiroshi,11,19,19,1,4,1,0,0,5,0,0,0,0,0,5,0,0,0,2,0.211,0.211,0.263,0.474,47,0.052,0.286,26.3%,26.3%,0.0%,0.00,9,<a href=https://npb.jp/bis/eng/teams/index_t.html>Hanshin</a>,CL
,Ueda Kai,59,11,11,11,3,0,1,0,5,3,4,1,0,0,3,0,0,0,0,0.273,0.273,0.455,0.728,126,0.182,0.375,27.3%,27.3%,0.0%,0.00,7,<a href=https://npb.jp/bis/eng/teams/index_t.html>Hanshin</a>,CL
,Umeno Ryutaro,95,318,268,18,56,9,0,0,65,15,0,1,17,2,84,30,3,1,6,0.209,0.289,0.243,0.532,68,0.034,0.301,35.8%,26.4%,9.4%,0.36,2,<a href=https://npb.jp/bis/eng/teams/index_t.html>Hanshin</a>,CL
,Watanabe Ryo,67,137,123,7,32,5,0,2,43,11,0,1,0,2,34,11,0,1,2,0.260,0.321,0.350,0.671,111,0.090,0.337,34.3%,24.8%,8.0%,0.32,5,<a href=https://npb.jp/bis/eng/teams/index_t.html>Hanshin</a>,CL
,Aduwa Makoto,20,32,29,1,1,0,0,0,1,0,0,0,3,0,14,0,0,0,0,0.034,0.034,0.034,0.068,-78,0.000,0.067,43.8%,43.8%,0.0%,0.00,1,<a href=https://npb.jp/bis/eng/teams/index_c.html>Hiroshima</a>,CL
,Aizawa Tsubasa,57,159,150,9,28,6,0,0,34,13,0,0,0,0,43,7,1,2,6,0.187,0.233,0.227,0.460,43,0.040,0.262,31.4%,27.0%,4.4%,0.16,2,<a href=https://npb.jp/bis/eng/teams/index_c.html>Hiroshima</a>,CL
,Akiyama Shogo,138,587,547,60,158,20,1,4,192,30,6,5,2,4,96,29,3,5,6,0.289,0.328,0.351,0.679,109,0.062,0.341,22.0%,16.4%,4.9%,0.30,8,<a href=https://npb.jp/bis/eng/teams/index_c.html>Hiroshima</a>,CL
,Dohbayashi Shota,87,273,244,15,56,13,0,1,72,17,0,2,9,3,67,16,0,1,4,0.230,0.277,0.295,0.572,76,0.065,0.307,30.8%,24.5%,5.9%,0.24,3,<a href=https://npb.jp/bis/eng/teams/index_c.html>Hiroshima</a>,CL
,Futamata Shoichi,80,122,107,7,21,4,0,1,28,7,1,0,6,0,26,8,0,1,3,0.196,0.259,0.262,0.521,60,0.066,0.250,28.7%,21.3%,6.6%,0.31,UTL,<a href=https://npb.jp/bis/eng/teams/index_c.html>Hiroshima</a>,CL
,Hatch Thomas,5,7,6,1,1,0,0,0,1,1,0,0,1,0,4,0,0,0,0,0.167,0.167,0.167,0.334,4,0.000,0.500,57.1%,57.1%,0.0%,0.00,1,<a href=https://npb.jp/bis/eng/teams/index_c.html>Hiroshima</a>,CL
,Hatsuki Ryutaro,53,25,22,12,5,1,0,0,6,1,12,7,2,0,8,1,0,0,0,0.227,0.261,0.273,0.534,64,0.046,0.357,36.0%,32.0%,4.0%,0.12,5,<a href=https://npb.jp/bis/eng/teams/index_c.html>Hiroshima</a>,CL
,Hayashi Kota,27,64,60,4,11,4,0,0,15,2,0,0,0,0,20,4,1,0,3,0.183,0.234,0.250,0.484,50,0.067,0.275,37.5%,31.2%,6.2%,0.20,3,<a href=https://npb.jp/bis/eng/teams/index_c.html>Hiroshima</a>,CL
,Ishihara Tomoki,56,139,122,11,28,6,0,3,43,11,0,0,5,2,22,5,1,5,1,0.230,0.284,0.352,0.636,95,0.122,0.253,21.6%,15.8%,3.6%,0.23,2,<a href=https://npb.jp/bis/eng/teams/index_c.html>Hiroshima</a>,CL
,Isomura Yoshitaka,10,10,9,0,0,0,0,0,0,0,0,0,0,0,4,1,0,0,0,0.000,0.100,0.000,0.100,-66,0.000,0.000,50.0%,40.0%,10.0%,0.25,,<a href=https://npb.jp/bis/eng/teams/index_c.html>Hiroshima</a>,CL
,Kawano Kei,13,1,1,0,0,0,0,0,0,0,0,0,0,0,1,0,0,0,0,0.000,0.000,0.000,0.000,-99,0.000,,100.0%,100.0%,0.0%,0.00,1,<a href=https://npb.jp/bis/eng/teams/index_c.html>Hiroshima</a>,CL
,Kikuchi Ryosuke,136,497,453,27,109,19,0,9,155,38,2,2,17,1,69,25,3,1,9,0.241,0.281,0.342,0.623,91,0.101,0.266,20.7%,13.9%,5.0%,0.36,4,<a href=https://npb.jp/bis/eng/teams/index_c.html>Hiroshima</a>,CL
,Kozono Kaito,143,588,540,52,151,15,3,2,178,61,13,9,7,5,53,30,6,6,6,0.280,0.322,0.330,0.652,101,0.050,0.304,14.5%,9.0%,5.1%,0.57,5,<a href=https://npb.jp/bis/eng/teams/index_c.html>Hiroshima</a>,CL
,Kubo Shu,19,18,17,1,1,0,0,0,1,0,0,0,0,0,8,0,0,1,0,0.059,0.111,0.059,0.170,-46,0.000,0.111,44.4%,44.4%,0.0%,0.00,8,<a href=https://npb.jp/bis/eng/teams/index_c.html>Hiroshima</a>,CL
,Kuri Aren,23,39,31,0,0,0,0,0,0,2,0,0,7,1,18,0,0,0,0,0.000,0.000,0.000,0.000,-99,0.000,0.000,46.2%,46.2%,0.0%,0.00,1,<a href=https://npb.jp/bis/eng/teams/index_c.html>Hiroshima</a>,CL
,Kurohara Takumi,53,2,1,1,1,0,1,0,3,1,0,0,1,0,0,0,0,0,0,1.000,1.000,3.000,4.000,1091,2.000,1.000,0.0%,0.0%,0.0%,,1,<a href=https://npb.jp/bis/eng/teams/index_c.html>Hiroshima</a>,CL
,Matsuyama Ryuhei,65,78,73,2,13,4,0,1,20,10,0,0,0,1,12,4,3,0,5,0.178,0.218,0.274,0.492,50,0.096,0.197,21.8%,15.4%,5.1%,0.33,3,<a href=https://npb.jp/bis/eng/teams/index_c.html>Hiroshima</a>,CL
,Mori Shohei,5,8,6,0,1,0,0,0,1,0,0,0,2,0,2,0,0,0,0,0.167,0.167,0.167,0.334,4,0.000,0.250,25.0%,25.0%,0.0%,0.00,1,<a href=https://npb.jp/bis/eng/teams/index_c.html>Hiroshima</a>,CL
,Morishita Masato,23,52,47,5,11,1,0,0,12,3,0,0,3,0,12,1,0,1,0,0.234,0.265,0.255,0.520,60,0.021,0.314,25.0%,23.1%,1.9%,0.08,1,<a href=https://npb.jp/bis/eng/teams/index_c.html>Hiroshima</a>,CL
,Nakada Yuto,1,4,4,1,1,0,0,0,1,0,0,0,0,0,1,0,0,0,0,0.250,0.250,0.250,0.500,54,0.000,0.333,25.0%,25.0%,0.0%,0.00,3,<a href=https://npb.jp/bis/eng/teams/index_c.html>Hiroshima</a>,CL
,Nakamura Kento,12,24,24,1,2,0,0,1,5,2,0,0,0,0,8,0,0,0,0,0.083,0.083,0.208,0.291,-12,0.125,0.067,37.5%,33.3%,0.0%,0.00,3,<a href=https://npb.jp/bis/eng/teams/index_c.html>Hiroshima</a>,CL
,Nakamura Shosei,30,70,69,4,10,2,0,0,12,1,0,1,0,0,13,1,0,0,1,0.145,0.157,0.174,0.331,2,0.029,0.179,20.0%,18.6%,1.4%,0.08,7,<a href=https://npb.jp/bis/eng/teams/index_c.html>Hiroshima</a>,CL
,Nakamura Takahiro,11,25,24,4,5,0,0,0,5,3,0,0,1,0,5,0,0,0,1,0.208,0.208,0.208,0.416,29,0.000,0.263,20.0%,20.0%,0.0%,0.00,7,<a href=https://npb.jp/bis/eng/teams/index_c.html>Hiroshima</a>,CL
,Nirasawa Yuya,11,15,15,1,2,0,0,0,2,0,0,0,0,0,2,0,0,0,1,0.133,0.133,0.133,0.266,-18,0.000,0.154,13.3%,13.3%,0.0%,0.00,3,<a href=https://npb.jp/bis/eng/teams/index_c.html>Hiroshima</a>,CL
,Noma Takayoshi,113,443,391,40,106,14,5,1,133,28,8,5,3,1,52,43,1,5,9,0.271,0.350,0.340,0.690,113,0.069,0.310,21.7%,11.7%,9.7%,0.83,9,<a href=https://npb.jp/bis/eng/teams/index_c.html>Hiroshima</a>,CL
,Nomura Yusuke,3,2,2,0,0,0,0,0,0,0,0,0,0,0,2,0,0,0,0,0.000,0.000,0.000,0.000,-99,0.000,,100.0%,100.0%,0.0%,0.00,1,<a href=https://npb.jp/bis/eng/teams/index_c.html>Hiroshima</a>,CL
,Ohmori Minoru,74,35,31,7,7,2,0,0,9,4,2,1,2,0,10,2,0,0,0,0.226,0.273,0.290,0.563,73,0.064,0.333,34.3%,28.6%,5.7%,0.20,9,<a href=https://npb.jp/bis/eng/teams/index_c.html>Hiroshima</a>,CL
,Ohsera Daichi,25,45,42,0,2,0,0,0,2,0,0,0,3,0,21,0,0,0,2,0.048,0.048,0.048,0.096,-69,0.000,0.095,46.7%,46.7%,0.0%,0.00,1,<a href=https://npb.jp/bis/eng/teams/index_c.html>Hiroshima</a>,CL
,Reynolds Matt,2,6,4,0,0,0,0,0,0,1,0,0,0,1,2,1,0,0,1,0.000,0.167,0.000,0.167,-45,0.000,0.000,50.0%,33.3%,16.7%,0.50,5,<a href=https://npb.jp/bis/eng/teams/index_c.html>Hiroshima</a>,CL
,Sakakura Shogo,121,462,427,43,119,19,1,12,176,44,3,2,1,2,80,31,3,1,7,0.279,0.328,0.412,0.740,127,0.133,0.318,26.6%,17.3%,6.7%,0.39,2,<a href=https://npb.jp/bis/eng/teams/index_c.html>Hiroshima</a>,CL
,Sato Keisuke,7,17,15,1,2,0,0,0,2,0,0,0,0,0,3,2,0,0,0,0.133,0.235,0.133,0.368,16,0.000,0.167,29.4%,17.6%,11.8%,0.67,3,<a href=https://npb.jp/bis/eng/teams/index_c.html>Hiroshima</a>,CL
,Scheiner Jake,12,31,30,1,4,1,0,1,8,5,0,0,0,0,9,1,0,0,1,0.133,0.161,0.267,0.428,31,0.134,0.150,35.5%,29.0%,3.2%,0.11,3,<a href=https://npb.jp/bis/eng/teams/index_c.html>Hiroshima</a>,CL
,Suekane Shota,79,304,286,22,68,14,0,9,109,37,1,2,0,0,85,12,0,6,6,0.238,0.283,0.381,0.664,103,0.143,0.307,34.9%,28.0%,3.9%,0.14,7,<a href=https://npb.jp/bis/eng/teams/index_c.html>Hiroshima</a>,CL
,Takita Kazuki,1,1,1,0,0,0,0,0,0,0,0,0,0,0,1,0,0,0,0,0.000,0.000,0.000,0.000,-99,0.000,,100.0%,100.0%,0.0%,0.00,1,<a href=https://npb.jp/bis/eng/teams/index_c.html>Hiroshima</a>,CL
,Tamamura Shogo,15,19,18,1,3,0,0,0,3,2,0,0,1,0,9,0,0,0,1,0.167,0.167,0.167,0.334,4,0.000,0.333,47.4%,47.4%,0.0%,0.00,1,<a href=https://npb.jp/bis/eng/teams/index_c.html>Hiroshima</a>,CL
,Tamura Shunsuke,37,106,101,4,20,3,2,0,27,5,1,1,1,0,27,3,1,1,2,0.198,0.229,0.267,0.496,52,0.069,0.270,28.3%,25.5%,2.8%,0.11,9,<a href=https://npb.jp/bis/eng/teams/index_c.html>Hiroshima</a>,CL
,Tanaka Kosuke,66,108,96,5,15,2,0,2,23,7,1,1,0,2,26,9,0,1,2,0.156,0.231,0.240,0.471,46,0.084,0.186,34.3%,24.1%,8.3%,0.35,3,<a href=https://npb.jp/bis/eng/teams/index_c.html>Hiroshima</a>,CL
,Tokoda Hiroki,26,52,45,1,8,0,0,0,8,1,0,0,7,0,7,0,0,0,0,0.178,0.178,0.178,0.356,10,0.000,0.211,13.5%,13.5%,0.0%,0.00,1,<a href=https://npb.jp/bis/eng/teams/index_c.html>Hiroshima</a>,CL
,Tsunehiro Hayato,2,4,4,0,0,0,0,0,0,0,0,0,0,0,4,0,0,0,0,0.000,0.000,0.000,0.000,-99,0.000,,100.0%,100.0%,0.0%,0.00,1,<a href=https://npb.jp/bis/eng/teams/index_c.html>Hiroshima</a>,CL
,Uchida Shodai,1,3,3,0,1,0,0,0,1,0,0,0,0,0,0,0,0,0,0,0.333,0.333,0.333,0.666,106,0.000,0.333,0.0%,0.0%,0.0%,,5,<a href=https://npb.jp/bis/eng/teams/index_c.html>Hiroshima</a>,CL
,Uemoto Takashi,62,146,129,16,27,2,0,0,29,7,0,2,9,0,24,4,0,4,3,0.209,0.255,0.225,0.480,49,0.016,0.257,19.2%,16.4%,2.7%,0.17,7,<a href=https://npb.jp/bis/eng/teams/index_c.html>Hiroshima</a>,CL
,Ugusa Koki,41,75,66,10,16,2,0,3,27,8,3,1,3,0,22,4,0,2,1,0.242,0.306,0.409,0.715,119,0.167,0.317,38.7%,29.3%,5.3%,0.18,7,<a href=https://npb.jp/bis/eng/teams/index_c.html>Hiroshima</a>,CL
,Yano Masaya,137,495,430,45,112,13,6,2,143,38,13,10,20,4,109,38,1,3,8,0.260,0.322,0.333,0.655,102,0.073,0.341,30.1%,22.0%,7.7%,0.35,6,<a href=https://npb.jp/bis/eng/teams/index_c.html>Hiroshima</a>,CL
,Austin Tyler,106,445,396,66,125,34,2,25,238,69,0,1,0,4,88,45,2,0,12,0.316,0.382,0.601,0.983,197,0.285,0.348,35.5%,19.8%,10.1%,0.51,3,<a href=https://npb.jp/bis/eng/teams/index_db.html>DeNA</a>,CL
,Azuma Junpei,3,2,2,0,1,1,0,0,2,1,0,0,0,0,0,0,0,0,0,0.500,0.500,1.000,1.500,348,0.500,0.500,0.0%,0.0%,0.0%,,7,<a href=https://npb.jp/bis/eng/teams/index_db.html>DeNA</a>,CL
,Azuma Katsuki,26,63,51,3,5,0,0,0,5,1,0,0,8,0,16,4,0,0,1,0.098,0.164,0.098,0.262,-17,0.000,0.143,31.7%,25.4%,6.3%,0.25,1,<a href=https://npb.jp/bis/eng/teams/index_db.html>DeNA</a>,CL
,Chino Naoto,24,22,18,3,2,1,0,0,3,2,1,0,0,0,4,4,0,0,1,0.111,0.273,0.167,0.440,37,0.056,0.143,36.4%,18.2%,18.2%,1.00,UTL,<a href=https://npb.jp/bis/eng/teams/index_db.html>DeNA</a>,CL
,Ebina Tatsuo,76,253,223,28,57,13,0,3,79,17,3,7,6,1,51,17,1,6,1,0.256,0.324,0.354,0.678,108,0.098,0.318,28.1%,20.2%,6.7%,0.33,8,<a href=https://npb.jp/bis/eng/teams/index_db.html>DeNA</a>,CL
,Ford Mike,6,22,20,1,4,0,0,1,7,2,0,0,0,0,2,2,0,0,0,0.200,0.273,0.350,0.623,90,0.150,0.176,22.7%,9.1%,9.1%,1.00,3,<a href=https://npb.jp/bis/eng/teams/index_db.html>DeNA</a>,CL
,Hamaguchi Haruhiro,11,15,14,1,3,0,0,0,3,0,0,0,0,0,7,1,0,0,0,0.214,0.267,0.214,0.481,49,0.000,0.429,53.3%,46.7%,6.7%,0.14,1,<a href=https://npb.jp/bis/eng/teams/index_db.html>DeNA</a>,CL
,Hayashi Takuma,63,114,102,11,17,5,1,0,24,7,6,3,2,1,24,8,2,1,2,0.167,0.232,0.235,0.467,44,0.068,0.215,28.1%,21.1%,7.0%,0.33,6,<a href=https://npb.jp/bis/eng/teams/index_db.html>DeNA</a>,CL
,Inoue Kento,25,48,42,2,8,5,0,0,13,4,1,0,2,0,8,2,1,2,1,0.190,0.261,0.310,0.571,75,0.120,0.235,20.8%,16.7%,4.2%,0.25,5,<a href=https://npb.jp/bis/eng/teams/index_db.html>DeNA</a>,CL
,Ishida Kenta,6,13,12,0,1,0,0,0,1,0,0,0,1,0,7,0,0,0,0,0.083,0.083,0.083,0.166,-48,0.000,0.200,53.8%,53.8%,0.0%,0.00,1,<a href=https://npb.jp/bis/eng/teams/index_db.html>DeNA</a>,CL
,Ishida Yutaro,12,18,16,0,0,0,0,0,0,0,0,0,2,0,9,0,0,0,0,0.000,0.000,0.000,0.000,-98,0.000,0.000,50.0%,50.0%,0.0%,0.00,1,<a href=https://npb.jp/bis/eng/teams/index_db.html>DeNA</a>,CL
,Ishikami Taiki,26,79,71,3,13,4,0,0,17,3,2,0,2,0,17,6,2,0,3,0.183,0.247,0.239,0.486,50,0.056,0.241,29.1%,21.5%,7.6%,0.35,6,<a href=https://npb.jp/bis/eng/teams/index_db.html>DeNA</a>,CL
,Itoh Hikaru,39,94,88,7,18,4,0,1,25,14,0,0,0,0,24,4,0,2,1,0.205,0.255,0.284,0.539,66,0.079,0.270,30.9%,25.5%,4.3%,0.17,2,<a href=https://npb.jp/bis/eng/teams/index_db.html>DeNA</a>,CL
,Jackson Andre,25,51,41,1,4,0,0,0,4,1,0,0,8,0,28,2,0,0,1,0.098,0.140,0.098,0.238,-25,0.000,0.308,58.8%,54.9%,3.9%,0.07,1,<a href=https://npb.jp/bis/eng/teams/index_db.html>DeNA</a>,CL
,Kajiwara Kouki,91,351,339,49,99,16,3,4,133,30,16,2,1,0,98,7,3,4,2,0.292,0.314,0.392,0.706,115,0.100,0.401,31.1%,27.9%,2.0%,0.07,9,<a href=https://npb.jp/bis/eng/teams/index_db.html>DeNA</a>,CL
,Kamichatani Taiga,18,3,3,0,0,0,0,0,0,0,0,0,0,0,1,0,0,0,0,0.000,0.000,0.000,0.000,-98,0.000,0.000,33.3%,33.3%,0.0%,0.00,1,<a href=https://npb.jp/bis/eng/teams/index_db.html>DeNA</a>,CL
,Kamizato Kazuki,25,25,23,3,3,0,0,0,3,0,2,0,0,0,12,1,0,1,0,0.130,0.200,0.130,0.330,4,0.000,0.273,52.0%,48.0%,4.0%,0.08,9,<a href=https://npb.jp/bis/eng/teams/index_db.html>DeNA</a>,CL
,Kay Anthony,24,46,38,1,0,0,0,0,0,1,0,0,5,0,22,3,0,0,0,0.000,0.073,0.000,0.073,-75,0.000,0.000,54.3%,47.8%,6.5%,0.14,1,<a href=https://npb.jp/bis/eng/teams/index_db.html>DeNA</a>,CL
,Kusumoto Taishi,18,31,29,0,5,1,0,0,6,5,0,0,0,0,5,1,0,1,0,0.172,0.226,0.207,0.433,34,0.035,0.208,19.4%,16.1%,3.2%,0.20,7,<a href=https://npb.jp/bis/eng/teams/index_db.html>DeNA</a>,CL
,Kuwahara Masayuki,106,321,285,35,77,12,0,5,104,24,8,0,9,4,42,19,0,4,6,0.270,0.321,0.365,0.686,110,0.095,0.298,20.6%,13.1%,5.9%,0.45,8,<a href=https://npb.jp/bis/eng/teams/index_db.html>DeNA</a>,CL
,Kyoda Yota,101,236,216,18,53,7,1,1,65,27,3,1,4,3,43,13,2,0,4,0.245,0.284,0.301,0.585,79,0.056,0.297,24.2%,18.2%,5.5%,0.30,6,<a href=https://npb.jp/bis/eng/teams/index_db.html>DeNA</a>,CL
,Kyoyama Masaya,23,2,1,0,0,0,0,0,0,0,0,0,1,0,1,0,0,0,0,0.000,0.000,0.000,0.000,-98,0.000,,50.0%,50.0%,0.0%,0.00,1,<a href=https://npb.jp/bis/eng/teams/index_db.html>DeNA</a>,CL
,Maeda Yamato,42,94,81,4,20,1,0,0,21,3,1,0,4,3,12,5,0,1,3,0.247,0.289,0.259,0.548,69,0.012,0.278,18.1%,12.8%,5.3%,0.42,6,<a href=https://npb.jp/bis/eng/teams/index_db.html>DeNA</a>,CL
,Maki Shugo,133,561,517,76,152,33,0,23,254,74,11,0,0,2,59,37,5,5,13,0.294,0.346,0.491,0.837,154,0.197,0.295,21.2%,10.5%,6.6%,0.63,4,<a href=https://npb.jp/bis/eng/teams/index_db.html>DeNA</a>,CL
,Matsumoto Ryunosuke,1,3,2,0,0,0,0,0,0,0,0,0,1,0,0,0,0,0,0,0.000,0.000,0.000,0.000,-98,0.000,0.000,0.0%,0.0%,0.0%,,1,<a href=https://npb.jp/bis/eng/teams/index_db.html>DeNA</a>,CL
,Matsuo Shion,27,40,38,3,8,3,0,0,11,1,0,0,0,0,8,1,0,1,1,0.211,0.250,0.289,0.539,65,0.078,0.267,22.5%,20.0%,2.5%,0.12,2,<a href=https://npb.jp/bis/eng/teams/index_db.html>DeNA</a>,CL
,Miyazaki Toshiro,125,469,410,49,116,24,0,14,182,56,1,1,0,1,29,52,11,6,9,0.283,0.371,0.444,0.815,148,0.161,0.277,20.3%,6.2%,11.1%,1.79,5,<a href=https://npb.jp/bis/eng/teams/index_db.html>DeNA</a>,CL
,Mori Keito,71,200,187,16,47,12,1,0,61,5,8,6,0,1,43,12,2,0,4,0.251,0.295,0.326,0.621,90,0.075,0.324,27.5%,21.5%,6.0%,0.28,6,<a href=https://npb.jp/bis/eng/teams/index_db.html>DeNA</a>,CL
,Mori Yuito,14,5,4,0,1,0,0,0,1,0,0,0,1,0,3,0,0,0,0,0.250,0.250,0.250,0.500,54,0.000,1.000,60.0%,60.0%,0.0%,0.00,1,<a href=https://npb.jp/bis/eng/teams/index_db.html>DeNA</a>,CL
,Nakagawa Hayate,29,14,12,1,3,0,0,1,6,3,0,0,2,0,3,0,0,0,0,0.250,0.250,0.500,0.750,125,0.250,0.250,28.6%,21.4%,0.0%,0.00,1,<a href=https://npb.jp/bis/eng/teams/index_db.html>DeNA</a>,CL
,Nishiura Naomichi,8,17,15,3,4,0,1,0,6,1,0,0,0,0,5,2,1,0,2,0.267,0.353,0.400,0.753,130,0.133,0.400,41.2%,29.4%,11.8%,0.40,UTL,<a href=https://npb.jp/bis/eng/teams/index_db.html>DeNA</a>,CL
,Ohnuki Shinichi,15,30,24,1,2,0,0,0,2,0,0,0,5,0,9,1,0,0,0,0.083,0.120,0.083,0.203,-35,0.000,0.133,33.3%,30.0%,3.3%,0.11,1,<a href=https://npb.jp/bis/eng/teams/index_db.html>DeNA</a>,CL
,Sano Keita,139,566,524,51,143,34,0,8,201,62,0,0,0,3,53,35,3,4,17,0.273,0.322,0.384,0.706,116,0.111,0.290,17.0%,9.4%,6.2%,0.66,7,<a href=https://npb.jp/bis/eng/teams/index_db.html>DeNA</a>,CL
,Sekine Taiki,79,142,128,14,29,2,0,0,31,4,2,3,1,0,19,11,0,2,2,0.227,0.298,0.242,0.540,68,0.015,0.266,21.1%,13.4%,7.7%,0.58,7,<a href=https://npb.jp/bis/eng/teams/index_db.html>DeNA</a>,CL
,Shibata Tatsuhiro,82,34,23,4,6,0,0,0,6,2,1,0,7,0,7,3,1,1,0,0.261,0.370,0.261,0.631,96,0.000,0.375,29.4%,20.6%,8.8%,0.43,5,<a href=https://npb.jp/bis/eng/teams/index_db.html>DeNA</a>,CL
,Taira Kentaro,4,10,10,2,2,0,0,0,2,1,0,0,0,0,7,0,0,0,0,0.200,0.200,0.200,0.400,24,0.000,0.667,70.0%,70.0%,0.0%,0.00,1,<a href=https://npb.jp/bis/eng/teams/index_db.html>DeNA</a>,CL
,Tobashira Yasutaka,46,97,90,4,22,4,0,0,26,4,0,0,1,0,15,5,0,1,5,0.244,0.292,0.289,0.581,78,0.045,0.293,20.6%,15.5%,5.2%,0.33,2,<a href=https://npb.jp/bis/eng/teams/index_db.html>DeNA</a>,CL
,Tsutsugoh Yoshitomo,57,168,149,12,28,6,3,7,61,23,0,0,0,1,51,16,1,2,5,0.188,0.274,0.409,0.683,107,0.221,0.228,44.0%,30.4%,9.5%,0.31,9,<a href=https://npb.jp/bis/eng/teams/index_db.html>DeNA</a>,CL
,Watarai Ryuki,75,272,251,21,64,7,1,3,82,24,2,2,1,1,43,12,0,7,6,0.255,0.306,0.327,0.633,94,0.072,0.296,21.3%,15.8%,4.4%,0.28,9,<a href=https://npb.jp/bis/eng/teams/index_db.html>DeNA</a>,CL
,Wick Rowan,43,1,1,0,0,0,0,0,0,0,0,0,0,0,1,0,0,0,0,0.000,0.000,0.000,0.000,-98,0.000,,100.0%,100.0%,0.0%,0.00,1,<a href=https://npb.jp/bis/eng/teams/index_db.html>DeNA</a>,CL
,Yamamoto Yuudai,108,403,358,29,104,14,2,5,137,37,1,1,9,6,41,27,1,3,12,0.291,0.340,0.383,0.723,121,0.092,0.311,18.1%,10.2%,6.7%,0.66,2,<a href=https://npb.jp/bis/eng/teams/index_db.html>DeNA</a>,CL
,Yoshino Teruki,7,13,9,0,0,0,0,0,0,0,0,0,2,0,5,2,0,0,0,0.000,0.182,0.000,0.182,-39,0.000,0.000,53.8%,38.5%,15.4%,0.40,1,<a href=https://npb.jp/bis/eng/teams/index_db.html>DeNA</a>,CL
,Akahoshi Yuji,21,16,12,0,0,0,0,0,0,1,0,0,4,0,3,0,0,0,0,0.000,0.000,0.000,0.000,-101,0.000,0.000,18.8%,18.8%,0.0%,0.00,1,<a href=https://npb.jp/bis/eng/teams/index_g.html>Yomiuri</a>,CL
,Akihiro Yuto,26,48,46,5,12,1,0,0,13,1,1,0,0,0,12,2,0,0,1,0.261,0.292,0.283,0.575,79,0.022,0.353,29.2%,25.0%,4.2%,0.17,7,<a href=https://npb.jp/bis/eng/teams/index_g.html>Yomiuri</a>,CL
,Asano Shogo,40,158,146,18,35,11,2,3,59,18,1,0,2,1,27,7,1,2,2,0.240,0.282,0.404,0.686,111,0.164,0.274,23.4%,17.1%,4.4%,0.26,9,<a href=https://npb.jp/bis/eng/teams/index_g.html>Yomiuri</a>,CL
,Chono Hisayoshi,54,98,89,5,23,3,1,0,28,14,1,1,0,0,25,9,1,0,2,0.258,0.327,0.315,0.642,100,0.057,0.359,34.7%,25.5%,9.2%,0.36,7,<a href=https://npb.jp/bis/eng/teams/index_g.html>Yomiuri</a>,CL
,Funabasama Hiromasa,51,1,0,0,0,0,0,0,0,1,0,0,0,1,0,0,0,0,0,0.000,0.000,0.000,0.000,-101,0.000,0.000,0.0%,0.0%,0.0%,,1,<a href=https://npb.jp/bis/eng/teams/index_g.html>Yomiuri</a>,CL
,Griffin Foster,20,35,30,0,3,2,0,0,5,2,0,0,5,0,11,0,0,0,0,0.100,0.100,0.167,0.267,-19,0.067,0.158,31.4%,31.4%,0.0%,0.00,1,<a href=https://npb.jp/bis/eng/teams/index_g.html>Yomiuri</a>,CL
,Hagio Masaya,56,163,149,13,32,8,2,2,50,12,0,2,1,1,41,11,1,1,4,0.215,0.272,0.336,0.608,88,0.121,0.280,33.1%,25.2%,6.7%,0.27,9,<a href=https://npb.jp/bis/eng/teams/index_g.html>Yomiuri</a>,CL
,Hernandez Elier,56,240,221,34,65,11,0,8,100,30,0,1,0,1,58,15,1,3,8,0.294,0.346,0.452,0.798,146,0.158,0.365,33.8%,24.2%,6.2%,0.26,8,<a href=https://npb.jp/bis/eng/teams/index_g.html>Yomiuri</a>,CL
,Hotta Kenshin,17,11,9,0,1,0,0,0,1,0,0,0,2,0,5,0,0,0,0,0.111,0.111,0.111,0.222,-31,0.000,0.250,45.5%,45.5%,0.0%,0.00,1,<a href=https://npb.jp/bis/eng/teams/index_g.html>Yomiuri</a>,CL
,Inoue Haruto,25,34,28,1,4,0,0,0,4,2,0,0,5,0,9,1,0,0,0,0.143,0.172,0.143,0.315,-2,0.000,0.211,29.4%,26.5%,2.9%,0.11,1,<a href=https://npb.jp/bis/eng/teams/index_g.html>Yomiuri</a>,CL
,Izuguchi Yuta,66,185,164,10,33,6,1,1,44,9,1,0,3,0,24,18,1,0,2,0.201,0.280,0.268,0.548,71,0.067,0.230,23.2%,13.0%,9.7%,0.75,6,<a href=https://npb.jp/bis/eng/teams/index_g.html>Yomiuri</a>,CL
,Kadowaki Makoto,129,405,350,29,85,9,1,0,96,21,9,3,16,0,63,37,7,2,3,0.243,0.319,0.274,0.593,86,0.031,0.296,24.7%,15.6%,9.1%,0.59,6,<a href=https://npb.jp/bis/eng/teams/index_g.html>Yomiuri</a>,CL
,Kajitani Takayuki,6,17,16,2,3,0,0,1,6,2,0,0,0,0,4,1,0,0,1,0.188,0.235,0.375,0.610,87,0.187,0.182,35.3%,23.5%,5.9%,0.25,9,<a href=https://npb.jp/bis/eng/teams/index_g.html>Yomiuri</a>,CL
,Kishida Yukinori,88,298,269,22,65,10,1,4,89,26,2,2,9,2,43,14,0,4,11,0.242,0.287,0.331,0.618,92,0.089,0.272,20.5%,14.4%,4.7%,0.33,2,<a href=https://npb.jp/bis/eng/teams/index_g.html>Yomiuri</a>,CL
,Kita Ryusuke,1,1,1,1,0,0,0,0,0,0,0,0,0,0,0,0,0,0,0,0.000,0.000,0.000,0.000,-101,0.000,0.000,0.0%,0.0%,0.0%,,,<a href=https://npb.jp/bis/eng/teams/index_g.html>Yomiuri</a>,CL
,Kobayashi Seiji,42,123,105,4,16,3,0,1,22,8,1,0,7,0,18,9,2,2,1,0.152,0.233,0.210,0.443,38,0.058,0.174,22.8%,14.6%,7.3%,0.50,2,<a href=https://npb.jp/bis/eng/teams/index_g.html>Yomiuri</a>,CL
,Kohri Takuya,5,4,4,1,0,0,0,0,0,0,0,0,0,0,1,0,0,0,0,0.000,0.000,0.000,0.000,-101,0.000,0.000,25.0%,25.0%,0.0%,0.00,3,<a href=https://npb.jp/bis/eng/teams/index_g.html>Yomiuri</a>,CL
,Maru Yoshihiro,138,595,525,51,146,18,1,14,208,45,8,4,0,2,93,65,5,3,9,0.278,0.360,0.396,0.756,135,0.118,0.314,28.9%,15.6%,10.9%,0.70,9,<a href=https://npb.jp/bis/eng/teams/index_g.html>Yomiuri</a>,CL
,Masuda Daiki,40,38,30,4,6,1,1,0,9,4,4,1,7,0,6,1,0,0,1,0.200,0.226,0.300,0.526,63,0.100,0.250,18.4%,15.8%,2.6%,0.17,5,<a href=https://npb.jp/bis/eng/teams/index_g.html>Yomiuri</a>,CL
,Masuda Riku,4,6,5,0,0,0,0,0,0,0,0,0,0,0,1,0,0,1,1,0.000,0.167,0.000,0.167,-45,0.000,0.000,16.7%,16.7%,0.0%,0.00,3,<a href=https://npb.jp/bis/eng/teams/index_g.html>Yomiuri</a>,CL
,Mataki Teppei,3,1,1,0,0,0,0,0,0,0,0,0,0,0,1,0,0,0,0,0.000,0.000,0.000,0.000,-101,0.000,,100.0%,100.0%,0.0%,0.00,1,<a href=https://npb.jp/bis/eng/teams/index_g.html>Yomiuri</a>,CL
,Matsubara Seiya,9,16,13,1,2,0,0,0,2,2,0,0,0,0,5,3,0,0,0,0.154,0.313,0.154,0.467,48,0.000,0.250,50.0%,31.2%,18.8%,0.60,9,<a href=https://npb.jp/bis/eng/teams/index_g.html>Yomiuri</a>,CL
,Mendez Yohander,2,1,1,0,0,0,0,0,0,0,0,0,0,0,1,0,0,0,0,0.000,0.000,0.000,0.000,-101,0.000,,100.0%,100.0%,0.0%,0.00,1,<a href=https://npb.jp/bis/eng/teams/index_g.html>Yomiuri</a>,CL
,Montes Coco,46,159,151,14,41,15,0,1,59,14,1,0,0,0,21,7,2,1,3,0.272,0.308,0.391,0.699,116,0.119,0.310,18.2%,13.2%,4.4%,0.33,7,<a href=https://npb.jp/bis/eng/teams/index_g.html>Yomiuri</a>,CL
,Nakayama Raito,32,48,44,2,14,3,0,0,17,2,0,0,0,0,12,4,0,0,1,0.318,0.375,0.386,0.761,137,0.068,0.438,33.3%,25.0%,8.3%,0.33,5,<a href=https://npb.jp/bis/eng/teams/index_g.html>Yomiuri</a>,CL
,Nishidate Yuhi,28,2,1,0,0,0,0,0,0,0,0,0,1,0,0,0,0,0,1,0.000,0.000,0.000,0.000,-101,0.000,0.000,0.0%,0.0%,0.0%,,1,<a href=https://npb.jp/bis/eng/teams/index_g.html>Yomiuri</a>,CL
,Ohshiro Takumi,96,321,283,19,72,17,0,3,98,27,0,0,0,4,62,31,2,3,3,0.254,0.330,0.346,0.676,110,0.092,0.311,29.9%,19.3%,9.7%,0.50,2,<a href=https://npb.jp/bis/eng/teams/index_g.html>Yomiuri</a>,CL
,Okada Yuki,4,9,7,0,1,0,0,0,1,0,0,0,0,0,2,2,0,0,0,0.143,0.333,0.143,0.476,52,0.000,0.200,44.4%,22.2%,22.2%,1.00,7,<a href=https://npb.jp/bis/eng/teams/index_g.html>Yomiuri</a>,CL
,Okamoto Kazuma,143,611,535,70,150,37,0,27,268,83,1,1,0,5,97,66,10,5,5,0.280,0.362,0.501,0.863,167,0.221,0.296,31.1%,15.9%,10.8%,0.68,3,<a href=https://npb.jp/bis/eng/teams/index_g.html>Yomiuri</a>,CL
,Okoye Louis,68,157,138,16,36,9,0,3,54,13,4,0,8,1,35,9,0,1,3,0.261,0.309,0.391,0.700,116,0.130,0.327,29.9%,22.3%,5.7%,0.26,8,<a href=https://npb.jp/bis/eng/teams/index_g.html>Yomiuri</a>,CL
,Sakamoto Hayato,109,426,395,34,94,14,0,7,129,34,1,0,0,3,72,27,1,1,14,0.238,0.286,0.327,0.613,90,0.089,0.273,24.9%,16.9%,6.3%,0.38,5,<a href=https://npb.jp/bis/eng/teams/index_g.html>Yomiuri</a>,CL
,Sasaki Shunsuke,59,156,143,13,33,5,1,0,40,6,2,1,3,1,44,9,0,0,3,0.231,0.275,0.280,0.555,73,0.049,0.330,34.0%,28.2%,5.8%,0.20,9,<a href=https://npb.jp/bis/eng/teams/index_g.html>Yomiuri</a>,CL
,Shigenobu Shinnosuke,33,18,15,6,1,0,0,0,1,0,6,1,0,0,6,3,0,0,0,0.067,0.222,0.067,0.289,-7,0.000,0.111,50.0%,33.3%,16.7%,0.50,7,<a href=https://npb.jp/bis/eng/teams/index_g.html>Yomiuri</a>,CL
,Sugano Tomoyuki,24,53,45,1,4,0,0,0,4,0,0,0,6,0,26,2,0,0,1,0.089,0.128,0.089,0.217,-32,0.000,0.211,52.8%,49.1%,3.8%,0.08,1,<a href=https://npb.jp/bis/eng/teams/index_g.html>Yomiuri</a>,CL
,Takahashi Rei,11,13,13,1,2,0,0,0,2,0,0,0,0,0,5,0,0,0,0,0.154,0.154,0.154,0.308,-4,0.000,0.250,38.5%,38.5%,0.0%,0.00,1,<a href=https://npb.jp/bis/eng/teams/index_g.html>Yomiuri</a>,CL
,Tateoka Soichiro,48,99,84,12,18,0,0,0,18,8,3,2,4,0,19,11,1,0,0,0.214,0.305,0.214,0.519,64,0.000,0.277,30.3%,19.2%,11.1%,0.58,7,<a href=https://npb.jp/bis/eng/teams/index_g.html>Yomiuri</a>,CL
,Togo Shosei,26,56,39,1,2,0,0,0,2,2,0,0,16,0,21,1,0,0,1,0.051,0.075,0.051,0.126,-61,0.000,0.111,39.3%,37.5%,1.8%,0.05,1,<a href=https://npb.jp/bis/eng/teams/index_g.html>Yomiuri</a>,CL
,Urena Estamy,7,8,7,0,0,0,0,0,0,0,0,0,0,0,4,1,0,0,0,0.000,0.125,0.000,0.125,-60,0.000,0.000,62.5%,50.0%,12.5%,0.25,3,<a href=https://npb.jp/bis/eng/teams/index_g.html>Yomiuri</a>,CL
,Wakabayashi Gakuto,27,44,42,3,9,1,1,1,15,7,1,0,0,0,11,1,0,1,0,0.214,0.250,0.357,0.607,87,0.143,0.267,29.5%,25.0%,2.3%,0.09,9,<a href=https://npb.jp/bis/eng/teams/index_g.html>Yomiuri</a>,CL
,Yamasaki Iori,24,53,44,1,6,2,0,0,8,4,0,0,8,0,19,1,0,0,0,0.136,0.156,0.182,0.338,4,0.046,0.240,37.7%,35.8%,1.9%,0.05,1,<a href=https://npb.jp/bis/eng/teams/index_g.html>Yomiuri</a>,CL
,Yamase Shinnosuke,2,6,6,1,2,0,0,0,2,0,0,0,0,0,1,0,0,0,0,0.333,0.333,0.333,0.666,108,0.000,0.400,16.7%,16.7%,0.0%,0.00,2,<a href=https://npb.jp/bis/eng/teams/index_g.html>Yomiuri</a>,CL
,Yokogawa Kai,12,8,4,0,1,0,0,0,1,1,0,0,4,0,1,0,0,0,0,0.250,0.250,0.250,0.500,56,0.000,0.333,12.5%,12.5%,0.0%,0.00,1,<a href=https://npb.jp/bis/eng/teams/index_g.html>Yomiuri</a>,CL
,Yoshikawa Naoki,143,602,536,65,154,25,4,5,202,46,12,5,13,6,61,41,2,6,8,0.287,0.341,0.377,0.718,123,0.090,0.313,17.8%,10.1%,6.8%,0.67,4,<a href=https://npb.jp/bis/eng/teams/index_g.html>Yomiuri</a>,CL
,Yuasa Dai,19,7,6,2,1,0,0,0,1,2,0,1,1,0,2,0,0,0,0,0.167,0.167,0.167,0.334,4,0.000,0.250,28.6%,28.6%,0.0%,0.00,5,<a href=https://npb.jp/bis/eng/teams/index_g.html>Yomiuri</a>,CL
,Akahane Yoshihiro,36,65,58,4,14,2,0,2,22,6,4,0,4,1,16,1,0,1,0,0.241,0.262,0.379,0.641,89,0.138,0.293,29.2%,24.6%,1.5%,0.06,4,<a href=https://npb.jp/bis/eng/teams/index_s.html>Yakult</a>,CL
,Aoki Norichika,72,129,118,9,27,5,0,0,32,9,2,0,0,1,17,10,2,0,7,0.229,0.287,0.271,0.558,67,0.042,0.265,20.9%,13.2%,7.8%,0.59,9,<a href=https://npb.jp/bis/eng/teams/index_s.html>Yakult</a>,CL
,Hamada Taiki,10,28,26,0,2,0,0,0,2,1,0,0,1,0,8,1,0,0,1,0.077,0.111,0.077,0.188,-38,0.000,0.111,32.1%,28.6%,3.6%,0.12,9,<a href=https://npb.jp/bis/eng/teams/index_s.html>Yakult</a>,CL
,Hasegawa Hiroki,19,1,1,0,0,0,0,0,0,0,0,0,0,0,1,0,0,0,0,0.000,0.000,0.000,0.000,-92,0.000,,100.0%,100.0%,0.0%,0.00,1,<a href=https://npb.jp/bis/eng/teams/index_s.html>Yakult</a>,CL
,Hashimoto Seiya,1,1,1,0,0,0,0,0,0,0,0,0,0,0,1,0,0,0,0,0.000,0.000,0.000,0.000,-92,0.000,,100.0%,100.0%,0.0%,0.00,2,<a href=https://npb.jp/bis/eng/teams/index_s.html>Yakult</a>,CL
,Ishikawa Masanori,9,12,9,0,1,0,0,0,1,0,0,0,3,0,4,0,0,0,0,0.111,0.111,0.111,0.222,-29,0.000,0.200,33.3%,33.3%,0.0%,0.00,1,<a href=https://npb.jp/bis/eng/teams/index_s.html>Yakult</a>,CL
,Itoh Ryui,6,1,1,0,0,0,0,0,0,0,0,0,0,0,1,0,0,0,0,0.000,0.000,0.000,0.000,-92,0.000,,100.0%,100.0%,0.0%,0.00,4,<a href=https://npb.jp/bis/eng/teams/index_s.html>Yakult</a>,CL
,Iwata Yukihiro,81,140,123,19,28,2,0,1,33,7,10,0,9,0,22,6,2,2,2,0.228,0.275,0.268,0.543,64,0.040,0.270,20.7%,15.7%,4.3%,0.27,8,<a href=https://npb.jp/bis/eng/teams/index_s.html>Yakult</a>,CL
,Kanakubo Yuto,5,1,1,0,0,0,0,0,0,0,0,0,0,0,1,0,0,0,0,0.000,0.000,0.000,0.000,-92,0.000,,100.0%,100.0%,0.0%,0.00,1,<a href=https://npb.jp/bis/eng/teams/index_s.html>Yakult</a>,CL
,Kawabata Shingo,61,61,58,1,13,0,0,0,13,6,0,0,0,0,9,2,0,1,1,0.224,0.262,0.224,0.486,47,0.000,0.265,18.0%,14.8%,3.3%,0.22,3,<a href=https://npb.jp/bis/eng/teams/index_s.html>Yakult</a>,CL
,Kitamura Takumi,48,49,40,2,5,0,0,1,8,4,2,1,1,2,8,5,0,1,2,0.125,0.229,0.200,0.429,31,0.075,0.121,28.6%,16.3%,10.2%,0.62,4,<a href=https://npb.jp/bis/eng/teams/index_s.html>Yakult</a>,CL
,Komori Kohtaro,4,5,5,0,0,0,0,0,0,0,0,0,0,0,0,0,0,0,0,0.000,0.000,0.000,0.000,-92,0.000,0.000,0.0%,0.0%,0.0%,,5,<a href=https://npb.jp/bis/eng/teams/index_s.html>Yakult</a>,CL
,Kozawa Reiji,40,15,13,0,2,0,0,0,2,0,0,0,2,0,4,0,0,0,0,0.154,0.154,0.154,0.308,-4,0.000,0.222,26.7%,26.7%,0.0%,0.00,1,<a href=https://npb.jp/bis/eng/teams/index_s.html>Yakult</a>,CL
,Maruyama Kazuya,96,296,253,30,61,7,1,0,70,12,4,2,17,0,49,24,1,2,2,0.241,0.312,0.277,0.589,76,0.036,0.299,24.7%,16.6%,8.1%,0.49,9,<a href=https://npb.jp/bis/eng/teams/index_s.html>Yakult</a>,CL
,Masuda Shu,52,102,92,8,19,4,0,2,29,6,0,1,4,0,22,5,0,1,2,0.207,0.255,0.315,0.570,70,0.108,0.250,28.4%,21.6%,4.9%,0.23,9,<a href=https://npb.jp/bis/eng/teams/index_s.html>Yakult</a>,CL
,Matsumoto Kengo,3,4,3,0,0,0,0,0,0,0,0,0,1,0,3,0,0,0,0,0.000,0.000,0.000,0.000,-92,0.000,,75.0%,75.0%,0.0%,0.00,1,<a href=https://npb.jp/bis/eng/teams/index_s.html>Yakult</a>,CL
,Matsumoto Naoki,60,142,134,5,36,7,0,1,46,11,1,0,3,1,18,4,0,0,3,0.269,0.288,0.343,0.631,88,0.074,0.302,16.2%,12.7%,2.8%,0.22,2,<a href=https://npb.jp/bis/eng/teams/index_s.html>Yakult</a>,CL
,Miyamoto Takeshi,60,164,147,12,38,3,0,0,41,6,1,0,4,1,25,11,0,1,3,0.259,0.313,0.279,0.592,77,0.020,0.309,22.0%,15.2%,6.7%,0.44,7,<a href=https://npb.jp/bis/eng/teams/index_s.html>Yakult</a>,CL
,Murakami Munetaka,143,610,500,82,122,13,1,33,236,86,10,5,0,1,180,105,9,4,6,0.244,0.379,0.472,0.851,149,0.228,0.309,52.1%,29.5%,17.2%,0.58,5,<a href=https://npb.jp/bis/eng/teams/index_s.html>Yakult</a>,CL
,Nagaoka Hideki,143,611,566,63,163,25,1,6,208,58,4,1,10,3,70,29,2,3,6,0.288,0.324,0.367,0.691,104,0.079,0.318,17.2%,11.5%,4.7%,0.41,6,<a href=https://npb.jp/bis/eng/teams/index_s.html>Yakult</a>,CL
,Nakamura Yuhei,96,353,291,16,69,9,0,0,78,23,0,0,26,2,54,30,5,4,7,0.237,0.315,0.268,0.583,76,0.031,0.289,23.8%,15.3%,8.5%,0.56,2,<a href=https://npb.jp/bis/eng/teams/index_s.html>Yakult</a>,CL
,Namiki Hidetaka,33,49,43,15,10,1,0,1,14,5,10,0,5,0,7,1,0,0,4,0.233,0.250,0.326,0.576,71,0.093,0.257,18.4%,14.3%,2.0%,0.14,8,<a href=https://npb.jp/bis/eng/teams/index_s.html>Yakult</a>,CL
,Nishida Akihisa,24,24,22,0,3,1,0,0,4,2,0,0,0,1,2,1,0,0,1,0.136,0.167,0.182,0.349,7,0.046,0.143,12.5%,8.3%,4.2%,0.50,2,<a href=https://npb.jp/bis/eng/teams/index_s.html>Yakult</a>,CL
,Nishikawa Haruki,113,363,308,43,80,13,2,1,100,24,10,2,3,6,51,40,1,6,3,0.260,0.350,0.325,0.675,101,0.065,0.302,25.3%,14.0%,11.0%,0.78,8,<a href=https://npb.jp/bis/eng/teams/index_s.html>Yakult</a>,CL
,Ogawa Yasuhiro,12,25,18,1,3,0,0,0,3,2,0,0,6,0,5,1,0,0,1,0.167,0.211,0.167,0.378,17,0.000,0.231,24.0%,20.0%,4.0%,0.20,1,<a href=https://npb.jp/bis/eng/teams/index_s.html>Yakult</a>,CL
,Ohnishi Hiroki,60,1,1,0,0,0,0,0,0,0,0,0,0,0,1,0,0,0,0,0.000,0.000,0.000,0.000,-92,0.000,,100.0%,100.0%,0.0%,0.00,1,<a href=https://npb.jp/bis/eng/teams/index_s.html>Yakult</a>,CL
,Ohta Kengo,18,50,49,5,10,1,1,0,13,5,0,0,0,0,14,1,0,0,0,0.204,0.220,0.265,0.485,46,0.061,0.286,30.0%,28.0%,2.0%,0.07,9,<a href=https://npb.jp/bis/eng/teams/index_s.html>Yakult</a>,CL
,Okugawa Yasunobu,7,10,9,0,0,0,0,0,0,0,0,0,1,0,5,0,0,0,0,0.000,0.000,0.000,0.000,-92,0.000,0.000,50.0%,50.0%,0.0%,0.00,1,<a href=https://npb.jp/bis/eng/teams/index_s.html>Yakult</a>,CL
,Osuna Jose,141,585,539,54,144,28,0,17,223,72,0,3,0,3,91,40,3,3,24,0.267,0.320,0.414,0.734,116,0.147,0.293,25.3%,15.6%,6.8%,0.44,3,<a href=https://npb.jp/bis/eng/teams/index_s.html>Yakult</a>,CL
,Rodriguez Elvin,32,2,1,0,0,0,0,0,0,0,0,0,1,0,1,0,0,0,0,0.000,0.000,0.000,0.000,-92,0.000,,50.0%,50.0%,0.0%,0.00,1,<a href=https://npb.jp/bis/eng/teams/index_s.html>Yakult</a>,CL
,Sakaguchi Kousuke,2,3,2,0,0,0,0,0,0,0,0,0,1,0,2,0,0,0,0,0.000,0.000,0.000,0.000,-92,0.000,,66.7%,66.7%,0.0%,0.00,1,<a href=https://npb.jp/bis/eng/teams/index_s.html>Yakult</a>,CL
,Santana Domingo,122,484,419,57,132,29,0,17,212,70,2,1,0,4,101,57,1,4,8,0.315,0.399,0.506,0.905,165,0.191,0.377,36.2%,20.9%,11.8%,0.56,7,<a href=https://npb.jp/bis/eng/teams/index_s.html>Yakult</a>,CL
,Sawai Ren,12,27,25,1,4,0,0,1,7,4,0,0,1,0,12,0,0,1,0,0.160,0.192,0.280,0.472,41,0.120,0.250,48.1%,44.4%,0.0%,0.00,9,<a href=https://npb.jp/bis/eng/teams/index_s.html>Yakult</a>,CL
,Shiomi Yasutaka,31,113,101,15,27,3,0,3,39,8,3,0,0,1,16,9,3,2,1,0.267,0.336,0.386,0.722,113,0.119,0.289,24.8%,14.2%,8.0%,0.56,8,<a href=https://npb.jp/bis/eng/teams/index_s.html>Yakult</a>,CL
,Sneed Cy,24,36,28,1,3,1,0,0,4,1,0,0,8,0,12,0,0,0,0,0.107,0.107,0.143,0.250,-21,0.036,0.188,33.3%,33.3%,0.0%,0.00,1,<a href=https://npb.jp/bis/eng/teams/index_s.html>Yakult</a>,CL
,Suzuki Kyo,2,4,4,0,2,0,0,0,2,2,0,0,0,0,1,0,0,0,0,0.500,0.500,0.500,1.000,194,0.000,0.667,25.0%,25.0%,0.0%,0.00,2,<a href=https://npb.jp/bis/eng/teams/index_s.html>Yakult</a>,CL
,Takahashi Keiji,21,40,38,2,6,0,0,0,6,0,0,0,1,0,16,1,0,0,0,0.158,0.179,0.158,0.337,5,0.000,0.273,42.5%,40.0%,2.5%,0.06,1,<a href=https://npb.jp/bis/eng/teams/index_s.html>Yakult</a>,CL
,Takanashi Hirotoshi,8,10,9,0,0,0,0,0,0,0,0,0,1,0,5,0,0,0,0,0.000,0.000,0.000,0.000,-92,0.000,0.000,50.0%,50.0%,0.0%,0.00,1,<a href=https://npb.jp/bis/eng/teams/index_s.html>Yakult</a>,CL
,Takeoka Ryusei,76,147,130,16,23,2,1,3,36,9,1,0,6,1,33,10,1,0,2,0.177,0.234,0.277,0.511,53,0.100,0.211,31.3%,22.4%,6.8%,0.30,4,<a href=https://npb.jp/bis/eng/teams/index_s.html>Yakult</a>,CL
,Uchiyama Souma,24,54,52,2,10,1,0,0,11,3,1,0,0,0,13,1,0,1,2,0.192,0.222,0.212,0.434,32,0.020,0.256,25.9%,24.1%,1.9%,0.08,2,<a href=https://npb.jp/bis/eng/teams/index_s.html>Yakult</a>,CL
,Yajure Miguel,23,40,36,0,1,0,0,0,1,0,0,0,4,0,18,0,0,0,1,0.028,0.028,0.028,0.056,-76,0.000,0.056,45.0%,45.0%,0.0%,0.00,1,<a href=https://npb.jp/bis/eng/teams/index_s.html>Yakult</a>,CL
,Yamada Tetsuto,110,385,340,38,77,14,1,14,135,39,1,0,0,4,86,36,1,5,6,0.226,0.306,0.397,0.703,107,0.171,0.258,35.3%,22.3%,9.4%,0.42,4,<a href=https://npb.jp/bis/eng/teams/index_s.html>Yakult</a>,CL
,Yamano Taichi,14,14,10,0,0,0,0,0,0,1,0,0,4,0,5,0,0,0,0,0.000,0.000,0.000,0.000,-92,0.000,0.000,35.7%,35.7%,0.0%,0.00,1,<a href=https://npb.jp/bis/eng/teams/index_s.html>Yakult</a>,CL
,Yamasaki Kotaro,22,39,30,4,4,0,0,0,4,1,1,0,6,0,13,3,0,0,0,0.133,0.212,0.133,0.345,7,0.000,0.235,41.0%,33.3%,7.7%,0.23,7,<a href=https://npb.jp/bis/eng/teams/index_s.html>Yakult</a>,CL
,Yoshimura Kojiro,23,48,42,1,2,0,0,0,2,0,0,0,4,0,19,2,0,0,1,0.048,0.091,0.048,0.139,-52,0.000,0.087,43.8%,39.6%,4.2%,0.11,1,<a href=https://npb.jp/bis/eng/teams/index_s.html>Yakult</a>,CL
,Bright Kenta,35,51,46,3,11,0,0,2,17,3,0,0,0,0,16,5,0,0,0,0.239,0.314,0.370,0.684,119,0.131,0.321,45.1%,31.4%,9.8%,0.31,7,<a href=https://npb.jp/bis/eng/teams/index_d.html>Chunichi</a>,CL
,Calixte Orlando,114,393,372,30,97,11,1,7,131,36,2,2,3,3,67,15,3,0,9,0.261,0.287,0.352,0.639,104,0.091,0.299,22.6%,17.0%,3.8%,0.22,UTL,<a href=https://npb.jp/bis/eng/teams/index_d.html>Chunichi</a>,CL
,Dickerson Alex,32,102,88,9,18,4,0,3,31,5,1,0,0,0,19,12,2,2,2,0.205,0.314,0.352,0.666,114,0.147,0.227,33.3%,18.6%,11.8%,0.63,7,<a href=https://npb.jp/bis/eng/teams/index_d.html>Chunichi</a>,CL
,Fujishima Kento,50,1,1,0,1,0,0,0,1,1,0,0,0,0,0,0,0,0,0,1.000,1.000,1.000,2.000,559,0.000,1.000,0.0%,0.0%,0.0%,,1,<a href=https://npb.jp/bis/eng/teams/index_d.html>Chunichi</a>,CL
,Fuku Hiroto,13,1,1,0,0,0,0,0,0,0,0,0,0,0,1,0,0,0,0,0.000,0.000,0.000,0.000,-108,0.000,,100.0%,100.0%,0.0%,0.00,1,<a href=https://npb.jp/bis/eng/teams/index_d.html>Chunichi</a>,CL
,Fukunaga Hiroki,111,402,363,40,111,22,2,6,155,32,9,3,4,2,82,27,1,6,4,0.306,0.362,0.427,0.789,154,0.121,0.379,28.6%,20.4%,6.7%,0.33,5,<a href=https://npb.jp/bis/eng/teams/index_d.html>Chunichi</a>,CL
,Fukutani Koji,8,10,9,0,2,1,0,0,3,2,0,0,1,0,1,0,0,0,1,0.222,0.222,0.333,0.555,75,0.111,0.250,10.0%,10.0%,0.0%,0.00,1,<a href=https://npb.jp/bis/eng/teams/index_d.html>Chunichi</a>,CL
,Gotoh Shunta,29,35,32,1,4,0,0,0,4,1,0,0,1,0,9,2,0,0,0,0.125,0.176,0.125,0.301,-6,0.000,0.174,31.4%,25.7%,5.7%,0.22,7,<a href=https://npb.jp/bis/eng/teams/index_d.html>Chunichi</a>,CL
,Habu Shohta,7,3,3,0,0,0,0,0,0,0,0,0,0,0,1,0,0,0,0,0.000,0.000,0.000,0.000,-108,0.000,0.000,33.3%,33.3%,0.0%,0.00,1,<a href=https://npb.jp/bis/eng/teams/index_d.html>Chunichi</a>,CL
,Hashimoto Yuki,47,3,3,0,0,0,0,0,0,0,0,0,0,0,3,0,0,0,0,0.000,0.000,0.000,0.000,-108,0.000,,100.0%,100.0%,0.0%,0.00,1,<a href=https://npb.jp/bis/eng/teams/index_d.html>Chunichi</a>,CL
,Higuchi Seishu,6,1,1,0,0,0,0,0,0,0,1,0,0,0,1,0,0,0,0,0.000,0.000,0.000,0.000,-108,0.000,,100.0%,100.0%,0.0%,0.00,4,<a href=https://npb.jp/bis/eng/teams/index_d.html>Chunichi</a>,CL
,Hosokawa Seiya,143,600,534,59,156,30,0,23,255,67,0,1,0,1,159,60,3,5,13,0.292,0.368,0.478,0.846,172,0.186,0.377,40.3%,26.5%,10.0%,0.38,9,<a href=https://npb.jp/bis/eng/teams/index_d.html>Chunichi</a>,CL
,Ishibashi Kota,11,29,24,1,5,2,0,0,7,3,0,0,3,1,7,1,1,0,1,0.208,0.231,0.292,0.523,66,0.084,0.278,27.6%,24.1%,3.4%,0.14,2,<a href=https://npb.jp/bis/eng/teams/index_d.html>Chunichi</a>,CL
,Ishigaki Masami,9,10,10,0,2,1,0,0,3,0,1,0,0,0,0,0,0,0,0,0.200,0.200,0.300,0.500,57,0.100,0.200,0.0%,0.0%,0.0%,,4,<a href=https://npb.jp/bis/eng/teams/index_d.html>Chunichi</a>,CL
,Ishikawa Takaya,82,275,254,17,69,16,0,4,97,25,0,0,0,2,37,17,0,2,9,0.272,0.320,0.382,0.702,125,0.110,0.302,21.1%,13.5%,6.2%,0.46,3,<a href=https://npb.jp/bis/eng/teams/index_d.html>Chunichi</a>,CL
,Itayama Yutaro,65,194,178,11,42,4,3,3,61,13,1,1,1,1,36,14,2,0,9,0.236,0.290,0.343,0.633,102,0.107,0.279,27.3%,18.6%,7.2%,0.39,4,<a href=https://npb.jp/bis/eng/teams/index_d.html>Chunichi</a>,CL
,Katoh Takuma,86,133,123,5,21,3,2,0,28,5,0,0,8,0,41,2,0,0,4,0.171,0.184,0.228,0.412,29,0.057,0.256,32.3%,30.8%,1.5%,0.05,2,<a href=https://npb.jp/bis/eng/teams/index_d.html>Chunichi</a>,CL
,Kawagoe Seiji,27,75,71,4,19,3,0,2,28,7,0,0,0,0,17,4,0,0,2,0.268,0.307,0.394,0.701,125,0.126,0.327,30.7%,22.7%,5.3%,0.24,7,<a href=https://npb.jp/bis/eng/teams/index_d.html>Chunichi</a>,CL
,Kinoshita Takuya,74,203,180,11,41,4,0,3,54,9,0,0,14,0,26,9,0,0,9,0.228,0.265,0.300,0.565,81,0.072,0.252,18.7%,12.8%,4.4%,0.35,2,<a href=https://npb.jp/bis/eng/teams/index_d.html>Chunichi</a>,CL
,Matsuba Takahiro,17,30,24,1,5,0,0,0,5,2,0,0,6,0,8,0,0,0,0,0.208,0.208,0.208,0.416,31,0.000,0.312,26.7%,26.7%,0.0%,0.00,1,<a href=https://npb.jp/bis/eng/teams/index_d.html>Chunichi</a>,CL
,Matsukihira Yuta,8,14,14,0,0,0,0,0,0,0,0,0,0,0,6,0,0,0,0,0.000,0.000,0.000,0.000,-108,0.000,0.000,42.9%,42.9%,0.0%,0.00,1,<a href=https://npb.jp/bis/eng/teams/index_d.html>Chunichi</a>,CL
,Mejia Humberto,15,17,11,0,0,0,0,0,0,0,0,0,5,0,5,1,0,0,0,0.000,0.083,0.000,0.083,-78,0.000,0.000,35.3%,29.4%,5.9%,0.20,1,<a href=https://npb.jp/bis/eng/teams/index_d.html>Chunichi</a>,CL
,Miya Taisei,3,1,1,0,0,0,0,0,0,0,0,0,0,0,0,0,0,0,0,0.000,0.000,0.000,0.000,-108,0.000,0.000,0.0%,0.0%,0.0%,,2,<a href=https://npb.jp/bis/eng/teams/index_d.html>Chunichi</a>,CL
,Miyoshi Hironori,37,90,82,6,18,2,1,0,22,4,0,0,1,1,22,5,0,1,2,0.220,0.270,0.268,0.538,72,0.048,0.295,30.0%,24.4%,5.6%,0.23,8,<a href=https://npb.jp/bis/eng/teams/index_d.html>Chunichi</a>,CL
,Muramatsu Kaito,109,418,371,35,102,14,3,1,125,25,3,4,14,3,81,26,1,4,7,0.275,0.327,0.337,0.664,114,0.062,0.346,25.8%,19.4%,6.2%,0.32,6,<a href=https://npb.jp/bis/eng/teams/index_d.html>Chunichi</a>,CL
,Nakajima Hiroyuki,15,15,13,0,0,0,0,0,0,1,0,0,0,0,7,0,0,2,1,0.000,0.133,0.000,0.133,-60,0.000,0.000,46.7%,46.7%,0.0%,0.00,,<a href=https://npb.jp/bis/eng/teams/index_d.html>Chunichi</a>,CL
,Nakata Sho,62,225,212,15,46,10,0,4,68,21,0,0,0,3,34,9,2,1,9,0.217,0.249,0.321,0.570,81,0.104,0.237,20.9%,15.1%,4.0%,0.26,3,<a href=https://npb.jp/bis/eng/teams/index_d.html>Chunichi</a>,CL
,Neo Akira,3,2,2,0,1,1,0,0,2,1,0,0,0,0,1,0,0,0,0,0.500,0.500,1.000,1.500,382,0.500,1.000,50.0%,50.0%,0.0%,0.00,1,<a href=https://npb.jp/bis/eng/teams/index_d.html>Chunichi</a>,CL
,Oda Gouki,65,12,11,8,0,0,0,0,0,0,4,5,1,0,4,0,0,0,0,0.000,0.000,0.000,0.000,-108,0.000,0.000,33.3%,33.3%,0.0%,0.00,8,<a href=https://npb.jp/bis/eng/teams/index_d.html>Chunichi</a>,CL
,Ogasawara Shinnosuke,24,44,36,0,3,0,0,0,3,0,0,0,7,0,17,1,0,0,0,0.083,0.108,0.083,0.191,-43,0.000,0.158,40.9%,38.6%,2.3%,0.06,1,<a href=https://npb.jp/bis/eng/teams/index_d.html>Chunichi</a>,CL
,Ohno Yudai,9,15,12,1,1,0,0,0,1,1,0,0,2,0,7,1,0,0,0,0.083,0.154,0.083,0.237,-27,0.000,0.200,53.3%,46.7%,6.7%,0.14,1,<a href=https://npb.jp/bis/eng/teams/index_d.html>Chunichi</a>,CL
,Ohshima Yohei,75,125,116,7,23,6,0,0,29,5,1,1,0,0,11,9,1,0,0,0.198,0.256,0.250,0.506,61,0.052,0.219,16.0%,8.8%,7.2%,0.82,7,<a href=https://npb.jp/bis/eng/teams/index_d.html>Chunichi</a>,CL
,Okabayashi Yuki,123,460,425,34,109,10,3,0,125,12,10,7,6,0,62,29,2,0,2,0.256,0.304,0.294,0.598,92,0.038,0.300,19.8%,13.5%,6.3%,0.47,8,<a href=https://npb.jp/bis/eng/teams/index_d.html>Chunichi</a>,CL
,Rodriguez Christian,23,59,54,3,7,0,0,0,7,1,0,0,3,0,16,2,0,0,0,0.130,0.161,0.130,0.291,-10,0.000,0.184,30.5%,27.1%,3.4%,0.12,6,<a href=https://npb.jp/bis/eng/teams/index_d.html>Chunichi</a>,CL
,Takahashi Hiroto,21,46,39,4,3,1,0,0,4,1,0,0,6,0,13,1,0,0,0,0.077,0.100,0.103,0.203,-40,0.026,0.115,30.4%,28.3%,2.2%,0.08,1,<a href=https://npb.jp/bis/eng/teams/index_d.html>Chunichi</a>,CL
,Takahashi Shuhei,60,190,173,8,45,6,0,2,57,16,0,1,3,0,40,13,2,1,7,0.260,0.316,0.329,0.645,108,0.069,0.328,28.9%,21.1%,6.8%,0.32,5,<a href=https://npb.jp/bis/eng/teams/index_d.html>Chunichi</a>,CL
,Tanaka Mikiya,112,343,313,26,70,8,2,2,88,23,5,1,10,0,46,20,1,0,3,0.224,0.270,0.281,0.551,76,0.057,0.257,19.8%,13.4%,5.8%,0.43,4,<a href=https://npb.jp/bis/eng/teams/index_d.html>Chunichi</a>,CL
,Tsuchida Ryuku,17,45,44,1,7,1,0,0,8,2,1,0,0,0,11,1,0,0,0,0.159,0.178,0.182,0.360,13,0.023,0.212,26.7%,24.4%,2.2%,0.09,6,<a href=https://npb.jp/bis/eng/teams/index_d.html>Chunichi</a>,CL
,Tsujimoto Rintaro,13,20,18,0,3,0,0,0,3,0,0,0,1,0,0,1,1,0,1,0.167,0.211,0.167,0.378,19,0.000,0.167,5.0%,0.0%,5.0%,1.00,4,<a href=https://npb.jp/bis/eng/teams/index_d.html>Chunichi</a>,CL
,Uebayashi Seiji,46,102,94,6,18,1,1,1,24,3,0,0,1,0,22,7,1,0,0,0.191,0.248,0.255,0.503,60,0.064,0.239,29.4%,21.6%,6.9%,0.32,9,<a href=https://npb.jp/bis/eng/teams/index_d.html>Chunichi</a>,CL
,Ukai Kosuke,12,27,27,1,5,2,0,0,7,3,0,0,0,0,10,0,0,0,1,0.185,0.185,0.259,0.444,39,0.074,0.294,37.0%,37.0%,0.0%,0.00,7,<a href=https://npb.jp/bis/eng/teams/index_d.html>Chunichi</a>,CL
,Umetsu Kodai,14,19,18,1,2,0,0,0,2,0,0,0,1,0,9,0,0,0,0,0.111,0.111,0.111,0.222,-33,0.000,0.222,47.4%,47.4%,0.0%,0.00,1,<a href=https://npb.jp/bis/eng/teams/index_d.html>Chunichi</a>,CL
,Usami Shingo,61,164,152,7,46,8,0,3,63,17,0,0,1,2,38,9,0,0,5,0.303,0.337,0.414,0.751,141,0.111,0.381,30.5%,23.2%,5.5%,0.24,2,<a href=https://npb.jp/bis/eng/teams/index_d.html>Chunichi</a>,CL
,Viciedo Dayan,15,46,43,2,9,1,0,1,13,2,0,0,0,0,3,2,1,1,3,0.209,0.261,0.302,0.563,80,0.093,0.205,13.0%,6.5%,4.3%,0.67,3,<a href=https://npb.jp/bis/eng/teams/index_d.html>Chunichi</a>,CL
,Wakui Hideaki,16,24,22,1,1,1,0,0,2,0,0,0,1,0,9,1,0,0,1,0.045,0.087,0.091,0.178,-48,0.046,0.077,41.7%,37.5%,4.2%,0.11,1,<a href=https://npb.jp/bis/eng/teams/index_d.html>Chunichi</a>,CL
,Yamamoto Yasuhiro,79,179,156,14,39,3,0,1,45,9,1,1,6,2,33,15,0,0,1,0.250,0.312,0.288,0.600,94,0.038,0.306,27.4%,18.4%,8.4%,0.45,UTL,<a href=https://npb.jp/bis/eng/teams/index_d.html>Chunichi</a>,CL
,Yanagi Yuya,13,24,20,1,4,2,0,0,6,0,0,0,3,0,8,1,0,0,0,0.200,0.238,0.300,0.538,71,0.100,0.333,37.5%,33.3%,4.2%,0.12,1,<a href=https://npb.jp/bis/eng/teams/index_d.html>Chunichi</a>,CL
,Adachi Ryoichi,24,44,37,4,8,1,0,0,9,2,0,0,3,0,8,3,0,1,0,0.216,0.293,0.243,0.536,68,0.027,0.276,25.0%,18.2%,6.8%,0.38,4,<a href=https://npb.jp/bis/eng/teams/index_b.html>ORIX</a>,PL
,Azuma Kohei,10,3,3,0,0,0,0,0,0,0,0,0,0,0,3,0,0,0,0,0.000,0.000,0.000,0.000,-102,0.000,,100.0%,100.0%,0.0%,0.00,1,<a href=https://npb.jp/bis/eng/teams/index_b.html>ORIX</a>,PL
,Cedeno Leandro,98,334,304,29,79,9,0,15,133,37,0,2,0,2,97,23,5,5,15,0.260,0.320,0.438,0.758,136,0.178,0.330,40.4%,29.0%,6.9%,0.24,DH,<a href=https://npb.jp/bis/eng/teams/index_b.html>ORIX</a>,PL
,Chano Tokumasa,16,57,52,6,14,2,1,0,18,6,5,0,1,1,13,3,0,0,0,0.269,0.304,0.346,0.650,103,0.077,0.350,28.1%,22.8%,5.3%,0.23,9,<a href=https://npb.jp/bis/eng/teams/index_b.html>ORIX</a>,PL
,Espinoza Anderson,22,4,4,0,0,0,0,0,0,0,0,0,0,0,3,0,0,0,0,0.000,0.000,0.000,0.000,-102,0.000,0.000,75.0%,75.0%,0.0%,0.00,1,<a href=https://npb.jp/bis/eng/teams/index_b.html>ORIX</a>,PL
,Fukuda Shuhei,69,261,228,25,53,6,1,1,64,13,7,3,6,0,26,25,1,2,1,0.232,0.314,0.281,0.595,87,0.049,0.259,19.9%,10.0%,9.6%,0.96,8,<a href=https://npb.jp/bis/eng/teams/index_b.html>ORIX</a>,PL
,Fukunaga Sho,11,23,22,1,4,0,0,0,4,0,0,0,0,0,6,1,0,0,1,0.182,0.217,0.182,0.399,24,0.000,0.250,30.4%,26.1%,4.3%,0.17,2,<a href=https://npb.jp/bis/eng/teams/index_b.html>ORIX</a>,PL
,Gen Kendai,5,8,8,0,1,0,0,0,1,0,0,0,0,0,3,0,0,0,0,0.125,0.125,0.125,0.250,-22,0.000,0.200,37.5%,37.5%,0.0%,0.00,9,<a href=https://npb.jp/bis/eng/teams/index_b.html>ORIX</a>,PL
,Gibo Sho,22,14,12,2,3,0,0,0,3,0,1,0,0,0,3,2,0,0,0,0.250,0.357,0.250,0.607,92,0.000,0.333,35.7%,21.4%,14.3%,0.67,4,<a href=https://npb.jp/bis/eng/teams/index_b.html>ORIX</a>,PL
,Gonzalez Marwin,23,65,61,3,8,0,0,1,11,2,0,0,0,0,13,4,1,0,0,0.131,0.185,0.180,0.365,13,0.049,0.149,27.7%,20.0%,6.2%,0.31,4,<a href=https://npb.jp/bis/eng/teams/index_b.html>ORIX</a>,PL
,Hirooka Taishi,61,119,108,11,21,6,0,0,27,5,2,0,0,1,31,10,0,0,2,0.194,0.261,0.250,0.511,60,0.056,0.269,34.5%,26.1%,8.4%,0.32,8,<a href=https://npb.jp/bis/eng/teams/index_b.html>ORIX</a>,PL
,Ikeda Ryoma,8,23,23,0,4,0,0,0,4,0,0,0,0,0,4,0,0,0,1,0.174,0.174,0.174,0.348,8,0.000,0.211,17.4%,17.4%,0.0%,0.00,9,<a href=https://npb.jp/bis/eng/teams/index_b.html>ORIX</a>,PL
,Ishikawa Ryo,13,8,7,0,1,1,0,0,2,0,0,0,0,0,2,1,0,0,0,0.143,0.250,0.286,0.536,67,0.143,0.200,37.5%,25.0%,12.5%,0.50,2,<a href=https://npb.jp/bis/eng/teams/index_b.html>ORIX</a>,PL
,Kita Ryoto,54,189,170,14,36,7,2,2,53,11,4,4,7,0,49,10,0,2,4,0.212,0.264,0.312,0.576,80,0.100,0.286,32.3%,25.9%,5.3%,0.20,9,<a href=https://npb.jp/bis/eng/teams/index_b.html>ORIX</a>,PL
,Kurebayashi Kotaro,136,523,465,32,115,25,0,2,146,38,0,4,8,8,74,37,0,5,12,0.247,0.305,0.314,0.619,94,0.067,0.285,21.6%,14.1%,7.1%,0.50,6,<a href=https://npb.jp/bis/eng/teams/index_b.html>ORIX</a>,PL
,Mori Tomoya,117,457,395,46,111,24,1,9,164,46,6,1,0,5,61,50,2,7,4,0.281,0.368,0.415,0.783,145,0.134,0.309,26.3%,13.3%,10.9%,0.82,DH,<a href=https://npb.jp/bis/eng/teams/index_b.html>ORIX</a>,PL
,Mune Yuma,97,322,289,15,68,12,2,1,87,22,3,2,11,2,31,14,1,6,8,0.235,0.283,0.301,0.584,83,0.066,0.259,14.3%,9.6%,4.3%,0.45,5,<a href=https://npb.jp/bis/eng/teams/index_b.html>ORIX</a>,PL
,Naito Ho,7,21,20,0,2,1,0,0,3,0,0,0,0,0,9,0,0,1,0,0.100,0.143,0.150,0.293,-9,0.050,0.182,42.9%,42.9%,0.0%,0.00,DH,<a href=https://npb.jp/bis/eng/teams/index_b.html>ORIX</a>,PL
,Nakagawa Keita,60,233,216,24,50,12,0,2,68,16,3,1,2,2,24,13,0,0,3,0.231,0.273,0.315,0.588,84,0.084,0.250,16.7%,10.3%,5.6%,0.54,8,<a href=https://npb.jp/bis/eng/teams/index_b.html>ORIX</a>,PL
,Nishikawa Ryoma,138,553,519,42,134,25,0,7,180,46,11,1,2,4,97,27,1,1,11,0.258,0.294,0.347,0.641,100,0.089,0.303,23.7%,17.5%,4.9%,0.28,7,<a href=https://npb.jp/bis/eng/teams/index_b.html>ORIX</a>,PL
,Nishino Masahiro,89,312,280,27,84,6,3,1,99,13,3,1,8,1,26,22,0,1,3,0.300,0.352,0.354,0.706,121,0.054,0.327,15.7%,8.3%,7.1%,0.85,4,<a href=https://npb.jp/bis/eng/teams/index_b.html>ORIX</a>,PL
,Noguchi Tomoya,12,30,27,4,3,1,0,1,7,1,0,1,0,0,10,1,0,2,0,0.111,0.200,0.259,0.459,42,0.148,0.125,40.0%,33.3%,3.3%,0.10,UTL,<a href=https://npb.jp/bis/eng/teams/index_b.html>ORIX</a>,PL
,Oda Yuya,20,15,14,3,3,1,1,0,6,0,0,0,0,0,5,1,0,0,1,0.214,0.267,0.429,0.696,115,0.215,0.333,40.0%,33.3%,6.7%,0.20,8,<a href=https://npb.jp/bis/eng/teams/index_b.html>ORIX</a>,PL
,Ohsato Kosei,51,176,153,11,36,4,2,2,50,8,5,2,8,0,26,14,0,1,1,0.235,0.304,0.327,0.631,97,0.092,0.272,23.9%,14.8%,8.0%,0.54,4,<a href=https://npb.jp/bis/eng/teams/index_b.html>ORIX</a>,PL
,Ohshiro Koji,7,18,13,3,4,1,0,0,5,2,0,0,3,0,1,0,0,2,0,0.308,0.400,0.385,0.785,147,0.077,0.333,5.6%,5.6%,0.0%,0.00,4,<a href=https://npb.jp/bis/eng/teams/index_b.html>ORIX</a>,PL
,Ohta Ryo,91,369,333,39,96,16,3,6,136,40,4,3,4,4,66,27,0,1,10,0.288,0.340,0.408,0.748,134,0.120,0.340,26.8%,17.9%,7.3%,0.41,4,<a href=https://npb.jp/bis/eng/teams/index_b.html>ORIX</a>,PL
,Okada Takahiro,4,9,8,0,1,0,0,0,1,0,0,0,0,0,3,1,0,0,0,0.125,0.222,0.125,0.347,9,0.000,0.200,44.4%,33.3%,11.1%,0.33,3,<a href=https://npb.jp/bis/eng/teams/index_b.html>ORIX</a>,PL
,Saito Kyosuke,8,4,4,0,0,0,0,0,0,0,0,0,0,0,4,0,0,0,0,0.000,0.000,0.000,0.000,-102,0.000,,100.0%,100.0%,0.0%,0.00,1,<a href=https://npb.jp/bis/eng/teams/index_b.html>ORIX</a>,PL
,Sano Kodai,4,2,2,1,0,0,0,0,0,0,0,1,0,0,0,0,0,0,1,0.000,0.000,0.000,0.000,-102,0.000,0.000,0.0%,0.0%,0.0%,,8,<a href=https://npb.jp/bis/eng/teams/index_b.html>ORIX</a>,PL
,Satoh Kazuma,5,2,2,0,0,0,0,0,0,0,0,0,0,0,1,0,0,0,0,0.000,0.000,0.000,0.000,-102,0.000,0.000,50.0%,50.0%,0.0%,0.00,1,<a href=https://npb.jp/bis/eng/teams/index_b.html>ORIX</a>,PL
,Sugimoto Yutaro,82,239,219,17,51,7,0,11,91,27,1,0,0,1,56,15,1,4,5,0.233,0.293,0.416,0.709,119,0.183,0.261,34.3%,23.4%,6.3%,0.27,9,<a href=https://npb.jp/bis/eng/teams/index_b.html>ORIX</a>,PL
,Sugisawa Ryu,28,21,19,0,1,0,0,0,1,0,0,0,2,0,6,0,0,0,0,0.053,0.053,0.053,0.106,-68,0.000,0.077,28.6%,28.6%,0.0%,0.00,8,<a href=https://npb.jp/bis/eng/teams/index_b.html>ORIX</a>,PL
,Tajima Daiki,21,3,3,0,0,0,0,0,0,0,0,0,0,0,1,0,0,0,0,0.000,0.000,0.000,0.000,-102,0.000,0.000,33.3%,33.3%,0.0%,0.00,1,<a href=https://npb.jp/bis/eng/teams/index_b.html>ORIX</a>,PL
,Takashima Taito,21,1,1,0,0,0,0,0,0,0,0,0,0,0,1,0,0,0,0,0.000,0.000,0.000,0.000,-102,0.000,,100.0%,100.0%,0.0%,0.00,1,<a href=https://npb.jp/bis/eng/teams/index_b.html>ORIX</a>,PL
,Thomas Cody,10,18,18,0,0,0,0,0,0,0,0,0,0,0,7,0,0,0,0,0.000,0.000,0.000,0.000,-102,0.000,0.000,38.9%,38.9%,0.0%,0.00,DH,<a href=https://npb.jp/bis/eng/teams/index_b.html>ORIX</a>,PL
,Tongu Yuma,81,290,249,17,49,7,1,7,79,30,0,0,0,2,57,32,1,7,8,0.197,0.303,0.317,0.620,94,0.120,0.225,33.1%,19.7%,11.0%,0.56,3,<a href=https://npb.jp/bis/eng/teams/index_b.html>ORIX</a>,PL
,Wakatsuki Kenya,96,299,264,13,53,9,1,3,73,18,0,1,19,3,59,10,2,3,8,0.201,0.236,0.277,0.513,59,0.076,0.244,24.1%,19.7%,3.3%,0.17,2,<a href=https://npb.jp/bis/eng/teams/index_b.html>ORIX</a>,PL
,Watanabe Haruto,65,81,66,6,12,2,0,0,14,7,4,5,8,0,10,6,0,1,0,0.182,0.260,0.212,0.472,48,0.030,0.214,19.8%,12.3%,7.4%,0.60,8,<a href=https://npb.jp/bis/eng/teams/index_b.html>ORIX</a>,PL
,Yamaashi Tatsuya,43,18,15,5,2,0,0,0,2,0,2,0,0,0,3,3,1,0,0,0.133,0.278,0.133,0.411,31,0.000,0.167,33.3%,16.7%,16.7%,1.00,4,<a href=https://npb.jp/bis/eng/teams/index_b.html>ORIX</a>,PL
,Yokoyama Seiya,12,40,40,2,6,1,0,0,7,0,0,0,0,0,16,0,0,0,1,0.150,0.150,0.175,0.325,0,0.025,0.250,40.0%,40.0%,0.0%,0.00,5,<a href=https://npb.jp/bis/eng/teams/index_b.html>ORIX</a>,PL
,Chatani Kenta,88,76,72,5,12,1,0,0,13,4,0,0,2,1,18,1,0,0,1,0.167,0.176,0.181,0.357,11,0.014,0.218,25.0%,23.7%,1.3%,0.06,3,<a href=https://npb.jp/bis/eng/teams/index_m.html>Lotte</a>,PL
,Fujioka Yudai,90,369,312,31,80,13,1,5,110,29,0,0,7,2,58,46,1,2,4,0.256,0.354,0.353,0.707,116,0.097,0.299,29.5%,15.7%,12.5%,0.79,4,<a href=https://npb.jp/bis/eng/teams/index_m.html>Lotte</a>,PL
,Fujiwara Kyota,74,264,231,30,67,8,4,2,89,21,4,1,3,2,39,25,0,3,2,0.290,0.364,0.385,0.749,129,0.095,0.339,25.0%,14.8%,9.5%,0.64,9,<a href=https://npb.jp/bis/eng/teams/index_m.html>Lotte</a>,PL
,Ikeda Raito,21,46,45,2,5,2,0,0,7,1,0,0,0,0,7,1,0,0,2,0.111,0.130,0.156,0.286,-12,0.045,0.132,17.4%,15.2%,2.2%,0.14,4,<a href=https://npb.jp/bis/eng/teams/index_m.html>Lotte</a>,PL
,Ishikawa Shingo,33,93,90,2,19,3,0,1,25,5,0,0,0,0,19,3,0,0,3,0.211,0.237,0.278,0.515,58,0.067,0.257,24.7%,20.4%,3.2%,0.16,DH,<a href=https://npb.jp/bis/eng/teams/index_m.html>Lotte</a>,PL
,Kakinuma Tomoya,3,3,3,0,0,0,0,0,0,0,0,0,0,0,2,0,0,0,0,0.000,0.000,0.000,0.000,-98,0.000,0.000,66.7%,66.7%,0.0%,0.00,2,<a href=https://npb.jp/bis/eng/teams/index_m.html>Lotte</a>,PL
,Kakunaka Katsuya,84,217,189,21,53,12,2,3,78,20,0,0,1,2,37,24,1,1,4,0.280,0.361,0.413,0.774,136,0.133,0.331,29.5%,17.1%,11.1%,0.65,7,<a href=https://npb.jp/bis/eng/teams/index_m.html>Lotte</a>,PL
,Matsukawa Kou,2,4,4,0,1,0,0,0,1,0,0,0,0,0,3,0,0,0,0,0.250,0.250,0.250,0.500,54,0.000,1.000,75.0%,75.0%,0.0%,0.00,2,<a href=https://npb.jp/bis/eng/teams/index_m.html>Lotte</a>,PL
,Mercedes CC,21,2,2,0,0,0,0,0,0,0,0,0,0,0,1,0,0,0,0,0.000,0.000,0.000,0.000,-98,0.000,0.000,50.0%,50.0%,0.0%,0.00,1,<a href=https://npb.jp/bis/eng/teams/index_m.html>Lotte</a>,PL
,Mima Manabu,3,1,1,0,0,0,0,0,0,0,0,0,0,0,0,0,0,0,0,0.000,0.000,0.000,0.000,-98,0.000,0.000,0.0%,0.0%,0.0%,,1,<a href=https://npb.jp/bis/eng/teams/index_m.html>Lotte</a>,PL
,Nakamura Shogo,120,433,376,36,88,18,0,4,118,27,2,2,11,0,75,41,0,5,15,0.234,0.318,0.314,0.632,94,0.080,0.283,27.7%,17.3%,9.5%,0.55,5,<a href=https://npb.jp/bis/eng/teams/index_m.html>Lotte</a>,PL
,Nishino Yuji,20,3,3,0,0,0,0,0,0,0,0,0,0,0,3,0,0,0,0,0.000,0.000,0.000,0.000,-98,0.000,,100.0%,100.0%,0.0%,0.00,1,<a href=https://npb.jp/bis/eng/teams/index_m.html>Lotte</a>,PL
,Ogawa Ryusei,119,313,261,33,63,2,0,0,65,21,10,1,20,2,52,30,1,0,2,0.241,0.317,0.249,0.566,75,0.008,0.299,26.2%,16.6%,9.6%,0.58,4,<a href=https://npb.jp/bis/eng/teams/index_m.html>Lotte</a>,PL
,Ogino Takashi,80,213,197,25,55,6,1,1,66,15,0,0,4,0,15,10,1,2,6,0.279,0.321,0.335,0.656,100,0.056,0.298,12.2%,7.0%,4.7%,0.67,7,<a href=https://npb.jp/bis/eng/teams/index_m.html>Lotte</a>,PL
,Ohshita Seiichiro,22,22,20,1,3,1,0,0,4,1,0,0,1,0,4,1,0,0,0,0.150,0.190,0.200,0.390,20,0.050,0.188,22.7%,18.2%,4.5%,0.25,3,<a href=https://npb.jp/bis/eng/teams/index_m.html>Lotte</a>,PL
,Ojima Kazuya,25,4,3,0,0,0,0,0,0,0,0,0,1,0,2,0,0,0,0,0.000,0.000,0.000,0.000,-98,0.000,0.000,50.0%,50.0%,0.0%,0.00,1,<a href=https://npb.jp/bis/eng/teams/index_m.html>Lotte</a>,PL
,Oka Hiromi,103,420,362,52,104,28,2,7,157,33,11,3,4,3,64,44,6,7,9,0.287,0.373,0.434,0.807,145,0.147,0.330,27.4%,15.2%,10.5%,0.69,8,<a href=https://npb.jp/bis/eng/teams/index_m.html>Lotte</a>,PL
,Polanco Gregory,118,468,416,47,101,21,0,23,191,60,0,0,0,4,86,46,2,2,5,0.243,0.318,0.459,0.777,135,0.216,0.251,33.1%,18.4%,9.8%,0.53,DH,<a href=https://npb.jp/bis/eng/teams/index_m.html>Lotte</a>,PL
,Sasaki Roki,18,3,3,0,0,0,0,0,0,0,0,0,0,0,2,0,0,0,0,0.000,0.000,0.000,0.000,-98,0.000,0.000,66.7%,66.7%,0.0%,0.00,1,<a href=https://npb.jp/bis/eng/teams/index_m.html>Lotte</a>,PL
,Satoh Toshiya,116,452,410,41,114,20,0,5,149,45,4,1,4,6,51,29,2,3,10,0.278,0.326,0.363,0.689,110,0.085,0.303,18.8%,11.3%,6.4%,0.57,2,<a href=https://npb.jp/bis/eng/teams/index_m.html>Lotte</a>,PL
,Sawada Keisuke,21,1,1,0,0,0,0,0,0,0,0,0,0,0,1,0,0,0,0,0.000,0.000,0.000,0.000,-98,0.000,,100.0%,100.0%,0.0%,0.00,1,<a href=https://npb.jp/bis/eng/teams/index_m.html>Lotte</a>,PL
,Soto Neftali,132,542,491,43,132,22,2,21,221,88,0,0,0,4,136,42,2,5,19,0.269,0.330,0.450,0.780,137,0.181,0.328,36.7%,25.1%,7.7%,0.31,3,<a href=https://npb.jp/bis/eng/teams/index_m.html>Lotte</a>,PL
,Takabe Akito,76,287,260,37,78,12,3,1,99,23,10,4,5,2,43,19,2,1,3,0.300,0.348,0.381,0.729,122,0.081,0.353,22.0%,15.0%,6.6%,0.44,8,<a href=https://npb.jp/bis/eng/teams/index_m.html>Lotte</a>,PL
,Takeda Aito,52,76,69,4,13,2,0,0,15,3,0,0,2,0,14,4,0,1,3,0.188,0.243,0.217,0.460,42,0.029,0.236,23.7%,18.4%,5.3%,0.29,9,<a href=https://npb.jp/bis/eng/teams/index_m.html>Lotte</a>,PL
,Tamura Tatsuhiro,51,160,140,11,28,10,0,0,38,14,0,0,4,2,27,14,0,0,2,0.200,0.269,0.271,0.540,65,0.071,0.243,25.6%,16.9%,8.8%,0.52,2,<a href=https://npb.jp/bis/eng/teams/index_m.html>Lotte</a>,PL
,Taneichi Atsuki,23,5,4,0,0,0,0,0,0,0,0,0,1,0,4,0,0,0,0,0.000,0.000,0.000,0.000,-98,0.000,,80.0%,80.0%,0.0%,0.00,1,<a href=https://npb.jp/bis/eng/teams/index_m.html>Lotte</a>,PL
,Terachi Ryusei,2,7,7,0,1,1,0,0,2,0,0,0,0,0,4,0,0,0,0,0.143,0.143,0.286,0.429,29,0.143,0.333,57.1%,57.1%,0.0%,0.00,DH,<a href=https://npb.jp/bis/eng/teams/index_m.html>Lotte</a>,PL
,Tomosugi Atsuki,125,393,355,33,73,10,0,0,83,15,11,2,19,2,52,17,0,0,5,0.206,0.241,0.234,0.475,46,0.028,0.239,17.6%,13.2%,4.3%,0.33,6,<a href=https://npb.jp/bis/eng/teams/index_m.html>Lotte</a>,PL
,Ueda Kyuto,21,64,58,3,15,3,0,0,18,7,0,0,1,1,9,2,0,2,0,0.259,0.302,0.310,0.612,88,0.051,0.300,17.2%,14.1%,3.1%,0.22,3,<a href=https://npb.jp/bis/eng/teams/index_m.html>Lotte</a>,PL
,Wada Koshiro,88,71,60,12,9,0,0,0,9,8,11,0,3,1,13,6,0,1,0,0.150,0.235,0.150,0.385,20,0.000,0.188,26.8%,18.3%,8.5%,0.46,8,<a href=https://npb.jp/bis/eng/teams/index_m.html>Lotte</a>,PL
,Yamaguchi Koki,51,181,170,10,34,8,0,2,48,13,1,0,0,0,30,10,0,1,6,0.200,0.249,0.282,0.531,62,0.082,0.232,23.2%,16.6%,5.5%,0.33,9,<a href=https://npb.jp/bis/eng/teams/index_m.html>Lotte</a>,PL
,Yamamoto Daito,5,19,18,0,2,1,0,0,3,0,0,0,0,0,4,1,0,0,0,0.111,0.158,0.167,0.325,1,0.056,0.143,26.3%,21.1%,5.3%,0.25,7,<a href=https://npb.jp/bis/eng/teams/index_m.html>Lotte</a>,PL
,Yasuda Hisanori,55,174,158,14,36,13,0,0,49,15,0,0,0,3,48,13,0,0,4,0.228,0.282,0.310,0.592,81,0.082,0.319,35.1%,27.6%,7.5%,0.27,5,<a href=https://npb.jp/bis/eng/teams/index_m.html>Lotte</a>,PL
,Arihara Kohei,26,4,3,0,0,0,0,0,0,0,0,0,1,0,2,0,0,0,0,0.000,0.000,0.000,0.000,-98,0.000,0.000,50.0%,50.0%,0.0%,0.00,1,<a href=https://npb.jp/bis/eng/teams/index_h.html>SoftBank</a>,PL
,Downs Jeter,7,26,22,3,6,0,0,1,9,2,1,0,0,0,1,2,0,2,0,0.273,0.385,0.409,0.794,143,0.136,0.250,15.4%,3.8%,7.7%,2.00,4,<a href=https://npb.jp/bis/eng/teams/index_h.html>SoftBank</a>,PL
,Higashihama Nao,11,3,2,1,0,0,0,0,0,0,0,0,0,0,1,1,0,0,0,0.000,0.333,0.000,0.333,10,0.000,0.000,66.7%,33.3%,33.3%,1.00,1,<a href=https://npb.jp/bis/eng/teams/index_h.html>SoftBank</a>,PL
,Hirose Ryuta,35,111,103,9,24,4,0,2,34,9,0,1,0,1,17,5,0,2,6,0.233,0.279,0.330,0.609,86,0.097,0.259,21.6%,15.3%,4.5%,0.29,4,<a href=https://npb.jp/bis/eng/teams/index_h.html>SoftBank</a>,PL
,Imamiya Kenta,133,538,462,60,121,25,4,6,172,39,1,0,25,2,87,46,2,3,9,0.262,0.331,0.372,0.703,115,0.110,0.310,25.8%,16.2%,8.6%,0.53,6,<a href=https://npb.jp/bis/eng/teams/index_h.html>SoftBank</a>,PL
,Inoue Tomoya,5,10,10,0,0,0,0,0,0,0,0,0,0,0,5,0,0,0,0,0.000,0.000,0.000,0.000,-98,0.000,0.000,50.0%,50.0%,0.0%,0.00,3,<a href=https://npb.jp/bis/eng/teams/index_h.html>SoftBank</a>,PL
,Ishikawa Shuta,15,1,1,0,0,0,0,0,0,0,0,0,0,0,0,0,0,0,0,0.000,0.000,0.000,0.000,-98,0.000,0.000,0.0%,0.0%,0.0%,,1,<a href=https://npb.jp/bis/eng/teams/index_h.html>SoftBank</a>,PL
,Ishizuka Soichiro,15,40,31,2,6,0,0,1,9,6,0,0,0,1,10,3,0,4,0,0.194,0.333,0.290,0.623,92,0.096,0.238,35.0%,25.0%,7.5%,0.30,3,<a href=https://npb.jp/bis/eng/teams/index_h.html>SoftBank</a>,PL
,Kai Takuya,119,392,344,34,88,25,0,5,128,43,1,1,14,2,89,31,0,1,6,0.256,0.317,0.372,0.689,111,0.116,0.329,31.9%,22.7%,7.9%,0.35,2,<a href=https://npb.jp/bis/eng/teams/index_h.html>SoftBank</a>,PL
,Kawamura Yuto,88,140,123,27,33,8,2,1,48,14,3,1,3,1,43,10,0,3,1,0.268,0.336,0.390,0.726,122,0.122,0.400,38.6%,30.7%,7.1%,0.23,9,<a href=https://npb.jp/bis/eng/teams/index_h.html>SoftBank</a>,PL
,Kawase Hikaru,105,156,138,17,36,2,2,0,42,7,2,2,10,1,24,7,1,0,0,0.261,0.295,0.304,0.599,84,0.043,0.313,19.9%,15.4%,4.5%,0.29,UTL,<a href=https://npb.jp/bis/eng/teams/index_h.html>SoftBank</a>,PL
,Kondoh Kensuke,129,535,436,66,137,29,2,19,227,72,11,1,0,1,76,92,11,6,10,0.314,0.439,0.521,0.960,192,0.207,0.345,35.0%,14.2%,17.2%,1.21,7,<a href=https://npb.jp/bis/eng/teams/index_h.html>SoftBank</a>,PL
,Kurihara Ryoya,140,598,527,74,144,40,2,20,248,87,2,1,10,7,99,49,1,5,10,0.273,0.337,0.471,0.808,145,0.198,0.299,28.1%,16.6%,8.2%,0.49,5,<a href=https://npb.jp/bis/eng/teams/index_h.html>SoftBank</a>,PL
,Makihara Taisei,78,259,240,26,68,7,4,2,89,13,6,4,9,1,41,8,0,1,2,0.283,0.308,0.371,0.679,107,0.088,0.333,19.7%,15.8%,3.1%,0.20,4,<a href=https://npb.jp/bis/eng/teams/index_h.html>SoftBank</a>,PL
,Masaki Tomoya,80,282,263,21,71,21,0,7,113,29,1,0,1,2,65,11,0,5,4,0.270,0.310,0.430,0.740,125,0.160,0.332,29.4%,23.0%,3.9%,0.17,9,<a href=https://npb.jp/bis/eng/teams/index_h.html>SoftBank</a>,PL
,Mimori Masaki,25,71,66,6,19,2,0,1,24,13,2,1,1,0,10,4,0,0,1,0.288,0.329,0.364,0.693,112,0.076,0.327,21.1%,14.1%,5.6%,0.40,4,<a href=https://npb.jp/bis/eng/teams/index_h.html>SoftBank</a>,PL
,Minei Hiroki,4,6,6,2,3,0,0,1,6,3,0,0,0,0,1,0,0,0,0,0.500,0.500,1.000,1.500,348,0.500,0.500,33.3%,16.7%,0.0%,0.00,2,<a href=https://npb.jp/bis/eng/teams/index_h.html>SoftBank</a>,PL
,Moinelo Livan,25,4,4,1,1,0,0,0,1,0,0,0,0,0,3,0,0,0,0,0.250,0.250,0.250,0.500,54,0.000,1.000,75.0%,75.0%,0.0%,0.00,1,<a href=https://npb.jp/bis/eng/teams/index_h.html>SoftBank</a>,PL
,Nakamura Akira,101,203,181,15,40,4,0,0,44,16,0,1,1,1,24,19,1,1,6,0.221,0.297,0.243,0.540,67,0.022,0.253,21.2%,11.8%,9.4%,0.79,3,<a href=https://npb.jp/bis/eng/teams/index_h.html>SoftBank</a>,PL
,Nakata Keisuke,24,16,14,2,3,0,0,0,3,0,0,0,1,0,3,1,0,0,1,0.214,0.267,0.214,0.481,49,0.000,0.273,25.0%,18.8%,6.2%,0.33,4,<a href=https://npb.jp/bis/eng/teams/index_h.html>SoftBank</a>,PL
,Nomura Daiju,2,2,2,0,0,0,0,0,0,0,0,0,0,0,0,0,0,0,0,0.000,0.000,0.000,0.000,-98,0.000,0.000,0.0%,0.0%,0.0%,,3,<a href=https://npb.jp/bis/eng/teams/index_h.html>SoftBank</a>,PL
,Nomura Isami,38,50,43,9,5,0,0,0,5,1,4,0,1,0,18,6,1,0,1,0.116,0.224,0.116,0.340,8,0.000,0.200,48.0%,36.0%,12.0%,0.33,4,<a href=https://npb.jp/bis/eng/teams/index_h.html>SoftBank</a>,PL
,Ogata Riku,86,62,52,19,9,1,1,0,12,4,4,1,3,0,10,7,0,0,2,0.173,0.271,0.231,0.502,55,0.058,0.214,27.4%,16.1%,11.3%,0.70,7,<a href=https://npb.jp/bis/eng/teams/index_h.html>SoftBank</a>,PL
,Ohzeki Tomohisa,20,4,4,0,1,0,0,0,1,0,0,0,0,0,2,0,0,0,0,0.250,0.250,0.250,0.500,54,0.000,0.500,50.0%,50.0%,0.0%,0.00,1,<a href=https://npb.jp/bis/eng/teams/index_h.html>SoftBank</a>,PL
,Sasagawa Yoshiyasu,7,21,21,3,6,0,0,1,9,2,2,1,0,0,6,0,0,0,0,0.286,0.286,0.429,0.715,117,0.143,0.357,33.3%,28.6%,0.0%,0.00,9,<a href=https://npb.jp/bis/eng/teams/index_h.html>SoftBank</a>,PL
,Satoh Naoki,44,93,84,7,16,3,1,0,21,6,3,3,1,1,30,4,0,3,0,0.190,0.250,0.250,0.500,54,0.060,0.291,36.6%,32.3%,4.3%,0.13,8,<a href=https://npb.jp/bis/eng/teams/index_h.html>SoftBank</a>,PL
,Shuto Ukyo,123,477,428,63,115,15,5,2,146,26,41,13,10,3,90,26,0,10,4,0.269,0.323,0.341,0.664,104,0.072,0.333,24.7%,18.9%,5.5%,0.29,8,<a href=https://npb.jp/bis/eng/teams/index_h.html>SoftBank</a>,PL
,Stewart Jr. Carter,20,2,2,0,0,0,0,0,0,0,0,0,0,0,2,0,0,0,0,0.000,0.000,0.000,0.000,-98,0.000,,100.0%,100.0%,0.0%,0.00,1,<a href=https://npb.jp/bis/eng/teams/index_h.html>SoftBank</a>,PL
,Sunagawa Richard,15,33,31,0,7,3,0,0,10,1,0,0,0,0,12,1,0,1,3,0.226,0.273,0.323,0.596,82,0.097,0.368,39.4%,36.4%,3.0%,0.08,3,<a href=https://npb.jp/bis/eng/teams/index_h.html>SoftBank</a>,PL
,Tanigawara Kenta,4,10,9,3,4,1,1,0,7,2,0,0,0,0,2,0,0,1,0,0.444,0.500,0.778,1.278,285,0.334,0.571,20.0%,20.0%,0.0%,0.00,2,<a href=https://npb.jp/bis/eng/teams/index_h.html>SoftBank</a>,PL
,Umino Takashi,51,120,104,10,18,5,0,2,29,10,0,0,9,0,30,6,0,1,3,0.173,0.225,0.279,0.504,54,0.106,0.222,31.7%,25.0%,5.0%,0.20,2,<a href=https://npb.jp/bis/eng/teams/index_h.html>SoftBank</a>,PL
,Wada Tsuyoshi,8,1,0,0,0,0,0,0,0,0,0,0,1,0,0,0,0,0,0,0.000,0.000,0.000,0.000,-98,0.000,,0.0%,0.0%,0.0%,,1,<a href=https://npb.jp/bis/eng/teams/index_h.html>SoftBank</a>,PL
,Walker Adam,20,66,65,2,11,3,0,1,17,3,1,0,0,0,19,0,0,1,1,0.169,0.182,0.262,0.444,35,0.093,0.222,30.3%,28.8%,0.0%,0.00,DH,<a href=https://npb.jp/bis/eng/teams/index_h.html>SoftBank</a>,PL
,Yamakawa Hotaka,143,611,550,66,136,26,1,34,266,99,0,0,0,3,158,48,3,10,17,0.247,0.318,0.484,0.802,142,0.237,0.283,39.3%,25.9%,7.9%,0.30,3,<a href=https://npb.jp/bis/eng/teams/index_h.html>SoftBank</a>,PL
,Yanagimachi Tatsuru,73,237,216,26,58,11,5,4,91,40,1,0,4,2,65,14,0,1,4,0.269,0.313,0.421,0.734,124,0.152,0.362,35.0%,27.4%,5.9%,0.22,7,<a href=https://npb.jp/bis/eng/teams/index_h.html>SoftBank</a>,PL
,Yanagita Yuki,52,225,185,31,53,7,1,4,74,35,3,0,0,2,36,35,3,3,2,0.286,0.404,0.400,0.804,146,0.114,0.333,33.3%,16.0%,15.6%,0.97,9,<a href=https://npb.jp/bis/eng/teams/index_h.html>SoftBank</a>,PL
,Yoshida Kengo,10,27,26,2,5,0,0,0,5,2,0,0,0,1,4,0,0,0,0,0.192,0.185,0.192,0.377,17,0.000,0.217,14.8%,14.8%,0.0%,0.00,DH,<a href=https://npb.jp/bis/eng/teams/index_h.html>SoftBank</a>,PL
,Abe Toshiki,78,254,229,19,52,13,2,9,96,32,0,2,4,0,54,20,0,1,3,0.227,0.292,0.419,0.711,122,0.192,0.259,32.7%,21.3%,7.9%,0.37,7,<a href=https://npb.jp/bis/eng/teams/index_e.html>Rakuten</a>,PL
,Asamura Hideto,143,552,471,51,119,19,0,14,180,60,1,2,0,9,101,68,4,4,12,0.253,0.346,0.382,0.728,129,0.129,0.288,33.2%,18.3%,12.3%,0.67,5,<a href=https://npb.jp/bis/eng/teams/index_e.html>Rakuten</a>,PL
,Franco Maikel,68,243,229,20,50,5,0,8,79,30,0,0,0,3,49,9,0,2,7,0.218,0.251,0.345,0.596,86,0.127,0.240,27.2%,20.2%,3.7%,0.18,3,<a href=https://npb.jp/bis/eng/teams/index_e.html>Rakuten</a>,PL
,Fujii Masaru,22,4,4,0,1,0,0,0,1,1,0,0,0,0,1,0,0,0,0,0.250,0.250,0.250,0.500,57,0.000,0.333,25.0%,25.0%,0.0%,0.00,1,<a href=https://npb.jp/bis/eng/teams/index_e.html>Rakuten</a>,PL
,Hayakawa Takahisa,25,3,3,0,1,0,0,0,1,0,0,0,0,0,2,0,0,0,0,0.333,0.333,0.333,0.666,110,0.000,1.000,66.7%,66.7%,0.0%,0.00,1,<a href=https://npb.jp/bis/eng/teams/index_e.html>Rakuten</a>,PL
,Horiuchi Kengo,4,6,6,0,0,0,0,0,0,0,0,0,0,0,1,0,0,0,0,0.000,0.000,0.000,0.000,-103,0.000,0.000,16.7%,16.7%,0.0%,0.00,2,<a href=https://npb.jp/bis/eng/teams/index_e.html>Rakuten</a>,PL
,Irie Daiki,5,14,12,2,5,0,0,0,5,0,0,0,1,0,3,1,0,0,0,0.417,0.462,0.417,0.879,178,0.000,0.556,28.6%,21.4%,7.1%,0.33,5,<a href=https://npb.jp/bis/eng/teams/index_e.html>Rakuten</a>,PL
,Ishihara Tsuyoshi,68,172,146,9,25,5,0,4,42,13,0,0,13,0,50,13,0,0,4,0.171,0.239,0.288,0.527,64,0.117,0.228,39.0%,29.1%,7.6%,0.26,2,<a href=https://npb.jp/bis/eng/teams/index_e.html>Rakuten</a>,PL
,Itoh Yukiya,44,125,115,10,30,6,1,2,44,10,0,1,4,0,34,5,0,1,2,0.261,0.298,0.383,0.681,113,0.122,0.354,32.8%,27.2%,4.0%,0.15,7,<a href=https://npb.jp/bis/eng/teams/index_e.html>Rakuten</a>,PL
,Kishi Takayuki,22,2,1,0,0,0,0,0,0,0,0,0,0,0,0,1,0,0,0,0.000,0.500,0.000,0.500,67,0.000,0.000,50.0%,0.0%,50.0%,1.00,1,<a href=https://npb.jp/bis/eng/teams/index_e.html>Rakuten</a>,PL
,Kobukata Hiroto,134,522,450,50,103,9,4,3,129,23,29,10,25,3,84,42,0,2,5,0.229,0.296,0.287,0.583,84,0.058,0.273,24.7%,16.1%,8.0%,0.50,4,<a href=https://npb.jp/bis/eng/teams/index_e.html>Rakuten</a>,PL
,Koja Tatsuki,15,3,1,1,0,0,0,0,0,0,0,0,2,0,1,0,0,0,0,0.000,0.000,0.000,0.000,-103,0.000,,33.3%,33.3%,0.0%,0.00,1,<a href=https://npb.jp/bis/eng/teams/index_e.html>Rakuten</a>,PL
,Kurokawa Fumiya,22,60,56,8,13,1,0,1,17,8,0,0,0,0,12,4,0,0,2,0.232,0.283,0.304,0.587,85,0.072,0.279,28.3%,20.0%,6.7%,0.33,4,<a href=https://npb.jp/bis/eng/teams/index_e.html>Rakuten</a>,PL
,Mogi Eigoro,46,75,68,6,18,4,1,1,27,8,0,0,1,1,13,5,0,0,0,0.265,0.311,0.397,0.708,122,0.132,0.309,25.3%,17.3%,6.7%,0.38,3,<a href=https://npb.jp/bis/eng/teams/index_e.html>Rakuten</a>,PL
,Murabayashi Itsuki,139,571,518,51,125,13,3,6,162,50,5,1,23,7,91,21,0,2,11,0.241,0.270,0.313,0.583,82,0.072,0.278,20.7%,15.9%,3.7%,0.23,6,<a href=https://npb.jp/bis/eng/teams/index_e.html>Rakuten</a>,PL
,Mutoh Atsuki,7,5,5,0,1,0,0,0,1,0,0,1,0,0,2,0,0,0,0,0.200,0.200,0.200,0.400,25,0.000,0.333,40.0%,40.0%,0.0%,0.00,7,<a href=https://npb.jp/bis/eng/teams/index_e.html>Rakuten</a>,PL
,Nakashima Daisuke,37,128,123,18,28,8,1,1,41,10,1,0,0,0,21,2,0,3,2,0.228,0.258,0.333,0.591,85,0.105,0.267,18.8%,16.4%,1.6%,0.10,7,<a href=https://npb.jp/bis/eng/teams/index_e.html>Rakuten</a>,PL
,Ogoh Yuya,143,642,565,64,145,24,6,7,202,49,32,5,1,5,120,68,3,3,6,0.257,0.337,0.358,0.695,119,0.101,0.312,30.4%,18.7%,10.6%,0.57,9,<a href=https://npb.jp/bis/eng/teams/index_e.html>Rakuten</a>,PL
,Ohta Hikaru,94,269,230,23,45,10,3,2,67,23,2,0,23,1,58,13,1,2,1,0.196,0.244,0.291,0.535,67,0.095,0.251,27.1%,21.6%,4.8%,0.22,2,<a href=https://npb.jp/bis/eng/teams/index_e.html>Rakuten</a>,PL
,Okajima Takero,31,93,80,6,16,1,1,1,22,6,0,1,1,0,15,11,1,1,3,0.200,0.304,0.275,0.579,82,0.075,0.234,29.0%,16.1%,11.8%,0.73,7,<a href=https://npb.jp/bis/eng/teams/index_e.html>Rakuten</a>,PL
,Ponce Cody,15,4,2,0,0,0,0,0,0,0,0,0,2,0,2,0,0,0,0,0.000,0.000,0.000,0.000,-103,0.000,,50.0%,50.0%,0.0%,0.00,1,<a href=https://npb.jp/bis/eng/teams/index_e.html>Rakuten</a>,PL
,Shimauchi Hiroaki,40,154,131,8,28,3,1,0,33,12,0,0,0,3,16,16,0,3,4,0.214,0.307,0.252,0.559,76,0.038,0.237,20.8%,10.4%,10.4%,1.00,DH,<a href=https://npb.jp/bis/eng/teams/index_e.html>Rakuten</a>,PL
,Suzuki Daichi,123,460,406,41,108,11,5,4,141,41,0,0,15,3,43,23,0,13,4,0.266,0.324,0.347,0.671,111,0.081,0.287,15.2%,9.3%,5.0%,0.53,3,<a href=https://npb.jp/bis/eng/teams/index_e.html>Rakuten</a>,PL
,Taira Ryuya,18,24,21,4,3,0,0,0,3,3,0,1,1,0,3,2,0,0,0,0.143,0.217,0.143,0.360,13,0.000,0.167,20.8%,12.5%,8.3%,0.67,7,<a href=https://npb.jp/bis/eng/teams/index_e.html>Rakuten</a>,PL
,Tanaka Kazuki,68,34,31,8,4,1,0,0,5,1,0,0,3,0,9,0,0,0,0,0.129,0.129,0.161,0.290,-11,0.032,0.182,26.5%,26.5%,0.0%,0.00,7,<a href=https://npb.jp/bis/eng/teams/index_e.html>Rakuten</a>,PL
,Tanaka Takaya,17,12,10,0,1,0,0,0,1,0,0,0,0,0,4,2,0,0,1,0.100,0.250,0.100,0.350,11,0.000,0.167,50.0%,33.3%,16.7%,0.50,2,<a href=https://npb.jp/bis/eng/teams/index_e.html>Rakuten</a>,PL
,Tatsumi Konosuke,2,3,3,1,0,0,0,0,0,0,0,0,0,0,2,0,0,0,0,0.000,0.000,0.000,0.000,-103,0.000,0.000,66.7%,66.7%,0.0%,0.00,DH,<a href=https://npb.jp/bis/eng/teams/index_e.html>Rakuten</a>,PL
,Tatsumi Ryosuke,143,597,537,68,158,22,12,7,225,58,20,2,2,6,108,44,2,8,10,0.294,0.353,0.419,0.772,142,0.125,0.353,26.6%,18.1%,7.4%,0.41,8,<a href=https://npb.jp/bis/eng/teams/index_e.html>Rakuten</a>,PL
,Uchi Seiryu,20,4,4,0,0,0,0,0,0,0,0,0,0,0,3,0,0,0,0,0.000,0.000,0.000,0.000,-103,0.000,0.000,75.0%,75.0%,0.0%,0.00,1,<a href=https://npb.jp/bis/eng/teams/index_e.html>Rakuten</a>,PL
,Watanabe Yoshiaki,47,154,136,9,34,2,0,0,36,11,0,0,5,2,26,11,1,0,3,0.250,0.302,0.265,0.567,79,0.015,0.304,24.0%,16.9%,7.1%,0.42,7,<a href=https://npb.jp/bis/eng/teams/index_e.html>Rakuten</a>,PL
,Yamada Haruka,25,27,25,2,4,2,0,0,6,1,0,0,0,0,10,2,0,0,0,0.160,0.222,0.240,0.462,44,0.080,0.267,44.4%,37.0%,7.4%,0.20,UTL,<a href=https://npb.jp/bis/eng/teams/index_e.html>Rakuten</a>,PL
,Yamasaki Tsuyoshi,5,6,6,1,0,0,0,0,0,0,0,0,0,0,1,0,0,0,0,0.000,0.000,0.000,0.000,-103,0.000,0.000,16.7%,16.7%,0.0%,0.00,6,<a href=https://npb.jp/bis/eng/teams/index_e.html>Rakuten</a>,PL
,Yasuda Yuma,34,128,122,12,32,6,0,2,44,9,0,0,0,0,38,6,0,0,1,0.262,0.297,0.361,0.658,106,0.099,0.366,35.9%,29.7%,4.7%,0.16,DH,<a href=https://npb.jp/bis/eng/teams/index_e.html>Rakuten</a>,PL
,Aguilar Jesus,30,124,113,7,23,5,0,2,34,10,0,0,0,0,31,9,0,2,3,0.204,0.274,0.301,0.575,79,0.097,0.262,33.9%,25.0%,7.3%,0.29,3,<a href=https://npb.jp/bis/eng/teams/index_l.html>Seibu</a>,PL
,Cordero Franchy,23,73,70,5,9,2,0,1,14,4,0,0,0,1,24,2,0,0,0,0.129,0.151,0.200,0.351,8,0.071,0.174,37.0%,32.9%,2.7%,0.08,7,<a href=https://npb.jp/bis/eng/teams/index_l.html>Seibu</a>,PL
,Furuichi Takeru,6,6,6,0,0,0,0,0,0,0,1,0,0,0,0,0,0,0,0,0.000,0.000,0.000,0.000,-101,0.000,0.000,0.0%,0.0%,0.0%,,2,<a href=https://npb.jp/bis/eng/teams/index_l.html>Seibu</a>,PL
,Garcia Anthony,19,69,61,3,8,5,0,1,16,4,0,0,0,0,26,7,1,1,2,0.131,0.232,0.262,0.494,54,0.131,0.206,49.3%,37.7%,10.1%,0.27,DH,<a href=https://npb.jp/bis/eng/teams/index_l.html>Seibu</a>,PL
,Genda Sosuke,143,577,522,41,138,15,7,3,176,21,12,4,20,2,75,32,2,1,4,0.264,0.307,0.337,0.644,100,0.073,0.303,19.1%,13.0%,5.5%,0.43,6,<a href=https://npb.jp/bis/eng/teams/index_l.html>Seibu</a>,PL
,Hasegawa Shinya,72,239,208,13,38,4,1,2,50,8,10,2,5,0,41,19,0,7,4,0.183,0.274,0.240,0.514,61,0.057,0.218,25.9%,17.2%,7.9%,0.46,9,<a href=https://npb.jp/bis/eng/teams/index_l.html>Seibu</a>,PL
,Hirai Katsunori,13,1,1,0,0,0,0,0,0,0,0,0,0,0,1,0,0,0,0,0.000,0.000,0.000,0.000,-101,0.000,,100.0%,100.0%,0.0%,0.00,1,<a href=https://npb.jp/bis/eng/teams/index_l.html>Seibu</a>,PL
,Hiranuma Shota,45,144,132,12,35,9,0,0,44,9,0,0,2,0,23,8,0,2,2,0.265,0.317,0.333,0.650,102,0.068,0.321,21.5%,16.0%,5.6%,0.35,UTL,<a href=https://npb.jp/bis/eng/teams/index_l.html>Seibu</a>,PL
,Hiruma Takuya,63,232,214,16,47,8,1,1,60,16,3,1,3,1,43,9,0,5,3,0.220,0.266,0.280,0.546,70,0.060,0.269,22.8%,18.5%,3.9%,0.21,9,<a href=https://npb.jp/bis/eng/teams/index_l.html>Seibu</a>,PL
,Imai Tatsuya,25,4,3,0,0,0,0,0,0,0,0,0,0,0,1,1,0,0,0,0.000,0.250,0.000,0.250,-18,0.000,0.000,50.0%,25.0%,25.0%,1.00,1,<a href=https://npb.jp/bis/eng/teams/index_l.html>Seibu</a>,PL
,Kaneko Yuji,37,141,128,14,27,1,0,2,34,8,3,2,1,0,23,12,0,0,1,0.211,0.279,0.266,0.545,70,0.055,0.243,26.2%,16.3%,8.5%,0.52,7,<a href=https://npb.jp/bis/eng/teams/index_l.html>Seibu</a>,PL
,Kishi Junichiro,98,311,287,25,62,9,2,6,93,25,4,5,7,0,50,14,0,3,7,0.216,0.260,0.324,0.584,81,0.108,0.242,22.5%,16.1%,4.5%,0.28,7,<a href=https://npb.jp/bis/eng/teams/index_l.html>Seibu</a>,PL
,Kodama Ryosuke,32,58,50,3,9,2,2,0,15,2,5,0,2,0,9,5,0,1,2,0.180,0.268,0.300,0.568,77,0.120,0.220,24.1%,15.5%,8.6%,0.56,5,<a href=https://npb.jp/bis/eng/teams/index_l.html>Seibu</a>,PL
,Koga Yuto,105,279,246,16,56,3,1,3,70,12,0,0,13,0,58,20,0,0,8,0.228,0.286,0.285,0.571,78,0.057,0.286,29.0%,20.8%,7.2%,0.34,2,<a href=https://npb.jp/bis/eng/teams/index_l.html>Seibu</a>,PL
,Kuriyama Takumi,60,154,124,8,28,7,1,1,40,12,0,0,0,2,23,26,1,2,1,0.226,0.364,0.323,0.687,115,0.097,0.265,32.5%,14.9%,16.9%,1.13,DH,<a href=https://npb.jp/bis/eng/teams/index_l.html>Seibu</a>,PL
,Makino Shoya,10,20,20,0,1,0,0,0,1,0,0,0,0,0,10,0,0,0,0,0.050,0.050,0.050,0.100,-70,0.000,0.100,50.0%,50.0%,0.0%,0.00,2,<a href=https://npb.jp/bis/eng/teams/index_l.html>Seibu</a>,PL
,Matsubara Seiya,24,72,65,5,8,2,1,0,12,5,1,0,2,0,23,5,0,0,0,0.123,0.186,0.185,0.371,15,0.062,0.190,38.9%,31.9%,6.9%,0.22,9,<a href=https://npb.jp/bis/eng/teams/index_l.html>Seibu</a>,PL
,Motoyama Hiyu,33,81,77,2,11,2,0,1,16,7,0,0,1,0,21,2,0,1,2,0.143,0.175,0.208,0.383,18,0.065,0.182,29.6%,25.9%,2.5%,0.10,3,<a href=https://npb.jp/bis/eng/teams/index_l.html>Seibu</a>,PL
,Murata Reon,4,13,13,0,3,0,0,0,3,1,0,0,0,0,4,0,0,0,0,0.231,0.231,0.231,0.462,43,0.000,0.333,30.8%,30.8%,0.0%,0.00,DH,<a href=https://npb.jp/bis/eng/teams/index_l.html>Seibu</a>,PL
,Nakamura Takeya,58,205,188,13,36,13,0,7,70,14,1,0,0,1,55,14,3,2,3,0.191,0.254,0.372,0.626,93,0.181,0.228,37.1%,26.8%,6.8%,0.25,DH,<a href=https://npb.jp/bis/eng/teams/index_l.html>Seibu</a>,PL
,Nishikawa Manaya,104,335,313,30,71,11,2,6,104,31,8,2,4,2,57,15,1,1,6,0.227,0.263,0.332,0.595,84,0.105,0.258,23.3%,17.0%,4.5%,0.26,8,<a href=https://npb.jp/bis/eng/teams/index_l.html>Seibu</a>,PL
,Nomura Daiju,57,204,178,15,40,10,4,5,73,22,1,1,1,3,44,19,0,3,6,0.225,0.305,0.410,0.715,121,0.185,0.265,33.3%,21.6%,9.3%,0.43,3,<a href=https://npb.jp/bis/eng/teams/index_l.html>Seibu</a>,PL
,Okada Masatoshi,1,1,1,0,1,1,0,0,2,0,0,0,0,0,0,0,0,0,0,1.000,1.000,2.000,3.000,819,1.000,1.000,0.0%,0.0%,0.0%,,2,<a href=https://npb.jp/bis/eng/teams/index_l.html>Seibu</a>,PL
,Okumura Koichi,45,84,79,3,14,2,0,0,16,3,2,3,1,0,12,2,0,2,1,0.177,0.217,0.203,0.420,31,0.026,0.209,16.7%,14.3%,2.4%,0.17,7,<a href=https://npb.jp/bis/eng/teams/index_l.html>Seibu</a>,PL
,Satoh Ryusei,93,345,295,25,72,20,1,7,115,34,0,4,3,6,70,37,1,4,10,0.244,0.330,0.390,0.720,123,0.146,0.290,33.0%,20.3%,10.7%,0.53,5,<a href=https://npb.jp/bis/eng/teams/index_l.html>Seibu</a>,PL
,Sugai Shinya,8,1,1,0,0,0,0,0,0,0,0,0,0,0,1,0,0,0,0,0.000,0.000,0.000,0.000,-101,0.000,,100.0%,100.0%,0.0%,0.00,1,<a href=https://npb.jp/bis/eng/teams/index_l.html>Seibu</a>,PL
,Sumida Chihiro,26,5,5,0,0,0,0,0,0,0,0,0,0,0,3,0,0,0,0,0.000,0.000,0.000,0.000,-101,0.000,0.000,60.0%,60.0%,0.0%,0.00,1,<a href=https://npb.jp/bis/eng/teams/index_l.html>Seibu</a>,PL
,Sumitani Ginjiro,49,103,85,1,16,2,1,0,20,6,0,0,10,1,20,6,0,1,2,0.188,0.247,0.235,0.482,51,0.047,0.242,25.2%,19.4%,5.8%,0.30,2,<a href=https://npb.jp/bis/eng/teams/index_l.html>Seibu</a>,PL
,Suzuki Shohei,33,76,68,2,13,3,0,0,16,4,1,2,3,1,10,3,0,1,1,0.191,0.233,0.235,0.468,45,0.044,0.220,17.1%,13.2%,3.9%,0.30,7,<a href=https://npb.jp/bis/eng/teams/index_l.html>Seibu</a>,PL
,Takagi Wataru,3,8,7,0,0,0,0,0,0,0,0,0,0,0,0,0,0,1,0,0.000,0.125,0.000,0.125,-60,0.000,0.000,0.0%,0.0%,0.0%,,DH,<a href=https://npb.jp/bis/eng/teams/index_l.html>Seibu</a>,PL
,Takahashi Kona,15,1,1,0,0,0,0,0,0,0,0,0,0,0,1,0,0,0,0,0.000,0.000,0.000,0.000,-101,0.000,,100.0%,100.0%,0.0%,0.00,1,<a href=https://npb.jp/bis/eng/teams/index_l.html>Seibu</a>,PL
,Takamatsu Wataru,35,6,6,7,0,0,0,0,0,0,8,2,0,0,4,0,0,0,0,0.000,0.000,0.000,0.000,-101,0.000,0.000,66.7%,66.7%,0.0%,0.00,7,<a href=https://npb.jp/bis/eng/teams/index_l.html>Seibu</a>,PL
,Takeuchi Natsuki,21,2,1,0,0,0,0,0,0,0,0,0,1,0,1,0,0,0,0,0.000,0.000,0.000,0.000,-101,0.000,,50.0%,50.0%,0.0%,0.00,1,<a href=https://npb.jp/bis/eng/teams/index_l.html>Seibu</a>,PL
,Takizawa Natsuo,68,137,118,15,22,1,2,0,27,4,3,1,10,0,30,8,0,1,0,0.186,0.244,0.229,0.473,47,0.043,0.250,27.7%,21.9%,5.8%,0.27,5,<a href=https://npb.jp/bis/eng/teams/index_l.html>Seibu</a>,PL
,Tonosaki Shuta,127,500,436,41,99,25,1,7,147,41,11,3,6,3,88,45,4,10,15,0.227,0.312,0.337,0.649,102,0.110,0.267,28.0%,17.6%,9.0%,0.51,4,<a href=https://npb.jp/bis/eng/teams/index_l.html>Seibu</a>,PL
,Tsuge Sena,42,45,42,1,7,1,0,0,8,1,0,0,1,0,10,1,0,1,0,0.167,0.205,0.190,0.395,23,0.023,0.219,24.4%,22.2%,2.2%,0.10,2,<a href=https://npb.jp/bis/eng/teams/index_l.html>Seibu</a>,PL
,Tysinger Brandon Taiga,4,18,16,0,3,0,0,0,3,0,0,0,0,0,7,2,0,0,0,0.188,0.278,0.188,0.466,46,0.000,0.333,50.0%,38.9%,11.1%,0.29,5,<a href=https://npb.jp/bis/eng/teams/index_l.html>Seibu</a>,PL
,Wakabayashi Gakuto,19,66,62,3,8,0,0,3,17,5,2,1,2,0,12,1,1,1,4,0.129,0.156,0.274,0.430,31,0.145,0.106,24.2%,18.2%,1.5%,0.08,9,<a href=https://npb.jp/bis/eng/teams/index_l.html>Seibu</a>,PL
,Watanabe Kento,11,38,33,0,1,0,0,0,1,0,0,0,0,0,18,5,0,0,0,0.030,0.158,0.030,0.188,-39,0.000,0.067,60.5%,47.4%,13.2%,0.28,3,<a href=https://npb.jp/bis/eng/teams/index_l.html>Seibu</a>,PL
,Watanabe Yutaro,14,2,2,0,0,0,0,0,0,0,0,0,0,0,2,0,0,0,0,0.000,0.000,0.000,0.000,-101,0.000,,100.0%,100.0%,0.0%,0.00,1,<a href=https://npb.jp/bis/eng/teams/index_l.html>Seibu</a>,PL
,Yamamura Takayoshi,58,223,201,14,44,5,1,2,57,23,1,2,3,4,38,13,0,2,2,0.219,0.268,0.284,0.552,72,0.065,0.255,23.8%,17.0%,5.8%,0.34,UTL,<a href=https://npb.jp/bis/eng/teams/index_l.html>Seibu</a>,PL
,Yamanobe Kakeru,50,90,80,10,17,3,1,0,22,0,6,1,5,0,17,5,0,0,1,0.213,0.259,0.275,0.534,66,0.062,0.270,24.4%,18.9%,5.6%,0.29,UTL,<a href=https://npb.jp/bis/eng/teams/index_l.html>Seibu</a>,PL
,Yohkawa Naomasa,11,33,30,0,4,0,0,0,4,2,0,0,0,0,7,2,0,1,0,0.133,0.212,0.133,0.345,8,0.000,0.174,27.3%,21.2%,6.1%,0.29,3,<a href=https://npb.jp/bis/eng/teams/index_l.html>Seibu</a>,PL
,Yoza Kaito,7,1,1,0,0,0,0,0,0,0,0,0,0,0,1,0,0,0,0,0.000,0.000,0.000,0.000,-101,0.000,,100.0%,100.0%,0.0%,0.00,1,<a href=https://npb.jp/bis/eng/teams/index_l.html>Seibu</a>,PL
,Asama Daiki,49,126,109,16,30,4,1,1,39,11,4,2,4,2,35,9,0,2,0,0.275,0.336,0.358,0.694,112,0.083,0.387,35.7%,27.8%,7.1%,0.26,8,<a href=https://npb.jp/bis/eng/teams/index_f.html>Nipponham</a>,PL
,Egoshi Taiga,19,10,10,1,0,0,0,0,0,0,0,2,0,0,7,0,0,0,0,0.000,0.000,0.000,0.000,-97,0.000,0.000,70.0%,70.0%,0.0%,0.00,7,<a href=https://npb.jp/bis/eng/teams/index_f.html>Nipponham</a>,PL
,Fukuda Koki,5,14,14,1,5,2,0,0,7,2,0,0,0,0,4,0,0,0,0,0.357,0.357,0.500,0.857,158,0.143,0.500,28.6%,28.6%,0.0%,0.00,4,<a href=https://npb.jp/bis/eng/teams/index_f.html>Nipponham</a>,PL
,Furukawa Yudai,1,3,2,0,0,0,0,0,0,0,0,0,0,0,2,1,0,0,0,0.000,0.333,0.000,0.333,10,0.000,,100.0%,66.7%,33.3%,0.50,3,<a href=https://npb.jp/bis/eng/teams/index_f.html>Nipponham</a>,PL
,Fushimi Torai,62,184,165,9,40,5,0,0,45,21,0,0,12,1,26,4,0,2,3,0.242,0.267,0.273,0.540,65,0.031,0.286,16.3%,14.1%,2.2%,0.15,2,<a href=https://npb.jp/bis/eng/teams/index_f.html>Nipponham</a>,PL
,Gunji Yuya,127,495,441,52,113,14,0,12,163,49,2,2,6,4,71,40,1,4,6,0.256,0.321,0.370,0.691,110,0.114,0.279,24.8%,14.3%,8.1%,0.56,5,<a href=https://npb.jp/bis/eng/teams/index_f.html>Nipponham</a>,PL
,Hosokawa Ryohei,51,64,54,4,12,1,0,0,13,5,3,1,4,2,11,4,0,0,0,0.222,0.267,0.241,0.508,56,0.019,0.267,23.4%,17.2%,6.2%,0.36,UTL,<a href=https://npb.jp/bis/eng/teams/index_f.html>Nipponham</a>,PL
,Hosono Haruki,2,2,2,0,0,0,0,0,0,0,0,0,0,0,2,0,0,0,0,0.000,0.000,0.000,0.000,-97,0.000,,100.0%,100.0%,0.0%,0.00,1,<a href=https://npb.jp/bis/eng/teams/index_f.html>Nipponham</a>,PL
,Imagawa Yuma,6,19,19,1,4,1,0,0,5,0,0,2,0,0,5,0,0,0,0,0.211,0.211,0.263,0.474,45,0.052,0.286,26.3%,26.3%,0.0%,0.00,7,<a href=https://npb.jp/bis/eng/teams/index_f.html>Nipponham</a>,PL
,Ishii Kazunari,68,219,197,20,46,11,1,4,71,18,2,3,9,0,42,12,0,1,2,0.234,0.281,0.360,0.641,94,0.126,0.278,26.5%,19.2%,5.5%,0.29,4,<a href=https://npb.jp/bis/eng/teams/index_f.html>Nipponham</a>,PL
,Isobata Ryota,94,127,112,38,18,2,1,0,22,3,18,9,8,0,34,6,0,1,1,0.161,0.210,0.196,0.406,25,0.035,0.231,31.5%,26.8%,4.7%,0.18,7,<a href=https://npb.jp/bis/eng/teams/index_f.html>Nipponham</a>,PL
,Itoh Hiromi,26,4,4,0,1,0,0,0,1,0,0,0,0,0,1,0,0,0,0,0.250,0.250,0.250,0.500,53,0.000,0.333,25.0%,25.0%,0.0%,0.00,1,<a href=https://npb.jp/bis/eng/teams/index_f.html>Nipponham</a>,PL
,Kamikawabata Daigo,106,305,258,25,64,4,2,1,75,16,5,0,18,1,40,22,0,6,4,0.248,0.321,0.291,0.612,87,0.043,0.289,20.7%,13.1%,7.2%,0.55,4,<a href=https://npb.jp/bis/eng/teams/index_f.html>Nipponham</a>,PL
,Kanemura Shoma,29,2,2,0,0,0,0,0,0,0,0,0,0,0,0,0,0,0,0,0.000,0.000,0.000,0.000,-97,0.000,0.000,0.0%,0.0%,0.0%,,1,<a href=https://npb.jp/bis/eng/teams/index_f.html>Nipponham</a>,PL
,Katoh Gosuke,28,63,58,1,10,1,0,0,11,1,0,0,0,0,11,5,0,0,1,0.172,0.238,0.190,0.428,33,0.018,0.213,25.4%,17.5%,7.9%,0.45,3,<a href=https://npb.jp/bis/eng/teams/index_f.html>Nipponham</a>,PL
,Katoh Takayuki,27,3,2,0,0,0,0,0,0,0,0,0,1,0,1,0,0,0,0,0.000,0.000,0.000,0.000,-97,0.000,0.000,33.3%,33.3%,0.0%,0.00,1,<a href=https://npb.jp/bis/eng/teams/index_f.html>Nipponham</a>,PL
,Kitayama Koki,14,2,2,0,0,0,0,0,0,0,0,0,0,0,1,0,0,0,0,0.000,0.000,0.000,0.000,-97,0.000,0.000,50.0%,50.0%,0.0%,0.00,1,<a href=https://npb.jp/bis/eng/teams/index_f.html>Nipponham</a>,PL
,Kiyomiya Kotaro,89,329,290,43,87,18,1,15,152,51,1,3,0,3,62,31,3,5,5,0.300,0.374,0.524,0.898,171,0.224,0.333,32.8%,18.8%,9.4%,0.50,3,<a href=https://npb.jp/bis/eng/teams/index_f.html>Nipponham</a>,PL
,Mannami Chusei,136,556,508,60,128,34,0,18,216,60,2,3,1,3,120,39,3,5,13,0.252,0.310,0.425,0.735,122,0.173,0.295,31.8%,21.6%,7.0%,0.32,9,<a href=https://npb.jp/bis/eng/teams/index_f.html>Nipponham</a>,PL
,Martinez Ariel,126,459,393,42,92,20,4,13,159,57,2,1,0,4,101,51,3,11,12,0.234,0.336,0.405,0.741,124,0.171,0.279,35.9%,22.0%,11.1%,0.50,3,<a href=https://npb.jp/bis/eng/teams/index_f.html>Nipponham</a>,PL
,Matsumoto Go,127,486,437,46,103,18,1,1,126,19,20,8,17,4,52,24,2,4,17,0.236,0.279,0.288,0.567,74,0.052,0.263,15.8%,10.7%,4.9%,0.46,8,<a href=https://npb.jp/bis/eng/teams/index_f.html>Nipponham</a>,PL
,Miyazaki Kazuki,4,6,5,0,1,0,0,0,1,0,0,0,0,0,2,1,0,0,0,0.200,0.333,0.200,0.533,66,0.000,0.333,50.0%,33.3%,16.7%,0.50,7,<a href=https://npb.jp/bis/eng/teams/index_f.html>Nipponham</a>,PL
,Mizuno Tatsuki,105,359,332,30,73,8,8,7,118,37,9,5,12,1,81,13,1,1,2,0.220,0.251,0.355,0.606,83,0.135,0.269,28.1%,22.6%,3.6%,0.16,6,<a href=https://npb.jp/bis/eng/teams/index_f.html>Nipponham</a>,PL
,Mizutani Shun,97,353,327,41,94,18,3,9,145,39,4,1,1,1,79,21,2,3,3,0.287,0.335,0.443,0.778,135,0.156,0.354,30.9%,22.4%,5.9%,0.27,7,<a href=https://npb.jp/bis/eng/teams/index_f.html>Nipponham</a>,PL
,Murphy Patrick,40,1,1,0,0,0,0,0,0,0,0,0,0,0,1,0,0,0,0,0.000,0.000,0.000,0.000,-97,0.000,,100.0%,100.0%,0.0%,0.00,1,<a href=https://npb.jp/bis/eng/teams/index_f.html>Nipponham</a>,PL
,Nakashima Takuya,46,41,39,12,8,1,0,0,9,2,4,4,0,0,9,2,0,0,0,0.205,0.244,0.231,0.475,47,0.026,0.267,26.8%,22.0%,4.9%,0.22,4,<a href=https://npb.jp/bis/eng/teams/index_f.html>Nipponham</a>,PL
,Narama Taiki,90,150,139,10,25,4,0,0,29,7,2,0,8,1,39,2,0,0,2,0.180,0.190,0.209,0.399,22,0.029,0.248,27.3%,26.0%,1.3%,0.05,UTL,<a href=https://npb.jp/bis/eng/teams/index_f.html>Nipponham</a>,PL
,Nomura Yuki,56,152,143,8,30,7,1,2,45,9,2,0,0,1,28,7,1,1,4,0.210,0.250,0.315,0.565,72,0.105,0.246,24.3%,18.4%,4.6%,0.25,UTL,<a href=https://npb.jp/bis/eng/teams/index_f.html>Nipponham</a>,PL
,Reyes Franmil,103,368,335,39,97,15,1,25,189,65,0,0,0,2,90,31,4,0,9,0.290,0.348,0.564,0.912,174,0.274,0.324,39.7%,24.5%,8.4%,0.34,DH,<a href=https://npb.jp/bis/eng/teams/index_f.html>Nipponham</a>,PL
,Shimizu Yushi,12,15,14,1,2,1,0,0,3,1,0,0,1,0,5,0,0,0,0,0.143,0.143,0.214,0.357,9,0.071,0.222,33.3%,33.3%,0.0%,0.00,2,<a href=https://npb.jp/bis/eng/teams/index_f.html>Nipponham</a>,PL
,Shinto Yuya,2,3,3,0,0,0,0,0,0,0,0,0,0,0,2,0,0,0,0,0.000,0.000,0.000,0.000,-97,0.000,0.000,66.7%,66.7%,0.0%,0.00,2,<a href=https://npb.jp/bis/eng/teams/index_f.html>Nipponham</a>,PL
,Stevenson Andrew,24,63,62,3,10,2,0,0,12,0,1,2,0,0,24,1,0,0,5,0.161,0.175,0.194,0.369,14,0.033,0.263,39.7%,38.1%,1.6%,0.04,7,<a href=https://npb.jp/bis/eng/teams/index_f.html>Nipponham</a>,PL
,Suzuki Kenya,8,1,1,0,0,0,0,0,0,0,0,0,0,0,1,0,0,0,0,0.000,0.000,0.000,0.000,-97,0.000,,100.0%,100.0%,0.0%,0.00,1,<a href=https://npb.jp/bis/eng/teams/index_f.html>Nipponham</a>,PL
,Tamiya Yua,109,349,307,28,85,12,2,3,110,30,10,4,11,3,71,21,1,7,10,0.277,0.334,0.358,0.692,111,0.081,0.347,27.2%,20.3%,6.0%,0.30,2,<a href=https://npb.jp/bis/eng/teams/index_f.html>Nipponham</a>,PL
,Umebayashi Yuki,3,5,4,0,0,0,0,0,0,0,0,0,1,0,3,0,0,0,0,0.000,0.000,0.000,0.000,-97,0.000,0.000,60.0%,60.0%,0.0%,0.00,2,<a href=https://npb.jp/bis/eng/teams/index_f.html>Nipponham</a>,PL
,Yamasaki Sachiya,24,7,6,1,1,0,0,0,1,1,0,0,0,0,0,1,0,0,0,0.167,0.286,0.167,0.453,42,0.000,0.167,14.3%,0.0%,14.3%,1.00,1,<a href=https://npb.jp/bis/eng/teams/index_f.html>Nipponham</a>,PL
,Yazawa Kota,28,19,18,0,2,0,0,0,2,0,0,0,1,0,5,0,0,0,1,0.111,0.111,0.111,0.222,-30,0.000,0.154,26.3%,26.3%,0.0%,0.00,TWP,<a href=https://npb.jp/bis/eng/teams/index_f.html>Nipponham</a>,PL
