Rank,Player,Age,Pos,B,G,PA,AB,R,H,2B,3B,HR,TB,RBI,SB,CS,SH,SF,SO,BB,IBB,HP,GDP,AVG,OBP,SLG,OPS,OPS+,ISO,BABIP,TTO%,K%,BB%,BB/K,Team,League
,<a href=https://npb.jp/bis/eng/players/71075138.html>Chikamoto Koji</a>,29,1,L,141,639,562,71,160,16,5,6,204,45,19,9,0,4,93,68,5,5,7,0.285,0.365,0.363,0.728,130,0.078,0.330,26.1%,14.6%,10.6%,0.73,<a href=https://npb.jp/bis/eng/teams/index_t.html>Hanshin</a>,CL
,<a href=https://npb.jp/bis/eng/players/43145157.html>Morishita Shota</a>,23,1,R,129,526,458,64,126,24,2,16,202,73,0,2,0,3,78,53,1,12,13,0.275,0.363,0.441,0.804,153,0.166,0.300,27.9%,14.8%,10.1%,0.68,<a href=https://npb.jp/bis/eng/teams/index_t.html>Hanshin</a>,CL
,<a href=https://npb.jp/bis/eng/players/41445153.html>Nakano Takumu</a>,28,1,L,143,634,547,63,127,20,2,1,154,32,6,7,35,1,97,46,0,5,10,0.232,0.297,0.282,0.579,82,0.050,0.280,22.7%,15.3%,7.3%,0.47,<a href=https://npb.jp/bis/eng/teams/index_t.html>Hanshin</a>,CL
,<a href=https://npb.jp/bis/eng/players/21325134.html>Ohyama Yusuke</a>,29,1,R,130,545,483,63,125,18,0,14,185,68,0,4,0,3,88,52,3,7,19,0.259,0.338,0.383,0.721,127,0.124,0.289,28.3%,16.1%,9.5%,0.59,<a href=https://npb.jp/bis/eng/teams/index_t.html>Hanshin</a>,CL
,<a href=https://npb.jp/bis/eng/players/41045153.html>Sato Teruaki</a>,25,1,L,120,496,451,58,121,21,4,16,198,70,0,2,0,4,133,36,2,5,11,0.268,0.327,0.439,0.766,139,0.171,0.343,37.3%,26.8%,7.3%,0.27,<a href=https://npb.jp/bis/eng/teams/index_t.html>Hanshin</a>,CL
,<a href=https://npb.jp/bis/eng/players/31135133.html>Akiyama Shogo</a>,36,1,L,138,587,547,60,158,20,1,4,192,30,6,5,2,4,96,29,3,5,6,0.289,0.328,0.351,0.679,109,0.062,0.341,22.0%,16.4%,4.9%,0.30,<a href=https://npb.jp/bis/eng/teams/index_c.html>Hiroshima</a>,CL
,<a href=https://npb.jp/bis/eng/players/61565135.html>Kikuchi Ryosuke</a>,34,1,R,136,497,453,27,109,19,0,9,155,38,2,2,17,1,69,25,3,1,9,0.241,0.281,0.342,0.623,91,0.101,0.266,20.7%,13.9%,5.0%,0.36,<a href=https://npb.jp/bis/eng/teams/index_c.html>Hiroshima</a>,CL
,<a href=https://npb.jp/bis/eng/players/01705138.html>Kozono Kaito</a>,24,1,L,143,588,540,52,151,15,3,2,178,61,13,9,7,5,53,30,6,6,6,0.280,0.322,0.330,0.652,101,0.050,0.304,14.5%,9.0%,5.1%,0.57,<a href=https://npb.jp/bis/eng/teams/index_c.html>Hiroshima</a>,CL
,<a href=https://npb.jp/bis/eng/players/01405130.html>Noma Takayoshi</a>,31,1,L,113,443,391,40,106,14,5,1,133,28,8,5,3,1,52,43,1,5,9,0.271,0.350,0.340,0.690,113,0.069,0.310,21.7%,11.7%,9.7%,0.83,<a href=https://npb.jp/bis/eng/teams/index_c.html>Hiroshima</a>,CL
,<a href=https://npb.jp/bis/eng/players/11915134.html>Sakakura Shogo</a>,26,1,L,121,462,427,43,119,19,1,12,176,44,3,2,1,2,80,31,3,1,7,0.279,0.328,0.412,0.740,127,0.133,0.318,26.6%,17.3%,6.7%,0.39,<a href=https://npb.jp/bis/eng/teams/index_c.html>Hiroshima</a>,CL
,<a href=https://npb.jp/bis/eng/players/93395153.html>Yano Masaya</a>,25,1,L,137,495,430,45,112,13,6,2,143,38,13,10,20,4,109,38,1,3,8,0.260,0.322,0.333,0.655,102,0.073,0.341,30.1%,22.0%,7.7%,0.35,<a href=https://npb.jp/bis/eng/teams/index_c.html>Hiroshima</a>,CL
,<a href=https://npb.jp/bis/eng/players/73375151.html>Austin Tyler</a>,32,1,R,106,445,396,66,125,34,2,25,238,69,0,1,0,4,88,45,2,0,12,0.316,0.382,0.601,0.983,197,0.285,0.348,35.5%,19.8%,10.1%,0.51,<a href=https://npb.jp/bis/eng/teams/index_db.html>DeNA</a>,CL
,<a href=https://npb.jp/bis/eng/players/13115153.html>Maki Shugo</a>,26,1,R,133,561,517,76,152,33,0,23,254,74,11,0,0,2,59,37,5,5,13,0.294,0.346,0.491,0.837,154,0.197,0.295,21.2%,10.5%,6.6%,0.63,<a href=https://npb.jp/bis/eng/teams/index_db.html>DeNA</a>,CL
,<a href=https://npb.jp/bis/eng/players/51455137.html>Miyazaki Toshiro</a>,35,1,R,125,469,410,49,116,24,0,14,182,56,1,1,0,1,29,52,11,6,9,0.283,0.371,0.444,0.815,148,0.161,0.277,20.3%,6.2%,11.1%,1.79,<a href=https://npb.jp/bis/eng/teams/index_db.html>DeNA</a>,CL
,<a href=https://npb.jp/bis/eng/players/91995134.html>Sano Keita</a>,29,1,L,139,566,524,51,143,34,0,8,201,62,0,0,0,3,53,35,3,4,17,0.273,0.322,0.384,0.706,116,0.111,0.290,17.0%,9.4%,6.2%,0.66,<a href=https://npb.jp/bis/eng/teams/index_db.html>DeNA</a>,CL
,<a href=https://npb.jp/bis/eng/players/21425116.html>Maru Yoshihiro</a>,35,1,L,138,595,525,51,146,18,1,14,208,45,8,4,0,2,93,65,5,3,9,0.278,0.360,0.396,0.756,135,0.118,0.314,28.9%,15.6%,10.9%,0.70,<a href=https://npb.jp/bis/eng/teams/index_g.html>Yomiuri</a>,CL
,<a href=https://npb.jp/bis/eng/players/11515130.html>Okamoto Kazuma</a>,28,1,R,143,611,535,70,150,37,0,27,268,83,1,1,0,5,97,66,10,5,5,0.280,0.362,0.501,0.863,167,0.221,0.296,31.1%,15.9%,10.8%,0.68,<a href=https://npb.jp/bis/eng/teams/index_g.html>Yomiuri</a>,CL
,<a href=https://npb.jp/bis/eng/players/73375134.html>Yoshikawa Naoki</a>,29,1,L,143,602,536,65,154,25,4,5,202,46,12,5,13,6,61,41,2,6,8,0.287,0.341,0.377,0.718,123,0.090,0.313,17.8%,10.1%,6.8%,0.67,<a href=https://npb.jp/bis/eng/teams/index_g.html>Yomiuri</a>,CL
,<a href=https://npb.jp/bis/eng/players/41845136.html>Murakami Munetaka</a>,24,1,L,143,610,500,82,122,13,1,33,236,86,10,5,0,1,180,105,9,4,6,0.244,0.379,0.472,0.851,149,0.228,0.309,52.1%,29.5%,17.2%,0.58,<a href=https://npb.jp/bis/eng/teams/index_s.html>Yakult</a>,CL
,<a href=https://npb.jp/bis/eng/players/51455151.html>Nagaoka Hideki</a>,22,1,L,143,611,566,63,163,25,1,6,208,58,4,1,10,3,70,29,2,3,6,0.288,0.324,0.367,0.691,104,0.079,0.318,17.2%,11.5%,4.7%,0.41,<a href=https://npb.jp/bis/eng/teams/index_s.html>Yakult</a>,CL
,<a href=https://npb.jp/bis/eng/players/23525153.html>Osuna Jose</a>,31,1,R,141,585,539,54,144,28,0,17,223,72,0,3,0,3,91,40,3,3,24,0.267,0.320,0.414,0.734,116,0.147,0.293,25.3%,15.6%,6.8%,0.44,<a href=https://npb.jp/bis/eng/teams/index_s.html>Yakult</a>,CL
,<a href=https://npb.jp/bis/eng/players/53755153.html>Santana Domingo</a>,31,1,R,122,484,419,57,132,29,0,17,212,70,2,1,0,4,101,57,1,4,8,0.315,0.399,0.506,0.905,165,0.191,0.377,36.2%,20.9%,11.8%,0.56,<a href=https://npb.jp/bis/eng/teams/index_s.html>Yakult</a>,CL
,<a href=https://npb.jp/bis/eng/players/31835134.html>Hosokawa Seiya</a>,25,1,R,143,600,534,59,156,30,0,23,255,67,0,1,0,1,159,60,3,5,13,0.292,0.368,0.478,0.846,172,0.186,0.377,40.3%,26.5%,10.0%,0.38,<a href=https://npb.jp/bis/eng/teams/index_d.html>Chunichi</a>,CL
,<a href=https://npb.jp/bis/eng/players/81585151.html>Okabayashi Yuki</a>,22,1,L,123,460,425,34,109,10,3,0,125,12,10,7,6,0,62,29,2,0,2,0.256,0.304,0.294,0.598,92,0.038,0.300,19.8%,13.5%,6.3%,0.47,<a href=https://npb.jp/bis/eng/teams/index_d.html>Chunichi</a>,CL
,<a href=https://npb.jp/bis/eng/players/91995151.html>Kurebayashi Kotaro</a>,22,1,R,136,523,465,32,115,25,0,2,146,38,0,4,8,8,74,37,0,5,12,0.247,0.305,0.314,0.619,94,0.067,0.285,21.6%,14.1%,7.1%,0.50,<a href=https://npb.jp/bis/eng/teams/index_b.html>ORIX</a>,PL
,<a href=https://npb.jp/bis/eng/players/91495139.html>Mori Tomoya</a>,28,1,L,117,457,395,46,111,24,1,9,164,46,6,1,0,5,61,50,2,7,4,0.281,0.368,0.415,0.783,145,0.134,0.309,26.3%,13.3%,10.9%,0.82,<a href=https://npb.jp/bis/eng/teams/index_b.html>ORIX</a>,PL
,<a href=https://npb.jp/bis/eng/players/71475132.html>Nishikawa Ryoma</a>,29,1,L,138,553,519,42,134,25,0,7,180,46,11,1,2,4,97,27,1,1,11,0.258,0.294,0.347,0.641,100,0.089,0.303,23.7%,17.5%,4.9%,0.28,<a href=https://npb.jp/bis/eng/teams/index_b.html>ORIX</a>,PL
,<a href=https://npb.jp/bis/eng/players/63065155.html>Polanco Gregory</a>,32,1,L,118,468,416,47,101,21,0,23,191,60,0,0,0,4,86,46,2,2,5,0.243,0.318,0.459,0.777,135,0.216,0.251,33.1%,18.4%,9.8%,0.53,<a href=https://npb.jp/bis/eng/teams/index_m.html>Lotte</a>,PL
,<a href=https://npb.jp/bis/eng/players/71075151.html>Satoh Toshiya</a>,26,1,L,116,452,410,41,114,20,0,5,149,45,4,1,4,6,51,29,2,3,10,0.278,0.326,0.363,0.689,110,0.085,0.303,18.8%,11.3%,6.4%,0.57,<a href=https://npb.jp/bis/eng/teams/index_m.html>Lotte</a>,PL
,<a href=https://npb.jp/bis/eng/players/03505136.html>Soto Neftali</a>,35,1,R,132,542,491,43,132,22,2,21,221,88,0,0,0,4,136,42,2,5,19,0.269,0.330,0.450,0.780,137,0.181,0.328,36.7%,25.1%,7.7%,0.31,<a href=https://npb.jp/bis/eng/teams/index_m.html>Lotte</a>,PL
,<a href=https://npb.jp/bis/eng/players/31335131.html>Imamiya Kenta</a>,32,1,R,133,538,462,60,121,25,4,6,172,39,1,0,25,2,87,46,2,3,9,0.262,0.331,0.372,0.703,115,0.110,0.310,25.8%,16.2%,8.6%,0.53,<a href=https://npb.jp/bis/eng/teams/index_h.html>SoftBank</a>,PL
,<a href=https://npb.jp/bis/eng/players/41745135.html>Kondoh Kensuke</a>,30,1,L,129,535,436,66,137,29,2,19,227,72,11,1,0,1,76,92,11,6,10,0.314,0.439,0.521,0.960,192,0.207,0.345,35.0%,14.2%,17.2%,1.21,<a href=https://npb.jp/bis/eng/teams/index_h.html>SoftBank</a>,PL
,<a href=https://npb.jp/bis/eng/players/01705130.html>Kurihara Ryoya</a>,27,1,L,140,598,527,74,144,40,2,20,248,87,2,1,10,7,99,49,1,5,10,0.273,0.337,0.471,0.808,145,0.198,0.299,28.1%,16.6%,8.2%,0.49,<a href=https://npb.jp/bis/eng/teams/index_h.html>SoftBank</a>,PL
,<a href=https://npb.jp/bis/eng/players/21925136.html>Shuto Ukyo</a>,28,1,L,123,477,428,63,115,15,5,2,146,26,41,13,10,3,90,26,0,10,4,0.269,0.323,0.341,0.664,104,0.072,0.333,24.7%,18.9%,5.5%,0.29,<a href=https://npb.jp/bis/eng/teams/index_h.html>SoftBank</a>,PL
,<a href=https://npb.jp/bis/eng/players/21425139.html>Yamakawa Hotaka</a>,32,1,R,143,611,550,66,136,26,1,34,266,99,0,0,0,3,158,48,3,10,17,0.247,0.318,0.484,0.802,142,0.237,0.283,39.3%,25.9%,7.9%,0.30,<a href=https://npb.jp/bis/eng/teams/index_h.html>SoftBank</a>,PL
,<a href=https://npb.jp/bis/eng/players/51155118.html>Asamura Hideto</a>,33,1,R,143,552,471,51,119,19,0,14,180,60,1,2,0,9,101,68,4,4,12,0.253,0.346,0.382,0.728,129,0.129,0.288,33.2%,18.3%,12.3%,0.67,<a href=https://npb.jp/bis/eng/teams/index_e.html>Rakuten</a>,PL
,<a href=https://npb.jp/bis/eng/players/61965151.html>Kobukata Hiroto</a>,28,1,L,134,522,450,50,103,9,4,3,129,23,29,10,25,3,84,42,0,2,5,0.229,0.296,0.287,0.583,84,0.058,0.273,24.7%,16.1%,8.0%,0.50,<a href=https://npb.jp/bis/eng/teams/index_e.html>Rakuten</a>,PL
,<a href=https://npb.jp/bis/eng/players/41845132.html>Murabayashi Itsuki</a>,26,1,R,139,571,518,51,125,13,3,6,162,50,5,1,23,7,91,21,0,2,11,0.241,0.270,0.313,0.583,82,0.072,0.278,20.7%,15.9%,3.7%,0.23,<a href=https://npb.jp/bis/eng/teams/index_e.html>Rakuten</a>,PL
,<a href=https://npb.jp/bis/eng/players/81385138.html>Ogoh Yuya</a>,27,1,L,143,642,565,64,145,24,6,7,202,49,32,5,1,5,120,68,3,3,6,0.257,0.337,0.358,0.695,119,0.101,0.312,30.4%,18.7%,10.6%,0.57,<a href=https://npb.jp/bis/eng/teams/index_e.html>Rakuten</a>,PL
,<a href=https://npb.jp/bis/eng/players/81985135.html>Suzuki Daichi</a>,34,1,L,123,460,406,41,108,11,5,4,141,41,0,0,15,3,43,23,0,13,4,0.266,0.324,0.347,0.671,111,0.081,0.287,15.2%,9.3%,5.0%,0.53,<a href=https://npb.jp/bis/eng/teams/index_e.html>Rakuten</a>,PL
,<a href=https://npb.jp/bis/eng/players/11015138.html>Tatsumi Ryosuke</a>,27,1,L,143,597,537,68,158,22,12,7,225,58,20,2,2,6,108,44,2,8,10,0.294,0.353,0.419,0.772,142,0.125,0.353,26.6%,18.1%,7.4%,0.41,<a href=https://npb.jp/bis/eng/teams/index_e.html>Rakuten</a>,PL
,<a href=https://npb.jp/bis/eng/players/71775134.html>Genda Sosuke</a>,31,1,L,143,577,522,41,138,15,7,3,176,21,12,4,20,2,75,32,2,1,4,0.264,0.307,0.337,0.644,100,0.073,0.303,19.1%,13.0%,5.5%,0.43,<a href=https://npb.jp/bis/eng/teams/index_l.html>Seibu</a>,PL
,<a href=https://npb.jp/bis/eng/players/41245130.html>Tonosaki Shuta</a>,31,1,R,127,500,436,41,99,25,1,7,147,41,11,3,6,3,88,45,4,10,15,0.227,0.312,0.337,0.649,102,0.110,0.267,28.0%,17.6%,9.0%,0.51,<a href=https://npb.jp/bis/eng/teams/index_l.html>Seibu</a>,PL
,<a href=https://npb.jp/bis/eng/players/21925151.html>Gunji Yuya</a>,26,1,R,127,495,441,52,113,14,0,12,163,49,2,2,6,4,71,40,1,4,6,0.256,0.321,0.370,0.691,110,0.114,0.279,24.8%,14.3%,8.1%,0.56,<a href=https://npb.jp/bis/eng/teams/index_f.html>Nipponham</a>,PL
,<a href=https://npb.jp/bis/eng/players/11815138.html>Mannami Chusei</a>,24,1,R,136,556,508,60,128,34,0,18,216,60,2,3,1,3,120,39,3,5,13,0.252,0.310,0.425,0.735,122,0.173,0.295,31.8%,21.6%,7.0%,0.32,<a href=https://npb.jp/bis/eng/teams/index_f.html>Nipponham</a>,PL
,<a href=https://npb.jp/bis/eng/players/73975136.html>Martinez Ariel</a>,28,1,R,126,459,393,42,92,20,4,13,159,57,2,1,0,4,101,51,3,11,12,0.234,0.336,0.405,0.741,124,0.171,0.279,35.9%,22.0%,11.1%,0.50,<a href=https://npb.jp/bis/eng/teams/index_f.html>Nipponham</a>,PL
,<a href=https://npb.jp/bis/eng/players/21625135.html>Matsumoto Go</a>,30,1,R,127,486,437,46,103,18,1,1,126,19,20,8,17,4,52,24,2,4,17,0.236,0.279,0.288,0.567,74,0.052,0.263,15.8%,10.7%,4.9%,0.46,<a href=https://npb.jp/bis/eng/teams/index_f.html>Nipponham</a>,PL
