Rank,Player,Age,Pos,Inn,TZR,TZR/143,RngR,ARM,DPR,ErrR,Pos Adj,Framing,Blocking,Team,League
,Sasaki Shunsuke,25,7,57.0,1.2,27.1,1.3,-0.2,,0.1,-0.5,,,<a href=https://npb.jp/bis/eng/teams/index_g.html>Yomiuri</a>,CL
,Sasaki Shunsuke,25,8,126.0,-0.5,-5.1,-0.2,-0.3,,0.0,0.4,,,<a href=https://npb.jp/bis/eng/teams/index_g.html>Yomiuri</a>,CL
,Sasaki Shunsuke,25,9,128.0,1.2,12.1,-1.6,2.8,,0.0,-0.5,,,<a href=https://npb.jp/bis/eng/teams/index_g.html>Yomiuri</a>,CL
,Chikamoto Koji,30,8,1262.2,-6.8,-6.9,-3.9,-3.0,,0.1,4.2,,,<a href=https://npb.jp/bis/eng/teams/index_t.html>Hanshin</a>,CL
,Shiomi Yasutaka,32,8,209.0,-1.5,-9.2,-2.3,0.8,,0.0,0.7,,,<a href=https://npb.jp/bis/eng/teams/index_s.html>Yakult</a>,CL
,Miyoshi Hironori,27,7,22.0,0.6,35.1,0.8,-0.2,,0.0,-0.2,,,<a href=https://npb.jp/bis/eng/teams/index_d.html>Chunichi</a>,CL
,Miyoshi Hironori,27,8,161.0,0.9,7.2,1.3,-0.4,,0.0,0.5,,,<a href=https://npb.jp/bis/eng/teams/index_d.html>Chunichi</a>,CL
,Watarai Ryuki,22,9,505.1,-3.9,-9.9,-0.9,-3.3,,0.2,-2.0,,,<a href=https://npb.jp/bis/eng/teams/index_db.html>DeNA</a>,CL
,Kikuchi Ryosuke,35,4,1122.0,1.9,2.2,1.1,,0.0,0.8,3.0,,,<a href=https://npb.jp/bis/eng/teams/index_c.html>Hiroshima</a>,CL
,Mogi Eigoro,31,3,73.1,-0.8,-14.0,-1.1,,0.0,0.2,-0.8,,,<a href=https://npb.jp/bis/eng/teams/index_e.html>Rakuten</a>,PL
,Mogi Eigoro,31,4,24.0,-0.2,-10.7,-0.9,,0.6,0.1,0.1,,,<a href=https://npb.jp/bis/eng/teams/index_e.html>Rakuten</a>,PL
,Mogi Eigoro,31,DH,22.0,,,,,,,-0.3,,,<a href=https://npb.jp/bis/eng/teams/index_e.html>Rakuten</a>,PL
,Kaneko Yuji,35,7,160.2,0.8,6.4,3.0,-2.4,,0.2,-1.5,,,<a href=https://npb.jp/bis/eng/teams/index_l.html>Seibu</a>,PL
,Kaneko Yuji,35,8,20.0,-0.3,-19.3,0.0,-0.2,,0.0,0.1,,,<a href=https://npb.jp/bis/eng/teams/index_l.html>Seibu</a>,PL
,Kaneko Yuji,35,9,104.1,-0.4,-4.9,0.2,-0.6,,0.1,-0.4,,,<a href=https://npb.jp/bis/eng/teams/index_l.html>Seibu</a>,PL
,Fujioka Yudai,31,4,669.2,-5.6,-10.8,-4.7,,-1.4,0.5,1.8,,,<a href=https://npb.jp/bis/eng/teams/index_m.html>Lotte</a>,PL
,Matsumoto Go,31,7,15.2,1.0,82.0,1.1,-0.2,,0.0,-0.1,,,<a href=https://npb.jp/bis/eng/teams/index_f.html>Nipponham</a>,PL
,Matsumoto Go,31,8,997.1,12.9,16.6,13.1,-0.3,,0.1,3.3,,,<a href=https://npb.jp/bis/eng/teams/index_f.html>Nipponham</a>,PL
,Matsumoto Go,31,DH,22.0,,,,,,,-0.3,,,<a href=https://npb.jp/bis/eng/teams/index_f.html>Nipponham</a>,PL
,Nishikawa Ryoma,30,7,1113.1,-4.0,-4.6,-1.9,-2.1,,0.0,-10.6,,,<a href=https://npb.jp/bis/eng/teams/index_b.html>ORIX</a>,PL
,Nishikawa Ryoma,30,DH,35.0,,,,,,,-0.4,,,<a href=https://npb.jp/bis/eng/teams/index_b.html>ORIX</a>,PL
,Shuto Ukyo,29,8,956.1,14.1,19.0,10.2,3.8,,0.1,3.2,,,<a href=https://npb.jp/bis/eng/teams/index_h.html>SoftBank</a>,PL
,Ohshima Yohei,39,7,113.0,-0.7,-8.0,-0.8,0.0,,0.1,-1.1,,,<a href=https://npb.jp/bis/eng/teams/index_d.html>Chunichi</a>,CL
,Ohshima Yohei,39,8,14.0,0.6,55.2,0.7,-0.1,,0.0,0.0,,,<a href=https://npb.jp/bis/eng/teams/index_d.html>Chunichi</a>,CL
,Ohshima Yohei,39,DH,2.0,,,,,,,0.0,,,<a href=https://npb.jp/bis/eng/teams/index_d.html>Chunichi</a>,CL
,Oda Gouki,24,7,25.0,-1.7,-87.5,-2.0,0.3,,0.0,-0.2,,,<a href=https://npb.jp/bis/eng/teams/index_d.html>Chunichi</a>,CL
,Oda Gouki,24,8,34.1,2.3,86.3,2.3,0.0,,0.0,0.1,,,<a href=https://npb.jp/bis/eng/teams/index_d.html>Chunichi</a>,CL
,Oda Gouki,24,9,12.0,0.1,10.7,0.0,0.1,,0.0,0.0,,,<a href=https://npb.jp/bis/eng/teams/index_d.html>Chunichi</a>,CL
,Oda Gouki,24,DH,2.0,,,,,,,0.0,,,<a href=https://npb.jp/bis/eng/teams/index_d.html>Chunichi</a>,CL
,Noma Takayoshi,32,8,136.0,-1.8,-17.0,-3.3,1.5,,0.0,0.5,,,<a href=https://npb.jp/bis/eng/teams/index_c.html>Hiroshima</a>,CL
,Noma Takayoshi,32,9,758.1,-6.3,-10.7,-5.6,-1.0,,0.3,-3.0,,,<a href=https://npb.jp/bis/eng/teams/index_c.html>Hiroshima</a>,CL
,Kobukata Hiroto,29,4,1133.2,-3.3,-3.7,-8.1,,2.3,2.4,3.0,,,<a href=https://npb.jp/bis/eng/teams/index_e.html>Rakuten</a>,PL
,Kobukata Hiroto,29,6,11.0,0.1,11.7,0.1,,0.0,0.0,0.1,,,<a href=https://npb.jp/bis/eng/teams/index_e.html>Rakuten</a>,PL
,Kishi Junichiro,28,7,280.2,1.9,8.7,2.9,-1.2,,0.2,-2.7,,,<a href=https://npb.jp/bis/eng/teams/index_l.html>Seibu</a>,PL
,Kishi Junichiro,28,8,232.2,-0.1,-0.6,-0.5,0.3,,0.0,0.8,,,<a href=https://npb.jp/bis/eng/teams/index_l.html>Seibu</a>,PL
,Kishi Junichiro,28,9,200.0,0.9,5.8,1.6,-0.8,,0.1,-0.8,,,<a href=https://npb.jp/bis/eng/teams/index_l.html>Seibu</a>,PL
,Kishi Junichiro,28,DH,1.0,,,,,,,0.0,,,<a href=https://npb.jp/bis/eng/teams/index_l.html>Seibu</a>,PL
,Ogino Takashi,39,7,302.0,8.3,35.4,6.4,2.5,,-0.6,-2.9,,,<a href=https://npb.jp/bis/eng/teams/index_m.html>Lotte</a>,PL
,Ogino Takashi,39,8,16.0,0.2,16.1,0.2,0.0,,0.0,0.1,,,<a href=https://npb.jp/bis/eng/teams/index_m.html>Lotte</a>,PL
,Ogino Takashi,39,9,83.0,0.9,14.0,1.6,-0.7,,0.0,-0.3,,,<a href=https://npb.jp/bis/eng/teams/index_m.html>Lotte</a>,PL
,Ogino Takashi,39,DH,8.0,,,,,,,-0.1,,,<a href=https://npb.jp/bis/eng/teams/index_m.html>Lotte</a>,PL
,Wada Koshiro,26,7,43.0,1.3,38.9,1.3,0.0,,0.0,-0.4,,,<a href=https://npb.jp/bis/eng/teams/index_m.html>Lotte</a>,PL
,Wada Koshiro,26,8,149.0,6.4,55.3,6.7,-0.4,,0.0,0.5,,,<a href=https://npb.jp/bis/eng/teams/index_m.html>Lotte</a>,PL
,Wada Koshiro,26,9,30.0,1.0,42.9,0.7,0.3,,0.0,-0.1,,,<a href=https://npb.jp/bis/eng/teams/index_m.html>Lotte</a>,PL
,Wada Koshiro,26,DH,8.0,,,,,,,-0.1,,,<a href=https://npb.jp/bis/eng/teams/index_m.html>Lotte</a>,PL
,Fukuda Shuhei,32,7,20.0,1.5,96.5,1.3,0.1,,0.0,-0.2,,,<a href=https://npb.jp/bis/eng/teams/index_b.html>ORIX</a>,PL
,Fukuda Shuhei,32,8,498.1,-3.4,-8.8,-2.7,-0.8,,0.1,1.7,,,<a href=https://npb.jp/bis/eng/teams/index_b.html>ORIX</a>,PL
,Fukuda Shuhei,32,9,9.0,-0.4,-57.2,-0.1,-0.3,,0.0,0.0,,,<a href=https://npb.jp/bis/eng/teams/index_b.html>ORIX</a>,PL
,Asano Shogo,20,8,26.1,-0.7,-34.3,-0.5,-0.1,,0.0,0.1,,,<a href=https://npb.jp/bis/eng/teams/index_g.html>Yomiuri</a>,CL
,Asano Shogo,20,9,292.2,-7.5,-33.0,-6.3,-1.4,,0.1,-1.2,,,<a href=https://npb.jp/bis/eng/teams/index_g.html>Yomiuri</a>,CL
,Calixte Orlando,33,3,170.2,2.0,15.1,2.3,,-0.1,-0.2,-1.9,,,<a href=https://npb.jp/bis/eng/teams/index_d.html>Chunichi</a>,CL
,Calixte Orlando,33,5,125.0,0.4,4.1,2.2,,-0.2,-1.7,-0.5,,,<a href=https://npb.jp/bis/eng/teams/index_d.html>Chunichi</a>,CL
,Calixte Orlando,33,7,268.0,6.1,29.3,5.2,0.6,,0.2,-2.5,,,<a href=https://npb.jp/bis/eng/teams/index_d.html>Chunichi</a>,CL
,Calixte Orlando,33,8,207.2,-6.9,-42.8,-5.3,-0.8,,-0.8,0.7,,,<a href=https://npb.jp/bis/eng/teams/index_d.html>Chunichi</a>,CL
,Calixte Orlando,33,DH,4.0,,,,,,,0.0,,,<a href=https://npb.jp/bis/eng/teams/index_d.html>Chunichi</a>,CL
,Kubo Shu,24,8,51.1,-4.4,-110.4,-4.3,-0.1,,0.0,0.2,,,<a href=https://npb.jp/bis/eng/teams/index_c.html>Hiroshima</a>,CL
,Kubo Shu,24,9,4.0,0.0,0.0,0.0,0.0,,0.0,0.0,,,<a href=https://npb.jp/bis/eng/teams/index_c.html>Hiroshima</a>,CL
,Stevenson Andrew,31,7,91.0,1.3,18.4,1.3,-0.1,,0.1,-0.9,,,<a href=https://npb.jp/bis/eng/teams/index_f.html>Nipponham</a>,PL
,Stevenson Andrew,31,DH,29.0,,,,,,,-0.3,,,<a href=https://npb.jp/bis/eng/teams/index_f.html>Nipponham</a>,PL
,Egoshi Taiga,32,7,23.0,0.8,44.8,0.2,0.6,,0.0,-0.2,,,<a href=https://npb.jp/bis/eng/teams/index_f.html>Nipponham</a>,PL
,Egoshi Taiga,32,8,19.1,0.2,13.3,0.3,-0.2,,0.0,0.1,,,<a href=https://npb.jp/bis/eng/teams/index_f.html>Nipponham</a>,PL
,Egoshi Taiga,32,9,2.0,0.0,0.0,0.0,0.0,,0.0,0.0,,,<a href=https://npb.jp/bis/eng/teams/index_f.html>Nipponham</a>,PL
,Ohta Ryo,24,3,339.0,1.9,7.2,2.0,,-0.3,0.3,-3.8,,,<a href=https://npb.jp/bis/eng/teams/index_b.html>ORIX</a>,PL
,Ohta Ryo,24,4,409.2,-9.7,-30.5,-9.1,,-0.2,-0.5,1.1,,,<a href=https://npb.jp/bis/eng/teams/index_b.html>ORIX</a>,PL
,Ohta Ryo,24,5,19.0,0.4,27.1,0.2,,0.0,0.2,-0.1,,,<a href=https://npb.jp/bis/eng/teams/index_b.html>ORIX</a>,PL
,Nishino Masahiro,34,4,312.0,0.5,2.1,0.2,,0.2,0.0,0.8,,,<a href=https://npb.jp/bis/eng/teams/index_b.html>ORIX</a>,PL
,Nishino Masahiro,34,5,300.0,1.8,7.7,0.8,,-0.1,1.1,-1.1,,,<a href=https://npb.jp/bis/eng/teams/index_b.html>ORIX</a>,PL
,Nishino Masahiro,34,DH,9.0,,,,,,,-0.1,,,<a href=https://npb.jp/bis/eng/teams/index_b.html>ORIX</a>,PL
,Hagio Masaya,24,7,94.0,-0.8,-11.0,-0.9,0.1,,0.1,-0.9,,,<a href=https://npb.jp/bis/eng/teams/index_g.html>Yomiuri</a>,CL
,Hagio Masaya,24,8,109.0,0.3,3.5,0.8,-0.4,,0.0,0.4,,,<a href=https://npb.jp/bis/eng/teams/index_g.html>Yomiuri</a>,CL
,Hagio Masaya,24,9,116.2,2.1,23.2,1.8,0.3,,0.0,-0.5,,,<a href=https://npb.jp/bis/eng/teams/index_g.html>Yomiuri</a>,CL
,Matsubara Seiya,30,7,17.0,1.7,128.7,1.7,0.0,,0.0,-0.2,,,<a href=https://npb.jp/bis/eng/teams/index_g.html>Yomiuri</a>,CL
,Matsubara Seiya,30,9,17.1,0.6,44.6,0.7,-0.1,,0.0,-0.1,,,<a href=https://npb.jp/bis/eng/teams/index_g.html>Yomiuri</a>,CL
,Mizuno Tatsuki,24,6,878.2,2.1,3.1,4.1,,1.5,-3.5,7.2,,,<a href=https://npb.jp/bis/eng/teams/index_f.html>Nipponham</a>,PL
,Imamiya Kenta,33,6,1071.2,11.7,14.1,9.4,,-0.1,2.4,8.7,,,<a href=https://npb.jp/bis/eng/teams/index_h.html>SoftBank</a>,PL
,Oka Hiromi,33,7,152.0,-5.3,-44.9,-6.3,0.8,,0.1,-1.4,,,<a href=https://npb.jp/bis/eng/teams/index_m.html>Lotte</a>,PL
,Oka Hiromi,33,8,325.1,-5.2,-20.6,-4.6,-0.7,,0.0,1.1,,,<a href=https://npb.jp/bis/eng/teams/index_m.html>Lotte</a>,PL
,Oka Hiromi,33,9,324.1,-2.5,-9.9,-3.4,0.8,,0.1,-1.3,,,<a href=https://npb.jp/bis/eng/teams/index_m.html>Lotte</a>,PL
,Takeda Aito,28,7,63.2,1.7,34.3,1.5,0.1,,0.1,-0.6,,,<a href=https://npb.jp/bis/eng/teams/index_m.html>Lotte</a>,PL
,Takeda Aito,28,8,41.0,-3.1,-97.3,-2.8,-0.4,,0.0,0.1,,,<a href=https://npb.jp/bis/eng/teams/index_m.html>Lotte</a>,PL
,Takeda Aito,28,9,80.2,2.9,46.2,2.3,0.5,,0.0,-0.3,,,<a href=https://npb.jp/bis/eng/teams/index_m.html>Lotte</a>,PL
,Takeda Aito,28,DH,4.0,,,,,,,0.0,,,<a href=https://npb.jp/bis/eng/teams/index_m.html>Lotte</a>,PL
,Nakamura Akira,35,3,237.2,0.8,4.3,1.5,,0.2,-0.9,-2.7,,,<a href=https://npb.jp/bis/eng/teams/index_h.html>SoftBank</a>,PL
,Nakamura Akira,35,7,15.0,-0.6,-51.5,-0.6,0.0,,0.0,-0.1,,,<a href=https://npb.jp/bis/eng/teams/index_h.html>SoftBank</a>,PL
,Nakamura Akira,35,9,13.0,-2.1,-207.9,-1.8,-0.3,,0.0,-0.1,,,<a href=https://npb.jp/bis/eng/teams/index_h.html>SoftBank</a>,PL
,Nakamura Akira,35,DH,52.0,,,,,,,-0.6,,,<a href=https://npb.jp/bis/eng/teams/index_h.html>SoftBank</a>,PL
,Iwata Yukihiro,27,7,23.0,1.2,67.1,1.3,-0.1,,0.0,-0.2,,,<a href=https://npb.jp/bis/eng/teams/index_s.html>Yakult</a>,CL
,Iwata Yukihiro,27,8,310.2,-1.5,-6.2,0.0,-1.6,,0.0,1.0,,,<a href=https://npb.jp/bis/eng/teams/index_s.html>Yakult</a>,CL
,Iwata Yukihiro,27,9,10.0,-0.2,-25.7,-0.3,0.1,,0.0,0.0,,,<a href=https://npb.jp/bis/eng/teams/index_s.html>Yakult</a>,CL
,Uemoto Takashi,34,4,18.0,-0.3,-21.4,0.2,,0.1,-0.6,0.0,,,<a href=https://npb.jp/bis/eng/teams/index_c.html>Hiroshima</a>,CL
,Uemoto Takashi,34,5,34.0,1.1,41.6,0.8,,0.0,0.3,-0.1,,,<a href=https://npb.jp/bis/eng/teams/index_c.html>Hiroshima</a>,CL
,Uemoto Takashi,34,7,180.0,7.8,55.8,6.9,0.7,,0.2,-1.7,,,<a href=https://npb.jp/bis/eng/teams/index_c.html>Hiroshima</a>,CL
,Uemoto Takashi,34,8,17.1,0.8,59.5,0.8,0.0,,0.0,0.1,,,<a href=https://npb.jp/bis/eng/teams/index_c.html>Hiroshima</a>,CL
,Uemoto Takashi,34,9,17.2,0.1,7.3,-0.1,0.1,,0.0,-0.1,,,<a href=https://npb.jp/bis/eng/teams/index_c.html>Hiroshima</a>,CL
,Katoh Gosuke,30,3,47.0,0.0,0.0,-0.4,,0.2,0.1,-0.5,,,<a href=https://npb.jp/bis/eng/teams/index_f.html>Nipponham</a>,PL
,Katoh Gosuke,30,4,17.0,-0.8,-60.6,-0.8,,-0.2,0.1,0.0,,,<a href=https://npb.jp/bis/eng/teams/index_f.html>Nipponham</a>,PL
,Katoh Gosuke,30,5,1.0,0.0,0.0,0.0,,0.0,0.0,0.0,,,<a href=https://npb.jp/bis/eng/teams/index_f.html>Nipponham</a>,PL
,Katoh Gosuke,30,DH,35.0,,,,,,,-0.4,,,<a href=https://npb.jp/bis/eng/teams/index_f.html>Nipponham</a>,PL
,Genda Sosuke,32,6,1237.0,1.9,2.0,-1.3,,-0.3,3.6,10.1,,,<a href=https://npb.jp/bis/eng/teams/index_l.html>Seibu</a>,PL
,Tanaka Kosuke,35,3,110.1,1.0,11.7,0.6,,0.0,0.3,-1.2,,,<a href=https://npb.jp/bis/eng/teams/index_c.html>Hiroshima</a>,CL
,Tanaka Kosuke,35,5,89.1,2.3,33.1,2.0,,0.0,0.2,-0.3,,,<a href=https://npb.jp/bis/eng/teams/index_c.html>Hiroshima</a>,CL
,Tatsumi Konosuke,24,DH,8.0,,,,,,,-0.1,,,<a href=https://npb.jp/bis/eng/teams/index_e.html>Rakuten</a>,PL
,Shimauchi Hiroaki,35,7,76.0,1.1,18.6,1.2,-0.2,,0.1,-0.7,,,<a href=https://npb.jp/bis/eng/teams/index_e.html>Rakuten</a>,PL
,Shimauchi Hiroaki,35,DH,240.2,,,,,,,-2.9,,,<a href=https://npb.jp/bis/eng/teams/index_e.html>Rakuten</a>,PL
,Yoshikawa Naoki,30,4,1257.2,15.9,16.3,11.9,,-0.6,4.6,3.4,,,<a href=https://npb.jp/bis/eng/teams/index_g.html>Yomiuri</a>,CL
,Shibata Tatsuhiro,31,4,13.2,-1.3,-122.1,0.3,,-0.3,-1.4,0.0,,,<a href=https://npb.jp/bis/eng/teams/index_db.html>DeNA</a>,CL
,Shibata Tatsuhiro,31,5,140.1,-1.6,-14.7,-1.1,,0.1,-0.6,-0.5,,,<a href=https://npb.jp/bis/eng/teams/index_db.html>DeNA</a>,CL
,Shibata Tatsuhiro,31,6,2.0,0.5,321.8,0.4,,0.1,0.0,0.0,,,<a href=https://npb.jp/bis/eng/teams/index_db.html>DeNA</a>,CL
,Tamiya Yua,25,2,757.2,1.0,1.7,,2.1,,-1.1,10.8,-9.5,-0.8,<a href=https://npb.jp/bis/eng/teams/index_f.html>Nipponham</a>,PL
,Tamiya Yua,25,7,1.0,0.0,0.0,0.0,0.0,,0.0,0.0,,,<a href=https://npb.jp/bis/eng/teams/index_f.html>Nipponham</a>,PL
,Tamiya Yua,25,DH,36.0,,,,,,,-0.4,,,<a href=https://npb.jp/bis/eng/teams/index_f.html>Nipponham</a>,PL
,Takamatsu Wataru,25,3,6.1,0.4,81.7,0.4,,0.0,0.0,-0.1,,,<a href=https://npb.jp/bis/eng/teams/index_l.html>Seibu</a>,PL
,Takamatsu Wataru,25,4,1.0,0.2,257.4,0.2,,0.0,0.0,0.0,,,<a href=https://npb.jp/bis/eng/teams/index_l.html>Seibu</a>,PL
,Takamatsu Wataru,25,7,9.0,1.1,157.3,1.1,0.0,,0.0,-0.1,,,<a href=https://npb.jp/bis/eng/teams/index_l.html>Seibu</a>,PL
,Takamatsu Wataru,25,9,1.0,-0.3,-386.1,-0.1,-0.3,,0.0,0.0,,,<a href=https://npb.jp/bis/eng/teams/index_l.html>Seibu</a>,PL
,Takamatsu Wataru,25,DH,8.0,,,,,,,-0.1,,,<a href=https://npb.jp/bis/eng/teams/index_l.html>Seibu</a>,PL
,Hosokawa Ryohei,23,3,15.0,-0.3,-25.7,-0.3,,0.0,0.0,-0.2,,,<a href=https://npb.jp/bis/eng/teams/index_f.html>Nipponham</a>,PL
,Hosokawa Ryohei,23,4,58.0,-1.7,-37.7,-1.3,,0.0,-0.4,0.2,,,<a href=https://npb.jp/bis/eng/teams/index_f.html>Nipponham</a>,PL
,Hosokawa Ryohei,23,5,16.1,-0.2,-15.8,-0.3,,0.0,0.2,-0.1,,,<a href=https://npb.jp/bis/eng/teams/index_f.html>Nipponham</a>,PL
,Hosokawa Ryohei,23,6,7.0,0.0,0.0,0.1,,-0.1,0.0,0.1,,,<a href=https://npb.jp/bis/eng/teams/index_f.html>Nipponham</a>,PL
,Hosokawa Ryohei,23,7,87.2,4.5,66.0,3.8,0.6,,0.1,-0.8,,,<a href=https://npb.jp/bis/eng/teams/index_f.html>Nipponham</a>,PL
,Hosokawa Ryohei,23,9,10.1,0.5,62.5,0.5,0.0,,0.0,0.0,,,<a href=https://npb.jp/bis/eng/teams/index_f.html>Nipponham</a>,PL
,Ogoh Yuya,28,9,1276.2,-2.7,-2.7,-5.0,2.5,,-0.2,-5.0,,,<a href=https://npb.jp/bis/eng/teams/index_e.html>Rakuten</a>,PL
,Shigenobu Shinnosuke,32,7,46.0,1.2,33.6,1.6,-0.4,,0.0,-0.4,,,<a href=https://npb.jp/bis/eng/teams/index_g.html>Yomiuri</a>,CL
,Shigenobu Shinnosuke,32,8,7.0,0.0,0.0,0.0,0.0,,0.0,0.0,,,<a href=https://npb.jp/bis/eng/teams/index_g.html>Yomiuri</a>,CL
,Shigenobu Shinnosuke,32,9,5.0,0.0,0.0,0.0,0.0,,0.0,0.0,,,<a href=https://npb.jp/bis/eng/teams/index_g.html>Yomiuri</a>,CL
,Gunji Yuya,27,2,38.0,-1.0,-33.9,,-1.1,,0.1,0.5,0.4,-0.4,<a href=https://npb.jp/bis/eng/teams/index_f.html>Nipponham</a>,PL
,Gunji Yuya,27,3,69.0,0.8,14.9,0.4,,0.2,0.2,-0.8,,,<a href=https://npb.jp/bis/eng/teams/index_f.html>Nipponham</a>,PL
,Gunji Yuya,27,4,5.0,-0.5,-128.7,-0.5,,0.0,0.0,0.0,,,<a href=https://npb.jp/bis/eng/teams/index_f.html>Nipponham</a>,PL
,Gunji Yuya,27,5,790.1,-10.9,-17.8,-7.6,,-0.4,-2.9,-3.0,,,<a href=https://npb.jp/bis/eng/teams/index_f.html>Nipponham</a>,PL
,Gunji Yuya,27,7,58.1,-2.1,-46.4,-2.1,-0.1,,0.0,-0.6,,,<a href=https://npb.jp/bis/eng/teams/index_f.html>Nipponham</a>,PL
,Gunji Yuya,27,DH,8.0,,,,,,,-0.1,,,<a href=https://npb.jp/bis/eng/teams/index_f.html>Nipponham</a>,PL
,Watanabe Haruto,25,7,13.0,-1.1,-108.9,-1.1,0.0,,0.0,-0.1,,,<a href=https://npb.jp/bis/eng/teams/index_b.html>ORIX</a>,PL
,Watanabe Haruto,25,8,172.2,2.5,18.6,2.3,0.1,,0.0,0.6,,,<a href=https://npb.jp/bis/eng/teams/index_b.html>ORIX</a>,PL
,Watanabe Haruto,25,9,54.0,2.3,54.8,2.3,0.0,,0.0,-0.2,,,<a href=https://npb.jp/bis/eng/teams/index_b.html>ORIX</a>,PL
,Cordero Franchy,30,7,124.0,-0.2,-2.1,-0.2,-0.1,,0.1,-1.2,,,<a href=https://npb.jp/bis/eng/teams/index_l.html>Seibu</a>,PL
,Cordero Franchy,30,DH,25.0,,,,,,,-0.3,,,<a href=https://npb.jp/bis/eng/teams/index_l.html>Seibu</a>,PL
,Kinami Seiya,31,6,963.0,-8.8,-11.8,-8.0,,-0.7,-0.2,7.8,,,<a href=https://npb.jp/bis/eng/teams/index_t.html>Hanshin</a>,CL
,Tomosugi Atsuki,24,6,949.0,11.2,15.2,15.2,,-2.0,-2.0,7.7,,,<a href=https://npb.jp/bis/eng/teams/index_m.html>Lotte</a>,PL
,Tonosaki Shuta,32,4,1066.1,5.4,6.5,0.7,,0.4,4.4,2.9,,,<a href=https://npb.jp/bis/eng/teams/index_l.html>Seibu</a>,PL
,Tonosaki Shuta,32,DH,18.0,,,,,,,-0.2,,,<a href=https://npb.jp/bis/eng/teams/index_l.html>Seibu</a>,PL
,Nishikawa Haruki,33,7,101.2,3.6,45.6,3.2,0.4,,0.1,-1.0,,,<a href=https://npb.jp/bis/eng/teams/index_s.html>Yakult</a>,CL
,Nishikawa Haruki,33,8,446.1,-14.3,-41.2,-12.3,-2.1,,0.0,1.5,,,<a href=https://npb.jp/bis/eng/teams/index_s.html>Yakult</a>,CL
,Nishikawa Haruki,33,9,136.1,1.3,12.3,0.0,1.3,,0.0,-0.5,,,<a href=https://npb.jp/bis/eng/teams/index_s.html>Yakult</a>,CL
,Akiyama Shogo,37,7,127.1,2.5,25.3,1.4,0.9,,0.1,-1.2,,,<a href=https://npb.jp/bis/eng/teams/index_c.html>Hiroshima</a>,CL
,Akiyama Shogo,37,8,1040.1,5.0,6.2,4.3,0.6,,0.1,3.5,,,<a href=https://npb.jp/bis/eng/teams/index_c.html>Hiroshima</a>,CL
,Nishikawa Manaya,26,7,1.0,0.0,0.0,0.0,0.0,,0.0,0.0,,,<a href=https://npb.jp/bis/eng/teams/index_l.html>Seibu</a>,PL
,Nishikawa Manaya,26,8,760.2,9.3,15.7,5.0,4.2,,0.1,2.5,,,<a href=https://npb.jp/bis/eng/teams/index_l.html>Seibu</a>,PL
,Hasegawa Shinya,23,7,31.0,-0.1,-4.2,-0.9,0.8,,0.0,-0.3,,,<a href=https://npb.jp/bis/eng/teams/index_l.html>Seibu</a>,PL
,Hasegawa Shinya,23,8,175.0,5.7,41.9,5.1,0.6,,0.0,0.6,,,<a href=https://npb.jp/bis/eng/teams/index_l.html>Seibu</a>,PL
,Hasegawa Shinya,23,9,306.1,0.2,0.8,3.3,-3.2,,0.2,-1.2,,,<a href=https://npb.jp/bis/eng/teams/index_l.html>Seibu</a>,PL
,Okoye Louis,27,7,62.2,1.2,24.6,-0.3,1.4,,0.0,-0.6,,,<a href=https://npb.jp/bis/eng/teams/index_g.html>Yomiuri</a>,CL
,Okoye Louis,27,8,244.0,5.5,29.0,4.8,0.7,,0.0,0.8,,,<a href=https://npb.jp/bis/eng/teams/index_g.html>Yomiuri</a>,CL
,Okoye Louis,27,9,13.1,-2.3,-222.6,-2.1,-0.2,,0.0,-0.1,,,<a href=https://npb.jp/bis/eng/teams/index_g.html>Yomiuri</a>,CL
,Okabayashi Yuki,23,8,733.0,-1.6,-2.8,-5.8,4.1,,0.1,2.4,,,<a href=https://npb.jp/bis/eng/teams/index_d.html>Chunichi</a>,CL
,Okabayashi Yuki,23,9,221.0,-7.8,-45.4,-5.4,-2.5,,0.1,-0.9,,,<a href=https://npb.jp/bis/eng/teams/index_d.html>Chunichi</a>,CL
,Ohshiro Takumi,32,2,331.0,0.6,2.3,,0.9,,-0.3,4.7,-1.3,0.4,<a href=https://npb.jp/bis/eng/teams/index_g.html>Yomiuri</a>,CL
,Ohshiro Takumi,32,3,262.1,-0.3,-1.5,-0.1,,-0.2,0.0,-2.9,,,<a href=https://npb.jp/bis/eng/teams/index_g.html>Yomiuri</a>,CL
,Ohshiro Takumi,32,DH,43.1,,,,,,,-0.5,,,<a href=https://npb.jp/bis/eng/teams/index_g.html>Yomiuri</a>,CL
,Kadowaki Makoto,24,4,3.0,-0.3,-128.7,-0.3,,0.0,0.0,0.0,,,<a href=https://npb.jp/bis/eng/teams/index_g.html>Yomiuri</a>,CL
,Kadowaki Makoto,24,5,61.0,3.1,65.4,3.5,,-0.1,-0.4,-0.2,,,<a href=https://npb.jp/bis/eng/teams/index_g.html>Yomiuri</a>,CL
,Kadowaki Makoto,24,6,863.1,6.0,8.9,9.0,,-0.3,-2.7,7.0,,,<a href=https://npb.jp/bis/eng/teams/index_g.html>Yomiuri</a>,CL
,Mori Tomoya,29,2,408.0,-1.6,-5.0,,-1.9,,0.3,5.8,8.8,0.1,<a href=https://npb.jp/bis/eng/teams/index_b.html>ORIX</a>,PL
,Mori Tomoya,29,9,105.0,-1.3,-15.9,-1.0,-0.4,,0.0,-0.4,,,<a href=https://npb.jp/bis/eng/teams/index_b.html>ORIX</a>,PL
,Mori Tomoya,29,DH,433.1,,,,,,,-5.2,,,<a href=https://npb.jp/bis/eng/teams/index_b.html>ORIX</a>,PL
,Noguchi Tomoya,25,4,9.0,-1.3,-185.9,-0.4,,-0.3,-0.7,0.0,,,<a href=https://npb.jp/bis/eng/teams/index_b.html>ORIX</a>,PL
,Noguchi Tomoya,25,6,14.1,-0.2,-18.0,-0.3,,0.0,0.1,0.1,,,<a href=https://npb.jp/bis/eng/teams/index_b.html>ORIX</a>,PL
,Noguchi Tomoya,25,8,19.2,-0.3,-19.6,-0.1,-0.2,,0.0,0.1,,,<a href=https://npb.jp/bis/eng/teams/index_b.html>ORIX</a>,PL
,Noguchi Tomoya,25,9,31.1,-0.4,-16.4,0.1,-0.6,,0.0,-0.1,,,<a href=https://npb.jp/bis/eng/teams/index_b.html>ORIX</a>,PL
,Noguchi Tomoya,25,DH,2.0,,,,,,,0.0,,,<a href=https://npb.jp/bis/eng/teams/index_b.html>ORIX</a>,PL
,Ugusa Koki,28,7,93.2,0.0,0.0,-0.4,0.3,,0.1,-0.9,,,<a href=https://npb.jp/bis/eng/teams/index_c.html>Hiroshima</a>,CL
,Ugusa Koki,28,DH,14.0,,,,,,,-0.2,,,<a href=https://npb.jp/bis/eng/teams/index_c.html>Hiroshima</a>,CL
,Narama Taiki,25,4,173.0,1.4,10.4,1.3,,0.1,-0.1,0.5,,,<a href=https://npb.jp/bis/eng/teams/index_f.html>Nipponham</a>,PL
,Narama Taiki,25,5,119.1,0.5,5.4,0.1,,-0.2,0.6,-0.5,,,<a href=https://npb.jp/bis/eng/teams/index_f.html>Nipponham</a>,PL
,Narama Taiki,25,6,132.0,1.0,9.8,1.6,,-0.6,0.0,1.1,,,<a href=https://npb.jp/bis/eng/teams/index_f.html>Nipponham</a>,PL
,Nomura Isami,28,3,1.0,0.0,0.0,0.0,,0.0,0.0,0.0,,,<a href=https://npb.jp/bis/eng/teams/index_h.html>SoftBank</a>,PL
,Nomura Isami,28,4,94.0,-0.8,-11.0,-1.3,,0.1,0.3,0.3,,,<a href=https://npb.jp/bis/eng/teams/index_h.html>SoftBank</a>,PL
,Nomura Isami,28,5,15.0,-0.5,-42.9,0.1,,0.0,-0.6,-0.1,,,<a href=https://npb.jp/bis/eng/teams/index_h.html>SoftBank</a>,PL
,Nomura Isami,28,6,31.0,-0.6,-24.9,-0.8,,0.0,0.2,0.3,,,<a href=https://npb.jp/bis/eng/teams/index_h.html>SoftBank</a>,PL
,Nomura Isami,28,DH,2.0,,,,,,,0.0,,,<a href=https://npb.jp/bis/eng/teams/index_h.html>SoftBank</a>,PL
,Kawamura Yuto,25,7,20.2,0.6,37.3,0.6,0.0,,0.0,-0.2,,,<a href=https://npb.jp/bis/eng/teams/index_h.html>SoftBank</a>,PL
,Kawamura Yuto,25,8,110.2,1.8,20.9,1.9,-0.2,,0.0,0.4,,,<a href=https://npb.jp/bis/eng/teams/index_h.html>SoftBank</a>,PL
,Kawamura Yuto,25,9,219.2,1.9,11.1,2.8,-1.0,,0.1,-0.9,,,<a href=https://npb.jp/bis/eng/teams/index_h.html>SoftBank</a>,PL
,Kawamura Yuto,25,DH,4.0,,,,,,,0.0,,,<a href=https://npb.jp/bis/eng/teams/index_h.html>SoftBank</a>,PL
,Kuwahara Masayuki,31,7,16.0,1.1,88.5,1.1,0.0,,0.0,-0.2,,,<a href=https://npb.jp/bis/eng/teams/index_db.html>DeNA</a>,CL
,Kuwahara Masayuki,31,8,657.2,2.0,3.9,3.3,-1.4,,0.1,2.2,,,<a href=https://npb.jp/bis/eng/teams/index_db.html>DeNA</a>,CL
,Chono Hisayoshi,40,7,107.0,4.0,48.1,3.4,0.5,,0.1,-1.0,,,<a href=https://npb.jp/bis/eng/teams/index_g.html>Yomiuri</a>,CL
,Chono Hisayoshi,40,9,7.0,-1.0,-183.9,-0.6,-0.4,,0.0,0.0,,,<a href=https://npb.jp/bis/eng/teams/index_g.html>Yomiuri</a>,CL
,Chono Hisayoshi,40,DH,8.0,,,,,,,-0.1,,,<a href=https://npb.jp/bis/eng/teams/index_g.html>Yomiuri</a>,CL
,Akahane Yoshihiro,25,3,1.0,0.2,257.4,0.2,,0.0,0.0,0.0,,,<a href=https://npb.jp/bis/eng/teams/index_s.html>Yakult</a>,CL
,Akahane Yoshihiro,25,4,40.2,-1.8,-56.9,-2.0,,0.0,0.2,0.1,,,<a href=https://npb.jp/bis/eng/teams/index_s.html>Yakult</a>,CL
,Akahane Yoshihiro,25,5,4.0,-0.3,-96.5,-0.3,,0.0,0.0,0.0,,,<a href=https://npb.jp/bis/eng/teams/index_s.html>Yakult</a>,CL
,Akahane Yoshihiro,25,7,24.0,1.1,59.0,1.0,0.1,,0.0,-0.2,,,<a href=https://npb.jp/bis/eng/teams/index_s.html>Yakult</a>,CL
,Akahane Yoshihiro,25,8,40.1,-1.0,-31.9,-1.0,0.0,,0.0,0.1,,,<a href=https://npb.jp/bis/eng/teams/index_s.html>Yakult</a>,CL
,Akahane Yoshihiro,25,9,32.1,-1.4,-55.8,-0.6,-0.8,,0.0,-0.1,,,<a href=https://npb.jp/bis/eng/teams/index_s.html>Yakult</a>,CL
,Reyes Franmil,29,3,21.0,0.0,0.0,-0.1,,0.0,0.0,-0.2,,,<a href=https://npb.jp/bis/eng/teams/index_f.html>Nipponham</a>,PL
,Reyes Franmil,29,DH,758.0,,,,,,,-9.1,,,<a href=https://npb.jp/bis/eng/teams/index_f.html>Nipponham</a>,PL
,Maru Yoshihiro,36,7,293.2,3.9,17.1,4.9,-1.2,,0.3,-2.8,,,<a href=https://npb.jp/bis/eng/teams/index_g.html>Yomiuri</a>,CL
,Maru Yoshihiro,36,8,274.2,-2.5,-11.7,-2.2,-0.3,,0.0,0.9,,,<a href=https://npb.jp/bis/eng/teams/index_g.html>Yomiuri</a>,CL
,Maru Yoshihiro,36,9,587.1,-0.4,-0.9,-0.3,-0.4,,0.2,-2.3,,,<a href=https://npb.jp/bis/eng/teams/index_g.html>Yomiuri</a>,CL
,Umino Takashi,27,2,333.2,-0.5,-1.9,,0.2,,-0.7,4.8,-3.9,0.2,<a href=https://npb.jp/bis/eng/teams/index_h.html>SoftBank</a>,PL
,Masuda Shu,26,3,3.0,0.0,0.0,0.0,,0.0,0.0,0.0,,,<a href=https://npb.jp/bis/eng/teams/index_s.html>Yakult</a>,CL
,Masuda Shu,26,7,6.0,0.0,0.0,0.0,0.0,,0.0,-0.1,,,<a href=https://npb.jp/bis/eng/teams/index_s.html>Yakult</a>,CL
,Masuda Shu,26,8,16.0,-2.2,-177.0,-1.6,-0.6,,0.0,0.1,,,<a href=https://npb.jp/bis/eng/teams/index_s.html>Yakult</a>,CL
,Masuda Shu,26,9,138.2,3.3,30.6,3.2,0.0,,0.1,-0.5,,,<a href=https://npb.jp/bis/eng/teams/index_s.html>Yakult</a>,CL
,Kamikawabata Daigo,28,4,494.1,5.4,14.1,3.1,,1.3,0.9,1.3,,,<a href=https://npb.jp/bis/eng/teams/index_f.html>Nipponham</a>,PL
,Kamikawabata Daigo,28,6,257.1,-3.5,-17.5,-3.0,,-0.6,0.0,2.1,,,<a href=https://npb.jp/bis/eng/teams/index_f.html>Nipponham</a>,PL
,Tobashira Yasutaka,35,2,176.0,-1.3,-9.5,,-0.9,,-0.4,2.5,0.0,0.1,<a href=https://npb.jp/bis/eng/teams/index_db.html>DeNA</a>,CL
,Tobashira Yasutaka,35,3,2.0,0.2,128.7,0.2,,0.0,0.0,0.0,,,<a href=https://npb.jp/bis/eng/teams/index_db.html>DeNA</a>,CL
,Maruyama Kazuya,25,7,1.0,0.0,0.0,0.0,0.0,,0.0,0.0,,,<a href=https://npb.jp/bis/eng/teams/index_s.html>Yakult</a>,CL
,Maruyama Kazuya,25,8,129.2,3.2,31.8,2.6,0.6,,0.0,0.4,,,<a href=https://npb.jp/bis/eng/teams/index_s.html>Yakult</a>,CL
,Maruyama Kazuya,25,9,480.1,-2.1,-5.6,-1.6,0.1,,-0.6,-1.9,,,<a href=https://npb.jp/bis/eng/teams/index_s.html>Yakult</a>,CL
,Tanaka Mikiya,24,4,751.1,6.7,11.5,3.1,,2.2,1.4,2.0,,,<a href=https://npb.jp/bis/eng/teams/index_d.html>Chunichi</a>,CL
,Tanaka Mikiya,24,6,2.0,0.2,128.7,0.2,,0.0,0.0,0.0,,,<a href=https://npb.jp/bis/eng/teams/index_d.html>Chunichi</a>,CL
,Kita Ryoto,22,7,23.0,0.7,39.2,0.5,0.2,,0.0,-0.2,,,<a href=https://npb.jp/bis/eng/teams/index_b.html>ORIX</a>,PL
,Kita Ryoto,22,8,43.0,1.0,29.9,0.6,0.3,,0.0,0.1,,,<a href=https://npb.jp/bis/eng/teams/index_b.html>ORIX</a>,PL
,Kita Ryoto,22,9,347.2,6.7,24.8,6.1,0.5,,0.2,-1.4,,,<a href=https://npb.jp/bis/eng/teams/index_b.html>ORIX</a>,PL
,Kita Ryoto,22,DH,1.0,,,,,,,0.0,,,<a href=https://npb.jp/bis/eng/teams/index_b.html>ORIX</a>,PL
,Kai Takuya,32,2,924.2,-1.4,-1.9,,-1.1,,-0.3,13.2,2.3,1.3,<a href=https://npb.jp/bis/eng/teams/index_h.html>SoftBank</a>,PL
,Kiyomiya Kotaro,26,3,351.1,0.1,0.4,1.5,,-0.4,-1.1,-3.9,,,<a href=https://npb.jp/bis/eng/teams/index_f.html>Nipponham</a>,PL
,Kiyomiya Kotaro,26,5,256.0,-1.0,-5.0,-0.9,,0.4,-0.5,-1.0,,,<a href=https://npb.jp/bis/eng/teams/index_f.html>Nipponham</a>,PL
,Kiyomiya Kotaro,26,7,62.0,-3.4,-70.6,-3.1,-0.3,,0.0,-0.6,,,<a href=https://npb.jp/bis/eng/teams/index_f.html>Nipponham</a>,PL
,Kiyomiya Kotaro,26,DH,10.0,,,,,,,-0.1,,,<a href=https://npb.jp/bis/eng/teams/index_f.html>Nipponham</a>,PL
,Kitamura Takumi,29,4,69.0,0.0,0.0,0.4,,-0.1,-0.4,0.2,,,<a href=https://npb.jp/bis/eng/teams/index_s.html>Yakult</a>,CL
,Kitamura Takumi,29,5,22.0,-0.1,-5.9,0.4,,0.0,-0.5,-0.1,,,<a href=https://npb.jp/bis/eng/teams/index_s.html>Yakult</a>,CL
,Fukunaga Hiroki,28,3,107.2,1.4,16.7,0.8,,0.2,0.4,-1.2,,,<a href=https://npb.jp/bis/eng/teams/index_d.html>Chunichi</a>,CL
,Fukunaga Hiroki,28,5,633.2,4.6,9.3,2.7,,0.0,1.9,-2.4,,,<a href=https://npb.jp/bis/eng/teams/index_d.html>Chunichi</a>,CL
,Fukunaga Hiroki,28,7,28.0,-3.5,-160.9,-2.7,-0.9,,0.0,-0.3,,,<a href=https://npb.jp/bis/eng/teams/index_d.html>Chunichi</a>,CL
,Fukunaga Hiroki,28,DH,6.0,,,,,,,-0.1,,,<a href=https://npb.jp/bis/eng/teams/index_d.html>Chunichi</a>,CL
,Sugisawa Ryu,25,7,2.0,0.0,0.0,0.0,0.0,,0.0,0.0,,,<a href=https://npb.jp/bis/eng/teams/index_b.html>ORIX</a>,PL
,Sugisawa Ryu,25,8,76.0,2.3,38.9,2.0,0.2,,0.0,0.3,,,<a href=https://npb.jp/bis/eng/teams/index_b.html>ORIX</a>,PL
,Sugisawa Ryu,25,9,7.0,0.5,91.9,0.5,0.0,,0.0,0.0,,,<a href=https://npb.jp/bis/eng/teams/index_b.html>ORIX</a>,PL
,Kawase Hikaru,27,3,53.0,0.4,9.7,0.3,,0.0,0.1,-0.6,,,<a href=https://npb.jp/bis/eng/teams/index_h.html>SoftBank</a>,PL
,Kawase Hikaru,27,4,114.1,-1.7,-19.1,-0.7,,-0.6,-0.3,0.3,,,<a href=https://npb.jp/bis/eng/teams/index_h.html>SoftBank</a>,PL
,Kawase Hikaru,27,5,26.0,2.8,138.6,2.0,,0.3,0.5,-0.1,,,<a href=https://npb.jp/bis/eng/teams/index_h.html>SoftBank</a>,PL
,Kawase Hikaru,27,6,166.2,3.5,27.0,2.4,,0.2,0.9,1.4,,,<a href=https://npb.jp/bis/eng/teams/index_h.html>SoftBank</a>,PL
,Ishii Kazunari,31,4,466.1,4.0,11.0,0.9,,0.8,2.3,1.3,,,<a href=https://npb.jp/bis/eng/teams/index_f.html>Nipponham</a>,PL
,Ishii Kazunari,31,5,19.0,0.0,0.0,0.8,,-0.2,-0.5,-0.1,,,<a href=https://npb.jp/bis/eng/teams/index_f.html>Nipponham</a>,PL
,Ishii Kazunari,31,DH,4.1,,,,,,,-0.1,,,<a href=https://npb.jp/bis/eng/teams/index_f.html>Nipponham</a>,PL
,Kamizato Kazuki,31,7,7.2,-0.1,-16.7,-0.1,0.0,,0.0,-0.1,,,<a href=https://npb.jp/bis/eng/teams/index_db.html>DeNA</a>,CL
,Kamizato Kazuki,31,8,18.0,0.3,21.4,0.3,0.0,,0.0,0.1,,,<a href=https://npb.jp/bis/eng/teams/index_db.html>DeNA</a>,CL
,Kamizato Kazuki,31,9,28.0,-1.4,-64.4,-1.6,0.2,,0.0,-0.1,,,<a href=https://npb.jp/bis/eng/teams/index_db.html>DeNA</a>,CL
,Kamizato Kazuki,31,DH,1.0,,,,,,,0.0,,,<a href=https://npb.jp/bis/eng/teams/index_db.html>DeNA</a>,CL
,Ebina Tatsuo,27,7,58.0,1.1,24.4,1.0,0.0,,0.0,-0.6,,,<a href=https://npb.jp/bis/eng/teams/index_db.html>DeNA</a>,CL
,Ebina Tatsuo,27,8,318.2,-5.9,-23.8,-5.5,-0.5,,0.0,1.1,,,<a href=https://npb.jp/bis/eng/teams/index_db.html>DeNA</a>,CL
,Ebina Tatsuo,27,9,113.0,3.7,42.1,3.1,0.6,,0.1,-0.4,,,<a href=https://npb.jp/bis/eng/teams/index_db.html>DeNA</a>,CL
,Isobata Ryota,26,7,164.2,9.6,75.0,6.9,2.6,,0.1,-1.6,,,<a href=https://npb.jp/bis/eng/teams/index_f.html>Nipponham</a>,PL
,Isobata Ryota,26,8,145.0,0.9,8.0,2.4,-1.5,,0.0,0.5,,,<a href=https://npb.jp/bis/eng/teams/index_f.html>Nipponham</a>,PL
,Isobata Ryota,26,9,16.0,0.7,56.3,0.7,0.0,,0.0,-0.1,,,<a href=https://npb.jp/bis/eng/teams/index_f.html>Nipponham</a>,PL
,Isobata Ryota,26,DH,21.1,,,,,,,-0.3,,,<a href=https://npb.jp/bis/eng/teams/index_f.html>Nipponham</a>,PL
,Kodama Ryosuke,26,4,4.0,0.0,0.0,0.0,,0.0,0.0,0.0,,,<a href=https://npb.jp/bis/eng/teams/index_l.html>Seibu</a>,PL
,Kodama Ryosuke,26,5,122.0,1.2,12.7,1.2,,-0.2,0.2,-0.5,,,<a href=https://npb.jp/bis/eng/teams/index_l.html>Seibu</a>,PL
,Kodama Ryosuke,26,6,14.0,0.2,18.4,0.3,,-0.1,0.1,0.1,,,<a href=https://npb.jp/bis/eng/teams/index_l.html>Seibu</a>,PL
,Mannami Chusei,25,7,7.2,-0.3,-50.1,-0.3,0.0,,0.0,-0.1,,,<a href=https://npb.jp/bis/eng/teams/index_f.html>Nipponham</a>,PL
,Mannami Chusei,25,8,2.1,-0.6,-335.7,-0.6,0.0,,0.0,0.0,,,<a href=https://npb.jp/bis/eng/teams/index_f.html>Nipponham</a>,PL
,Mannami Chusei,25,9,1169.2,19.0,20.9,10.6,8.7,,-0.3,-4.6,,,<a href=https://npb.jp/bis/eng/teams/index_f.html>Nipponham</a>,PL
,Mannami Chusei,25,DH,9.0,,,,,,,-0.1,,,<a href=https://npb.jp/bis/eng/teams/index_f.html>Nipponham</a>,PL
,Inoue Kouta,23,7,67.2,-1.4,-26.6,-1.4,-0.1,,0.1,-0.6,,,<a href=https://npb.jp/bis/eng/teams/index_t.html>Hanshin</a>,CL
,Inoue Kouta,23,9,34.0,-0.4,-15.1,0.2,-0.7,,0.0,-0.1,,,<a href=https://npb.jp/bis/eng/teams/index_t.html>Hanshin</a>,CL
,Imagawa Yuma,28,7,23.0,-0.3,-16.8,0.0,-0.3,,0.0,-0.2,,,<a href=https://npb.jp/bis/eng/teams/index_f.html>Nipponham</a>,PL
,Imagawa Yuma,28,9,8.0,0.5,80.4,0.5,0.0,,0.0,0.0,,,<a href=https://npb.jp/bis/eng/teams/index_f.html>Nipponham</a>,PL
,Imagawa Yuma,28,DH,9.0,,,,,,,-0.1,,,<a href=https://npb.jp/bis/eng/teams/index_f.html>Nipponham</a>,PL
,Morishita Shota,24,9,1087.1,-2.9,-3.4,-4.1,0.8,,0.4,-4.3,,,<a href=https://npb.jp/bis/eng/teams/index_t.html>Hanshin</a>,CL
,Ueda Kai,29,7,47.0,0.9,24.6,0.8,0.1,,0.0,-0.4,,,<a href=https://npb.jp/bis/eng/teams/index_t.html>Hanshin</a>,CL
,Ueda Kai,29,8,4.0,-0.2,-64.4,-0.2,0.0,,0.0,0.0,,,<a href=https://npb.jp/bis/eng/teams/index_t.html>Hanshin</a>,CL
,Ueda Kai,29,9,11.0,1.6,187.2,1.3,0.3,,0.0,0.0,,,<a href=https://npb.jp/bis/eng/teams/index_t.html>Hanshin</a>,CL
,Wakabayashi Gakuto,27,7,2.0,0.1,64.4,0.0,0.1,,0.0,0.0,,,<a href=https://npb.jp/bis/eng/teams/index_l.html>Seibu</a>,PL
,Wakabayashi Gakuto,27,9,144.2,2.6,23.1,0.3,2.2,,0.1,-0.6,,,<a href=https://npb.jp/bis/eng/teams/index_l.html>Seibu</a>,PL
,Tamura Tatsuhiro,31,2,398.2,-0.9,-2.9,,-0.4,,-0.5,5.7,-3.0,1.0,<a href=https://npb.jp/bis/eng/teams/index_m.html>Lotte</a>,PL
,Nomura Yuki,25,3,51.0,0.2,5.0,0.1,,0.0,0.2,-0.6,,,<a href=https://npb.jp/bis/eng/teams/index_f.html>Nipponham</a>,PL
,Nomura Yuki,25,5,98.0,1.4,18.4,1.0,,-0.2,0.6,-0.4,,,<a href=https://npb.jp/bis/eng/teams/index_f.html>Nipponham</a>,PL
,Nomura Yuki,25,7,93.0,3.1,42.9,0.2,2.8,,0.1,-0.9,,,<a href=https://npb.jp/bis/eng/teams/index_f.html>Nipponham</a>,PL
,Nomura Yuki,25,DH,44.1,,,,,,,-0.5,,,<a href=https://npb.jp/bis/eng/teams/index_f.html>Nipponham</a>,PL
,Muramatsu Kaito,24,4,19.0,0.3,20.3,0.2,,0.0,0.1,0.1,,,<a href=https://npb.jp/bis/eng/teams/index_d.html>Chunichi</a>,CL
,Muramatsu Kaito,24,6,871.2,-3.9,-5.8,-5.8,,0.5,1.5,7.1,,,<a href=https://npb.jp/bis/eng/teams/index_d.html>Chunichi</a>,CL
,Hamada Taiki,24,7,1.0,0.0,0.0,0.0,0.0,,0.0,0.0,,,<a href=https://npb.jp/bis/eng/teams/index_s.html>Yakult</a>,CL
,Hamada Taiki,24,9,60.0,-0.2,-4.3,-0.9,0.6,,0.0,-0.2,,,<a href=https://npb.jp/bis/eng/teams/index_s.html>Yakult</a>,CL
,Hiranuma Shota,27,3,121.0,0.0,0.0,0.2,,0.1,-0.3,-1.3,,,<a href=https://npb.jp/bis/eng/teams/index_l.html>Seibu</a>,PL
,Hiranuma Shota,27,5,81.0,-2.6,-41.3,-2.5,,0.1,-0.3,-0.3,,,<a href=https://npb.jp/bis/eng/teams/index_l.html>Seibu</a>,PL
,Hiranuma Shota,27,7,66.0,1.6,31.2,1.4,0.1,,0.1,-0.6,,,<a href=https://npb.jp/bis/eng/teams/index_l.html>Seibu</a>,PL
,Hiranuma Shota,27,9,3.2,0.5,173.9,0.5,0.0,,0.0,0.0,,,<a href=https://npb.jp/bis/eng/teams/index_l.html>Seibu</a>,PL
,Hiranuma Shota,27,DH,26.0,,,,,,,-0.3,,,<a href=https://npb.jp/bis/eng/teams/index_l.html>Seibu</a>,PL
,Nakashima Takuya,34,3,11.0,0.2,23.4,0.1,,0.0,0.0,-0.1,,,<a href=https://npb.jp/bis/eng/teams/index_f.html>Nipponham</a>,PL
,Nakashima Takuya,34,4,58.1,0.4,8.8,-0.1,,0.2,0.4,0.2,,,<a href=https://npb.jp/bis/eng/teams/index_f.html>Nipponham</a>,PL
,Nakashima Takuya,34,5,5.0,0.0,0.0,0.0,,0.0,0.0,0.0,,,<a href=https://npb.jp/bis/eng/teams/index_f.html>Nipponham</a>,PL
,Nakashima Takuya,34,6,30.0,0.3,12.9,0.0,,0.1,0.2,0.2,,,<a href=https://npb.jp/bis/eng/teams/index_f.html>Nipponham</a>,PL
,Nakashima Takuya,34,DH,12.0,,,,,,,-0.1,,,<a href=https://npb.jp/bis/eng/teams/index_f.html>Nipponham</a>,PL
,Ogata Riku,26,3,1.0,0.0,0.0,0.0,,0.0,0.0,0.0,,,<a href=https://npb.jp/bis/eng/teams/index_h.html>SoftBank</a>,PL
,Ogata Riku,26,7,104.0,2.8,34.6,2.7,0.0,,0.1,-1.0,,,<a href=https://npb.jp/bis/eng/teams/index_h.html>SoftBank</a>,PL
,Ogata Riku,26,8,52.1,-0.4,-9.8,-0.7,0.2,,0.0,0.2,,,<a href=https://npb.jp/bis/eng/teams/index_h.html>SoftBank</a>,PL
,Ogata Riku,26,9,52.1,1.1,27.1,0.2,0.9,,0.0,-0.2,,,<a href=https://npb.jp/bis/eng/teams/index_h.html>SoftBank</a>,PL
,Ogata Riku,26,DH,10.1,,,,,,,-0.1,,,<a href=https://npb.jp/bis/eng/teams/index_h.html>SoftBank</a>,PL
,Hirooka Taishi,28,3,26.2,-0.3,-14.5,-0.3,,0.0,0.0,-0.3,,,<a href=https://npb.jp/bis/eng/teams/index_b.html>ORIX</a>,PL
,Hirooka Taishi,28,4,2.0,0.0,0.0,0.0,,0.0,0.0,0.0,,,<a href=https://npb.jp/bis/eng/teams/index_b.html>ORIX</a>,PL
,Hirooka Taishi,28,5,43.1,-1.3,-38.6,-0.2,,-0.1,-1.0,-0.2,,,<a href=https://npb.jp/bis/eng/teams/index_b.html>ORIX</a>,PL
,Hirooka Taishi,28,7,8.2,0.3,44.4,0.3,0.0,,0.0,-0.1,,,<a href=https://npb.jp/bis/eng/teams/index_b.html>ORIX</a>,PL
,Hirooka Taishi,28,8,131.2,0.0,0.0,-0.1,0.0,,0.0,0.4,,,<a href=https://npb.jp/bis/eng/teams/index_b.html>ORIX</a>,PL
,Hirooka Taishi,28,9,57.0,-0.7,-15.8,-0.4,-0.4,,0.0,-0.2,,,<a href=https://npb.jp/bis/eng/teams/index_b.html>ORIX</a>,PL
,Hirooka Taishi,28,DH,6.0,,,,,,,-0.1,,,<a href=https://npb.jp/bis/eng/teams/index_b.html>ORIX</a>,PL
,Yamasaki Kotaro,31,7,34.2,-1.5,-55.6,-1.0,-0.5,,0.0,-0.3,,,<a href=https://npb.jp/bis/eng/teams/index_s.html>Yakult</a>,CL
,Yamasaki Kotaro,31,8,29.1,2.4,105.4,2.3,0.1,,0.0,0.1,,,<a href=https://npb.jp/bis/eng/teams/index_s.html>Yakult</a>,CL
,Yamasaki Kotaro,31,9,29.0,0.9,39.9,1.2,-0.3,,0.0,-0.1,,,<a href=https://npb.jp/bis/eng/teams/index_s.html>Yakult</a>,CL
,Takizawa Natsuo,21,4,97.2,-0.7,-9.2,0.7,,-0.5,-0.9,0.3,,,<a href=https://npb.jp/bis/eng/teams/index_l.html>Seibu</a>,PL
,Takizawa Natsuo,21,5,233.0,3.1,17.1,2.0,,0.1,0.9,-0.9,,,<a href=https://npb.jp/bis/eng/teams/index_l.html>Seibu</a>,PL
,Takizawa Natsuo,21,6,23.0,-0.1,-5.6,-0.3,,0.1,0.1,0.2,,,<a href=https://npb.jp/bis/eng/teams/index_l.html>Seibu</a>,PL
,Takizawa Natsuo,21,DH,2.0,,,,,,,0.0,,,<a href=https://npb.jp/bis/eng/teams/index_l.html>Seibu</a>,PL
,Mizutani Shun,24,7,576.0,4.8,10.7,4.3,0.9,,-0.4,-5.5,,,<a href=https://npb.jp/bis/eng/teams/index_f.html>Nipponham</a>,PL
,Mizutani Shun,24,8,22.0,0.3,17.6,0.3,0.0,,0.0,0.1,,,<a href=https://npb.jp/bis/eng/teams/index_f.html>Nipponham</a>,PL
,Mizutani Shun,24,9,21.0,1.0,61.3,0.5,0.5,,0.0,-0.1,,,<a href=https://npb.jp/bis/eng/teams/index_f.html>Nipponham</a>,PL
,Mizutani Shun,24,DH,36.0,,,,,,,-0.4,,,<a href=https://npb.jp/bis/eng/teams/index_f.html>Nipponham</a>,PL
,Chatani Kenta,27,3,132.0,-0.3,-2.9,1.0,,-0.1,-1.1,-1.5,,,<a href=https://npb.jp/bis/eng/teams/index_m.html>Lotte</a>,PL
,Chatani Kenta,27,4,8.0,0.3,48.3,0.2,,0.0,0.0,0.0,,,<a href=https://npb.jp/bis/eng/teams/index_m.html>Lotte</a>,PL
,Chatani Kenta,27,5,9.0,0.0,0.0,0.0,,0.0,0.0,0.0,,,<a href=https://npb.jp/bis/eng/teams/index_m.html>Lotte</a>,PL
,Chatani Kenta,27,6,111.0,0.5,5.8,-0.5,,0.5,0.5,0.9,,,<a href=https://npb.jp/bis/eng/teams/index_m.html>Lotte</a>,PL
,Chatani Kenta,27,DH,1.0,,,,,,,0.0,,,<a href=https://npb.jp/bis/eng/teams/index_m.html>Lotte</a>,PL
,Sunagawa Richard,26,3,40.1,0.6,19.2,0.5,,0.0,0.1,-0.4,,,<a href=https://npb.jp/bis/eng/teams/index_h.html>SoftBank</a>,PL
,Sunagawa Richard,26,5,26.0,0.4,19.8,0.2,,0.0,0.2,-0.1,,,<a href=https://npb.jp/bis/eng/teams/index_h.html>SoftBank</a>,PL
,Ohmori Minoru,28,7,38.2,3.9,129.7,2.7,1.1,,0.1,-0.4,,,<a href=https://npb.jp/bis/eng/teams/index_c.html>Hiroshima</a>,CL
,Ohmori Minoru,28,8,27.0,0.3,14.3,0.4,-0.1,,0.0,0.1,,,<a href=https://npb.jp/bis/eng/teams/index_c.html>Hiroshima</a>,CL
,Ohmori Minoru,28,9,60.0,2.6,55.8,1.6,0.9,,0.0,-0.2,,,<a href=https://npb.jp/bis/eng/teams/index_c.html>Hiroshima</a>,CL
,Yanagimachi Tatsuru,28,7,265.1,-0.2,-1.0,0.9,-1.3,,0.2,-2.5,,,<a href=https://npb.jp/bis/eng/teams/index_h.html>SoftBank</a>,PL
,Yanagimachi Tatsuru,28,8,33.0,-1.3,-50.7,-1.0,-0.2,,0.0,0.1,,,<a href=https://npb.jp/bis/eng/teams/index_h.html>SoftBank</a>,PL
,Yanagimachi Tatsuru,28,9,170.0,2.3,17.4,1.1,1.0,,0.1,-0.7,,,<a href=https://npb.jp/bis/eng/teams/index_h.html>SoftBank</a>,PL
,Yanagimachi Tatsuru,28,DH,2.0,,,,,,,0.0,,,<a href=https://npb.jp/bis/eng/teams/index_h.html>SoftBank</a>,PL
,Nakagawa Keita,29,3,10.0,-0.3,-38.6,-0.3,,0.0,0.0,-0.1,,,<a href=https://npb.jp/bis/eng/teams/index_b.html>ORIX</a>,PL
,Nakagawa Keita,29,8,260.1,-3.8,-18.8,-2.3,-1.6,,0.0,0.9,,,<a href=https://npb.jp/bis/eng/teams/index_b.html>ORIX</a>,PL
,Nakagawa Keita,29,9,165.1,2.9,22.6,2.8,0.0,,0.1,-0.7,,,<a href=https://npb.jp/bis/eng/teams/index_b.html>ORIX</a>,PL
,Nakagawa Keita,29,DH,30.0,,,,,,,-0.4,,,<a href=https://npb.jp/bis/eng/teams/index_b.html>ORIX</a>,PL
,Nakano Takumu,29,4,1279.2,-0.4,-0.4,-0.8,,-1.1,1.6,3.4,,,<a href=https://npb.jp/bis/eng/teams/index_t.html>Hanshin</a>,CL
,Satoh Naoki,26,8,126.0,1.8,18.4,0.1,1.7,,0.0,0.4,,,<a href=https://npb.jp/bis/eng/teams/index_h.html>SoftBank</a>,PL
,Satoh Naoki,26,9,94.0,-2.2,-30.1,-1.0,-0.4,,-0.8,-0.4,,,<a href=https://npb.jp/bis/eng/teams/index_h.html>SoftBank</a>,PL
,Satoh Naoki,26,DH,1.0,,,,,,,0.0,,,<a href=https://npb.jp/bis/eng/teams/index_h.html>SoftBank</a>,PL
,Kakinuma Tomoya,32,2,4.0,0.0,0.0,,0.0,,0.0,0.1,-0.2,0.0,<a href=https://npb.jp/bis/eng/teams/index_m.html>Lotte</a>,PL
,Sugimoto Yutaro,34,7,44.2,-1.3,-37.4,-1.5,0.2,,0.0,-0.4,,,<a href=https://npb.jp/bis/eng/teams/index_b.html>ORIX</a>,PL
,Sugimoto Yutaro,34,9,344.0,0.4,1.5,1.2,-0.8,,0.1,-1.4,,,<a href=https://npb.jp/bis/eng/teams/index_b.html>ORIX</a>,PL
,Sugimoto Yutaro,34,DH,110.1,,,,,,,-1.3,,,<a href=https://npb.jp/bis/eng/teams/index_b.html>ORIX</a>,PL
,Oda Yuya,35,7,18.0,0.3,21.4,0.3,0.0,,0.0,-0.2,,,<a href=https://npb.jp/bis/eng/teams/index_b.html>ORIX</a>,PL
,Oda Yuya,35,8,20.0,1.1,70.8,0.7,0.5,,0.0,0.1,,,<a href=https://npb.jp/bis/eng/teams/index_b.html>ORIX</a>,PL
,Oda Yuya,35,9,10.2,0.6,72.2,0.5,0.1,,0.0,0.0,,,<a href=https://npb.jp/bis/eng/teams/index_b.html>ORIX</a>,PL
,Kajiwara Kouki,25,7,46.0,-4.0,-111.9,-3.7,-0.4,,0.0,-0.4,,,<a href=https://npb.jp/bis/eng/teams/index_db.html>DeNA</a>,CL
,Kajiwara Kouki,25,8,134.0,1.2,11.5,0.8,0.4,,0.0,0.4,,,<a href=https://npb.jp/bis/eng/teams/index_db.html>DeNA</a>,CL
,Kajiwara Kouki,25,9,495.1,-3.2,-8.3,-3.8,0.4,,0.2,-2.0,,,<a href=https://npb.jp/bis/eng/teams/index_db.html>DeNA</a>,CL
,Okumura Koichi,25,7,125.0,-1.1,-11.3,-0.9,-0.3,,0.1,-1.2,,,<a href=https://npb.jp/bis/eng/teams/index_l.html>Seibu</a>,PL
,Okumura Koichi,25,8,26.0,1.3,64.4,1.4,0.0,,0.0,0.1,,,<a href=https://npb.jp/bis/eng/teams/index_l.html>Seibu</a>,PL
,Okumura Koichi,25,9,30.0,0.0,0.0,0.1,-0.2,,0.0,-0.1,,,<a href=https://npb.jp/bis/eng/teams/index_l.html>Seibu</a>,PL
,Okumura Koichi,25,DH,5.1,,,,,,,-0.1,,,<a href=https://npb.jp/bis/eng/teams/index_l.html>Seibu</a>,PL
,Ishikawa Shingo,32,7,73.0,-2.5,-44.1,-1.0,0.1,,-1.6,-0.7,,,<a href=https://npb.jp/bis/eng/teams/index_m.html>Lotte</a>,PL
,Ishikawa Shingo,32,DH,95.1,,,,,,,-1.1,,,<a href=https://npb.jp/bis/eng/teams/index_m.html>Lotte</a>,PL
,Sano Kodai,28,8,7.0,0.0,0.0,0.0,0.0,,0.0,0.0,,,<a href=https://npb.jp/bis/eng/teams/index_b.html>ORIX</a>,PL
,Sano Kodai,28,9,1.0,0.0,0.0,0.0,0.0,,0.0,0.0,,,<a href=https://npb.jp/bis/eng/teams/index_b.html>ORIX</a>,PL
,Satoh Toshiya,27,2,856.2,-3.0,-4.5,,-3.0,,0.1,12.3,-5.3,-0.7,<a href=https://npb.jp/bis/eng/teams/index_m.html>Lotte</a>,PL
,Satoh Toshiya,27,3,118.0,-0.3,-3.3,-0.5,,-0.1,0.3,-1.3,,,<a href=https://npb.jp/bis/eng/teams/index_m.html>Lotte</a>,PL
,Tateoka Soichiro,35,7,119.0,-2.0,-21.6,-2.1,0.0,,0.1,-1.1,,,<a href=https://npb.jp/bis/eng/teams/index_g.html>Yomiuri</a>,CL
,Tateoka Soichiro,35,8,48.2,1.4,37.0,1.6,-0.2,,0.0,0.2,,,<a href=https://npb.jp/bis/eng/teams/index_g.html>Yomiuri</a>,CL
,Tateoka Soichiro,35,9,31.0,0.1,4.2,0.1,0.0,,0.0,-0.1,,,<a href=https://npb.jp/bis/eng/teams/index_g.html>Yomiuri</a>,CL
,Yamanobe Kakeru,31,4,63.0,-0.5,-10.2,0.0,,0.0,-0.4,0.2,,,<a href=https://npb.jp/bis/eng/teams/index_l.html>Seibu</a>,PL
,Yamanobe Kakeru,31,5,39.0,-0.6,-19.8,-0.8,,0.0,0.2,-0.1,,,<a href=https://npb.jp/bis/eng/teams/index_l.html>Seibu</a>,PL
,Yamanobe Kakeru,31,7,68.0,-0.7,-13.2,0.0,-0.8,,0.1,-0.6,,,<a href=https://npb.jp/bis/eng/teams/index_l.html>Seibu</a>,PL
,Yamanobe Kakeru,31,DH,15.0,,,,,,,-0.2,,,<a href=https://npb.jp/bis/eng/teams/index_l.html>Seibu</a>,PL
,Bright Kenta,26,7,25.0,-1.2,-61.8,-1.2,0.1,,0.0,-0.2,,,<a href=https://npb.jp/bis/eng/teams/index_d.html>Chunichi</a>,CL
,Bright Kenta,26,8,18.0,-1.6,-114.4,-1.5,-0.2,,0.0,0.1,,,<a href=https://npb.jp/bis/eng/teams/index_d.html>Chunichi</a>,CL
,Chano Tokumasa,25,7,8.0,-0.3,-48.3,-0.1,-0.3,,0.0,-0.1,,,<a href=https://npb.jp/bis/eng/teams/index_b.html>ORIX</a>,PL
,Chano Tokumasa,25,8,32.0,0.7,28.2,1.0,-0.3,,0.0,0.1,,,<a href=https://npb.jp/bis/eng/teams/index_b.html>ORIX</a>,PL
,Chano Tokumasa,25,9,71.2,0.4,7.2,0.9,-0.5,,0.0,-0.3,,,<a href=https://npb.jp/bis/eng/teams/index_b.html>ORIX</a>,PL
,Suzuki Shohei,Suzuki Shohei,7,102.0,-4.6,-58.0,-2.8,-1.8,,0.1,-1.0,,,<a href=https://npb.jp/bis/eng/teams/index_l.html>Seibu</a>,PL
,Suzuki Shohei,Suzuki Shohei,8,27.0,-1.2,-57.2,-1.3,0.1,,0.0,0.1,,,<a href=https://npb.jp/bis/eng/teams/index_l.html>Seibu</a>,PL
,Suzuki Shohei,Suzuki Shohei,DH,26.0,,,,,,,-0.3,,,<a href=https://npb.jp/bis/eng/teams/index_l.html>Seibu</a>,PL
,Sekine Taiki,30,7,176.1,1.0,7.3,0.4,1.2,,-0.7,-1.7,,,<a href=https://npb.jp/bis/eng/teams/index_db.html>DeNA</a>,CL
,Sekine Taiki,30,8,157.0,0.2,1.6,1.9,-1.8,,0.0,0.5,,,<a href=https://npb.jp/bis/eng/teams/index_db.html>DeNA</a>,CL
,Ishikawa Ryo,29,2,31.2,0.5,20.3,,0.4,,0.0,0.5,-0.2,-0.2,<a href=https://npb.jp/bis/eng/teams/index_b.html>ORIX</a>,PL
,Matsubara Seiya,30,8,17.0,0.9,68.1,0.9,0.0,,0.0,0.1,,,<a href=https://npb.jp/bis/eng/teams/index_l.html>Seibu</a>,PL
,Matsubara Seiya,30,9,148.2,-0.5,-4.3,0.0,-0.6,,0.1,-0.6,,,<a href=https://npb.jp/bis/eng/teams/index_l.html>Seibu</a>,PL
,Shimada Kairi,29,7,107.2,8.6,102.8,7.7,0.8,,0.2,-1.0,,,<a href=https://npb.jp/bis/eng/teams/index_t.html>Hanshin</a>,CL
,Shimada Kairi,29,8,17.0,-0.5,-37.9,-0.6,0.1,,0.0,0.1,,,<a href=https://npb.jp/bis/eng/teams/index_t.html>Hanshin</a>,CL
,Shimada Kairi,29,9,77.1,2.6,43.3,2.7,-0.1,,0.0,-0.3,,,<a href=https://npb.jp/bis/eng/teams/index_t.html>Hanshin</a>,CL
,Futamata Shoichi,22,3,21.2,1.4,83.0,1.3,,-0.1,0.2,-0.2,,,<a href=https://npb.jp/bis/eng/teams/index_c.html>Hiroshima</a>,CL
,Futamata Shoichi,22,4,44.0,-0.2,-5.9,-0.1,,0.4,-0.5,0.1,,,<a href=https://npb.jp/bis/eng/teams/index_c.html>Hiroshima</a>,CL
,Futamata Shoichi,22,5,56.2,-0.7,-15.9,-0.3,,0.0,-0.4,-0.2,,,<a href=https://npb.jp/bis/eng/teams/index_c.html>Hiroshima</a>,CL
,Futamata Shoichi,22,6,23.2,-0.9,-48.9,-0.1,,-0.3,-0.5,0.2,,,<a href=https://npb.jp/bis/eng/teams/index_c.html>Hiroshima</a>,CL
,Futamata Shoichi,22,7,84.2,4.9,74.5,3.6,1.2,,0.1,-0.8,,,<a href=https://npb.jp/bis/eng/teams/index_c.html>Hiroshima</a>,CL
,Futamata Shoichi,22,9,30.0,0.8,34.3,1.0,-0.3,,0.0,-0.1,,,<a href=https://npb.jp/bis/eng/teams/index_c.html>Hiroshima</a>,CL
,Futamata Shoichi,22,DH,3.0,,,,,,,0.0,,,<a href=https://npb.jp/bis/eng/teams/index_c.html>Hiroshima</a>,CL
,Tatsumi Ryosuke,28,8,1269.2,0.0,0.0,0.3,0.4,,-0.7,4.2,,,<a href=https://npb.jp/bis/eng/teams/index_e.html>Rakuten</a>,PL
,Fujiwara Kyota,25,8,155.2,1.7,14.1,1.7,-0.1,,0.0,0.5,,,<a href=https://npb.jp/bis/eng/teams/index_m.html>Lotte</a>,PL
,Fujiwara Kyota,25,9,421.0,3.7,11.3,3.0,0.5,,0.2,-1.7,,,<a href=https://npb.jp/bis/eng/teams/index_m.html>Lotte</a>,PL
,Yamada Tetsuto,32,4,752.2,-6.6,-11.3,-6.6,,-0.1,0.1,2.0,,,<a href=https://npb.jp/bis/eng/teams/index_s.html>Yakult</a>,CL
,Yamada Tetsuto,32,DH,9.0,,,,,,,-0.1,,,<a href=https://npb.jp/bis/eng/teams/index_s.html>Yakult</a>,CL
,Takabe Akito,27,8,589.1,-3.3,-7.2,-1.9,-1.4,,0.1,2.0,,,<a href=https://npb.jp/bis/eng/teams/index_m.html>Lotte</a>,PL
,Nakata Keisuke,25,4,32.0,0.7,28.2,0.9,,-0.3,0.1,0.1,,,<a href=https://npb.jp/bis/eng/teams/index_h.html>SoftBank</a>,PL
,Nakata Keisuke,25,5,1.0,0.2,257.4,0.2,,0.0,0.0,0.0,,,<a href=https://npb.jp/bis/eng/teams/index_h.html>SoftBank</a>,PL
,Nakata Keisuke,25,7,4.0,0.3,96.5,0.3,0.0,,0.0,0.0,,,<a href=https://npb.jp/bis/eng/teams/index_h.html>SoftBank</a>,PL
,Nakata Keisuke,25,DH,6.0,,,,,,,-0.1,,,<a href=https://npb.jp/bis/eng/teams/index_h.html>SoftBank</a>,PL
,Miyamoto Takeshi,30,3,10.0,-0.2,-25.7,-0.2,,0.0,0.0,-0.1,,,<a href=https://npb.jp/bis/eng/teams/index_s.html>Yakult</a>,CL
,Miyamoto Takeshi,30,4,29.1,-1.0,-43.9,-0.9,,-0.3,0.1,0.1,,,<a href=https://npb.jp/bis/eng/teams/index_s.html>Yakult</a>,CL
,Miyamoto Takeshi,30,7,148.0,0.1,0.9,0.0,0.0,,0.1,-1.4,,,<a href=https://npb.jp/bis/eng/teams/index_s.html>Yakult</a>,CL
,Miyamoto Takeshi,30,9,89.0,0.6,8.7,0.5,0.0,,0.0,-0.4,,,<a href=https://npb.jp/bis/eng/teams/index_s.html>Yakult</a>,CL
,Asama Daiki,29,7,64.0,1.2,24.1,1.0,0.1,,0.1,-0.6,,,<a href=https://npb.jp/bis/eng/teams/index_f.html>Nipponham</a>,PL
,Asama Daiki,29,8,106.0,-0.4,-4.9,-1.9,1.5,,0.0,0.4,,,<a href=https://npb.jp/bis/eng/teams/index_f.html>Nipponham</a>,PL
,Asama Daiki,29,9,74.0,-1.0,-17.4,-1.1,0.0,,0.0,-0.3,,,<a href=https://npb.jp/bis/eng/teams/index_f.html>Nipponham</a>,PL
,Asama Daiki,29,DH,2.0,,,,,,,0.0,,,<a href=https://npb.jp/bis/eng/teams/index_f.html>Nipponham</a>,PL
,Ohsato Kosei,25,3,40.0,-0.2,-6.4,-0.3,,0.0,0.1,-0.4,,,<a href=https://npb.jp/bis/eng/teams/index_b.html>ORIX</a>,PL
,Ohsato Kosei,25,4,218.2,2.2,12.9,3.6,,-0.2,-1.2,0.6,,,<a href=https://npb.jp/bis/eng/teams/index_b.html>ORIX</a>,PL
,Ohsato Kosei,25,5,85.0,3.3,50.0,2.5,,-0.1,0.9,-0.3,,,<a href=https://npb.jp/bis/eng/teams/index_b.html>ORIX</a>,PL
,Ohsato Kosei,25,6,41.0,-0.3,-9.4,0.1,,0.0,-0.4,0.3,,,<a href=https://npb.jp/bis/eng/teams/index_b.html>ORIX</a>,PL
,Itayama Yutaro,31,3,47.1,-0.8,-21.8,-0.9,,0.0,0.1,-0.5,,,<a href=https://npb.jp/bis/eng/teams/index_d.html>Chunichi</a>,CL
,Itayama Yutaro,31,4,294.2,1.6,7.0,-0.4,,0.4,1.6,0.8,,,<a href=https://npb.jp/bis/eng/teams/index_d.html>Chunichi</a>,CL
,Itayama Yutaro,31,5,3.0,0.0,0.0,0.0,,0.0,0.0,0.0,,,<a href=https://npb.jp/bis/eng/teams/index_d.html>Chunichi</a>,CL
,Itayama Yutaro,31,7,6.0,0.9,193.0,0.8,0.0,,0.0,-0.1,,,<a href=https://npb.jp/bis/eng/teams/index_d.html>Chunichi</a>,CL
,Itayama Yutaro,31,9,76.0,-0.6,-10.2,-1.4,0.9,,0.0,-0.3,,,<a href=https://npb.jp/bis/eng/teams/index_d.html>Chunichi</a>,CL
,Nagaoka Hideki,23,6,1255.1,-11.7,-12.0,-13.4,,0.7,1.0,10.2,,,<a href=https://npb.jp/bis/eng/teams/index_s.html>Yakult</a>,CL
,Noguchi Kyosuke,24,7,47.0,0.3,8.2,0.2,0.2,,0.0,-0.4,,,<a href=https://npb.jp/bis/eng/teams/index_t.html>Hanshin</a>,CL
,Noguchi Kyosuke,24,9,52.0,-2.5,-61.9,-2.1,-0.4,,0.0,-0.2,,,<a href=https://npb.jp/bis/eng/teams/index_t.html>Hanshin</a>,CL
,Yamaashi Tatsuya,31,3,26.2,0.7,33.7,0.4,,0.2,0.1,-0.3,,,<a href=https://npb.jp/bis/eng/teams/index_b.html>ORIX</a>,PL
,Yamaashi Tatsuya,31,4,43.1,0.1,3.0,0.7,,0.0,-0.5,0.1,,,<a href=https://npb.jp/bis/eng/teams/index_b.html>ORIX</a>,PL
,Yamaashi Tatsuya,31,5,1.0,0.0,0.0,0.0,,0.0,0.0,0.0,,,<a href=https://npb.jp/bis/eng/teams/index_b.html>ORIX</a>,PL
,Adachi Ryoichi,37,4,70.0,-4.4,-80.9,-1.7,,-0.1,-2.6,0.2,,,<a href=https://npb.jp/bis/eng/teams/index_b.html>ORIX</a>,PL
,Adachi Ryoichi,37,6,26.0,0.3,14.8,0.1,,0.1,0.1,0.2,,,<a href=https://npb.jp/bis/eng/teams/index_b.html>ORIX</a>,PL
,Adachi Ryoichi,37,DH,1.0,,,,,,,0.0,,,<a href=https://npb.jp/bis/eng/teams/index_b.html>ORIX</a>,PL
,Fushimi Torai,35,2,461.2,-0.9,-2.5,,-1.6,,0.7,6.6,-2.7,-0.9,<a href=https://npb.jp/bis/eng/teams/index_f.html>Nipponham</a>,PL
,Montes Coco,28,4,6.0,0.1,21.4,0.2,,-0.1,0.0,0.0,,,<a href=https://npb.jp/bis/eng/teams/index_g.html>Yomiuri</a>,CL
,Montes Coco,28,5,48.0,0.3,8.0,0.1,,0.0,0.3,-0.2,,,<a href=https://npb.jp/bis/eng/teams/index_g.html>Yomiuri</a>,CL
,Montes Coco,28,6,29.0,-0.5,-22.2,-0.4,,-0.3,0.2,0.2,,,<a href=https://npb.jp/bis/eng/teams/index_g.html>Yomiuri</a>,CL
,Montes Coco,28,7,213.0,-7.5,-45.3,-5.7,-1.9,,0.1,-2.0,,,<a href=https://npb.jp/bis/eng/teams/index_g.html>Yomiuri</a>,CL
,Yamamoto Yuudai,26,2,888.2,2.7,3.9,,1.8,,0.9,12.7,4.8,-0.6,<a href=https://npb.jp/bis/eng/teams/index_db.html>DeNA</a>,CL
,Ohshita Seiichiro,27,3,23.2,0.2,10.9,0.1,,0.0,0.1,-0.3,,,<a href=https://npb.jp/bis/eng/teams/index_m.html>Lotte</a>,PL
,Ohshita Seiichiro,27,5,10.0,0.1,12.9,0.1,,-0.1,0.1,0.0,,,<a href=https://npb.jp/bis/eng/teams/index_m.html>Lotte</a>,PL
,Ohshita Seiichiro,27,DH,1.0,,,,,,,0.0,,,<a href=https://npb.jp/bis/eng/teams/index_m.html>Lotte</a>,PL
,Makihara Taisei,32,4,591.2,1.6,3.5,2.8,,0.6,-1.8,1.6,,,<a href=https://npb.jp/bis/eng/teams/index_h.html>SoftBank</a>,PL
,Makihara Taisei,32,DH,1.0,,,,,,,0.0,,,<a href=https://npb.jp/bis/eng/teams/index_h.html>SoftBank</a>,PL
,Murabayashi Itsuki,27,6,1209.2,-1.4,-1.5,-4.1,,2.9,-0.2,9.9,,,<a href=https://npb.jp/bis/eng/teams/index_e.html>Rakuten</a>,PL
,Nakamura Shosei,26,7,124.0,1.1,11.4,1.1,-0.1,,0.1,-1.2,,,<a href=https://npb.jp/bis/eng/teams/index_c.html>Hiroshima</a>,CL
,Nakamura Shosei,26,8,8.0,0.1,16.1,0.2,-0.2,,0.0,0.0,,,<a href=https://npb.jp/bis/eng/teams/index_c.html>Hiroshima</a>,CL
,Ohta Kengo,28,7,9.0,0.5,71.5,0.0,0.5,,0.0,-0.1,,,<a href=https://npb.jp/bis/eng/teams/index_s.html>Yakult</a>,CL
,Ohta Kengo,28,8,17.0,-1.1,-83.3,-0.6,-0.5,,0.0,0.1,,,<a href=https://npb.jp/bis/eng/teams/index_s.html>Yakult</a>,CL
,Ohta Kengo,28,9,67.1,-0.8,-15.3,-0.4,-0.4,,0.0,-0.3,,,<a href=https://npb.jp/bis/eng/teams/index_s.html>Yakult</a>,CL
,Ikeda Raito,25,3,25.0,0.2,10.3,0.1,,0.0,0.1,-0.3,,,<a href=https://npb.jp/bis/eng/teams/index_m.html>Lotte</a>,PL
,Ikeda Raito,25,4,65.0,-0.5,-9.9,-0.2,,-0.5,0.2,0.2,,,<a href=https://npb.jp/bis/eng/teams/index_m.html>Lotte</a>,PL
,Ikeda Raito,25,5,18.0,-1.4,-100.1,-0.7,,0.0,-0.6,-0.1,,,<a href=https://npb.jp/bis/eng/teams/index_m.html>Lotte</a>,PL
,Ikeda Raito,25,DH,1.0,,,,,,,0.0,,,<a href=https://npb.jp/bis/eng/teams/index_m.html>Lotte</a>,PL
,Masuda Daiki,31,5,45.1,1.7,48.3,1.0,,0.2,0.5,-0.2,,,<a href=https://npb.jp/bis/eng/teams/index_g.html>Yomiuri</a>,CL
,Masuda Daiki,31,6,2.0,0.1,64.4,-0.1,,0.1,0.0,0.0,,,<a href=https://npb.jp/bis/eng/teams/index_g.html>Yomiuri</a>,CL
,Masuda Daiki,31,7,10.2,0.8,96.2,0.8,0.0,,0.0,-0.1,,,<a href=https://npb.jp/bis/eng/teams/index_g.html>Yomiuri</a>,CL
,Masuda Daiki,31,8,11.0,0.4,46.8,0.2,0.2,,0.0,0.0,,,<a href=https://npb.jp/bis/eng/teams/index_g.html>Yomiuri</a>,CL
,Masuda Daiki,31,9,7.0,0.3,55.2,0.3,0.0,,0.0,0.0,,,<a href=https://npb.jp/bis/eng/teams/index_g.html>Yomiuri</a>,CL
,Kurihara Ryoya,28,3,15.0,-0.2,-17.2,-0.2,,0.0,0.0,-0.2,,,<a href=https://npb.jp/bis/eng/teams/index_h.html>SoftBank</a>,PL
,Kurihara Ryoya,28,5,1221.1,16.9,17.8,10.7,,0.5,5.7,-4.6,,,<a href=https://npb.jp/bis/eng/teams/index_h.html>SoftBank</a>,PL
,Uchiyama Souma,23,2,89.1,0.5,7.2,,0.6,,-0.1,1.3,2.7,-0.5,<a href=https://npb.jp/bis/eng/teams/index_s.html>Yakult</a>,CL
,Uchiyama Souma,23,7,2.0,0.0,0.0,0.0,0.0,,0.0,0.0,,,<a href=https://npb.jp/bis/eng/teams/index_s.html>Yakult</a>,CL
,Uchiyama Souma,23,9,3.0,0.3,128.7,0.3,0.0,,0.0,0.0,,,<a href=https://npb.jp/bis/eng/teams/index_s.html>Yakult</a>,CL
,Uebayashi Seiji,29,7,3.0,-0.3,-128.7,-0.3,0.0,,0.0,0.0,,,<a href=https://npb.jp/bis/eng/teams/index_d.html>Chunichi</a>,CL
,Uebayashi Seiji,29,8,102.0,-1.0,-12.6,-0.2,-0.9,,0.0,0.3,,,<a href=https://npb.jp/bis/eng/teams/index_d.html>Chunichi</a>,CL
,Uebayashi Seiji,29,9,111.2,1.2,13.8,0.4,0.8,,0.0,-0.4,,,<a href=https://npb.jp/bis/eng/teams/index_d.html>Chunichi</a>,CL
,Takahashi Shuhei,31,5,377.1,-1.1,-3.8,1.9,,-0.4,-2.5,-1.4,,,<a href=https://npb.jp/bis/eng/teams/index_d.html>Chunichi</a>,CL
,Ogawa Ryusei,27,4,533.2,8.2,19.8,7.1,,1.2,-0.1,1.4,,,<a href=https://npb.jp/bis/eng/teams/index_m.html>Lotte</a>,PL
,Ogawa Ryusei,27,6,216.1,4.7,28.0,3.4,,0.0,1.3,1.8,,,<a href=https://npb.jp/bis/eng/teams/index_m.html>Lotte</a>,PL
,Ogawa Ryusei,27,DH,3.0,,,,,,,0.0,,,<a href=https://npb.jp/bis/eng/teams/index_m.html>Lotte</a>,PL
,Hiruma Takuya,24,7,198.2,-2.1,-13.6,-3.7,1.5,,0.1,-1.9,,,<a href=https://npb.jp/bis/eng/teams/index_l.html>Seibu</a>,PL
,Hiruma Takuya,24,8,18.2,0.1,6.9,0.1,0.0,,0.0,0.1,,,<a href=https://npb.jp/bis/eng/teams/index_l.html>Seibu</a>,PL
,Hiruma Takuya,24,9,287.1,-0.7,-3.1,-2.2,1.5,,0.1,-1.1,,,<a href=https://npb.jp/bis/eng/teams/index_l.html>Seibu</a>,PL
,Hiruma Takuya,24,DH,8.0,,,,,,,-0.1,,,<a href=https://npb.jp/bis/eng/teams/index_l.html>Seibu</a>,PL
,Namiki Hidetaka,26,7,15.0,0.0,0.0,-0.6,0.6,,0.0,-0.1,,,<a href=https://npb.jp/bis/eng/teams/index_s.html>Yakult</a>,CL
,Namiki Hidetaka,26,8,54.0,0.2,4.8,-1.5,1.7,,0.0,0.2,,,<a href=https://npb.jp/bis/eng/teams/index_s.html>Yakult</a>,CL
,Namiki Hidetaka,26,9,49.2,0.7,18.1,0.3,0.4,,0.0,-0.2,,,<a href=https://npb.jp/bis/eng/teams/index_s.html>Yakult</a>,CL
,Yamamoto Daito,22,7,32.0,1.5,60.3,1.6,-0.2,,0.0,-0.3,,,<a href=https://npb.jp/bis/eng/teams/index_m.html>Lotte</a>,PL
,Yamamoto Daito,22,9,8.0,-0.8,-128.7,-0.9,0.1,,0.0,0.0,,,<a href=https://npb.jp/bis/eng/teams/index_m.html>Lotte</a>,PL
,Tsutsugoh Yoshitomo,33,7,120.2,1.3,13.9,1.1,0.1,,0.1,-1.1,,,<a href=https://npb.jp/bis/eng/teams/index_db.html>DeNA</a>,CL
,Tsutsugoh Yoshitomo,33,9,140.2,-7.3,-66.8,-6.1,-1.3,,0.0,-0.6,,,<a href=https://npb.jp/bis/eng/teams/index_db.html>DeNA</a>,CL
,Tsutsugoh Yoshitomo,33,DH,35.0,,,,,,,-0.4,,,<a href=https://npb.jp/bis/eng/teams/index_db.html>DeNA</a>,CL
,Martinez Ariel,29,3,730.2,1.1,1.9,1.6,,-0.9,0.3,-8.1,,,<a href=https://npb.jp/bis/eng/teams/index_f.html>Nipponham</a>,PL
,Martinez Ariel,29,DH,186.2,,,,,,,-2.2,,,<a href=https://npb.jp/bis/eng/teams/index_f.html>Nipponham</a>,PL
,Fukunaga Sho,25,2,66.0,-1.1,-21.4,,-0.7,,-0.5,0.9,0.7,0.3,<a href=https://npb.jp/bis/eng/teams/index_b.html>ORIX</a>,PL
,Yazawa Kota,24,7,30.0,0.0,0.0,0.3,-0.3,,0.0,-0.3,,,<a href=https://npb.jp/bis/eng/teams/index_f.html>Nipponham</a>,PL
,Yazawa Kota,24,8,10.0,-2.3,-296.0,-1.8,-0.4,,0.0,0.0,,,<a href=https://npb.jp/bis/eng/teams/index_f.html>Nipponham</a>,PL
,Yazawa Kota,24,9,4.0,0.6,193.0,0.8,-0.2,,0.0,0.0,,,<a href=https://npb.jp/bis/eng/teams/index_f.html>Nipponham</a>,PL
,Downs Jeter,26,4,33.1,-0.3,-11.6,-0.5,,0.1,0.1,0.1,,,<a href=https://npb.jp/bis/eng/teams/index_h.html>SoftBank</a>,PL
,Downs Jeter,26,6,20.0,-0.7,-45.0,-0.2,,0.1,-0.6,0.2,,,<a href=https://npb.jp/bis/eng/teams/index_h.html>SoftBank</a>,PL
,Aoki Norichika,43,7,25.0,-1.7,-87.5,-0.9,0.1,,-0.8,-0.2,,,<a href=https://npb.jp/bis/eng/teams/index_s.html>Yakult</a>,CL
,Aoki Norichika,43,8,7.0,-0.6,-110.3,-0.6,0.0,,0.0,0.0,,,<a href=https://npb.jp/bis/eng/teams/index_s.html>Yakult</a>,CL
,Aoki Norichika,43,9,111.0,-2.9,-33.6,-1.8,-1.1,,0.0,-0.4,,,<a href=https://npb.jp/bis/eng/teams/index_s.html>Yakult</a>,CL
,Aoki Norichika,43,DH,5.0,,,,,,,-0.1,,,<a href=https://npb.jp/bis/eng/teams/index_s.html>Yakult</a>,CL
,Terachi Ryusei,19,2,8.0,-0.3,-48.3,,0.0,,-0.3,0.1,-0.3,0.0,<a href=https://npb.jp/bis/eng/teams/index_m.html>Lotte</a>,PL
,Terachi Ryusei,19,DH,9.0,,,,,,,-0.1,,,<a href=https://npb.jp/bis/eng/teams/index_m.html>Lotte</a>,PL
,Nakashima Daisuke,24,7,285.0,-2.0,-9.0,-2.4,0.2,,0.2,-2.7,,,<a href=https://npb.jp/bis/eng/teams/index_e.html>Rakuten</a>,PL
,Nakashima Daisuke,24,DH,2.0,,,,,,,0.0,,,<a href=https://npb.jp/bis/eng/teams/index_e.html>Rakuten</a>,PL
,Austin Tyler,33,3,852.1,-3.7,-5.6,-2.9,,-1.2,0.3,-9.5,,,<a href=https://npb.jp/bis/eng/teams/index_db.html>DeNA</a>,CL
,Austin Tyler,33,DH,27.0,,,,,,,-0.3,,,<a href=https://npb.jp/bis/eng/teams/index_db.html>DeNA</a>,CL
,Soto Neftali,36,3,698.1,-2.4,-4.4,-2.9,,-0.2,0.7,-7.8,,,<a href=https://npb.jp/bis/eng/teams/index_m.html>Lotte</a>,PL
,Soto Neftali,36,DH,345.1,,,,,,,-4.1,,,<a href=https://npb.jp/bis/eng/teams/index_m.html>Lotte</a>,PL
,Matsumoto Naoki,31,2,343.0,2.7,10.1,,2.7,,0.0,4.9,1.8,-1.0,<a href=https://npb.jp/bis/eng/teams/index_s.html>Yakult</a>,CL
,Nishiura Naomichi,34,4,15.2,-0.1,-8.2,-0.3,,0.1,0.0,0.0,,,<a href=https://npb.jp/bis/eng/teams/index_db.html>DeNA</a>,CL
,Nishiura Naomichi,34,5,6.0,-1.5,-321.8,-0.1,,0.0,-1.4,0.0,,,<a href=https://npb.jp/bis/eng/teams/index_db.html>DeNA</a>,CL
,Nishiura Naomichi,34,6,15.0,-2.5,-214.5,-2.2,,-0.4,0.1,0.1,,,<a href=https://npb.jp/bis/eng/teams/index_db.html>DeNA</a>,CL
,Abe Toshiki,35,3,73.0,1.7,30.0,1.2,,0.2,0.3,-0.8,,,<a href=https://npb.jp/bis/eng/teams/index_e.html>Rakuten</a>,PL
,Abe Toshiki,35,5,24.1,0.8,42.4,0.6,,0.0,0.3,-0.1,,,<a href=https://npb.jp/bis/eng/teams/index_e.html>Rakuten</a>,PL
,Abe Toshiki,35,7,217.0,-3.7,-21.9,-0.2,-2.1,,-1.5,-2.1,,,<a href=https://npb.jp/bis/eng/teams/index_e.html>Rakuten</a>,PL
,Abe Toshiki,35,DH,190.1,,,,,,,-2.3,,,<a href=https://npb.jp/bis/eng/teams/index_e.html>Rakuten</a>,PL
,Mune Yuma,29,5,734.1,-6.6,-11.6,-6.4,,0.2,-0.4,-2.8,,,<a href=https://npb.jp/bis/eng/teams/index_b.html>ORIX</a>,PL
,Maeda Yamato,37,3,35.1,-0.1,-3.6,-0.2,,0.0,0.2,-0.4,,,<a href=https://npb.jp/bis/eng/teams/index_db.html>DeNA</a>,CL
,Maeda Yamato,37,4,23.0,1.1,61.6,1.1,,-0.1,0.1,0.1,,,<a href=https://npb.jp/bis/eng/teams/index_db.html>DeNA</a>,CL
,Maeda Yamato,37,5,7.0,-0.6,-110.3,-0.6,,0.0,0.0,0.0,,,<a href=https://npb.jp/bis/eng/teams/index_db.html>DeNA</a>,CL
,Maeda Yamato,37,6,105.0,-0.2,-2.5,-0.7,,-0.1,0.6,0.9,,,<a href=https://npb.jp/bis/eng/teams/index_db.html>DeNA</a>,CL
,Gonzalez Marwin,36,3,17.0,0.2,15.1,0.1,,0.0,0.0,-0.2,,,<a href=https://npb.jp/bis/eng/teams/index_b.html>ORIX</a>,PL
,Gonzalez Marwin,36,4,137.0,1.7,16.0,2.8,,-0.4,-0.7,0.4,,,<a href=https://npb.jp/bis/eng/teams/index_b.html>ORIX</a>,PL
,Gonzalez Marwin,36,5,7.0,-0.3,-55.2,-0.3,,0.0,0.0,0.0,,,<a href=https://npb.jp/bis/eng/teams/index_b.html>ORIX</a>,PL
,Gonzalez Marwin,36,6,1.0,-0.8,-1029.6,-0.8,,0.0,0.0,0.0,,,<a href=https://npb.jp/bis/eng/teams/index_b.html>ORIX</a>,PL
,Polanco Gregory,33,7,254.2,-9.3,-47.0,-6.0,-2.6,,-0.7,-2.4,,,<a href=https://npb.jp/bis/eng/teams/index_m.html>Lotte</a>,PL
,Polanco Gregory,33,DH,679.2,,,,,,,-8.1,,,<a href=https://npb.jp/bis/eng/teams/index_m.html>Lotte</a>,PL
,Yano Masaya,26,4,73.0,-2.8,-49.4,-0.4,,-0.6,-1.8,0.2,,,<a href=https://npb.jp/bis/eng/teams/index_c.html>Hiroshima</a>,CL
,Yano Masaya,26,6,1066.0,5.3,6.4,-1.0,,2.9,3.3,8.7,,,<a href=https://npb.jp/bis/eng/teams/index_c.html>Hiroshima</a>,CL
,Yamada Haruka,28,3,18.0,0.2,14.3,0.2,,0.0,0.0,-0.2,,,<a href=https://npb.jp/bis/eng/teams/index_e.html>Rakuten</a>,PL
,Yamada Haruka,28,4,20.0,-0.6,-38.6,-0.1,,0.1,-0.6,0.1,,,<a href=https://npb.jp/bis/eng/teams/index_e.html>Rakuten</a>,PL
,Yamada Haruka,28,5,17.2,0.3,21.8,0.3,,-0.1,0.1,-0.1,,,<a href=https://npb.jp/bis/eng/teams/index_e.html>Rakuten</a>,PL
,Yamada Haruka,28,6,19.0,0.9,61.0,0.6,,0.1,0.2,0.2,,,<a href=https://npb.jp/bis/eng/teams/index_e.html>Rakuten</a>,PL
,Yamada Haruka,28,DH,4.0,,,,,,,0.0,,,<a href=https://npb.jp/bis/eng/teams/index_e.html>Rakuten</a>,PL
,Ishikami Taiki,24,5,19.0,0.2,13.5,0.1,,0.0,0.1,-0.1,,,<a href=https://npb.jp/bis/eng/teams/index_db.html>DeNA</a>,CL
,Ishikami Taiki,24,6,162.0,-6.3,-50.1,-3.7,,-0.6,-2.0,1.3,,,<a href=https://npb.jp/bis/eng/teams/index_db.html>DeNA</a>,CL
,Murakami Munetaka,25,3,23.1,-0.3,-16.6,-0.4,,0.0,0.1,-0.3,,,<a href=https://npb.jp/bis/eng/teams/index_s.html>Yakult</a>,CL
,Murakami Munetaka,25,5,1213.1,-8.5,-9.0,-6.2,,-1.2,-1.0,-4.6,,,<a href=https://npb.jp/bis/eng/teams/index_s.html>Yakult</a>,CL
,Murakami Munetaka,25,DH,8.0,,,,,,,-0.1,,,<a href=https://npb.jp/bis/eng/teams/index_s.html>Yakult</a>,CL
,Umeno Ryutaro,34,2,748.2,-0.7,-1.2,,-1.7,,0.9,10.7,0.7,-0.9,<a href=https://npb.jp/bis/eng/teams/index_t.html>Hanshin</a>,CL
,Motoyama Hiyu,26,3,109.2,0.7,8.2,1.0,,-0.1,-0.2,-1.2,,,<a href=https://npb.jp/bis/eng/teams/index_l.html>Seibu</a>,PL
,Motoyama Hiyu,26,4,9.0,0.1,14.3,0.1,,0.0,0.0,0.0,,,<a href=https://npb.jp/bis/eng/teams/index_l.html>Seibu</a>,PL
,Motoyama Hiyu,26,5,57.1,1.5,33.7,2.4,,-0.2,-0.7,-0.2,,,<a href=https://npb.jp/bis/eng/teams/index_l.html>Seibu</a>,PL
,Motoyama Hiyu,26,6,3.0,-0.7,-300.3,-0.5,,-0.1,0.0,0.0,,,<a href=https://npb.jp/bis/eng/teams/index_l.html>Seibu</a>,PL
,Osuna Jose,32,3,1217.0,-9.9,-10.5,-8.3,,0.6,-2.2,-13.6,,,<a href=https://npb.jp/bis/eng/teams/index_s.html>Yakult</a>,CL
,Takeoka Ryusei,24,4,356.2,-2.8,-10.1,-4.1,,0.3,0.9,1.0,,,<a href=https://npb.jp/bis/eng/teams/index_s.html>Yakult</a>,CL
,Takeoka Ryusei,24,5,10.0,0.9,115.8,0.6,,0.1,0.1,0.0,,,<a href=https://npb.jp/bis/eng/teams/index_s.html>Yakult</a>,CL
,Takeoka Ryusei,24,6,4.0,-0.3,-96.5,-0.5,,0.3,0.0,0.0,,,<a href=https://npb.jp/bis/eng/teams/index_s.html>Yakult</a>,CL
,Yamamoto Yasuhiro,31,3,1.0,0.0,0.0,0.0,,0.0,0.0,0.0,,,<a href=https://npb.jp/bis/eng/teams/index_d.html>Chunichi</a>,CL
,Yamamoto Yasuhiro,31,4,165.0,-0.5,-3.9,0.2,,-1.0,0.3,0.4,,,<a href=https://npb.jp/bis/eng/teams/index_d.html>Chunichi</a>,CL
,Yamamoto Yasuhiro,31,5,41.0,1.6,50.2,1.0,,0.3,0.4,-0.2,,,<a href=https://npb.jp/bis/eng/teams/index_d.html>Chunichi</a>,CL
,Yamamoto Yasuhiro,31,6,165.1,0.8,6.2,0.7,,0.6,-0.5,1.3,,,<a href=https://npb.jp/bis/eng/teams/index_d.html>Chunichi</a>,CL
,Sakamoto Hayato,36,5,858.0,14.1,21.2,9.0,,1.5,3.6,-3.3,,,<a href=https://npb.jp/bis/eng/teams/index_g.html>Yomiuri</a>,CL
,Sakamoto Hayato,36,DH,18.0,,,,,,,-0.2,,,<a href=https://npb.jp/bis/eng/teams/index_g.html>Yomiuri</a>,CL
,Nakamura Takeya,41,3,44.0,-0.9,-26.3,-1.0,,0.0,0.1,-0.5,,,<a href=https://npb.jp/bis/eng/teams/index_l.html>Seibu</a>,PL
,Nakamura Takeya,41,DH,369.2,,,,,,,-4.4,,,<a href=https://npb.jp/bis/eng/teams/index_l.html>Seibu</a>,PL
,Kurebayashi Kotaro,23,5,3.0,-0.1,-42.9,-0.1,,0.0,0.0,0.0,,,<a href=https://npb.jp/bis/eng/teams/index_b.html>ORIX</a>,PL
,Kurebayashi Kotaro,23,6,1161.1,-2.7,-3.0,-5.6,,-0.6,3.6,9.5,,,<a href=https://npb.jp/bis/eng/teams/index_b.html>ORIX</a>,PL
,Tsuge Sena,28,2,149.1,-1.0,-8.6,,-1.1,,0.0,2.1,-1.1,0.2,<a href=https://npb.jp/bis/eng/teams/index_l.html>Seibu</a>,PL
,Kakunaka Katsuya,38,7,252.0,-0.4,-2.0,-2.0,1.4,,0.2,-2.4,,,<a href=https://npb.jp/bis/eng/teams/index_m.html>Lotte</a>,PL
,Kakunaka Katsuya,38,9,62.0,-3.1,-64.4,-2.0,-1.1,,0.0,-0.2,,,<a href=https://npb.jp/bis/eng/teams/index_m.html>Lotte</a>,PL
,Kakunaka Katsuya,38,DH,42.0,,,,,,,-0.5,,,<a href=https://npb.jp/bis/eng/teams/index_m.html>Lotte</a>,PL
,Furuichi Takeru,23,2,16.1,-0.3,-23.7,,0.0,,-0.2,0.2,-0.2,0.1,<a href=https://npb.jp/bis/eng/teams/index_l.html>Seibu</a>,PL
,Furuichi Takeru,23,DH,1.2,,,,,,,0.0,,,<a href=https://npb.jp/bis/eng/teams/index_l.html>Seibu</a>,PL
,Itoh Yukiya,28,3,53.1,-1.2,-29.0,-1.2,,-0.1,0.1,-0.6,,,<a href=https://npb.jp/bis/eng/teams/index_e.html>Rakuten</a>,PL
,Itoh Yukiya,28,5,18.0,-0.9,-64.4,-0.9,,0.0,0.0,-0.1,,,<a href=https://npb.jp/bis/eng/teams/index_e.html>Rakuten</a>,PL
,Itoh Yukiya,28,6,3.0,-0.9,-386.1,-0.1,,-0.1,-0.7,0.0,,,<a href=https://npb.jp/bis/eng/teams/index_e.html>Rakuten</a>,PL
,Itoh Yukiya,28,7,165.0,-4.2,-32.8,-4.5,0.1,,0.1,-1.6,,,<a href=https://npb.jp/bis/eng/teams/index_e.html>Rakuten</a>,PL
,Itoh Yukiya,28,DH,21.0,,,,,,,-0.3,,,<a href=https://npb.jp/bis/eng/teams/index_e.html>Rakuten</a>,PL
,Gibo Sho,24,4,32.0,-0.9,-36.2,0.0,,0.4,-1.3,0.1,,,<a href=https://npb.jp/bis/eng/teams/index_b.html>ORIX</a>,PL
,Gibo Sho,24,6,16.0,-1.2,-96.5,-0.5,,0.0,-0.7,0.1,,,<a href=https://npb.jp/bis/eng/teams/index_b.html>ORIX</a>,PL
,Sano Keita,30,3,263.0,1.6,7.8,1.6,,-0.4,0.4,-2.9,,,<a href=https://npb.jp/bis/eng/teams/index_db.html>DeNA</a>,CL
,Sano Keita,30,7,808.2,-10.1,-16.1,-12.2,1.5,,0.5,-7.7,,,<a href=https://npb.jp/bis/eng/teams/index_db.html>DeNA</a>,CL
,Nakamura Yuhei,35,2,784.0,4.1,6.7,,3.8,,0.3,11.2,10.6,-0.4,<a href=https://npb.jp/bis/eng/teams/index_s.html>Yakult</a>,CL
,Izuguchi Yuta,26,4,4.1,-0.8,-239.4,-0.1,,0.0,-0.7,0.0,,,<a href=https://npb.jp/bis/eng/teams/index_g.html>Yomiuri</a>,CL
,Izuguchi Yuta,26,5,18.2,-0.6,-41.3,-0.1,,0.0,-0.5,-0.1,,,<a href=https://npb.jp/bis/eng/teams/index_g.html>Yomiuri</a>,CL
,Izuguchi Yuta,26,6,380.2,2.5,8.5,3.6,,-1.9,0.7,3.1,,,<a href=https://npb.jp/bis/eng/teams/index_g.html>Yomiuri</a>,CL
,Mori Keito,23,4,8.0,-0.6,-96.5,-0.6,,0.0,0.0,0.0,,,<a href=https://npb.jp/bis/eng/teams/index_db.html>DeNA</a>,CL
,Mori Keito,23,6,466.2,-0.6,-1.7,5.9,,-1.7,-4.8,3.8,,,<a href=https://npb.jp/bis/eng/teams/index_db.html>DeNA</a>,CL
,Santana Domingo,32,7,869.0,-20.2,-29.9,-13.9,-6.2,,-0.1,-8.2,,,<a href=https://npb.jp/bis/eng/teams/index_s.html>Yakult</a>,CL
,Santana Domingo,32,DH,50.1,,,,,,,-0.6,,,<a href=https://npb.jp/bis/eng/teams/index_s.html>Yakult</a>,CL
,Hernandez Elier,30,8,442.1,-8.8,-25.6,-8.7,-0.2,,0.0,1.5,,,<a href=https://npb.jp/bis/eng/teams/index_g.html>Yomiuri</a>,CL
,Hernandez Elier,30,9,49.2,3.1,80.3,2.9,0.2,,0.0,-0.2,,,<a href=https://npb.jp/bis/eng/teams/index_g.html>Yomiuri</a>,CL
,Hirose Ryuta,24,3,14.0,0.6,55.2,0.5,,0.0,0.1,-0.2,,,<a href=https://npb.jp/bis/eng/teams/index_h.html>SoftBank</a>,PL
,Hirose Ryuta,24,4,264.0,3.3,16.1,2.8,,0.2,0.3,0.7,,,<a href=https://npb.jp/bis/eng/teams/index_h.html>SoftBank</a>,PL
,Miyazaki Kazuki,23,7,8.0,0.0,0.0,0.0,0.0,,0.0,-0.1,,,<a href=https://npb.jp/bis/eng/teams/index_f.html>Nipponham</a>,PL
,Miyazaki Kazuki,23,8,3.0,-0.2,-85.8,-0.2,0.0,,0.0,0.0,,,<a href=https://npb.jp/bis/eng/teams/index_f.html>Nipponham</a>,PL
,Obata Ryuhei,24,6,313.2,-3.7,-15.2,-2.0,,-1.2,-0.4,2.6,,,<a href=https://npb.jp/bis/eng/teams/index_t.html>Hanshin</a>,CL
,Maegawa Ukyo,22,7,670.0,-4.0,-7.7,-3.9,0.2,,-0.3,-6.4,,,<a href=https://npb.jp/bis/eng/teams/index_t.html>Hanshin</a>,CL
,Maegawa Ukyo,22,9,8.0,0.0,0.0,0.0,0.0,,0.0,0.0,,,<a href=https://npb.jp/bis/eng/teams/index_t.html>Hanshin</a>,CL
,Maegawa Ukyo,22,DH,19.0,,,,,,,-0.2,,,<a href=https://npb.jp/bis/eng/teams/index_t.html>Hanshin</a>,CL
,Inoue Kento,25,5,47.0,1.7,46.6,1.2,,-0.2,0.7,-0.2,,,<a href=https://npb.jp/bis/eng/teams/index_db.html>DeNA</a>,CL
,Inoue Kento,25,7,15.0,0.0,0.0,-1.2,1.1,,0.0,-0.1,,,<a href=https://npb.jp/bis/eng/teams/index_db.html>DeNA</a>,CL
,Inoue Kento,25,9,2.0,-1.3,-836.6,-1.1,-0.1,,0.0,0.0,,,<a href=https://npb.jp/bis/eng/teams/index_db.html>DeNA</a>,CL
,Hatsuki Ryutaro,25,4,15.0,0.1,8.6,0.0,,0.1,0.0,0.0,,,<a href=https://npb.jp/bis/eng/teams/index_c.html>Hiroshima</a>,CL
,Hatsuki Ryutaro,25,5,29.0,-0.3,-13.3,0.0,,0.2,-0.4,-0.1,,,<a href=https://npb.jp/bis/eng/teams/index_c.html>Hiroshima</a>,CL
,Hatsuki Ryutaro,25,DH,8.0,,,,,,,-0.1,,,<a href=https://npb.jp/bis/eng/teams/index_c.html>Hiroshima</a>,CL
,Matsuyama Ryuhei,39,3,22.0,0.9,52.6,0.9,,-0.1,0.1,-0.2,,,<a href=https://npb.jp/bis/eng/teams/index_c.html>Hiroshima</a>,CL
,Matsuyama Ryuhei,39,DH,18.0,,,,,,,-0.2,,,<a href=https://npb.jp/bis/eng/teams/index_c.html>Hiroshima</a>,CL
,Dickerson Alex,35,7,192.0,1.1,7.4,0.6,0.3,,0.2,-1.8,,,<a href=https://npb.jp/bis/eng/teams/index_d.html>Chunichi</a>,CL
,Dickerson Alex,35,DH,16.2,,,,,,,-0.2,,,<a href=https://npb.jp/bis/eng/teams/index_d.html>Chunichi</a>,CL
,Kishida Yukinori,28,2,645.0,3.3,6.6,,4.5,,-1.2,9.2,-3.5,1.4,<a href=https://npb.jp/bis/eng/teams/index_g.html>Yomiuri</a>,CL
,Kishida Yukinori,28,DH,12.0,,,,,,,-0.1,,,<a href=https://npb.jp/bis/eng/teams/index_g.html>Yomiuri</a>,CL
,Ueda Kyuto,23,3,81.0,1.7,27.0,2.3,,-0.2,-0.4,-0.9,,,<a href=https://npb.jp/bis/eng/teams/index_m.html>Lotte</a>,PL
,Ueda Kyuto,23,5,56.0,-2.3,-52.9,-1.9,,0.0,-0.5,-0.2,,,<a href=https://npb.jp/bis/eng/teams/index_m.html>Lotte</a>,PL
,Suzuki Daichi,35,3,621.1,2.6,5.4,0.4,,0.3,2.0,-6.9,,,<a href=https://npb.jp/bis/eng/teams/index_e.html>Rakuten</a>,PL
,Suzuki Daichi,35,5,329.0,-1.8,-7.0,-2.4,,0.8,-0.1,-1.2,,,<a href=https://npb.jp/bis/eng/teams/index_e.html>Rakuten</a>,PL
,Suzuki Daichi,35,DH,12.0,,,,,,,-0.1,,,<a href=https://npb.jp/bis/eng/teams/index_e.html>Rakuten</a>,PL
,Tsuchida Ryuku,22,4,15.0,-0.6,-51.5,-0.4,,-0.3,0.1,0.0,,,<a href=https://npb.jp/bis/eng/teams/index_d.html>Chunichi</a>,CL
,Tsuchida Ryuku,22,6,87.2,-0.8,-11.7,-1.9,,0.6,0.5,0.7,,,<a href=https://npb.jp/bis/eng/teams/index_d.html>Chunichi</a>,CL
,Nomura Daiju,24,3,343.2,0.6,2.2,1.0,,-0.1,-0.4,-3.8,,,<a href=https://npb.jp/bis/eng/teams/index_l.html>Seibu</a>,PL
,Nomura Daiju,24,DH,107.0,,,,,,,-1.3,,,<a href=https://npb.jp/bis/eng/teams/index_l.html>Seibu</a>,PL
,Kyoda Yota,31,3,68.0,-0.4,-7.6,0.0,,0.0,-0.4,-0.8,,,<a href=https://npb.jp/bis/eng/teams/index_db.html>DeNA</a>,CL
,Kyoda Yota,31,5,130.2,-1.0,-9.8,0.7,,-0.6,-1.1,-0.5,,,<a href=https://npb.jp/bis/eng/teams/index_db.html>DeNA</a>,CL
,Kyoda Yota,31,6,328.1,0.3,1.2,0.7,,-0.5,0.0,2.7,,,<a href=https://npb.jp/bis/eng/teams/index_db.html>DeNA</a>,CL
,Yoshida Kengo,24,DH,58.0,,,,,,,-0.7,,,<a href=https://npb.jp/bis/eng/teams/index_h.html>SoftBank</a>,PL
,Gotoh Shunta,32,7,29.1,-4.7,-206.4,-4.5,-0.3,,0.0,-0.3,,,<a href=https://npb.jp/bis/eng/teams/index_d.html>Chunichi</a>,CL
,Gotoh Shunta,32,8,18.0,0.1,7.2,0.3,-0.2,,0.0,0.1,,,<a href=https://npb.jp/bis/eng/teams/index_d.html>Chunichi</a>,CL
,Gotoh Shunta,32,9,24.0,-1.7,-91.2,-1.5,-0.2,,0.0,-0.1,,,<a href=https://npb.jp/bis/eng/teams/index_d.html>Chunichi</a>,CL
,Ford Mike,32,3,46.0,-0.6,-16.8,0.5,,0.0,-1.2,-0.5,,,<a href=https://npb.jp/bis/eng/teams/index_db.html>DeNA</a>,CL
,Maki Shugo,27,3,8.2,-0.2,-29.6,-0.2,,0.0,0.0,-0.1,,,<a href=https://npb.jp/bis/eng/teams/index_db.html>DeNA</a>,CL
,Maki Shugo,27,4,1127.0,-9.8,-11.2,-2.4,,-2.9,-4.5,3.0,,,<a href=https://npb.jp/bis/eng/teams/index_db.html>DeNA</a>,CL
,Maki Shugo,27,DH,9.0,,,,,,,-0.1,,,<a href=https://npb.jp/bis/eng/teams/index_db.html>DeNA</a>,CL
,Garcia Anthony,24,7,38.0,0.0,0.0,1.2,-0.4,,-0.8,-0.4,,,<a href=https://npb.jp/bis/eng/teams/index_l.html>Seibu</a>,PL
,Garcia Anthony,24,DH,118.1,,,,,,,-1.4,,,<a href=https://npb.jp/bis/eng/teams/index_l.html>Seibu</a>,PL
,Asamura Hideto,34,5,830.1,-4.0,-6.2,-6.4,,0.8,1.7,-3.2,,,<a href=https://npb.jp/bis/eng/teams/index_e.html>Rakuten</a>,PL
,Asamura Hideto,34,DH,291.0,,,,,,,-3.5,,,<a href=https://npb.jp/bis/eng/teams/index_e.html>Rakuten</a>,PL
,Ikeda Ryoma,21,7,17.0,0.7,53.0,1.1,-0.4,,0.0,-0.2,,,<a href=https://npb.jp/bis/eng/teams/index_b.html>ORIX</a>,PL
,Ikeda Ryoma,21,9,31.0,-0.5,-20.8,-0.5,0.0,,0.0,-0.1,,,<a href=https://npb.jp/bis/eng/teams/index_b.html>ORIX</a>,PL
,Ikeda Ryoma,21,DH,1.0,,,,,,,0.0,,,<a href=https://npb.jp/bis/eng/teams/index_b.html>ORIX</a>,PL
,Ishigaki Masami,26,3,5.2,0.2,45.2,0.2,,0.0,0.0,-0.1,,,<a href=https://npb.jp/bis/eng/teams/index_d.html>Chunichi</a>,CL
,Ishigaki Masami,26,4,15.0,0.2,17.2,0.2,,0.0,0.1,0.0,,,<a href=https://npb.jp/bis/eng/teams/index_d.html>Chunichi</a>,CL
,Ishigaki Masami,26,5,1.0,0.0,0.0,0.0,,0.0,0.0,0.0,,,<a href=https://npb.jp/bis/eng/teams/index_d.html>Chunichi</a>,CL
,Ishigaki Masami,26,6,5.0,0.5,128.7,0.4,,0.1,0.0,0.0,,,<a href=https://npb.jp/bis/eng/teams/index_d.html>Chunichi</a>,CL
,Tamura Shunsuke,21,7,38.0,-0.3,-10.2,-1.2,0.8,,0.0,-0.4,,,<a href=https://npb.jp/bis/eng/teams/index_c.html>Hiroshima</a>,CL
,Tamura Shunsuke,21,9,178.0,-1.4,-10.1,-1.8,0.4,,0.1,-0.7,,,<a href=https://npb.jp/bis/eng/teams/index_c.html>Hiroshima</a>,CL
,Yuasa Dai,25,4,7.0,-0.2,-36.8,-0.2,,0.0,0.0,0.0,,,<a href=https://npb.jp/bis/eng/teams/index_g.html>Yomiuri</a>,CL
,Yuasa Dai,25,5,15.1,0.7,58.9,0.6,,0.0,0.1,-0.1,,,<a href=https://npb.jp/bis/eng/teams/index_g.html>Yomiuri</a>,CL
,Yuasa Dai,25,6,3.0,0.5,214.5,0.2,,0.3,0.0,0.0,,,<a href=https://npb.jp/bis/eng/teams/index_g.html>Yomiuri</a>,CL
,Dohbayashi Shota,33,3,439.1,3.0,8.8,2.3,,0.0,0.7,-4.9,,,<a href=https://npb.jp/bis/eng/teams/index_c.html>Hiroshima</a>,CL
,Dohbayashi Shota,33,7,129.2,-2.1,-20.8,-1.7,-0.5,,0.1,-1.2,,,<a href=https://npb.jp/bis/eng/teams/index_c.html>Hiroshima</a>,CL
,Mutoh Atsuki,24,7,12.0,0.0,0.0,0.6,-0.6,,0.0,-0.1,,,<a href=https://npb.jp/bis/eng/teams/index_e.html>Rakuten</a>,PL
,Yamaguchi Koki,24,3,5.0,0.1,25.7,0.2,,-0.1,0.0,-0.1,,,<a href=https://npb.jp/bis/eng/teams/index_m.html>Lotte</a>,PL
,Yamaguchi Koki,24,7,104.0,2.3,28.5,2.1,0.1,,0.1,-1.0,,,<a href=https://npb.jp/bis/eng/teams/index_m.html>Lotte</a>,PL
,Yamaguchi Koki,24,9,267.1,-5.3,-25.5,-4.1,-1.3,,0.1,-1.1,,,<a href=https://npb.jp/bis/eng/teams/index_m.html>Lotte</a>,PL
,Aizawa Tsubasa,37,2,400.1,-1.6,-5.1,,-1.3,,-0.3,5.7,0.7,0.4,<a href=https://npb.jp/bis/eng/teams/index_c.html>Hiroshima</a>,CL
,Cedeno Leandro,26,3,311.1,-1.5,-6.2,-1.4,,-0.1,0.0,-3.5,,,<a href=https://npb.jp/bis/eng/teams/index_b.html>ORIX</a>,PL
,Cedeno Leandro,26,DH,359.0,,,,,,,-4.3,,,<a href=https://npb.jp/bis/eng/teams/index_b.html>ORIX</a>,PL
,Sakakura Shogo,27,2,583.0,1.8,4.0,,1.3,,0.5,8.3,-0.2,-0.3,<a href=https://npb.jp/bis/eng/teams/index_c.html>Hiroshima</a>,CL
,Sakakura Shogo,27,3,413.1,-2.5,-7.8,-3.7,,0.8,0.4,-4.6,,,<a href=https://npb.jp/bis/eng/teams/index_c.html>Hiroshima</a>,CL
,Sakakura Shogo,27,DH,8.0,,,,,,,-0.1,,,<a href=https://npb.jp/bis/eng/teams/index_c.html>Hiroshima</a>,CL
,Okada Masatoshi,36,2,1.0,0.0,0.0,,0.0,,0.0,0.0,-0.3,0.0,<a href=https://npb.jp/bis/eng/teams/index_l.html>Seibu</a>,PL
,Koga Yuto,25,2,771.0,1.7,2.8,,2.5,,-0.8,11.0,2.1,-0.3,<a href=https://npb.jp/bis/eng/teams/index_l.html>Seibu</a>,PL
,Yamasaki Tsuyoshi,29,5,1.0,0.0,0.0,0.0,,0.0,0.0,0.0,,,<a href=https://npb.jp/bis/eng/teams/index_e.html>Rakuten</a>,PL
,Yamasaki Tsuyoshi,29,6,17.0,-0.4,-30.3,-0.5,,0.0,0.1,0.1,,,<a href=https://npb.jp/bis/eng/teams/index_e.html>Rakuten</a>,PL
,Yanagita Yuki,36,9,327.0,7.0,27.6,7.0,-0.2,,0.2,-1.3,,,<a href=https://npb.jp/bis/eng/teams/index_h.html>SoftBank</a>,PL
,Yanagita Yuki,36,DH,118.0,,,,,,,-1.4,,,<a href=https://npb.jp/bis/eng/teams/index_h.html>SoftBank</a>,PL
,Ohshiro Koji,32,4,34.0,1.0,37.9,0.9,,-0.2,0.3,0.1,,,<a href=https://npb.jp/bis/eng/teams/index_b.html>ORIX</a>,PL
,Ohshiro Koji,32,5,2.0,-0.1,-64.4,-0.1,,0.0,0.0,0.0,,,<a href=https://npb.jp/bis/eng/teams/index_b.html>ORIX</a>,PL
,Hayashi Takuma,24,4,86.0,-0.7,-10.5,-1.4,,0.5,0.3,0.2,,,<a href=https://npb.jp/bis/eng/teams/index_db.html>DeNA</a>,CL
,Hayashi Takuma,24,5,7.0,-0.5,-91.9,-0.5,,0.0,0.0,0.0,,,<a href=https://npb.jp/bis/eng/teams/index_db.html>DeNA</a>,CL
,Hayashi Takuma,24,6,206.1,-2.1,-13.1,-1.5,,0.5,-1.1,1.7,,,<a href=https://npb.jp/bis/eng/teams/index_db.html>DeNA</a>,CL
,Kozono Kaito,25,5,1048.0,-14.2,-17.4,-13.3,,-0.8,-0.1,-4.0,,,<a href=https://npb.jp/bis/eng/teams/index_c.html>Hiroshima</a>,CL
,Kozono Kaito,25,6,190.1,-2.3,-15.6,-0.7,,-0.8,-0.8,1.6,,,<a href=https://npb.jp/bis/eng/teams/index_c.html>Hiroshima</a>,CL
,Kozono Kaito,25,DH,9.2,,,,,,,-0.1,,,<a href=https://npb.jp/bis/eng/teams/index_c.html>Hiroshima</a>,CL
,Kajitani Takayuki,36,9,34.0,0.2,7.6,0.3,-0.2,,0.0,-0.1,,,<a href=https://npb.jp/bis/eng/teams/index_g.html>Yomiuri</a>,CL
,Hosokawa Seiya,26,7,381.2,0.8,2.7,1.3,-0.8,,0.3,-3.6,,,<a href=https://npb.jp/bis/eng/teams/index_d.html>Chunichi</a>,CL
,Hosokawa Seiya,26,9,843.1,-7.9,-12.1,-3.1,-3.4,,-1.4,-3.3,,,<a href=https://npb.jp/bis/eng/teams/index_d.html>Chunichi</a>,CL
,Hosokawa Seiya,26,DH,16.0,,,,,,,-0.2,,,<a href=https://npb.jp/bis/eng/teams/index_d.html>Chunichi</a>,CL
,Tongu Yuma,28,3,475.0,-5.6,-15.2,-4.6,,-0.1,-0.9,-5.3,,,<a href=https://npb.jp/bis/eng/teams/index_b.html>ORIX</a>,PL
,Tongu Yuma,28,DH,148.0,,,,,,,-1.8,,,<a href=https://npb.jp/bis/eng/teams/index_b.html>ORIX</a>,PL
,Neuse Sheldon,30,7,298.1,2.7,11.6,5.5,-2.2,,-0.6,-2.8,,,<a href=https://npb.jp/bis/eng/teams/index_t.html>Hanshin</a>,CL
,Satoh Ryusei,28,3,56.1,-0.5,-11.4,-0.9,,0.2,0.2,-0.6,,,<a href=https://npb.jp/bis/eng/teams/index_l.html>Seibu</a>,PL
,Satoh Ryusei,28,4,36.0,0.6,21.4,0.5,,0.0,0.2,0.1,,,<a href=https://npb.jp/bis/eng/teams/index_l.html>Seibu</a>,PL
,Satoh Ryusei,28,5,499.1,1.0,2.6,-0.1,,0.0,1.1,-1.9,,,<a href=https://npb.jp/bis/eng/teams/index_l.html>Seibu</a>,PL
,Satoh Ryusei,28,DH,168.2,,,,,,,-2.0,,,<a href=https://npb.jp/bis/eng/teams/index_l.html>Seibu</a>,PL
,Tanaka Takaya,32,2,33.0,-0.2,-7.8,,0.0,,-0.2,0.5,-1.9,-0.1,<a href=https://npb.jp/bis/eng/teams/index_e.html>Rakuten</a>,PL
,Urena Estamy,26,3,6.0,0.0,0.0,0.0,,0.0,0.0,-0.1,,,<a href=https://npb.jp/bis/eng/teams/index_g.html>Yomiuri</a>,CL
,Urena Estamy,26,5,2.0,0.0,0.0,0.0,,0.0,0.0,0.0,,,<a href=https://npb.jp/bis/eng/teams/index_g.html>Yomiuri</a>,CL
,Taira Ryuya,26,5,7.0,0.4,73.5,0.4,,-0.1,0.1,0.0,,,<a href=https://npb.jp/bis/eng/teams/index_e.html>Rakuten</a>,PL
,Taira Ryuya,26,7,33.0,1.5,58.5,1.0,0.4,,0.0,-0.3,,,<a href=https://npb.jp/bis/eng/teams/index_e.html>Rakuten</a>,PL
,Taira Ryuya,26,DH,4.0,,,,,,,0.0,,,<a href=https://npb.jp/bis/eng/teams/index_e.html>Rakuten</a>,PL
,Sato Teruaki,26,5,1045.0,-9.1,-11.2,-4.0,,0.2,-5.3,-4.0,,,<a href=https://npb.jp/bis/eng/teams/index_t.html>Hanshin</a>,CL
,Ishikawa Takaya,24,3,420.1,0.3,0.9,-0.8,,0.6,0.5,-4.7,,,<a href=https://npb.jp/bis/eng/teams/index_d.html>Chunichi</a>,CL
,Ishikawa Takaya,24,5,107.0,1.4,16.8,0.9,,-0.1,0.6,-0.4,,,<a href=https://npb.jp/bis/eng/teams/index_d.html>Chunichi</a>,CL
,Ishikawa Takaya,24,DH,6.0,,,,,,,-0.1,,,<a href=https://npb.jp/bis/eng/teams/index_d.html>Chunichi</a>,CL
,Miyazaki Toshiro,36,5,911.2,-6.0,-8.5,-6.5,,-0.2,0.7,-3.5,,,<a href=https://npb.jp/bis/eng/teams/index_db.html>DeNA</a>,CL
,Miyazaki Toshiro,36,DH,8.0,,,,,,,-0.1,,,<a href=https://npb.jp/bis/eng/teams/index_db.html>DeNA</a>,CL
,Nakamura Shogo,33,5,968.1,7.0,9.3,4.5,,-0.3,2.9,-3.7,,,<a href=https://npb.jp/bis/eng/teams/index_m.html>Lotte</a>,PL
,Tanaka Kazuki,30,7,127.1,1.6,16.2,0.7,0.8,,0.1,-1.2,,,<a href=https://npb.jp/bis/eng/teams/index_e.html>Rakuten</a>,PL
,Tanaka Kazuki,30,8,7.0,0.5,91.9,0.5,0.0,,0.0,0.0,,,<a href=https://npb.jp/bis/eng/teams/index_e.html>Rakuten</a>,PL
,Tanaka Kazuki,30,DH,5.0,,,,,,,-0.1,,,<a href=https://npb.jp/bis/eng/teams/index_e.html>Rakuten</a>,PL
,Onodera Dan,27,3,4.0,0.4,128.7,0.4,,0.0,0.0,0.0,,,<a href=https://npb.jp/bis/eng/teams/index_t.html>Hanshin</a>,CL
,Onodera Dan,27,7,27.0,-0.3,-14.3,-0.6,0.2,,0.0,-0.3,,,<a href=https://npb.jp/bis/eng/teams/index_t.html>Hanshin</a>,CL
,Itohara Kento,32,3,15.1,0.6,50.5,0.6,,0.0,0.1,-0.2,,,<a href=https://npb.jp/bis/eng/teams/index_t.html>Hanshin</a>,CL
,Itohara Kento,32,5,79.0,-1.5,-24.4,-1.7,,0.2,0.0,-0.3,,,<a href=https://npb.jp/bis/eng/teams/index_t.html>Hanshin</a>,CL
,Itohara Kento,32,DH,27.2,,,,,,,-0.3,,,<a href=https://npb.jp/bis/eng/teams/index_t.html>Hanshin</a>,CL
,Watanabe Ryo,30,3,76.2,-0.3,-5.0,-0.5,,0.0,0.2,-0.9,,,<a href=https://npb.jp/bis/eng/teams/index_t.html>Hanshin</a>,CL
,Watanabe Ryo,30,4,4.0,-0.2,-64.4,0.6,,-0.1,-0.6,0.0,,,<a href=https://npb.jp/bis/eng/teams/index_t.html>Hanshin</a>,CL
,Watanabe Ryo,30,5,126.0,0.9,9.2,2.4,,0.2,-1.7,-0.5,,,<a href=https://npb.jp/bis/eng/teams/index_t.html>Hanshin</a>,CL
,Kumagai Takahiro,29,5,33.2,-1.7,-64.9,-1.8,,0.0,0.0,-0.1,,,<a href=https://npb.jp/bis/eng/teams/index_t.html>Hanshin</a>,CL
,Kumagai Takahiro,29,6,7.0,1.0,183.9,0.7,,0.1,0.1,0.1,,,<a href=https://npb.jp/bis/eng/teams/index_t.html>Hanshin</a>,CL
,Kumagai Takahiro,29,7,3.0,0.3,128.7,0.3,0.0,,0.0,0.0,,,<a href=https://npb.jp/bis/eng/teams/index_t.html>Hanshin</a>,CL
,Kuriyama Takumi,41,7,71.0,0.4,7.3,-1.0,1.3,,0.1,-0.7,,,<a href=https://npb.jp/bis/eng/teams/index_l.html>Seibu</a>,PL
,Kuriyama Takumi,41,DH,189.2,,,,,,,-2.3,,,<a href=https://npb.jp/bis/eng/teams/index_l.html>Seibu</a>,PL
,Toyoda Hiroshi,28,7,10.0,-1.9,-244.5,-0.8,-0.2,,-0.8,-0.1,,,<a href=https://npb.jp/bis/eng/teams/index_t.html>Hanshin</a>,CL
,Toyoda Hiroshi,28,9,14.0,-1.3,-119.5,-1.0,-0.3,,0.0,-0.1,,,<a href=https://npb.jp/bis/eng/teams/index_t.html>Hanshin</a>,CL
,Toyoda Hiroshi,28,DH,8.0,,,,,,,-0.1,,,<a href=https://npb.jp/bis/eng/teams/index_t.html>Hanshin</a>,CL
,Chino Naoto,26,3,10.0,0.2,25.7,0.2,,0.0,0.0,-0.1,,,<a href=https://npb.jp/bis/eng/teams/index_db.html>DeNA</a>,CL
,Chino Naoto,26,4,12.0,-0.7,-75.1,-0.8,,0.1,0.0,0.0,,,<a href=https://npb.jp/bis/eng/teams/index_db.html>DeNA</a>,CL
,Chino Naoto,26,5,16.2,-0.5,-38.5,-0.4,,-0.1,0.0,-0.1,,,<a href=https://npb.jp/bis/eng/teams/index_db.html>DeNA</a>,CL
,Nakamura Takahiro,25,7,40.0,-1.2,-38.6,-1.1,-0.1,,0.0,-0.4,,,<a href=https://npb.jp/bis/eng/teams/index_c.html>Hiroshima</a>,CL
,Nakamura Takahiro,25,9,7.0,0.3,55.2,0.3,0.0,,0.0,0.0,,,<a href=https://npb.jp/bis/eng/teams/index_c.html>Hiroshima</a>,CL
,Katoh Takuma,33,2,407.0,0.6,1.9,,-0.1,,0.7,5.8,1.5,0.0,<a href=https://npb.jp/bis/eng/teams/index_d.html>Chunichi</a>,CL
,Tysinger Brandon Taiga,27,5,27.2,-0.3,-13.9,0.3,,0.0,-0.6,-0.1,,,<a href=https://npb.jp/bis/eng/teams/index_l.html>Seibu</a>,PL
,Tysinger Brandon Taiga,27,DH,9.0,,,,,,,-0.1,,,<a href=https://npb.jp/bis/eng/teams/index_l.html>Seibu</a>,PL
,Kawagoe Seiji,32,7,146.0,2.9,25.6,1.6,1.1,,0.1,-1.4,,,<a href=https://npb.jp/bis/eng/teams/index_d.html>Chunichi</a>,CL
,Kohri Takuya,27,3,3.0,0.0,0.0,0.0,,0.0,0.0,0.0,,,<a href=https://npb.jp/bis/eng/teams/index_g.html>Yomiuri</a>,CL
,Wakatsuki Kenya,29,2,762.0,6.9,11.7,,6.4,,0.5,10.9,3.2,2.2,<a href=https://npb.jp/bis/eng/teams/index_b.html>ORIX</a>,PL
,Wakabayashi Gakuto,27,7,115.0,-1.4,-15.7,-1.5,0.1,,0.1,-1.1,,,<a href=https://npb.jp/bis/eng/teams/index_g.html>Yomiuri</a>,CL
,Nakayama Raito,23,4,11.0,-0.3,-35.1,-0.3,,0.0,0.0,0.0,,,<a href=https://npb.jp/bis/eng/teams/index_g.html>Yomiuri</a>,CL
,Nakayama Raito,23,5,33.1,1.2,46.4,0.7,,0.1,0.4,-0.1,,,<a href=https://npb.jp/bis/eng/teams/index_g.html>Yomiuri</a>,CL
,Nakayama Raito,23,6,11.0,0.7,81.9,0.7,,-0.1,0.1,0.1,,,<a href=https://npb.jp/bis/eng/teams/index_g.html>Yomiuri</a>,CL
,Suekane Shota,29,7,405.0,0.2,0.6,0.3,-0.5,,0.3,-3.8,,,<a href=https://npb.jp/bis/eng/teams/index_c.html>Hiroshima</a>,CL
,Suekane Shota,29,9,225.0,0.3,1.7,-0.5,1.5,,-0.7,-0.9,,,<a href=https://npb.jp/bis/eng/teams/index_c.html>Hiroshima</a>,CL
,Okamoto Kazuma,29,3,976.2,4.2,5.5,4.0,,0.9,-0.8,-10.9,,,<a href=https://npb.jp/bis/eng/teams/index_g.html>Yomiuri</a>,CL
,Okamoto Kazuma,29,5,207.1,4.1,25.5,3.3,,0.2,0.6,-0.8,,,<a href=https://npb.jp/bis/eng/teams/index_g.html>Yomiuri</a>,CL
,Okamoto Kazuma,29,7,98.0,-3.1,-40.7,-2.2,-0.9,,0.0,-0.9,,,<a href=https://npb.jp/bis/eng/teams/index_g.html>Yomiuri</a>,CL
,Ohyama Yusuke,30,3,1158.2,-3.4,-3.8,-0.7,,0.0,-2.7,-12.9,,,<a href=https://npb.jp/bis/eng/teams/index_t.html>Hanshin</a>,CL
,Nakata Sho,36,3,439.1,1.3,3.8,-0.2,,0.7,0.7,-4.9,,,<a href=https://npb.jp/bis/eng/teams/index_d.html>Chunichi</a>,CL
,Nakata Sho,36,DH,28.0,,,,,,,-0.3,,,<a href=https://npb.jp/bis/eng/teams/index_d.html>Chunichi</a>,CL
,Aguilar Jesus,35,3,217.1,1.6,9.5,1.7,,-0.3,0.2,-2.4,,,<a href=https://npb.jp/bis/eng/teams/index_l.html>Seibu</a>,PL
,Aguilar Jesus,35,DH,48.2,,,,,,,-0.6,,,<a href=https://npb.jp/bis/eng/teams/index_l.html>Seibu</a>,PL
,Yamakawa Hotaka,33,3,802.1,7.9,12.7,6.6,,0.1,1.2,-8.9,,,<a href=https://npb.jp/bis/eng/teams/index_h.html>SoftBank</a>,PL
,Yamakawa Hotaka,33,DH,394.2,,,,,,,-4.7,,,<a href=https://npb.jp/bis/eng/teams/index_h.html>SoftBank</a>,PL
,Mimori Masaki,26,3,5.0,-0.3,-77.2,-0.3,,0.0,0.0,-0.1,,,<a href=https://npb.jp/bis/eng/teams/index_h.html>SoftBank</a>,PL
,Mimori Masaki,26,4,160.0,1.4,11.3,2.9,,0.6,-2.1,0.4,,,<a href=https://npb.jp/bis/eng/teams/index_h.html>SoftBank</a>,PL
,Usami Shingo,32,2,322.1,-0.2,-0.8,,-0.3,,0.2,4.6,-1.5,-0.5,<a href=https://npb.jp/bis/eng/teams/index_d.html>Chunichi</a>,CL
,Usami Shingo,32,3,1.0,0.0,0.0,0.0,,0.0,0.0,0.0,,,<a href=https://npb.jp/bis/eng/teams/index_d.html>Chunichi</a>,CL
,Nishida Akihisa,33,2,33.0,-0.3,-11.7,,-0.4,,0.0,0.5,-0.3,0.2,<a href=https://npb.jp/bis/eng/teams/index_s.html>Yakult</a>,CL
,Nishida Akihisa,33,3,4.0,0.0,0.0,0.0,,0.0,0.0,0.0,,,<a href=https://npb.jp/bis/eng/teams/index_s.html>Yakult</a>,CL
,Yasuda Hisanori,26,3,193.1,-2.0,-13.3,-1.7,,-0.2,-0.1,-2.2,,,<a href=https://npb.jp/bis/eng/teams/index_m.html>Lotte</a>,PL
,Yasuda Hisanori,26,5,215.0,3.6,21.5,1.5,,0.5,1.6,-0.8,,,<a href=https://npb.jp/bis/eng/teams/index_m.html>Lotte</a>,PL
,Haraguchi Fumihito,33,3,29.0,0.2,8.9,0.1,,0.0,0.1,-0.3,,,<a href=https://npb.jp/bis/eng/teams/index_t.html>Hanshin</a>,CL
,Haraguchi Fumihito,33,DH,9.0,,,,,,,-0.1,,,<a href=https://npb.jp/bis/eng/teams/index_t.html>Hanshin</a>,CL
,Yohkawa Naomasa,33,3,71.0,-1.8,-32.6,-1.2,,-0.1,-0.5,-0.8,,,<a href=https://npb.jp/bis/eng/teams/index_l.html>Seibu</a>,PL
,Franco Maikel,32,3,305.2,-0.6,-2.5,-1.8,,0.4,0.8,-3.4,,,<a href=https://npb.jp/bis/eng/teams/index_e.html>Rakuten</a>,PL
,Franco Maikel,32,DH,218.0,,,,,,,-2.6,,,<a href=https://npb.jp/bis/eng/teams/index_e.html>Rakuten</a>,PL
,Yamamura Takayoshi,22,3,223.1,-1.0,-5.8,-0.1,,0.0,-0.9,-2.5,,,<a href=https://npb.jp/bis/eng/teams/index_l.html>Seibu</a>,PL
,Yamamura Takayoshi,22,5,210.2,1.0,6.1,2.4,,-0.4,-1.0,-0.8,,,<a href=https://npb.jp/bis/eng/teams/index_l.html>Seibu</a>,PL
,Yamamura Takayoshi,22,9,51.0,-3.7,-93.4,-2.9,-0.7,,0.0,-0.2,,,<a href=https://npb.jp/bis/eng/teams/index_l.html>Seibu</a>,PL
,Yamamura Takayoshi,22,DH,9.0,,,,,,,-0.1,,,<a href=https://npb.jp/bis/eng/teams/index_l.html>Seibu</a>,PL
,Higuchi Seishu,26,4,1.0,0.0,0.0,0.0,,0.0,0.0,0.0,,,<a href=https://npb.jp/bis/eng/teams/index_d.html>Chunichi</a>,CL
,Inoue Tomoya,22,3,21.0,-0.3,-18.4,-0.3,,-0.1,0.1,-0.2,,,<a href=https://npb.jp/bis/eng/teams/index_h.html>SoftBank</a>,PL
,Inoue Tomoya,22,DH,5.0,,,,,,,-0.1,,,<a href=https://npb.jp/bis/eng/teams/index_h.html>SoftBank</a>,PL
,Ishizuka Soichiro,24,3,63.0,0.5,10.2,1.1,,0.0,-0.6,-0.7,,,<a href=https://npb.jp/bis/eng/teams/index_h.html>SoftBank</a>,PL
,Ishizuka Soichiro,24,DH,17.1,,,,,,,-0.2,,,<a href=https://npb.jp/bis/eng/teams/index_h.html>SoftBank</a>,PL
,Masaki Tomoya,25,3,36.0,0.2,7.2,0.1,,0.0,0.0,-0.4,,,<a href=https://npb.jp/bis/eng/teams/index_h.html>SoftBank</a>,PL
,Masaki Tomoya,25,7,136.0,-1.0,-9.5,-1.3,0.2,,0.1,-1.3,,,<a href=https://npb.jp/bis/eng/teams/index_h.html>SoftBank</a>,PL
,Masaki Tomoya,25,9,373.1,5.9,20.3,4.9,1.6,,-0.6,-1.5,,,<a href=https://npb.jp/bis/eng/teams/index_h.html>SoftBank</a>,PL
,Masaki Tomoya,25,DH,30.0,,,,,,,-0.4,,,<a href=https://npb.jp/bis/eng/teams/index_h.html>SoftBank</a>,PL
,Nakada Yuto,19,3,9.0,0.2,28.6,0.2,,0.0,0.0,-0.1,,,<a href=https://npb.jp/bis/eng/teams/index_c.html>Hiroshima</a>,CL
,Irie Daiki,23,5,20.1,-0.3,-19.0,0.2,,0.0,-0.5,-0.1,,,<a href=https://npb.jp/bis/eng/teams/index_e.html>Rakuten</a>,PL
,Irie Daiki,23,6,17.0,0.3,22.7,0.2,,0.0,0.1,0.1,,,<a href=https://npb.jp/bis/eng/teams/index_e.html>Rakuten</a>,PL
,Kondoh Kensuke,31,7,733.1,17.9,31.4,11.4,5.9,,0.6,-7.0,,,<a href=https://npb.jp/bis/eng/teams/index_h.html>SoftBank</a>,PL
,Kondoh Kensuke,31,DH,375.2,,,,,,,-4.5,,,<a href=https://npb.jp/bis/eng/teams/index_h.html>SoftBank</a>,PL
,Okajima Takero,35,7,171.1,-6.0,-45.1,-4.7,-1.5,,0.1,-1.6,,,<a href=https://npb.jp/bis/eng/teams/index_e.html>Rakuten</a>,PL
,Ishihara Tomoki,27,2,296.2,2.4,10.4,,2.0,,0.4,4.2,0.5,0.6,<a href=https://npb.jp/bis/eng/teams/index_c.html>Hiroshima</a>,CL
,Ishihara Tomoki,27,DH,11.0,,,,,,,-0.1,,,<a href=https://npb.jp/bis/eng/teams/index_c.html>Hiroshima</a>,CL
,Kinoshita Takuya,33,2,489.1,-2.6,-6.8,,-2.9,,0.3,7.0,-1.3,-0.6,<a href=https://npb.jp/bis/eng/teams/index_d.html>Chunichi</a>,CL
,Sumitani Ginjiro,37,2,300.1,-1.3,-5.6,,-1.0,,-0.3,4.3,-4.8,-0.1,<a href=https://npb.jp/bis/eng/teams/index_l.html>Seibu</a>,PL
,Viciedo Dayan,36,3,95.0,0.1,1.4,-0.1,,-0.1,0.3,-1.1,,,<a href=https://npb.jp/bis/eng/teams/index_d.html>Chunichi</a>,CL
,Watanabe Yoshiaki,28,3,124.0,0.6,6.2,0.1,,0.0,0.4,-1.4,,,<a href=https://npb.jp/bis/eng/teams/index_e.html>Rakuten</a>,PL
,Watanabe Yoshiaki,28,7,190.0,-8.3,-56.2,-7.6,-0.8,,0.1,-1.8,,,<a href=https://npb.jp/bis/eng/teams/index_e.html>Rakuten</a>,PL
,Shimizu Yushi,29,2,29.0,0.9,39.9,,0.8,,0.0,0.4,-0.9,0.1,<a href=https://npb.jp/bis/eng/teams/index_f.html>Nipponham</a>,PL
,Akihiro Yuto,22,3,33.0,0.1,3.9,0.7,,-0.1,-0.6,-0.4,,,<a href=https://npb.jp/bis/eng/teams/index_g.html>Yomiuri</a>,CL
,Akihiro Yuto,22,7,39.0,-3.9,-128.7,-2.5,-1.4,,0.0,-0.4,,,<a href=https://npb.jp/bis/eng/teams/index_g.html>Yomiuri</a>,CL
,Sasagawa Yoshiyasu,23,7,7.0,0.0,0.0,0.0,0.0,,0.0,-0.1,,,<a href=https://npb.jp/bis/eng/teams/index_h.html>SoftBank</a>,PL
,Sasagawa Yoshiyasu,23,8,11.0,-1.1,-128.7,-1.2,0.1,,0.0,0.0,,,<a href=https://npb.jp/bis/eng/teams/index_h.html>SoftBank</a>,PL
,Sasagawa Yoshiyasu,23,9,40.0,1.4,45.0,1.6,-0.3,,0.0,-0.2,,,<a href=https://npb.jp/bis/eng/teams/index_h.html>SoftBank</a>,PL
,Shinto Yuya,23,2,7.2,0.0,0.0,,0.0,,0.0,0.1,2.0,-0.1,<a href=https://npb.jp/bis/eng/teams/index_f.html>Nipponham</a>,PL
,Kurokawa Fumiya,24,3,3.0,0.0,0.0,0.0,,0.0,0.0,0.0,,,<a href=https://npb.jp/bis/eng/teams/index_e.html>Rakuten</a>,PL
,Kurokawa Fumiya,24,4,99.0,-1.1,-14.3,-0.8,,-0.1,-0.3,0.3,,,<a href=https://npb.jp/bis/eng/teams/index_e.html>Rakuten</a>,PL
,Kurokawa Fumiya,24,5,29.0,-0.9,-39.9,-0.4,,0.0,-0.5,-0.1,,,<a href=https://npb.jp/bis/eng/teams/index_e.html>Rakuten</a>,PL
,Komori Kohtaro,22,4,2.0,0.2,128.7,0.2,,0.0,0.0,0.0,,,<a href=https://npb.jp/bis/eng/teams/index_s.html>Yakult</a>,CL
,Komori Kohtaro,22,5,9.0,-1.1,-157.3,-0.4,,0.0,-0.7,0.0,,,<a href=https://npb.jp/bis/eng/teams/index_s.html>Yakult</a>,CL
,Yasuda Yuma,25,2,78.1,-0.1,-1.6,,-0.2,,0.1,1.1,0.8,-0.2,<a href=https://npb.jp/bis/eng/teams/index_e.html>Rakuten</a>,PL
,Yasuda Yuma,25,3,5.0,0.2,51.5,0.2,,0.0,0.0,-0.1,,,<a href=https://npb.jp/bis/eng/teams/index_e.html>Rakuten</a>,PL
,Yasuda Yuma,25,DH,179.2,,,,,,,-2.1,,,<a href=https://npb.jp/bis/eng/teams/index_e.html>Rakuten</a>,PL
,Azuma Junpei,23,7,1.0,0.3,386.1,0.3,0.0,,0.0,0.0,,,<a href=https://npb.jp/bis/eng/teams/index_db.html>DeNA</a>,CL
,Itoh Ryui,22,4,9.0,0.3,42.9,0.0,,0.2,0.0,0.0,,,<a href=https://npb.jp/bis/eng/teams/index_s.html>Yakult</a>,CL
,Itoh Ryui,22,5,1.0,0.4,514.8,0.4,,-0.1,0.1,0.0,,,<a href=https://npb.jp/bis/eng/teams/index_s.html>Yakult</a>,CL
,Matsuo Shion,20,2,40.0,0.2,6.4,,0.1,,0.1,0.6,0.1,0.1,<a href=https://npb.jp/bis/eng/teams/index_db.html>DeNA</a>,CL
,Reynolds Matt,34,5,14.0,-0.4,-36.8,-0.5,,0.0,0.1,-0.1,,,<a href=https://npb.jp/bis/eng/teams/index_c.html>Hiroshima</a>,CL
,Walker Adam,33,7,4.0,-0.3,-96.5,-0.3,0.0,,0.0,0.0,,,<a href=https://npb.jp/bis/eng/teams/index_h.html>SoftBank</a>,PL
,Walker Adam,33,DH,131.0,,,,,,,-1.6,,,<a href=https://npb.jp/bis/eng/teams/index_h.html>SoftBank</a>,PL
,Kusumoto Taishi,29,7,36.0,0.2,7.2,0.5,-0.3,,0.0,-0.3,,,<a href=https://npb.jp/bis/eng/teams/index_db.html>DeNA</a>,CL
,Kusumoto Taishi,29,9,1.0,0.0,0.0,0.0,0.0,,0.0,0.0,,,<a href=https://npb.jp/bis/eng/teams/index_db.html>DeNA</a>,CL
,Nakamura Kento,28,3,32.0,-0.3,-12.1,-0.3,,0.0,0.0,-0.4,,,<a href=https://npb.jp/bis/eng/teams/index_c.html>Hiroshima</a>,CL
,Nakamura Kento,28,7,19.0,2.1,142.2,2.2,-0.2,,0.0,-0.2,,,<a href=https://npb.jp/bis/eng/teams/index_c.html>Hiroshima</a>,CL
,Murata Reon,23,3,12.1,-0.8,-83.7,-0.8,,0.0,0.0,-0.1,,,<a href=https://npb.jp/bis/eng/teams/index_l.html>Seibu</a>,PL
,Murata Reon,23,DH,17.0,,,,,,,-0.2,,,<a href=https://npb.jp/bis/eng/teams/index_l.html>Seibu</a>,PL
,Hayashi Kota,24,3,126.0,0.6,6.1,0.1,,0.1,0.4,-1.4,,,<a href=https://npb.jp/bis/eng/teams/index_c.html>Hiroshima</a>,CL
,Itoh Hikaru,36,2,180.2,-1.8,-12.8,,-1.8,,0.0,2.6,3.6,0.3,<a href=https://npb.jp/bis/eng/teams/index_db.html>DeNA</a>,CL
,Mieses Johan,29,7,6.0,-0.3,-64.4,-0.3,0.0,,0.0,-0.1,,,<a href=https://npb.jp/bis/eng/teams/index_t.html>Hanshin</a>,CL
,Mieses Johan,29,DH,14.0,,,,,,,-0.2,,,<a href=https://npb.jp/bis/eng/teams/index_t.html>Hanshin</a>,CL
,Thomas Cody,30,9,12.0,-0.2,-21.4,0.0,-0.2,,0.0,0.0,,,<a href=https://npb.jp/bis/eng/teams/index_b.html>ORIX</a>,PL
,Thomas Cody,30,DH,17.0,,,,,,,-0.2,,,<a href=https://npb.jp/bis/eng/teams/index_b.html>ORIX</a>,PL
,Gen Kendai,23,8,7.0,0.0,0.0,0.0,0.0,,0.0,0.0,,,<a href=https://npb.jp/bis/eng/teams/index_b.html>ORIX</a>,PL
,Gen Kendai,23,9,21.0,0.9,55.2,1.1,-0.2,,0.0,-0.1,,,<a href=https://npb.jp/bis/eng/teams/index_b.html>ORIX</a>,PL
,Sawai Ren,25,9,52.2,0.1,2.4,0.6,-0.5,,0.0,-0.2,,,<a href=https://npb.jp/bis/eng/teams/index_s.html>Yakult</a>,CL
,Watanabe Kento,26,3,72.0,-0.4,-7.2,-0.5,,-0.1,0.3,-0.8,,,<a href=https://npb.jp/bis/eng/teams/index_l.html>Seibu</a>,PL
,Watanabe Kento,26,5,7.0,1.1,202.2,0.8,,0.1,0.2,0.0,,,<a href=https://npb.jp/bis/eng/teams/index_l.html>Seibu</a>,PL
,Tsujimoto Rintaro,23,4,27.0,-0.5,-23.8,0.4,,-0.3,-0.6,0.1,,,<a href=https://npb.jp/bis/eng/teams/index_d.html>Chunichi</a>,CL
,Tsujimoto Rintaro,23,6,2.0,-0.1,-64.4,0.0,,-0.1,0.0,0.0,,,<a href=https://npb.jp/bis/eng/teams/index_d.html>Chunichi</a>,CL
,Naito Ho,20,3,9.0,-0.5,-71.5,-0.5,,0.0,0.0,-0.1,,,<a href=https://npb.jp/bis/eng/teams/index_b.html>ORIX</a>,PL
,Naito Ho,20,DH,37.0,,,,,,,-0.4,,,<a href=https://npb.jp/bis/eng/teams/index_b.html>ORIX</a>,PL
,Tanigawara Kenta,28,2,23.0,0.0,0.0,,0.0,,0.0,0.3,0.4,0.1,<a href=https://npb.jp/bis/eng/teams/index_h.html>SoftBank</a>,PL
,Sakamoto Seishiro,31,2,527.0,-0.3,-0.7,,-1.2,,0.9,7.5,3.3,0.0,<a href=https://npb.jp/bis/eng/teams/index_t.html>Hanshin</a>,CL
,Okada Takahiro,37,3,13.0,0.4,39.6,0.3,,0.0,0.1,-0.1,,,<a href=https://npb.jp/bis/eng/teams/index_b.html>ORIX</a>,PL
,Kobayashi Seiji,36,2,300.2,-1.2,-5.1,,-0.5,,-0.6,4.3,1.7,0.3,<a href=https://npb.jp/bis/eng/teams/index_g.html>Yomiuri</a>,CL
,Nagasaka Kenya,31,2,7.0,0.0,0.0,,0.0,,0.0,0.1,-0.5,0.0,<a href=https://npb.jp/bis/eng/teams/index_t.html>Hanshin</a>,CL
,Yamase Shinnosuke,24,2,12.1,-0.2,-20.9,,-0.2,,0.0,0.2,1.2,0.1,<a href=https://npb.jp/bis/eng/teams/index_g.html>Yomiuri</a>,CL
,Minei Hiroki,34,2,8.0,0.0,0.0,,0.0,,0.0,0.1,0.5,0.1,<a href=https://npb.jp/bis/eng/teams/index_h.html>SoftBank</a>,PL
,Sato Keisuke,24,3,27.0,1.1,52.4,0.9,,0.0,0.1,-0.3,,,<a href=https://npb.jp/bis/eng/teams/index_c.html>Hiroshima</a>,CL
,Sato Keisuke,24,DH,8.0,,,,,,,-0.1,,,<a href=https://npb.jp/bis/eng/teams/index_c.html>Hiroshima</a>,CL
,Makino Shoya,24,2,39.0,0.4,13.2,,0.6,,-0.2,0.6,-0.1,-0.8,<a href=https://npb.jp/bis/eng/teams/index_l.html>Seibu</a>,PL
,Makino Shoya,24,DH,8.0,,,,,,,-0.1,,,<a href=https://npb.jp/bis/eng/teams/index_l.html>Seibu</a>,PL
,Fukuda Koki,27,4,33.0,0.4,15.6,0.8,,-0.6,0.1,0.1,,,<a href=https://npb.jp/bis/eng/teams/index_f.html>Nipponham</a>,PL
,Ishibashi Kota,24,2,61.1,-2.0,-42.0,,-2.1,,0.1,0.9,1.2,0.0,<a href=https://npb.jp/bis/eng/teams/index_d.html>Chunichi</a>,CL
,Rodriguez Christian,23,6,154.1,0.9,7.5,0.1,,1.3,-0.5,1.3,,,<a href=https://npb.jp/bis/eng/teams/index_d.html>Chunichi</a>,CL
,Okada Yuki,25,7,17.0,-1.7,-128.7,-1.4,-0.3,,0.0,-0.2,,,<a href=https://npb.jp/bis/eng/teams/index_g.html>Yomiuri</a>,CL
,Scheiner Jake,29,3,59.0,-2.9,-63.3,-3.0,,-0.1,0.2,-0.7,,,<a href=https://npb.jp/bis/eng/teams/index_c.html>Hiroshima</a>,CL
,Takagi Wataru,25,DH,18.0,,,,,,,-0.2,,,<a href=https://npb.jp/bis/eng/teams/index_l.html>Seibu</a>,PL
,Miya Taisei,22,2,2.0,0.0,0.0,,0.0,,0.0,0.0,0.0,0.0,<a href=https://npb.jp/bis/eng/teams/index_d.html>Chunichi</a>,CL
,Matsukawa Kou,21,2,9.0,-0.2,-28.6,,-0.2,,0.0,0.1,-0.5,-0.1,<a href=https://npb.jp/bis/eng/teams/index_m.html>Lotte</a>,PL
,Ukai Kosuke,26,7,49.0,-2.6,-68.3,-1.6,-1.1,,0.0,-0.5,,,<a href=https://npb.jp/bis/eng/teams/index_d.html>Chunichi</a>,CL
,Nirasawa Yuya,24,3,20.1,-0.1,-6.3,-0.2,,0.0,0.1,-0.2,,,<a href=https://npb.jp/bis/eng/teams/index_c.html>Hiroshima</a>,CL
,Nirasawa Yuya,24,4,8.0,0.0,0.0,0.1,,-0.1,0.0,0.0,,,<a href=https://npb.jp/bis/eng/teams/index_c.html>Hiroshima</a>,CL
,Furukawa Yudai,27,3,9.0,0.0,0.0,-0.1,,0.0,0.0,-0.1,,,<a href=https://npb.jp/bis/eng/teams/index_f.html>Nipponham</a>,PL
,Uchida Shodai,20,5,9.0,-0.1,-14.3,-0.1,,0.0,0.0,0.0,,,<a href=https://npb.jp/bis/eng/teams/index_c.html>Hiroshima</a>,CL
,Hashimoto Seiya,24,2,1.0,-0.2,-257.4,,-0.2,,0.0,0.0,-0.1,0.0,<a href=https://npb.jp/bis/eng/teams/index_s.html>Yakult</a>,CL
,Ohta Hikaru,28,2,698.0,1.0,1.8,,0.1,,0.9,10.0,-4.4,0.4,<a href=https://npb.jp/bis/eng/teams/index_e.html>Rakuten</a>,PL
,Ishihara Tsuyoshi,26,2,452.1,-4.7,-13.4,,-4.6,,-0.1,6.5,-7.9,-0.7,<a href=https://npb.jp/bis/eng/teams/index_e.html>Rakuten</a>,PL
,Yokoyama Seiya,19,5,73.0,-2.4,-42.3,-0.6,,-0.3,-1.5,-0.3,,,<a href=https://npb.jp/bis/eng/teams/index_b.html>ORIX</a>,PL
,Yokoyama Seiya,19,6,8.0,0.2,32.2,0.2,,-0.1,0.1,0.1,,,<a href=https://npb.jp/bis/eng/teams/index_b.html>ORIX</a>,PL
,Suzuki Kyo,19,2,9.0,0.0,0.0,,0.0,,0.0,0.1,-0.3,0.0,<a href=https://npb.jp/bis/eng/teams/index_s.html>Yakult</a>,CL
,Yamaasa Ryunosuke,21,2,6.0,0.0,0.0,,0.0,,0.0,0.1,0.0,0.0,<a href=https://npb.jp/bis/eng/teams/index_d.html>Chunichi</a>,CL
,Horiuchi Kengo,28,2,15.0,-0.3,-25.7,,-0.3,,0.0,0.2,0.7,0.0,<a href=https://npb.jp/bis/eng/teams/index_e.html>Rakuten</a>,PL
,Umebayashi Yuki,27,2,11.0,-0.3,-35.1,,-0.3,,0.0,0.2,0.0,0.0,<a href=https://npb.jp/bis/eng/teams/index_f.html>Nipponham</a>,PL
,Kawabata Shingo,37,3,1.0,0.0,0.0,0.0,,0.0,0.0,0.0,,,<a href=https://npb.jp/bis/eng/teams/index_s.html>Yakult</a>,CL
,Masuda Riku,25,3,8.0,0.0,0.0,-0.1,,0.0,0.0,-0.1,,,<a href=https://npb.jp/bis/eng/teams/index_g.html>Yomiuri</a>,CL
,Sakaeda Yuki,27,2,1.0,0.0,0.0,,0.0,,0.0,0.0,-0.1,0.0,<a href=https://npb.jp/bis/eng/teams/index_t.html>Hanshin</a>,CL
