Rank,Player,Age,Pos,Inn,TZR,TZR/143,RngR,ARM,DPR,ErrR,Pos Adj,Framing,Blocking,Team,League
,nan,24,7.0,57.0,1.2,27.1,1.3,-0.2,,0.1,-0.5,,,<a href=https://npb.jp/bis/eng/teams/index_g.html>Yomiuri</a>,CL
,nan,24,8.0,126.0,-0.5,-5.1,-0.2,-0.3,,0.0,0.4,,,<a href=https://npb.jp/bis/eng/teams/index_g.html>Yomiuri</a>,CL
,nan,24,9.0,128.0,1.2,12.1,-1.6,2.8,,0.0,-0.5,,,<a href=https://npb.jp/bis/eng/teams/index_g.html>Yomiuri</a>,CL
,nan,29,8.0,1262.2,-6.8,-6.9,-3.9,-3.0,,0.1,4.2,,,<a href=https://npb.jp/bis/eng/teams/index_t.html>Hanshin</a>,CL
,nan,31,8.0,209.0,-1.5,-9.2,-2.3,0.8,,0.0,0.7,,,<a href=https://npb.jp/bis/eng/teams/index_s.html>Yakult</a>,CL
,nan,26,7.0,22.0,0.6,35.1,0.8,-0.2,,0.0,-0.2,,,<a href=https://npb.jp/bis/eng/teams/index_d.html>Chunichi</a>,CL
,nan,26,8.0,161.0,0.9,7.2,1.3,-0.4,,0.0,0.5,,,<a href=https://npb.jp/bis/eng/teams/index_d.html>Chunichi</a>,CL
,nan,21,9.0,505.1,-3.9,-9.9,-0.9,-3.3,,0.2,-2.0,,,<a href=https://npb.jp/bis/eng/teams/index_db.html>DeNA</a>,CL
,nan,34,4.0,1122.0,1.9,2.2,1.1,,0.0,0.8,3.0,,,<a href=https://npb.jp/bis/eng/teams/index_c.html>Hiroshima</a>,CL
,nan,30,3.0,73.1,-0.8,-14.0,-1.1,,0.0,0.2,-0.8,,,<a href=https://npb.jp/bis/eng/teams/index_e.html>Rakuten</a>,PL
,nan,30,4.0,24.0,-0.2,-10.7,-0.9,,0.6,0.1,0.1,,,<a href=https://npb.jp/bis/eng/teams/index_e.html>Rakuten</a>,PL
,nan,30,,22.0,,,,,,,-0.3,,,<a href=https://npb.jp/bis/eng/teams/index_e.html>Rakuten</a>,PL
,nan,34,7.0,160.2,0.8,6.4,3.0,-2.4,,0.2,-1.5,,,<a href=https://npb.jp/bis/eng/teams/index_l.html>Seibu</a>,PL
,nan,34,8.0,20.0,-0.3,-19.3,0.0,-0.2,,0.0,0.1,,,<a href=https://npb.jp/bis/eng/teams/index_l.html>Seibu</a>,PL
,nan,34,9.0,104.1,-0.4,-4.9,0.2,-0.6,,0.1,-0.4,,,<a href=https://npb.jp/bis/eng/teams/index_l.html>Seibu</a>,PL
,nan,30,4.0,669.2,-5.6,-10.8,-4.7,,-1.4,0.5,1.8,,,<a href=https://npb.jp/bis/eng/teams/index_m.html>Lotte</a>,PL
,nan,30,7.0,15.2,1.0,82.0,1.1,-0.2,,0.0,-0.1,,,<a href=https://npb.jp/bis/eng/teams/index_f.html>Nipponham</a>,PL
,nan,30,8.0,997.1,12.9,16.6,13.1,-0.3,,0.1,3.3,,,<a href=https://npb.jp/bis/eng/teams/index_f.html>Nipponham</a>,PL
,nan,30,,22.0,,,,,,,-0.3,,,<a href=https://npb.jp/bis/eng/teams/index_f.html>Nipponham</a>,PL
,nan,29,7.0,1113.1,-4.0,-4.6,-1.9,-2.1,,0.0,-10.6,,,<a href=https://npb.jp/bis/eng/teams/index_b.html>ORIX</a>,PL
,nan,29,,35.0,,,,,,,-0.4,,,<a href=https://npb.jp/bis/eng/teams/index_b.html>ORIX</a>,PL
,nan,28,8.0,956.1,14.1,19.0,10.2,3.8,,0.1,3.2,,,<a href=https://npb.jp/bis/eng/teams/index_h.html>SoftBank</a>,PL
,nan,38,7.0,113.0,-0.7,-8.0,-0.8,0.0,,0.1,-1.1,,,<a href=https://npb.jp/bis/eng/teams/index_d.html>Chunichi</a>,CL
,nan,38,8.0,14.0,0.6,55.2,0.7,-0.1,,0.0,0.0,,,<a href=https://npb.jp/bis/eng/teams/index_d.html>Chunichi</a>,CL
,nan,38,,2.0,,,,,,,0.0,,,<a href=https://npb.jp/bis/eng/teams/index_d.html>Chunichi</a>,CL
,nan,23,7.0,25.0,-1.7,-87.5,-2.0,0.3,,0.0,-0.2,,,<a href=https://npb.jp/bis/eng/teams/index_d.html>Chunichi</a>,CL
,nan,23,8.0,34.1,2.3,86.3,2.3,0.0,,0.0,0.1,,,<a href=https://npb.jp/bis/eng/teams/index_d.html>Chunichi</a>,CL
,nan,23,9.0,12.0,0.1,10.7,0.0,0.1,,0.0,0.0,,,<a href=https://npb.jp/bis/eng/teams/index_d.html>Chunichi</a>,CL
,nan,23,,2.0,,,,,,,0.0,,,<a href=https://npb.jp/bis/eng/teams/index_d.html>Chunichi</a>,CL
,nan,31,8.0,136.0,-1.8,-17.0,-3.3,1.5,,0.0,0.5,,,<a href=https://npb.jp/bis/eng/teams/index_c.html>Hiroshima</a>,CL
,nan,31,9.0,758.1,-6.3,-10.7,-5.6,-1.0,,0.3,-3.0,,,<a href=https://npb.jp/bis/eng/teams/index_c.html>Hiroshima</a>,CL
,nan,28,4.0,1133.2,-3.3,-3.7,-8.1,,2.3,2.4,3.0,,,<a href=https://npb.jp/bis/eng/teams/index_e.html>Rakuten</a>,PL
,nan,28,6.0,11.0,0.1,11.7,0.1,,0.0,0.0,0.1,,,<a href=https://npb.jp/bis/eng/teams/index_e.html>Rakuten</a>,PL
,nan,27,7.0,280.2,1.9,8.7,2.9,-1.2,,0.2,-2.7,,,<a href=https://npb.jp/bis/eng/teams/index_l.html>Seibu</a>,PL
,nan,27,8.0,232.2,-0.1,-0.6,-0.5,0.3,,0.0,0.8,,,<a href=https://npb.jp/bis/eng/teams/index_l.html>Seibu</a>,PL
,nan,27,9.0,200.0,0.9,5.8,1.6,-0.8,,0.1,-0.8,,,<a href=https://npb.jp/bis/eng/teams/index_l.html>Seibu</a>,PL
,nan,27,,1.0,,,,,,,0.0,,,<a href=https://npb.jp/bis/eng/teams/index_l.html>Seibu</a>,PL
,nan,38,7.0,302.0,8.3,35.4,6.4,2.5,,-0.6,-2.9,,,<a href=https://npb.jp/bis/eng/teams/index_m.html>Lotte</a>,PL
,nan,38,8.0,16.0,0.2,16.1,0.2,0.0,,0.0,0.1,,,<a href=https://npb.jp/bis/eng/teams/index_m.html>Lotte</a>,PL
,nan,38,9.0,83.0,0.9,14.0,1.6,-0.7,,0.0,-0.3,,,<a href=https://npb.jp/bis/eng/teams/index_m.html>Lotte</a>,PL
,nan,38,,8.0,,,,,,,-0.1,,,<a href=https://npb.jp/bis/eng/teams/index_m.html>Lotte</a>,PL
,nan,25,7.0,43.0,1.3,38.9,1.3,0.0,,0.0,-0.4,,,<a href=https://npb.jp/bis/eng/teams/index_m.html>Lotte</a>,PL
,nan,25,8.0,149.0,6.4,55.3,6.7,-0.4,,0.0,0.5,,,<a href=https://npb.jp/bis/eng/teams/index_m.html>Lotte</a>,PL
,nan,25,9.0,30.0,1.0,42.9,0.7,0.3,,0.0,-0.1,,,<a href=https://npb.jp/bis/eng/teams/index_m.html>Lotte</a>,PL
,nan,25,,8.0,,,,,,,-0.1,,,<a href=https://npb.jp/bis/eng/teams/index_m.html>Lotte</a>,PL
,nan,31,7.0,20.0,1.5,96.5,1.3,0.1,,0.0,-0.2,,,<a href=https://npb.jp/bis/eng/teams/index_b.html>ORIX</a>,PL
,nan,31,8.0,498.1,-3.4,-8.8,-2.7,-0.8,,0.1,1.7,,,<a href=https://npb.jp/bis/eng/teams/index_b.html>ORIX</a>,PL
,nan,31,9.0,9.0,-0.4,-57.2,-0.1,-0.3,,0.0,0.0,,,<a href=https://npb.jp/bis/eng/teams/index_b.html>ORIX</a>,PL
,nan,19,8.0,26.1,-0.7,-34.3,-0.5,-0.1,,0.0,0.1,,,<a href=https://npb.jp/bis/eng/teams/index_g.html>Yomiuri</a>,CL
,nan,19,9.0,292.2,-7.5,-33.0,-6.3,-1.4,,0.1,-1.2,,,<a href=https://npb.jp/bis/eng/teams/index_g.html>Yomiuri</a>,CL
,nan,32,3.0,170.2,2.0,15.1,2.3,,-0.1,-0.2,-1.9,,,<a href=https://npb.jp/bis/eng/teams/index_d.html>Chunichi</a>,CL
,nan,32,5.0,125.0,0.4,4.1,2.2,,-0.2,-1.7,-0.5,,,<a href=https://npb.jp/bis/eng/teams/index_d.html>Chunichi</a>,CL
,nan,32,7.0,268.0,6.1,29.3,5.2,0.6,,0.2,-2.5,,,<a href=https://npb.jp/bis/eng/teams/index_d.html>Chunichi</a>,CL
,nan,32,8.0,207.2,-6.9,-42.8,-5.3,-0.8,,-0.8,0.7,,,<a href=https://npb.jp/bis/eng/teams/index_d.html>Chunichi</a>,CL
,nan,32,,4.0,,,,,,,0.0,,,<a href=https://npb.jp/bis/eng/teams/index_d.html>Chunichi</a>,CL
,nan,23,8.0,51.1,-4.4,-110.4,-4.3,-0.1,,0.0,0.2,,,<a href=https://npb.jp/bis/eng/teams/index_c.html>Hiroshima</a>,CL
,nan,23,9.0,4.0,0.0,0.0,0.0,0.0,,0.0,0.0,,,<a href=https://npb.jp/bis/eng/teams/index_c.html>Hiroshima</a>,CL
,nan,30,7.0,91.0,1.3,18.4,1.3,-0.1,,0.1,-0.9,,,<a href=https://npb.jp/bis/eng/teams/index_f.html>Nipponham</a>,PL
,nan,30,,29.0,,,,,,,-0.3,,,<a href=https://npb.jp/bis/eng/teams/index_f.html>Nipponham</a>,PL
,nan,31,7.0,23.0,0.8,44.8,0.2,0.6,,0.0,-0.2,,,<a href=https://npb.jp/bis/eng/teams/index_f.html>Nipponham</a>,PL
,nan,31,8.0,19.1,0.2,13.3,0.3,-0.2,,0.0,0.1,,,<a href=https://npb.jp/bis/eng/teams/index_f.html>Nipponham</a>,PL
,nan,31,9.0,2.0,0.0,0.0,0.0,0.0,,0.0,0.0,,,<a href=https://npb.jp/bis/eng/teams/index_f.html>Nipponham</a>,PL
,nan,23,3.0,339.0,1.9,7.2,2.0,,-0.3,0.3,-3.8,,,<a href=https://npb.jp/bis/eng/teams/index_b.html>ORIX</a>,PL
,nan,23,4.0,409.2,-9.7,-30.5,-9.1,,-0.2,-0.5,1.1,,,<a href=https://npb.jp/bis/eng/teams/index_b.html>ORIX</a>,PL
,nan,23,5.0,19.0,0.4,27.1,0.2,,0.0,0.2,-0.1,,,<a href=https://npb.jp/bis/eng/teams/index_b.html>ORIX</a>,PL
,nan,33,4.0,312.0,0.5,2.1,0.2,,0.2,0.0,0.8,,,<a href=https://npb.jp/bis/eng/teams/index_b.html>ORIX</a>,PL
,nan,33,5.0,300.0,1.8,7.7,0.8,,-0.1,1.1,-1.1,,,<a href=https://npb.jp/bis/eng/teams/index_b.html>ORIX</a>,PL
,nan,33,,9.0,,,,,,,-0.1,,,<a href=https://npb.jp/bis/eng/teams/index_b.html>ORIX</a>,PL
,nan,23,7.0,94.0,-0.8,-11.0,-0.9,0.1,,0.1,-0.9,,,<a href=https://npb.jp/bis/eng/teams/index_g.html>Yomiuri</a>,CL
,nan,23,8.0,109.0,0.3,3.5,0.8,-0.4,,0.0,0.4,,,<a href=https://npb.jp/bis/eng/teams/index_g.html>Yomiuri</a>,CL
,nan,23,9.0,116.2,2.1,23.2,1.8,0.3,,0.0,-0.5,,,<a href=https://npb.jp/bis/eng/teams/index_g.html>Yomiuri</a>,CL
,nan,29,7.0,17.0,1.7,128.7,1.7,0.0,,0.0,-0.2,,,<a href=https://npb.jp/bis/eng/teams/index_g.html>Yomiuri</a>,CL
,nan,29,9.0,17.1,0.6,44.6,0.7,-0.1,,0.0,-0.1,,,<a href=https://npb.jp/bis/eng/teams/index_g.html>Yomiuri</a>,CL
,nan,23,6.0,878.2,2.1,3.1,4.1,,1.5,-3.5,7.2,,,<a href=https://npb.jp/bis/eng/teams/index_f.html>Nipponham</a>,PL
,nan,32,6.0,1071.2,11.7,14.1,9.4,,-0.1,2.4,8.7,,,<a href=https://npb.jp/bis/eng/teams/index_h.html>SoftBank</a>,PL
,nan,32,7.0,152.0,-5.3,-44.9,-6.3,0.8,,0.1,-1.4,,,<a href=https://npb.jp/bis/eng/teams/index_m.html>Lotte</a>,PL
,nan,32,8.0,325.1,-5.2,-20.6,-4.6,-0.7,,0.0,1.1,,,<a href=https://npb.jp/bis/eng/teams/index_m.html>Lotte</a>,PL
,nan,32,9.0,324.1,-2.5,-9.9,-3.4,0.8,,0.1,-1.3,,,<a href=https://npb.jp/bis/eng/teams/index_m.html>Lotte</a>,PL
,nan,27,7.0,63.2,1.7,34.3,1.5,0.1,,0.1,-0.6,,,<a href=https://npb.jp/bis/eng/teams/index_m.html>Lotte</a>,PL
,nan,27,8.0,41.0,-3.1,-97.3,-2.8,-0.4,,0.0,0.1,,,<a href=https://npb.jp/bis/eng/teams/index_m.html>Lotte</a>,PL
,nan,27,9.0,80.2,2.9,46.2,2.3,0.5,,0.0,-0.3,,,<a href=https://npb.jp/bis/eng/teams/index_m.html>Lotte</a>,PL
,nan,27,,4.0,,,,,,,0.0,,,<a href=https://npb.jp/bis/eng/teams/index_m.html>Lotte</a>,PL
,nan,34,3.0,237.2,0.8,4.3,1.5,,0.2,-0.9,-2.7,,,<a href=https://npb.jp/bis/eng/teams/index_h.html>SoftBank</a>,PL
,nan,34,7.0,15.0,-0.6,-51.5,-0.6,0.0,,0.0,-0.1,,,<a href=https://npb.jp/bis/eng/teams/index_h.html>SoftBank</a>,PL
,nan,34,9.0,13.0,-2.1,-207.9,-1.8,-0.3,,0.0,-0.1,,,<a href=https://npb.jp/bis/eng/teams/index_h.html>SoftBank</a>,PL
,nan,34,,52.0,,,,,,,-0.6,,,<a href=https://npb.jp/bis/eng/teams/index_h.html>SoftBank</a>,PL
,nan,26,7.0,23.0,1.2,67.1,1.3,-0.1,,0.0,-0.2,,,<a href=https://npb.jp/bis/eng/teams/index_s.html>Yakult</a>,CL
,nan,26,8.0,310.2,-1.5,-6.2,0.0,-1.6,,0.0,1.0,,,<a href=https://npb.jp/bis/eng/teams/index_s.html>Yakult</a>,CL
,nan,26,9.0,10.0,-0.2,-25.7,-0.3,0.1,,0.0,0.0,,,<a href=https://npb.jp/bis/eng/teams/index_s.html>Yakult</a>,CL
,nan,33,4.0,18.0,-0.3,-21.4,0.2,,0.1,-0.6,0.0,,,<a href=https://npb.jp/bis/eng/teams/index_c.html>Hiroshima</a>,CL
,nan,33,5.0,34.0,1.1,41.6,0.8,,0.0,0.3,-0.1,,,<a href=https://npb.jp/bis/eng/teams/index_c.html>Hiroshima</a>,CL
,nan,33,7.0,180.0,7.8,55.8,6.9,0.7,,0.2,-1.7,,,<a href=https://npb.jp/bis/eng/teams/index_c.html>Hiroshima</a>,CL
,nan,33,8.0,17.1,0.8,59.5,0.8,0.0,,0.0,0.1,,,<a href=https://npb.jp/bis/eng/teams/index_c.html>Hiroshima</a>,CL
,nan,33,9.0,17.2,0.1,7.3,-0.1,0.1,,0.0,-0.1,,,<a href=https://npb.jp/bis/eng/teams/index_c.html>Hiroshima</a>,CL
,nan,29,3.0,47.0,0.0,0.0,-0.4,,0.2,0.1,-0.5,,,<a href=https://npb.jp/bis/eng/teams/index_f.html>Nipponham</a>,PL
,nan,29,4.0,17.0,-0.8,-60.6,-0.8,,-0.2,0.1,0.0,,,<a href=https://npb.jp/bis/eng/teams/index_f.html>Nipponham</a>,PL
,nan,29,5.0,1.0,0.0,0.0,0.0,,0.0,0.0,0.0,,,<a href=https://npb.jp/bis/eng/teams/index_f.html>Nipponham</a>,PL
,nan,29,,35.0,,,,,,,-0.4,,,<a href=https://npb.jp/bis/eng/teams/index_f.html>Nipponham</a>,PL
,nan,31,6.0,1237.0,1.9,2.0,-1.3,,-0.3,3.6,10.1,,,<a href=https://npb.jp/bis/eng/teams/index_l.html>Seibu</a>,PL
,nan,34,3.0,110.1,1.0,11.7,0.6,,0.0,0.3,-1.2,,,<a href=https://npb.jp/bis/eng/teams/index_c.html>Hiroshima</a>,CL
,nan,34,5.0,89.1,2.3,33.1,2.0,,0.0,0.2,-0.3,,,<a href=https://npb.jp/bis/eng/teams/index_c.html>Hiroshima</a>,CL
,nan,23,,8.0,,,,,,,-0.1,,,<a href=https://npb.jp/bis/eng/teams/index_e.html>Rakuten</a>,PL
,nan,34,7.0,76.0,1.1,18.6,1.2,-0.2,,0.1,-0.7,,,<a href=https://npb.jp/bis/eng/teams/index_e.html>Rakuten</a>,PL
,nan,34,,240.2,,,,,,,-2.9,,,<a href=https://npb.jp/bis/eng/teams/index_e.html>Rakuten</a>,PL
,nan,29,4.0,1257.2,15.9,16.3,11.9,,-0.6,4.6,3.4,,,<a href=https://npb.jp/bis/eng/teams/index_g.html>Yomiuri</a>,CL
,nan,30,4.0,13.2,-1.3,-122.1,0.3,,-0.3,-1.4,0.0,,,<a href=https://npb.jp/bis/eng/teams/index_db.html>DeNA</a>,CL
,nan,30,5.0,140.1,-1.6,-14.7,-1.1,,0.1,-0.6,-0.5,,,<a href=https://npb.jp/bis/eng/teams/index_db.html>DeNA</a>,CL
,nan,30,6.0,2.0,0.5,321.8,0.4,,0.1,0.0,0.0,,,<a href=https://npb.jp/bis/eng/teams/index_db.html>DeNA</a>,CL
,nan,24,2.0,757.2,1.0,1.7,,2.1,,-1.1,10.8,-9.5,-0.8,<a href=https://npb.jp/bis/eng/teams/index_f.html>Nipponham</a>,PL
,nan,24,7.0,1.0,0.0,0.0,0.0,0.0,,0.0,0.0,,,<a href=https://npb.jp/bis/eng/teams/index_f.html>Nipponham</a>,PL
,nan,24,,36.0,,,,,,,-0.4,,,<a href=https://npb.jp/bis/eng/teams/index_f.html>Nipponham</a>,PL
,nan,24,3.0,6.1,0.4,81.7,0.4,,0.0,0.0,-0.1,,,<a href=https://npb.jp/bis/eng/teams/index_l.html>Seibu</a>,PL
,nan,24,4.0,1.0,0.2,257.4,0.2,,0.0,0.0,0.0,,,<a href=https://npb.jp/bis/eng/teams/index_l.html>Seibu</a>,PL
,nan,24,7.0,9.0,1.1,157.3,1.1,0.0,,0.0,-0.1,,,<a href=https://npb.jp/bis/eng/teams/index_l.html>Seibu</a>,PL
,nan,24,9.0,1.0,-0.3,-386.1,-0.1,-0.3,,0.0,0.0,,,<a href=https://npb.jp/bis/eng/teams/index_l.html>Seibu</a>,PL
,nan,24,,8.0,,,,,,,-0.1,,,<a href=https://npb.jp/bis/eng/teams/index_l.html>Seibu</a>,PL
,nan,22,3.0,15.0,-0.3,-25.7,-0.3,,0.0,0.0,-0.2,,,<a href=https://npb.jp/bis/eng/teams/index_f.html>Nipponham</a>,PL
,nan,22,4.0,58.0,-1.7,-37.7,-1.3,,0.0,-0.4,0.2,,,<a href=https://npb.jp/bis/eng/teams/index_f.html>Nipponham</a>,PL
,nan,22,5.0,16.1,-0.2,-15.8,-0.3,,0.0,0.2,-0.1,,,<a href=https://npb.jp/bis/eng/teams/index_f.html>Nipponham</a>,PL
,nan,22,6.0,7.0,0.0,0.0,0.1,,-0.1,0.0,0.1,,,<a href=https://npb.jp/bis/eng/teams/index_f.html>Nipponham</a>,PL
,nan,22,7.0,87.2,4.5,66.0,3.8,0.6,,0.1,-0.8,,,<a href=https://npb.jp/bis/eng/teams/index_f.html>Nipponham</a>,PL
,nan,22,9.0,10.1,0.5,62.5,0.5,0.0,,0.0,0.0,,,<a href=https://npb.jp/bis/eng/teams/index_f.html>Nipponham</a>,PL
,nan,27,9.0,1276.2,-2.7,-2.7,-5.0,2.5,,-0.2,-5.0,,,<a href=https://npb.jp/bis/eng/teams/index_e.html>Rakuten</a>,PL
,nan,31,7.0,46.0,1.2,33.6,1.6,-0.4,,0.0,-0.4,,,<a href=https://npb.jp/bis/eng/teams/index_g.html>Yomiuri</a>,CL
,nan,31,8.0,7.0,0.0,0.0,0.0,0.0,,0.0,0.0,,,<a href=https://npb.jp/bis/eng/teams/index_g.html>Yomiuri</a>,CL
,nan,31,9.0,5.0,0.0,0.0,0.0,0.0,,0.0,0.0,,,<a href=https://npb.jp/bis/eng/teams/index_g.html>Yomiuri</a>,CL
,nan,26,2.0,38.0,-1.0,-33.9,,-1.1,,0.1,0.5,0.4,-0.4,<a href=https://npb.jp/bis/eng/teams/index_f.html>Nipponham</a>,PL
,nan,26,3.0,69.0,0.8,14.9,0.4,,0.2,0.2,-0.8,,,<a href=https://npb.jp/bis/eng/teams/index_f.html>Nipponham</a>,PL
,nan,26,4.0,5.0,-0.5,-128.7,-0.5,,0.0,0.0,0.0,,,<a href=https://npb.jp/bis/eng/teams/index_f.html>Nipponham</a>,PL
,nan,26,5.0,790.1,-10.9,-17.8,-7.6,,-0.4,-2.9,-3.0,,,<a href=https://npb.jp/bis/eng/teams/index_f.html>Nipponham</a>,PL
,nan,26,7.0,58.1,-2.1,-46.4,-2.1,-0.1,,0.0,-0.6,,,<a href=https://npb.jp/bis/eng/teams/index_f.html>Nipponham</a>,PL
,nan,26,,8.0,,,,,,,-0.1,,,<a href=https://npb.jp/bis/eng/teams/index_f.html>Nipponham</a>,PL
,nan,24,7.0,13.0,-1.1,-108.9,-1.1,0.0,,0.0,-0.1,,,<a href=https://npb.jp/bis/eng/teams/index_b.html>ORIX</a>,PL
,nan,24,8.0,172.2,2.5,18.6,2.3,0.1,,0.0,0.6,,,<a href=https://npb.jp/bis/eng/teams/index_b.html>ORIX</a>,PL
,nan,24,9.0,54.0,2.3,54.8,2.3,0.0,,0.0,-0.2,,,<a href=https://npb.jp/bis/eng/teams/index_b.html>ORIX</a>,PL
,nan,29,7.0,124.0,-0.2,-2.1,-0.2,-0.1,,0.1,-1.2,,,<a href=https://npb.jp/bis/eng/teams/index_l.html>Seibu</a>,PL
,nan,29,,25.0,,,,,,,-0.3,,,<a href=https://npb.jp/bis/eng/teams/index_l.html>Seibu</a>,PL
,nan,30,6.0,963.0,-8.8,-11.8,-8.0,,-0.7,-0.2,7.8,,,<a href=https://npb.jp/bis/eng/teams/index_t.html>Hanshin</a>,CL
,nan,23,6.0,949.0,11.2,15.2,15.2,,-2.0,-2.0,7.7,,,<a href=https://npb.jp/bis/eng/teams/index_m.html>Lotte</a>,PL
,nan,31,4.0,1066.1,5.4,6.5,0.7,,0.4,4.4,2.9,,,<a href=https://npb.jp/bis/eng/teams/index_l.html>Seibu</a>,PL
,nan,31,,18.0,,,,,,,-0.2,,,<a href=https://npb.jp/bis/eng/teams/index_l.html>Seibu</a>,PL
,nan,32,7.0,101.2,3.6,45.6,3.2,0.4,,0.1,-1.0,,,<a href=https://npb.jp/bis/eng/teams/index_s.html>Yakult</a>,CL
,nan,32,8.0,446.1,-14.3,-41.2,-12.3,-2.1,,0.0,1.5,,,<a href=https://npb.jp/bis/eng/teams/index_s.html>Yakult</a>,CL
,nan,32,9.0,136.1,1.3,12.3,0.0,1.3,,0.0,-0.5,,,<a href=https://npb.jp/bis/eng/teams/index_s.html>Yakult</a>,CL
,nan,36,7.0,127.1,2.5,25.3,1.4,0.9,,0.1,-1.2,,,<a href=https://npb.jp/bis/eng/teams/index_c.html>Hiroshima</a>,CL
,nan,36,8.0,1040.1,5.0,6.2,4.3,0.6,,0.1,3.5,,,<a href=https://npb.jp/bis/eng/teams/index_c.html>Hiroshima</a>,CL
,nan,25,7.0,1.0,0.0,0.0,0.0,0.0,,0.0,0.0,,,<a href=https://npb.jp/bis/eng/teams/index_l.html>Seibu</a>,PL
,nan,25,8.0,760.2,9.3,15.7,5.0,4.2,,0.1,2.5,,,<a href=https://npb.jp/bis/eng/teams/index_l.html>Seibu</a>,PL
,nan,22,7.0,31.0,-0.1,-4.2,-0.9,0.8,,0.0,-0.3,,,<a href=https://npb.jp/bis/eng/teams/index_l.html>Seibu</a>,PL
,nan,22,8.0,175.0,5.7,41.9,5.1,0.6,,0.0,0.6,,,<a href=https://npb.jp/bis/eng/teams/index_l.html>Seibu</a>,PL
,nan,22,9.0,306.1,0.2,0.8,3.3,-3.2,,0.2,-1.2,,,<a href=https://npb.jp/bis/eng/teams/index_l.html>Seibu</a>,PL
,nan,26,7.0,62.2,1.2,24.6,-0.3,1.4,,0.0,-0.6,,,<a href=https://npb.jp/bis/eng/teams/index_g.html>Yomiuri</a>,CL
,nan,26,8.0,244.0,5.5,29.0,4.8,0.7,,0.0,0.8,,,<a href=https://npb.jp/bis/eng/teams/index_g.html>Yomiuri</a>,CL
,nan,26,9.0,13.1,-2.3,-222.6,-2.1,-0.2,,0.0,-0.1,,,<a href=https://npb.jp/bis/eng/teams/index_g.html>Yomiuri</a>,CL
,nan,22,8.0,733.0,-1.6,-2.8,-5.8,4.1,,0.1,2.4,,,<a href=https://npb.jp/bis/eng/teams/index_d.html>Chunichi</a>,CL
,nan,22,9.0,221.0,-7.8,-45.4,-5.4,-2.5,,0.1,-0.9,,,<a href=https://npb.jp/bis/eng/teams/index_d.html>Chunichi</a>,CL
,nan,31,2.0,331.0,0.6,2.3,,0.9,,-0.3,4.7,-1.3,0.4,<a href=https://npb.jp/bis/eng/teams/index_g.html>Yomiuri</a>,CL
,nan,31,3.0,262.1,-0.3,-1.5,-0.1,,-0.2,0.0,-2.9,,,<a href=https://npb.jp/bis/eng/teams/index_g.html>Yomiuri</a>,CL
,nan,31,,43.1,,,,,,,-0.5,,,<a href=https://npb.jp/bis/eng/teams/index_g.html>Yomiuri</a>,CL
,nan,23,4.0,3.0,-0.3,-128.7,-0.3,,0.0,0.0,0.0,,,<a href=https://npb.jp/bis/eng/teams/index_g.html>Yomiuri</a>,CL
,nan,23,5.0,61.0,3.1,65.4,3.5,,-0.1,-0.4,-0.2,,,<a href=https://npb.jp/bis/eng/teams/index_g.html>Yomiuri</a>,CL
,nan,23,6.0,863.1,6.0,8.9,9.0,,-0.3,-2.7,7.0,,,<a href=https://npb.jp/bis/eng/teams/index_g.html>Yomiuri</a>,CL
,nan,28,2.0,408.0,-1.6,-5.0,,-1.9,,0.3,5.8,8.8,0.1,<a href=https://npb.jp/bis/eng/teams/index_b.html>ORIX</a>,PL
,nan,28,9.0,105.0,-1.3,-15.9,-1.0,-0.4,,0.0,-0.4,,,<a href=https://npb.jp/bis/eng/teams/index_b.html>ORIX</a>,PL
,nan,28,,433.1,,,,,,,-5.2,,,<a href=https://npb.jp/bis/eng/teams/index_b.html>ORIX</a>,PL
,nan,24,4.0,9.0,-1.3,-185.9,-0.4,,-0.3,-0.7,0.0,,,<a href=https://npb.jp/bis/eng/teams/index_b.html>ORIX</a>,PL
,nan,24,6.0,14.1,-0.2,-18.0,-0.3,,0.0,0.1,0.1,,,<a href=https://npb.jp/bis/eng/teams/index_b.html>ORIX</a>,PL
,nan,24,8.0,19.2,-0.3,-19.6,-0.1,-0.2,,0.0,0.1,,,<a href=https://npb.jp/bis/eng/teams/index_b.html>ORIX</a>,PL
,nan,24,9.0,31.1,-0.4,-16.4,0.1,-0.6,,0.0,-0.1,,,<a href=https://npb.jp/bis/eng/teams/index_b.html>ORIX</a>,PL
,nan,24,,2.0,,,,,,,0.0,,,<a href=https://npb.jp/bis/eng/teams/index_b.html>ORIX</a>,PL
,nan,27,7.0,93.2,0.0,0.0,-0.4,0.3,,0.1,-0.9,,,<a href=https://npb.jp/bis/eng/teams/index_c.html>Hiroshima</a>,CL
,nan,27,,14.0,,,,,,,-0.2,,,<a href=https://npb.jp/bis/eng/teams/index_c.html>Hiroshima</a>,CL
,nan,24,4.0,173.0,1.4,10.4,1.3,,0.1,-0.1,0.5,,,<a href=https://npb.jp/bis/eng/teams/index_f.html>Nipponham</a>,PL
,nan,24,5.0,119.1,0.5,5.4,0.1,,-0.2,0.6,-0.5,,,<a href=https://npb.jp/bis/eng/teams/index_f.html>Nipponham</a>,PL
,nan,24,6.0,132.0,1.0,9.8,1.6,,-0.6,0.0,1.1,,,<a href=https://npb.jp/bis/eng/teams/index_f.html>Nipponham</a>,PL
,nan,27,3.0,1.0,0.0,0.0,0.0,,0.0,0.0,0.0,,,<a href=https://npb.jp/bis/eng/teams/index_h.html>SoftBank</a>,PL
,nan,27,4.0,94.0,-0.8,-11.0,-1.3,,0.1,0.3,0.3,,,<a href=https://npb.jp/bis/eng/teams/index_h.html>SoftBank</a>,PL
,nan,27,5.0,15.0,-0.5,-42.9,0.1,,0.0,-0.6,-0.1,,,<a href=https://npb.jp/bis/eng/teams/index_h.html>SoftBank</a>,PL
,nan,27,6.0,31.0,-0.6,-24.9,-0.8,,0.0,0.2,0.3,,,<a href=https://npb.jp/bis/eng/teams/index_h.html>SoftBank</a>,PL
,nan,27,,2.0,,,,,,,0.0,,,<a href=https://npb.jp/bis/eng/teams/index_h.html>SoftBank</a>,PL
,nan,24,7.0,20.2,0.6,37.3,0.6,0.0,,0.0,-0.2,,,<a href=https://npb.jp/bis/eng/teams/index_h.html>SoftBank</a>,PL
,nan,24,8.0,110.2,1.8,20.9,1.9,-0.2,,0.0,0.4,,,<a href=https://npb.jp/bis/eng/teams/index_h.html>SoftBank</a>,PL
,nan,24,9.0,219.2,1.9,11.1,2.8,-1.0,,0.1,-0.9,,,<a href=https://npb.jp/bis/eng/teams/index_h.html>SoftBank</a>,PL
,nan,24,,4.0,,,,,,,0.0,,,<a href=https://npb.jp/bis/eng/teams/index_h.html>SoftBank</a>,PL
,nan,30,7.0,16.0,1.1,88.5,1.1,0.0,,0.0,-0.2,,,<a href=https://npb.jp/bis/eng/teams/index_db.html>DeNA</a>,CL
,nan,30,8.0,657.2,2.0,3.9,3.3,-1.4,,0.1,2.2,,,<a href=https://npb.jp/bis/eng/teams/index_db.html>DeNA</a>,CL
,nan,39,7.0,107.0,4.0,48.1,3.4,0.5,,0.1,-1.0,,,<a href=https://npb.jp/bis/eng/teams/index_g.html>Yomiuri</a>,CL
,nan,39,9.0,7.0,-1.0,-183.9,-0.6,-0.4,,0.0,0.0,,,<a href=https://npb.jp/bis/eng/teams/index_g.html>Yomiuri</a>,CL
,nan,39,,8.0,,,,,,,-0.1,,,<a href=https://npb.jp/bis/eng/teams/index_g.html>Yomiuri</a>,CL
,nan,24,3.0,1.0,0.2,257.4,0.2,,0.0,0.0,0.0,,,<a href=https://npb.jp/bis/eng/teams/index_s.html>Yakult</a>,CL
,nan,24,4.0,40.2,-1.8,-56.9,-2.0,,0.0,0.2,0.1,,,<a href=https://npb.jp/bis/eng/teams/index_s.html>Yakult</a>,CL
,nan,24,5.0,4.0,-0.3,-96.5,-0.3,,0.0,0.0,0.0,,,<a href=https://npb.jp/bis/eng/teams/index_s.html>Yakult</a>,CL
,nan,24,7.0,24.0,1.1,59.0,1.0,0.1,,0.0,-0.2,,,<a href=https://npb.jp/bis/eng/teams/index_s.html>Yakult</a>,CL
,nan,24,8.0,40.1,-1.0,-31.9,-1.0,0.0,,0.0,0.1,,,<a href=https://npb.jp/bis/eng/teams/index_s.html>Yakult</a>,CL
,nan,24,9.0,32.1,-1.4,-55.8,-0.6,-0.8,,0.0,-0.1,,,<a href=https://npb.jp/bis/eng/teams/index_s.html>Yakult</a>,CL
,nan,28,3.0,21.0,0.0,0.0,-0.1,,0.0,0.0,-0.2,,,<a href=https://npb.jp/bis/eng/teams/index_f.html>Nipponham</a>,PL
,nan,28,,758.0,,,,,,,-9.1,,,<a href=https://npb.jp/bis/eng/teams/index_f.html>Nipponham</a>,PL
,nan,35,7.0,293.2,3.9,17.1,4.9,-1.2,,0.3,-2.8,,,<a href=https://npb.jp/bis/eng/teams/index_g.html>Yomiuri</a>,CL
,nan,35,8.0,274.2,-2.5,-11.7,-2.2,-0.3,,0.0,0.9,,,<a href=https://npb.jp/bis/eng/teams/index_g.html>Yomiuri</a>,CL
,nan,35,9.0,587.1,-0.4,-0.9,-0.3,-0.4,,0.2,-2.3,,,<a href=https://npb.jp/bis/eng/teams/index_g.html>Yomiuri</a>,CL
,nan,26,2.0,333.2,-0.5,-1.9,,0.2,,-0.7,4.8,-3.9,0.2,<a href=https://npb.jp/bis/eng/teams/index_h.html>SoftBank</a>,PL
,nan,25,3.0,3.0,0.0,0.0,0.0,,0.0,0.0,0.0,,,<a href=https://npb.jp/bis/eng/teams/index_s.html>Yakult</a>,CL
,nan,25,7.0,6.0,0.0,0.0,0.0,0.0,,0.0,-0.1,,,<a href=https://npb.jp/bis/eng/teams/index_s.html>Yakult</a>,CL
,nan,25,8.0,16.0,-2.2,-177.0,-1.6,-0.6,,0.0,0.1,,,<a href=https://npb.jp/bis/eng/teams/index_s.html>Yakult</a>,CL
,nan,25,9.0,138.2,3.3,30.6,3.2,0.0,,0.1,-0.5,,,<a href=https://npb.jp/bis/eng/teams/index_s.html>Yakult</a>,CL
,nan,27,4.0,494.1,5.4,14.1,3.1,,1.3,0.9,1.3,,,<a href=https://npb.jp/bis/eng/teams/index_f.html>Nipponham</a>,PL
,nan,27,6.0,257.1,-3.5,-17.5,-3.0,,-0.6,0.0,2.1,,,<a href=https://npb.jp/bis/eng/teams/index_f.html>Nipponham</a>,PL
,nan,34,2.0,176.0,-1.3,-9.5,,-0.9,,-0.4,2.5,0.0,0.1,<a href=https://npb.jp/bis/eng/teams/index_db.html>DeNA</a>,CL
,nan,34,3.0,2.0,0.2,128.7,0.2,,0.0,0.0,0.0,,,<a href=https://npb.jp/bis/eng/teams/index_db.html>DeNA</a>,CL
,nan,24,7.0,1.0,0.0,0.0,0.0,0.0,,0.0,0.0,,,<a href=https://npb.jp/bis/eng/teams/index_s.html>Yakult</a>,CL
,nan,24,8.0,129.2,3.2,31.8,2.6,0.6,,0.0,0.4,,,<a href=https://npb.jp/bis/eng/teams/index_s.html>Yakult</a>,CL
,nan,24,9.0,480.1,-2.1,-5.6,-1.6,0.1,,-0.6,-1.9,,,<a href=https://npb.jp/bis/eng/teams/index_s.html>Yakult</a>,CL
,nan,23,4.0,751.1,6.7,11.5,3.1,,2.2,1.4,2.0,,,<a href=https://npb.jp/bis/eng/teams/index_d.html>Chunichi</a>,CL
,nan,23,6.0,2.0,0.2,128.7,0.2,,0.0,0.0,0.0,,,<a href=https://npb.jp/bis/eng/teams/index_d.html>Chunichi</a>,CL
,nan,21,7.0,23.0,0.7,39.2,0.5,0.2,,0.0,-0.2,,,<a href=https://npb.jp/bis/eng/teams/index_b.html>ORIX</a>,PL
,nan,21,8.0,43.0,1.0,29.9,0.6,0.3,,0.0,0.1,,,<a href=https://npb.jp/bis/eng/teams/index_b.html>ORIX</a>,PL
,nan,21,9.0,347.2,6.7,24.8,6.1,0.5,,0.2,-1.4,,,<a href=https://npb.jp/bis/eng/teams/index_b.html>ORIX</a>,PL
,nan,21,,1.0,,,,,,,0.0,,,<a href=https://npb.jp/bis/eng/teams/index_b.html>ORIX</a>,PL
,nan,31,2.0,924.2,-1.4,-1.9,,-1.1,,-0.3,13.2,2.3,1.3,<a href=https://npb.jp/bis/eng/teams/index_h.html>SoftBank</a>,PL
,nan,25,3.0,351.1,0.1,0.4,1.5,,-0.4,-1.1,-3.9,,,<a href=https://npb.jp/bis/eng/teams/index_f.html>Nipponham</a>,PL
,nan,25,5.0,256.0,-1.0,-5.0,-0.9,,0.4,-0.5,-1.0,,,<a href=https://npb.jp/bis/eng/teams/index_f.html>Nipponham</a>,PL
,nan,25,7.0,62.0,-3.4,-70.6,-3.1,-0.3,,0.0,-0.6,,,<a href=https://npb.jp/bis/eng/teams/index_f.html>Nipponham</a>,PL
,nan,25,,10.0,,,,,,,-0.1,,,<a href=https://npb.jp/bis/eng/teams/index_f.html>Nipponham</a>,PL
,nan,28,4.0,69.0,0.0,0.0,0.4,,-0.1,-0.4,0.2,,,<a href=https://npb.jp/bis/eng/teams/index_s.html>Yakult</a>,CL
,nan,28,5.0,22.0,-0.1,-5.9,0.4,,0.0,-0.5,-0.1,,,<a href=https://npb.jp/bis/eng/teams/index_s.html>Yakult</a>,CL
,nan,27,3.0,107.2,1.4,16.7,0.8,,0.2,0.4,-1.2,,,<a href=https://npb.jp/bis/eng/teams/index_d.html>Chunichi</a>,CL
,nan,27,5.0,633.2,4.6,9.3,2.7,,0.0,1.9,-2.4,,,<a href=https://npb.jp/bis/eng/teams/index_d.html>Chunichi</a>,CL
,nan,27,7.0,28.0,-3.5,-160.9,-2.7,-0.9,,0.0,-0.3,,,<a href=https://npb.jp/bis/eng/teams/index_d.html>Chunichi</a>,CL
,nan,27,,6.0,,,,,,,-0.1,,,<a href=https://npb.jp/bis/eng/teams/index_d.html>Chunichi</a>,CL
,nan,24,7.0,2.0,0.0,0.0,0.0,0.0,,0.0,0.0,,,<a href=https://npb.jp/bis/eng/teams/index_b.html>ORIX</a>,PL
,nan,24,8.0,76.0,2.3,38.9,2.0,0.2,,0.0,0.3,,,<a href=https://npb.jp/bis/eng/teams/index_b.html>ORIX</a>,PL
,nan,24,9.0,7.0,0.5,91.9,0.5,0.0,,0.0,0.0,,,<a href=https://npb.jp/bis/eng/teams/index_b.html>ORIX</a>,PL
,nan,26,3.0,53.0,0.4,9.7,0.3,,0.0,0.1,-0.6,,,<a href=https://npb.jp/bis/eng/teams/index_h.html>SoftBank</a>,PL
,nan,26,4.0,114.1,-1.7,-19.1,-0.7,,-0.6,-0.3,0.3,,,<a href=https://npb.jp/bis/eng/teams/index_h.html>SoftBank</a>,PL
,nan,26,5.0,26.0,2.8,138.6,2.0,,0.3,0.5,-0.1,,,<a href=https://npb.jp/bis/eng/teams/index_h.html>SoftBank</a>,PL
,nan,26,6.0,166.2,3.5,27.0,2.4,,0.2,0.9,1.4,,,<a href=https://npb.jp/bis/eng/teams/index_h.html>SoftBank</a>,PL
,nan,30,4.0,466.1,4.0,11.0,0.9,,0.8,2.3,1.3,,,<a href=https://npb.jp/bis/eng/teams/index_f.html>Nipponham</a>,PL
,nan,30,5.0,19.0,0.0,0.0,0.8,,-0.2,-0.5,-0.1,,,<a href=https://npb.jp/bis/eng/teams/index_f.html>Nipponham</a>,PL
,nan,30,,4.1,,,,,,,-0.1,,,<a href=https://npb.jp/bis/eng/teams/index_f.html>Nipponham</a>,PL
,nan,30,7.0,7.2,-0.1,-16.7,-0.1,0.0,,0.0,-0.1,,,<a href=https://npb.jp/bis/eng/teams/index_db.html>DeNA</a>,CL
,nan,30,8.0,18.0,0.3,21.4,0.3,0.0,,0.0,0.1,,,<a href=https://npb.jp/bis/eng/teams/index_db.html>DeNA</a>,CL
,nan,30,9.0,28.0,-1.4,-64.4,-1.6,0.2,,0.0,-0.1,,,<a href=https://npb.jp/bis/eng/teams/index_db.html>DeNA</a>,CL
,nan,30,,1.0,,,,,,,0.0,,,<a href=https://npb.jp/bis/eng/teams/index_db.html>DeNA</a>,CL
,nan,26,7.0,58.0,1.1,24.4,1.0,0.0,,0.0,-0.6,,,<a href=https://npb.jp/bis/eng/teams/index_db.html>DeNA</a>,CL
,nan,26,8.0,318.2,-5.9,-23.8,-5.5,-0.5,,0.0,1.1,,,<a href=https://npb.jp/bis/eng/teams/index_db.html>DeNA</a>,CL
,nan,26,9.0,113.0,3.7,42.1,3.1,0.6,,0.1,-0.4,,,<a href=https://npb.jp/bis/eng/teams/index_db.html>DeNA</a>,CL
,nan,25,7.0,164.2,9.6,75.0,6.9,2.6,,0.1,-1.6,,,<a href=https://npb.jp/bis/eng/teams/index_f.html>Nipponham</a>,PL
,nan,25,8.0,145.0,0.9,8.0,2.4,-1.5,,0.0,0.5,,,<a href=https://npb.jp/bis/eng/teams/index_f.html>Nipponham</a>,PL
,nan,25,9.0,16.0,0.7,56.3,0.7,0.0,,0.0,-0.1,,,<a href=https://npb.jp/bis/eng/teams/index_f.html>Nipponham</a>,PL
,nan,25,,21.1,,,,,,,-0.3,,,<a href=https://npb.jp/bis/eng/teams/index_f.html>Nipponham</a>,PL
,nan,25,4.0,4.0,0.0,0.0,0.0,,0.0,0.0,0.0,,,<a href=https://npb.jp/bis/eng/teams/index_l.html>Seibu</a>,PL
,nan,25,5.0,122.0,1.2,12.7,1.2,,-0.2,0.2,-0.5,,,<a href=https://npb.jp/bis/eng/teams/index_l.html>Seibu</a>,PL
,nan,25,6.0,14.0,0.2,18.4,0.3,,-0.1,0.1,0.1,,,<a href=https://npb.jp/bis/eng/teams/index_l.html>Seibu</a>,PL
,nan,24,7.0,7.2,-0.3,-50.1,-0.3,0.0,,0.0,-0.1,,,<a href=https://npb.jp/bis/eng/teams/index_f.html>Nipponham</a>,PL
,nan,24,8.0,2.1,-0.6,-335.7,-0.6,0.0,,0.0,0.0,,,<a href=https://npb.jp/bis/eng/teams/index_f.html>Nipponham</a>,PL
,nan,24,9.0,1169.2,19.0,20.9,10.6,8.7,,-0.3,-4.6,,,<a href=https://npb.jp/bis/eng/teams/index_f.html>Nipponham</a>,PL
,nan,24,,9.0,,,,,,,-0.1,,,<a href=https://npb.jp/bis/eng/teams/index_f.html>Nipponham</a>,PL
,nan,22,7.0,67.2,-1.4,-26.6,-1.4,-0.1,,0.1,-0.6,,,<a href=https://npb.jp/bis/eng/teams/index_t.html>Hanshin</a>,CL
,nan,22,9.0,34.0,-0.4,-15.1,0.2,-0.7,,0.0,-0.1,,,<a href=https://npb.jp/bis/eng/teams/index_t.html>Hanshin</a>,CL
,nan,27,7.0,23.0,-0.3,-16.8,0.0,-0.3,,0.0,-0.2,,,<a href=https://npb.jp/bis/eng/teams/index_f.html>Nipponham</a>,PL
,nan,27,9.0,8.0,0.5,80.4,0.5,0.0,,0.0,0.0,,,<a href=https://npb.jp/bis/eng/teams/index_f.html>Nipponham</a>,PL
,nan,27,,9.0,,,,,,,-0.1,,,<a href=https://npb.jp/bis/eng/teams/index_f.html>Nipponham</a>,PL
,nan,23,9.0,1087.1,-2.9,-3.4,-4.1,0.8,,0.4,-4.3,,,<a href=https://npb.jp/bis/eng/teams/index_t.html>Hanshin</a>,CL
,nan,28,7.0,47.0,0.9,24.6,0.8,0.1,,0.0,-0.4,,,<a href=https://npb.jp/bis/eng/teams/index_t.html>Hanshin</a>,CL
,nan,28,8.0,4.0,-0.2,-64.4,-0.2,0.0,,0.0,0.0,,,<a href=https://npb.jp/bis/eng/teams/index_t.html>Hanshin</a>,CL
,nan,28,9.0,11.0,1.6,187.2,1.3,0.3,,0.0,0.0,,,<a href=https://npb.jp/bis/eng/teams/index_t.html>Hanshin</a>,CL
,nan,26,7.0,2.0,0.1,64.4,0.0,0.1,,0.0,0.0,,,<a href=https://npb.jp/bis/eng/teams/index_l.html>Seibu</a>,PL
,nan,26,9.0,144.2,2.6,23.1,0.3,2.2,,0.1,-0.6,,,<a href=https://npb.jp/bis/eng/teams/index_l.html>Seibu</a>,PL
,nan,30,2.0,398.2,-0.9,-2.9,,-0.4,,-0.5,5.7,-3.0,1.0,<a href=https://npb.jp/bis/eng/teams/index_m.html>Lotte</a>,PL
,nan,24,3.0,51.0,0.2,5.0,0.1,,0.0,0.2,-0.6,,,<a href=https://npb.jp/bis/eng/teams/index_f.html>Nipponham</a>,PL
,nan,24,5.0,98.0,1.4,18.4,1.0,,-0.2,0.6,-0.4,,,<a href=https://npb.jp/bis/eng/teams/index_f.html>Nipponham</a>,PL
,nan,24,7.0,93.0,3.1,42.9,0.2,2.8,,0.1,-0.9,,,<a href=https://npb.jp/bis/eng/teams/index_f.html>Nipponham</a>,PL
,nan,24,,44.1,,,,,,,-0.5,,,<a href=https://npb.jp/bis/eng/teams/index_f.html>Nipponham</a>,PL
,nan,23,4.0,19.0,0.3,20.3,0.2,,0.0,0.1,0.1,,,<a href=https://npb.jp/bis/eng/teams/index_d.html>Chunichi</a>,CL
,nan,23,6.0,871.2,-3.9,-5.8,-5.8,,0.5,1.5,7.1,,,<a href=https://npb.jp/bis/eng/teams/index_d.html>Chunichi</a>,CL
,nan,23,7.0,1.0,0.0,0.0,0.0,0.0,,0.0,0.0,,,<a href=https://npb.jp/bis/eng/teams/index_s.html>Yakult</a>,CL
,nan,23,9.0,60.0,-0.2,-4.3,-0.9,0.6,,0.0,-0.2,,,<a href=https://npb.jp/bis/eng/teams/index_s.html>Yakult</a>,CL
,nan,26,3.0,121.0,0.0,0.0,0.2,,0.1,-0.3,-1.3,,,<a href=https://npb.jp/bis/eng/teams/index_l.html>Seibu</a>,PL
,nan,26,5.0,81.0,-2.6,-41.3,-2.5,,0.1,-0.3,-0.3,,,<a href=https://npb.jp/bis/eng/teams/index_l.html>Seibu</a>,PL
,nan,26,7.0,66.0,1.6,31.2,1.4,0.1,,0.1,-0.6,,,<a href=https://npb.jp/bis/eng/teams/index_l.html>Seibu</a>,PL
,nan,26,9.0,3.2,0.5,173.9,0.5,0.0,,0.0,0.0,,,<a href=https://npb.jp/bis/eng/teams/index_l.html>Seibu</a>,PL
,nan,26,,26.0,,,,,,,-0.3,,,<a href=https://npb.jp/bis/eng/teams/index_l.html>Seibu</a>,PL
,nan,33,3.0,11.0,0.2,23.4,0.1,,0.0,0.0,-0.1,,,<a href=https://npb.jp/bis/eng/teams/index_f.html>Nipponham</a>,PL
,nan,33,4.0,58.1,0.4,8.8,-0.1,,0.2,0.4,0.2,,,<a href=https://npb.jp/bis/eng/teams/index_f.html>Nipponham</a>,PL
,nan,33,5.0,5.0,0.0,0.0,0.0,,0.0,0.0,0.0,,,<a href=https://npb.jp/bis/eng/teams/index_f.html>Nipponham</a>,PL
,nan,33,6.0,30.0,0.3,12.9,0.0,,0.1,0.2,0.2,,,<a href=https://npb.jp/bis/eng/teams/index_f.html>Nipponham</a>,PL
,nan,33,,12.0,,,,,,,-0.1,,,<a href=https://npb.jp/bis/eng/teams/index_f.html>Nipponham</a>,PL
,nan,25,3.0,1.0,0.0,0.0,0.0,,0.0,0.0,0.0,,,<a href=https://npb.jp/bis/eng/teams/index_h.html>SoftBank</a>,PL
,nan,25,7.0,104.0,2.8,34.6,2.7,0.0,,0.1,-1.0,,,<a href=https://npb.jp/bis/eng/teams/index_h.html>SoftBank</a>,PL
,nan,25,8.0,52.1,-0.4,-9.8,-0.7,0.2,,0.0,0.2,,,<a href=https://npb.jp/bis/eng/teams/index_h.html>SoftBank</a>,PL
,nan,25,9.0,52.1,1.1,27.1,0.2,0.9,,0.0,-0.2,,,<a href=https://npb.jp/bis/eng/teams/index_h.html>SoftBank</a>,PL
,nan,25,,10.1,,,,,,,-0.1,,,<a href=https://npb.jp/bis/eng/teams/index_h.html>SoftBank</a>,PL
,nan,27,3.0,26.2,-0.3,-14.5,-0.3,,0.0,0.0,-0.3,,,<a href=https://npb.jp/bis/eng/teams/index_b.html>ORIX</a>,PL
,nan,27,4.0,2.0,0.0,0.0,0.0,,0.0,0.0,0.0,,,<a href=https://npb.jp/bis/eng/teams/index_b.html>ORIX</a>,PL
,nan,27,5.0,43.1,-1.3,-38.6,-0.2,,-0.1,-1.0,-0.2,,,<a href=https://npb.jp/bis/eng/teams/index_b.html>ORIX</a>,PL
,nan,27,7.0,8.2,0.3,44.4,0.3,0.0,,0.0,-0.1,,,<a href=https://npb.jp/bis/eng/teams/index_b.html>ORIX</a>,PL
,nan,27,8.0,131.2,0.0,0.0,-0.1,0.0,,0.0,0.4,,,<a href=https://npb.jp/bis/eng/teams/index_b.html>ORIX</a>,PL
,nan,27,9.0,57.0,-0.7,-15.8,-0.4,-0.4,,0.0,-0.2,,,<a href=https://npb.jp/bis/eng/teams/index_b.html>ORIX</a>,PL
,nan,27,,6.0,,,,,,,-0.1,,,<a href=https://npb.jp/bis/eng/teams/index_b.html>ORIX</a>,PL
,nan,30,7.0,34.2,-1.5,-55.6,-1.0,-0.5,,0.0,-0.3,,,<a href=https://npb.jp/bis/eng/teams/index_s.html>Yakult</a>,CL
,nan,30,8.0,29.1,2.4,105.4,2.3,0.1,,0.0,0.1,,,<a href=https://npb.jp/bis/eng/teams/index_s.html>Yakult</a>,CL
,nan,30,9.0,29.0,0.9,39.9,1.2,-0.3,,0.0,-0.1,,,<a href=https://npb.jp/bis/eng/teams/index_s.html>Yakult</a>,CL
,nan,20,4.0,97.2,-0.7,-9.2,0.7,,-0.5,-0.9,0.3,,,<a href=https://npb.jp/bis/eng/teams/index_l.html>Seibu</a>,PL
,nan,20,5.0,233.0,3.1,17.1,2.0,,0.1,0.9,-0.9,,,<a href=https://npb.jp/bis/eng/teams/index_l.html>Seibu</a>,PL
,nan,20,6.0,23.0,-0.1,-5.6,-0.3,,0.1,0.1,0.2,,,<a href=https://npb.jp/bis/eng/teams/index_l.html>Seibu</a>,PL
,nan,20,,2.0,,,,,,,0.0,,,<a href=https://npb.jp/bis/eng/teams/index_l.html>Seibu</a>,PL
,nan,23,7.0,576.0,4.8,10.7,4.3,0.9,,-0.4,-5.5,,,<a href=https://npb.jp/bis/eng/teams/index_f.html>Nipponham</a>,PL
,nan,23,8.0,22.0,0.3,17.6,0.3,0.0,,0.0,0.1,,,<a href=https://npb.jp/bis/eng/teams/index_f.html>Nipponham</a>,PL
,nan,23,9.0,21.0,1.0,61.3,0.5,0.5,,0.0,-0.1,,,<a href=https://npb.jp/bis/eng/teams/index_f.html>Nipponham</a>,PL
,nan,23,,36.0,,,,,,,-0.4,,,<a href=https://npb.jp/bis/eng/teams/index_f.html>Nipponham</a>,PL
,nan,26,3.0,132.0,-0.3,-2.9,1.0,,-0.1,-1.1,-1.5,,,<a href=https://npb.jp/bis/eng/teams/index_m.html>Lotte</a>,PL
,nan,26,4.0,8.0,0.3,48.3,0.2,,0.0,0.0,0.0,,,<a href=https://npb.jp/bis/eng/teams/index_m.html>Lotte</a>,PL
,nan,26,5.0,9.0,0.0,0.0,0.0,,0.0,0.0,0.0,,,<a href=https://npb.jp/bis/eng/teams/index_m.html>Lotte</a>,PL
,nan,26,6.0,111.0,0.5,5.8,-0.5,,0.5,0.5,0.9,,,<a href=https://npb.jp/bis/eng/teams/index_m.html>Lotte</a>,PL
,nan,26,,1.0,,,,,,,0.0,,,<a href=https://npb.jp/bis/eng/teams/index_m.html>Lotte</a>,PL
,nan,25,3.0,40.1,0.6,19.2,0.5,,0.0,0.1,-0.4,,,<a href=https://npb.jp/bis/eng/teams/index_h.html>SoftBank</a>,PL
,nan,25,5.0,26.0,0.4,19.8,0.2,,0.0,0.2,-0.1,,,<a href=https://npb.jp/bis/eng/teams/index_h.html>SoftBank</a>,PL
,nan,27,7.0,38.2,3.9,129.7,2.7,1.1,,0.1,-0.4,,,<a href=https://npb.jp/bis/eng/teams/index_c.html>Hiroshima</a>,CL
,nan,27,8.0,27.0,0.3,14.3,0.4,-0.1,,0.0,0.1,,,<a href=https://npb.jp/bis/eng/teams/index_c.html>Hiroshima</a>,CL
,nan,27,9.0,60.0,2.6,55.8,1.6,0.9,,0.0,-0.2,,,<a href=https://npb.jp/bis/eng/teams/index_c.html>Hiroshima</a>,CL
,nan,27,7.0,265.1,-0.2,-1.0,0.9,-1.3,,0.2,-2.5,,,<a href=https://npb.jp/bis/eng/teams/index_h.html>SoftBank</a>,PL
,nan,27,8.0,33.0,-1.3,-50.7,-1.0,-0.2,,0.0,0.1,,,<a href=https://npb.jp/bis/eng/teams/index_h.html>SoftBank</a>,PL
,nan,27,9.0,170.0,2.3,17.4,1.1,1.0,,0.1,-0.7,,,<a href=https://npb.jp/bis/eng/teams/index_h.html>SoftBank</a>,PL
,nan,27,,2.0,,,,,,,0.0,,,<a href=https://npb.jp/bis/eng/teams/index_h.html>SoftBank</a>,PL
,nan,28,3.0,10.0,-0.3,-38.6,-0.3,,0.0,0.0,-0.1,,,<a href=https://npb.jp/bis/eng/teams/index_b.html>ORIX</a>,PL
,nan,28,8.0,260.1,-3.8,-18.8,-2.3,-1.6,,0.0,0.9,,,<a href=https://npb.jp/bis/eng/teams/index_b.html>ORIX</a>,PL
,nan,28,9.0,165.1,2.9,22.6,2.8,0.0,,0.1,-0.7,,,<a href=https://npb.jp/bis/eng/teams/index_b.html>ORIX</a>,PL
,nan,28,,30.0,,,,,,,-0.4,,,<a href=https://npb.jp/bis/eng/teams/index_b.html>ORIX</a>,PL
,nan,28,4.0,1279.2,-0.4,-0.4,-0.8,,-1.1,1.6,3.4,,,<a href=https://npb.jp/bis/eng/teams/index_t.html>Hanshin</a>,CL
,nan,25,8.0,126.0,1.8,18.4,0.1,1.7,,0.0,0.4,,,<a href=https://npb.jp/bis/eng/teams/index_h.html>SoftBank</a>,PL
,nan,25,9.0,94.0,-2.2,-30.1,-1.0,-0.4,,-0.8,-0.4,,,<a href=https://npb.jp/bis/eng/teams/index_h.html>SoftBank</a>,PL
,nan,25,,1.0,,,,,,,0.0,,,<a href=https://npb.jp/bis/eng/teams/index_h.html>SoftBank</a>,PL
,nan,31,2.0,4.0,0.0,0.0,,0.0,,0.0,0.1,-0.2,0.0,<a href=https://npb.jp/bis/eng/teams/index_m.html>Lotte</a>,PL
,nan,33,7.0,44.2,-1.3,-37.4,-1.5,0.2,,0.0,-0.4,,,<a href=https://npb.jp/bis/eng/teams/index_b.html>ORIX</a>,PL
,nan,33,9.0,344.0,0.4,1.5,1.2,-0.8,,0.1,-1.4,,,<a href=https://npb.jp/bis/eng/teams/index_b.html>ORIX</a>,PL
,nan,33,,110.1,,,,,,,-1.3,,,<a href=https://npb.jp/bis/eng/teams/index_b.html>ORIX</a>,PL
,nan,34,7.0,18.0,0.3,21.4,0.3,0.0,,0.0,-0.2,,,<a href=https://npb.jp/bis/eng/teams/index_b.html>ORIX</a>,PL
,nan,34,8.0,20.0,1.1,70.8,0.7,0.5,,0.0,0.1,,,<a href=https://npb.jp/bis/eng/teams/index_b.html>ORIX</a>,PL
,nan,34,9.0,10.2,0.6,72.2,0.5,0.1,,0.0,0.0,,,<a href=https://npb.jp/bis/eng/teams/index_b.html>ORIX</a>,PL
,nan,24,7.0,46.0,-4.0,-111.9,-3.7,-0.4,,0.0,-0.4,,,<a href=https://npb.jp/bis/eng/teams/index_db.html>DeNA</a>,CL
,nan,24,8.0,134.0,1.2,11.5,0.8,0.4,,0.0,0.4,,,<a href=https://npb.jp/bis/eng/teams/index_db.html>DeNA</a>,CL
,nan,24,9.0,495.1,-3.2,-8.3,-3.8,0.4,,0.2,-2.0,,,<a href=https://npb.jp/bis/eng/teams/index_db.html>DeNA</a>,CL
,nan,24,7.0,125.0,-1.1,-11.3,-0.9,-0.3,,0.1,-1.2,,,<a href=https://npb.jp/bis/eng/teams/index_l.html>Seibu</a>,PL
,nan,24,8.0,26.0,1.3,64.4,1.4,0.0,,0.0,0.1,,,<a href=https://npb.jp/bis/eng/teams/index_l.html>Seibu</a>,PL
,nan,24,9.0,30.0,0.0,0.0,0.1,-0.2,,0.0,-0.1,,,<a href=https://npb.jp/bis/eng/teams/index_l.html>Seibu</a>,PL
,nan,24,,5.1,,,,,,,-0.1,,,<a href=https://npb.jp/bis/eng/teams/index_l.html>Seibu</a>,PL
,nan,31,7.0,73.0,-2.5,-44.1,-1.0,0.1,,-1.6,-0.7,,,<a href=https://npb.jp/bis/eng/teams/index_m.html>Lotte</a>,PL
,nan,31,,95.1,,,,,,,-1.1,,,<a href=https://npb.jp/bis/eng/teams/index_m.html>Lotte</a>,PL
,nan,27,8.0,7.0,0.0,0.0,0.0,0.0,,0.0,0.0,,,<a href=https://npb.jp/bis/eng/teams/index_b.html>ORIX</a>,PL
,nan,27,9.0,1.0,0.0,0.0,0.0,0.0,,0.0,0.0,,,<a href=https://npb.jp/bis/eng/teams/index_b.html>ORIX</a>,PL
,nan,26,2.0,856.2,-3.0,-4.5,,-3.0,,0.1,12.3,-5.3,-0.7,<a href=https://npb.jp/bis/eng/teams/index_m.html>Lotte</a>,PL
,nan,26,3.0,118.0,-0.3,-3.3,-0.5,,-0.1,0.3,-1.3,,,<a href=https://npb.jp/bis/eng/teams/index_m.html>Lotte</a>,PL
,nan,34,7.0,119.0,-2.0,-21.6,-2.1,0.0,,0.1,-1.1,,,<a href=https://npb.jp/bis/eng/teams/index_g.html>Yomiuri</a>,CL
,nan,34,8.0,48.2,1.4,37.0,1.6,-0.2,,0.0,0.2,,,<a href=https://npb.jp/bis/eng/teams/index_g.html>Yomiuri</a>,CL
,nan,34,9.0,31.0,0.1,4.2,0.1,0.0,,0.0,-0.1,,,<a href=https://npb.jp/bis/eng/teams/index_g.html>Yomiuri</a>,CL
,nan,30,4.0,63.0,-0.5,-10.2,0.0,,0.0,-0.4,0.2,,,<a href=https://npb.jp/bis/eng/teams/index_l.html>Seibu</a>,PL
,nan,30,5.0,39.0,-0.6,-19.8,-0.8,,0.0,0.2,-0.1,,,<a href=https://npb.jp/bis/eng/teams/index_l.html>Seibu</a>,PL
,nan,30,7.0,68.0,-0.7,-13.2,0.0,-0.8,,0.1,-0.6,,,<a href=https://npb.jp/bis/eng/teams/index_l.html>Seibu</a>,PL
,nan,30,,15.0,,,,,,,-0.2,,,<a href=https://npb.jp/bis/eng/teams/index_l.html>Seibu</a>,PL
,nan,25,7.0,25.0,-1.2,-61.8,-1.2,0.1,,0.0,-0.2,,,<a href=https://npb.jp/bis/eng/teams/index_d.html>Chunichi</a>,CL
,nan,25,8.0,18.0,-1.6,-114.4,-1.5,-0.2,,0.0,0.1,,,<a href=https://npb.jp/bis/eng/teams/index_d.html>Chunichi</a>,CL
,nan,24,7.0,8.0,-0.3,-48.3,-0.1,-0.3,,0.0,-0.1,,,<a href=https://npb.jp/bis/eng/teams/index_b.html>ORIX</a>,PL
,nan,24,8.0,32.0,0.7,28.2,1.0,-0.3,,0.0,0.1,,,<a href=https://npb.jp/bis/eng/teams/index_b.html>ORIX</a>,PL
,nan,24,9.0,71.2,0.4,7.2,0.9,-0.5,,0.0,-0.3,,,<a href=https://npb.jp/bis/eng/teams/index_b.html>ORIX</a>,PL
,nan,26,7.0,102.0,-4.6,-58.0,-2.8,-1.8,,0.1,-1.0,,,<a href=https://npb.jp/bis/eng/teams/index_l.html>Seibu</a>,PL
,nan,26,8.0,27.0,-1.2,-57.2,-1.3,0.1,,0.0,0.1,,,<a href=https://npb.jp/bis/eng/teams/index_l.html>Seibu</a>,PL
,nan,26,,26.0,,,,,,,-0.3,,,<a href=https://npb.jp/bis/eng/teams/index_l.html>Seibu</a>,PL
,nan,29,7.0,176.1,1.0,7.3,0.4,1.2,,-0.7,-1.7,,,<a href=https://npb.jp/bis/eng/teams/index_db.html>DeNA</a>,CL
,nan,29,8.0,157.0,0.2,1.6,1.9,-1.8,,0.0,0.5,,,<a href=https://npb.jp/bis/eng/teams/index_db.html>DeNA</a>,CL
,nan,28,2.0,31.2,0.5,20.3,,0.4,,0.0,0.5,-0.2,-0.2,<a href=https://npb.jp/bis/eng/teams/index_b.html>ORIX</a>,PL
,nan,29,8.0,17.0,0.9,68.1,0.9,0.0,,0.0,0.1,,,<a href=https://npb.jp/bis/eng/teams/index_l.html>Seibu</a>,PL
,nan,29,9.0,148.2,-0.5,-4.3,0.0,-0.6,,0.1,-0.6,,,<a href=https://npb.jp/bis/eng/teams/index_l.html>Seibu</a>,PL
,nan,28,7.0,107.2,8.6,102.8,7.7,0.8,,0.2,-1.0,,,<a href=https://npb.jp/bis/eng/teams/index_t.html>Hanshin</a>,CL
,nan,28,8.0,17.0,-0.5,-37.9,-0.6,0.1,,0.0,0.1,,,<a href=https://npb.jp/bis/eng/teams/index_t.html>Hanshin</a>,CL
,nan,28,9.0,77.1,2.6,43.3,2.7,-0.1,,0.0,-0.3,,,<a href=https://npb.jp/bis/eng/teams/index_t.html>Hanshin</a>,CL
,nan,21,3.0,21.2,1.4,83.0,1.3,,-0.1,0.2,-0.2,,,<a href=https://npb.jp/bis/eng/teams/index_c.html>Hiroshima</a>,CL
,nan,21,4.0,44.0,-0.2,-5.9,-0.1,,0.4,-0.5,0.1,,,<a href=https://npb.jp/bis/eng/teams/index_c.html>Hiroshima</a>,CL
,nan,21,5.0,56.2,-0.7,-15.9,-0.3,,0.0,-0.4,-0.2,,,<a href=https://npb.jp/bis/eng/teams/index_c.html>Hiroshima</a>,CL
,nan,21,6.0,23.2,-0.9,-48.9,-0.1,,-0.3,-0.5,0.2,,,<a href=https://npb.jp/bis/eng/teams/index_c.html>Hiroshima</a>,CL
,nan,21,7.0,84.2,4.9,74.5,3.6,1.2,,0.1,-0.8,,,<a href=https://npb.jp/bis/eng/teams/index_c.html>Hiroshima</a>,CL
,nan,21,9.0,30.0,0.8,34.3,1.0,-0.3,,0.0,-0.1,,,<a href=https://npb.jp/bis/eng/teams/index_c.html>Hiroshima</a>,CL
,nan,21,,3.0,,,,,,,0.0,,,<a href=https://npb.jp/bis/eng/teams/index_c.html>Hiroshima</a>,CL
,nan,27,8.0,1269.2,0.0,0.0,0.3,0.4,,-0.7,4.2,,,<a href=https://npb.jp/bis/eng/teams/index_e.html>Rakuten</a>,PL
,nan,24,8.0,155.2,1.7,14.1,1.7,-0.1,,0.0,0.5,,,<a href=https://npb.jp/bis/eng/teams/index_m.html>Lotte</a>,PL
,nan,24,9.0,421.0,3.7,11.3,3.0,0.5,,0.2,-1.7,,,<a href=https://npb.jp/bis/eng/teams/index_m.html>Lotte</a>,PL
,nan,31,4.0,752.2,-6.6,-11.3,-6.6,,-0.1,0.1,2.0,,,<a href=https://npb.jp/bis/eng/teams/index_s.html>Yakult</a>,CL
,nan,31,,9.0,,,,,,,-0.1,,,<a href=https://npb.jp/bis/eng/teams/index_s.html>Yakult</a>,CL
,nan,26,8.0,589.1,-3.3,-7.2,-1.9,-1.4,,0.1,2.0,,,<a href=https://npb.jp/bis/eng/teams/index_m.html>Lotte</a>,PL
,nan,24,4.0,32.0,0.7,28.2,0.9,,-0.3,0.1,0.1,,,<a href=https://npb.jp/bis/eng/teams/index_h.html>SoftBank</a>,PL
,nan,24,5.0,1.0,0.2,257.4,0.2,,0.0,0.0,0.0,,,<a href=https://npb.jp/bis/eng/teams/index_h.html>SoftBank</a>,PL
,nan,24,7.0,4.0,0.3,96.5,0.3,0.0,,0.0,0.0,,,<a href=https://npb.jp/bis/eng/teams/index_h.html>SoftBank</a>,PL
,nan,24,,6.0,,,,,,,-0.1,,,<a href=https://npb.jp/bis/eng/teams/index_h.html>SoftBank</a>,PL
,nan,29,3.0,10.0,-0.2,-25.7,-0.2,,0.0,0.0,-0.1,,,<a href=https://npb.jp/bis/eng/teams/index_s.html>Yakult</a>,CL
,nan,29,4.0,29.1,-1.0,-43.9,-0.9,,-0.3,0.1,0.1,,,<a href=https://npb.jp/bis/eng/teams/index_s.html>Yakult</a>,CL
,nan,29,7.0,148.0,0.1,0.9,0.0,0.0,,0.1,-1.4,,,<a href=https://npb.jp/bis/eng/teams/index_s.html>Yakult</a>,CL
,nan,29,9.0,89.0,0.6,8.7,0.5,0.0,,0.0,-0.4,,,<a href=https://npb.jp/bis/eng/teams/index_s.html>Yakult</a>,CL
,nan,28,7.0,64.0,1.2,24.1,1.0,0.1,,0.1,-0.6,,,<a href=https://npb.jp/bis/eng/teams/index_f.html>Nipponham</a>,PL
,nan,28,8.0,106.0,-0.4,-4.9,-1.9,1.5,,0.0,0.4,,,<a href=https://npb.jp/bis/eng/teams/index_f.html>Nipponham</a>,PL
,nan,28,9.0,74.0,-1.0,-17.4,-1.1,0.0,,0.0,-0.3,,,<a href=https://npb.jp/bis/eng/teams/index_f.html>Nipponham</a>,PL
,nan,28,,2.0,,,,,,,0.0,,,<a href=https://npb.jp/bis/eng/teams/index_f.html>Nipponham</a>,PL
,nan,24,3.0,40.0,-0.2,-6.4,-0.3,,0.0,0.1,-0.4,,,<a href=https://npb.jp/bis/eng/teams/index_b.html>ORIX</a>,PL
,nan,24,4.0,218.2,2.2,12.9,3.6,,-0.2,-1.2,0.6,,,<a href=https://npb.jp/bis/eng/teams/index_b.html>ORIX</a>,PL
,nan,24,5.0,85.0,3.3,50.0,2.5,,-0.1,0.9,-0.3,,,<a href=https://npb.jp/bis/eng/teams/index_b.html>ORIX</a>,PL
,nan,24,6.0,41.0,-0.3,-9.4,0.1,,0.0,-0.4,0.3,,,<a href=https://npb.jp/bis/eng/teams/index_b.html>ORIX</a>,PL
,nan,30,3.0,47.1,-0.8,-21.8,-0.9,,0.0,0.1,-0.5,,,<a href=https://npb.jp/bis/eng/teams/index_d.html>Chunichi</a>,CL
,nan,30,4.0,294.2,1.6,7.0,-0.4,,0.4,1.6,0.8,,,<a href=https://npb.jp/bis/eng/teams/index_d.html>Chunichi</a>,CL
,nan,30,5.0,3.0,0.0,0.0,0.0,,0.0,0.0,0.0,,,<a href=https://npb.jp/bis/eng/teams/index_d.html>Chunichi</a>,CL
,nan,30,7.0,6.0,0.9,193.0,0.8,0.0,,0.0,-0.1,,,<a href=https://npb.jp/bis/eng/teams/index_d.html>Chunichi</a>,CL
,nan,30,9.0,76.0,-0.6,-10.2,-1.4,0.9,,0.0,-0.3,,,<a href=https://npb.jp/bis/eng/teams/index_d.html>Chunichi</a>,CL
,nan,22,6.0,1255.1,-11.7,-12.0,-13.4,,0.7,1.0,10.2,,,<a href=https://npb.jp/bis/eng/teams/index_s.html>Yakult</a>,CL
,nan,23,7.0,47.0,0.3,8.2,0.2,0.2,,0.0,-0.4,,,<a href=https://npb.jp/bis/eng/teams/index_t.html>Hanshin</a>,CL
,nan,23,9.0,52.0,-2.5,-61.9,-2.1,-0.4,,0.0,-0.2,,,<a href=https://npb.jp/bis/eng/teams/index_t.html>Hanshin</a>,CL
,nan,30,3.0,26.2,0.7,33.7,0.4,,0.2,0.1,-0.3,,,<a href=https://npb.jp/bis/eng/teams/index_b.html>ORIX</a>,PL
,nan,30,4.0,43.1,0.1,3.0,0.7,,0.0,-0.5,0.1,,,<a href=https://npb.jp/bis/eng/teams/index_b.html>ORIX</a>,PL
,nan,30,5.0,1.0,0.0,0.0,0.0,,0.0,0.0,0.0,,,<a href=https://npb.jp/bis/eng/teams/index_b.html>ORIX</a>,PL
,nan,36,4.0,70.0,-4.4,-80.9,-1.7,,-0.1,-2.6,0.2,,,<a href=https://npb.jp/bis/eng/teams/index_b.html>ORIX</a>,PL
,nan,36,6.0,26.0,0.3,14.8,0.1,,0.1,0.1,0.2,,,<a href=https://npb.jp/bis/eng/teams/index_b.html>ORIX</a>,PL
,nan,36,,1.0,,,,,,,0.0,,,<a href=https://npb.jp/bis/eng/teams/index_b.html>ORIX</a>,PL
,nan,34,2.0,461.2,-0.9,-2.5,,-1.6,,0.7,6.6,-2.7,-0.9,<a href=https://npb.jp/bis/eng/teams/index_f.html>Nipponham</a>,PL
,nan,27,4.0,6.0,0.1,21.4,0.2,,-0.1,0.0,0.0,,,<a href=https://npb.jp/bis/eng/teams/index_g.html>Yomiuri</a>,CL
,nan,27,5.0,48.0,0.3,8.0,0.1,,0.0,0.3,-0.2,,,<a href=https://npb.jp/bis/eng/teams/index_g.html>Yomiuri</a>,CL
,nan,27,6.0,29.0,-0.5,-22.2,-0.4,,-0.3,0.2,0.2,,,<a href=https://npb.jp/bis/eng/teams/index_g.html>Yomiuri</a>,CL
,nan,27,7.0,213.0,-7.5,-45.3,-5.7,-1.9,,0.1,-2.0,,,<a href=https://npb.jp/bis/eng/teams/index_g.html>Yomiuri</a>,CL
,nan,25,2.0,888.2,2.7,3.9,,1.8,,0.9,12.7,4.8,-0.6,<a href=https://npb.jp/bis/eng/teams/index_db.html>DeNA</a>,CL
,nan,26,3.0,23.2,0.2,10.9,0.1,,0.0,0.1,-0.3,,,<a href=https://npb.jp/bis/eng/teams/index_m.html>Lotte</a>,PL
,nan,26,5.0,10.0,0.1,12.9,0.1,,-0.1,0.1,0.0,,,<a href=https://npb.jp/bis/eng/teams/index_m.html>Lotte</a>,PL
,nan,26,,1.0,,,,,,,0.0,,,<a href=https://npb.jp/bis/eng/teams/index_m.html>Lotte</a>,PL
,nan,31,4.0,591.2,1.6,3.5,2.8,,0.6,-1.8,1.6,,,<a href=https://npb.jp/bis/eng/teams/index_h.html>SoftBank</a>,PL
,nan,31,,1.0,,,,,,,0.0,,,<a href=https://npb.jp/bis/eng/teams/index_h.html>SoftBank</a>,PL
,nan,26,6.0,1209.2,-1.4,-1.5,-4.1,,2.9,-0.2,9.9,,,<a href=https://npb.jp/bis/eng/teams/index_e.html>Rakuten</a>,PL
,nan,25,7.0,124.0,1.1,11.4,1.1,-0.1,,0.1,-1.2,,,<a href=https://npb.jp/bis/eng/teams/index_c.html>Hiroshima</a>,CL
,nan,25,8.0,8.0,0.1,16.1,0.2,-0.2,,0.0,0.0,,,<a href=https://npb.jp/bis/eng/teams/index_c.html>Hiroshima</a>,CL
,nan,27,7.0,9.0,0.5,71.5,0.0,0.5,,0.0,-0.1,,,<a href=https://npb.jp/bis/eng/teams/index_s.html>Yakult</a>,CL
,nan,27,8.0,17.0,-1.1,-83.3,-0.6,-0.5,,0.0,0.1,,,<a href=https://npb.jp/bis/eng/teams/index_s.html>Yakult</a>,CL
,nan,27,9.0,67.1,-0.8,-15.3,-0.4,-0.4,,0.0,-0.3,,,<a href=https://npb.jp/bis/eng/teams/index_s.html>Yakult</a>,CL
,nan,24,3.0,25.0,0.2,10.3,0.1,,0.0,0.1,-0.3,,,<a href=https://npb.jp/bis/eng/teams/index_m.html>Lotte</a>,PL
,nan,24,4.0,65.0,-0.5,-9.9,-0.2,,-0.5,0.2,0.2,,,<a href=https://npb.jp/bis/eng/teams/index_m.html>Lotte</a>,PL
,nan,24,5.0,18.0,-1.4,-100.1,-0.7,,0.0,-0.6,-0.1,,,<a href=https://npb.jp/bis/eng/teams/index_m.html>Lotte</a>,PL
,nan,24,,1.0,,,,,,,0.0,,,<a href=https://npb.jp/bis/eng/teams/index_m.html>Lotte</a>,PL
,nan,30,5.0,45.1,1.7,48.3,1.0,,0.2,0.5,-0.2,,,<a href=https://npb.jp/bis/eng/teams/index_g.html>Yomiuri</a>,CL
,nan,30,6.0,2.0,0.1,64.4,-0.1,,0.1,0.0,0.0,,,<a href=https://npb.jp/bis/eng/teams/index_g.html>Yomiuri</a>,CL
,nan,30,7.0,10.2,0.8,96.2,0.8,0.0,,0.0,-0.1,,,<a href=https://npb.jp/bis/eng/teams/index_g.html>Yomiuri</a>,CL
,nan,30,8.0,11.0,0.4,46.8,0.2,0.2,,0.0,0.0,,,<a href=https://npb.jp/bis/eng/teams/index_g.html>Yomiuri</a>,CL
,nan,30,9.0,7.0,0.3,55.2,0.3,0.0,,0.0,0.0,,,<a href=https://npb.jp/bis/eng/teams/index_g.html>Yomiuri</a>,CL
,nan,27,3.0,15.0,-0.2,-17.2,-0.2,,0.0,0.0,-0.2,,,<a href=https://npb.jp/bis/eng/teams/index_h.html>SoftBank</a>,PL
,nan,27,5.0,1221.1,16.9,17.8,10.7,,0.5,5.7,-4.6,,,<a href=https://npb.jp/bis/eng/teams/index_h.html>SoftBank</a>,PL
,nan,22,2.0,89.1,0.5,7.2,,0.6,,-0.1,1.3,2.7,-0.5,<a href=https://npb.jp/bis/eng/teams/index_s.html>Yakult</a>,CL
,nan,22,7.0,2.0,0.0,0.0,0.0,0.0,,0.0,0.0,,,<a href=https://npb.jp/bis/eng/teams/index_s.html>Yakult</a>,CL
,nan,22,9.0,3.0,0.3,128.7,0.3,0.0,,0.0,0.0,,,<a href=https://npb.jp/bis/eng/teams/index_s.html>Yakult</a>,CL
,nan,28,7.0,3.0,-0.3,-128.7,-0.3,0.0,,0.0,0.0,,,<a href=https://npb.jp/bis/eng/teams/index_d.html>Chunichi</a>,CL
,nan,28,8.0,102.0,-1.0,-12.6,-0.2,-0.9,,0.0,0.3,,,<a href=https://npb.jp/bis/eng/teams/index_d.html>Chunichi</a>,CL
,nan,28,9.0,111.2,1.2,13.8,0.4,0.8,,0.0,-0.4,,,<a href=https://npb.jp/bis/eng/teams/index_d.html>Chunichi</a>,CL
,nan,30,5.0,377.1,-1.1,-3.8,1.9,,-0.4,-2.5,-1.4,,,<a href=https://npb.jp/bis/eng/teams/index_d.html>Chunichi</a>,CL
,nan,26,4.0,533.2,8.2,19.8,7.1,,1.2,-0.1,1.4,,,<a href=https://npb.jp/bis/eng/teams/index_m.html>Lotte</a>,PL
,nan,26,6.0,216.1,4.7,28.0,3.4,,0.0,1.3,1.8,,,<a href=https://npb.jp/bis/eng/teams/index_m.html>Lotte</a>,PL
,nan,26,,3.0,,,,,,,0.0,,,<a href=https://npb.jp/bis/eng/teams/index_m.html>Lotte</a>,PL
,nan,23,7.0,198.2,-2.1,-13.6,-3.7,1.5,,0.1,-1.9,,,<a href=https://npb.jp/bis/eng/teams/index_l.html>Seibu</a>,PL
,nan,23,8.0,18.2,0.1,6.9,0.1,0.0,,0.0,0.1,,,<a href=https://npb.jp/bis/eng/teams/index_l.html>Seibu</a>,PL
,nan,23,9.0,287.1,-0.7,-3.1,-2.2,1.5,,0.1,-1.1,,,<a href=https://npb.jp/bis/eng/teams/index_l.html>Seibu</a>,PL
,nan,23,,8.0,,,,,,,-0.1,,,<a href=https://npb.jp/bis/eng/teams/index_l.html>Seibu</a>,PL
,nan,25,7.0,15.0,0.0,0.0,-0.6,0.6,,0.0,-0.1,,,<a href=https://npb.jp/bis/eng/teams/index_s.html>Yakult</a>,CL
,nan,25,8.0,54.0,0.2,4.8,-1.5,1.7,,0.0,0.2,,,<a href=https://npb.jp/bis/eng/teams/index_s.html>Yakult</a>,CL
,nan,25,9.0,49.2,0.7,18.1,0.3,0.4,,0.0,-0.2,,,<a href=https://npb.jp/bis/eng/teams/index_s.html>Yakult</a>,CL
,nan,21,7.0,32.0,1.5,60.3,1.6,-0.2,,0.0,-0.3,,,<a href=https://npb.jp/bis/eng/teams/index_m.html>Lotte</a>,PL
,nan,21,9.0,8.0,-0.8,-128.7,-0.9,0.1,,0.0,0.0,,,<a href=https://npb.jp/bis/eng/teams/index_m.html>Lotte</a>,PL
,nan,32,7.0,120.2,1.3,13.9,1.1,0.1,,0.1,-1.1,,,<a href=https://npb.jp/bis/eng/teams/index_db.html>DeNA</a>,CL
,nan,32,9.0,140.2,-7.3,-66.8,-6.1,-1.3,,0.0,-0.6,,,<a href=https://npb.jp/bis/eng/teams/index_db.html>DeNA</a>,CL
,nan,32,,35.0,,,,,,,-0.4,,,<a href=https://npb.jp/bis/eng/teams/index_db.html>DeNA</a>,CL
,nan,28,3.0,730.2,1.1,1.9,1.6,,-0.9,0.3,-8.1,,,<a href=https://npb.jp/bis/eng/teams/index_f.html>Nipponham</a>,PL
,nan,28,,186.2,,,,,,,-2.2,,,<a href=https://npb.jp/bis/eng/teams/index_f.html>Nipponham</a>,PL
,nan,24,2.0,66.0,-1.1,-21.4,,-0.7,,-0.5,0.9,0.7,0.3,<a href=https://npb.jp/bis/eng/teams/index_b.html>ORIX</a>,PL
,nan,23,7.0,30.0,0.0,0.0,0.3,-0.3,,0.0,-0.3,,,<a href=https://npb.jp/bis/eng/teams/index_f.html>Nipponham</a>,PL
,nan,23,8.0,10.0,-2.3,-296.0,-1.8,-0.4,,0.0,0.0,,,<a href=https://npb.jp/bis/eng/teams/index_f.html>Nipponham</a>,PL
,nan,23,9.0,4.0,0.6,193.0,0.8,-0.2,,0.0,0.0,,,<a href=https://npb.jp/bis/eng/teams/index_f.html>Nipponham</a>,PL
,nan,25,4.0,33.1,-0.3,-11.6,-0.5,,0.1,0.1,0.1,,,<a href=https://npb.jp/bis/eng/teams/index_h.html>SoftBank</a>,PL
,nan,25,6.0,20.0,-0.7,-45.0,-0.2,,0.1,-0.6,0.2,,,<a href=https://npb.jp/bis/eng/teams/index_h.html>SoftBank</a>,PL
,nan,42,7.0,25.0,-1.7,-87.5,-0.9,0.1,,-0.8,-0.2,,,<a href=https://npb.jp/bis/eng/teams/index_s.html>Yakult</a>,CL
,nan,42,8.0,7.0,-0.6,-110.3,-0.6,0.0,,0.0,0.0,,,<a href=https://npb.jp/bis/eng/teams/index_s.html>Yakult</a>,CL
,nan,42,9.0,111.0,-2.9,-33.6,-1.8,-1.1,,0.0,-0.4,,,<a href=https://npb.jp/bis/eng/teams/index_s.html>Yakult</a>,CL
,nan,42,,5.0,,,,,,,-0.1,,,<a href=https://npb.jp/bis/eng/teams/index_s.html>Yakult</a>,CL
,nan,18,2.0,8.0,-0.3,-48.3,,0.0,,-0.3,0.1,-0.3,0.0,<a href=https://npb.jp/bis/eng/teams/index_m.html>Lotte</a>,PL
,nan,18,,9.0,,,,,,,-0.1,,,<a href=https://npb.jp/bis/eng/teams/index_m.html>Lotte</a>,PL
,nan,23,7.0,285.0,-2.0,-9.0,-2.4,0.2,,0.2,-2.7,,,<a href=https://npb.jp/bis/eng/teams/index_e.html>Rakuten</a>,PL
,nan,23,,2.0,,,,,,,0.0,,,<a href=https://npb.jp/bis/eng/teams/index_e.html>Rakuten</a>,PL
,nan,32,3.0,852.1,-3.7,-5.6,-2.9,,-1.2,0.3,-9.5,,,<a href=https://npb.jp/bis/eng/teams/index_db.html>DeNA</a>,CL
,nan,32,,27.0,,,,,,,-0.3,,,<a href=https://npb.jp/bis/eng/teams/index_db.html>DeNA</a>,CL
,nan,35,3.0,698.1,-2.4,-4.4,-2.9,,-0.2,0.7,-7.8,,,<a href=https://npb.jp/bis/eng/teams/index_m.html>Lotte</a>,PL
,nan,35,,345.1,,,,,,,-4.1,,,<a href=https://npb.jp/bis/eng/teams/index_m.html>Lotte</a>,PL
,nan,30,2.0,343.0,2.7,10.1,,2.7,,0.0,4.9,1.8,-1.0,<a href=https://npb.jp/bis/eng/teams/index_s.html>Yakult</a>,CL
,nan,33,4.0,15.2,-0.1,-8.2,-0.3,,0.1,0.0,0.0,,,<a href=https://npb.jp/bis/eng/teams/index_db.html>DeNA</a>,CL
,nan,33,5.0,6.0,-1.5,-321.8,-0.1,,0.0,-1.4,0.0,,,<a href=https://npb.jp/bis/eng/teams/index_db.html>DeNA</a>,CL
,nan,33,6.0,15.0,-2.5,-214.5,-2.2,,-0.4,0.1,0.1,,,<a href=https://npb.jp/bis/eng/teams/index_db.html>DeNA</a>,CL
,nan,34,3.0,73.0,1.7,30.0,1.2,,0.2,0.3,-0.8,,,<a href=https://npb.jp/bis/eng/teams/index_e.html>Rakuten</a>,PL
,nan,34,5.0,24.1,0.8,42.4,0.6,,0.0,0.3,-0.1,,,<a href=https://npb.jp/bis/eng/teams/index_e.html>Rakuten</a>,PL
,nan,34,7.0,217.0,-3.7,-21.9,-0.2,-2.1,,-1.5,-2.1,,,<a href=https://npb.jp/bis/eng/teams/index_e.html>Rakuten</a>,PL
,nan,34,,190.1,,,,,,,-2.3,,,<a href=https://npb.jp/bis/eng/teams/index_e.html>Rakuten</a>,PL
,nan,28,5.0,734.1,-6.6,-11.6,-6.4,,0.2,-0.4,-2.8,,,<a href=https://npb.jp/bis/eng/teams/index_b.html>ORIX</a>,PL
,nan,36,3.0,35.1,-0.1,-3.6,-0.2,,0.0,0.2,-0.4,,,<a href=https://npb.jp/bis/eng/teams/index_db.html>DeNA</a>,CL
,nan,36,4.0,23.0,1.1,61.6,1.1,,-0.1,0.1,0.1,,,<a href=https://npb.jp/bis/eng/teams/index_db.html>DeNA</a>,CL
,nan,36,5.0,7.0,-0.6,-110.3,-0.6,,0.0,0.0,0.0,,,<a href=https://npb.jp/bis/eng/teams/index_db.html>DeNA</a>,CL
,nan,36,6.0,105.0,-0.2,-2.5,-0.7,,-0.1,0.6,0.9,,,<a href=https://npb.jp/bis/eng/teams/index_db.html>DeNA</a>,CL
,nan,35,3.0,17.0,0.2,15.1,0.1,,0.0,0.0,-0.2,,,<a href=https://npb.jp/bis/eng/teams/index_b.html>ORIX</a>,PL
,nan,35,4.0,137.0,1.7,16.0,2.8,,-0.4,-0.7,0.4,,,<a href=https://npb.jp/bis/eng/teams/index_b.html>ORIX</a>,PL
,nan,35,5.0,7.0,-0.3,-55.2,-0.3,,0.0,0.0,0.0,,,<a href=https://npb.jp/bis/eng/teams/index_b.html>ORIX</a>,PL
,nan,35,6.0,1.0,-0.8,-1029.6,-0.8,,0.0,0.0,0.0,,,<a href=https://npb.jp/bis/eng/teams/index_b.html>ORIX</a>,PL
,nan,32,7.0,254.2,-9.3,-47.0,-6.0,-2.6,,-0.7,-2.4,,,<a href=https://npb.jp/bis/eng/teams/index_m.html>Lotte</a>,PL
,nan,32,,679.2,,,,,,,-8.1,,,<a href=https://npb.jp/bis/eng/teams/index_m.html>Lotte</a>,PL
,nan,25,4.0,73.0,-2.8,-49.4,-0.4,,-0.6,-1.8,0.2,,,<a href=https://npb.jp/bis/eng/teams/index_c.html>Hiroshima</a>,CL
,nan,25,6.0,1066.0,5.3,6.4,-1.0,,2.9,3.3,8.7,,,<a href=https://npb.jp/bis/eng/teams/index_c.html>Hiroshima</a>,CL
,nan,27,3.0,18.0,0.2,14.3,0.2,,0.0,0.0,-0.2,,,<a href=https://npb.jp/bis/eng/teams/index_e.html>Rakuten</a>,PL
,nan,27,4.0,20.0,-0.6,-38.6,-0.1,,0.1,-0.6,0.1,,,<a href=https://npb.jp/bis/eng/teams/index_e.html>Rakuten</a>,PL
,nan,27,5.0,17.2,0.3,21.8,0.3,,-0.1,0.1,-0.1,,,<a href=https://npb.jp/bis/eng/teams/index_e.html>Rakuten</a>,PL
,nan,27,6.0,19.0,0.9,61.0,0.6,,0.1,0.2,0.2,,,<a href=https://npb.jp/bis/eng/teams/index_e.html>Rakuten</a>,PL
,nan,27,,4.0,,,,,,,0.0,,,<a href=https://npb.jp/bis/eng/teams/index_e.html>Rakuten</a>,PL
,nan,23,5.0,19.0,0.2,13.5,0.1,,0.0,0.1,-0.1,,,<a href=https://npb.jp/bis/eng/teams/index_db.html>DeNA</a>,CL
,nan,23,6.0,162.0,-6.3,-50.1,-3.7,,-0.6,-2.0,1.3,,,<a href=https://npb.jp/bis/eng/teams/index_db.html>DeNA</a>,CL
,nan,24,3.0,23.1,-0.3,-16.6,-0.4,,0.0,0.1,-0.3,,,<a href=https://npb.jp/bis/eng/teams/index_s.html>Yakult</a>,CL
,nan,24,5.0,1213.1,-8.5,-9.0,-6.2,,-1.2,-1.0,-4.6,,,<a href=https://npb.jp/bis/eng/teams/index_s.html>Yakult</a>,CL
,nan,24,,8.0,,,,,,,-0.1,,,<a href=https://npb.jp/bis/eng/teams/index_s.html>Yakult</a>,CL
,nan,33,2.0,748.2,-0.7,-1.2,,-1.7,,0.9,10.7,0.7,-0.9,<a href=https://npb.jp/bis/eng/teams/index_t.html>Hanshin</a>,CL
,nan,25,3.0,109.2,0.7,8.2,1.0,,-0.1,-0.2,-1.2,,,<a href=https://npb.jp/bis/eng/teams/index_l.html>Seibu</a>,PL
,nan,25,4.0,9.0,0.1,14.3,0.1,,0.0,0.0,0.0,,,<a href=https://npb.jp/bis/eng/teams/index_l.html>Seibu</a>,PL
,nan,25,5.0,57.1,1.5,33.7,2.4,,-0.2,-0.7,-0.2,,,<a href=https://npb.jp/bis/eng/teams/index_l.html>Seibu</a>,PL
,nan,25,6.0,3.0,-0.7,-300.3,-0.5,,-0.1,0.0,0.0,,,<a href=https://npb.jp/bis/eng/teams/index_l.html>Seibu</a>,PL
,nan,31,3.0,1217.0,-9.9,-10.5,-8.3,,0.6,-2.2,-13.6,,,<a href=https://npb.jp/bis/eng/teams/index_s.html>Yakult</a>,CL
,nan,23,4.0,356.2,-2.8,-10.1,-4.1,,0.3,0.9,1.0,,,<a href=https://npb.jp/bis/eng/teams/index_s.html>Yakult</a>,CL
,nan,23,5.0,10.0,0.9,115.8,0.6,,0.1,0.1,0.0,,,<a href=https://npb.jp/bis/eng/teams/index_s.html>Yakult</a>,CL
,nan,23,6.0,4.0,-0.3,-96.5,-0.5,,0.3,0.0,0.0,,,<a href=https://npb.jp/bis/eng/teams/index_s.html>Yakult</a>,CL
,nan,30,3.0,1.0,0.0,0.0,0.0,,0.0,0.0,0.0,,,<a href=https://npb.jp/bis/eng/teams/index_d.html>Chunichi</a>,CL
,nan,30,4.0,165.0,-0.5,-3.9,0.2,,-1.0,0.3,0.4,,,<a href=https://npb.jp/bis/eng/teams/index_d.html>Chunichi</a>,CL
,nan,30,5.0,41.0,1.6,50.2,1.0,,0.3,0.4,-0.2,,,<a href=https://npb.jp/bis/eng/teams/index_d.html>Chunichi</a>,CL
,nan,30,6.0,165.1,0.8,6.2,0.7,,0.6,-0.5,1.3,,,<a href=https://npb.jp/bis/eng/teams/index_d.html>Chunichi</a>,CL
,nan,22,5.0,858.0,14.1,21.2,9.0,,1.5,3.6,-3.3,,,<a href=https://npb.jp/bis/eng/teams/index_g.html>Yomiuri</a>,CL
,nan,22,,18.0,,,,,,,-0.2,,,<a href=https://npb.jp/bis/eng/teams/index_g.html>Yomiuri</a>,CL
,nan,40,3.0,44.0,-0.9,-26.3,-1.0,,0.0,0.1,-0.5,,,<a href=https://npb.jp/bis/eng/teams/index_l.html>Seibu</a>,PL
,nan,40,,369.2,,,,,,,-4.4,,,<a href=https://npb.jp/bis/eng/teams/index_l.html>Seibu</a>,PL
,nan,22,5.0,3.0,-0.1,-42.9,-0.1,,0.0,0.0,0.0,,,<a href=https://npb.jp/bis/eng/teams/index_b.html>ORIX</a>,PL
,nan,22,6.0,1161.1,-2.7,-3.0,-5.6,,-0.6,3.6,9.5,,,<a href=https://npb.jp/bis/eng/teams/index_b.html>ORIX</a>,PL
,nan,27,2.0,149.1,-1.0,-8.6,,-1.1,,0.0,2.1,-1.1,0.2,<a href=https://npb.jp/bis/eng/teams/index_l.html>Seibu</a>,PL
,nan,37,7.0,252.0,-0.4,-2.0,-2.0,1.4,,0.2,-2.4,,,<a href=https://npb.jp/bis/eng/teams/index_m.html>Lotte</a>,PL
,nan,37,9.0,62.0,-3.1,-64.4,-2.0,-1.1,,0.0,-0.2,,,<a href=https://npb.jp/bis/eng/teams/index_m.html>Lotte</a>,PL
,nan,37,,42.0,,,,,,,-0.5,,,<a href=https://npb.jp/bis/eng/teams/index_m.html>Lotte</a>,PL
,nan,22,2.0,16.1,-0.3,-23.7,,0.0,,-0.2,0.2,-0.2,0.1,<a href=https://npb.jp/bis/eng/teams/index_l.html>Seibu</a>,PL
,nan,22,,1.2,,,,,,,0.0,,,<a href=https://npb.jp/bis/eng/teams/index_l.html>Seibu</a>,PL
,nan,27,3.0,53.1,-1.2,-29.0,-1.2,,-0.1,0.1,-0.6,,,<a href=https://npb.jp/bis/eng/teams/index_e.html>Rakuten</a>,PL
,nan,27,5.0,18.0,-0.9,-64.4,-0.9,,0.0,0.0,-0.1,,,<a href=https://npb.jp/bis/eng/teams/index_e.html>Rakuten</a>,PL
,nan,27,6.0,3.0,-0.9,-386.1,-0.1,,-0.1,-0.7,0.0,,,<a href=https://npb.jp/bis/eng/teams/index_e.html>Rakuten</a>,PL
,nan,27,7.0,165.0,-4.2,-32.8,-4.5,0.1,,0.1,-1.6,,,<a href=https://npb.jp/bis/eng/teams/index_e.html>Rakuten</a>,PL
,nan,27,,21.0,,,,,,,-0.3,,,<a href=https://npb.jp/bis/eng/teams/index_e.html>Rakuten</a>,PL
,nan,23,4.0,32.0,-0.9,-36.2,0.0,,0.4,-1.3,0.1,,,<a href=https://npb.jp/bis/eng/teams/index_b.html>ORIX</a>,PL
,nan,23,6.0,16.0,-1.2,-96.5,-0.5,,0.0,-0.7,0.1,,,<a href=https://npb.jp/bis/eng/teams/index_b.html>ORIX</a>,PL
,nan,29,3.0,263.0,1.6,7.8,1.6,,-0.4,0.4,-2.9,,,<a href=https://npb.jp/bis/eng/teams/index_db.html>DeNA</a>,CL
,nan,29,7.0,808.2,-10.1,-16.1,-12.2,1.5,,0.5,-7.7,,,<a href=https://npb.jp/bis/eng/teams/index_db.html>DeNA</a>,CL
,nan,34,2.0,784.0,4.1,6.7,,3.8,,0.3,11.2,10.6,-0.4,<a href=https://npb.jp/bis/eng/teams/index_s.html>Yakult</a>,CL
,nan,25,4.0,4.1,-0.8,-239.4,-0.1,,0.0,-0.7,0.0,,,<a href=https://npb.jp/bis/eng/teams/index_g.html>Yomiuri</a>,CL
,nan,25,5.0,18.2,-0.6,-41.3,-0.1,,0.0,-0.5,-0.1,,,<a href=https://npb.jp/bis/eng/teams/index_g.html>Yomiuri</a>,CL
,nan,25,6.0,380.2,2.5,8.5,3.6,,-1.9,0.7,3.1,,,<a href=https://npb.jp/bis/eng/teams/index_g.html>Yomiuri</a>,CL
,nan,22,4.0,8.0,-0.6,-96.5,-0.6,,0.0,0.0,0.0,,,<a href=https://npb.jp/bis/eng/teams/index_db.html>DeNA</a>,CL
,nan,22,6.0,466.2,-0.6,-1.7,5.9,,-1.7,-4.8,3.8,,,<a href=https://npb.jp/bis/eng/teams/index_db.html>DeNA</a>,CL
,nan,31,7.0,869.0,-20.2,-29.9,-13.9,-6.2,,-0.1,-8.2,,,<a href=https://npb.jp/bis/eng/teams/index_s.html>Yakult</a>,CL
,nan,31,,50.1,,,,,,,-0.6,,,<a href=https://npb.jp/bis/eng/teams/index_s.html>Yakult</a>,CL
,nan,29,8.0,442.1,-8.8,-25.6,-8.7,-0.2,,0.0,1.5,,,<a href=https://npb.jp/bis/eng/teams/index_g.html>Yomiuri</a>,CL
,nan,29,9.0,49.2,3.1,80.3,2.9,0.2,,0.0,-0.2,,,<a href=https://npb.jp/bis/eng/teams/index_g.html>Yomiuri</a>,CL
,nan,23,3.0,14.0,0.6,55.2,0.5,,0.0,0.1,-0.2,,,<a href=https://npb.jp/bis/eng/teams/index_h.html>SoftBank</a>,PL
,nan,23,4.0,264.0,3.3,16.1,2.8,,0.2,0.3,0.7,,,<a href=https://npb.jp/bis/eng/teams/index_h.html>SoftBank</a>,PL
,nan,22,7.0,8.0,0.0,0.0,0.0,0.0,,0.0,-0.1,,,<a href=https://npb.jp/bis/eng/teams/index_f.html>Nipponham</a>,PL
,nan,22,8.0,3.0,-0.2,-85.8,-0.2,0.0,,0.0,0.0,,,<a href=https://npb.jp/bis/eng/teams/index_f.html>Nipponham</a>,PL
,nan,23,6.0,313.2,-3.7,-15.2,-2.0,,-1.2,-0.4,2.6,,,<a href=https://npb.jp/bis/eng/teams/index_t.html>Hanshin</a>,CL
,nan,21,7.0,670.0,-4.0,-7.7,-3.9,0.2,,-0.3,-6.4,,,<a href=https://npb.jp/bis/eng/teams/index_t.html>Hanshin</a>,CL
,nan,21,9.0,8.0,0.0,0.0,0.0,0.0,,0.0,0.0,,,<a href=https://npb.jp/bis/eng/teams/index_t.html>Hanshin</a>,CL
,nan,21,,19.0,,,,,,,-0.2,,,<a href=https://npb.jp/bis/eng/teams/index_t.html>Hanshin</a>,CL
,nan,24,5.0,47.0,1.7,46.6,1.2,,-0.2,0.7,-0.2,,,<a href=https://npb.jp/bis/eng/teams/index_db.html>DeNA</a>,CL
,nan,24,7.0,15.0,0.0,0.0,-1.2,1.1,,0.0,-0.1,,,<a href=https://npb.jp/bis/eng/teams/index_db.html>DeNA</a>,CL
,nan,24,9.0,2.0,-1.3,-836.6,-1.1,-0.1,,0.0,0.0,,,<a href=https://npb.jp/bis/eng/teams/index_db.html>DeNA</a>,CL
,nan,24,4.0,15.0,0.1,8.6,0.0,,0.1,0.0,0.0,,,<a href=https://npb.jp/bis/eng/teams/index_c.html>Hiroshima</a>,CL
,nan,24,5.0,29.0,-0.3,-13.3,0.0,,0.2,-0.4,-0.1,,,<a href=https://npb.jp/bis/eng/teams/index_c.html>Hiroshima</a>,CL
,nan,24,,8.0,,,,,,,-0.1,,,<a href=https://npb.jp/bis/eng/teams/index_c.html>Hiroshima</a>,CL
,nan,38,3.0,22.0,0.9,52.6,0.9,,-0.1,0.1,-0.2,,,<a href=https://npb.jp/bis/eng/teams/index_c.html>Hiroshima</a>,CL
,nan,38,,18.0,,,,,,,-0.2,,,<a href=https://npb.jp/bis/eng/teams/index_c.html>Hiroshima</a>,CL
,nan,34,7.0,192.0,1.1,7.4,0.6,0.3,,0.2,-1.8,,,<a href=https://npb.jp/bis/eng/teams/index_d.html>Chunichi</a>,CL
,nan,34,,16.2,,,,,,,-0.2,,,<a href=https://npb.jp/bis/eng/teams/index_d.html>Chunichi</a>,CL
,nan,27,2.0,645.0,3.3,6.6,,4.5,,-1.2,9.2,-3.5,1.4,<a href=https://npb.jp/bis/eng/teams/index_g.html>Yomiuri</a>,CL
,nan,27,,12.0,,,,,,,-0.1,,,<a href=https://npb.jp/bis/eng/teams/index_g.html>Yomiuri</a>,CL
,nan,22,3.0,81.0,1.7,27.0,2.3,,-0.2,-0.4,-0.9,,,<a href=https://npb.jp/bis/eng/teams/index_m.html>Lotte</a>,PL
,nan,22,5.0,56.0,-2.3,-52.9,-1.9,,0.0,-0.5,-0.2,,,<a href=https://npb.jp/bis/eng/teams/index_m.html>Lotte</a>,PL
,nan,34,3.0,621.1,2.6,5.4,0.4,,0.3,2.0,-6.9,,,<a href=https://npb.jp/bis/eng/teams/index_e.html>Rakuten</a>,PL
,nan,34,5.0,329.0,-1.8,-7.0,-2.4,,0.8,-0.1,-1.2,,,<a href=https://npb.jp/bis/eng/teams/index_e.html>Rakuten</a>,PL
,nan,34,,12.0,,,,,,,-0.1,,,<a href=https://npb.jp/bis/eng/teams/index_e.html>Rakuten</a>,PL
,nan,21,4.0,15.0,-0.6,-51.5,-0.4,,-0.3,0.1,0.0,,,<a href=https://npb.jp/bis/eng/teams/index_d.html>Chunichi</a>,CL
,nan,21,6.0,87.2,-0.8,-11.7,-1.9,,0.6,0.5,0.7,,,<a href=https://npb.jp/bis/eng/teams/index_d.html>Chunichi</a>,CL
,nan,23,3.0,343.2,0.6,2.2,1.0,,-0.1,-0.4,-3.8,,,<a href=https://npb.jp/bis/eng/teams/index_l.html>Seibu</a>,PL
,nan,23,,107.0,,,,,,,-1.3,,,<a href=https://npb.jp/bis/eng/teams/index_l.html>Seibu</a>,PL
,nan,30,3.0,68.0,-0.4,-7.6,0.0,,0.0,-0.4,-0.8,,,<a href=https://npb.jp/bis/eng/teams/index_db.html>DeNA</a>,CL
,nan,30,5.0,130.2,-1.0,-9.8,0.7,,-0.6,-1.1,-0.5,,,<a href=https://npb.jp/bis/eng/teams/index_db.html>DeNA</a>,CL
,nan,30,6.0,328.1,0.3,1.2,0.7,,-0.5,0.0,2.7,,,<a href=https://npb.jp/bis/eng/teams/index_db.html>DeNA</a>,CL
,nan,23,,58.0,,,,,,,-0.7,,,<a href=https://npb.jp/bis/eng/teams/index_h.html>SoftBank</a>,PL
,nan,31,7.0,29.1,-4.7,-206.4,-4.5,-0.3,,0.0,-0.3,,,<a href=https://npb.jp/bis/eng/teams/index_d.html>Chunichi</a>,CL
,nan,31,8.0,18.0,0.1,7.2,0.3,-0.2,,0.0,0.1,,,<a href=https://npb.jp/bis/eng/teams/index_d.html>Chunichi</a>,CL
,nan,31,9.0,24.0,-1.7,-91.2,-1.5,-0.2,,0.0,-0.1,,,<a href=https://npb.jp/bis/eng/teams/index_d.html>Chunichi</a>,CL
,nan,31,3.0,46.0,-0.6,-16.8,0.5,,0.0,-1.2,-0.5,,,<a href=https://npb.jp/bis/eng/teams/index_db.html>DeNA</a>,CL
,nan,26,3.0,8.2,-0.2,-29.6,-0.2,,0.0,0.0,-0.1,,,<a href=https://npb.jp/bis/eng/teams/index_db.html>DeNA</a>,CL
,nan,26,4.0,1127.0,-9.8,-11.2,-2.4,,-2.9,-4.5,3.0,,,<a href=https://npb.jp/bis/eng/teams/index_db.html>DeNA</a>,CL
,nan,26,,9.0,,,,,,,-0.1,,,<a href=https://npb.jp/bis/eng/teams/index_db.html>DeNA</a>,CL
,nan,23,7.0,38.0,0.0,0.0,1.2,-0.4,,-0.8,-0.4,,,<a href=https://npb.jp/bis/eng/teams/index_l.html>Seibu</a>,PL
,nan,23,,118.1,,,,,,,-1.4,,,<a href=https://npb.jp/bis/eng/teams/index_l.html>Seibu</a>,PL
,nan,33,5.0,830.1,-4.0,-6.2,-6.4,,0.8,1.7,-3.2,,,<a href=https://npb.jp/bis/eng/teams/index_e.html>Rakuten</a>,PL
,nan,33,,291.0,,,,,,,-3.5,,,<a href=https://npb.jp/bis/eng/teams/index_e.html>Rakuten</a>,PL
,nan,20,7.0,17.0,0.7,53.0,1.1,-0.4,,0.0,-0.2,,,<a href=https://npb.jp/bis/eng/teams/index_b.html>ORIX</a>,PL
,nan,20,9.0,31.0,-0.5,-20.8,-0.5,0.0,,0.0,-0.1,,,<a href=https://npb.jp/bis/eng/teams/index_b.html>ORIX</a>,PL
,nan,20,,1.0,,,,,,,0.0,,,<a href=https://npb.jp/bis/eng/teams/index_b.html>ORIX</a>,PL
,nan,25,3.0,5.2,0.2,45.2,0.2,,0.0,0.0,-0.1,,,<a href=https://npb.jp/bis/eng/teams/index_d.html>Chunichi</a>,CL
,nan,25,4.0,15.0,0.2,17.2,0.2,,0.0,0.1,0.0,,,<a href=https://npb.jp/bis/eng/teams/index_d.html>Chunichi</a>,CL
,nan,25,5.0,1.0,0.0,0.0,0.0,,0.0,0.0,0.0,,,<a href=https://npb.jp/bis/eng/teams/index_d.html>Chunichi</a>,CL
,nan,25,6.0,5.0,0.5,128.7,0.4,,0.1,0.0,0.0,,,<a href=https://npb.jp/bis/eng/teams/index_d.html>Chunichi</a>,CL
,nan,20,7.0,38.0,-0.3,-10.2,-1.2,0.8,,0.0,-0.4,,,<a href=https://npb.jp/bis/eng/teams/index_c.html>Hiroshima</a>,CL
,nan,20,9.0,178.0,-1.4,-10.1,-1.8,0.4,,0.1,-0.7,,,<a href=https://npb.jp/bis/eng/teams/index_c.html>Hiroshima</a>,CL
,nan,24,4.0,7.0,-0.2,-36.8,-0.2,,0.0,0.0,0.0,,,<a href=https://npb.jp/bis/eng/teams/index_g.html>Yomiuri</a>,CL
,nan,24,5.0,15.1,0.7,58.9,0.6,,0.0,0.1,-0.1,,,<a href=https://npb.jp/bis/eng/teams/index_g.html>Yomiuri</a>,CL
,nan,24,6.0,3.0,0.5,214.5,0.2,,0.3,0.0,0.0,,,<a href=https://npb.jp/bis/eng/teams/index_g.html>Yomiuri</a>,CL
,nan,32,3.0,439.1,3.0,8.8,2.3,,0.0,0.7,-4.9,,,<a href=https://npb.jp/bis/eng/teams/index_c.html>Hiroshima</a>,CL
,nan,32,7.0,129.2,-2.1,-20.8,-1.7,-0.5,,0.1,-1.2,,,<a href=https://npb.jp/bis/eng/teams/index_c.html>Hiroshima</a>,CL
,nan,23,7.0,12.0,0.0,0.0,0.6,-0.6,,0.0,-0.1,,,<a href=https://npb.jp/bis/eng/teams/index_e.html>Rakuten</a>,PL
,nan,23,3.0,5.0,0.1,25.7,0.2,,-0.1,0.0,-0.1,,,<a href=https://npb.jp/bis/eng/teams/index_m.html>Lotte</a>,PL
,nan,23,7.0,104.0,2.3,28.5,2.1,0.1,,0.1,-1.0,,,<a href=https://npb.jp/bis/eng/teams/index_m.html>Lotte</a>,PL
,nan,23,9.0,267.1,-5.3,-25.5,-4.1,-1.3,,0.1,-1.1,,,<a href=https://npb.jp/bis/eng/teams/index_m.html>Lotte</a>,PL
,nan,36,2.0,400.1,-1.6,-5.1,,-1.3,,-0.3,5.7,0.7,0.4,<a href=https://npb.jp/bis/eng/teams/index_c.html>Hiroshima</a>,CL
,nan,25,3.0,311.1,-1.5,-6.2,-1.4,,-0.1,0.0,-3.5,,,<a href=https://npb.jp/bis/eng/teams/index_b.html>ORIX</a>,PL
,nan,25,,359.0,,,,,,,-4.3,,,<a href=https://npb.jp/bis/eng/teams/index_b.html>ORIX</a>,PL
,nan,26,2.0,583.0,1.8,4.0,,1.3,,0.5,8.3,-0.2,-0.3,<a href=https://npb.jp/bis/eng/teams/index_c.html>Hiroshima</a>,CL
,nan,26,3.0,413.1,-2.5,-7.8,-3.7,,0.8,0.4,-4.6,,,<a href=https://npb.jp/bis/eng/teams/index_c.html>Hiroshima</a>,CL
,nan,26,,8.0,,,,,,,-0.1,,,<a href=https://npb.jp/bis/eng/teams/index_c.html>Hiroshima</a>,CL
,nan,35,2.0,1.0,0.0,0.0,,0.0,,0.0,0.0,-0.3,0.0,<a href=https://npb.jp/bis/eng/teams/index_l.html>Seibu</a>,PL
,nan,24,2.0,771.0,1.7,2.8,,2.5,,-0.8,11.0,2.1,-0.3,<a href=https://npb.jp/bis/eng/teams/index_l.html>Seibu</a>,PL
,nan,28,5.0,1.0,0.0,0.0,0.0,,0.0,0.0,0.0,,,<a href=https://npb.jp/bis/eng/teams/index_e.html>Rakuten</a>,PL
,nan,28,6.0,17.0,-0.4,-30.3,-0.5,,0.0,0.1,0.1,,,<a href=https://npb.jp/bis/eng/teams/index_e.html>Rakuten</a>,PL
,nan,35,9.0,327.0,7.0,27.6,7.0,-0.2,,0.2,-1.3,,,<a href=https://npb.jp/bis/eng/teams/index_h.html>SoftBank</a>,PL
,nan,35,,118.0,,,,,,,-1.4,,,<a href=https://npb.jp/bis/eng/teams/index_h.html>SoftBank</a>,PL
,nan,31,4.0,34.0,1.0,37.9,0.9,,-0.2,0.3,0.1,,,<a href=https://npb.jp/bis/eng/teams/index_b.html>ORIX</a>,PL
,nan,31,5.0,2.0,-0.1,-64.4,-0.1,,0.0,0.0,0.0,,,<a href=https://npb.jp/bis/eng/teams/index_b.html>ORIX</a>,PL
,nan,23,4.0,86.0,-0.7,-10.5,-1.4,,0.5,0.3,0.2,,,<a href=https://npb.jp/bis/eng/teams/index_db.html>DeNA</a>,CL
,nan,23,5.0,7.0,-0.5,-91.9,-0.5,,0.0,0.0,0.0,,,<a href=https://npb.jp/bis/eng/teams/index_db.html>DeNA</a>,CL
,nan,23,6.0,206.1,-2.1,-13.1,-1.5,,0.5,-1.1,1.7,,,<a href=https://npb.jp/bis/eng/teams/index_db.html>DeNA</a>,CL
,nan,24,5.0,1048.0,-14.2,-17.4,-13.3,,-0.8,-0.1,-4.0,,,<a href=https://npb.jp/bis/eng/teams/index_c.html>Hiroshima</a>,CL
,nan,24,6.0,190.1,-2.3,-15.6,-0.7,,-0.8,-0.8,1.6,,,<a href=https://npb.jp/bis/eng/teams/index_c.html>Hiroshima</a>,CL
,nan,24,,9.2,,,,,,,-0.1,,,<a href=https://npb.jp/bis/eng/teams/index_c.html>Hiroshima</a>,CL
,nan,35,9.0,34.0,0.2,7.6,0.3,-0.2,,0.0,-0.1,,,<a href=https://npb.jp/bis/eng/teams/index_g.html>Yomiuri</a>,CL
,nan,25,7.0,381.2,0.8,2.7,1.3,-0.8,,0.3,-3.6,,,<a href=https://npb.jp/bis/eng/teams/index_d.html>Chunichi</a>,CL
,nan,25,9.0,843.1,-7.9,-12.1,-3.1,-3.4,,-1.4,-3.3,,,<a href=https://npb.jp/bis/eng/teams/index_d.html>Chunichi</a>,CL
,nan,25,,16.0,,,,,,,-0.2,,,<a href=https://npb.jp/bis/eng/teams/index_d.html>Chunichi</a>,CL
,nan,27,3.0,475.0,-5.6,-15.2,-4.6,,-0.1,-0.9,-5.3,,,<a href=https://npb.jp/bis/eng/teams/index_b.html>ORIX</a>,PL
,nan,27,,148.0,,,,,,,-1.8,,,<a href=https://npb.jp/bis/eng/teams/index_b.html>ORIX</a>,PL
,nan,29,7.0,298.1,2.7,11.6,5.5,-2.2,,-0.6,-2.8,,,<a href=https://npb.jp/bis/eng/teams/index_t.html>Hanshin</a>,CL
,nan,27,3.0,56.1,-0.5,-11.4,-0.9,,0.2,0.2,-0.6,,,<a href=https://npb.jp/bis/eng/teams/index_l.html>Seibu</a>,PL
,nan,27,4.0,36.0,0.6,21.4,0.5,,0.0,0.2,0.1,,,<a href=https://npb.jp/bis/eng/teams/index_l.html>Seibu</a>,PL
,nan,27,5.0,499.1,1.0,2.6,-0.1,,0.0,1.1,-1.9,,,<a href=https://npb.jp/bis/eng/teams/index_l.html>Seibu</a>,PL
,nan,27,,168.2,,,,,,,-2.0,,,<a href=https://npb.jp/bis/eng/teams/index_l.html>Seibu</a>,PL
,nan,31,2.0,33.0,-0.2,-7.8,,0.0,,-0.2,0.5,-1.9,-0.1,<a href=https://npb.jp/bis/eng/teams/index_e.html>Rakuten</a>,PL
,nan,25,3.0,6.0,0.0,0.0,0.0,,0.0,0.0,-0.1,,,<a href=https://npb.jp/bis/eng/teams/index_g.html>Yomiuri</a>,CL
,nan,25,5.0,2.0,0.0,0.0,0.0,,0.0,0.0,0.0,,,<a href=https://npb.jp/bis/eng/teams/index_g.html>Yomiuri</a>,CL
,nan,25,5.0,7.0,0.4,73.5,0.4,,-0.1,0.1,0.0,,,<a href=https://npb.jp/bis/eng/teams/index_e.html>Rakuten</a>,PL
,nan,25,7.0,33.0,1.5,58.5,1.0,0.4,,0.0,-0.3,,,<a href=https://npb.jp/bis/eng/teams/index_e.html>Rakuten</a>,PL
,nan,25,,4.0,,,,,,,0.0,,,<a href=https://npb.jp/bis/eng/teams/index_e.html>Rakuten</a>,PL
,nan,25,5.0,1045.0,-9.1,-11.2,-4.0,,0.2,-5.3,-4.0,,,<a href=https://npb.jp/bis/eng/teams/index_t.html>Hanshin</a>,CL
,nan,23,3.0,420.1,0.3,0.9,-0.8,,0.6,0.5,-4.7,,,<a href=https://npb.jp/bis/eng/teams/index_d.html>Chunichi</a>,CL
,nan,23,5.0,107.0,1.4,16.8,0.9,,-0.1,0.6,-0.4,,,<a href=https://npb.jp/bis/eng/teams/index_d.html>Chunichi</a>,CL
,nan,23,,6.0,,,,,,,-0.1,,,<a href=https://npb.jp/bis/eng/teams/index_d.html>Chunichi</a>,CL
,nan,35,5.0,911.2,-6.0,-8.5,-6.5,,-0.2,0.7,-3.5,,,<a href=https://npb.jp/bis/eng/teams/index_db.html>DeNA</a>,CL
,nan,35,,8.0,,,,,,,-0.1,,,<a href=https://npb.jp/bis/eng/teams/index_db.html>DeNA</a>,CL
,nan,32,5.0,968.1,7.0,9.3,4.5,,-0.3,2.9,-3.7,,,<a href=https://npb.jp/bis/eng/teams/index_m.html>Lotte</a>,PL
,nan,29,7.0,127.1,1.6,16.2,0.7,0.8,,0.1,-1.2,,,<a href=https://npb.jp/bis/eng/teams/index_e.html>Rakuten</a>,PL
,nan,29,8.0,7.0,0.5,91.9,0.5,0.0,,0.0,0.0,,,<a href=https://npb.jp/bis/eng/teams/index_e.html>Rakuten</a>,PL
,nan,29,,5.0,,,,,,,-0.1,,,<a href=https://npb.jp/bis/eng/teams/index_e.html>Rakuten</a>,PL
,nan,26,3.0,4.0,0.4,128.7,0.4,,0.0,0.0,0.0,,,<a href=https://npb.jp/bis/eng/teams/index_t.html>Hanshin</a>,CL
,nan,26,7.0,27.0,-0.3,-14.3,-0.6,0.2,,0.0,-0.3,,,<a href=https://npb.jp/bis/eng/teams/index_t.html>Hanshin</a>,CL
,nan,31,3.0,15.1,0.6,50.5,0.6,,0.0,0.1,-0.2,,,<a href=https://npb.jp/bis/eng/teams/index_t.html>Hanshin</a>,CL
,nan,31,5.0,79.0,-1.5,-24.4,-1.7,,0.2,0.0,-0.3,,,<a href=https://npb.jp/bis/eng/teams/index_t.html>Hanshin</a>,CL
,nan,31,,27.2,,,,,,,-0.3,,,<a href=https://npb.jp/bis/eng/teams/index_t.html>Hanshin</a>,CL
,nan,29,3.0,76.2,-0.3,-5.0,-0.5,,0.0,0.2,-0.9,,,<a href=https://npb.jp/bis/eng/teams/index_t.html>Hanshin</a>,CL
,nan,29,4.0,4.0,-0.2,-64.4,0.6,,-0.1,-0.6,0.0,,,<a href=https://npb.jp/bis/eng/teams/index_t.html>Hanshin</a>,CL
,nan,29,5.0,126.0,0.9,9.2,2.4,,0.2,-1.7,-0.5,,,<a href=https://npb.jp/bis/eng/teams/index_t.html>Hanshin</a>,CL
,nan,28,5.0,33.2,-1.7,-64.9,-1.8,,0.0,0.0,-0.1,,,<a href=https://npb.jp/bis/eng/teams/index_t.html>Hanshin</a>,CL
,nan,28,6.0,7.0,1.0,183.9,0.7,,0.1,0.1,0.1,,,<a href=https://npb.jp/bis/eng/teams/index_t.html>Hanshin</a>,CL
,nan,28,7.0,3.0,0.3,128.7,0.3,0.0,,0.0,0.0,,,<a href=https://npb.jp/bis/eng/teams/index_t.html>Hanshin</a>,CL
,nan,40,7.0,71.0,0.4,7.3,-1.0,1.3,,0.1,-0.7,,,<a href=https://npb.jp/bis/eng/teams/index_l.html>Seibu</a>,PL
,nan,40,,189.2,,,,,,,-2.3,,,<a href=https://npb.jp/bis/eng/teams/index_l.html>Seibu</a>,PL
,nan,27,7.0,10.0,-1.9,-244.5,-0.8,-0.2,,-0.8,-0.1,,,<a href=https://npb.jp/bis/eng/teams/index_t.html>Hanshin</a>,CL
,nan,27,9.0,14.0,-1.3,-119.5,-1.0,-0.3,,0.0,-0.1,,,<a href=https://npb.jp/bis/eng/teams/index_t.html>Hanshin</a>,CL
,nan,27,,8.0,,,,,,,-0.1,,,<a href=https://npb.jp/bis/eng/teams/index_t.html>Hanshin</a>,CL
,nan,25,3.0,10.0,0.2,25.7,0.2,,0.0,0.0,-0.1,,,<a href=https://npb.jp/bis/eng/teams/index_db.html>DeNA</a>,CL
,nan,25,4.0,12.0,-0.7,-75.1,-0.8,,0.1,0.0,0.0,,,<a href=https://npb.jp/bis/eng/teams/index_db.html>DeNA</a>,CL
,nan,25,5.0,16.2,-0.5,-38.5,-0.4,,-0.1,0.0,-0.1,,,<a href=https://npb.jp/bis/eng/teams/index_db.html>DeNA</a>,CL
,nan,24,7.0,40.0,-1.2,-38.6,-1.1,-0.1,,0.0,-0.4,,,<a href=https://npb.jp/bis/eng/teams/index_c.html>Hiroshima</a>,CL
,nan,24,9.0,7.0,0.3,55.2,0.3,0.0,,0.0,0.0,,,<a href=https://npb.jp/bis/eng/teams/index_c.html>Hiroshima</a>,CL
,nan,32,2.0,407.0,0.6,1.9,,-0.1,,0.7,5.8,1.5,0.0,<a href=https://npb.jp/bis/eng/teams/index_d.html>Chunichi</a>,CL
,nan,26,5.0,27.2,-0.3,-13.9,0.3,,0.0,-0.6,-0.1,,,<a href=https://npb.jp/bis/eng/teams/index_l.html>Seibu</a>,PL
,nan,26,,9.0,,,,,,,-0.1,,,<a href=https://npb.jp/bis/eng/teams/index_l.html>Seibu</a>,PL
,nan,31,7.0,146.0,2.9,25.6,1.6,1.1,,0.1,-1.4,,,<a href=https://npb.jp/bis/eng/teams/index_d.html>Chunichi</a>,CL
,nan,26,3.0,3.0,0.0,0.0,0.0,,0.0,0.0,0.0,,,<a href=https://npb.jp/bis/eng/teams/index_g.html>Yomiuri</a>,CL
,nan,28,2.0,762.0,6.9,11.7,,6.4,,0.5,10.9,3.2,2.2,<a href=https://npb.jp/bis/eng/teams/index_b.html>ORIX</a>,PL
,nan,26,7.0,115.0,-1.4,-15.7,-1.5,0.1,,0.1,-1.1,,,<a href=https://npb.jp/bis/eng/teams/index_g.html>Yomiuri</a>,CL
,nan,22,4.0,11.0,-0.3,-35.1,-0.3,,0.0,0.0,0.0,,,<a href=https://npb.jp/bis/eng/teams/index_g.html>Yomiuri</a>,CL
,nan,22,5.0,33.1,1.2,46.4,0.7,,0.1,0.4,-0.1,,,<a href=https://npb.jp/bis/eng/teams/index_g.html>Yomiuri</a>,CL
,nan,22,6.0,11.0,0.7,81.9,0.7,,-0.1,0.1,0.1,,,<a href=https://npb.jp/bis/eng/teams/index_g.html>Yomiuri</a>,CL
,nan,28,7.0,405.0,0.2,0.6,0.3,-0.5,,0.3,-3.8,,,<a href=https://npb.jp/bis/eng/teams/index_c.html>Hiroshima</a>,CL
,nan,28,9.0,225.0,0.3,1.7,-0.5,1.5,,-0.7,-0.9,,,<a href=https://npb.jp/bis/eng/teams/index_c.html>Hiroshima</a>,CL
,nan,28,3.0,976.2,4.2,5.5,4.0,,0.9,-0.8,-10.9,,,<a href=https://npb.jp/bis/eng/teams/index_g.html>Yomiuri</a>,CL
,nan,28,5.0,207.1,4.1,25.5,3.3,,0.2,0.6,-0.8,,,<a href=https://npb.jp/bis/eng/teams/index_g.html>Yomiuri</a>,CL
,nan,28,7.0,98.0,-3.1,-40.7,-2.2,-0.9,,0.0,-0.9,,,<a href=https://npb.jp/bis/eng/teams/index_g.html>Yomiuri</a>,CL
,nan,29,3.0,1158.2,-3.4,-3.8,-0.7,,0.0,-2.7,-12.9,,,<a href=https://npb.jp/bis/eng/teams/index_t.html>Hanshin</a>,CL
,nan,35,3.0,439.1,1.3,3.8,-0.2,,0.7,0.7,-4.9,,,<a href=https://npb.jp/bis/eng/teams/index_d.html>Chunichi</a>,CL
,nan,35,,28.0,,,,,,,-0.3,,,<a href=https://npb.jp/bis/eng/teams/index_d.html>Chunichi</a>,CL
,nan,34,3.0,217.1,1.6,9.5,1.7,,-0.3,0.2,-2.4,,,<a href=https://npb.jp/bis/eng/teams/index_l.html>Seibu</a>,PL
,nan,34,,48.2,,,,,,,-0.6,,,<a href=https://npb.jp/bis/eng/teams/index_l.html>Seibu</a>,PL
,nan,32,3.0,802.1,7.9,12.7,6.6,,0.1,1.2,-8.9,,,<a href=https://npb.jp/bis/eng/teams/index_h.html>SoftBank</a>,PL
,nan,32,,394.2,,,,,,,-4.7,,,<a href=https://npb.jp/bis/eng/teams/index_h.html>SoftBank</a>,PL
,nan,25,3.0,5.0,-0.3,-77.2,-0.3,,0.0,0.0,-0.1,,,<a href=https://npb.jp/bis/eng/teams/index_h.html>SoftBank</a>,PL
,nan,25,4.0,160.0,1.4,11.3,2.9,,0.6,-2.1,0.4,,,<a href=https://npb.jp/bis/eng/teams/index_h.html>SoftBank</a>,PL
,nan,31,2.0,322.1,-0.2,-0.8,,-0.3,,0.2,4.6,-1.5,-0.5,<a href=https://npb.jp/bis/eng/teams/index_d.html>Chunichi</a>,CL
,nan,31,3.0,1.0,0.0,0.0,0.0,,0.0,0.0,0.0,,,<a href=https://npb.jp/bis/eng/teams/index_d.html>Chunichi</a>,CL
,nan,32,2.0,33.0,-0.3,-11.7,,-0.4,,0.0,0.5,-0.3,0.2,<a href=https://npb.jp/bis/eng/teams/index_s.html>Yakult</a>,CL
,nan,32,3.0,4.0,0.0,0.0,0.0,,0.0,0.0,0.0,,,<a href=https://npb.jp/bis/eng/teams/index_s.html>Yakult</a>,CL
,nan,25,3.0,193.1,-2.0,-13.3,-1.7,,-0.2,-0.1,-2.2,,,<a href=https://npb.jp/bis/eng/teams/index_m.html>Lotte</a>,PL
,nan,25,5.0,215.0,3.6,21.5,1.5,,0.5,1.6,-0.8,,,<a href=https://npb.jp/bis/eng/teams/index_m.html>Lotte</a>,PL
,nan,32,3.0,29.0,0.2,8.9,0.1,,0.0,0.1,-0.3,,,<a href=https://npb.jp/bis/eng/teams/index_t.html>Hanshin</a>,CL
,nan,32,,9.0,,,,,,,-0.1,,,<a href=https://npb.jp/bis/eng/teams/index_t.html>Hanshin</a>,CL
,nan,32,3.0,71.0,-1.8,-32.6,-1.2,,-0.1,-0.5,-0.8,,,<a href=https://npb.jp/bis/eng/teams/index_l.html>Seibu</a>,PL
,nan,31,3.0,305.2,-0.6,-2.5,-1.8,,0.4,0.8,-3.4,,,<a href=https://npb.jp/bis/eng/teams/index_e.html>Rakuten</a>,PL
,nan,31,,218.0,,,,,,,-2.6,,,<a href=https://npb.jp/bis/eng/teams/index_e.html>Rakuten</a>,PL
,nan,21,3.0,223.1,-1.0,-5.8,-0.1,,0.0,-0.9,-2.5,,,<a href=https://npb.jp/bis/eng/teams/index_l.html>Seibu</a>,PL
,nan,21,5.0,210.2,1.0,6.1,2.4,,-0.4,-1.0,-0.8,,,<a href=https://npb.jp/bis/eng/teams/index_l.html>Seibu</a>,PL
,nan,21,9.0,51.0,-3.7,-93.4,-2.9,-0.7,,0.0,-0.2,,,<a href=https://npb.jp/bis/eng/teams/index_l.html>Seibu</a>,PL
,nan,21,,9.0,,,,,,,-0.1,,,<a href=https://npb.jp/bis/eng/teams/index_l.html>Seibu</a>,PL
,nan,25,4.0,1.0,0.0,0.0,0.0,,0.0,0.0,0.0,,,<a href=https://npb.jp/bis/eng/teams/index_d.html>Chunichi</a>,CL
,nan,21,3.0,21.0,-0.3,-18.4,-0.3,,-0.1,0.1,-0.2,,,<a href=https://npb.jp/bis/eng/teams/index_h.html>SoftBank</a>,PL
,nan,21,,5.0,,,,,,,-0.1,,,<a href=https://npb.jp/bis/eng/teams/index_h.html>SoftBank</a>,PL
,nan,23,3.0,63.0,0.5,10.2,1.1,,0.0,-0.6,-0.7,,,<a href=https://npb.jp/bis/eng/teams/index_h.html>SoftBank</a>,PL
,nan,23,,17.1,,,,,,,-0.2,,,<a href=https://npb.jp/bis/eng/teams/index_h.html>SoftBank</a>,PL
,nan,24,3.0,36.0,0.2,7.2,0.1,,0.0,0.0,-0.4,,,<a href=https://npb.jp/bis/eng/teams/index_h.html>SoftBank</a>,PL
,nan,24,7.0,136.0,-1.0,-9.5,-1.3,0.2,,0.1,-1.3,,,<a href=https://npb.jp/bis/eng/teams/index_h.html>SoftBank</a>,PL
,nan,24,9.0,373.1,5.9,20.3,4.9,1.6,,-0.6,-1.5,,,<a href=https://npb.jp/bis/eng/teams/index_h.html>SoftBank</a>,PL
,nan,24,,30.0,,,,,,,-0.4,,,<a href=https://npb.jp/bis/eng/teams/index_h.html>SoftBank</a>,PL
,nan,18,3.0,9.0,0.2,28.6,0.2,,0.0,0.0,-0.1,,,<a href=https://npb.jp/bis/eng/teams/index_c.html>Hiroshima</a>,CL
,nan,22,5.0,20.1,-0.3,-19.0,0.2,,0.0,-0.5,-0.1,,,<a href=https://npb.jp/bis/eng/teams/index_e.html>Rakuten</a>,PL
,nan,22,6.0,17.0,0.3,22.7,0.2,,0.0,0.1,0.1,,,<a href=https://npb.jp/bis/eng/teams/index_e.html>Rakuten</a>,PL
,nan,30,7.0,733.1,17.9,31.4,11.4,5.9,,0.6,-7.0,,,<a href=https://npb.jp/bis/eng/teams/index_h.html>SoftBank</a>,PL
,nan,30,,375.2,,,,,,,-4.5,,,<a href=https://npb.jp/bis/eng/teams/index_h.html>SoftBank</a>,PL
,nan,34,7.0,171.1,-6.0,-45.1,-4.7,-1.5,,0.1,-1.6,,,<a href=https://npb.jp/bis/eng/teams/index_e.html>Rakuten</a>,PL
,nan,26,2.0,296.2,2.4,10.4,,2.0,,0.4,4.2,0.5,0.6,<a href=https://npb.jp/bis/eng/teams/index_c.html>Hiroshima</a>,CL
,nan,26,,11.0,,,,,,,-0.1,,,<a href=https://npb.jp/bis/eng/teams/index_c.html>Hiroshima</a>,CL
,nan,32,2.0,489.1,-2.6,-6.8,,-2.9,,0.3,7.0,-1.3,-0.6,<a href=https://npb.jp/bis/eng/teams/index_d.html>Chunichi</a>,CL
,nan,36,2.0,300.1,-1.3,-5.6,,-1.0,,-0.3,4.3,-4.8,-0.1,<a href=https://npb.jp/bis/eng/teams/index_l.html>Seibu</a>,PL
,nan,35,3.0,95.0,0.1,1.4,-0.1,,-0.1,0.3,-1.1,,,<a href=https://npb.jp/bis/eng/teams/index_d.html>Chunichi</a>,CL
,nan,27,3.0,124.0,0.6,6.2,0.1,,0.0,0.4,-1.4,,,<a href=https://npb.jp/bis/eng/teams/index_e.html>Rakuten</a>,PL
,nan,27,7.0,190.0,-8.3,-56.2,-7.6,-0.8,,0.1,-1.8,,,<a href=https://npb.jp/bis/eng/teams/index_e.html>Rakuten</a>,PL
,nan,28,2.0,29.0,0.9,39.9,,0.8,,0.0,0.4,-0.9,0.1,<a href=https://npb.jp/bis/eng/teams/index_f.html>Nipponham</a>,PL
,nan,21,3.0,33.0,0.1,3.9,0.7,,-0.1,-0.6,-0.4,,,<a href=https://npb.jp/bis/eng/teams/index_g.html>Yomiuri</a>,CL
,nan,21,7.0,39.0,-3.9,-128.7,-2.5,-1.4,,0.0,-0.4,,,<a href=https://npb.jp/bis/eng/teams/index_g.html>Yomiuri</a>,CL
,nan,22,7.0,7.0,0.0,0.0,0.0,0.0,,0.0,-0.1,,,<a href=https://npb.jp/bis/eng/teams/index_h.html>SoftBank</a>,PL
,nan,22,8.0,11.0,-1.1,-128.7,-1.2,0.1,,0.0,0.0,,,<a href=https://npb.jp/bis/eng/teams/index_h.html>SoftBank</a>,PL
,nan,22,9.0,40.0,1.4,45.0,1.6,-0.3,,0.0,-0.2,,,<a href=https://npb.jp/bis/eng/teams/index_h.html>SoftBank</a>,PL
,nan,22,2.0,7.2,0.0,0.0,,0.0,,0.0,0.1,2.0,-0.1,<a href=https://npb.jp/bis/eng/teams/index_f.html>Nipponham</a>,PL
,nan,23,3.0,3.0,0.0,0.0,0.0,,0.0,0.0,0.0,,,<a href=https://npb.jp/bis/eng/teams/index_e.html>Rakuten</a>,PL
,nan,23,4.0,99.0,-1.1,-14.3,-0.8,,-0.1,-0.3,0.3,,,<a href=https://npb.jp/bis/eng/teams/index_e.html>Rakuten</a>,PL
,nan,23,5.0,29.0,-0.9,-39.9,-0.4,,0.0,-0.5,-0.1,,,<a href=https://npb.jp/bis/eng/teams/index_e.html>Rakuten</a>,PL
,nan,21,4.0,2.0,0.2,128.7,0.2,,0.0,0.0,0.0,,,<a href=https://npb.jp/bis/eng/teams/index_s.html>Yakult</a>,CL
,nan,21,5.0,9.0,-1.1,-157.3,-0.4,,0.0,-0.7,0.0,,,<a href=https://npb.jp/bis/eng/teams/index_s.html>Yakult</a>,CL
,nan,24,2.0,78.1,-0.1,-1.6,,-0.2,,0.1,1.1,0.8,-0.2,<a href=https://npb.jp/bis/eng/teams/index_e.html>Rakuten</a>,PL
,nan,24,3.0,5.0,0.2,51.5,0.2,,0.0,0.0,-0.1,,,<a href=https://npb.jp/bis/eng/teams/index_e.html>Rakuten</a>,PL
,nan,24,,179.2,,,,,,,-2.1,,,<a href=https://npb.jp/bis/eng/teams/index_e.html>Rakuten</a>,PL
,nan,22,7.0,1.0,0.3,386.1,0.3,0.0,,0.0,0.0,,,<a href=https://npb.jp/bis/eng/teams/index_db.html>DeNA</a>,CL
,nan,21,4.0,9.0,0.3,42.9,0.0,,0.2,0.0,0.0,,,<a href=https://npb.jp/bis/eng/teams/index_s.html>Yakult</a>,CL
,nan,21,5.0,1.0,0.4,514.8,0.4,,-0.1,0.1,0.0,,,<a href=https://npb.jp/bis/eng/teams/index_s.html>Yakult</a>,CL
,nan,19,2.0,40.0,0.2,6.4,,0.1,,0.1,0.6,0.1,0.1,<a href=https://npb.jp/bis/eng/teams/index_db.html>DeNA</a>,CL
,nan,33,5.0,14.0,-0.4,-36.8,-0.5,,0.0,0.1,-0.1,,,<a href=https://npb.jp/bis/eng/teams/index_c.html>Hiroshima</a>,CL
,nan,32,7.0,4.0,-0.3,-96.5,-0.3,0.0,,0.0,0.0,,,<a href=https://npb.jp/bis/eng/teams/index_h.html>SoftBank</a>,PL
,nan,32,,131.0,,,,,,,-1.6,,,<a href=https://npb.jp/bis/eng/teams/index_h.html>SoftBank</a>,PL
,nan,28,7.0,36.0,0.2,7.2,0.5,-0.3,,0.0,-0.3,,,<a href=https://npb.jp/bis/eng/teams/index_db.html>DeNA</a>,CL
,nan,28,9.0,1.0,0.0,0.0,0.0,0.0,,0.0,0.0,,,<a href=https://npb.jp/bis/eng/teams/index_db.html>DeNA</a>,CL
,nan,27,3.0,32.0,-0.3,-12.1,-0.3,,0.0,0.0,-0.4,,,<a href=https://npb.jp/bis/eng/teams/index_c.html>Hiroshima</a>,CL
,nan,27,7.0,19.0,2.1,142.2,2.2,-0.2,,0.0,-0.2,,,<a href=https://npb.jp/bis/eng/teams/index_c.html>Hiroshima</a>,CL
,nan,22,3.0,12.1,-0.8,-83.7,-0.8,,0.0,0.0,-0.1,,,<a href=https://npb.jp/bis/eng/teams/index_l.html>Seibu</a>,PL
,nan,22,,17.0,,,,,,,-0.2,,,<a href=https://npb.jp/bis/eng/teams/index_l.html>Seibu</a>,PL
,nan,23,3.0,126.0,0.6,6.1,0.1,,0.1,0.4,-1.4,,,<a href=https://npb.jp/bis/eng/teams/index_c.html>Hiroshima</a>,CL
,nan,35,2.0,180.2,-1.8,-12.8,,-1.8,,0.0,2.6,3.6,0.3,<a href=https://npb.jp/bis/eng/teams/index_db.html>DeNA</a>,CL
,nan,28,7.0,6.0,-0.3,-64.4,-0.3,0.0,,0.0,-0.1,,,<a href=https://npb.jp/bis/eng/teams/index_t.html>Hanshin</a>,CL
,nan,28,,14.0,,,,,,,-0.2,,,<a href=https://npb.jp/bis/eng/teams/index_t.html>Hanshin</a>,CL
,nan,29,9.0,12.0,-0.2,-21.4,0.0,-0.2,,0.0,0.0,,,<a href=https://npb.jp/bis/eng/teams/index_b.html>ORIX</a>,PL
,nan,29,,17.0,,,,,,,-0.2,,,<a href=https://npb.jp/bis/eng/teams/index_b.html>ORIX</a>,PL
,nan,22,8.0,7.0,0.0,0.0,0.0,0.0,,0.0,0.0,,,<a href=https://npb.jp/bis/eng/teams/index_b.html>ORIX</a>,PL
,nan,22,9.0,21.0,0.9,55.2,1.1,-0.2,,0.0,-0.1,,,<a href=https://npb.jp/bis/eng/teams/index_b.html>ORIX</a>,PL
,nan,24,9.0,52.2,0.1,2.4,0.6,-0.5,,0.0,-0.2,,,<a href=https://npb.jp/bis/eng/teams/index_s.html>Yakult</a>,CL
,nan,25,3.0,72.0,-0.4,-7.2,-0.5,,-0.1,0.3,-0.8,,,<a href=https://npb.jp/bis/eng/teams/index_l.html>Seibu</a>,PL
,nan,25,5.0,7.0,1.1,202.2,0.8,,0.1,0.2,0.0,,,<a href=https://npb.jp/bis/eng/teams/index_l.html>Seibu</a>,PL
,nan,22,4.0,27.0,-0.5,-23.8,0.4,,-0.3,-0.6,0.1,,,<a href=https://npb.jp/bis/eng/teams/index_d.html>Chunichi</a>,CL
,nan,22,6.0,2.0,-0.1,-64.4,0.0,,-0.1,0.0,0.0,,,<a href=https://npb.jp/bis/eng/teams/index_d.html>Chunichi</a>,CL
,nan,19,3.0,9.0,-0.5,-71.5,-0.5,,0.0,0.0,-0.1,,,<a href=https://npb.jp/bis/eng/teams/index_b.html>ORIX</a>,PL
,nan,19,,37.0,,,,,,,-0.4,,,<a href=https://npb.jp/bis/eng/teams/index_b.html>ORIX</a>,PL
,nan,27,2.0,23.0,0.0,0.0,,0.0,,0.0,0.3,0.4,0.1,<a href=https://npb.jp/bis/eng/teams/index_h.html>SoftBank</a>,PL
,nan,30,2.0,527.0,-0.3,-0.7,,-1.2,,0.9,7.5,3.3,0.0,<a href=https://npb.jp/bis/eng/teams/index_t.html>Hanshin</a>,CL
,nan,36,3.0,13.0,0.4,39.6,0.3,,0.0,0.1,-0.1,,,<a href=https://npb.jp/bis/eng/teams/index_b.html>ORIX</a>,PL
,nan,35,2.0,300.2,-1.2,-5.1,,-0.5,,-0.6,4.3,1.7,0.3,<a href=https://npb.jp/bis/eng/teams/index_g.html>Yomiuri</a>,CL
,nan,30,2.0,7.0,0.0,0.0,,0.0,,0.0,0.1,-0.5,0.0,<a href=https://npb.jp/bis/eng/teams/index_t.html>Hanshin</a>,CL
,nan,23,2.0,12.1,-0.2,-20.9,,-0.2,,0.0,0.2,1.2,0.1,<a href=https://npb.jp/bis/eng/teams/index_g.html>Yomiuri</a>,CL
,nan,33,2.0,8.0,0.0,0.0,,0.0,,0.0,0.1,0.5,0.1,<a href=https://npb.jp/bis/eng/teams/index_h.html>SoftBank</a>,PL
,nan,23,3.0,27.0,1.1,52.4,0.9,,0.0,0.1,-0.3,,,<a href=https://npb.jp/bis/eng/teams/index_c.html>Hiroshima</a>,CL
,nan,23,,8.0,,,,,,,-0.1,,,<a href=https://npb.jp/bis/eng/teams/index_c.html>Hiroshima</a>,CL
,nan,23,2.0,39.0,0.4,13.2,,0.6,,-0.2,0.6,-0.1,-0.8,<a href=https://npb.jp/bis/eng/teams/index_l.html>Seibu</a>,PL
,nan,23,,8.0,,,,,,,-0.1,,,<a href=https://npb.jp/bis/eng/teams/index_l.html>Seibu</a>,PL
,nan,26,4.0,33.0,0.4,15.6,0.8,,-0.6,0.1,0.1,,,<a href=https://npb.jp/bis/eng/teams/index_f.html>Nipponham</a>,PL
,nan,23,2.0,61.1,-2.0,-42.0,,-2.1,,0.1,0.9,1.2,0.0,<a href=https://npb.jp/bis/eng/teams/index_d.html>Chunichi</a>,CL
,nan,22,6.0,154.1,0.9,7.5,0.1,,1.3,-0.5,1.3,,,<a href=https://npb.jp/bis/eng/teams/index_d.html>Chunichi</a>,CL
,nan,24,7.0,17.0,-1.7,-128.7,-1.4,-0.3,,0.0,-0.2,,,<a href=https://npb.jp/bis/eng/teams/index_g.html>Yomiuri</a>,CL
,nan,28,3.0,59.0,-2.9,-63.3,-3.0,,-0.1,0.2,-0.7,,,<a href=https://npb.jp/bis/eng/teams/index_c.html>Hiroshima</a>,CL
,nan,24,,18.0,,,,,,,-0.2,,,<a href=https://npb.jp/bis/eng/teams/index_l.html>Seibu</a>,PL
,nan,21,2.0,2.0,0.0,0.0,,0.0,,0.0,0.0,0.0,0.0,<a href=https://npb.jp/bis/eng/teams/index_d.html>Chunichi</a>,CL
,nan,20,2.0,9.0,-0.2,-28.6,,-0.2,,0.0,0.1,-0.5,-0.1,<a href=https://npb.jp/bis/eng/teams/index_m.html>Lotte</a>,PL
,nan,25,7.0,49.0,-2.6,-68.3,-1.6,-1.1,,0.0,-0.5,,,<a href=https://npb.jp/bis/eng/teams/index_d.html>Chunichi</a>,CL
,nan,23,3.0,20.1,-0.1,-6.3,-0.2,,0.0,0.1,-0.2,,,<a href=https://npb.jp/bis/eng/teams/index_c.html>Hiroshima</a>,CL
,nan,23,4.0,8.0,0.0,0.0,0.1,,-0.1,0.0,0.0,,,<a href=https://npb.jp/bis/eng/teams/index_c.html>Hiroshima</a>,CL
,nan,26,3.0,9.0,0.0,0.0,-0.1,,0.0,0.0,-0.1,,,<a href=https://npb.jp/bis/eng/teams/index_f.html>Nipponham</a>,PL
,nan,19,5.0,9.0,-0.1,-14.3,-0.1,,0.0,0.0,0.0,,,<a href=https://npb.jp/bis/eng/teams/index_c.html>Hiroshima</a>,CL
,nan,23,2.0,1.0,-0.2,-257.4,,-0.2,,0.0,0.0,-0.1,0.0,<a href=https://npb.jp/bis/eng/teams/index_s.html>Yakult</a>,CL
,nan,27,2.0,698.0,1.0,1.8,,0.1,,0.9,10.0,-4.4,0.4,<a href=https://npb.jp/bis/eng/teams/index_e.html>Rakuten</a>,PL
,nan,25,2.0,452.1,-4.7,-13.4,,-4.6,,-0.1,6.5,-7.9,-0.7,<a href=https://npb.jp/bis/eng/teams/index_e.html>Rakuten</a>,PL
,nan,18,5.0,73.0,-2.4,-42.3,-0.6,,-0.3,-1.5,-0.3,,,<a href=https://npb.jp/bis/eng/teams/index_b.html>ORIX</a>,PL
,nan,18,6.0,8.0,0.2,32.2,0.2,,-0.1,0.1,0.1,,,<a href=https://npb.jp/bis/eng/teams/index_b.html>ORIX</a>,PL
,nan,18,2.0,9.0,0.0,0.0,,0.0,,0.0,0.1,-0.3,0.0,<a href=https://npb.jp/bis/eng/teams/index_s.html>Yakult</a>,CL
,nan,20,2.0,6.0,0.0,0.0,,0.0,,0.0,0.1,0.0,0.0,<a href=https://npb.jp/bis/eng/teams/index_d.html>Chunichi</a>,CL
,nan,27,2.0,15.0,-0.3,-25.7,,-0.3,,0.0,0.2,0.7,0.0,<a href=https://npb.jp/bis/eng/teams/index_e.html>Rakuten</a>,PL
,nan,26,2.0,11.0,-0.3,-35.1,,-0.3,,0.0,0.2,0.0,0.0,<a href=https://npb.jp/bis/eng/teams/index_f.html>Nipponham</a>,PL
,nan,36,3.0,1.0,0.0,0.0,0.0,,0.0,0.0,0.0,,,<a href=https://npb.jp/bis/eng/teams/index_s.html>Yakult</a>,CL
,nan,24,3.0,8.0,0.0,0.0,-0.1,,0.0,0.0,-0.1,,,<a href=https://npb.jp/bis/eng/teams/index_g.html>Yomiuri</a>,CL
,nan,26,2.0,1.0,0.0,0.0,,0.0,,0.0,0.0,-0.1,0.0,<a href=https://npb.jp/bis/eng/teams/index_t.html>Hanshin</a>,CL
