#,,Team,G,W,L,T,PCT,GB,RS,RA,Diff,XPCT,Home,Road,vs B,vs F,vs L,vs M,vs E,vs H
,"<img src=""https://www.yakyucosmo.com/wp-content/uploads/2025/04/Buffaloes.jpg"" alt="""" width=""10"" height=""10"" class=""alignnone size-full wp-image-6222"" />",<a href=https://npb.jp/bis/eng/teams/index_b.html>ORIX Buffaloes</a>,18,12,5,1,0.706,--,72,49,23,0.669,4-5(1),8-0,--,4-0,1-2,2-0,5-1,0-2(1)
,"<img src=""https://www.yakyucosmo.com/wp-content/uploads/2025/04/Fighters.jpg"" alt="""" width=""10"" height=""10"" class=""alignnone size-full wp-image-6217"" />",<a href=https://npb.jp/bis/eng/teams/index_f.html>Nipponham Fighters</a>,17,9,8,0,0.529,3.0,62,56,6,0.546,2-6,7-2,0-4,--,4-2,1-1,3-0,1-1
,"<img src=""https://www.yakyucosmo.com/wp-content/uploads/2025/04/Lions.jpg"" alt="""" width=""10"" height=""10"" class=""alignnone size-full wp-image-6219"" />",<a href=https://npb.jp/bis/eng/teams/index_l.html>Seibu Lions</a>,16,8,8,0,0.500,3.5,45,47,-2,0.480,2-4,6-4,2-1,2-4,--,1-1,0-1,3-1
,"<img src=""https://www.yakyucosmo.com/wp-content/uploads/2025/04/Marines.jpg"" alt="""" width=""10"" height=""10"" class=""alignnone size-full wp-image-6240"" />",<a href=https://npb.jp/bis/eng/teams/index_m.html>Lotte Marines</a>,15,7,8,0,0.467,4.0,48,52,-4,0.463,2-7,5-1,0-2,1-1,1-1,--,2-2,3-2
,"<img src=""https://www.yakyucosmo.com/wp-content/uploads/2025/04/Eagles.jpg"" alt="""" width=""10"" height=""10"" class=""alignnone size-full wp-image-6218"" />",<a href=https://npb.jp/bis/eng/teams/index_e.html>Rakuten Eagles</a>,17,7,10,0,0.412,5.0,41,63,-22,0.313,1-7,6-3,1-5,0-3,1-0,2-2,--,3-0
,"<img src=""https://www.yakyucosmo.com/wp-content/uploads/2025/04/Hawks.jpg"" alt="""" width=""10"" height=""10"" class=""alignnone size-full wp-image-6220"" /> ",<a href=https://npb.jp/bis/eng/teams/index_h.html>SoftBank Hawks</a>,17,6,10,1,0.375,5.5,66,67,-1,0.493,1-8,5-2(1),2-0(1),1-1,1-3,2-3,0-3,--
