#,,Team,G,W,L,T,PCT,GB,RS,RA,Diff,XPCT,Home,Road,vs B,vs F,vs E,vs L,vs M,vs H
,"<img src=""https://www.yakyucosmo.com/wp-content/uploads/2025/04/Buffaloes.jpg"" alt="""" width=""10"" height=""10"" class=""alignnone size-full wp-image-6222"" />",<a href=https://npb.jp/bis/eng/teams/index_b.html>ORIX Buffaloes</a>,21,12,7,2,0.632,--,81,63,18,0.613,4-7(1),8-0(1),--,4-2,5-1,1-2,2-0,0-2(2)
,"<img src=""https://www.yakyucosmo.com/wp-content/uploads/2025/04/Fighters.jpg"" alt="""" width=""10"" height=""10"" class=""alignnone size-full wp-image-6217"" />",<a href=https://npb.jp/bis/eng/teams/index_f.html>Nipponham Fighters</a>,20,11,9,0,0.550,1.5,73,64,9,0.560,2-7,9-2,2-4,--,3-1,4-2,1-1,1-1
,"<img src=""https://www.yakyucosmo.com/wp-content/uploads/2025/04/Eagles.jpg"" alt="""" width=""10"" height=""10"" class=""alignnone size-full wp-image-6218"" />",<a href=https://npb.jp/bis/eng/teams/index_e.html>Rakuten Eagles</a>,20,10,10,0,0.500,2.5,51,67,-16,0.378,3-7,7-3,1-5,1-3,--,1-0,4-2,3-0
,"<img src=""https://www.yakyucosmo.com/wp-content/uploads/2025/04/Lions.jpg"" alt="""" width=""10"" height=""10"" class=""alignnone size-full wp-image-6219"" />",<a href=https://npb.jp/bis/eng/teams/index_l.html>Seibu Lions</a>,19,9,10,0,0.474,3.0,48,52,-4,0.463,3-5,6-5,2-1,2-4,0-1,--,1-2,4-2
,"<img src=""https://www.yakyucosmo.com/wp-content/uploads/2025/04/Marines.jpg"" alt="""" width=""10"" height=""10"" class=""alignnone size-full wp-image-6240"" />",<a href=https://npb.jp/bis/eng/teams/index_m.html>Lotte Marines</a>,18,8,10,0,0.444,3.5,52,59,-7,0.442,3-7,5-3,0-2,1-1,2-4,2-1,--,3-2
,"<img src=""https://www.yakyucosmo.com/wp-content/uploads/2025/04/Hawks.jpg"" alt="""" width=""10"" height=""10"" class=""alignnone size-full wp-image-6220"" /> ",<a href=https://npb.jp/bis/eng/teams/index_h.html>SoftBank Hawks</a>,20,7,11,2,0.389,4.5,74,74,0,0.500,1-8(1),6-3(1),2-0(2),1-1,0-3,2-4,2-3,--
