#,,Team,G,W,L,T,PCT,GB,RS,RA,Diff,XPCT,Home,Road,vs H,vs F,vs B,vs E,vs L,vs M,Inter
,"<img src=""https://www.yakyucosmo.com/wp-content/uploads/2025/04/Hawks.jpg"" alt="""" width=""10"" height=""10"" class=""alignnone size-full wp-image-6220"" /> ",<a href=https://npb.jp/bis/eng/teams/index_h.html>SoftBank Hawks</a>,103,63,36,4,0.636,--,394,274,120,0.660,32-17(3),31-19(1),--,12-7,9-3(2),8-9,11-7,11-5(1),12-5(1)
,"<img src=""https://www.yakyucosmo.com/wp-content/uploads/2025/04/Fighters.jpg"" alt="""" width=""10"" height=""10"" class=""alignnone size-full wp-image-6217"" />",<a href=https://npb.jp/bis/eng/teams/index_f.html>Nipponham Fighters</a>,103,60,41,2,0.594,4.0,382,266,116,0.660,28-22,32-19(2),7-12,--,9-8(1),13-3(1),11-6,9-5,11-7
,"<img src=""https://www.yakyucosmo.com/wp-content/uploads/2025/04/Buffaloes.jpg"" alt="""" width=""10"" height=""10"" class=""alignnone size-full wp-image-6222"" />",<a href=https://npb.jp/bis/eng/teams/index_b.html>ORIX Buffaloes</a>,100,51,46,3,0.526,11.0,346,370,-24,0.469,27-22(2),24-24(1),3-9(2),8-9(1),--,9-7,8-8,12-6,11-7
,"<img src=""https://www.yakyucosmo.com/wp-content/uploads/2025/04/Eagles.jpg"" alt="""" width=""10"" height=""10"" class=""alignnone size-full wp-image-6218"" />",<a href=https://npb.jp/bis/eng/teams/index_e.html>Rakuten Eagles</a>,101,48,51,2,0.485,15.0,299,344,-45,0.436,24-22(1),24-29(1),9-8,3-13(1),7-9,--,9-8,11-5,9-8(1)
,"<img src=""https://www.yakyucosmo.com/wp-content/uploads/2025/04/Lions.jpg"" alt="""" width=""10"" height=""10"" class=""alignnone size-full wp-image-6219"" />",<a href=https://npb.jp/bis/eng/teams/index_l.html>Seibu Lions</a>,102,47,53,2,0.470,16.5,274,304,-30,0.453,28-26(1),19-27(1),7-11,6-11,8-8,8-9,--,8-6(2),10-8
,"<img src=""https://www.yakyucosmo.com/wp-content/uploads/2025/04/Marines.jpg"" alt="""" width=""10"" height=""10"" class=""alignnone size-full wp-image-6240"" />",<a href=https://npb.jp/bis/eng/teams/index_m.html>Lotte Marines</a>,99,37,59,3,0.385,24.5,292,392,-100,0.368,21-27(1),16-32(2),5-11(1),5-9,6-12,5-11,6-8(2),--,10-8
