Rank,Pitcher,G,W,L,SV,HLD,CG,SHO,BF,IP,H,HR,SO,BB,IBB,HB,WP,R,ER,ERA,FIP,kwERA,WHIP,ERA+,FIP-,kwERA-,Diff,HR%,K%,BB%,K-BB%,Age,T,,Team,League
,<a href=https://npb.jp/bis/eng/players/13315153.html>Murakami Shoki</a>,15,8,2,0,0,2,2,411,107.2,77,4,76,16,1,2,2,21,21,1.76,2.52,3.34,0.86,153,83,93,-0.76,1.0%,18.5%,3.9%,14.6%,27,R,"<img src=""https://www.yakyucosmo.com/wp-content/uploads/2025/04/Tigers.jpg"" alt="""" width=""10"" height=""10"" class=""alignnone size-full wp-image-6224"" />",<a href=https://npb.jp/bis/eng/teams/index_t.html>Hanshin</a>,CL
,<a href=https://npb.jp/bis/eng/players/41745134.html>Saiki Hiroto</a>,13,6,4,0,0,1,1,354,86.1,63,2,68,33,2,0,0,15,15,1.56,2.82,3.81,1.11,173,93,106,-1.26,0.6%,19.2%,9.3%,9.9%,26,R,"<img src=""https://www.yakyucosmo.com/wp-content/uploads/2025/04/Tigers.jpg"" alt="""" width=""10"" height=""10"" class=""alignnone size-full wp-image-6224"" />",<a href=https://npb.jp/bis/eng/teams/index_t.html>Hanshin</a>,CL
,<a href=https://npb.jp/bis/eng/players/53155151.html>Morishita Masato</a>,15,5,8,0,0,3,0,434,109.0,93,5,70,20,0,3,0,35,27,2.23,2.89,3.65,1.04,130,89,102,-0.66,1.2%,16.1%,4.6%,11.5%,27,R,"<img src=""https://www.yakyucosmo.com/wp-content/uploads/2025/04/Carp.jpg"" alt="""" width=""10"" height=""10"" class=""alignnone size-full wp-image-6223"" />",<a href=https://npb.jp/bis/eng/teams/index_c.html>Hiroshima</a>,CL
,<a href=https://npb.jp/bis/eng/players/61365139.html>Ohsera Daichi</a>,13,3,4,0,0,0,0,331,79.0,72,4,56,22,3,1,2,26,25,2.85,3.06,3.77,1.19,101,94,105,-0.21,1.2%,16.9%,6.6%,10.3%,34,R,"<img src=""https://www.yakyucosmo.com/wp-content/uploads/2025/04/Carp.jpg"" alt="""" width=""10"" height=""10"" class=""alignnone size-full wp-image-6223"" />",<a href=https://npb.jp/bis/eng/teams/index_c.html>Hiroshima</a>,CL
,<a href=https://npb.jp/bis/eng/players/11415134.html>Tokoda Hiroki</a>,14,7,5,0,0,5,3,400,101.1,82,4,57,21,2,1,1,24,22,1.95,2.98,3.90,1.02,148,92,109,-1.03,1.0%,14.2%,5.2%,9.0%,30,L,"<img src=""https://www.yakyucosmo.com/wp-content/uploads/2025/04/Carp.jpg"" alt="""" width=""10"" height=""10"" class=""alignnone size-full wp-image-6223"" />",<a href=https://npb.jp/bis/eng/teams/index_c.html>Hiroshima</a>,CL
,<a href=https://npb.jp/bis/eng/players/51155136.html>Azuma Katsuki</a>,12,7,4,0,0,1,0,331,82.1,70,7,67,12,0,2,0,26,18,1.97,2.93,3.14,1.00,142,93,88,-0.96,2.1%,20.2%,3.6%,16.6%,29,L,"<img src=""https://www.yakyucosmo.com/wp-content/uploads/2025/04/BayStars.jpg"" alt="""" width=""10"" height=""10"" class=""alignnone size-full wp-image-6228"" />",<a href=https://npb.jp/bis/eng/teams/index_db.html>DeNA</a>,CL
,<a href=https://npb.jp/bis/eng/players/33235157.html>Bauer Trevor</a>,15,4,7,0,0,2,1,425,100.1,99,9,93,34,3,4,1,46,46,4.13,3.39,3.41,1.33,68,107,95,0.74,2.1%,21.9%,8.0%,13.9%,34,R,"<img src=""https://www.yakyucosmo.com/wp-content/uploads/2025/04/BayStars.jpg"" alt="""" width=""10"" height=""10"" class=""alignnone size-full wp-image-6228"" />",<a href=https://npb.jp/bis/eng/teams/index_db.html>DeNA</a>,CL
,<a href=https://npb.jp/bis/eng/players/43745159.html>Jackson Andre</a>,13,7,3,0,0,0,0,337,83.2,65,3,66,22,1,5,3,14,14,1.51,2.80,3.49,1.04,186,88,98,-1.29,0.9%,19.6%,6.5%,13.1%,29,R,"<img src=""https://www.yakyucosmo.com/wp-content/uploads/2025/04/BayStars.jpg"" alt="""" width=""10"" height=""10"" class=""alignnone size-full wp-image-6228"" />",<a href=https://npb.jp/bis/eng/teams/index_db.html>DeNA</a>,CL
,<a href=https://npb.jp/bis/eng/players/13715159.html>Kay Anthony</a>,13,5,5,0,0,0,0,338,87.0,69,3,66,21,1,1,0,16,16,1.66,2.63,3.47,1.03,169,83,97,-0.97,0.9%,19.5%,6.2%,13.3%,30,L,"<img src=""https://www.yakyucosmo.com/wp-content/uploads/2025/04/BayStars.jpg"" alt="""" width=""10"" height=""10"" class=""alignnone size-full wp-image-6228"" />",<a href=https://npb.jp/bis/eng/teams/index_db.html>DeNA</a>,CL
,<a href=https://npb.jp/bis/eng/players/51155155.html>Akahoshi Yuji</a>,14,6,5,0,0,1,1,340,86.1,76,6,66,11,2,2,0,21,19,1.98,2.77,3.18,1.01,138,90,89,-0.79,1.8%,19.4%,3.2%,16.2%,25,R,"<img src=""https://www.yakyucosmo.com/wp-content/uploads/2025/04/Giants.jpg"" alt="""" width=""10"" height=""10"" class=""alignnone size-full wp-image-6227"" />",<a href=https://npb.jp/bis/eng/teams/index_g.html>Yomiuri</a>,CL
,<a href=https://npb.jp/bis/eng/players/03305153.html>Yamasaki Iori</a>,14,8,2,0,0,0,0,363,95.0,67,4,86,14,0,1,1,16,12,1.14,2.16,2.82,0.85,240,70,79,-1.02,1.1%,23.7%,3.9%,19.8%,26,R,"<img src=""https://www.yakyucosmo.com/wp-content/uploads/2025/04/Giants.jpg"" alt="""" width=""10"" height=""10"" class=""alignnone size-full wp-image-6227"" />",<a href=https://npb.jp/bis/eng/teams/index_g.html>Yomiuri</a>,CL
,<a href=https://npb.jp/bis/eng/players/21225137.html>Matsuba Takahiro</a>,14,7,5,0,0,1,0,364,93.2,75,3,36,22,0,4,0,18,17,1.63,3.43,4.42,1.04,158,118,123,-1.80,0.8%,9.9%,6.0%,3.8%,34,L,"<img src=""https://www.yakyucosmo.com/wp-content/uploads/2025/04/Dragons.jpg"" alt="""" width=""10"" height=""10"" class=""alignnone size-full wp-image-6225"" />",<a href=https://npb.jp/bis/eng/teams/index_d.html>Chunichi</a>,CL
,<a href=https://npb.jp/bis/eng/players/61265153.html>Takahashi Hiroto</a>,14,2,8,0,0,1,0,374,90.1,85,5,71,28,1,4,6,38,35,3.49,3.16,3.65,1.25,74,109,102,0.33,1.3%,19.0%,7.5%,11.5%,22,R,"<img src=""https://www.yakyucosmo.com/wp-content/uploads/2025/04/Dragons.jpg"" alt="""" width=""10"" height=""10"" class=""alignnone size-full wp-image-6225"" />",<a href=https://npb.jp/bis/eng/teams/index_d.html>Chunichi</a>,CL
,<a href=https://npb.jp/bis/eng/players/71775139.html>Kuri Allen</a>,13,6,4,0,0,1,0,372,90.2,85,2,69,25,0,3,1,26,24,2.38,2.64,3.62,1.21,115,85,101,-0.26,0.5%,18.5%,6.7%,11.8%,33,R,"<img src=""https://www.yakyucosmo.com/wp-content/uploads/2025/04/Buffaloes.jpg"" alt="""" width=""10"" height=""10"" class=""alignnone size-full wp-image-6222"" />",<a href=https://npb.jp/bis/eng/teams/index_b.html>ORIX</a>,PL
,<a href=https://npb.jp/bis/eng/players/71875151.html>Miyagi Hiroya</a>,13,3,2,0,0,0,0,370,91.2,77,5,94,18,0,4,0,26,25,2.45,2.32,2.75,1.04,112,75,77,0.13,1.4%,25.4%,4.9%,20.5%,23,L,"<img src=""https://www.yakyucosmo.com/wp-content/uploads/2025/04/Buffaloes.jpg"" alt="""" width=""10"" height=""10"" class=""alignnone size-full wp-image-6222"" />",<a href=https://npb.jp/bis/eng/teams/index_b.html>ORIX</a>,PL
,<a href=https://npb.jp/bis/eng/players/81985157.html>Sotani Ryuhei</a>,13,7,3,0,0,1,0,324,78.1,75,6,66,18,1,3,1,32,29,3.33,3.06,3.32,1.19,82,99,93,0.27,1.9%,20.4%,5.6%,14.8%,24,L,"<img src=""https://www.yakyucosmo.com/wp-content/uploads/2025/04/Buffaloes.jpg"" alt="""" width=""10"" height=""10"" class=""alignnone size-full wp-image-6222"" />",<a href=https://npb.jp/bis/eng/teams/index_b.html>ORIX</a>,PL
,<a href=https://npb.jp/bis/eng/players/71275134.html>Taneichi Atsuki</a>,12,2,5,0,0,0,0,321,72.0,76,8,51,29,0,3,5,36,30,3.75,4.31,4.11,1.46,77,133,115,-0.56,2.5%,15.9%,9.0%,6.9%,26,R,"<img src=""https://www.yakyucosmo.com/wp-content/uploads/2025/04/Marines.jpg"" alt="""" width=""10"" height=""10"" class=""alignnone size-full wp-image-6240"" />",<a href=https://npb.jp/bis/eng/teams/index_m.html>Lotte</a>,PL
,<a href=https://npb.jp/bis/eng/players/33035150.html>Voth Austin</a>,13,2,4,0,0,0,0,321,78.2,70,3,56,16,0,4,2,28,27,3.09,2.78,3.55,1.09,93,86,99,0.31,0.9%,17.4%,5.0%,12.5%,33,R,"<img src=""https://www.yakyucosmo.com/wp-content/uploads/2025/04/Marines.jpg"" alt="""" width=""10"" height=""10"" class=""alignnone size-full wp-image-6240"" />",<a href=https://npb.jp/bis/eng/teams/index_m.html>Lotte</a>,PL
,<a href=https://npb.jp/bis/eng/players/51155130.html>Arihara Kohei</a>,13,5,5,0,0,1,1,371,90.0,86,6,61,22,1,2,2,33,31,3.10,3.26,3.75,1.20,92,101,105,-0.16,1.6%,16.4%,5.9%,10.5%,32,R,"<img src=""https://www.yakyucosmo.com/wp-content/uploads/2025/04/Hawks.jpg"" alt="""" width=""10"" height=""10"" class=""alignnone size-full wp-image-6220"" /> ",<a href=https://npb.jp/bis/eng/teams/index_h.html>SoftBank</a>,PL
,<a href=https://npb.jp/bis/eng/players/63965134.html>Moinelo Livan</a>,14,7,1,0,0,1,0,377,99.1,69,5,107,21,0,2,0,15,14,1.27,2.14,2.52,0.91,224,67,70,-0.87,1.3%,28.4%,5.6%,22.8%,29,L,"<img src=""https://www.yakyucosmo.com/wp-content/uploads/2025/04/Hawks.jpg"" alt="""" width=""10"" height=""10"" class=""alignnone size-full wp-image-6220"" /> ",<a href=https://npb.jp/bis/eng/teams/index_h.html>SoftBank</a>,PL
,<a href=https://npb.jp/bis/eng/players/01505151.html>Ohzeki Tomohisa</a>,13,5,3,0,0,0,0,325,81.2,57,5,58,21,1,3,0,19,18,1.98,3.20,3.66,0.96,144,100,102,-1.22,1.5%,17.8%,6.5%,11.4%,27,L,"<img src=""https://www.yakyucosmo.com/wp-content/uploads/2025/04/Hawks.jpg"" alt="""" width=""10"" height=""10"" class=""alignnone size-full wp-image-6220"" /> ",<a href=https://npb.jp/bis/eng/teams/index_h.html>SoftBank</a>,PL
,<a href=https://npb.jp/bis/eng/players/51355135.html>Uwasawa Naoyuki</a>,12,5,5,0,0,1,0,305,76.0,63,9,50,18,1,3,0,32,28,3.32,4.00,3.75,1.07,86,124,105,-0.68,3.0%,16.4%,5.9%,10.5%,31,R,"<img src=""https://www.yakyucosmo.com/wp-content/uploads/2025/04/Hawks.jpg"" alt="""" width=""10"" height=""10"" class=""alignnone size-full wp-image-6220"" /> ",<a href=https://npb.jp/bis/eng/teams/index_h.html>SoftBank</a>,PL
,<a href=https://npb.jp/bis/eng/players/31335134.html>Imai Tatsuya</a>,13,6,2,0,0,2,1,356,95.2,50,4,110,24,0,3,0,14,14,1.32,2.04,2.38,0.77,209,65,67,-0.72,1.1%,30.9%,6.7%,24.2%,27,R,"<img src=""https://www.yakyucosmo.com/wp-content/uploads/2025/04/Lions.jpg"" alt="""" width=""10"" height=""10"" class=""alignnone size-full wp-image-6219"" />",<a href=https://npb.jp/bis/eng/teams/index_l.html>Seibu</a>,PL
,<a href=https://npb.jp/bis/eng/players/21025155.html>Sumida Chihiro</a>,12,7,3,0,0,2,1,344,89.0,69,4,81,14,1,1,1,15,15,1.52,2.21,2.85,0.93,182,71,80,-0.69,1.2%,23.5%,4.1%,19.5%,25,L,"<img src=""https://www.yakyucosmo.com/wp-content/uploads/2025/04/Lions.jpg"" alt="""" width=""10"" height=""10"" class=""alignnone size-full wp-image-6219"" />",<a href=https://npb.jp/bis/eng/teams/index_l.html>Seibu</a>,PL
,<a href=https://npb.jp/bis/eng/players/53155138.html>Watanabe Yutaro</a>,12,5,4,0,0,0,0,310,77.1,60,3,44,20,0,3,2,22,18,2.09,3.20,4.03,1.03,132,103,112,-1.11,1.0%,14.2%,6.5%,7.7%,24,R,"<img src=""https://www.yakyucosmo.com/wp-content/uploads/2025/04/Lions.jpg"" alt="""" width=""10"" height=""10"" class=""alignnone size-full wp-image-6219"" />",<a href=https://npb.jp/bis/eng/teams/index_l.html>Seibu</a>,PL
,<a href=https://npb.jp/bis/eng/players/51355153.html>Itoh Hiromi</a>,14,9,4,0,0,4,1,419,104.2,88,10,103,16,1,4,3,31,29,2.49,2.79,2.72,0.99,117,85,76,-0.30,2.4%,24.6%,3.8%,20.8%,27,R,"<img src=""https://www.yakyucosmo.com/wp-content/uploads/2025/04/Fighters.jpg"" alt="""" width=""10"" height=""10"" class=""alignnone size-full wp-image-6217"" />",<a href=https://npb.jp/bis/eng/teams/index_f.html>Nipponham</a>,PL
,<a href=https://npb.jp/bis/eng/players/51755155.html>Kitayama Koki</a>,11,5,3,0,0,4,0,301,78.1,51,3,73,21,0,3,0,12,10,1.15,2.50,3.07,0.92,252,76,86,-1.35,1.0%,24.3%,7.0%,17.3%,26,R,"<img src=""https://www.yakyucosmo.com/wp-content/uploads/2025/04/Fighters.jpg"" alt="""" width=""10"" height=""10"" class=""alignnone size-full wp-image-6217"" />",<a href=https://npb.jp/bis/eng/teams/index_f.html>Nipponham</a>,PL
