#,,Team,G,W,L,T,PCT,GB,RS,RA,Diff,XPCT,Home,Road,vs T,vs DB,vs G,vs D,vs C,vs S,Inter
,"<img src=""https://www.yakyucosmo.com/wp-content/uploads/2025/04/Tigers.jpg"" alt="""" width=""10"" height=""10"" class=""alignnone size-full wp-image-6224"" />",<a href=https://npb.jp/bis/eng/teams/index_t.html>Hanshin Tigers</a>,90,53,35,2,0.602,--,306,200,106,0.685,24-19(1),29-16(1),--,8-4(2),13-5,5-7,11-4,8-5,8-10
,"<img src=""https://www.yakyucosmo.com/wp-content/uploads/2025/04/BayStars.jpg"" alt="""" width=""10"" height=""10"" class=""alignnone size-full wp-image-6228"" />",<a href=https://npb.jp/bis/eng/teams/index_db.html>DeNA BayStars</a>,88,41,42,5,0.494,9.5,265,251,14,0.525,23-18(2),18-24(3),4-8(2),--,3-9(1),11-6,7-6(1),9-2(1),7-11
,"<img src=""https://www.yakyucosmo.com/wp-content/uploads/2025/04/Giants.jpg"" alt="""" width=""10"" height=""10"" class=""alignnone size-full wp-image-6227"" />",<a href=https://npb.jp/bis/eng/teams/index_g.html>Yomiuri Giants</a>,89,42,44,3,0.488,10.0,244,255,-11,0.480,28-16(1),14-28(2),5-13,9-3(1),--,8-5,5-8(1),9-4,6-11(1)
,"<img src=""https://www.yakyucosmo.com/wp-content/uploads/2025/04/Dragons.jpg"" alt="""" width=""10"" height=""10"" class=""alignnone size-full wp-image-6225"" />",<a href=https://npb.jp/bis/eng/teams/index_d.html>Chunichi Dragons</a>,88,40,46,2,0.465,12.0,228,264,-36,0.433,25-20(1),15-26(1),7-5,6-11,5-8,--,7-6(1),7-6(1),8-10
,"<img src=""https://www.yakyucosmo.com/wp-content/uploads/2025/04/Carp.jpg"" alt="""" width=""10"" height=""10"" class=""alignnone size-full wp-image-6223"" />",<a href=https://npb.jp/bis/eng/teams/index_c.html>Hiroshima Carp</a>,88,38,45,5,0.458,12.5,265,275,-10,0.483,24-16(3),14-29(2),4-11,6-7(1),8-5(1),6-7(1),--,5-6(2),9-9
,"<img src=""https://www.yakyucosmo.com/wp-content/uploads/2025/04/Swallows.jpg"" alt="""" width=""10"" height=""10"" class=""alignnone size-full wp-image-6226"" />",<a href=https://npb.jp/bis/eng/teams/index_s.html>Yakult Swallows</a>,83,28,50,5,0.359,20.0,231,331,-100,0.341,17-22(3),11-28(2),5-8,2-9(1),4-9,6-7(1),6-5(2),--,5-12(1)
