#,,Team,G,W,L,T,PCT,GB,RS,RA,Diff,XPCT,Home,Road,vs F,vs H,vs B,vs L,vs E,vs M,Inter
,"<img src=""https://www.yakyucosmo.com/wp-content/uploads/2025/04/Fighters.jpg"" alt="""" width=""10"" height=""10"" class=""alignnone size-full wp-image-6217"" />",<a href=https://npb.jp/bis/eng/teams/index_f.html>Nipponham Fighters</a>,86,51,33,2,0.607,--,321,227,94,0.653,24-18,27-15(2),--,6-7,7-7(1),9-5,10-3(1),8-4,11-7
,"<img src=""https://www.yakyucosmo.com/wp-content/uploads/2025/04/Hawks.jpg"" alt="""" width=""10"" height=""10"" class=""alignnone size-full wp-image-6220"" /> ",<a href=https://npb.jp/bis/eng/teams/index_h.html>SoftBank Hawks</a>,86,48,34,4,0.585,2.0,310,239,71,0.617,24-17(3),24-17(1),7-6,--,7-3(2),8-7,5-9,9-4(1),12-5(1)
,"<img src=""https://www.yakyucosmo.com/wp-content/uploads/2025/04/Buffaloes.jpg"" alt="""" width=""10"" height=""10"" class=""alignnone size-full wp-image-6222"" />",<a href=https://npb.jp/bis/eng/teams/index_b.html>ORIX Buffaloes</a>,84,46,35,3,0.568,3.5,309,296,13,0.520,24-19(2),22-16(1),7-7(1),3-7(2),--,6-7,9-4,10-3,11-7
,"<img src=""https://www.yakyucosmo.com/wp-content/uploads/2025/04/Lions.jpg"" alt="""" width=""10"" height=""10"" class=""alignnone size-full wp-image-6219"" />",<a href=https://npb.jp/bis/eng/teams/index_l.html>Seibu Lions</a>,85,42,42,1,0.500,9.0,220,232,-12,0.476,25-21,17-21(1),5-9,7-8,7-6,--,6-6,7-5(1),10-8
,"<img src=""https://www.yakyucosmo.com/wp-content/uploads/2025/04/Eagles.jpg"" alt="""" width=""10"" height=""10"" class=""alignnone size-full wp-image-6218"" />",<a href=https://npb.jp/bis/eng/teams/index_e.html>Rakuten Eagles</a>,84,39,43,2,0.476,11.0,241,281,-40,0.430,19-19(1),20-24(1),3-10(1),9-5,4-9,6-6,--,8-5,9-8(1)
,"<img src=""https://www.yakyucosmo.com/wp-content/uploads/2025/04/Marines.jpg"" alt="""" width=""10"" height=""10"" class=""alignnone size-full wp-image-6240"" />",<a href=https://npb.jp/bis/eng/teams/index_m.html>Lotte Marines</a>,83,31,50,2,0.383,18.5,234,323,-89,0.357,17-20(1),14-30(1),4-8,4-9(1),3-10,5-7(1),5-8,--,10-8
