Rank,Player,G,PA,AB,R,H,2B,3B,HR,TB,RBI,SB,CS,SH,SF,SO,BB,IBB,HP,GDP,AVG,OBP,SLG,OPS,OPS+,ISO,BABIP,TTO%,K%,BB%,BB/K,Age,Pos,B,,Team,League
,<a href=https://npb.jp/bis/eng/players/71075138.html>Chikamoto Koji</a>,86,396,356,48,104,14,2,3,131,23,23,5,0,2,50,37,1,1,1,0.292,0.359,0.368,0.727,133,0.076,0.331,22.7%,12.6%,9.3%,0.74,30,8,L,"<img src=""https://www.yakyucosmo.com/wp-content/uploads/2025/04/Tigers.jpg"" alt="""" width=""10"" height=""10"" class=""alignnone size-full wp-image-6224"" />",<a href=https://npb.jp/bis/eng/teams/index_t.html>Hanshin</a>,CL
,<a href=https://npb.jp/bis/eng/players/43145157.html>Morishita Shota</a>,86,380,335,53,90,11,1,16,151,60,4,2,0,3,52,32,4,10,12,0.269,0.347,0.451,0.798,155,0.182,0.274,26.3%,13.7%,8.4%,0.62,24,9,R,"<img src=""https://www.yakyucosmo.com/wp-content/uploads/2025/04/Tigers.jpg"" alt="""" width=""10"" height=""10"" class=""alignnone size-full wp-image-6224"" />",<a href=https://npb.jp/bis/eng/teams/index_t.html>Hanshin</a>,CL
,<a href=https://npb.jp/bis/eng/players/41445153.html>Nakano Takumu</a>,86,384,316,44,95,10,2,0,109,19,14,3,29,2,45,34,1,3,4,0.301,0.372,0.345,0.717,131,0.044,0.348,20.6%,11.7%,8.9%,0.76,29,4,L,"<img src=""https://www.yakyucosmo.com/wp-content/uploads/2025/04/Tigers.jpg"" alt="""" width=""10"" height=""10"" class=""alignnone size-full wp-image-6224"" />",<a href=https://npb.jp/bis/eng/teams/index_t.html>Hanshin</a>,CL
,<a href=https://npb.jp/bis/eng/players/21325134.html>Ohyama Yusuke</a>,86,360,318,23,84,14,1,4,112,41,4,1,0,2,57,39,2,1,9,0.264,0.344,0.352,0.696,123,0.088,0.309,27.8%,15.8%,10.8%,0.68,30,3,R,"<img src=""https://www.yakyucosmo.com/wp-content/uploads/2025/04/Tigers.jpg"" alt="""" width=""10"" height=""10"" class=""alignnone size-full wp-image-6224"" />",<a href=https://npb.jp/bis/eng/teams/index_t.html>Hanshin</a>,CL
,<a href=https://npb.jp/bis/eng/players/41045153.html>Sato Teruaki</a>,85,364,329,50,94,21,4,24,195,62,8,2,0,1,98,34,5,0,3,0.286,0.352,0.593,0.945,200,0.307,0.337,42.9%,26.9%,9.3%,0.35,26,5,L,"<img src=""https://www.yakyucosmo.com/wp-content/uploads/2025/04/Tigers.jpg"" alt="""" width=""10"" height=""10"" class=""alignnone size-full wp-image-6224"" />",<a href=https://npb.jp/bis/eng/teams/index_t.html>Hanshin</a>,CL
,<a href=https://npb.jp/bis/eng/players/43745150.html>Fabian Sandro</a>,83,349,332,40,97,19,0,10,146,41,2,2,0,2,55,11,3,4,5,0.292,0.321,0.440,0.761,133,0.148,0.323,21.8%,15.8%,3.2%,0.20,27,7,R,"<img src=""https://www.yakyucosmo.com/wp-content/uploads/2025/04/Carp.jpg"" alt="""" width=""10"" height=""10"" class=""alignnone size-full wp-image-6223"" />",<a href=https://npb.jp/bis/eng/teams/index_c.html>Hiroshima</a>,CL
,<a href=https://npb.jp/bis/eng/players/61565135.html>Kikuchi Ryosuke</a>,72,269,242,17,56,9,0,2,71,20,5,2,14,1,45,11,0,1,5,0.231,0.267,0.293,0.560,73,0.062,0.276,21.6%,16.7%,4.1%,0.24,35,4,R,"<img src=""https://www.yakyucosmo.com/wp-content/uploads/2025/04/Carp.jpg"" alt="""" width=""10"" height=""10"" class=""alignnone size-full wp-image-6223"" />",<a href=https://npb.jp/bis/eng/teams/index_c.html>Hiroshima</a>,CL
,<a href=https://npb.jp/bis/eng/players/01705138.html>Kozono Kaito</a>,82,351,319,30,91,15,3,2,118,25,7,3,1,1,29,28,5,2,5,0.285,0.346,0.370,0.716,121,0.085,0.308,16.8%,8.3%,8.0%,0.97,25,5,L,"<img src=""https://www.yakyucosmo.com/wp-content/uploads/2025/04/Carp.jpg"" alt="""" width=""10"" height=""10"" class=""alignnone size-full wp-image-6223"" />",<a href=https://npb.jp/bis/eng/teams/index_c.html>Hiroshima</a>,CL
,<a href=https://npb.jp/bis/eng/players/51055155.html>Suekane Shota</a>,76,313,285,27,72,9,3,7,108,40,2,3,0,2,62,25,0,1,1,0.253,0.313,0.379,0.692,113,0.126,0.298,30.0%,19.8%,8.0%,0.40,29,9,R,"<img src=""https://www.yakyucosmo.com/wp-content/uploads/2025/04/Carp.jpg"" alt="""" width=""10"" height=""10"" class=""alignnone size-full wp-image-6223"" />",<a href=https://npb.jp/bis/eng/teams/index_c.html>Hiroshima</a>,CL
,<a href=https://npb.jp/bis/eng/players/93395153.html>Yano Masaya</a>,77,275,236,18,51,6,1,1,62,17,1,3,13,1,56,22,1,3,1,0.216,0.290,0.263,0.553,72,0.047,0.278,28.7%,20.4%,8.0%,0.39,26,6,L,"<img src=""https://www.yakyucosmo.com/wp-content/uploads/2025/04/Carp.jpg"" alt="""" width=""10"" height=""10"" class=""alignnone size-full wp-image-6223"" />",<a href=https://npb.jp/bis/eng/teams/index_c.html>Hiroshima</a>,CL
,<a href=https://npb.jp/bis/eng/players/13115153.html>Maki Shugo</a>,83,352,325,43,91,22,0,15,158,46,3,4,0,1,66,16,5,10,5,0.280,0.332,0.486,0.818,154,0.206,0.310,27.6%,18.8%,4.5%,0.24,27,4,R,"<img src=""https://www.yakyucosmo.com/wp-content/uploads/2025/04/BayStars.jpg"" alt="""" width=""10"" height=""10"" class=""alignnone size-full wp-image-6228"" />",<a href=https://npb.jp/bis/eng/teams/index_db.html>DeNA</a>,CL
,<a href=https://npb.jp/bis/eng/players/91995134.html>Sano Keita</a>,81,332,303,24,83,15,0,7,119,39,0,0,0,2,33,26,1,1,6,0.274,0.331,0.393,0.724,126,0.119,0.287,19.9%,9.9%,7.8%,0.79,30,3,L,"<img src=""https://www.yakyucosmo.com/wp-content/uploads/2025/04/BayStars.jpg"" alt="""" width=""10"" height=""10"" class=""alignnone size-full wp-image-6228"" />",<a href=https://npb.jp/bis/eng/teams/index_db.html>DeNA</a>,CL
,<a href=https://npb.jp/bis/eng/players/73575150.html>Cabbage Trey</a>,71,273,248,22,59,13,0,8,96,27,3,3,1,1,79,19,2,4,2,0.238,0.301,0.387,0.688,117,0.149,0.315,38.8%,28.9%,7.0%,0.24,28,9,L,"<img src=""https://www.yakyucosmo.com/wp-content/uploads/2025/04/Giants.jpg"" alt="""" width=""10"" height=""10"" class=""alignnone size-full wp-image-6227"" />",<a href=https://npb.jp/bis/eng/teams/index_g.html>Yomiuri</a>,CL
,<a href=https://npb.jp/bis/eng/players/61165159.html>Izuguchi Yuta</a>,75,324,288,28,81,11,0,4,104,19,3,4,6,1,37,28,1,1,4,0.281,0.346,0.361,0.707,125,0.080,0.310,21.3%,11.4%,8.6%,0.76,26,6,L,"<img src=""https://www.yakyucosmo.com/wp-content/uploads/2025/04/Giants.jpg"" alt="""" width=""10"" height=""10"" class=""alignnone size-full wp-image-6227"" />",<a href=https://npb.jp/bis/eng/teams/index_g.html>Yomiuri</a>,CL
,<a href=https://npb.jp/bis/eng/players/73375134.html>Yoshikawa Naoki</a>,83,355,316,27,87,12,3,3,114,25,7,2,1,3,49,31,0,4,6,0.275,0.345,0.361,0.706,124,0.086,0.315,23.4%,13.8%,8.7%,0.63,30,4,L,"<img src=""https://www.yakyucosmo.com/wp-content/uploads/2025/04/Giants.jpg"" alt="""" width=""10"" height=""10"" class=""alignnone size-full wp-image-6227"" />",<a href=https://npb.jp/bis/eng/teams/index_g.html>Yomiuri</a>,CL
,<a href=https://npb.jp/bis/eng/players/23525153.html>Osuna Jose</a>,79,332,301,18,78,13,0,4,103,33,2,1,0,3,36,27,6,1,7,0.259,0.319,0.342,0.661,100,0.083,0.280,20.2%,10.8%,8.1%,0.75,32,3,R,"<img src=""https://www.yakyucosmo.com/wp-content/uploads/2025/04/Swallows.jpg"" alt="""" width=""10"" height=""10"" class=""alignnone size-full wp-image-6226"" />",<a href=https://npb.jp/bis/eng/teams/index_s.html>Yakult</a>,CL
,<a href=https://npb.jp/bis/eng/players/81585151.html>Okabayashi Yuki</a>,84,376,340,41,101,18,5,2,135,20,14,3,2,2,33,31,5,1,1,0.297,0.356,0.397,0.753,148,0.100,0.322,17.6%,8.8%,8.2%,0.94,23,8,L,"<img src=""https://www.yakyucosmo.com/wp-content/uploads/2025/04/Dragons.jpg"" alt="""" width=""10"" height=""10"" class=""alignnone size-full wp-image-6225"" />",<a href=https://npb.jp/bis/eng/teams/index_d.html>Chunichi</a>,CL
,<a href=https://npb.jp/bis/eng/players/91395139.html>Uebayashi Seiji</a>,82,313,291,29,77,11,3,11,127,29,17,4,4,1,57,15,6,2,0,0.265,0.304,0.436,0.740,142,0.171,0.295,26.5%,18.2%,4.8%,0.26,29,9,L,"<img src=""https://www.yakyucosmo.com/wp-content/uploads/2025/04/Dragons.jpg"" alt="""" width=""10"" height=""10"" class=""alignnone size-full wp-image-6225"" />",<a href=https://npb.jp/bis/eng/teams/index_d.html>Chunichi</a>,CL
,<a href=https://npb.jp/bis/eng/players/91995151.html>Kurebayashi Kotaro</a>,73,293,265,18,64,10,1,5,91,28,0,2,0,4,37,21,2,3,6,0.242,0.300,0.343,0.643,104,0.101,0.260,21.5%,12.6%,7.2%,0.57,23,6,R,"<img src=""https://www.yakyucosmo.com/wp-content/uploads/2025/04/Buffaloes.jpg"" alt="""" width=""10"" height=""10"" class=""alignnone size-full wp-image-6222"" />",<a href=https://npb.jp/bis/eng/teams/index_b.html>ORIX</a>,PL
,<a href=https://npb.jp/bis/eng/players/51255138.html>Nakagawa Keita</a>,68,261,241,33,63,16,1,6,99,37,7,1,3,2,35,15,1,0,7,0.261,0.302,0.411,0.713,125,0.150,0.282,21.5%,13.4%,5.7%,0.43,29,8,R,"<img src=""https://www.yakyucosmo.com/wp-content/uploads/2025/04/Buffaloes.jpg"" alt="""" width=""10"" height=""10"" class=""alignnone size-full wp-image-6222"" />",<a href=https://npb.jp/bis/eng/teams/index_b.html>ORIX</a>,PL
,<a href=https://npb.jp/bis/eng/players/71475132.html>Nishikawa Ryoma</a>,69,293,277,26,87,20,1,4,121,31,4,1,4,1,42,9,1,2,4,0.314,0.339,0.437,0.776,145,0.123,0.358,18.8%,14.3%,3.1%,0.21,30,7,L,"<img src=""https://www.yakyucosmo.com/wp-content/uploads/2025/04/Buffaloes.jpg"" alt="""" width=""10"" height=""10"" class=""alignnone size-full wp-image-6222"" />",<a href=https://npb.jp/bis/eng/teams/index_b.html>ORIX</a>,PL
,<a href=https://npb.jp/bis/eng/players/91395138.html>Ohta Ryo</a>,59,269,240,24,77,7,0,5,99,27,0,2,5,1,54,20,3,3,6,0.321,0.379,0.413,0.792,152,0.092,0.396,29.4%,20.1%,7.4%,0.37,24,4,R,"<img src=""https://www.yakyucosmo.com/wp-content/uploads/2025/04/Buffaloes.jpg"" alt="""" width=""10"" height=""10"" class=""alignnone size-full wp-image-6222"" />",<a href=https://npb.jp/bis/eng/teams/index_b.html>ORIX</a>,PL
,<a href=https://npb.jp/bis/eng/players/61965132.html>Sugimoto Yutaro</a>,70,277,243,28,71,13,1,8,110,33,1,0,0,6,68,24,0,4,5,0.292,0.357,0.453,0.810,156,0.161,0.364,36.1%,24.5%,8.7%,0.35,34,9,R,"<img src=""https://www.yakyucosmo.com/wp-content/uploads/2025/04/Buffaloes.jpg"" alt="""" width=""10"" height=""10"" class=""alignnone size-full wp-image-6222"" />",<a href=https://npb.jp/bis/eng/teams/index_b.html>ORIX</a>,PL
,<a href=https://npb.jp/bis/eng/players/81085138.html>Tongu Yuma</a>,78,326,289,24,76,14,0,8,114,36,1,0,0,3,47,31,2,3,7,0.263,0.337,0.394,0.731,132,0.131,0.287,26.4%,14.4%,9.5%,0.66,28,3,R,"<img src=""https://www.yakyucosmo.com/wp-content/uploads/2025/04/Buffaloes.jpg"" alt="""" width=""10"" height=""10"" class=""alignnone size-full wp-image-6222"" />",<a href=https://npb.jp/bis/eng/teams/index_b.html>ORIX</a>,PL
,<a href=https://npb.jp/bis/eng/players/41645136.html>Fujioka Yudai</a>,69,271,235,20,59,14,1,3,84,14,0,0,5,3,49,28,1,0,5,0.251,0.327,0.357,0.684,111,0.106,0.301,29.5%,18.1%,10.3%,0.57,31,4,L,"<img src=""https://www.yakyucosmo.com/wp-content/uploads/2025/04/Marines.jpg"" alt="""" width=""10"" height=""10"" class=""alignnone size-full wp-image-6240"" />",<a href=https://npb.jp/bis/eng/teams/index_m.html>Lotte</a>,PL
,<a href=https://npb.jp/bis/eng/players/31635138.html>Fujiwara Kyota</a>,71,292,263,22,72,6,4,3,95,17,8,3,3,0,48,21,2,5,2,0.274,0.339,0.361,0.700,117,0.087,0.325,24.7%,16.4%,7.2%,0.44,25,8,L,"<img src=""https://www.yakyucosmo.com/wp-content/uploads/2025/04/Marines.jpg"" alt="""" width=""10"" height=""10"" class=""alignnone size-full wp-image-6240"" />",<a href=https://npb.jp/bis/eng/teams/index_m.html>Lotte</a>,PL
,<a href=https://npb.jp/bis/eng/players/11215116.html>Nakamura Akira</a>,75,307,269,23,65,5,2,1,77,21,1,2,4,3,30,31,1,0,5,0.242,0.317,0.286,0.603,89,0.044,0.266,20.2%,9.8%,10.1%,1.03,35,3,L,"<img src=""https://www.yakyucosmo.com/wp-content/uploads/2025/04/Hawks.jpg"" alt="""" width=""10"" height=""10"" class=""alignnone size-full wp-image-6220"" /> ",<a href=https://npb.jp/bis/eng/teams/index_h.html>SoftBank</a>,PL
,<a href=https://npb.jp/bis/eng/players/21425139.html>Yamakawa Hotaka</a>,73,286,259,26,51,6,0,13,96,37,0,0,0,3,78,21,3,3,5,0.197,0.262,0.371,0.633,95,0.174,0.222,39.2%,27.3%,7.3%,0.27,33,DH,R,"<img src=""https://www.yakyucosmo.com/wp-content/uploads/2025/04/Hawks.jpg"" alt="""" width=""10"" height=""10"" class=""alignnone size-full wp-image-6220"" /> ",<a href=https://npb.jp/bis/eng/teams/index_h.html>SoftBank</a>,PL
,<a href=https://npb.jp/bis/eng/players/73175151.html>Yanagimachi Tatsuru</a>,74,291,246,26,73,10,1,3,94,26,2,2,3,0,64,39,0,3,6,0.297,0.399,0.382,0.781,143,0.085,0.391,36.4%,22.0%,13.4%,0.61,28,9,L,"<img src=""https://www.yakyucosmo.com/wp-content/uploads/2025/04/Hawks.jpg"" alt="""" width=""10"" height=""10"" class=""alignnone size-full wp-image-6220"" /> ",<a href=https://npb.jp/bis/eng/teams/index_h.html>SoftBank</a>,PL
,<a href=https://npb.jp/bis/eng/players/51155118.html>Asamura Hideto</a>,72,294,246,20,59,10,1,5,86,24,1,0,0,1,63,42,4,5,8,0.240,0.361,0.350,0.711,132,0.110,0.302,37.4%,21.4%,14.3%,0.67,34,3,R,"<img src=""https://www.yakyucosmo.com/wp-content/uploads/2025/04/Eagles.jpg"" alt="""" width=""10"" height=""10"" class=""alignnone size-full wp-image-6218"" />",<a href=https://npb.jp/bis/eng/teams/index_e.html>Rakuten</a>,PL
,<a href=https://npb.jp/bis/eng/players/61965151.html>Kobukata Hiroto</a>,81,298,252,25,61,5,1,1,71,12,25,5,11,0,52,34,0,1,1,0.242,0.334,0.282,0.616,101,0.040,0.302,29.2%,17.4%,11.4%,0.65,29,4,L,"<img src=""https://www.yakyucosmo.com/wp-content/uploads/2025/04/Eagles.jpg"" alt="""" width=""10"" height=""10"" class=""alignnone size-full wp-image-6218"" />",<a href=https://npb.jp/bis/eng/teams/index_e.html>Rakuten</a>,PL
,<a href=https://npb.jp/bis/eng/players/53155150.html>Muneyama Rui</a>,73,293,279,14,67,14,3,2,93,19,4,0,0,5,51,8,2,1,5,0.240,0.259,0.333,0.592,91,0.093,0.281,20.8%,17.4%,2.7%,0.16,22,6,L,"<img src=""https://www.yakyucosmo.com/wp-content/uploads/2025/04/Eagles.jpg"" alt="""" width=""10"" height=""10"" class=""alignnone size-full wp-image-6218"" />",<a href=https://npb.jp/bis/eng/teams/index_e.html>Rakuten</a>,PL
,<a href=https://npb.jp/bis/eng/players/41845132.html>Murabayashi Itsuki</a>,78,309,290,20,93,7,0,3,109,31,4,2,2,2,55,13,2,2,5,0.321,0.352,0.376,0.728,137,0.055,0.385,23.0%,17.8%,4.2%,0.24,27,5,R,"<img src=""https://www.yakyucosmo.com/wp-content/uploads/2025/04/Eagles.jpg"" alt="""" width=""10"" height=""10"" class=""alignnone size-full wp-image-6218"" />",<a href=https://npb.jp/bis/eng/teams/index_e.html>Rakuten</a>,PL
,<a href=https://npb.jp/bis/eng/players/11015138.html>Tatsumi Ryosuke</a>,68,258,230,20,59,9,2,4,84,21,14,0,0,3,59,18,0,7,7,0.257,0.326,0.365,0.691,124,0.108,0.324,31.4%,22.9%,7.0%,0.31,28,8,L,"<img src=""https://www.yakyucosmo.com/wp-content/uploads/2025/04/Eagles.jpg"" alt="""" width=""10"" height=""10"" class=""alignnone size-full wp-image-6218"" />",<a href=https://npb.jp/bis/eng/teams/index_e.html>Rakuten</a>,PL
,<a href=https://npb.jp/bis/eng/players/81685153.html>Hasegawa Shinya</a>,81,308,275,33,61,11,3,6,96,28,5,2,4,4,39,22,1,3,5,0.222,0.283,0.349,0.632,99,0.127,0.235,21.8%,12.7%,7.1%,0.56,23,9,R,"<img src=""https://www.yakyucosmo.com/wp-content/uploads/2025/04/Lions.jpg"" alt="""" width=""10"" height=""10"" class=""alignnone size-full wp-image-6219"" />",<a href=https://npb.jp/bis/eng/teams/index_l.html>Seibu</a>,PL
,<a href=https://npb.jp/bis/eng/players/53755150.html>Nevin Tyler</a>,83,345,308,29,86,17,0,9,130,37,2,1,0,4,44,26,3,7,6,0.279,0.345,0.422,0.767,141,0.143,0.297,22.9%,12.8%,7.5%,0.59,28,3,R,"<img src=""https://www.yakyucosmo.com/wp-content/uploads/2025/04/Lions.jpg"" alt="""" width=""10"" height=""10"" class=""alignnone size-full wp-image-6219"" />",<a href=https://npb.jp/bis/eng/teams/index_l.html>Seibu</a>,PL
,<a href=https://npb.jp/bis/eng/players/51455136.html>Nishikawa Manaya</a>,83,369,334,38,85,15,1,4,114,18,18,5,2,2,50,26,1,5,2,0.254,0.316,0.341,0.657,107,0.087,0.287,21.7%,13.6%,7.0%,0.52,26,8,L,"<img src=""https://www.yakyucosmo.com/wp-content/uploads/2025/04/Lions.jpg"" alt="""" width=""10"" height=""10"" class=""alignnone size-full wp-image-6219"" />",<a href=https://npb.jp/bis/eng/teams/index_l.html>Seibu</a>,PL
,<a href=https://npb.jp/bis/eng/players/41545136.html>Kiyomiya Kotaro</a>,81,341,314,35,83,17,0,7,121,36,4,1,0,3,44,23,0,1,4,0.264,0.314,0.385,0.699,114,0.121,0.286,21.7%,12.9%,6.7%,0.52,26,5,L,"<img src=""https://www.yakyucosmo.com/wp-content/uploads/2025/04/Fighters.jpg"" alt="""" width=""10"" height=""10"" class=""alignnone size-full wp-image-6217"" />",<a href=https://npb.jp/bis/eng/teams/index_f.html>Nipponham</a>,PL
,<a href=https://npb.jp/bis/eng/players/11815138.html>Mannami Chusei</a>,80,305,276,30,62,19,1,14,125,35,1,1,0,0,82,28,6,1,4,0.225,0.298,0.453,0.751,128,0.228,0.267,40.7%,26.9%,9.2%,0.34,25,9,R,"<img src=""https://www.yakyucosmo.com/wp-content/uploads/2025/04/Fighters.jpg"" alt="""" width=""10"" height=""10"" class=""alignnone size-full wp-image-6217"" />",<a href=https://npb.jp/bis/eng/teams/index_f.html>Nipponham</a>,PL
,<a href=https://npb.jp/bis/eng/players/73075159.html>Reyes Franmil</a>,77,315,281,35,80,13,0,18,147,52,0,0,0,1,70,33,2,0,6,0.285,0.359,0.523,0.882,168,0.238,0.320,38.4%,22.2%,10.5%,0.47,29,DH,R,"<img src=""https://www.yakyucosmo.com/wp-content/uploads/2025/04/Fighters.jpg"" alt="""" width=""10"" height=""10"" class=""alignnone size-full wp-image-6217"" />",<a href=https://npb.jp/bis/eng/teams/index_f.html>Nipponham</a>,PL
