#,,Team,G,W,L,T,PCT,GB,RS,RA,Diff,XPCT,Home,Road,vs H,vs F,vs B,vs E,vs L,vs M,Inter
,"<img src=""https://www.yakyucosmo.com/wp-content/uploads/2025/04/Hawks.jpg"" alt="""" width=""10"" height=""10"" class=""alignnone size-full wp-image-6220"" /> ",<a href=https://npb.jp/bis/eng/teams/index_h.html>SoftBank Hawks</a>,97,58,35,4,0.624,--,369,262,107,0.652,29-17(3),29-18(1),--,9-7,9-3(2),8-9,11-7,9-4(1),12-5(1)
,"<img src=""https://www.yakyucosmo.com/wp-content/uploads/2025/04/Fighters.jpg"" alt="""" width=""10"" height=""10"" class=""alignnone size-full wp-image-6217"" />",<a href=https://npb.jp/bis/eng/teams/index_f.html>Nipponham Fighters</a>,97,58,37,2,0.611,1.0,370,255,115,0.664,26-21,32-16(2),7-9,--,9-8(1),13-3(1),9-5,9-5,11-7
,"<img src=""https://www.yakyucosmo.com/wp-content/uploads/2025/04/Buffaloes.jpg"" alt="""" width=""10"" height=""10"" class=""alignnone size-full wp-image-6222"" />",<a href=https://npb.jp/bis/eng/teams/index_b.html>ORIX Buffaloes</a>,95,49,43,3,0.533,8.5,334,355,-21,0.472,27-22(2),22-21(1),3-9(2),8-9(1),--,9-4,8-8,10-6,11-7
,"<img src=""https://www.yakyucosmo.com/wp-content/uploads/2025/04/Eagles.jpg"" alt="""" width=""10"" height=""10"" class=""alignnone size-full wp-image-6218"" />",<a href=https://npb.jp/bis/eng/teams/index_e.html>Rakuten Eagles</a>,95,44,49,2,0.473,14.0,272,322,-50,0.423,21-22(1),23-27(1),9-8,3-13(1),4-9,--,8-6,11-5,9-8(1)
,"<img src=""https://www.yakyucosmo.com/wp-content/uploads/2025/04/Lions.jpg"" alt="""" width=""10"" height=""10"" class=""alignnone size-full wp-image-6219"" />",<a href=https://npb.jp/bis/eng/teams/index_l.html>Seibu Lions</a>,96,44,50,2,0.468,14.5,253,277,-24,0.459,26-25(1),18-25(1),7-11,5-9,8-8,6-8,--,8-6(2),10-8
,"<img src=""https://www.yakyucosmo.com/wp-content/uploads/2025/04/Marines.jpg"" alt="""" width=""10"" height=""10"" class=""alignnone size-full wp-image-6240"" />",<a href=https://npb.jp/bis/eng/teams/index_m.html>Lotte Marines</a>,94,36,55,3,0.396,21.0,277,367,-90,0.374,20-23(1),16-32(2),4-9(1),5-9,6-10,5-11,6-8(2),--,10-8
