#,,Team,G,W,L,T,PCT,GB,RS,RA,Diff,XPCT,Home,Road,vs F,vs B,vs H,vs L,vs E,vs M,Inter
,"<img src=""https://www.yakyucosmo.com/wp-content/uploads/2025/04/Fighters.jpg"" alt="""" width=""10"" height=""10"" class=""alignnone size-full wp-image-6217"" />",<a href=https://npb.jp/bis/eng/teams/index_f.html>Nipponham Fighters</a>,81,47,32,2,0.595,--,295,218,77,0.635,22-18,25-14(2),--,5-7(1),6-7,7-4,10-3(1),8-4,11-7
,"<img src=""https://www.yakyucosmo.com/wp-content/uploads/2025/04/Buffaloes.jpg"" alt="""" width=""10"" height=""10"" class=""alignnone size-full wp-image-6222"" />",<a href=https://npb.jp/bis/eng/teams/index_b.html>ORIX Buffaloes</a>,79,44,32,3,0.579,1.5,291,275,16,0.526,23-18(2),21-14(1),7-5(1),--,3-7(2),6-7,8-3,9-3,11-7
,"<img src=""https://www.yakyucosmo.com/wp-content/uploads/2025/04/Hawks.jpg"" alt="""" width=""10"" height=""10"" class=""alignnone size-full wp-image-6220"" /> ",<a href=https://npb.jp/bis/eng/teams/index_h.html>SoftBank Hawks</a>,81,45,33,3,0.577,1.5,287,225,62,0.610,22-17(2),23-16(1),7-6,7-3(2),--,8-7,4-8,7-4,12-5(1)
,"<img src=""https://www.yakyucosmo.com/wp-content/uploads/2025/04/Lions.jpg"" alt="""" width=""10"" height=""10"" class=""alignnone size-full wp-image-6219"" />",<a href=https://npb.jp/bis/eng/teams/index_l.html>Seibu Lions</a>,80,40,39,1,0.506,7.0,208,211,-3,0.493,24-19,16-20(1),4-7,7-6,7-8,--,6-6,6-4(1),10-8
,"<img src=""https://www.yakyucosmo.com/wp-content/uploads/2025/04/Eagles.jpg"" alt="""" width=""10"" height=""10"" class=""alignnone size-full wp-image-6218"" />",<a href=https://npb.jp/bis/eng/teams/index_e.html>Rakuten Eagles</a>,80,37,41,2,0.474,9.5,224,269,-45,0.417,18-18(1),19-23(1),3-10(1),3-8,8-4,6-6,--,8-5,9-8(1)
,"<img src=""https://www.yakyucosmo.com/wp-content/uploads/2025/04/Marines.jpg"" alt="""" width=""10"" height=""10"" class=""alignnone size-full wp-image-6240"" />",<a href=https://npb.jp/bis/eng/teams/index_m.html>Lotte Marines</a>,77,30,46,1,0.395,15.5,221,291,-70,0.377,16-18(1),14-28,4-8,3-9,4-7,4-6(1),5-8,--,10-8
