#,,Team,G,W,L,T,PCT,GB,RS,RA,Diff,XPCT,Home,Road,vs T,vs DB,vs G,vs D,vs C,vs S,Inter
,"<img src=""https://www.yakyucosmo.com/wp-content/uploads/2025/04/Tigers.jpg"" alt="""" width=""10"" height=""10"" class=""alignnone size-full wp-image-6224"" />",<a href=https://npb.jp/bis/eng/teams/index_t.html>Hanshin Tigers</a>,89,53,34,2,0.609,--,301,194,107,0.691,24-19(1),29-15(1),--,8-4(2),13-4,5-7,11-4,8-5,8-10
,"<img src=""https://www.yakyucosmo.com/wp-content/uploads/2025/04/BayStars.jpg"" alt="""" width=""10"" height=""10"" class=""alignnone size-full wp-image-6228"" />",<a href=https://npb.jp/bis/eng/teams/index_db.html>DeNA BayStars</a>,87,40,42,5,0.488,10.5,264,251,13,0.523,23-18(2),17-24(3),4-8(2),--,3-9(1),10-6,7-6(1),9-2(1),7-11
,"<img src=""https://www.yakyucosmo.com/wp-content/uploads/2025/04/Giants.jpg"" alt="""" width=""10"" height=""10"" class=""alignnone size-full wp-image-6227"" />",<a href=https://npb.jp/bis/eng/teams/index_g.html>Yomiuri Giants</a>,88,41,44,3,0.482,11.0,238,250,-12,0.478,27-16(1),14-28(2),4-13,9-3(1),--,8-5,5-8(1),9-4,6-11(1)
,"<img src=""https://www.yakyucosmo.com/wp-content/uploads/2025/04/Dragons.jpg"" alt="""" width=""10"" height=""10"" class=""alignnone size-full wp-image-6225"" />",<a href=https://npb.jp/bis/eng/teams/index_d.html>Chunichi Dragons</a>,87,40,45,2,0.471,12.0,228,263,-35,0.435,25-19(1),15-26(1),7-5,6-10,5-8,--,7-6(1),7-6(1),8-10
,"<img src=""https://www.yakyucosmo.com/wp-content/uploads/2025/04/Carp.jpg"" alt="""" width=""10"" height=""10"" class=""alignnone size-full wp-image-6223"" />",<a href=https://npb.jp/bis/eng/teams/index_c.html>Hiroshima Carp</a>,87,38,44,5,0.463,12.5,259,268,-9,0.484,24-16(3),14-28(2),4-11,6-7(1),8-5(1),6-7(1),--,5-5(2),9-9
,"<img src=""https://www.yakyucosmo.com/wp-content/uploads/2025/04/Swallows.jpg"" alt="""" width=""10"" height=""10"" class=""alignnone size-full wp-image-6226"" />",<a href=https://npb.jp/bis/eng/teams/index_s.html>Yakult Swallows</a>,82,27,50,5,0.351,21.0,224,325,-101,0.336,16-22(3),11-28(2),5-8,2-9(1),4-9,6-7(1),5-5(2),--,5-12(1)
