#,,Team,G,W,L,T,PCT,GB,RS,RA,Diff,XPCT,Home,Road,vs T,vs G,vs DB,vs D,vs C,vs S,Inter
,"<img src=""https://www.yakyucosmo.com/wp-content/uploads/2025/04/Tigers.jpg"" alt="""" width=""10"" height=""10"" class=""alignnone size-full wp-image-6224"" />",<a href=https://npb.jp/bis/eng/teams/index_t.html>Hanshin Tigers</a>,92,55,35,2,0.611,--,315,201,114,0.695,26-19(1),29-16(1),--,13-5,10-4(2),5-7,11-4,8-5,8-10
,"<img src=""https://www.yakyucosmo.com/wp-content/uploads/2025/04/Giants.jpg"" alt="""" width=""10"" height=""10"" class=""alignnone size-full wp-image-6227"" />",<a href=https://npb.jp/bis/eng/teams/index_g.html>Yomiuri Giants</a>,91,44,44,3,0.500,10.0,255,261,-6,0.489,28-16(1),16-28(2),5-13,--,9-3(1),8-5,7-8(1),9-4,6-11(1)
,"<img src=""https://www.yakyucosmo.com/wp-content/uploads/2025/04/BayStars.jpg"" alt="""" width=""10"" height=""10"" class=""alignnone size-full wp-image-6228"" />",<a href=https://npb.jp/bis/eng/teams/index_db.html>DeNA BayStars</a>,90,41,44,5,0.482,11.5,266,260,6,0.510,23-18(2),18-26(3),4-10(2),3-9(1),--,11-6,7-6(1),9-2(1),7-11
,"<img src=""https://www.yakyucosmo.com/wp-content/uploads/2025/04/Dragons.jpg"" alt="""" width=""10"" height=""10"" class=""alignnone size-full wp-image-6225"" />",<a href=https://npb.jp/bis/eng/teams/index_d.html>Chunichi Dragons</a>,90,40,48,2,0.455,14.0,231,269,-38,0.431,25-20(1),15-28(1),7-5,5-8,6-11,--,7-6(1),7-8(1),8-10
,"<img src=""https://www.yakyucosmo.com/wp-content/uploads/2025/04/Carp.jpg"" alt="""" width=""10"" height=""10"" class=""alignnone size-full wp-image-6223"" />",<a href=https://npb.jp/bis/eng/teams/index_c.html>Hiroshima Carp</a>,90,38,47,5,0.447,14.5,271,286,-15,0.475,24-18(3),14-29(2),4-11,8-7(1),6-7(1),6-7(1),--,5-6(2),9-9
,"<img src=""https://www.yakyucosmo.com/wp-content/uploads/2025/04/Swallows.jpg"" alt="""" width=""10"" height=""10"" class=""alignnone size-full wp-image-6226"" />",<a href=https://npb.jp/bis/eng/teams/index_s.html>Yakult Swallows</a>,85,30,50,5,0.375,20.0,236,334,-98,0.346,19-22(3),11-28(2),5-8,4-9,2-9(1),8-7(1),6-5(2),--,5-12(1)
