#,Team,G,W,L,T,PCT,GB,RS,RA,Diff,XPCT,Home,Road,vs F,vs M,vs B,vs H,vs E,vs L
,<a href=https://npb.jp/bis/eng/teams/index_f.html>Nipponham Fighters</a>,1,1,0,0,1.000,--,2,0,2,1.000,--,1-0,--,--,--,--,--,1-0
,<a href=https://npb.jp/bis/eng/teams/index_m.html>Lotte Marines</a>,1,1,0,0,1.000,--,8,2,6,0.927,--,1-0,--,--,--,1-0,--,--
,<a href=https://npb.jp/bis/eng/teams/index_b.html>ORIX Buffaloes</a>,1,1,0,0,1.000,--,2,2,0,0.500,1-0,--,--,--,--,--,1-0,--
,<a href=https://npb.jp/bis/eng/teams/index_h.html>SoftBank Hawks</a>,1,0,1,0,0.000,1.0,2,8,-6,0.073,0-1,--,--,0-1,--,--,--,--
,<a href=https://npb.jp/bis/eng/teams/index_e.html>Rakuten Eagles</a>,1,0,1,0,0.000,1.0,1,3,-2,0.118,--,0-1,--,--,0-1,--,--,--
,<a href=https://npb.jp/bis/eng/teams/index_l.html>Seibu Lions</a>,1,0,1,0,0.000,1.0,0,2,-2,0.000,0-1,--,0-1,--,--,--,--,--
