#,,Team,G,W,L,T,PCT,GB,RS,RA,Diff,XPCT,Home,Road,vs T,vs G,vs DB,vs C,vs D,vs S,Inter
,"<img src=""https://www.yakyucosmo.com/wp-content/uploads/2025/04/Tigers.jpg"" alt="""" width=""10"" height=""10"" class=""alignnone size-full wp-image-6224"" />",<a href=https://npb.jp/bis/eng/teams/index_t.html>Hanshin Tigers</a>,100,61,37,2,0.622,--,342,222,120,0.688,28-20(1),33-17(1),--,13-5,10-4(2),13-5,7-7,10-6,8-10
,"<img src=""https://www.yakyucosmo.com/wp-content/uploads/2025/04/Giants.jpg"" alt="""" width=""10"" height=""10"" class=""alignnone size-full wp-image-6227"" />",<a href=https://npb.jp/bis/eng/teams/index_g.html>Yomiuri Giants</a>,99,48,48,3,0.500,12.0,285,295,-10,0.484,31-18(1),17-30(2),5-13,--,10-5(1),7-8(1),9-7,11-4,6-11(1)
,"<img src=""https://www.yakyucosmo.com/wp-content/uploads/2025/04/BayStars.jpg"" alt="""" width=""10"" height=""10"" class=""alignnone size-full wp-image-6228"" />",<a href=https://npb.jp/bis/eng/teams/index_db.html>DeNA BayStars</a>,98,45,48,5,0.484,13.5,309,290,19,0.529,25-21(2),20-27(3),4-10(2),5-10(1),--,8-7(1),11-6,10-4(1),7-11
,"<img src=""https://www.yakyucosmo.com/wp-content/uploads/2025/04/Carp.jpg"" alt="""" width=""10"" height=""10"" class=""alignnone size-full wp-image-6223"" />",<a href=https://npb.jp/bis/eng/teams/index_c.html>Hiroshima Carp</a>,98,42,51,5,0.452,16.5,294,313,-19,0.471,26-19(3),16-32(2),5-13,8-7(1),7-8(1),--,8-8(1),5-6(2),9-9
,"<img src=""https://www.yakyucosmo.com/wp-content/uploads/2025/04/Dragons.jpg"" alt="""" width=""10"" height=""10"" class=""alignnone size-full wp-image-6225"" />",<a href=https://npb.jp/bis/eng/teams/index_d.html>Chunichi Dragons</a>,98,43,53,2,0.448,17.0,258,296,-38,0.437,27-23(1),16-30(1),7-7,7-9,6-11,8-8(1),--,7-8(1),8-10
,"<img src=""https://www.yakyucosmo.com/wp-content/uploads/2025/04/Swallows.jpg"" alt="""" width=""10"" height=""10"" class=""alignnone size-full wp-image-6226"" />",<a href=https://npb.jp/bis/eng/teams/index_s.html>Yakult Swallows</a>,93,33,55,5,0.375,23.0,257,366,-109,0.344,20-24(3),13-31(2),6-10,4-11,4-10(1),6-5(2),8-7(1),--,5-12(1)
