#,,Team,G,W,L,T,PCT,GB,RS,RA,Diff,XPCT,Home,Road,vs B,vs F,vs H,vs M,vs L,vs E
,"<img src=""https://www.yakyucosmo.com/wp-content/uploads/2025/04/Buffaloes.jpg"" alt="""" width=""10"" height=""10"" class=""alignnone size-full wp-image-6222"" />",<a href=https://npb.jp/bis/eng/teams/index_b.html>ORIX Buffaloes</a>,15,11,3,1,0.786,--,68,40,28,0.725,3-3(1),8-0,--,3-0,0-2(1),2-0,1-0,5-1
,"<img src=""https://www.yakyucosmo.com/wp-content/uploads/2025/04/Fighters.jpg"" alt="""" width=""10"" height=""10"" class=""alignnone size-full wp-image-6217"" />",<a href=https://npb.jp/bis/eng/teams/index_f.html>Nipponham Fighters</a>,15,9,6,0,0.600,2.5,61,50,11,0.590,2-6,7-0,0-3,--,1-1,1-0,4-2,3-0
,"<img src=""https://www.yakyucosmo.com/wp-content/uploads/2025/04/Hawks.jpg"" alt="""" width=""10"" height=""10"" class=""alignnone size-full wp-image-6220"" /> ",<a href=https://npb.jp/bis/eng/teams/index_h.html>SoftBank Hawks</a>,14,6,7,1,0.462,4.5,60,55,5,0.540,1-6,5-1(1),2-0(1),1-1,--,2-3,1-2,0-1
,"<img src=""https://www.yakyucosmo.com/wp-content/uploads/2025/04/Marines.jpg"" alt="""" width=""10"" height=""10"" class=""alignnone size-full wp-image-6240"" />",<a href=https://npb.jp/bis/eng/teams/index_m.html>Lotte Marines</a>,13,5,8,0,0.385,5.5,40,51,-11,0.391,1-7,4-1,0-2,0-1,3-2,--,1-1,1-2
,"<img src=""https://www.yakyucosmo.com/wp-content/uploads/2025/04/Lions.jpg"" alt="""" width=""10"" height=""10"" class=""alignnone size-full wp-image-6219"" />",<a href=https://npb.jp/bis/eng/teams/index_l.html>Seibu Lions</a>,13,5,8,0,0.385,5.5,35,44,-9,0.397,1-4,4-4,0-1,2-4,2-1,1-1,--,0-1
,"<img src=""https://www.yakyucosmo.com/wp-content/uploads/2025/04/Eagles.jpg"" alt="""" width=""10"" height=""10"" class=""alignnone size-full wp-image-6218"" />",<a href=https://npb.jp/bis/eng/teams/index_e.html>Rakuten Eagles</a>,14,5,9,0,0.357,6.0,30,54,-24,0.254,1-6,4-3,1-5,0-3,1-0,2-1,1-0,--
