Rank,Player,G,PA,AB,R,H,2B,3B,HR,TB,RBI,SB,CS,SH,SF,SO,BB,IBB,HP,GDP,AVG,OBP,SLG,OPS,OPS+,ISO,BABIP,TTO%,K%,BB%,BB/K,Age,Pos,B,,Team,League
,<a href=https://npb.jp/bis/eng/players/71075138.html>Chikamoto Koji</a>,41,189,174,25,53,6,1,3,70,10,10,3,0,0,20,14,1,1,0,0.305,0.360,0.402,0.762,146,0.097,0.331,19.6%,10.6%,7.4%,0.70,30,8,L,"<img src=""https://www.yakyucosmo.com/wp-content/uploads/2025/04/Tigers.jpg"" alt="""" width=""10"" height=""10"" class=""alignnone size-full wp-image-6224"" />",<a href=https://npb.jp/bis/eng/teams/index_t.html>Hanshin</a>,CL
,<a href=https://npb.jp/bis/eng/players/21825155.html>Maegawa Ukyo</a>,38,139,127,7,31,8,1,0,41,8,0,1,0,0,21,7,2,5,0,0.244,0.309,0.323,0.632,104,0.079,0.292,20.1%,15.1%,5.0%,0.33,22,7,L,"<img src=""https://www.yakyucosmo.com/wp-content/uploads/2025/04/Tigers.jpg"" alt="""" width=""10"" height=""10"" class=""alignnone size-full wp-image-6224"" />",<a href=https://npb.jp/bis/eng/teams/index_t.html>Hanshin</a>,CL
,<a href=https://npb.jp/bis/eng/players/43145157.html>Morishita Shota</a>,41,179,163,24,50,6,0,7,77,29,1,1,0,2,23,11,1,3,8,0.307,0.358,0.472,0.830,166,0.165,0.319,22.9%,12.8%,6.1%,0.48,24,9,R,"<img src=""https://www.yakyucosmo.com/wp-content/uploads/2025/04/Tigers.jpg"" alt="""" width=""10"" height=""10"" class=""alignnone size-full wp-image-6224"" />",<a href=https://npb.jp/bis/eng/teams/index_t.html>Hanshin</a>,CL
,<a href=https://npb.jp/bis/eng/players/41445153.html>Nakano Takumu</a>,41,181,146,25,47,7,1,0,56,9,6,2,14,1,18,19,0,1,2,0.322,0.401,0.384,0.785,154,0.062,0.364,20.4%,9.9%,10.5%,1.06,29,4,L,"<img src=""https://www.yakyucosmo.com/wp-content/uploads/2025/04/Tigers.jpg"" alt="""" width=""10"" height=""10"" class=""alignnone size-full wp-image-6224"" />",<a href=https://npb.jp/bis/eng/teams/index_t.html>Hanshin</a>,CL
,<a href=https://npb.jp/bis/eng/players/21325134.html>Ohyama Yusuke</a>,41,173,154,12,38,9,1,1,52,16,2,0,0,1,20,18,1,0,6,0.247,0.324,0.338,0.662,113,0.091,0.276,22.5%,11.6%,10.4%,0.90,30,3,R,"<img src=""https://www.yakyucosmo.com/wp-content/uploads/2025/04/Tigers.jpg"" alt="""" width=""10"" height=""10"" class=""alignnone size-full wp-image-6224"" />",<a href=https://npb.jp/bis/eng/teams/index_t.html>Hanshin</a>,CL
,<a href=https://npb.jp/bis/eng/players/41045153.html>Sato Teruaki</a>,40,168,155,26,44,11,3,11,94,33,4,0,0,0,49,13,2,0,1,0.284,0.339,0.606,0.945,201,0.322,0.347,43.5%,29.2%,7.7%,0.27,26,5,L,"<img src=""https://www.yakyucosmo.com/wp-content/uploads/2025/04/Tigers.jpg"" alt="""" width=""10"" height=""10"" class=""alignnone size-full wp-image-6224"" />",<a href=https://npb.jp/bis/eng/teams/index_t.html>Hanshin</a>,CL
,<a href=https://npb.jp/bis/eng/players/43745150.html>Fabian Sandro</a>,41,170,164,20,54,10,0,5,79,21,0,0,0,0,26,5,1,1,3,0.329,0.353,0.482,0.835,157,0.153,0.368,21.2%,15.3%,2.9%,0.19,27,7,R,"<img src=""https://www.yakyucosmo.com/wp-content/uploads/2025/04/Carp.jpg"" alt="""" width=""10"" height=""10"" class=""alignnone size-full wp-image-6223"" />",<a href=https://npb.jp/bis/eng/teams/index_c.html>Hiroshima</a>,CL
,<a href=https://npb.jp/bis/eng/players/61565135.html>Kikuchi Ryosuke</a>,39,149,136,12,34,5,0,1,42,12,0,1,6,1,26,6,0,0,1,0.250,0.280,0.309,0.589,84,0.059,0.300,22.1%,17.4%,4.0%,0.23,35,4,R,"<img src=""https://www.yakyucosmo.com/wp-content/uploads/2025/04/Carp.jpg"" alt="""" width=""10"" height=""10"" class=""alignnone size-full wp-image-6223"" />",<a href=https://npb.jp/bis/eng/teams/index_c.html>Hiroshima</a>,CL
,<a href=https://npb.jp/bis/eng/players/01705138.html>Kozono Kaito</a>,40,174,157,17,42,8,1,2,58,16,4,1,0,0,15,16,4,1,1,0.268,0.339,0.369,0.708,120,0.101,0.286,19.0%,8.6%,9.2%,1.07,25,5,L,"<img src=""https://www.yakyucosmo.com/wp-content/uploads/2025/04/Carp.jpg"" alt="""" width=""10"" height=""10"" class=""alignnone size-full wp-image-6223"" />",<a href=https://npb.jp/bis/eng/teams/index_c.html>Hiroshima</a>,CL
,<a href=https://npb.jp/bis/eng/players/51055155.html>Suekane Shota</a>,37,161,145,18,41,7,1,6,68,31,1,0,0,1,31,14,0,1,1,0.283,0.348,0.469,0.817,152,0.186,0.321,31.7%,19.3%,8.7%,0.45,29,9,R,"<img src=""https://www.yakyucosmo.com/wp-content/uploads/2025/04/Carp.jpg"" alt="""" width=""10"" height=""10"" class=""alignnone size-full wp-image-6223"" />",<a href=https://npb.jp/bis/eng/teams/index_c.html>Hiroshima</a>,CL
,<a href=https://npb.jp/bis/eng/players/93395153.html>Yano Masaya</a>,40,161,131,11,25,4,1,0,31,10,0,3,10,1,35,16,0,3,1,0.191,0.291,0.237,0.528,66,0.046,0.258,31.7%,21.7%,9.9%,0.46,26,6,L,"<img src=""https://www.yakyucosmo.com/wp-content/uploads/2025/04/Carp.jpg"" alt="""" width=""10"" height=""10"" class=""alignnone size-full wp-image-6223"" />",<a href=https://npb.jp/bis/eng/teams/index_c.html>Hiroshima</a>,CL
,<a href=https://npb.jp/bis/eng/players/13115153.html>Maki Shugo</a>,40,176,161,23,46,12,0,7,79,29,1,0,0,0,32,10,2,5,1,0.286,0.347,0.491,0.838,163,0.205,0.320,27.8%,18.2%,5.7%,0.31,27,4,R,"<img src=""https://www.yakyucosmo.com/wp-content/uploads/2025/04/BayStars.jpg"" alt="""" width=""10"" height=""10"" class=""alignnone size-full wp-image-6228"" />",<a href=https://npb.jp/bis/eng/teams/index_db.html>DeNA</a>,CL
,<a href=https://npb.jp/bis/eng/players/91995134.html>Sano Keita</a>,38,152,135,8,35,4,0,1,42,20,0,0,0,1,11,16,1,0,2,0.259,0.336,0.311,0.647,105,0.052,0.274,18.4%,7.2%,10.5%,1.45,30,7,L,"<img src=""https://www.yakyucosmo.com/wp-content/uploads/2025/04/BayStars.jpg"" alt="""" width=""10"" height=""10"" class=""alignnone size-full wp-image-6228"" />",<a href=https://npb.jp/bis/eng/teams/index_db.html>DeNA</a>,CL
,<a href=https://npb.jp/bis/eng/players/33535159.html>Watarai Ryuki</a>,32,125,114,12,29,4,1,3,44,10,0,1,1,1,15,8,0,1,3,0.254,0.306,0.386,0.692,118,0.132,0.268,20.8%,12.0%,6.4%,0.53,22,9,L,"<img src=""https://www.yakyucosmo.com/wp-content/uploads/2025/04/BayStars.jpg"" alt="""" width=""10"" height=""10"" class=""alignnone size-full wp-image-6228"" />",<a href=https://npb.jp/bis/eng/teams/index_db.html>DeNA</a>,CL
,<a href=https://npb.jp/bis/eng/players/73575150.html>Cabbage Trey</a>,34,147,133,15,36,7,0,6,61,15,3,3,1,0,41,10,0,3,2,0.271,0.336,0.459,0.795,153,0.188,0.349,38.8%,27.9%,6.8%,0.24,28,9,L,"<img src=""https://www.yakyucosmo.com/wp-content/uploads/2025/04/Giants.jpg"" alt="""" width=""10"" height=""10"" class=""alignnone size-full wp-image-6227"" />",<a href=https://npb.jp/bis/eng/teams/index_g.html>Yomiuri</a>,CL
,<a href=https://npb.jp/bis/eng/players/61165159.html>Izuguchi Yuta</a>,34,149,132,14,35,2,0,1,40,6,0,4,4,0,16,12,0,1,2,0.265,0.331,0.303,0.634,104,0.038,0.296,19.5%,10.7%,8.1%,0.75,26,6,L,"<img src=""https://www.yakyucosmo.com/wp-content/uploads/2025/04/Giants.jpg"" alt="""" width=""10"" height=""10"" class=""alignnone size-full wp-image-6227"" />",<a href=https://npb.jp/bis/eng/teams/index_g.html>Yomiuri</a>,CL
,<a href=https://npb.jp/bis/eng/players/91595133.html>Kai Takuya</a>,38,148,130,11,36,3,0,3,48,10,2,0,0,2,32,16,2,0,4,0.277,0.351,0.369,0.720,131,0.092,0.340,34.5%,21.6%,10.8%,0.50,32,2,R,"<img src=""https://www.yakyucosmo.com/wp-content/uploads/2025/04/Giants.jpg"" alt="""" width=""10"" height=""10"" class=""alignnone size-full wp-image-6227"" />",<a href=https://npb.jp/bis/eng/teams/index_g.html>Yomiuri</a>,CL
,<a href=https://npb.jp/bis/eng/players/11515130.html>Okamoto Kazuma</a>,32,134,117,16,36,8,1,8,70,25,1,1,0,2,16,12,2,3,1,0.308,0.381,0.598,0.979,211,0.290,0.295,26.9%,11.9%,9.0%,0.75,29,3,R,"<img src=""https://www.yakyucosmo.com/wp-content/uploads/2025/04/Giants.jpg"" alt="""" width=""10"" height=""10"" class=""alignnone size-full wp-image-6227"" />",<a href=https://npb.jp/bis/eng/teams/index_g.html>Yomiuri</a>,CL
,<a href=https://npb.jp/bis/eng/players/53555153.html>Wakabayashi Gakuto</a>,38,139,128,18,36,5,1,3,52,12,6,0,2,1,24,7,0,1,0,0.281,0.321,0.406,0.727,132,0.125,0.324,24.5%,17.3%,5.0%,0.29,27,7,R,"<img src=""https://www.yakyucosmo.com/wp-content/uploads/2025/04/Giants.jpg"" alt="""" width=""10"" height=""10"" class=""alignnone size-full wp-image-6227"" />",<a href=https://npb.jp/bis/eng/teams/index_g.html>Yomiuri</a>,CL
,<a href=https://npb.jp/bis/eng/players/73375134.html>Yoshikawa Naoki</a>,43,187,171,13,49,8,2,1,64,19,2,0,0,2,23,13,0,1,2,0.287,0.337,0.374,0.711,128,0.087,0.322,19.8%,12.3%,7.0%,0.57,30,4,L,"<img src=""https://www.yakyucosmo.com/wp-content/uploads/2025/04/Giants.jpg"" alt="""" width=""10"" height=""10"" class=""alignnone size-full wp-image-6227"" />",<a href=https://npb.jp/bis/eng/teams/index_g.html>Yomiuri</a>,CL
,<a href=https://npb.jp/bis/eng/players/51155153.html>Akahane Yoshihiro</a>,32,116,109,7,24,6,0,0,30,7,2,1,3,1,25,3,0,0,1,0.220,0.239,0.275,0.514,57,0.055,0.282,24.1%,21.6%,2.6%,0.12,25,8,R,"<img src=""https://www.yakyucosmo.com/wp-content/uploads/2025/04/Swallows.jpg"" alt="""" width=""10"" height=""10"" class=""alignnone size-full wp-image-6226"" />",<a href=https://npb.jp/bis/eng/teams/index_s.html>Yakult</a>,CL
,<a href=https://npb.jp/bis/eng/players/61865132.html>Mogi Eigoro</a>,34,129,111,12,30,2,0,5,47,16,0,1,1,0,35,15,1,2,2,0.270,0.367,0.423,0.790,137,0.153,0.352,42.6%,27.1%,11.6%,0.43,31,5,L,"<img src=""https://www.yakyucosmo.com/wp-content/uploads/2025/04/Swallows.jpg"" alt="""" width=""10"" height=""10"" class=""alignnone size-full wp-image-6226"" />",<a href=https://npb.jp/bis/eng/teams/index_s.html>Yakult</a>,CL
,<a href=https://npb.jp/bis/eng/players/23525153.html>Osuna Jose</a>,37,153,142,7,37,6,0,2,49,16,0,0,0,1,17,10,2,0,5,0.261,0.307,0.345,0.652,98,0.084,0.282,19.0%,11.1%,6.5%,0.59,32,3,R,"<img src=""https://www.yakyucosmo.com/wp-content/uploads/2025/04/Swallows.jpg"" alt="""" width=""10"" height=""10"" class=""alignnone size-full wp-image-6226"" />",<a href=https://npb.jp/bis/eng/teams/index_s.html>Yakult</a>,CL
,<a href=https://npb.jp/bis/eng/players/53755153.html>Santana Domingo</a>,37,155,133,20,40,8,0,3,57,11,1,0,0,0,37,20,0,2,2,0.301,0.400,0.429,0.829,149,0.128,0.398,38.7%,23.9%,12.9%,0.54,32,7,R,"<img src=""https://www.yakyucosmo.com/wp-content/uploads/2025/04/Swallows.jpg"" alt="""" width=""10"" height=""10"" class=""alignnone size-full wp-image-6226"" />",<a href=https://npb.jp/bis/eng/teams/index_s.html>Yakult</a>,CL
,<a href=https://npb.jp/bis/eng/players/91895133.html>Yamada Tetsuto</a>,33,119,106,8,23,3,0,3,35,11,0,0,0,1,18,12,1,0,3,0.217,0.294,0.330,0.624,89,0.113,0.233,27.7%,15.1%,10.1%,0.67,32,4,R,"<img src=""https://www.yakyucosmo.com/wp-content/uploads/2025/04/Swallows.jpg"" alt="""" width=""10"" height=""10"" class=""alignnone size-full wp-image-6226"" />",<a href=https://npb.jp/bis/eng/teams/index_s.html>Yakult</a>,CL
,<a href=https://npb.jp/bis/eng/players/81585151.html>Okabayashi Yuki</a>,40,178,159,19,42,10,2,0,56,1,6,1,1,1,14,17,1,0,0,0.264,0.333,0.352,0.685,127,0.088,0.288,17.4%,7.9%,9.6%,1.21,23,8,L,"<img src=""https://www.yakyucosmo.com/wp-content/uploads/2025/04/Dragons.jpg"" alt="""" width=""10"" height=""10"" class=""alignnone size-full wp-image-6225"" />",<a href=https://npb.jp/bis/eng/teams/index_d.html>Chunichi</a>,CL
,<a href=https://npb.jp/bis/eng/players/91395139.html>Uebayashi Seiji</a>,39,136,127,12,35,3,2,5,57,19,7,3,3,1,29,4,1,1,0,0.276,0.301,0.449,0.750,147,0.173,0.319,27.9%,21.3%,2.9%,0.14,29,7,L,"<img src=""https://www.yakyucosmo.com/wp-content/uploads/2025/04/Dragons.jpg"" alt="""" width=""10"" height=""10"" class=""alignnone size-full wp-image-6225"" />",<a href=https://npb.jp/bis/eng/teams/index_d.html>Chunichi</a>,CL
,<a href=https://npb.jp/bis/eng/players/91995151.html>Kurebayashi Kotaro</a>,35,145,135,4,39,7,0,3,55,14,0,1,0,3,16,7,1,0,3,0.289,0.317,0.407,0.724,129,0.118,0.303,17.9%,11.0%,4.8%,0.44,23,6,R,"<img src=""https://www.yakyucosmo.com/wp-content/uploads/2025/04/Buffaloes.jpg"" alt="""" width=""10"" height=""10"" class=""alignnone size-full wp-image-6222"" />",<a href=https://npb.jp/bis/eng/teams/index_b.html>ORIX</a>,PL
,<a href=https://npb.jp/bis/eng/players/51255138.html>Nakagawa Keita</a>,34,137,127,16,32,6,1,3,49,23,4,0,3,1,19,6,1,0,4,0.252,0.284,0.386,0.670,111,0.134,0.274,20.4%,13.9%,4.4%,0.32,29,9,R,"<img src=""https://www.yakyucosmo.com/wp-content/uploads/2025/04/Buffaloes.jpg"" alt="""" width=""10"" height=""10"" class=""alignnone size-full wp-image-6222"" />",<a href=https://npb.jp/bis/eng/teams/index_b.html>ORIX</a>,PL
,<a href=https://npb.jp/bis/eng/players/71475132.html>Nishikawa Ryoma</a>,41,174,164,14,50,14,0,1,67,10,2,1,3,0,22,5,0,2,3,0.305,0.333,0.409,0.742,135,0.104,0.348,16.1%,12.6%,2.9%,0.23,30,7,L,"<img src=""https://www.yakyucosmo.com/wp-content/uploads/2025/04/Buffaloes.jpg"" alt="""" width=""10"" height=""10"" class=""alignnone size-full wp-image-6222"" />",<a href=https://npb.jp/bis/eng/teams/index_b.html>ORIX</a>,PL
,<a href=https://npb.jp/bis/eng/players/91395138.html>Ohta Ryo</a>,41,186,164,15,53,5,0,4,70,20,0,1,5,0,37,14,3,3,3,0.323,0.387,0.427,0.814,159,0.104,0.398,29.6%,19.9%,7.5%,0.38,24,4,R,"<img src=""https://www.yakyucosmo.com/wp-content/uploads/2025/04/Buffaloes.jpg"" alt="""" width=""10"" height=""10"" class=""alignnone size-full wp-image-6222"" />",<a href=https://npb.jp/bis/eng/teams/index_b.html>ORIX</a>,PL
,<a href=https://npb.jp/bis/eng/players/61965132.html>Sugimoto Yutaro</a>,35,131,119,12,32,6,0,4,50,10,1,0,0,3,34,8,0,1,2,0.269,0.313,0.420,0.733,131,0.151,0.333,35.1%,26.0%,6.1%,0.24,34,DH,R,"<img src=""https://www.yakyucosmo.com/wp-content/uploads/2025/04/Buffaloes.jpg"" alt="""" width=""10"" height=""10"" class=""alignnone size-full wp-image-6222"" />",<a href=https://npb.jp/bis/eng/teams/index_b.html>ORIX</a>,PL
,<a href=https://npb.jp/bis/eng/players/81085138.html>Tongu Yuma</a>,40,162,145,14,39,9,0,7,69,17,1,0,0,0,23,15,0,2,5,0.269,0.346,0.476,0.822,159,0.207,0.278,27.8%,14.2%,9.3%,0.65,28,3,R,"<img src=""https://www.yakyucosmo.com/wp-content/uploads/2025/04/Buffaloes.jpg"" alt="""" width=""10"" height=""10"" class=""alignnone size-full wp-image-6222"" />",<a href=https://npb.jp/bis/eng/teams/index_b.html>ORIX</a>,PL
,<a href=https://npb.jp/bis/eng/players/41645136.html>Fujioka Yudai</a>,36,153,129,8,32,9,1,1,46,6,0,0,4,1,27,19,0,0,2,0.248,0.342,0.357,0.699,118,0.109,0.304,30.7%,17.6%,12.4%,0.70,31,4,L,"<img src=""https://www.yakyucosmo.com/wp-content/uploads/2025/04/Marines.jpg"" alt="""" width=""10"" height=""10"" class=""alignnone size-full wp-image-6240"" />",<a href=https://npb.jp/bis/eng/teams/index_m.html>Lotte</a>,PL
,<a href=https://npb.jp/bis/eng/players/63065155.html>Polanco Gregory</a>,30,122,111,10,21,3,0,4,36,12,0,0,0,1,29,10,1,0,1,0.189,0.254,0.324,0.578,80,0.135,0.215,35.2%,23.8%,8.2%,0.34,33,DH,L,"<img src=""https://www.yakyucosmo.com/wp-content/uploads/2025/04/Marines.jpg"" alt="""" width=""10"" height=""10"" class=""alignnone size-full wp-image-6240"" />",<a href=https://npb.jp/bis/eng/teams/index_m.html>Lotte</a>,PL
,<a href=https://npb.jp/bis/eng/players/03505136.html>Soto Neftali</a>,35,144,131,11,26,5,0,6,49,15,0,0,0,1,33,11,0,1,1,0.198,0.264,0.374,0.638,98,0.176,0.215,34.7%,22.9%,7.6%,0.33,36,3,R,"<img src=""https://www.yakyucosmo.com/wp-content/uploads/2025/04/Marines.jpg"" alt="""" width=""10"" height=""10"" class=""alignnone size-full wp-image-6240"" />",<a href=https://npb.jp/bis/eng/teams/index_m.html>Lotte</a>,PL
,<a href=https://npb.jp/bis/eng/players/11215116.html>Nakamura Akira</a>,39,159,135,15,38,4,1,1,47,8,1,1,2,0,15,22,1,0,2,0.281,0.382,0.348,0.730,127,0.067,0.311,23.9%,9.4%,13.8%,1.47,35,3,L,"<img src=""https://www.yakyucosmo.com/wp-content/uploads/2025/04/Hawks.jpg"" alt="""" width=""10"" height=""10"" class=""alignnone size-full wp-image-6220"" /> ",<a href=https://npb.jp/bis/eng/teams/index_h.html>SoftBank</a>,PL
,<a href=https://npb.jp/bis/eng/players/21425139.html>Yamakawa Hotaka</a>,43,177,159,17,32,4,0,8,60,23,0,0,0,1,45,14,1,3,3,0.201,0.277,0.377,0.654,102,0.176,0.224,37.9%,25.4%,7.9%,0.31,33,DH,R,"<img src=""https://www.yakyucosmo.com/wp-content/uploads/2025/04/Hawks.jpg"" alt="""" width=""10"" height=""10"" class=""alignnone size-full wp-image-6220"" /> ",<a href=https://npb.jp/bis/eng/teams/index_h.html>SoftBank</a>,PL
,<a href=https://npb.jp/bis/eng/players/51155118.html>Asamura Hideto</a>,40,164,140,9,34,4,1,4,52,17,0,0,0,1,32,20,1,3,6,0.243,0.348,0.371,0.719,137,0.128,0.286,34.1%,19.5%,12.2%,0.62,34,3,R,"<img src=""https://www.yakyucosmo.com/wp-content/uploads/2025/04/Eagles.jpg"" alt="""" width=""10"" height=""10"" class=""alignnone size-full wp-image-6218"" />",<a href=https://npb.jp/bis/eng/teams/index_e.html>Rakuten</a>,PL
,<a href=https://npb.jp/bis/eng/players/61965151.html>Kobukata Hiroto</a>,39,154,129,11,30,2,1,0,34,7,12,1,4,0,25,20,0,1,1,0.233,0.340,0.264,0.604,100,0.031,0.288,29.2%,16.2%,13.0%,0.80,29,4,L,"<img src=""https://www.yakyucosmo.com/wp-content/uploads/2025/04/Eagles.jpg"" alt="""" width=""10"" height=""10"" class=""alignnone size-full wp-image-6218"" />",<a href=https://npb.jp/bis/eng/teams/index_e.html>Rakuten</a>,PL
,<a href=https://npb.jp/bis/eng/players/53155150.html>Muneyama Rui</a>,39,158,154,7,38,5,3,2,55,10,3,0,0,1,24,3,0,0,4,0.247,0.259,0.357,0.616,100,0.110,0.279,18.4%,15.2%,1.9%,0.12,22,6,L,"<img src=""https://www.yakyucosmo.com/wp-content/uploads/2025/04/Eagles.jpg"" alt="""" width=""10"" height=""10"" class=""alignnone size-full wp-image-6218"" />",<a href=https://npb.jp/bis/eng/teams/index_e.html>Rakuten</a>,PL
,<a href=https://npb.jp/bis/eng/players/81685153.html>Hasegawa Shinya</a>,39,140,124,16,21,2,0,1,26,8,5,1,2,1,15,10,0,3,2,0.169,0.246,0.210,0.456,46,0.041,0.183,18.6%,10.7%,7.1%,0.67,23,9,R,"<img src=""https://www.yakyucosmo.com/wp-content/uploads/2025/04/Lions.jpg"" alt="""" width=""10"" height=""10"" class=""alignnone size-full wp-image-6219"" />",<a href=https://npb.jp/bis/eng/teams/index_l.html>Seibu</a>,PL
,<a href=https://npb.jp/bis/eng/players/53755150.html>Nevin Tyler</a>,41,174,158,13,41,9,0,3,59,20,2,0,0,2,23,10,1,4,4,0.259,0.316,0.373,0.689,118,0.114,0.284,20.7%,13.2%,5.7%,0.43,28,3,R,"<img src=""https://www.yakyucosmo.com/wp-content/uploads/2025/04/Lions.jpg"" alt="""" width=""10"" height=""10"" class=""alignnone size-full wp-image-6219"" />",<a href=https://npb.jp/bis/eng/teams/index_l.html>Seibu</a>,PL
,<a href=https://npb.jp/bis/eng/players/51455136.html>Nishikawa Manaya</a>,41,183,164,21,45,12,1,2,65,11,11,3,0,1,16,15,1,3,1,0.274,0.344,0.396,0.740,135,0.122,0.293,18.0%,8.7%,8.2%,0.94,26,8,L,"<img src=""https://www.yakyucosmo.com/wp-content/uploads/2025/04/Lions.jpg"" alt="""" width=""10"" height=""10"" class=""alignnone size-full wp-image-6219"" />",<a href=https://npb.jp/bis/eng/teams/index_l.html>Seibu</a>,PL
,<a href=https://npb.jp/bis/eng/players/41245130.html>Tonosaki Shuta</a>,38,150,131,10,30,4,1,2,42,8,2,1,2,2,20,14,1,1,4,0.229,0.304,0.321,0.625,99,0.092,0.252,24.0%,13.3%,9.3%,0.70,32,5,R,"<img src=""https://www.yakyucosmo.com/wp-content/uploads/2025/04/Lions.jpg"" alt="""" width=""10"" height=""10"" class=""alignnone size-full wp-image-6219"" />",<a href=https://npb.jp/bis/eng/teams/index_l.html>Seibu</a>,PL
,<a href=https://npb.jp/bis/eng/players/83385150.html>Watanabe Seiya</a>,32,133,129,9,40,5,2,2,55,14,1,2,0,0,21,3,0,1,5,0.310,0.331,0.426,0.757,139,0.116,0.358,19.5%,15.8%,2.3%,0.14,22,7,R,"<img src=""https://www.yakyucosmo.com/wp-content/uploads/2025/04/Lions.jpg"" alt="""" width=""10"" height=""10"" class=""alignnone size-full wp-image-6219"" />",<a href=https://npb.jp/bis/eng/teams/index_l.html>Seibu</a>,PL
,<a href=https://npb.jp/bis/eng/players/41545136.html>Kiyomiya Kotaro</a>,40,166,147,21,37,7,0,3,53,15,0,1,0,0,25,19,0,0,4,0.252,0.337,0.361,0.698,118,0.109,0.286,28.3%,15.1%,11.4%,0.76,26,5,L,"<img src=""https://www.yakyucosmo.com/wp-content/uploads/2025/04/Fighters.jpg"" alt="""" width=""10"" height=""10"" class=""alignnone size-full wp-image-6217"" />",<a href=https://npb.jp/bis/eng/teams/index_f.html>Nipponham</a>,PL
,<a href=https://npb.jp/bis/eng/players/11815138.html>Mannami Chusei</a>,41,165,150,21,37,13,0,9,77,24,0,1,0,0,41,14,2,1,2,0.247,0.315,0.513,0.828,155,0.266,0.280,38.8%,24.8%,8.5%,0.34,25,9,R,"<img src=""https://www.yakyucosmo.com/wp-content/uploads/2025/04/Fighters.jpg"" alt="""" width=""10"" height=""10"" class=""alignnone size-full wp-image-6217"" />",<a href=https://npb.jp/bis/eng/teams/index_f.html>Nipponham</a>,PL
,<a href=https://npb.jp/bis/eng/players/31435138.html>Nomura Yuki</a>,36,151,134,13,39,10,0,6,67,17,1,0,0,0,22,15,0,2,3,0.291,0.371,0.500,0.871,170,0.209,0.311,28.5%,14.6%,9.9%,0.68,25,3,R,"<img src=""https://www.yakyucosmo.com/wp-content/uploads/2025/04/Fighters.jpg"" alt="""" width=""10"" height=""10"" class=""alignnone size-full wp-image-6217"" />",<a href=https://npb.jp/bis/eng/teams/index_f.html>Nipponham</a>,PL
,<a href=https://npb.jp/bis/eng/players/73075159.html>Reyes Franmil</a>,37,156,140,18,37,6,0,8,67,24,0,0,0,0,36,16,0,0,4,0.264,0.340,0.479,0.819,154,0.215,0.302,38.5%,23.1%,10.3%,0.44,29,DH,R,"<img src=""https://www.yakyucosmo.com/wp-content/uploads/2025/04/Fighters.jpg"" alt="""" width=""10"" height=""10"" class=""alignnone size-full wp-image-6217"" />",<a href=https://npb.jp/bis/eng/teams/index_f.html>Nipponham</a>,PL
