#,,Team,G,W,L,T,PCT,GB,RS,RA,Diff,XPCT,Home,Road,vs T,vs G,vs DB,vs D,vs C,vs S,Inter
,"<img src=""https://www.yakyucosmo.com/wp-content/uploads/2025/04/Tigers.jpg"" alt="""" width=""10"" height=""10"" class=""alignnone size-full wp-image-6224"" />",<a href=https://npb.jp/bis/eng/teams/index_t.html>Hanshin Tigers</a>,95,57,36,2,0.613,--,324,207,117,0.694,28-20(1),29-16(1),--,13-5,10-4(2),5-7,13-5,8-5,8-10
,"<img src=""https://www.yakyucosmo.com/wp-content/uploads/2025/04/Giants.jpg"" alt="""" width=""10"" height=""10"" class=""alignnone size-full wp-image-6227"" />",<a href=https://npb.jp/bis/eng/teams/index_g.html>Yomiuri Giants</a>,94,45,46,3,0.495,11.0,268,276,-8,0.487,28-16(1),17-30(2),5-13,--,9-3(1),9-7,7-8(1),9-4,6-11(1)
,"<img src=""https://www.yakyucosmo.com/wp-content/uploads/2025/04/BayStars.jpg"" alt="""" width=""10"" height=""10"" class=""alignnone size-full wp-image-6228"" />",<a href=https://npb.jp/bis/eng/teams/index_db.html>DeNA BayStars</a>,93,42,46,5,0.477,12.5,282,268,14,0.523,24-20(2),18-26(3),4-10(2),3-9(1),--,11-6,7-6(1),10-4(1),7-11
,"<img src=""https://www.yakyucosmo.com/wp-content/uploads/2025/04/Dragons.jpg"" alt="""" width=""10"" height=""10"" class=""alignnone size-full wp-image-6225"" />",<a href=https://npb.jp/bis/eng/teams/index_d.html>Chunichi Dragons</a>,93,42,49,2,0.462,14.0,246,282,-36,0.438,27-21(1),15-28(1),7-5,7-9,6-11,--,7-6(1),7-8(1),8-10
,"<img src=""https://www.yakyucosmo.com/wp-content/uploads/2025/04/Carp.jpg"" alt="""" width=""10"" height=""10"" class=""alignnone size-full wp-image-6223"" />",<a href=https://npb.jp/bis/eng/teams/index_c.html>Hiroshima Carp</a>,93,39,49,5,0.443,15.5,277,295,-18,0.471,24-18(3),15-31(2),5-13,8-7(1),6-7(1),6-7(1),--,5-6(2),9-9
,"<img src=""https://www.yakyucosmo.com/wp-content/uploads/2025/04/Swallows.jpg"" alt="""" width=""10"" height=""10"" class=""alignnone size-full wp-image-6226"" />",<a href=https://npb.jp/bis/eng/teams/index_s.html>Yakult Swallows</a>,88,32,51,5,0.386,20.0,244,350,-106,0.341,19-22(3),13-29(2),5-8,4-9,4-10(1),8-7(1),6-5(2),--,5-12(1)
