Rank,Player,G,PA,AB,R,H,2B,3B,HR,TB,RBI,SB,CS,SH,SF,SO,BB,IBB,HP,GDP,AVG,OBP,SLG,OPS,OPS+,ISO,BABIP,TTO%,K%,BB%,BB/K,Age,Pos,B,,Team,League
,<a href=https://npb.jp/bis/eng/players/71075138.html>Chikamoto Koji</a>,79,363,328,45,93,13,2,3,119,23,21,5,0,2,44,32,1,1,1,0.284,0.347,0.363,0.710,128,0.079,0.318,21.8%,12.1%,8.8%,0.73,30,8,L,"<img src=""https://www.yakyucosmo.com/wp-content/uploads/2025/04/Tigers.jpg"" alt="""" width=""10"" height=""10"" class=""alignnone size-full wp-image-6224"" />",<a href=https://npb.jp/bis/eng/teams/index_t.html>Hanshin</a>,CL
,<a href=https://npb.jp/bis/eng/players/43145157.html>Morishita Shota</a>,79,347,307,45,82,10,0,15,137,56,3,2,0,3,47,28,3,9,12,0.267,0.343,0.446,0.789,152,0.179,0.270,25.9%,13.5%,8.1%,0.60,24,9,R,"<img src=""https://www.yakyucosmo.com/wp-content/uploads/2025/04/Tigers.jpg"" alt="""" width=""10"" height=""10"" class=""alignnone size-full wp-image-6224"" />",<a href=https://npb.jp/bis/eng/teams/index_t.html>Hanshin</a>,CL
,<a href=https://npb.jp/bis/eng/players/41445153.html>Nakano Takumu</a>,79,351,288,39,88,10,2,0,102,18,13,3,27,2,38,31,1,3,4,0.306,0.377,0.354,0.731,136,0.048,0.349,19.7%,10.8%,8.8%,0.82,29,4,L,"<img src=""https://www.yakyucosmo.com/wp-content/uploads/2025/04/Tigers.jpg"" alt="""" width=""10"" height=""10"" class=""alignnone size-full wp-image-6224"" />",<a href=https://npb.jp/bis/eng/teams/index_t.html>Hanshin</a>,CL
,<a href=https://npb.jp/bis/eng/players/21325134.html>Ohyama Yusuke</a>,79,329,293,21,78,12,1,4,104,33,4,1,0,1,54,34,2,1,8,0.266,0.343,0.355,0.698,124,0.089,0.314,28.0%,16.4%,10.3%,0.63,30,3,R,"<img src=""https://www.yakyucosmo.com/wp-content/uploads/2025/04/Tigers.jpg"" alt="""" width=""10"" height=""10"" class=""alignnone size-full wp-image-6224"" />",<a href=https://npb.jp/bis/eng/teams/index_t.html>Hanshin</a>,CL
,<a href=https://npb.jp/bis/eng/players/41045153.html>Sato Teruaki</a>,78,332,301,44,85,20,3,21,174,54,8,1,0,1,93,30,5,0,2,0.282,0.346,0.578,0.924,194,0.296,0.340,43.4%,28.0%,9.0%,0.32,26,5,L,"<img src=""https://www.yakyucosmo.com/wp-content/uploads/2025/04/Tigers.jpg"" alt="""" width=""10"" height=""10"" class=""alignnone size-full wp-image-6224"" />",<a href=https://npb.jp/bis/eng/teams/index_t.html>Hanshin</a>,CL
,<a href=https://npb.jp/bis/eng/players/43745150.html>Fabian Sandro</a>,76,320,305,39,94,19,0,10,143,40,1,2,0,2,51,9,2,4,5,0.308,0.334,0.469,0.803,146,0.161,0.341,21.9%,15.9%,2.8%,0.18,27,7,R,"<img src=""https://www.yakyucosmo.com/wp-content/uploads/2025/04/Carp.jpg"" alt="""" width=""10"" height=""10"" class=""alignnone size-full wp-image-6223"" />",<a href=https://npb.jp/bis/eng/teams/index_c.html>Hiroshima</a>,CL
,<a href=https://npb.jp/bis/eng/players/61565135.html>Kikuchi Ryosuke</a>,65,241,216,17,48,7,0,2,61,17,4,2,12,1,42,11,0,1,3,0.222,0.262,0.282,0.544,69,0.060,0.266,22.8%,17.4%,4.6%,0.26,35,4,R,"<img src=""https://www.yakyucosmo.com/wp-content/uploads/2025/04/Carp.jpg"" alt="""" width=""10"" height=""10"" class=""alignnone size-full wp-image-6223"" />",<a href=https://npb.jp/bis/eng/teams/index_c.html>Hiroshima</a>,CL
,<a href=https://npb.jp/bis/eng/players/01705138.html>Kozono Kaito</a>,75,321,292,29,84,14,3,2,110,24,7,3,0,1,28,26,5,2,4,0.288,0.349,0.377,0.726,124,0.089,0.312,17.4%,8.7%,8.1%,0.93,25,5,L,"<img src=""https://www.yakyucosmo.com/wp-content/uploads/2025/04/Carp.jpg"" alt="""" width=""10"" height=""10"" class=""alignnone size-full wp-image-6223"" />",<a href=https://npb.jp/bis/eng/teams/index_c.html>Hiroshima</a>,CL
,<a href=https://npb.jp/bis/eng/players/51055155.html>Suekane Shota</a>,71,299,271,26,68,9,3,7,104,40,2,3,0,2,60,25,0,1,1,0.251,0.314,0.384,0.698,115,0.133,0.296,30.8%,20.1%,8.4%,0.42,29,9,R,"<img src=""https://www.yakyucosmo.com/wp-content/uploads/2025/04/Carp.jpg"" alt="""" width=""10"" height=""10"" class=""alignnone size-full wp-image-6223"" />",<a href=https://npb.jp/bis/eng/teams/index_c.html>Hiroshima</a>,CL
,<a href=https://npb.jp/bis/eng/players/93395153.html>Yano Masaya</a>,75,271,233,18,50,6,1,1,61,17,1,3,13,1,56,21,1,3,1,0.215,0.287,0.262,0.549,71,0.047,0.277,28.8%,20.7%,7.7%,0.38,26,6,L,"<img src=""https://www.yakyucosmo.com/wp-content/uploads/2025/04/Carp.jpg"" alt="""" width=""10"" height=""10"" class=""alignnone size-full wp-image-6223"" />",<a href=https://npb.jp/bis/eng/teams/index_c.html>Hiroshima</a>,CL
,<a href=https://npb.jp/bis/eng/players/13115153.html>Maki Shugo</a>,77,325,300,40,85,21,0,14,148,45,3,1,0,1,63,15,4,9,5,0.283,0.335,0.493,0.828,157,0.210,0.317,28.3%,19.4%,4.6%,0.24,27,4,R,"<img src=""https://www.yakyucosmo.com/wp-content/uploads/2025/04/BayStars.jpg"" alt="""" width=""10"" height=""10"" class=""alignnone size-full wp-image-6228"" />",<a href=https://npb.jp/bis/eng/teams/index_db.html>DeNA</a>,CL
,<a href=https://npb.jp/bis/eng/players/91995134.html>Sano Keita</a>,75,305,277,22,75,13,0,6,106,34,0,0,0,2,31,25,1,1,5,0.271,0.331,0.383,0.714,124,0.112,0.285,20.3%,10.2%,8.2%,0.81,30,7,L,"<img src=""https://www.yakyucosmo.com/wp-content/uploads/2025/04/BayStars.jpg"" alt="""" width=""10"" height=""10"" class=""alignnone size-full wp-image-6228"" />",<a href=https://npb.jp/bis/eng/teams/index_db.html>DeNA</a>,CL
,<a href=https://npb.jp/bis/eng/players/73575150.html>Cabbage Trey</a>,68,265,241,22,58,13,0,8,95,26,3,3,1,0,77,19,2,4,2,0.241,0.307,0.394,0.701,122,0.153,0.321,39.2%,29.1%,7.2%,0.25,28,9,L,"<img src=""https://www.yakyucosmo.com/wp-content/uploads/2025/04/Giants.jpg"" alt="""" width=""10"" height=""10"" class=""alignnone size-full wp-image-6227"" />",<a href=https://npb.jp/bis/eng/teams/index_g.html>Yomiuri</a>,CL
,<a href=https://npb.jp/bis/eng/players/61165159.html>Izuguchi Yuta</a>,70,302,269,25,76,11,0,2,93,16,2,4,5,1,36,26,1,1,4,0.283,0.347,0.346,0.693,121,0.063,0.319,21.2%,11.9%,8.6%,0.72,26,6,L,"<img src=""https://www.yakyucosmo.com/wp-content/uploads/2025/04/Giants.jpg"" alt="""" width=""10"" height=""10"" class=""alignnone size-full wp-image-6227"" />",<a href=https://npb.jp/bis/eng/teams/index_g.html>Yomiuri</a>,CL
,<a href=https://npb.jp/bis/eng/players/73375134.html>Yoshikawa Naoki</a>,78,333,295,25,83,12,3,3,110,25,6,2,1,3,43,30,0,4,5,0.281,0.352,0.373,0.725,131,0.092,0.317,22.8%,12.9%,9.0%,0.70,30,4,L,"<img src=""https://www.yakyucosmo.com/wp-content/uploads/2025/04/Giants.jpg"" alt="""" width=""10"" height=""10"" class=""alignnone size-full wp-image-6227"" />",<a href=https://npb.jp/bis/eng/teams/index_g.html>Yomiuri</a>,CL
,<a href=https://npb.jp/bis/eng/players/23525153.html>Osuna Jose</a>,74,311,283,16,75,12,0,4,99,33,2,1,0,3,33,24,5,1,6,0.265,0.322,0.350,0.672,103,0.085,0.285,19.6%,10.6%,7.7%,0.73,32,3,R,"<img src=""https://www.yakyucosmo.com/wp-content/uploads/2025/04/Swallows.jpg"" alt="""" width=""10"" height=""10"" class=""alignnone size-full wp-image-6226"" />",<a href=https://npb.jp/bis/eng/teams/index_s.html>Yakult</a>,CL
,<a href=https://npb.jp/bis/eng/players/53755153.html>Santana Domingo</a>,60,240,212,25,58,11,0,3,78,15,1,1,0,0,65,25,0,3,4,0.274,0.358,0.368,0.726,119,0.094,0.382,38.8%,27.1%,10.4%,0.38,32,7,R,"<img src=""https://www.yakyucosmo.com/wp-content/uploads/2025/04/Swallows.jpg"" alt="""" width=""10"" height=""10"" class=""alignnone size-full wp-image-6226"" />",<a href=https://npb.jp/bis/eng/teams/index_s.html>Yakult</a>,CL
,<a href=https://npb.jp/bis/eng/players/81585151.html>Okabayashi Yuki</a>,78,349,315,38,95,17,5,2,128,20,14,2,2,2,30,29,4,1,1,0.302,0.360,0.406,0.766,153,0.104,0.326,17.5%,8.6%,8.3%,0.97,23,8,L,"<img src=""https://www.yakyucosmo.com/wp-content/uploads/2025/04/Dragons.jpg"" alt="""" width=""10"" height=""10"" class=""alignnone size-full wp-image-6225"" />",<a href=https://npb.jp/bis/eng/teams/index_d.html>Chunichi</a>,CL
,<a href=https://npb.jp/bis/eng/players/91395139.html>Uebayashi Seiji</a>,77,298,278,27,74,11,3,10,121,28,16,4,4,1,56,14,6,1,0,0.266,0.303,0.435,0.738,141,0.169,0.300,26.8%,18.8%,4.7%,0.25,29,9,L,"<img src=""https://www.yakyucosmo.com/wp-content/uploads/2025/04/Dragons.jpg"" alt="""" width=""10"" height=""10"" class=""alignnone size-full wp-image-6225"" />",<a href=https://npb.jp/bis/eng/teams/index_d.html>Chunichi</a>,CL
,<a href=https://npb.jp/bis/eng/players/91995151.html>Kurebayashi Kotaro</a>,66,268,243,17,60,10,1,4,84,24,0,2,0,4,32,19,2,2,6,0.247,0.302,0.346,0.648,106,0.099,0.265,20.5%,11.9%,7.1%,0.59,23,6,R,"<img src=""https://www.yakyucosmo.com/wp-content/uploads/2025/04/Buffaloes.jpg"" alt="""" width=""10"" height=""10"" class=""alignnone size-full wp-image-6222"" />",<a href=https://npb.jp/bis/eng/teams/index_b.html>ORIX</a>,PL
,<a href=https://npb.jp/bis/eng/players/51255138.html>Nakagawa Keita</a>,62,239,220,31,55,15,1,5,87,34,6,0,3,2,32,14,1,0,7,0.250,0.292,0.395,0.687,117,0.145,0.270,21.3%,13.4%,5.9%,0.44,29,8,R,"<img src=""https://www.yakyucosmo.com/wp-content/uploads/2025/04/Buffaloes.jpg"" alt="""" width=""10"" height=""10"" class=""alignnone size-full wp-image-6222"" />",<a href=https://npb.jp/bis/eng/teams/index_b.html>ORIX</a>,PL
,<a href=https://npb.jp/bis/eng/players/71475132.html>Nishikawa Ryoma</a>,69,293,277,26,87,20,1,4,121,31,4,1,4,1,42,9,1,2,4,0.314,0.339,0.437,0.776,146,0.123,0.358,18.8%,14.3%,3.1%,0.21,30,7,L,"<img src=""https://www.yakyucosmo.com/wp-content/uploads/2025/04/Buffaloes.jpg"" alt="""" width=""10"" height=""10"" class=""alignnone size-full wp-image-6222"" />",<a href=https://npb.jp/bis/eng/teams/index_b.html>ORIX</a>,PL
,<a href=https://npb.jp/bis/eng/players/91395138.html>Ohta Ryo</a>,52,237,211,20,64,6,0,5,85,26,0,1,5,1,48,17,3,3,5,0.303,0.362,0.403,0.765,143,0.100,0.371,29.5%,20.3%,7.2%,0.35,24,4,R,"<img src=""https://www.yakyucosmo.com/wp-content/uploads/2025/04/Buffaloes.jpg"" alt="""" width=""10"" height=""10"" class=""alignnone size-full wp-image-6222"" />",<a href=https://npb.jp/bis/eng/teams/index_b.html>ORIX</a>,PL
,<a href=https://npb.jp/bis/eng/players/61965132.html>Sugimoto Yutaro</a>,64,251,224,25,68,13,1,8,107,32,1,0,0,6,62,18,0,3,5,0.304,0.355,0.478,0.833,164,0.174,0.375,35.1%,24.7%,7.2%,0.29,34,9,R,"<img src=""https://www.yakyucosmo.com/wp-content/uploads/2025/04/Buffaloes.jpg"" alt="""" width=""10"" height=""10"" class=""alignnone size-full wp-image-6222"" />",<a href=https://npb.jp/bis/eng/teams/index_b.html>ORIX</a>,PL
,<a href=https://npb.jp/bis/eng/players/81085138.html>Tongu Yuma</a>,72,300,268,23,71,13,0,8,108,36,1,0,0,3,42,26,1,3,7,0.265,0.333,0.403,0.736,133,0.138,0.285,25.3%,14.0%,8.7%,0.62,28,3,R,"<img src=""https://www.yakyucosmo.com/wp-content/uploads/2025/04/Buffaloes.jpg"" alt="""" width=""10"" height=""10"" class=""alignnone size-full wp-image-6222"" />",<a href=https://npb.jp/bis/eng/teams/index_b.html>ORIX</a>,PL
,<a href=https://npb.jp/bis/eng/players/41645136.html>Fujioka Yudai</a>,66,258,223,17,54,12,1,3,77,14,0,0,4,3,45,28,1,0,5,0.242,0.323,0.345,0.668,107,0.103,0.287,29.5%,17.4%,10.9%,0.62,31,4,L,"<img src=""https://www.yakyucosmo.com/wp-content/uploads/2025/04/Marines.jpg"" alt="""" width=""10"" height=""10"" class=""alignnone size-full wp-image-6240"" />",<a href=https://npb.jp/bis/eng/teams/index_m.html>Lotte</a>,PL
,<a href=https://npb.jp/bis/eng/players/31635138.html>Fujiwara Kyota</a>,65,266,239,21,67,6,4,3,90,17,7,3,3,0,47,19,1,5,1,0.280,0.346,0.377,0.723,124,0.097,0.339,25.9%,17.7%,7.1%,0.40,25,9,L,"<img src=""https://www.yakyucosmo.com/wp-content/uploads/2025/04/Marines.jpg"" alt="""" width=""10"" height=""10"" class=""alignnone size-full wp-image-6240"" />",<a href=https://npb.jp/bis/eng/teams/index_m.html>Lotte</a>,PL
,<a href=https://npb.jp/bis/eng/players/11215116.html>Nakamura Akira</a>,72,293,257,22,64,5,2,1,76,20,1,2,4,2,29,30,1,0,5,0.249,0.325,0.296,0.621,95,0.047,0.275,20.5%,9.9%,10.2%,1.03,35,3,L,"<img src=""https://www.yakyucosmo.com/wp-content/uploads/2025/04/Hawks.jpg"" alt="""" width=""10"" height=""10"" class=""alignnone size-full wp-image-6220"" /> ",<a href=https://npb.jp/bis/eng/teams/index_h.html>SoftBank</a>,PL
,<a href=https://npb.jp/bis/eng/players/21425139.html>Yamakawa Hotaka</a>,68,271,245,25,49,6,0,13,94,37,0,0,0,3,75,20,3,3,5,0.200,0.266,0.384,0.650,101,0.184,0.225,39.9%,27.7%,7.4%,0.27,33,DH,R,"<img src=""https://www.yakyucosmo.com/wp-content/uploads/2025/04/Hawks.jpg"" alt="""" width=""10"" height=""10"" class=""alignnone size-full wp-image-6220"" /> ",<a href=https://npb.jp/bis/eng/teams/index_h.html>SoftBank</a>,PL
,<a href=https://npb.jp/bis/eng/players/73175151.html>Yanagimachi Tatsuru</a>,67,261,220,24,68,10,1,3,89,26,1,2,3,0,58,35,0,3,5,0.309,0.411,0.405,0.816,154,0.096,0.409,36.8%,22.2%,13.4%,0.60,28,9,L,"<img src=""https://www.yakyucosmo.com/wp-content/uploads/2025/04/Hawks.jpg"" alt="""" width=""10"" height=""10"" class=""alignnone size-full wp-image-6220"" /> ",<a href=https://npb.jp/bis/eng/teams/index_h.html>SoftBank</a>,PL
,<a href=https://npb.jp/bis/eng/players/51155118.html>Asamura Hideto</a>,72,294,246,20,59,10,1,5,86,24,1,0,0,1,63,42,4,5,8,0.240,0.361,0.350,0.711,132,0.110,0.302,37.4%,21.4%,14.3%,0.67,34,3,R,"<img src=""https://www.yakyucosmo.com/wp-content/uploads/2025/04/Eagles.jpg"" alt="""" width=""10"" height=""10"" class=""alignnone size-full wp-image-6218"" />",<a href=https://npb.jp/bis/eng/teams/index_e.html>Rakuten</a>,PL
,<a href=https://npb.jp/bis/eng/players/61965151.html>Kobukata Hiroto</a>,74,283,239,23,55,5,1,1,65,11,22,5,11,0,50,32,0,1,1,0.230,0.324,0.272,0.596,95,0.042,0.287,29.3%,17.7%,11.3%,0.64,29,4,L,"<img src=""https://www.yakyucosmo.com/wp-content/uploads/2025/04/Eagles.jpg"" alt="""" width=""10"" height=""10"" class=""alignnone size-full wp-image-6218"" />",<a href=https://npb.jp/bis/eng/teams/index_e.html>Rakuten</a>,PL
,<a href=https://npb.jp/bis/eng/players/53155150.html>Muneyama Rui</a>,69,278,266,14,66,14,3,2,92,18,4,0,0,4,47,7,2,1,5,0.248,0.266,0.346,0.612,97,0.098,0.290,20.1%,16.9%,2.5%,0.15,22,6,L,"<img src=""https://www.yakyucosmo.com/wp-content/uploads/2025/04/Eagles.jpg"" alt="""" width=""10"" height=""10"" class=""alignnone size-full wp-image-6218"" />",<a href=https://npb.jp/bis/eng/teams/index_e.html>Rakuten</a>,PL
,<a href=https://npb.jp/bis/eng/players/41845132.html>Murabayashi Itsuki</a>,71,279,262,18,83,7,0,3,99,28,4,2,2,2,48,11,2,2,3,0.317,0.347,0.378,0.725,136,0.061,0.376,22.2%,17.2%,3.9%,0.23,27,5,R,"<img src=""https://www.yakyucosmo.com/wp-content/uploads/2025/04/Eagles.jpg"" alt="""" width=""10"" height=""10"" class=""alignnone size-full wp-image-6218"" />",<a href=https://npb.jp/bis/eng/teams/index_e.html>Rakuten</a>,PL
,<a href=https://npb.jp/bis/eng/players/81685153.html>Hasegawa Shinya</a>,74,279,250,31,57,10,3,5,88,23,5,2,4,2,34,20,1,3,4,0.228,0.291,0.352,0.643,103,0.124,0.244,21.1%,12.2%,7.2%,0.59,23,9,R,"<img src=""https://www.yakyucosmo.com/wp-content/uploads/2025/04/Lions.jpg"" alt="""" width=""10"" height=""10"" class=""alignnone size-full wp-image-6219"" />",<a href=https://npb.jp/bis/eng/teams/index_l.html>Seibu</a>,PL
,<a href=https://npb.jp/bis/eng/players/53755150.html>Nevin Tyler</a>,76,315,281,26,80,15,0,7,116,34,2,1,0,4,42,23,3,7,5,0.285,0.349,0.413,0.762,140,0.128,0.309,22.9%,13.3%,7.3%,0.55,28,3,R,"<img src=""https://www.yakyucosmo.com/wp-content/uploads/2025/04/Lions.jpg"" alt="""" width=""10"" height=""10"" class=""alignnone size-full wp-image-6219"" />",<a href=https://npb.jp/bis/eng/teams/index_l.html>Seibu</a>,PL
,<a href=https://npb.jp/bis/eng/players/51455136.html>Nishikawa Manaya</a>,76,339,309,34,78,15,1,4,107,18,14,5,1,2,49,22,1,5,2,0.252,0.311,0.346,0.657,108,0.094,0.287,22.1%,14.5%,6.5%,0.45,26,8,L,"<img src=""https://www.yakyucosmo.com/wp-content/uploads/2025/04/Lions.jpg"" alt="""" width=""10"" height=""10"" class=""alignnone size-full wp-image-6219"" />",<a href=https://npb.jp/bis/eng/teams/index_l.html>Seibu</a>,PL
,<a href=https://npb.jp/bis/eng/players/41245130.html>Tonosaki Shuta</a>,68,242,207,15,47,7,1,3,65,21,3,1,3,5,35,24,3,3,6,0.227,0.310,0.314,0.624,98,0.087,0.253,25.6%,14.5%,9.9%,0.69,32,5,R,"<img src=""https://www.yakyucosmo.com/wp-content/uploads/2025/04/Lions.jpg"" alt="""" width=""10"" height=""10"" class=""alignnone size-full wp-image-6219"" />",<a href=https://npb.jp/bis/eng/teams/index_l.html>Seibu</a>,PL
,<a href=https://npb.jp/bis/eng/players/41545136.html>Kiyomiya Kotaro</a>,75,314,287,32,75,15,0,6,108,28,4,1,0,3,41,23,0,1,4,0.261,0.315,0.376,0.691,112,0.115,0.284,22.3%,13.1%,7.3%,0.56,26,5,L,"<img src=""https://www.yakyucosmo.com/wp-content/uploads/2025/04/Fighters.jpg"" alt="""" width=""10"" height=""10"" class=""alignnone size-full wp-image-6217"" />",<a href=https://npb.jp/bis/eng/teams/index_f.html>Nipponham</a>,PL
,<a href=https://npb.jp/bis/eng/players/11815138.html>Mannami Chusei</a>,74,290,263,27,60,18,0,14,120,35,1,1,0,0,76,26,5,1,4,0.228,0.300,0.456,0.756,130,0.228,0.266,40.0%,26.2%,9.0%,0.34,25,9,R,"<img src=""https://www.yakyucosmo.com/wp-content/uploads/2025/04/Fighters.jpg"" alt="""" width=""10"" height=""10"" class=""alignnone size-full wp-image-6217"" />",<a href=https://npb.jp/bis/eng/teams/index_f.html>Nipponham</a>,PL
,<a href=https://npb.jp/bis/eng/players/73075159.html>Reyes Franmil</a>,72,295,267,31,74,12,0,16,134,47,0,0,0,1,65,27,2,0,6,0.277,0.342,0.502,0.844,157,0.225,0.310,36.6%,22.0%,9.2%,0.42,29,DH,R,"<img src=""https://www.yakyucosmo.com/wp-content/uploads/2025/04/Fighters.jpg"" alt="""" width=""10"" height=""10"" class=""alignnone size-full wp-image-6217"" />",<a href=https://npb.jp/bis/eng/teams/index_f.html>Nipponham</a>,PL
