Rank,Player,G,PA,AB,R,H,2B,3B,HR,TB,RBI,SB,CS,SH,SF,SO,BB,IBB,HP,GDP,AVG,OBP,SLG,OPS,OPS+,ISO,BABIP,TTO%,K%,BB%,BB/K,wSB,Age,Pos,B,,Team,League
,<a href=https://npb.jp/bis/eng/players/71075138.html>Chikamoto Koji</a>,140,638,573,76,160,25,4,3,202,34,32,9,0,3,88,60,1,2,3,0.279,0.348,0.353,0.701,120,0.074,0.324,23.7%,13.8%,9.4%,0.68,2.1,30,8,L,🐯,<a href=https://npb.jp/bis/eng/teams/index_t.html>Hanshin</a>,CL
,<a href=https://npb.jp/bis/eng/players/43145157.html>Morishita Shota</a>,143,620,549,82,151,24,5,23,254,89,5,2,0,5,86,54,4,12,15,0.275,0.350,0.463,0.813,153,0.188,0.288,26.3%,13.9%,8.7%,0.63,-0.1,24,9,R,🐯,<a href=https://npb.jp/bis/eng/teams/index_t.html>Hanshin</a>,CL
,<a href=https://npb.jp/bis/eng/players/41445153.html>Nakano Takumu</a>,143,625,531,65,150,18,3,0,174,30,19,7,44,3,77,44,1,3,5,0.282,0.339,0.328,0.667,109,0.046,0.328,19.4%,12.3%,7.0%,0.57,0.6,29,4,L,🐯,<a href=https://npb.jp/bis/eng/teams/index_t.html>Hanshin</a>,CL
,<a href=https://npb.jp/bis/eng/players/21325134.html>Ohyama Yusuke</a>,141,587,503,52,133,25,1,13,199,75,6,3,0,4,96,74,7,6,16,0.264,0.363,0.396,0.759,138,0.132,0.302,31.2%,16.4%,12.6%,0.77,-0.3,30,3,R,🐯,<a href=https://npb.jp/bis/eng/teams/index_t.html>Hanshin</a>,CL
,<a href=https://npb.jp/bis/eng/players/41045153.html>Sato Teruaki</a>,139,597,537,83,149,34,4,40,311,102,10,2,0,3,163,57,9,0,5,0.277,0.345,0.579,0.924,186,0.302,0.323,43.6%,27.3%,9.5%,0.35,0.8,26,5,L,🐯,<a href=https://npb.jp/bis/eng/teams/index_t.html>Hanshin</a>,CL
,<a href=https://npb.jp/bis/eng/players/43745150.html>Fabian Sandro</a>,138,572,539,60,149,30,0,17,230,65,2,3,0,2,84,22,3,9,8,0.276,0.315,0.427,0.742,122,0.151,0.300,21.5%,14.7%,3.8%,0.26,-0.9,27,7,R,🎏,<a href=https://npb.jp/bis/eng/teams/index_c.html>Hiroshima</a>,CL
,<a href=https://npb.jp/bis/eng/players/01705138.html>Kozono Kaito</a>,138,573,521,51,161,24,4,3,202,47,12,7,3,2,47,42,6,5,9,0.309,0.365,0.388,0.753,127,0.079,0.334,16.1%,8.2%,7.3%,0.89,-0.6,25,UTL,L,🎏,<a href=https://npb.jp/bis/eng/teams/index_c.html>Hiroshima</a>,CL
,<a href=https://npb.jp/bis/eng/players/51055155.html>Suekane Shota</a>,123,477,437,40,106,18,3,11,163,62,2,3,0,5,97,33,0,2,6,0.243,0.296,0.373,0.669,101,0.130,0.284,29.6%,20.3%,6.9%,0.34,-0.9,29,9,R,🎏,<a href=https://npb.jp/bis/eng/teams/index_c.html>Hiroshima</a>,CL
,<a href=https://npb.jp/bis/eng/players/51755135.html>Kuwahara Masayuki</a>,106,447,398,48,113,17,2,6,152,27,10,0,10,0,59,30,1,9,5,0.284,0.348,0.382,0.730,120,0.098,0.321,21.3%,13.2%,6.7%,0.51,1.4,31,8,R,⭐,<a href=https://npb.jp/bis/eng/teams/index_db.html>DeNA</a>,CL
,<a href=https://npb.jp/bis/eng/players/91995134.html>Sano Keita</a>,138,569,525,47,144,24,0,15,213,70,0,0,0,5,61,34,1,5,13,0.274,0.322,0.406,0.728,119,0.132,0.284,19.3%,10.7%,6.0%,0.56,-0.3,30,7,L,⭐,<a href=https://npb.jp/bis/eng/teams/index_db.html>DeNA</a>,CL
,<a href=https://npb.jp/bis/eng/players/73575150.html>Cabbage Trey</a>,123,476,431,50,115,26,1,17,194,51,5,3,1,2,144,37,3,5,4,0.267,0.331,0.450,0.781,140,0.183,0.360,41.6%,30.3%,7.8%,0.26,-0.4,28,9,L,🐰,<a href=https://npb.jp/bis/eng/teams/index_g.html>Yomiuri</a>,CL
,<a href=https://npb.jp/bis/eng/players/61165159.html>Izuguchi Yuta</a>,133,573,512,67,154,23,3,6,201,39,4,5,7,3,60,47,2,4,8,0.301,0.362,0.393,0.755,134,0.092,0.330,19.7%,10.5%,8.2%,0.78,-1.3,26,6,L,🐰,<a href=https://npb.jp/bis/eng/teams/index_g.html>Yomiuri</a>,CL
,<a href=https://npb.jp/bis/eng/players/73375134.html>Yoshikawa Naoki</a>,107,455,404,33,112,15,3,3,142,32,8,3,2,3,63,41,0,5,7,0.277,0.349,0.351,0.700,118,0.074,0.320,23.5%,13.8%,9.0%,0.65,0.1,30,4,L,🐰,<a href=https://npb.jp/bis/eng/teams/index_g.html>Yomiuri</a>,CL
,<a href=https://npb.jp/bis/eng/players/23525153.html>Osuna Jose</a>,141,574,528,38,135,22,0,14,199,67,4,1,0,5,76,40,6,1,13,0.256,0.307,0.377,0.684,101,0.121,0.273,22.6%,13.2%,7.0%,0.53,0.1,32,3,R,🐧,<a href=https://npb.jp/bis/eng/teams/index_s.html>Yakult</a>,CL
,<a href=https://npb.jp/bis/eng/players/91595153.html>Uchiyama Souma</a>,116,470,423,50,111,26,1,8,163,48,8,3,1,4,66,41,0,1,10,0.262,0.326,0.385,0.711,109,0.123,0.292,24.5%,14.0%,8.7%,0.62,0.1,23,7,R,🐧,<a href=https://npb.jp/bis/eng/teams/index_s.html>Yakult</a>,CL
,<a href=https://npb.jp/bis/eng/players/81585151.html>Okabayashi Yuki</a>,143,637,578,71,168,22,8,5,221,35,17,5,4,3,57,51,10,1,1,0.291,0.348,0.382,0.730,132,0.091,0.314,17.7%,8.9%,8.0%,0.89,0.9,23,8,L,🐉,<a href=https://npb.jp/bis/eng/teams/index_d.html>Chunichi</a>,CL
,<a href=https://npb.jp/bis/eng/players/91395139.html>Uebayashi Seiji</a>,134,517,486,52,131,21,4,17,211,52,27,5,6,1,102,20,7,4,3,0.270,0.303,0.434,0.737,132,0.164,0.310,26.9%,19.7%,3.9%,0.20,2.7,29,9,L,🐉,<a href=https://npb.jp/bis/eng/teams/index_d.html>Chunichi</a>,CL
,<a href=https://npb.jp/bis/eng/players/83785150.html>Vosler Jason</a>,122,493,452,37,118,33,2,13,194,58,0,1,0,5,101,30,3,6,5,0.261,0.312,0.429,0.741,133,0.168,0.306,29.2%,20.5%,6.1%,0.30,-0.5,31,3,L,🐉,<a href=https://npb.jp/bis/eng/teams/index_d.html>Chunichi</a>,CL
,<a href=https://npb.jp/bis/eng/players/21625132.html>Hirooka Taishi</a>,118,453,402,43,102,15,1,7,140,34,9,7,8,4,90,39,0,0,9,0.254,0.317,0.348,0.665,105,0.094,0.307,30.0%,19.9%,8.6%,0.43,-1.0,28,8,R,🐃,<a href=https://npb.jp/bis/eng/teams/index_b.html>ORIX</a>,PL
,<a href=https://npb.jp/bis/eng/players/91995151.html>Kurebayashi Kotaro</a>,116,447,400,36,104,20,1,9,153,43,1,2,4,5,57,35,2,3,15,0.260,0.321,0.383,0.704,116,0.123,0.280,22.6%,12.8%,7.8%,0.61,-0.7,23,6,R,🐃,<a href=https://npb.jp/bis/eng/teams/index_b.html>ORIX</a>,PL
,<a href=https://npb.jp/bis/eng/players/51255138.html>Nakagawa Keita</a>,119,463,433,54,123,26,1,12,187,53,10,2,5,4,49,20,1,1,9,0.284,0.314,0.432,0.746,128,0.148,0.295,17.5%,10.6%,4.3%,0.41,0.8,29,8,R,🐃,<a href=https://npb.jp/bis/eng/teams/index_b.html>ORIX</a>,PL
,<a href=https://npb.jp/bis/eng/players/91395138.html>Ohta Ryo</a>,113,496,448,42,127,10,0,10,167,52,0,2,6,4,102,33,3,5,12,0.283,0.337,0.373,0.710,119,0.090,0.344,29.2%,20.6%,6.7%,0.32,-0.9,24,4,R,🐃,<a href=https://npb.jp/bis/eng/teams/index_b.html>ORIX</a>,PL
,<a href=https://npb.jp/bis/eng/players/61965132.html>Sugimoto Yutaro</a>,119,455,401,48,104,15,2,16,171,53,1,0,0,7,123,38,1,9,8,0.259,0.332,0.426,0.758,132,0.167,0.327,38.9%,27.0%,8.4%,0.31,-0.1,34,9,R,🐃,<a href=https://npb.jp/bis/eng/teams/index_b.html>ORIX</a>,PL
,<a href=https://npb.jp/bis/eng/players/81085138.html>Tongu Yuma</a>,129,525,473,41,118,20,0,13,177,54,1,0,0,4,81,43,2,5,10,0.249,0.316,0.374,0.690,112,0.125,0.274,26.1%,15.4%,8.2%,0.53,-0.1,28,3,R,🐃,<a href=https://npb.jp/bis/eng/teams/index_b.html>ORIX</a>,PL
,<a href=https://npb.jp/bis/eng/players/31635138.html>Fujiwara Kyota</a>,107,452,409,38,111,12,6,4,147,24,15,6,4,0,80,33,2,6,3,0.271,0.335,0.359,0.694,110,0.088,0.329,25.9%,17.7%,7.3%,0.41,0.3,25,9,L,⚓,<a href=https://npb.jp/bis/eng/teams/index_m.html>Lotte</a>,PL
,<a href=https://npb.jp/bis/eng/players/21625150.html>Nishikawa Misho</a>,108,444,417,42,117,27,3,3,159,37,1,0,0,3,85,16,0,8,6,0.281,0.318,0.381,0.699,111,0.100,0.343,23.4%,19.1%,3.6%,0.19,-0.0,22,7,R,⚓,<a href=https://npb.jp/bis/eng/teams/index_m.html>Lotte</a>,PL
,<a href=https://npb.jp/bis/eng/players/51455159.html>Terachi Ryusei</a>,116,445,414,33,106,16,0,5,137,33,0,0,3,2,67,19,2,7,8,0.256,0.299,0.331,0.630,91,0.075,0.294,20.4%,15.1%,4.3%,0.28,-0.2,19,2,L,⚓,<a href=https://npb.jp/bis/eng/teams/index_m.html>Lotte</a>,PL
,<a href=https://npb.jp/bis/eng/players/61465133.html>Makihara Taisei</a>,125,443,418,44,127,17,6,5,171,49,12,4,11,4,63,7,0,3,4,0.304,0.317,0.409,0.726,118,0.105,0.345,16.9%,14.2%,1.6%,0.11,0.5,32,4,L,🪶,<a href=https://npb.jp/bis/eng/teams/index_h.html>SoftBank</a>,PL
,<a href=https://npb.jp/bis/eng/players/21425139.html>Yamakawa Hotaka</a>,130,496,443,45,100,9,0,23,178,62,0,0,0,4,126,45,3,4,7,0.226,0.300,0.402,0.702,111,0.176,0.258,39.1%,25.4%,9.1%,0.36,-0.2,33,DH,R,🪶,<a href=https://npb.jp/bis/eng/teams/index_h.html>SoftBank</a>,PL
,<a href=https://npb.jp/bis/eng/players/73175151.html>Yanagimachi Tatsuru</a>,131,517,442,54,129,17,1,6,166,50,2,2,4,3,109,62,1,6,8,0.292,0.384,0.376,0.760,131,0.084,0.373,34.2%,21.1%,12.0%,0.57,-0.7,28,7,L,🪶,<a href=https://npb.jp/bis/eng/teams/index_h.html>SoftBank</a>,PL
,<a href=https://npb.jp/bis/eng/players/53155150.html>Muneyama Rui</a>,122,460,430,32,112,19,3,3,146,27,7,0,0,9,82,20,2,1,10,0.260,0.289,0.340,0.629,97,0.080,0.308,22.8%,17.8%,4.3%,0.24,1.0,22,6,L,🦅 ,<a href=https://npb.jp/bis/eng/teams/index_e.html>Rakuten</a>,PL
,<a href=https://npb.jp/bis/eng/players/41845132.html>Murabayashi Itsuki</a>,137,557,513,41,144,14,0,3,167,51,6,2,10,3,102,28,2,3,14,0.281,0.320,0.326,0.646,104,0.045,0.343,23.9%,18.3%,5.0%,0.27,0.0,27,5,R,🦅 ,<a href=https://npb.jp/bis/eng/teams/index_e.html>Rakuten</a>,PL
,<a href=https://npb.jp/bis/eng/players/21425159.html>Nakashima Daisuke</a>,124,491,462,51,123,11,5,6,162,31,22,4,8,2,75,17,0,2,4,0.266,0.294,0.351,0.645,102,0.085,0.305,20.0%,15.3%,3.5%,0.23,2.2,24,9,L,🦅 ,<a href=https://npb.jp/bis/eng/teams/index_e.html>Rakuten</a>,PL
,<a href=https://npb.jp/bis/eng/players/81685153.html>Hasegawa Shinya</a>,132,450,400,42,90,16,3,6,130,36,9,4,9,5,56,33,1,3,11,0.225,0.286,0.325,0.611,87,0.100,0.245,21.1%,12.4%,7.3%,0.59,0.0,23,9,R,🦁,<a href=https://npb.jp/bis/eng/teams/index_l.html>Seibu</a>,PL
,<a href=https://npb.jp/bis/eng/players/53755150.html>Nevin Tyler</a>,137,570,509,51,141,24,0,21,228,63,2,1,0,5,78,45,6,11,13,0.277,0.346,0.448,0.794,142,0.171,0.289,25.3%,13.7%,7.9%,0.58,-0.3,28,3,R,🦁,<a href=https://npb.jp/bis/eng/teams/index_l.html>Seibu</a>,PL
,<a href=https://npb.jp/bis/eng/players/51455136.html>Nishikawa Manaya</a>,124,553,507,64,134,26,3,10,196,38,25,7,2,3,80,32,1,9,4,0.264,0.318,0.387,0.705,115,0.123,0.295,22.1%,14.5%,5.8%,0.40,1.7,26,8,L,🦁,<a href=https://npb.jp/bis/eng/teams/index_l.html>Seibu</a>,PL
,<a href=https://npb.jp/bis/eng/players/83385150.html>Watanabe Seiya</a>,109,452,425,42,110,16,3,12,168,43,2,3,0,2,85,21,2,4,11,0.259,0.299,0.395,0.694,111,0.136,0.297,26.1%,18.8%,4.6%,0.25,-0.9,22,7,R,🦁,<a href=https://npb.jp/bis/eng/teams/index_l.html>Seibu</a>,PL
,<a href=https://npb.jp/bis/eng/players/41545136.html>Kiyomiya Kotaro</a>,138,577,525,63,143,25,1,12,206,65,8,1,0,5,85,46,0,1,9,0.272,0.329,0.392,0.721,114,0.120,0.303,24.8%,14.7%,8.0%,0.54,0.7,26,5,L,🦊,<a href=https://npb.jp/bis/eng/teams/index_f.html>Nipponham</a>,PL
,<a href=https://npb.jp/bis/eng/players/11815138.html>Mannami Chusei</a>,127,465,420,48,96,23,1,20,181,56,3,3,1,0,125,43,6,1,10,0.229,0.302,0.431,0.733,116,0.202,0.276,40.4%,26.9%,9.2%,0.34,-0.7,25,9,R,🦊,<a href=https://npb.jp/bis/eng/teams/index_f.html>Nipponham</a>,PL
,<a href=https://npb.jp/bis/eng/players/73075159.html>Reyes Franmil</a>,132,531,476,62,132,17,0,32,245,90,0,0,0,3,129,52,5,0,8,0.277,0.347,0.515,0.862,152,0.238,0.314,40.1%,24.3%,9.8%,0.40,-0.3,29,DH,R,🦊,<a href=https://npb.jp/bis/eng/teams/index_f.html>Nipponham</a>,PL
