#,Team,G,W,L,T,PCT,GB,RS,RA,Diff,XPCT,Home,Road,vs M,vs F,vs B,vs E,vs H,vs L
,<a href=https://npb.jp/bis/eng/teams/index_m.html>Lotte Marines</a>,3,3,0,0,1.000,--,20,10,10,0.780,--,3-0,--,--,--,--,3-0,--
,<a href=https://npb.jp/bis/eng/teams/index_f.html>Nipponham Fighters</a>,4,3,1,0,0.750,0.5,13,12,1,0.537,0-1,3-0,--,--,--,--,0-1,3-0
,<a href=https://npb.jp/bis/eng/teams/index_b.html>ORIX Buffaloes</a>,3,2,1,0,0.667,1.0,13,8,5,0.709,2-1,--,--,--,--,2-1,--,--
,<a href=https://npb.jp/bis/eng/teams/index_e.html>Rakuten Eagles</a>,3,1,2,0,0.333,2.0,8,13,-5,0.291,--,1-2,--,--,1-2,--,--,--
,<a href=https://npb.jp/bis/eng/teams/index_h.html>SoftBank Hawks</a>,4,1,3,0,0.250,2.5,15,21,-6,0.351,0-3,1-0,0-3,1-0,--,--,--,--
,<a href=https://npb.jp/bis/eng/teams/index_l.html>Seibu Lions</a>,3,0,3,0,0.000,3.0,7,12,-5,0.272,0-3,--,--,0-3,--,--,--,--
