#,,Team,G,W,L,T,PCT,GB,RS,RA,Diff,XPCT,Home,Road,vs T,vs G,vs DB,vs C,vs D,vs S,Inter
,"<img src=""https://www.yakyucosmo.com/wp-content/uploads/2025/04/Tigers.jpg"" alt="""" width=""10"" height=""10"" class=""alignnone size-full wp-image-6224"" />",<a href=https://npb.jp/bis/eng/teams/index_t.html>Hanshin Tigers</a>,87,51,34,2,0.600,--,295,193,102,0.685,24-19(1),27-15(1),--,11-4,8-4(2),11-4,5-7,8-5,8-10
,"<img src=""https://www.yakyucosmo.com/wp-content/uploads/2025/04/Giants.jpg"" alt="""" width=""10"" height=""10"" class=""alignnone size-full wp-image-6227"" />",<a href=https://npb.jp/bis/eng/teams/index_g.html>Yomiuri Giants</a>,85,41,41,3,0.500,8.5,235,241,-6,0.488,27-14(1),14-27(2),4-11,--,9-3(1),5-8(1),8-5,9-3,6-11(1)
,"<img src=""https://www.yakyucosmo.com/wp-content/uploads/2025/04/BayStars.jpg"" alt="""" width=""10"" height=""10"" class=""alignnone size-full wp-image-6228"" />",<a href=https://npb.jp/bis/eng/teams/index_db.html>DeNA BayStars</a>,84,39,41,4,0.488,9.5,256,240,16,0.529,23-18(2),16-23(2),4-8(2),3-9(1),--,7-6,9-5,9-2(1),7-11
,"<img src=""https://www.yakyucosmo.com/wp-content/uploads/2025/04/Carp.jpg"" alt="""" width=""10"" height=""10"" class=""alignnone size-full wp-image-6223"" />",<a href=https://npb.jp/bis/eng/teams/index_c.html>Hiroshima Carp</a>,84,38,42,4,0.475,10.5,250,256,-6,0.489,24-16(2),14-26(2),4-11,8-5(1),6-7,--,6-7(1),5-3(2),9-9
,"<img src=""https://www.yakyucosmo.com/wp-content/uploads/2025/04/Dragons.jpg"" alt="""" width=""10"" height=""10"" class=""alignnone size-full wp-image-6225"" />",<a href=https://npb.jp/bis/eng/teams/index_d.html>Chunichi Dragons</a>,85,39,44,2,0.470,11.0,218,256,-38,0.427,24-18(1),15-26(1),7-5,5-8,5-9,7-6(1),--,7-6(1),8-10
,"<img src=""https://www.yakyucosmo.com/wp-content/uploads/2025/04/Swallows.jpg"" alt="""" width=""10"" height=""10"" class=""alignnone size-full wp-image-6226"" />",<a href=https://npb.jp/bis/eng/teams/index_s.html>Yakult Swallows</a>,79,24,50,5,0.324,21.5,210,315,-105,0.323,13-22(3),11-28(2),5-8,3-9,2-9(1),3-5(2),6-7(1),--,5-12(1)
