#,,Team,G,W,L,T,PCT,GB,RS,RA,Diff,XPCT,Home,Road,vs T,vs G,vs DB,vs C,vs D,vs S,Inter
,"<img src=""https://www.yakyucosmo.com/wp-content/uploads/2025/04/Tigers.jpg"" alt="""" width=""10"" height=""10"" class=""alignnone size-full wp-image-6224"" />",<a href=https://npb.jp/bis/eng/teams/index_t.html>Hanshin Tigers</a>,83,49,32,2,0.605,--,286,181,105,0.698,22-17(1),27-15(1),--,11-4,8-4(2),11-4,5-5,6-5,8-10
,"<img src=""https://www.yakyucosmo.com/wp-content/uploads/2025/04/Giants.jpg"" alt="""" width=""10"" height=""10"" class=""alignnone size-full wp-image-6227"" />",<a href=https://npb.jp/bis/eng/teams/index_g.html>Yomiuri Giants</a>,83,40,40,3,0.500,8.5,229,237,-8,0.484,27-14(1),13-26(2),4-11,--,8-2(1),5-8(1),8-5,9-3,6-11(1)
,"<img src=""https://www.yakyucosmo.com/wp-content/uploads/2025/04/BayStars.jpg"" alt="""" width=""10"" height=""10"" class=""alignnone size-full wp-image-6228"" />",<a href=https://npb.jp/bis/eng/teams/index_db.html>DeNA BayStars</a>,80,37,39,4,0.487,9.5,248,230,18,0.534,22-17(2),15-22(2),4-8(2),2-8(1),--,6-5,9-5,9-2(1),7-11
,"<img src=""https://www.yakyucosmo.com/wp-content/uploads/2025/04/Carp.jpg"" alt="""" width=""10"" height=""10"" class=""alignnone size-full wp-image-6223"" />",<a href=https://npb.jp/bis/eng/teams/index_c.html>Hiroshima Carp</a>,80,37,39,4,0.487,9.5,243,242,1,0.502,23-15(2),14-24(2),4-11,8-5(1),5-6,--,6-5(1),5-3(2),9-9
,"<img src=""https://www.yakyucosmo.com/wp-content/uploads/2025/04/Dragons.jpg"" alt="""" width=""10"" height=""10"" class=""alignnone size-full wp-image-6225"" />",<a href=https://npb.jp/bis/eng/teams/index_d.html>Chunichi Dragons</a>,81,35,44,2,0.443,13.0,199,251,-52,0.395,22-18(1),13-26(1),5-5,5-8,5-9,5-6(1),--,7-6(1),8-10
,"<img src=""https://www.yakyucosmo.com/wp-content/uploads/2025/04/Swallows.jpg"" alt="""" width=""10"" height=""10"" class=""alignnone size-full wp-image-6226"" />",<a href=https://npb.jp/bis/eng/teams/index_s.html>Yakult Swallows</a>,77,24,48,5,0.333,20.5,207,308,-101,0.326,13-22(3),11-26(2),5-6,3-9,2-9(1),3-5(2),6-7(1),--,5-12(1)
