Rank,Player,G,PA,AB,R,H,2B,3B,HR,TB,RBI,SB,CS,SH,SF,SO,BB,IBB,HP,GDP,AVG,OBP,SLG,OPS,OPS+,ISO,BABIP,TTO%,K%,BB%,BB/K,wSB,Age,Pos,B,,Team,League
,<a href=https://npb.jp/bis/eng/players/71075138.html>Chikamoto Koji</a>,93,427,386,50,112,15,2,3,140,24,23,5,0,2,57,38,1,1,1,0.290,0.354,0.363,0.717,130,0.073,0.332,23.0%,13.3%,8.9%,0.67,1.9,30,8,L,"<img src=""https://www.yakyucosmo.com/wp-content/uploads/2025/04/Tigers.jpg"" alt="""" width=""10"" height=""10"" class=""alignnone size-full wp-image-6224"" />",<a href=https://npb.jp/bis/eng/teams/index_t.html>Hanshin</a>,CL
,<a href=https://npb.jp/bis/eng/players/43145157.html>Morishita Shota</a>,93,411,362,54,93,12,1,16,155,60,4,2,0,3,60,36,4,10,13,0.257,0.338,0.428,0.766,145,0.171,0.266,27.3%,14.6%,8.8%,0.60,-0.3,24,9,R,"<img src=""https://www.yakyucosmo.com/wp-content/uploads/2025/04/Tigers.jpg"" alt="""" width=""10"" height=""10"" class=""alignnone size-full wp-image-6224"" />",<a href=https://npb.jp/bis/eng/teams/index_t.html>Hanshin</a>,CL
,<a href=https://npb.jp/bis/eng/players/41445153.html>Nakano Takumu</a>,93,415,341,46,98,10,2,0,112,19,14,3,32,2,50,37,1,3,4,0.287,0.360,0.328,0.688,122,0.041,0.334,21.0%,12.0%,8.9%,0.74,1.0,29,4,L,"<img src=""https://www.yakyucosmo.com/wp-content/uploads/2025/04/Tigers.jpg"" alt="""" width=""10"" height=""10"" class=""alignnone size-full wp-image-6224"" />",<a href=https://npb.jp/bis/eng/teams/index_t.html>Hanshin</a>,CL
,<a href=https://npb.jp/bis/eng/players/21325134.html>Ohyama Yusuke</a>,93,387,343,26,91,15,1,5,123,47,4,1,0,2,60,41,2,1,12,0.265,0.344,0.359,0.703,126,0.094,0.307,27.4%,15.5%,10.6%,0.68,0.0,30,3,R,"<img src=""https://www.yakyucosmo.com/wp-content/uploads/2025/04/Tigers.jpg"" alt="""" width=""10"" height=""10"" class=""alignnone size-full wp-image-6224"" />",<a href=https://npb.jp/bis/eng/teams/index_t.html>Hanshin</a>,CL
,<a href=https://npb.jp/bis/eng/players/41045153.html>Sato Teruaki</a>,92,394,354,55,101,22,4,26,209,65,8,2,0,1,105,39,6,0,4,0.285,0.355,0.590,0.945,200,0.305,0.335,43.1%,26.6%,9.9%,0.37,0.5,26,5,L,"<img src=""https://www.yakyucosmo.com/wp-content/uploads/2025/04/Tigers.jpg"" alt="""" width=""10"" height=""10"" class=""alignnone size-full wp-image-6224"" />",<a href=https://npb.jp/bis/eng/teams/index_t.html>Hanshin</a>,CL
,<a href=https://npb.jp/bis/eng/players/43745150.html>Fabian Sandro</a>,91,381,360,41,101,19,0,11,153,45,2,3,0,2,59,14,3,5,6,0.281,0.315,0.425,0.740,127,0.144,0.308,22.0%,15.5%,3.7%,0.24,-0.9,27,7,R,"<img src=""https://www.yakyucosmo.com/wp-content/uploads/2025/04/Carp.jpg"" alt="""" width=""10"" height=""10"" class=""alignnone size-full wp-image-6223"" />",<a href=https://npb.jp/bis/eng/teams/index_c.html>Hiroshima</a>,CL
,<a href=https://npb.jp/bis/eng/players/01705138.html>Kozono Kaito</a>,90,384,350,33,101,18,3,2,131,29,9,4,2,1,31,29,5,2,5,0.289,0.346,0.374,0.720,122,0.085,0.311,16.1%,8.1%,7.6%,0.94,-0.1,25,5,L,"<img src=""https://www.yakyucosmo.com/wp-content/uploads/2025/04/Carp.jpg"" alt="""" width=""10"" height=""10"" class=""alignnone size-full wp-image-6223"" />",<a href=https://npb.jp/bis/eng/teams/index_c.html>Hiroshima</a>,CL
,<a href=https://npb.jp/bis/eng/players/51055155.html>Suekane Shota</a>,81,326,297,27,74,9,3,7,110,40,2,3,0,2,64,26,0,1,1,0.249,0.310,0.370,0.680,109,0.121,0.294,29.8%,19.6%,8.0%,0.41,-0.9,29,9,R,"<img src=""https://www.yakyucosmo.com/wp-content/uploads/2025/04/Carp.jpg"" alt="""" width=""10"" height=""10"" class=""alignnone size-full wp-image-6223"" />",<a href=https://npb.jp/bis/eng/teams/index_c.html>Hiroshima</a>,CL
,<a href=https://npb.jp/bis/eng/players/13115153.html>Maki Shugo</a>,91,384,357,46,97,22,0,15,164,46,3,4,0,1,75,16,5,10,6,0.272,0.320,0.459,0.779,141,0.187,0.306,27.6%,19.5%,4.2%,0.21,-1.0,27,4,R,"<img src=""https://www.yakyucosmo.com/wp-content/uploads/2025/04/BayStars.jpg"" alt="""" width=""10"" height=""10"" class=""alignnone size-full wp-image-6228"" />",<a href=https://npb.jp/bis/eng/teams/index_db.html>DeNA</a>,CL
,<a href=https://npb.jp/bis/eng/players/91995134.html>Sano Keita</a>,89,364,334,24,90,15,0,7,126,41,0,0,0,2,41,26,1,2,6,0.269,0.324,0.377,0.701,118,0.108,0.288,20.3%,11.3%,7.1%,0.63,-0.3,30,3,L,"<img src=""https://www.yakyucosmo.com/wp-content/uploads/2025/04/BayStars.jpg"" alt="""" width=""10"" height=""10"" class=""alignnone size-full wp-image-6228"" />",<a href=https://npb.jp/bis/eng/teams/index_db.html>DeNA</a>,CL
,<a href=https://npb.jp/bis/eng/players/73575150.html>Cabbage Trey</a>,74,285,258,25,63,13,0,10,106,33,3,3,1,1,85,21,2,4,2,0.244,0.310,0.411,0.721,128,0.167,0.323,40.7%,29.8%,7.4%,0.25,-0.7,28,9,L,"<img src=""https://www.yakyucosmo.com/wp-content/uploads/2025/04/Giants.jpg"" alt="""" width=""10"" height=""10"" class=""alignnone size-full wp-image-6227"" />",<a href=https://npb.jp/bis/eng/teams/index_g.html>Yomiuri</a>,CL
,<a href=https://npb.jp/bis/eng/players/61165159.html>Izuguchi Yuta</a>,82,352,310,33,88,12,0,4,112,20,4,4,6,1,41,32,2,3,4,0.284,0.355,0.361,0.716,128,0.077,0.316,21.9%,11.6%,9.1%,0.78,-0.9,26,6,L,"<img src=""https://www.yakyucosmo.com/wp-content/uploads/2025/04/Giants.jpg"" alt="""" width=""10"" height=""10"" class=""alignnone size-full wp-image-6227"" />",<a href=https://npb.jp/bis/eng/teams/index_g.html>Yomiuri</a>,CL
,<a href=https://npb.jp/bis/eng/players/73375134.html>Yoshikawa Naoki</a>,90,388,343,28,93,13,3,3,121,26,7,2,2,3,55,36,0,4,6,0.271,0.345,0.353,0.698,122,0.082,0.312,24.2%,14.2%,9.3%,0.65,0.2,30,4,L,"<img src=""https://www.yakyucosmo.com/wp-content/uploads/2025/04/Giants.jpg"" alt="""" width=""10"" height=""10"" class=""alignnone size-full wp-image-6227"" />",<a href=https://npb.jp/bis/eng/teams/index_g.html>Yomiuri</a>,CL
,<a href=https://npb.jp/bis/eng/players/23525153.html>Osuna Jose</a>,86,361,326,22,87,15,0,7,123,42,2,1,0,3,41,31,6,1,8,0.267,0.330,0.377,0.707,112,0.110,0.285,21.9%,11.4%,8.6%,0.76,-0.2,32,3,R,"<img src=""https://www.yakyucosmo.com/wp-content/uploads/2025/04/Swallows.jpg"" alt="""" width=""10"" height=""10"" class=""alignnone size-full wp-image-6226"" />",<a href=https://npb.jp/bis/eng/teams/index_s.html>Yakult</a>,CL
,<a href=https://npb.jp/bis/eng/players/91895133.html>Yamada Tetsuto</a>,78,272,245,14,54,11,0,5,80,23,2,0,0,2,47,23,2,2,6,0.220,0.290,0.327,0.617,86,0.107,0.251,27.6%,17.3%,8.5%,0.49,0.2,32,4,R,"<img src=""https://www.yakyucosmo.com/wp-content/uploads/2025/04/Swallows.jpg"" alt="""" width=""10"" height=""10"" class=""alignnone size-full wp-image-6226"" />",<a href=https://npb.jp/bis/eng/teams/index_s.html>Yakult</a>,CL
,<a href=https://npb.jp/bis/eng/players/81585151.html>Okabayashi Yuki</a>,91,406,365,46,105,18,5,3,142,22,14,3,2,2,38,36,7,1,1,0.288,0.351,0.389,0.740,143,0.101,0.313,19.0%,9.4%,8.9%,0.95,1.1,23,8,L,"<img src=""https://www.yakyucosmo.com/wp-content/uploads/2025/04/Dragons.jpg"" alt="""" width=""10"" height=""10"" class=""alignnone size-full wp-image-6225"" />",<a href=https://npb.jp/bis/eng/teams/index_d.html>Chunichi</a>,CL
,<a href=https://npb.jp/bis/eng/players/91395139.html>Uebayashi Seiji</a>,89,343,320,32,84,12,3,11,135,33,19,4,4,1,63,16,7,2,0,0.263,0.301,0.422,0.723,136,0.159,0.296,26.2%,18.4%,4.7%,0.25,1.7,29,9,L,"<img src=""https://www.yakyucosmo.com/wp-content/uploads/2025/04/Dragons.jpg"" alt="""" width=""10"" height=""10"" class=""alignnone size-full wp-image-6225"" />",<a href=https://npb.jp/bis/eng/teams/index_d.html>Chunichi</a>,CL
,<a href=https://npb.jp/bis/eng/players/91995151.html>Kurebayashi Kotaro</a>,75,296,268,18,64,10,1,5,91,28,0,2,0,4,37,21,2,3,6,0.239,0.297,0.340,0.637,102,0.101,0.257,21.3%,12.5%,7.1%,0.57,-0.9,23,6,R,"<img src=""https://www.yakyucosmo.com/wp-content/uploads/2025/04/Buffaloes.jpg"" alt="""" width=""10"" height=""10"" class=""alignnone size-full wp-image-6222"" />",<a href=https://npb.jp/bis/eng/teams/index_b.html>ORIX</a>,PL
,<a href=https://npb.jp/bis/eng/players/51255138.html>Nakagawa Keita</a>,76,292,272,37,73,17,1,8,116,41,7,2,3,2,37,15,1,0,7,0.268,0.304,0.426,0.730,130,0.158,0.284,20.5%,12.7%,5.1%,0.41,0.4,29,8,R,"<img src=""https://www.yakyucosmo.com/wp-content/uploads/2025/04/Buffaloes.jpg"" alt="""" width=""10"" height=""10"" class=""alignnone size-full wp-image-6222"" />",<a href=https://npb.jp/bis/eng/teams/index_b.html>ORIX</a>,PL
,<a href=https://npb.jp/bis/eng/players/71475132.html>Nishikawa Ryoma</a>,69,293,277,26,87,20,1,4,121,31,4,1,4,1,42,9,1,2,4,0.314,0.339,0.437,0.776,146,0.123,0.358,18.8%,14.3%,3.1%,0.21,0.1,30,7,L,"<img src=""https://www.yakyucosmo.com/wp-content/uploads/2025/04/Buffaloes.jpg"" alt="""" width=""10"" height=""10"" class=""alignnone size-full wp-image-6222"" />",<a href=https://npb.jp/bis/eng/teams/index_b.html>ORIX</a>,PL
,<a href=https://npb.jp/bis/eng/players/91395138.html>Ohta Ryo</a>,67,302,271,25,80,7,0,5,102,29,0,2,5,1,62,22,3,3,6,0.295,0.354,0.376,0.730,132,0.081,0.366,29.5%,20.5%,7.3%,0.35,-0.9,24,4,R,"<img src=""https://www.yakyucosmo.com/wp-content/uploads/2025/04/Buffaloes.jpg"" alt="""" width=""10"" height=""10"" class=""alignnone size-full wp-image-6222"" />",<a href=https://npb.jp/bis/eng/teams/index_b.html>ORIX</a>,PL
,<a href=https://npb.jp/bis/eng/players/61965132.html>Sugimoto Yutaro</a>,78,303,265,30,74,13,1,9,116,35,1,0,0,6,77,27,0,5,6,0.279,0.350,0.438,0.788,150,0.159,0.351,37.3%,25.4%,8.9%,0.35,-0.1,34,9,R,"<img src=""https://www.yakyucosmo.com/wp-content/uploads/2025/04/Buffaloes.jpg"" alt="""" width=""10"" height=""10"" class=""alignnone size-full wp-image-6222"" />",<a href=https://npb.jp/bis/eng/teams/index_b.html>ORIX</a>,PL
,<a href=https://npb.jp/bis/eng/players/81085138.html>Tongu Yuma</a>,84,350,309,24,77,15,0,8,116,37,1,0,0,4,50,34,2,3,7,0.249,0.326,0.375,0.701,122,0.126,0.271,26.3%,14.3%,9.7%,0.68,-0.1,28,3,R,"<img src=""https://www.yakyucosmo.com/wp-content/uploads/2025/04/Buffaloes.jpg"" alt="""" width=""10"" height=""10"" class=""alignnone size-full wp-image-6222"" />",<a href=https://npb.jp/bis/eng/teams/index_b.html>ORIX</a>,PL
,<a href=https://npb.jp/bis/eng/players/41645136.html>Fujioka Yudai</a>,72,279,241,20,59,14,1,3,84,14,0,0,5,3,52,30,1,0,7,0.245,0.325,0.349,0.674,109,0.104,0.296,30.5%,18.6%,10.8%,0.58,-0.2,31,4,L,"<img src=""https://www.yakyucosmo.com/wp-content/uploads/2025/04/Marines.jpg"" alt="""" width=""10"" height=""10"" class=""alignnone size-full wp-image-6240"" />",<a href=https://npb.jp/bis/eng/teams/index_m.html>Lotte</a>,PL
,<a href=https://npb.jp/bis/eng/players/31635138.html>Fujiwara Kyota</a>,79,329,297,26,83,7,4,3,107,20,11,4,3,0,55,24,2,5,3,0.279,0.344,0.360,0.704,118,0.081,0.335,24.9%,16.7%,7.3%,0.44,0.3,25,8,L,"<img src=""https://www.yakyucosmo.com/wp-content/uploads/2025/04/Marines.jpg"" alt="""" width=""10"" height=""10"" class=""alignnone size-full wp-image-6240"" />",<a href=https://npb.jp/bis/eng/teams/index_m.html>Lotte</a>,PL
,<a href=https://npb.jp/bis/eng/players/51455159.html>Terachi Ryusei</a>,72,279,262,24,70,10,0,5,95,22,0,0,1,1,42,9,1,6,5,0.267,0.306,0.363,0.669,107,0.096,0.301,20.1%,15.1%,3.2%,0.21,-0.2,19,2,L,"<img src=""https://www.yakyucosmo.com/wp-content/uploads/2025/04/Marines.jpg"" alt="""" width=""10"" height=""10"" class=""alignnone size-full wp-image-6240"" />",<a href=https://npb.jp/bis/eng/teams/index_m.html>Lotte</a>,PL
,<a href=https://npb.jp/bis/eng/players/33535153.html>Yamamoto Daito</a>,70,275,259,29,53,9,0,10,92,25,1,0,0,0,74,13,0,3,8,0.205,0.251,0.355,0.606,86,0.150,0.246,35.3%,26.9%,4.7%,0.18,0.0,22,9,R,"<img src=""https://www.yakyucosmo.com/wp-content/uploads/2025/04/Marines.jpg"" alt="""" width=""10"" height=""10"" class=""alignnone size-full wp-image-6240"" />",<a href=https://npb.jp/bis/eng/teams/index_m.html>Lotte</a>,PL
,<a href=https://npb.jp/bis/eng/players/11215116.html>Nakamura Akira</a>,76,312,272,24,66,5,2,1,78,22,1,2,4,3,30,32,1,1,5,0.243,0.321,0.287,0.608,90,0.044,0.266,20.2%,9.6%,10.3%,1.07,-0.7,35,3,L,"<img src=""https://www.yakyucosmo.com/wp-content/uploads/2025/04/Hawks.jpg"" alt="""" width=""10"" height=""10"" class=""alignnone size-full wp-image-6220"" /> ",<a href=https://npb.jp/bis/eng/teams/index_h.html>SoftBank</a>,PL
,<a href=https://npb.jp/bis/eng/players/21925136.html>Shuto Ukyo</a>,66,294,265,35,80,11,2,3,104,28,26,3,1,0,47,25,2,3,5,0.302,0.369,0.392,0.761,136,0.090,0.358,25.5%,16.0%,8.5%,0.53,3.2,29,8,L,"<img src=""https://www.yakyucosmo.com/wp-content/uploads/2025/04/Hawks.jpg"" alt="""" width=""10"" height=""10"" class=""alignnone size-full wp-image-6220"" /> ",<a href=https://npb.jp/bis/eng/teams/index_h.html>SoftBank</a>,PL
,<a href=https://npb.jp/bis/eng/players/21425139.html>Yamakawa Hotaka</a>,81,314,284,31,60,6,0,16,114,45,0,0,0,3,82,24,3,3,5,0.211,0.277,0.401,0.678,109,0.190,0.233,38.9%,26.1%,7.6%,0.29,-0.2,33,DH,R,"<img src=""https://www.yakyucosmo.com/wp-content/uploads/2025/04/Hawks.jpg"" alt="""" width=""10"" height=""10"" class=""alignnone size-full wp-image-6220"" /> ",<a href=https://npb.jp/bis/eng/teams/index_h.html>SoftBank</a>,PL
,<a href=https://npb.jp/bis/eng/players/73175151.html>Yanagimachi Tatsuru</a>,80,314,266,29,79,10,1,3,100,28,2,2,3,0,67,41,1,4,6,0.297,0.399,0.376,0.775,141,0.079,0.388,35.4%,21.3%,13.1%,0.61,-0.6,28,9,L,"<img src=""https://www.yakyucosmo.com/wp-content/uploads/2025/04/Hawks.jpg"" alt="""" width=""10"" height=""10"" class=""alignnone size-full wp-image-6220"" /> ",<a href=https://npb.jp/bis/eng/teams/index_h.html>SoftBank</a>,PL
,<a href=https://npb.jp/bis/eng/players/51155118.html>Asamura Hideto</a>,72,294,246,20,59,10,1,5,86,24,1,0,0,1,63,42,4,5,8,0.240,0.361,0.350,0.711,132,0.110,0.302,37.4%,21.4%,14.3%,0.67,-0.1,34,3,R,"<img src=""https://www.yakyucosmo.com/wp-content/uploads/2025/04/Eagles.jpg"" alt="""" width=""10"" height=""10"" class=""alignnone size-full wp-image-6218"" />",<a href=https://npb.jp/bis/eng/teams/index_e.html>Rakuten</a>,PL
,<a href=https://npb.jp/bis/eng/players/61965151.html>Kobukata Hiroto</a>,86,314,265,25,61,5,1,1,71,13,25,5,11,1,56,36,0,1,1,0.230,0.323,0.268,0.591,93,0.038,0.287,29.6%,17.8%,11.5%,0.64,2.3,29,4,L,"<img src=""https://www.yakyucosmo.com/wp-content/uploads/2025/04/Eagles.jpg"" alt="""" width=""10"" height=""10"" class=""alignnone size-full wp-image-6218"" />",<a href=https://npb.jp/bis/eng/teams/index_e.html>Rakuten</a>,PL
,<a href=https://npb.jp/bis/eng/players/53155150.html>Muneyama Rui</a>,79,316,297,16,77,15,3,3,107,23,4,0,0,7,53,11,2,1,5,0.259,0.282,0.360,0.642,107,0.101,0.298,21.2%,16.8%,3.5%,0.21,0.5,22,6,L,"<img src=""https://www.yakyucosmo.com/wp-content/uploads/2025/04/Eagles.jpg"" alt="""" width=""10"" height=""10"" class=""alignnone size-full wp-image-6218"" />",<a href=https://npb.jp/bis/eng/teams/index_e.html>Rakuten</a>,PL
,<a href=https://npb.jp/bis/eng/players/41845132.html>Murabayashi Itsuki</a>,85,338,314,21,98,7,0,3,114,31,4,2,3,2,60,16,2,3,7,0.312,0.349,0.363,0.712,132,0.051,0.375,23.4%,17.8%,4.7%,0.27,-0.3,27,5,R,"<img src=""https://www.yakyucosmo.com/wp-content/uploads/2025/04/Eagles.jpg"" alt="""" width=""10"" height=""10"" class=""alignnone size-full wp-image-6218"" />",<a href=https://npb.jp/bis/eng/teams/index_e.html>Rakuten</a>,PL
,<a href=https://npb.jp/bis/eng/players/11015138.html>Tatsumi Ryosuke</a>,75,283,254,21,63,9,2,4,88,22,15,0,0,4,63,18,0,7,8,0.248,0.311,0.346,0.657,113,0.098,0.309,30.0%,22.3%,6.4%,0.29,2.3,28,8,L,"<img src=""https://www.yakyucosmo.com/wp-content/uploads/2025/04/Eagles.jpg"" alt="""" width=""10"" height=""10"" class=""alignnone size-full wp-image-6218"" />",<a href=https://npb.jp/bis/eng/teams/index_e.html>Rakuten</a>,PL
,<a href=https://npb.jp/bis/eng/players/81685153.html>Hasegawa Shinya</a>,89,336,299,34,66,13,3,6,103,29,5,2,5,4,43,25,1,3,6,0.221,0.284,0.344,0.628,97,0.123,0.236,22.0%,12.8%,7.4%,0.58,-0.0,23,9,R,"<img src=""https://www.yakyucosmo.com/wp-content/uploads/2025/04/Lions.jpg"" alt="""" width=""10"" height=""10"" class=""alignnone size-full wp-image-6219"" />",<a href=https://npb.jp/bis/eng/teams/index_l.html>Seibu</a>,PL
,<a href=https://npb.jp/bis/eng/players/53755150.html>Nevin Tyler</a>,91,377,335,30,99,21,0,10,150,41,2,1,0,4,49,30,3,8,7,0.296,0.363,0.448,0.811,154,0.152,0.318,23.6%,13.0%,8.0%,0.61,-0.3,28,3,R,"<img src=""https://www.yakyucosmo.com/wp-content/uploads/2025/04/Lions.jpg"" alt="""" width=""10"" height=""10"" class=""alignnone size-full wp-image-6219"" />",<a href=https://npb.jp/bis/eng/teams/index_l.html>Seibu</a>,PL
,<a href=https://npb.jp/bis/eng/players/51455136.html>Nishikawa Manaya</a>,91,404,369,42,97,18,1,5,132,20,18,5,2,2,53,26,1,5,3,0.263,0.318,0.358,0.676,112,0.095,0.294,20.8%,13.1%,6.4%,0.49,1.1,26,8,L,"<img src=""https://www.yakyucosmo.com/wp-content/uploads/2025/04/Lions.jpg"" alt="""" width=""10"" height=""10"" class=""alignnone size-full wp-image-6219"" />",<a href=https://npb.jp/bis/eng/teams/index_l.html>Seibu</a>,PL
,<a href=https://npb.jp/bis/eng/players/41545136.html>Kiyomiya Kotaro</a>,88,372,341,40,91,18,0,8,133,39,5,1,0,3,49,27,0,1,5,0.267,0.320,0.390,0.710,117,0.123,0.289,22.6%,13.2%,7.3%,0.55,0.3,26,5,L,"<img src=""https://www.yakyucosmo.com/wp-content/uploads/2025/04/Fighters.jpg"" alt="""" width=""10"" height=""10"" class=""alignnone size-full wp-image-6217"" />",<a href=https://npb.jp/bis/eng/teams/index_f.html>Nipponham</a>,PL
,<a href=https://npb.jp/bis/eng/players/11815138.html>Mannami Chusei</a>,88,339,306,35,70,20,1,16,140,40,1,1,0,0,90,32,6,1,5,0.229,0.304,0.458,0.762,131,0.229,0.270,40.7%,26.5%,9.4%,0.36,-0.3,25,9,R,"<img src=""https://www.yakyucosmo.com/wp-content/uploads/2025/04/Fighters.jpg"" alt="""" width=""10"" height=""10"" class=""alignnone size-full wp-image-6217"" />",<a href=https://npb.jp/bis/eng/teams/index_f.html>Nipponham</a>,PL
,<a href=https://npb.jp/bis/eng/players/73075159.html>Reyes Franmil</a>,85,349,313,40,89,13,0,20,162,59,0,0,0,1,81,35,2,0,6,0.284,0.355,0.518,0.873,164,0.234,0.324,39.0%,23.2%,10.0%,0.43,-0.3,29,DH,R,"<img src=""https://www.yakyucosmo.com/wp-content/uploads/2025/04/Fighters.jpg"" alt="""" width=""10"" height=""10"" class=""alignnone size-full wp-image-6217"" />",<a href=https://npb.jp/bis/eng/teams/index_f.html>Nipponham</a>,PL
