#,,Team,G,W,L,T,PCT,GB,RS,RA,Diff,XPCT,Home,Road,vs S,vs G,vs T,vs C,vs DB,vs D
,"<img src=""https://www.yakyucosmo.com/wp-content/uploads/2025/04/Swallows.jpg"" alt="""" width=""10"" height=""10"" class=""alignnone size-full wp-image-6226"" />",<a href=https://npb.jp/bis/eng/teams/index_s.html>Yakult Swallows</a>,10,5,4,1,0.556,--,27,35,-8,0.383,3-1(1),2-3,--,0-3,2-0,2-0,--,1-1(1)
,"<img src=""https://www.yakyucosmo.com/wp-content/uploads/2025/04/Giants.jpg"" alt="""" width=""10"" height=""10"" class=""alignnone size-full wp-image-6227"" />",<a href=https://npb.jp/bis/eng/teams/index_g.html>Yomiuri Giants</a>,12,6,5,1,0.545,0.0,47,41,6,0.562,3-3,3-2(1),3-0,--,0-3,0-1,1-0(1),2-1
,"<img src=""https://www.yakyucosmo.com/wp-content/uploads/2025/04/Tigers.jpg"" alt="""" width=""10"" height=""10"" class=""alignnone size-full wp-image-6224"" />",<a href=https://npb.jp/bis/eng/teams/index_t.html>Hanshin Tigers</a>,12,6,5,1,0.545,0.0,37,36,1,0.513,1-4(1),5-1,0-2,3-0,--,2-1,0-2(1),1-0
,"<img src=""https://www.yakyucosmo.com/wp-content/uploads/2025/04/Carp.jpg"" alt="""" width=""10"" height=""10"" class=""alignnone size-full wp-image-6223"" />",<a href=https://npb.jp/bis/eng/teams/index_c.html>Hiroshima Carp</a>,12,6,5,1,0.545,0.0,47,38,9,0.596,5-2,1-3(1),0-2,1-0,1-2,--,3-0,1-1(1)
,"<img src=""https://www.yakyucosmo.com/wp-content/uploads/2025/04/BayStars.jpg"" alt="""" width=""10"" height=""10"" class=""alignnone size-full wp-image-6228"" />",<a href=https://npb.jp/bis/eng/teams/index_db.html>DeNA BayStars</a>,11,4,5,2,0.444,1.0,46,43,3,0.531,2-2(1),2-3(1),--,0-1(1),2-0(1),0-3,--,2-1
,"<img src=""https://www.yakyucosmo.com/wp-content/uploads/2025/04/Dragons.jpg"" alt="""" width=""10"" height=""10"" class=""alignnone size-full wp-image-6225"" />",<a href=https://npb.jp/bis/eng/teams/index_d.html>Chunichi Dragons</a>,13,4,7,2,0.364,2.0,23,34,-11,0.328,2-3(1),2-4(1),1-1(1),1-2,0-1,1-1(1),1-2,--
