#,,Team,G,W,L,T,PCT,GB,RS,RA,Diff,XPCT,Home,Road,vs T,vs G,vs DB,vs D,vs C,vs S,Inter
,"<img src=""https://www.yakyucosmo.com/wp-content/uploads/2025/04/Tigers.jpg"" alt="""" width=""10"" height=""10"" class=""alignnone size-full wp-image-6224"" />",<a href=https://npb.jp/bis/eng/teams/index_t.html>Hanshin Tigers</a>,93,56,35,2,0.615,--,316,201,115,0.696,27-19(1),29-16(1),--,13-5,10-4(2),5-7,12-4,8-5,8-10
,"<img src=""https://www.yakyucosmo.com/wp-content/uploads/2025/04/Giants.jpg"" alt="""" width=""10"" height=""10"" class=""alignnone size-full wp-image-6227"" />",<a href=https://npb.jp/bis/eng/teams/index_g.html>Yomiuri Giants</a>,92,44,45,3,0.494,11.0,260,269,-9,0.484,28-16(1),16-29(2),5-13,--,9-3(1),8-6,7-8(1),9-4,6-11(1)
,"<img src=""https://www.yakyucosmo.com/wp-content/uploads/2025/04/BayStars.jpg"" alt="""" width=""10"" height=""10"" class=""alignnone size-full wp-image-6228"" />",<a href=https://npb.jp/bis/eng/teams/index_db.html>DeNA BayStars</a>,91,41,45,5,0.477,12.5,267,265,2,0.503,23-19(2),18-26(3),4-10(2),3-9(1),--,11-6,7-6(1),9-3(1),7-11
,"<img src=""https://www.yakyucosmo.com/wp-content/uploads/2025/04/Dragons.jpg"" alt="""" width=""10"" height=""10"" class=""alignnone size-full wp-image-6225"" />",<a href=https://npb.jp/bis/eng/teams/index_d.html>Chunichi Dragons</a>,91,41,48,2,0.461,14.0,239,274,-35,0.438,26-20(1),15-28(1),7-5,6-8,6-11,--,7-6(1),7-8(1),8-10
,"<img src=""https://www.yakyucosmo.com/wp-content/uploads/2025/04/Carp.jpg"" alt="""" width=""10"" height=""10"" class=""alignnone size-full wp-image-6223"" />",<a href=https://npb.jp/bis/eng/teams/index_c.html>Hiroshima Carp</a>,91,38,48,5,0.442,15.5,271,287,-16,0.474,24-18(3),14-30(2),4-12,8-7(1),6-7(1),6-7(1),--,5-6(2),9-9
,"<img src=""https://www.yakyucosmo.com/wp-content/uploads/2025/04/Swallows.jpg"" alt="""" width=""10"" height=""10"" class=""alignnone size-full wp-image-6226"" />",<a href=https://npb.jp/bis/eng/teams/index_s.html>Yakult Swallows</a>,86,31,50,5,0.383,20.0,241,335,-94,0.354,19-22(3),12-28(2),5-8,4-9,3-9(1),8-7(1),6-5(2),--,5-12(1)
