Rank,Player,G,PA,AB,R,H,2B,3B,HR,TB,RBI,SB,CS,SH,SF,SO,BB,IBB,HP,GDP,AVG,OBP,SLG,OPS,OPS+,ISO,BABIP,TTO%,K%,BB%,BB/K,Age,Pos,B,Team,League
,<a href=https://npb.jp/bis/eng/players/71075138.html>Chikamoto Koji</a>,1,5,4,1,3,1,0,0,4,0,0,0,0,0,0,1,0,0,0,0.750,0.800,1.000,1.800,505,0.250,0.750,20.0%,0.0%,20.0%,1.00,30,8,L,<a href=https://npb.jp/bis/eng/teams/index_t.html>Hanshin</a>,CL
,<a href=https://npb.jp/bis/eng/players/31735138.html>Kinami Seiya</a>,1,4,4,0,0,0,0,0,0,0,0,0,0,0,0,0,0,0,0,0.000,0.000,0.000,0.000,-103,0.000,0.000,0.0%,0.0%,0.0%,,31,6,L,<a href=https://npb.jp/bis/eng/teams/index_t.html>Hanshin</a>,CL
,<a href=https://npb.jp/bis/eng/players/21825155.html>Maegawa Ukyo</a>,1,4,4,0,1,0,0,0,1,1,0,0,0,0,0,0,0,0,0,0.250,0.250,0.250,0.500,68,0.000,0.250,0.0%,0.0%,0.0%,,22,7,L,<a href=https://npb.jp/bis/eng/teams/index_t.html>Hanshin</a>,CL
,<a href=https://npb.jp/bis/eng/players/43145157.html>Morishita Shota</a>,1,4,3,1,1,0,0,0,1,0,0,0,0,0,0,1,0,0,0,0.333,0.500,0.333,0.833,188,0.000,0.333,25.0%,0.0%,25.0%,1.00,24,9,R,<a href=https://npb.jp/bis/eng/teams/index_t.html>Hanshin</a>,CL
,<a href=https://npb.jp/bis/eng/players/13315153.html>Murakami Shoki</a>,1,4,4,0,0,0,0,0,0,0,0,0,0,0,4,0,0,0,0,0.000,0.000,0.000,0.000,-103,0.000,,100.0%,100.0%,0.0%,0.00,27,1,L,<a href=https://npb.jp/bis/eng/teams/index_t.html>Hanshin</a>,CL
,<a href=https://npb.jp/bis/eng/players/41445153.html>Nakano Takumu</a>,1,5,4,1,0,0,0,0,0,0,0,0,0,0,2,1,0,0,0,0.000,0.200,0.000,0.200,-28,0.000,0.000,60.0%,40.0%,20.0%,0.50,29,4,L,<a href=https://npb.jp/bis/eng/teams/index_t.html>Hanshin</a>,CL
,<a href=https://npb.jp/bis/eng/players/21325134.html>Ohyama Yusuke</a>,1,4,4,0,1,0,0,0,1,1,0,0,0,0,0,0,0,0,1,0.250,0.250,0.250,0.500,68,0.000,0.250,0.0%,0.0%,0.0%,,30,3,R,<a href=https://npb.jp/bis/eng/teams/index_t.html>Hanshin</a>,CL
,<a href=https://npb.jp/bis/eng/players/11915132.html>Sakamoto Seishiro</a>,1,4,3,0,1,0,0,0,1,0,0,0,0,0,1,1,0,0,0,0.333,0.500,0.333,0.833,188,0.000,0.500,50.0%,25.0%,25.0%,1.00,31,2,R,<a href=https://npb.jp/bis/eng/teams/index_t.html>Hanshin</a>,CL
,<a href=https://npb.jp/bis/eng/players/41045153.html>Sato Teruaki</a>,1,4,4,1,1,0,0,1,4,2,0,0,0,0,2,0,0,0,0,0.250,0.250,1.000,1.250,299,0.750,0.000,75.0%,50.0%,0.0%,0.00,26,5,L,<a href=https://npb.jp/bis/eng/teams/index_t.html>Hanshin</a>,CL
,<a href=https://npb.jp/bis/eng/players/31135114.html>Aizawa Tsubasa</a>,1,2,2,0,0,0,0,0,0,0,0,0,0,0,0,0,0,0,0,0.000,0.000,0.000,0.000,-99,0.000,0.000,0.0%,0.0%,0.0%,,37,2,R,<a href=https://npb.jp/bis/eng/teams/index_c.html>Hiroshima</a>,CL
,<a href=https://npb.jp/bis/eng/players/31135133.html>Akiyama Shogo</a>,1,4,4,0,1,0,0,0,1,0,0,0,0,0,2,0,0,0,0,0.250,0.250,0.250,0.500,65,0.000,0.500,50.0%,50.0%,0.0%,0.00,37,8,L,<a href=https://npb.jp/bis/eng/teams/index_c.html>Hiroshima</a>,CL
,<a href=https://npb.jp/bis/eng/players/43745150.html>Fabian Sandro</a>,1,3,3,0,0,0,0,0,0,0,0,0,0,0,1,0,0,0,0,0.000,0.000,0.000,0.000,-99,0.000,0.000,33.3%,33.3%,0.0%,0.00,27,,R,<a href=https://npb.jp/bis/eng/teams/index_c.html>Hiroshima</a>,CL
,<a href=https://npb.jp/bis/eng/players/91895153.html>Futamata Shoichi</a>,1,4,4,0,0,0,0,0,0,0,0,0,0,0,1,0,0,0,0,0.000,0.000,0.000,0.000,-99,0.000,0.000,25.0%,25.0%,0.0%,0.00,22,UTL,R,<a href=https://npb.jp/bis/eng/teams/index_c.html>Hiroshima</a>,CL
,<a href=https://npb.jp/bis/eng/players/61565135.html>Kikuchi Ryosuke</a>,1,3,3,0,1,1,0,0,2,0,0,0,0,0,2,0,0,0,0,0.333,0.333,0.667,1.000,219,0.334,1.000,66.7%,66.7%,0.0%,0.00,35,4,R,<a href=https://npb.jp/bis/eng/teams/index_c.html>Hiroshima</a>,CL
,<a href=https://npb.jp/bis/eng/players/01705138.html>Kozono Kaito</a>,1,4,4,0,1,0,0,0,1,0,0,0,0,0,0,0,0,0,0,0.250,0.250,0.250,0.500,65,0.000,0.250,0.0%,0.0%,0.0%,,25,5,L,<a href=https://npb.jp/bis/eng/teams/index_c.html>Hiroshima</a>,CL
,<a href=https://npb.jp/bis/eng/players/53955150.html>Montero Elehuris</a>,1,4,4,0,0,0,0,0,0,0,0,0,0,0,1,0,0,0,0,0.000,0.000,0.000,0.000,-99,0.000,0.000,25.0%,25.0%,0.0%,0.00,26,,R,<a href=https://npb.jp/bis/eng/teams/index_c.html>Hiroshima</a>,CL
,<a href=https://npb.jp/bis/eng/players/53155151.html>Morishita Masato</a>,1,2,1,0,0,0,0,0,0,0,0,0,1,0,1,0,0,0,0,0.000,0.000,0.000,0.000,-99,0.000,,50.0%,50.0%,0.0%,0.00,27,1,R,<a href=https://npb.jp/bis/eng/teams/index_c.html>Hiroshima</a>,CL
,<a href=https://npb.jp/bis/eng/players/01405130.html>Noma Takayoshi</a>,1,1,1,0,0,0,0,0,0,0,0,0,0,0,0,0,0,0,0,0.000,0.000,0.000,0.000,-99,0.000,0.000,0.0%,0.0%,0.0%,,32,9,L,<a href=https://npb.jp/bis/eng/teams/index_c.html>Hiroshima</a>,CL
,<a href=https://npb.jp/bis/eng/players/61265155.html>Tamura Shunsuke</a>,1,1,1,0,0,0,0,0,0,0,0,0,0,0,0,0,0,0,0,0.000,0.000,0.000,0.000,-99,0.000,0.000,0.0%,0.0%,0.0%,,21,9,L,<a href=https://npb.jp/bis/eng/teams/index_c.html>Hiroshima</a>,CL
,<a href=https://npb.jp/bis/eng/players/93395153.html>Yano Masaya</a>,1,4,3,0,1,0,0,0,1,0,0,0,0,0,0,1,0,0,0,0.333,0.500,0.333,0.833,180,0.000,0.333,25.0%,0.0%,25.0%,1.00,26,6,L,<a href=https://npb.jp/bis/eng/teams/index_c.html>Hiroshima</a>,CL
,<a href=https://npb.jp/bis/eng/players/73375151.html>Austin Tyler</a>,1,4,3,1,1,1,0,0,2,1,0,0,0,0,1,1,0,0,0,0.333,0.500,0.667,1.167,275,0.334,0.500,50.0%,25.0%,25.0%,1.00,33,3,R,<a href=https://npb.jp/bis/eng/teams/index_db.html>DeNA</a>,CL
,<a href=https://npb.jp/bis/eng/players/51155136.html>Azuma Katsuki</a>,1,2,1,0,0,0,0,0,0,0,0,0,1,0,0,0,0,0,0,0.000,0.000,0.000,0.000,-98,0.000,0.000,0.0%,0.0%,0.0%,,29,1,L,<a href=https://npb.jp/bis/eng/teams/index_db.html>DeNA</a>,CL
,<a href=https://npb.jp/bis/eng/players/51555151.html>Ebina Tatsuo</a>,1,4,3,0,0,0,0,0,0,0,0,0,0,0,1,0,0,1,1,0.000,0.250,0.000,0.250,-9,0.000,0.000,25.0%,25.0%,0.0%,0.00,27,8,R,<a href=https://npb.jp/bis/eng/teams/index_db.html>DeNA</a>,CL
,<a href=https://npb.jp/bis/eng/players/51555155.html>Kajiwara Kouki</a>,1,4,4,0,1,0,0,0,1,1,0,0,0,0,1,0,0,0,0,0.250,0.250,0.250,0.500,65,0.000,0.333,25.0%,25.0%,0.0%,0.00,25,9,L,<a href=https://npb.jp/bis/eng/teams/index_db.html>DeNA</a>,CL
,<a href=https://npb.jp/bis/eng/players/13115153.html>Maki Shugo</a>,1,4,4,1,1,0,0,0,1,0,0,0,0,0,0,0,0,0,0,0.250,0.250,0.250,0.500,65,0.000,0.250,0.0%,0.0%,0.0%,,27,4,R,<a href=https://npb.jp/bis/eng/teams/index_db.html>DeNA</a>,CL
,<a href=https://npb.jp/bis/eng/players/33135134.html>Mimori Masaki</a>,1,1,1,0,1,0,0,0,1,0,1,0,0,0,0,0,0,0,0,1.000,1.000,1.000,2.000,552,0.000,1.000,0.0%,0.0%,0.0%,,26,4,L,<a href=https://npb.jp/bis/eng/teams/index_db.html>DeNA</a>,CL
,<a href=https://npb.jp/bis/eng/players/51455137.html>Miyazaki Toshiro</a>,1,4,3,1,2,0,0,0,2,1,0,0,0,0,0,1,0,0,0,0.667,0.750,0.667,1.417,365,0.000,0.667,25.0%,0.0%,25.0%,1.00,36,5,R,<a href=https://npb.jp/bis/eng/teams/index_db.html>DeNA</a>,CL
,<a href=https://npb.jp/bis/eng/players/33135151.html>Mori Keito</a>,1,3,3,1,2,0,0,0,2,1,0,0,0,0,0,0,0,0,0,0.667,0.667,0.667,1.334,335,0.000,0.667,0.0%,0.0%,0.0%,,23,6,L,<a href=https://npb.jp/bis/eng/teams/index_db.html>DeNA</a>,CL
,<a href=https://npb.jp/bis/eng/players/41945131.html>Tsutsugoh Yoshitomo</a>,1,4,4,1,1,1,0,0,2,0,0,0,0,0,0,0,0,0,0,0.250,0.250,0.500,0.750,138,0.250,0.250,0.0%,0.0%,0.0%,,33,9,L,<a href=https://npb.jp/bis/eng/teams/index_db.html>DeNA</a>,CL
,<a href=https://npb.jp/bis/eng/players/23125136.html>Yamamoto Yuudai</a>,1,3,2,0,0,0,0,0,0,1,0,0,0,1,0,0,0,0,1,0.000,0.000,0.000,0.000,-98,0.000,0.000,0.0%,0.0%,0.0%,,26,2,R,<a href=https://npb.jp/bis/eng/teams/index_db.html>DeNA</a>,CL
,<a href=https://npb.jp/bis/eng/players/73575150.html>Cabbage Trey</a>,1,5,4,1,3,2,0,1,8,2,0,0,0,0,0,0,0,1,0,0.750,0.800,2.000,2.800,798,1.250,0.667,20.0%,0.0%,0.0%,,28,,L,<a href=https://npb.jp/bis/eng/teams/index_g.html>Yomiuri</a>,CL
,<a href=https://npb.jp/bis/eng/players/91995131.html>Chono Hisayoshi</a>,1,1,1,0,1,0,0,0,1,0,0,0,0,0,0,0,0,0,0,1.000,1.000,1.000,2.000,569,0.000,1.000,0.0%,0.0%,0.0%,,40,7,R,<a href=https://npb.jp/bis/eng/teams/index_g.html>Yomiuri</a>,CL
,<a href=https://npb.jp/bis/eng/players/33235159.html>Hernandez Elier</a>,1,5,5,0,2,0,0,0,2,0,0,0,0,0,0,0,0,0,0,0.400,0.400,0.400,0.800,167,0.000,0.400,0.0%,0.0%,0.0%,,30,8,R,<a href=https://npb.jp/bis/eng/teams/index_g.html>Yomiuri</a>,CL
,<a href=https://npb.jp/bis/eng/players/11515157.html>Kadowaki Makoto</a>,1,5,4,0,1,0,0,0,1,0,0,0,1,0,2,0,0,0,0,0.250,0.250,0.250,0.500,67,0.000,0.500,40.0%,40.0%,0.0%,0.00,24,6,L,<a href=https://npb.jp/bis/eng/teams/index_g.html>Yomiuri</a>,CL
,<a href=https://npb.jp/bis/eng/players/91595133.html>Kai Takuya</a>,1,5,5,1,3,0,0,0,3,0,0,0,0,0,0,0,0,0,0,0.600,0.600,0.600,1.200,301,0.000,0.600,0.0%,0.0%,0.0%,,32,2,R,<a href=https://npb.jp/bis/eng/teams/index_g.html>Yomiuri</a>,CL
,<a href=https://npb.jp/bis/eng/players/21325136.html>Ohshiro Takumi</a>,1,1,1,0,0,0,0,0,0,0,0,0,0,0,1,0,0,0,0,0.000,0.000,0.000,0.000,-101,0.000,,100.0%,100.0%,0.0%,0.00,32,2,L,<a href=https://npb.jp/bis/eng/teams/index_g.html>Yomiuri</a>,CL
,<a href=https://npb.jp/bis/eng/players/11515130.html>Okamoto Kazuma</a>,1,5,5,0,1,0,0,0,1,0,0,0,0,0,1,0,0,0,0,0.200,0.200,0.200,0.400,33,0.000,0.250,20.0%,20.0%,0.0%,0.00,29,3,R,<a href=https://npb.jp/bis/eng/teams/index_g.html>Yomiuri</a>,CL
,<a href=https://npb.jp/bis/eng/players/01505132.html>Okoye Louis</a>,1,1,1,0,0,0,0,0,0,0,0,0,0,0,0,0,0,0,0,0.000,0.000,0.000,0.000,-101,0.000,0.000,0.0%,0.0%,0.0%,,27,8,R,<a href=https://npb.jp/bis/eng/teams/index_g.html>Yomiuri</a>,CL
,<a href=https://npb.jp/bis/eng/players/51955114.html>Sakamoto Hayato</a>,1,5,5,0,0,0,0,0,0,0,0,0,0,0,0,0,0,0,2,0.000,0.000,0.000,0.000,-101,0.000,0.000,0.0%,0.0%,0.0%,,36,5,R,<a href=https://npb.jp/bis/eng/teams/index_g.html>Yomiuri</a>,CL
,<a href=https://npb.jp/bis/eng/players/41045138.html>Togo Shosei</a>,1,1,1,0,1,0,0,0,1,0,0,0,0,0,0,0,0,0,0,1.000,1.000,1.000,2.000,569,0.000,1.000,0.0%,0.0%,0.0%,,25,1,R,<a href=https://npb.jp/bis/eng/teams/index_g.html>Yomiuri</a>,CL
,<a href=https://npb.jp/bis/eng/players/81385150.html>Urata Shunsuke</a>,1,1,1,0,0,0,0,0,0,0,0,0,0,0,0,0,0,0,0,0.000,0.000,0.000,0.000,-101,0.000,0.000,0.0%,0.0%,0.0%,,22,,L,<a href=https://npb.jp/bis/eng/teams/index_g.html>Yomiuri</a>,CL
,<a href=https://npb.jp/bis/eng/players/53555153.html>Wakabayashi Gakuto</a>,1,6,6,2,4,0,0,0,4,2,0,0,0,0,1,0,0,0,0,0.667,0.667,0.667,1.334,345,0.000,0.800,16.7%,16.7%,0.0%,0.00,27,9,R,<a href=https://npb.jp/bis/eng/teams/index_g.html>Yomiuri</a>,CL
,<a href=https://npb.jp/bis/eng/players/73375134.html>Yoshikawa Naoki</a>,1,5,4,0,1,0,0,0,1,2,0,0,0,0,0,1,0,0,0,0.250,0.400,0.250,0.650,121,0.000,0.250,20.0%,0.0%,20.0%,1.00,30,4,L,<a href=https://npb.jp/bis/eng/teams/index_g.html>Yomiuri</a>,CL
,<a href=https://npb.jp/bis/eng/players/51155153.html>Akahane Yoshihiro</a>,1,4,4,1,1,0,0,0,1,1,0,0,0,0,1,0,0,0,0,0.250,0.250,0.250,0.500,61,0.000,0.333,25.0%,25.0%,0.0%,0.00,25,4,R,<a href=https://npb.jp/bis/eng/teams/index_s.html>Yakult</a>,CL
,<a href=https://npb.jp/bis/eng/players/91495138.html>Hamada Taiki</a>,1,1,1,0,1,0,0,0,1,0,0,0,0,0,0,0,0,0,0,1.000,1.000,1.000,2.000,519,0.000,1.000,0.0%,0.0%,0.0%,,24,9,R,<a href=https://npb.jp/bis/eng/teams/index_s.html>Yakult</a>,CL
,<a href=https://npb.jp/bis/eng/players/51355155.html>Iwata Yukihiro</a>,1,5,5,0,1,0,0,0,1,0,0,0,0,0,0,0,0,0,0,0.200,0.200,0.200,0.400,30,0.000,0.200,0.0%,0.0%,0.0%,,27,8,L,<a href=https://npb.jp/bis/eng/teams/index_s.html>Yakult</a>,CL
,<a href=https://npb.jp/bis/eng/players/93195155.html>Maruyama Kazuya</a>,1,1,1,0,0,0,0,0,0,0,0,0,0,0,0,0,0,0,0,0.000,0.000,0.000,0.000,-92,0.000,0.000,0.0%,0.0%,0.0%,,25,9,L,<a href=https://npb.jp/bis/eng/teams/index_s.html>Yakult</a>,CL
,<a href=https://npb.jp/bis/eng/players/61865132.html>Mogi Eigoro</a>,1,4,3,1,1,0,0,0,1,0,0,0,0,0,0,1,0,0,0,0.333,0.500,0.333,0.833,168,0.000,0.333,25.0%,0.0%,25.0%,1.00,31,3,L,<a href=https://npb.jp/bis/eng/teams/index_s.html>Yakult</a>,CL
,<a href=https://npb.jp/bis/eng/players/51455151.html>Nagaoka Hideki</a>,1,5,5,0,0,0,0,0,0,0,0,0,0,0,1,0,0,0,1,0.000,0.000,0.000,0.000,-92,0.000,0.000,20.0%,20.0%,0.0%,0.00,23,6,L,<a href=https://npb.jp/bis/eng/teams/index_s.html>Yakult</a>,CL
,<a href=https://npb.jp/bis/eng/players/51255118.html>Nakamura Yuhei</a>,1,4,4,0,1,0,0,0,1,2,0,0,0,0,0,0,0,0,0,0.250,0.250,0.250,0.500,61,0.000,0.250,0.0%,0.0%,0.0%,,35,2,R,<a href=https://npb.jp/bis/eng/teams/index_s.html>Yakult</a>,CL
,<a href=https://npb.jp/bis/eng/players/21225133.html>Nishikawa Haruki</a>,1,5,5,0,1,0,0,0,1,1,0,0,0,0,1,0,0,0,0,0.200,0.200,0.200,0.400,30,0.000,0.250,20.0%,20.0%,0.0%,0.00,33,8,L,<a href=https://npb.jp/bis/eng/teams/index_s.html>Yakult</a>,CL
,<a href=https://npb.jp/bis/eng/players/31735151.html>Okugawa Yasunobu</a>,1,2,1,0,0,0,0,0,0,0,0,0,1,0,0,0,0,0,0,0.000,0.000,0.000,0.000,-92,0.000,0.000,0.0%,0.0%,0.0%,,24,1,R,<a href=https://npb.jp/bis/eng/teams/index_s.html>Yakult</a>,CL
,<a href=https://npb.jp/bis/eng/players/23525153.html>Osuna Jose</a>,1,4,4,1,0,0,0,0,0,0,0,0,0,0,0,0,0,0,0,0.000,0.000,0.000,0.000,-92,0.000,0.000,0.0%,0.0%,0.0%,,32,3,R,<a href=https://npb.jp/bis/eng/teams/index_s.html>Yakult</a>,CL
,<a href=https://npb.jp/bis/eng/players/53755153.html>Santana Domingo</a>,1,4,4,2,2,0,0,1,5,1,0,0,0,0,2,0,0,0,0,0.500,0.500,1.250,1.750,420,0.750,1.000,75.0%,50.0%,0.0%,0.00,32,7,R,<a href=https://npb.jp/bis/eng/teams/index_s.html>Yakult</a>,CL
,<a href=https://npb.jp/bis/eng/players/93795157.html>Calixte Orlando</a>,1,4,4,0,1,0,0,0,1,0,0,0,0,0,1,0,0,0,0,0.250,0.250,0.250,0.500,71,0.000,0.333,25.0%,25.0%,0.0%,0.00,33,UTL,R,<a href=https://npb.jp/bis/eng/teams/index_d.html>Chunichi</a>,CL
,<a href=https://npb.jp/bis/eng/players/31835134.html>Hosokawa Seiya</a>,1,4,4,0,1,1,0,0,2,0,0,0,0,0,1,0,0,0,0,0.250,0.250,0.500,0.750,152,0.250,0.333,25.0%,25.0%,0.0%,0.00,26,9,R,<a href=https://npb.jp/bis/eng/teams/index_d.html>Chunichi</a>,CL
,<a href=https://npb.jp/bis/eng/players/91195151.html>Ishikawa Takaya</a>,1,4,4,0,0,0,0,0,0,0,0,0,0,0,3,0,0,0,0,0.000,0.000,0.000,0.000,-108,0.000,0.000,75.0%,75.0%,0.0%,0.00,24,3,R,<a href=https://npb.jp/bis/eng/teams/index_d.html>Chunichi</a>,CL
,<a href=https://npb.jp/bis/eng/players/91395132.html>Itayama Yutaro</a>,1,1,0,0,0,0,0,0,0,0,0,0,0,0,0,1,0,0,0,0.000,1.000,0.000,1.000,284,0.000,,100.0%,0.0%,100.0%,1.00,31,4,L,<a href=https://npb.jp/bis/eng/teams/index_d.html>Chunichi</a>,CL
,<a href=https://npb.jp/bis/eng/players/31735132.html>Kinoshita Takuya</a>,1,2,2,0,0,0,0,0,0,0,0,0,0,0,1,0,0,0,0,0.000,0.000,0.000,0.000,-108,0.000,0.000,50.0%,50.0%,0.0%,0.00,33,2,R,<a href=https://npb.jp/bis/eng/teams/index_d.html>Chunichi</a>,CL
,<a href=https://npb.jp/bis/eng/players/03105157.html>Muramatsu Kaito</a>,1,3,3,0,0,0,0,0,0,0,0,0,0,0,0,0,0,0,0,0.000,0.000,0.000,0.000,-108,0.000,0.000,0.0%,0.0%,0.0%,,24,6,L,<a href=https://npb.jp/bis/eng/teams/index_d.html>Chunichi</a>,CL
,<a href=https://npb.jp/bis/eng/players/61065116.html>Nakata Sho</a>,1,3,3,0,1,0,0,0,1,0,0,0,0,0,1,0,0,0,0,0.333,0.333,0.333,0.666,130,0.000,0.500,33.3%,33.3%,0.0%,0.00,36,3,R,<a href=https://npb.jp/bis/eng/teams/index_d.html>Chunichi</a>,CL
,<a href=https://npb.jp/bis/eng/players/01305131.html>Ohshima Yohei</a>,1,1,1,0,0,0,0,0,0,0,0,0,0,0,0,0,0,0,0,0.000,0.000,0.000,0.000,-108,0.000,0.000,0.0%,0.0%,0.0%,,39,7,L,<a href=https://npb.jp/bis/eng/teams/index_d.html>Chunichi</a>,CL
,<a href=https://npb.jp/bis/eng/players/81585151.html>Okabayashi Yuki</a>,1,4,4,0,1,1,0,0,2,0,0,0,0,0,1,0,0,0,0,0.250,0.250,0.500,0.750,152,0.250,0.333,25.0%,25.0%,0.0%,0.00,23,8,L,<a href=https://npb.jp/bis/eng/teams/index_d.html>Chunichi</a>,CL
,<a href=https://npb.jp/bis/eng/players/61265153.html>Takahashi Hiroto</a>,1,2,2,0,0,0,0,0,0,0,0,0,0,0,0,0,0,0,0,0.000,0.000,0.000,0.000,-108,0.000,0.000,0.0%,0.0%,0.0%,,22,1,R,<a href=https://npb.jp/bis/eng/teams/index_d.html>Chunichi</a>,CL
,<a href=https://npb.jp/bis/eng/players/91395139.html>Uebayashi Seiji</a>,1,1,1,0,0,0,0,0,0,0,0,0,0,0,0,0,0,0,0,0.000,0.000,0.000,0.000,-108,0.000,0.000,0.0%,0.0%,0.0%,,29,9,L,<a href=https://npb.jp/bis/eng/teams/index_d.html>Chunichi</a>,CL
,<a href=https://npb.jp/bis/eng/players/93195132.html>Yamamoto Yasuhiro</a>,1,3,3,0,0,0,0,0,0,0,0,0,0,0,1,0,0,0,0,0.000,0.000,0.000,0.000,-108,0.000,0.000,33.3%,33.3%,0.0%,0.00,31,UTL,R,<a href=https://npb.jp/bis/eng/teams/index_d.html>Chunichi</a>,CL
,<a href=https://npb.jp/bis/eng/players/91995151.html>Kurebayashi Kotaro</a>,1,4,4,0,0,0,0,0,0,0,0,0,0,0,0,0,0,0,0,0.000,0.000,0.000,0.000,-102,0.000,0.000,0.0%,0.0%,0.0%,,23,6,R,<a href=https://npb.jp/bis/eng/teams/index_b.html>ORIX</a>,PL
,<a href=https://npb.jp/bis/eng/players/11815130.html>Mune Yuma</a>,1,4,4,0,1,0,0,0,1,0,0,0,0,0,0,0,0,0,0,0.250,0.250,0.250,0.500,67,0.000,0.250,0.0%,0.0%,0.0%,,29,5,L,<a href=https://npb.jp/bis/eng/teams/index_b.html>ORIX</a>,PL
,<a href=https://npb.jp/bis/eng/players/51255138.html>Nakagawa Keita</a>,1,4,4,0,0,0,0,0,0,0,0,0,0,0,1,0,0,0,0,0.000,0.000,0.000,0.000,-102,0.000,0.000,25.0%,25.0%,0.0%,0.00,29,8,R,<a href=https://npb.jp/bis/eng/teams/index_b.html>ORIX</a>,PL
,<a href=https://npb.jp/bis/eng/players/71475132.html>Nishikawa Ryoma</a>,1,4,4,1,3,0,0,0,3,0,1,0,0,0,0,0,0,0,0,0.750,0.750,0.750,1.500,405,0.000,0.750,0.0%,0.0%,0.0%,,30,7,L,<a href=https://npb.jp/bis/eng/teams/index_b.html>ORIX</a>,PL
,<a href=https://npb.jp/bis/eng/players/11515132.html>Ohshiro Koji</a>,1,1,0,0,0,0,0,0,0,0,0,0,1,0,0,0,0,0,0,0.000,0.000,0.000,0.000,-102,0.000,,0.0%,0.0%,0.0%,,32,4,R,<a href=https://npb.jp/bis/eng/teams/index_b.html>ORIX</a>,PL
,<a href=https://npb.jp/bis/eng/players/91395138.html>Ohta Ryo</a>,1,4,3,1,1,0,0,1,4,2,0,0,1,0,1,0,0,0,0,0.333,0.333,1.333,1.666,429,1.000,0.000,50.0%,25.0%,0.0%,0.00,24,4,R,<a href=https://npb.jp/bis/eng/teams/index_b.html>ORIX</a>,PL
,<a href=https://npb.jp/bis/eng/players/43945150.html>Olivares Edward</a>,1,4,4,0,1,0,0,0,1,0,0,0,0,0,2,0,0,0,0,0.250,0.250,0.250,0.500,67,0.000,0.500,50.0%,50.0%,0.0%,0.00,29,,R,<a href=https://npb.jp/bis/eng/teams/index_b.html>ORIX</a>,PL
,<a href=https://npb.jp/bis/eng/players/61965132.html>Sugimoto Yutaro</a>,1,4,4,0,1,0,0,0,1,0,0,0,0,0,1,0,0,0,0,0.250,0.250,0.250,0.500,67,0.000,0.333,25.0%,25.0%,0.0%,0.00,34,9,R,<a href=https://npb.jp/bis/eng/teams/index_b.html>ORIX</a>,PL
,<a href=https://npb.jp/bis/eng/players/81085138.html>Tongu Yuma</a>,1,3,2,0,1,0,0,0,1,0,0,0,0,0,1,1,0,0,0,0.500,0.667,0.500,1.167,298,0.000,1.000,66.7%,33.3%,33.3%,1.00,28,3,R,<a href=https://npb.jp/bis/eng/teams/index_b.html>ORIX</a>,PL
,<a href=https://npb.jp/bis/eng/players/41645139.html>Wakatsuki Kenya</a>,1,4,4,0,1,1,0,0,2,1,0,0,0,0,0,0,0,0,0,0.250,0.250,0.500,0.750,144,0.250,0.250,0.0%,0.0%,0.0%,,29,2,R,<a href=https://npb.jp/bis/eng/teams/index_b.html>ORIX</a>,PL
,<a href=https://npb.jp/bis/eng/players/41645136.html>Fujioka Yudai</a>,1,5,4,0,0,0,0,0,0,0,0,0,1,0,1,0,0,0,0,0.000,0.000,0.000,0.000,-98,0.000,0.000,20.0%,20.0%,0.0%,0.00,31,4,L,<a href=https://npb.jp/bis/eng/teams/index_m.html>Lotte</a>,PL
,<a href=https://npb.jp/bis/eng/players/31635138.html>Fujiwara Kyota</a>,1,5,5,2,2,1,0,0,3,2,0,0,0,0,0,0,0,0,0,0.400,0.400,0.600,1.000,220,0.200,0.400,0.0%,0.0%,0.0%,,25,9,L,<a href=https://npb.jp/bis/eng/teams/index_m.html>Lotte</a>,PL
,<a href=https://npb.jp/bis/eng/players/21625150.html>Nishikawa Misho</a>,1,4,4,1,1,0,0,0,1,1,0,0,0,0,1,0,0,0,0,0.250,0.250,0.250,0.500,64,0.000,0.333,25.0%,25.0%,0.0%,0.00,22,,R,<a href=https://npb.jp/bis/eng/teams/index_m.html>Lotte</a>,PL
,<a href=https://npb.jp/bis/eng/players/11715153.html>Ogawa Ryusei</a>,1,4,4,1,2,0,0,0,2,2,1,0,0,0,0,0,0,0,0,0.500,0.500,0.500,1.000,226,0.000,0.500,0.0%,0.0%,0.0%,,27,4,L,<a href=https://npb.jp/bis/eng/teams/index_m.html>Lotte</a>,PL
,<a href=https://npb.jp/bis/eng/players/63065155.html>Polanco Gregory</a>,1,5,5,0,2,0,0,0,2,1,0,0,0,0,1,0,0,0,0,0.400,0.400,0.400,0.800,161,0.000,0.500,20.0%,20.0%,0.0%,0.00,33,DH,L,<a href=https://npb.jp/bis/eng/teams/index_m.html>Lotte</a>,PL
,<a href=https://npb.jp/bis/eng/players/71075151.html>Satoh Toshiya</a>,1,5,4,1,1,0,0,1,4,2,0,0,0,0,0,0,0,1,0,0.250,0.400,1.000,1.400,337,0.750,0.000,20.0%,0.0%,0.0%,,27,2,L,<a href=https://npb.jp/bis/eng/teams/index_m.html>Lotte</a>,PL
,<a href=https://npb.jp/bis/eng/players/03505136.html>Soto Neftali</a>,1,4,4,0,0,0,0,0,0,0,0,0,0,0,1,0,0,0,0,0.000,0.000,0.000,0.000,-98,0.000,0.000,25.0%,25.0%,0.0%,0.00,36,3,R,<a href=https://npb.jp/bis/eng/teams/index_m.html>Lotte</a>,PL
,<a href=https://npb.jp/bis/eng/players/11215151.html>Takabe Akito</a>,1,4,4,2,3,1,0,0,4,0,1,0,0,0,0,0,0,0,0,0.750,0.750,1.000,1.750,460,0.250,0.750,0.0%,0.0%,0.0%,,27,8,L,<a href=https://npb.jp/bis/eng/teams/index_m.html>Lotte</a>,PL
,<a href=https://npb.jp/bis/eng/players/71375159.html>Ueda Kyuto</a>,1,4,3,1,1,1,0,0,2,0,0,0,0,0,0,1,0,0,0,0.333,0.500,0.667,1.167,274,0.334,0.333,25.0%,0.0%,25.0%,1.00,23,3,L,<a href=https://npb.jp/bis/eng/teams/index_m.html>Lotte</a>,PL
,<a href=https://npb.jp/bis/eng/players/33335136.html>Wada Koshiro</a>,1,1,0,0,0,0,0,0,0,0,0,0,0,0,0,1,0,0,0,0.000,1.000,0.000,1.000,258,0.000,,100.0%,0.0%,100.0%,1.00,26,8,L,<a href=https://npb.jp/bis/eng/teams/index_m.html>Lotte</a>,PL
,<a href=https://npb.jp/bis/eng/players/81885136.html>Yasuda Hisanori</a>,1,1,1,0,0,0,0,0,0,0,0,0,0,0,0,0,0,0,0,0.000,0.000,0.000,0.000,-98,0.000,0.000,0.0%,0.0%,0.0%,,26,5,L,<a href=https://npb.jp/bis/eng/teams/index_m.html>Lotte</a>,PL
,<a href=https://npb.jp/bis/eng/players/43245159.html>Downs Jeter</a>,1,4,3,0,0,0,0,0,0,0,1,0,0,0,2,1,0,0,0,0.000,0.250,0.000,0.250,-9,0.000,0.000,75.0%,50.0%,25.0%,0.50,26,4,R,<a href=https://npb.jp/bis/eng/teams/index_h.html>SoftBank</a>,PL
,<a href=https://npb.jp/bis/eng/players/31335131.html>Imamiya Kenta</a>,1,4,3,0,1,1,0,0,2,1,0,0,0,1,0,0,0,0,0,0.333,0.250,0.667,0.917,187,0.334,0.250,0.0%,0.0%,0.0%,,33,6,R,<a href=https://npb.jp/bis/eng/teams/index_h.html>SoftBank</a>,PL
,<a href=https://npb.jp/bis/eng/players/41745135.html>Kondoh Kensuke</a>,1,5,4,0,0,0,0,0,0,0,0,0,0,0,1,1,0,0,0,0.000,0.200,0.000,0.200,-26,0.000,0.000,40.0%,20.0%,20.0%,1.00,31,7,L,<a href=https://npb.jp/bis/eng/teams/index_h.html>SoftBank</a>,PL
,<a href=https://npb.jp/bis/eng/players/61465133.html>Makihara Taisei</a>,1,1,1,0,1,0,0,0,1,0,0,0,0,0,0,0,0,0,0,1.000,1.000,1.000,2.000,552,0.000,1.000,0.0%,0.0%,0.0%,,32,4,L,<a href=https://npb.jp/bis/eng/teams/index_h.html>SoftBank</a>,PL
,<a href=https://npb.jp/bis/eng/players/81885155.html>Masaki Tomoya</a>,1,4,4,0,1,0,0,0,1,0,0,0,0,0,1,0,0,0,0,0.250,0.250,0.250,0.500,65,0.000,0.333,25.0%,25.0%,0.0%,0.00,25,9,R,<a href=https://npb.jp/bis/eng/teams/index_h.html>SoftBank</a>,PL
,<a href=https://npb.jp/bis/eng/players/21925136.html>Shuto Ukyo</a>,1,5,5,0,2,1,0,0,3,0,0,0,0,0,1,0,0,0,0,0.400,0.400,0.600,1.000,221,0.200,0.500,20.0%,20.0%,0.0%,0.00,29,8,L,<a href=https://npb.jp/bis/eng/teams/index_h.html>SoftBank</a>,PL
,<a href=https://npb.jp/bis/eng/players/11015136.html>Sunagawa Richard</a>,1,4,4,0,0,0,0,0,0,0,0,0,0,0,2,0,0,0,0,0.000,0.000,0.000,0.000,-98,0.000,0.000,50.0%,50.0%,0.0%,0.00,26,3,R,<a href=https://npb.jp/bis/eng/teams/index_h.html>SoftBank</a>,PL
,<a href=https://npb.jp/bis/eng/players/11215132.html>Tanigawara Kenta</a>,1,3,1,1,0,0,0,0,0,0,0,0,0,0,0,2,0,0,0,0.000,0.667,0.000,0.667,140,0.000,0.000,66.7%,0.0%,66.7%,1.00,28,2,L,<a href=https://npb.jp/bis/eng/teams/index_h.html>SoftBank</a>,PL
,<a href=https://npb.jp/bis/eng/players/21425139.html>Yamakawa Hotaka</a>,1,4,4,1,1,1,0,0,2,1,0,0,0,0,1,0,0,0,0,0.250,0.250,0.500,0.750,138,0.250,0.333,25.0%,25.0%,0.0%,0.00,33,3,R,<a href=https://npb.jp/bis/eng/teams/index_h.html>SoftBank</a>,PL
,<a href=https://npb.jp/bis/eng/players/31835133.html>Yanagita Yuki</a>,1,4,4,0,1,0,0,0,1,0,0,0,0,0,0,0,0,0,0,0.250,0.250,0.250,0.500,65,0.000,0.250,0.0%,0.0%,0.0%,,36,9,L,<a href=https://npb.jp/bis/eng/teams/index_h.html>SoftBank</a>,PL
,<a href=https://npb.jp/bis/eng/players/61165132.html>Abe Toshiki</a>,1,1,1,0,1,1,0,0,2,0,0,0,0,0,0,0,0,0,0,1.000,1.000,2.000,3.000,889,1.000,1.000,0.0%,0.0%,0.0%,,35,7,R,<a href=https://npb.jp/bis/eng/teams/index_e.html>Rakuten</a>,PL
,<a href=https://npb.jp/bis/eng/players/51155118.html>Asamura Hideto</a>,1,4,4,0,0,0,0,0,0,0,0,0,0,0,1,0,0,0,0,0.000,0.000,0.000,0.000,-103,0.000,0.000,25.0%,25.0%,0.0%,0.00,34,5,R,<a href=https://npb.jp/bis/eng/teams/index_e.html>Rakuten</a>,PL
,<a href=https://npb.jp/bis/eng/players/63965157.html>Franco Maikel</a>,1,1,1,0,1,0,0,0,1,0,0,0,0,0,0,0,0,0,0,1.000,1.000,1.000,2.000,580,0.000,1.000,0.0%,0.0%,0.0%,,32,3,R,<a href=https://npb.jp/bis/eng/teams/index_e.html>Rakuten</a>,PL
,<a href=https://npb.jp/bis/eng/players/41145138.html>Itoh Yukiya</a>,1,3,2,0,0,0,0,0,0,1,0,0,0,1,1,0,0,0,0,0.000,0.000,0.000,0.000,-103,0.000,0.000,33.3%,33.3%,0.0%,0.00,28,7,R,<a href=https://npb.jp/bis/eng/teams/index_e.html>Rakuten</a>,PL
,<a href=https://npb.jp/bis/eng/players/61965151.html>Kobukata Hiroto</a>,1,4,4,0,0,0,0,0,0,0,0,0,0,0,1,0,0,0,0,0.000,0.000,0.000,0.000,-103,0.000,0.000,25.0%,25.0%,0.0%,0.00,29,4,L,<a href=https://npb.jp/bis/eng/teams/index_e.html>Rakuten</a>,PL
,<a href=https://npb.jp/bis/eng/players/53155150.html>Muneyama Rui</a>,1,4,4,0,1,0,0,0,1,1,0,0,0,0,1,0,0,0,0,0.250,0.250,0.250,0.500,68,0.000,0.333,25.0%,25.0%,0.0%,0.00,22,,L,<a href=https://npb.jp/bis/eng/teams/index_e.html>Rakuten</a>,PL
,<a href=https://npb.jp/bis/eng/players/41845132.html>Murabayashi Itsuki</a>,1,2,2,0,0,0,0,0,0,0,0,0,0,0,0,0,0,0,0,0.000,0.000,0.000,0.000,-103,0.000,0.000,0.0%,0.0%,0.0%,,27,6,R,<a href=https://npb.jp/bis/eng/teams/index_e.html>Rakuten</a>,PL
,<a href=https://npb.jp/bis/eng/players/81385138.html>Ogoh Yuya</a>,1,4,4,0,1,0,0,0,1,0,0,0,0,0,1,0,0,0,0,0.250,0.250,0.250,0.500,68,0.000,0.333,25.0%,25.0%,0.0%,0.00,28,9,L,<a href=https://npb.jp/bis/eng/teams/index_e.html>Rakuten</a>,PL
,<a href=https://npb.jp/bis/eng/players/71375138.html>Ohta Hikaru</a>,1,2,2,0,0,0,0,0,0,0,0,0,0,0,0,0,0,0,0,0.000,0.000,0.000,0.000,-103,0.000,0.000,0.0%,0.0%,0.0%,,28,2,R,<a href=https://npb.jp/bis/eng/teams/index_e.html>Rakuten</a>,PL
,<a href=https://npb.jp/bis/eng/players/81985135.html>Suzuki Daichi</a>,1,1,1,0,0,0,0,0,0,0,0,0,0,0,1,0,0,0,0,0.000,0.000,0.000,0.000,-103,0.000,,100.0%,100.0%,0.0%,0.00,35,3,L,<a href=https://npb.jp/bis/eng/teams/index_e.html>Rakuten</a>,PL
,<a href=https://npb.jp/bis/eng/players/11215134.html>Tanaka Kazuki</a>,1,2,2,0,0,0,0,0,0,0,0,0,0,0,2,0,0,0,0,0.000,0.000,0.000,0.000,-103,0.000,,100.0%,100.0%,0.0%,0.00,30,7,S,<a href=https://npb.jp/bis/eng/teams/index_e.html>Rakuten</a>,PL
,<a href=https://npb.jp/bis/eng/players/11015138.html>Tatsumi Ryosuke</a>,1,4,4,1,1,0,0,0,1,0,0,0,0,0,1,0,0,0,0,0.250,0.250,0.250,0.500,68,0.000,0.333,25.0%,25.0%,0.0%,0.00,28,8,L,<a href=https://npb.jp/bis/eng/teams/index_e.html>Rakuten</a>,PL
,<a href=https://npb.jp/bis/eng/players/13915157.html>Cedeno Leandro</a>,1,4,4,0,0,0,0,0,0,0,0,0,0,0,1,0,0,0,1,0.000,0.000,0.000,0.000,-101,0.000,0.000,25.0%,25.0%,0.0%,0.00,26,DH,R,<a href=https://npb.jp/bis/eng/teams/index_l.html>Seibu</a>,PL
,<a href=https://npb.jp/bis/eng/players/71775134.html>Genda Sosuke</a>,1,3,3,0,0,0,0,0,0,0,0,0,0,0,0,0,0,0,0,0.000,0.000,0.000,0.000,-101,0.000,0.000,0.0%,0.0%,0.0%,,32,6,L,<a href=https://npb.jp/bis/eng/teams/index_l.html>Seibu</a>,PL
,<a href=https://npb.jp/bis/eng/players/81685153.html>Hasegawa Shinya</a>,1,4,4,0,0,0,0,0,0,0,0,0,0,0,0,0,0,0,0,0.000,0.000,0.000,0.000,-101,0.000,0.000,0.0%,0.0%,0.0%,,23,9,R,<a href=https://npb.jp/bis/eng/teams/index_l.html>Seibu</a>,PL
,<a href=https://npb.jp/bis/eng/players/81785155.html>Koga Yuto</a>,1,3,3,0,0,0,0,0,0,0,0,0,0,0,1,0,0,0,0,0.000,0.000,0.000,0.000,-101,0.000,0.000,33.3%,33.3%,0.0%,0.00,25,2,R,<a href=https://npb.jp/bis/eng/teams/index_l.html>Seibu</a>,PL
,<a href=https://npb.jp/bis/eng/players/33335153.html>Motoyama Hiyu</a>,1,2,2,0,0,0,0,0,0,0,0,0,0,0,0,0,0,0,0,0.000,0.000,0.000,0.000,-101,0.000,0.000,0.0%,0.0%,0.0%,,26,3,L,<a href=https://npb.jp/bis/eng/teams/index_l.html>Seibu</a>,PL
,<a href=https://npb.jp/bis/eng/players/81085115.html>Nakamura Takeya</a>,1,1,0,0,0,0,0,0,0,0,0,0,0,0,0,1,0,0,0,0.000,1.000,0.000,1.000,267,0.000,,100.0%,0.0%,100.0%,1.00,41,DH,R,<a href=https://npb.jp/bis/eng/teams/index_l.html>Seibu</a>,PL
,<a href=https://npb.jp/bis/eng/players/53755150.html>Nevin Tyler</a>,1,4,4,0,1,0,0,0,1,0,0,0,0,0,1,0,0,0,0,0.250,0.250,0.250,0.500,67,0.000,0.333,25.0%,25.0%,0.0%,0.00,28,,R,<a href=https://npb.jp/bis/eng/teams/index_l.html>Seibu</a>,PL
,<a href=https://npb.jp/bis/eng/players/51455136.html>Nishikawa Manaya</a>,1,4,4,0,3,0,0,0,3,0,1,0,0,0,0,0,0,0,0,0.750,0.750,0.750,1.500,401,0.000,0.750,0.0%,0.0%,0.0%,,26,8,L,<a href=https://npb.jp/bis/eng/teams/index_l.html>Seibu</a>,PL
,<a href=https://npb.jp/bis/eng/players/41245130.html>Tonosaki Shuta</a>,1,3,2,0,0,0,0,0,0,0,0,0,1,0,1,0,0,0,0,0.000,0.000,0.000,0.000,-101,0.000,0.000,33.3%,33.3%,0.0%,0.00,32,4,R,<a href=https://npb.jp/bis/eng/teams/index_l.html>Seibu</a>,PL
,<a href=https://npb.jp/bis/eng/players/83385150.html>Watanabe Seiya</a>,1,3,3,0,2,0,0,0,2,0,0,1,0,0,0,0,0,0,0,0.667,0.667,0.667,1.334,345,0.000,0.667,0.0%,0.0%,0.0%,,22,,R,<a href=https://npb.jp/bis/eng/teams/index_l.html>Seibu</a>,PL
,<a href=https://npb.jp/bis/eng/players/11315153.html>Isobata Ryota</a>,1,3,3,0,0,0,0,0,0,0,0,0,0,0,0,0,0,0,0,0.000,0.000,0.000,0.000,-97,0.000,0.000,0.0%,0.0%,0.0%,,26,7,L,<a href=https://npb.jp/bis/eng/teams/index_f.html>Nipponham</a>,PL
,<a href=https://npb.jp/bis/eng/players/01505155.html>Kamikawabata Daigo</a>,1,3,3,0,1,0,0,0,1,0,0,0,0,0,1,0,0,0,0,0.333,0.333,0.333,0.666,117,0.000,0.500,33.3%,33.3%,0.0%,0.00,28,4,L,<a href=https://npb.jp/bis/eng/teams/index_f.html>Nipponham</a>,PL
,<a href=https://npb.jp/bis/eng/players/41545136.html>Kiyomiya Kotaro</a>,1,4,4,1,1,0,0,1,4,1,0,0,0,0,1,0,0,0,0,0.250,0.250,1.000,1.250,282,0.750,0.000,50.0%,25.0%,0.0%,0.00,26,3,L,<a href=https://npb.jp/bis/eng/teams/index_f.html>Nipponham</a>,PL
,<a href=https://npb.jp/bis/eng/players/11815138.html>Mannami Chusei</a>,1,3,3,0,0,0,0,0,0,0,0,0,0,0,0,0,0,0,0,0.000,0.000,0.000,0.000,-97,0.000,0.000,0.0%,0.0%,0.0%,,25,9,R,<a href=https://npb.jp/bis/eng/teams/index_f.html>Nipponham</a>,PL
,<a href=https://npb.jp/bis/eng/players/63165155.html>Mizuno Tatsuki</a>,1,3,3,0,0,0,0,0,0,0,0,0,0,0,1,0,0,0,0,0.000,0.000,0.000,0.000,-97,0.000,0.000,33.3%,33.3%,0.0%,0.00,24,6,L,<a href=https://npb.jp/bis/eng/teams/index_f.html>Nipponham</a>,PL
,Nomura Yuki,1,4,4,0,0,0,0,0,0,0,0,0,0,0,0,0,0,0,0,0.000,0.000,0.000,0.000,-97,0.000,0.000,0.0%,0.0%,0.0%,,25,UTL,R,<a href=https://npb.jp/bis/eng/teams/index_f.html>Nipponham</a>,PL
,<a href=https://npb.jp/bis/eng/players/73075159.html>Reyes Franmil</a>,1,4,4,1,2,0,0,1,5,1,0,0,0,0,0,0,0,0,0,0.500,0.500,1.250,1.750,443,0.750,0.333,25.0%,0.0%,0.0%,,29,DH,R,<a href=https://npb.jp/bis/eng/teams/index_f.html>Nipponham</a>,PL
,<a href=https://npb.jp/bis/eng/players/51055138.html>Tamiya Yua</a>,1,3,3,0,2,1,0,0,3,0,0,1,0,0,0,0,0,0,1,0.667,0.667,1.000,1.667,429,0.333,0.667,0.0%,0.0%,0.0%,,25,2,L,<a href=https://npb.jp/bis/eng/teams/index_f.html>Nipponham</a>,PL
,<a href=https://npb.jp/bis/eng/players/73375157.html>Yazawa Kota</a>,1,4,4,0,0,0,0,0,0,0,0,0,0,0,0,0,0,0,0,0.000,0.000,0.000,0.000,-97,0.000,0.000,0.0%,0.0%,0.0%,,24,7,L,<a href=https://npb.jp/bis/eng/teams/index_f.html>Nipponham</a>,PL
