Rank,Pitcher,G,W,L,SV,HLD,CG,SHO,BF,IP,H,HR,SO,BB,IBB,HB,WP,R,ER,ERA,FIP,kwERA,WHIP,ERA+,FIP-,kwERA-,Diff,HR%,K%,BB%,K-BB%,Age,T,Team,League
,<a href=https://npb.jp/bis/eng/players/53355157.html>Mombetsu Keito</a>,1,0,1,0,0,0,0,22,4.1,8,0,1,3,0,0,0,2,2,4.15,4.70,5.71,2.54,69,146,160,-0.55,0.0%,4.5%,13.6%,-9.1%,20,L,<a href=https://npb.jp/bis/eng/teams/index_t.html>Hanshin</a>,CL
,<a href=https://npb.jp/bis/eng/players/13315153.html>Murakami Shoki</a>,1,1,0,0,0,0,0,31,8.2,4,0,7,1,0,0,0,0,0,0.00,1.82,2.86,0.58,999,57,80,-1.82,0.0%,22.6%,3.2%,19.4%,27,R,<a href=https://npb.jp/bis/eng/teams/index_t.html>Hanshin</a>,CL
,<a href=https://npb.jp/bis/eng/players/41745134.html>Saiki Hiroto</a>,1,0,1,0,0,0,0,27,5.2,7,1,7,3,0,0,0,4,4,6.35,4.50,3.32,1.76,45,140,93,1.85,3.7%,25.9%,11.1%,14.8%,26,R,<a href=https://npb.jp/bis/eng/teams/index_t.html>Hanshin</a>,CL
,<a href=https://npb.jp/bis/eng/players/51255157.html>Tomida Ren</a>,1,0,0,0,0,0,0,16,4.0,5,0,3,0,0,0,0,1,1,2.25,1.59,2.92,1.25,127,49,82,0.66,0.0%,18.8%,0.0%,18.8%,23,L,<a href=https://npb.jp/bis/eng/teams/index_t.html>Hanshin</a>,CL
,<a href=https://npb.jp/bis/eng/players/93395155.html>Mori Shohei</a>,1,1,0,0,0,0,0,25,7.0,2,0,5,2,0,1,0,0,0,0.00,2.95,3.60,0.57,999,88,101,-2.95,0.0%,20.0%,8.0%,12.0%,27,L,<a href=https://npb.jp/bis/eng/teams/index_c.html>Hiroshima</a>,CL
,<a href=https://npb.jp/bis/eng/players/53155151.html>Morishita Masato</a>,1,0,1,0,0,0,0,27,7.0,4,1,6,3,0,0,0,2,2,2.57,4.52,3.69,1.00,116,135,103,-1.95,3.7%,22.2%,11.1%,11.1%,27,R,<a href=https://npb.jp/bis/eng/teams/index_c.html>Hiroshima</a>,CL
,<a href=https://npb.jp/bis/eng/players/11415134.html>Tokoda Hiroki</a>,1,0,1,0,0,0,0,29,7.0,7,1,4,1,1,0,0,3,3,3.86,4.23,3.77,1.14,77,126,106,-0.37,3.4%,13.8%,3.4%,10.4%,30,L,<a href=https://npb.jp/bis/eng/teams/index_c.html>Hiroshima</a>,CL
,<a href=https://npb.jp/bis/eng/players/51155136.html>Azuma Katsuki</a>,1,1,0,0,0,0,0,25,7.0,4,0,5,0,0,0,0,0,0,0.00,1.66,2.80,0.57,999,49,78,-1.66,0.0%,20.0%,0.0%,20.0%,29,L,<a href=https://npb.jp/bis/eng/teams/index_db.html>DeNA</a>,CL
,<a href=https://npb.jp/bis/eng/players/33235157.html>Bauer Trevor</a>,1,0,1,0,0,0,0,25,6.0,6,0,8,2,0,0,0,1,1,1.50,1.42,2.40,1.33,201,42,67,0.08,0.0%,32.0%,8.0%,24.0%,34,R,<a href=https://npb.jp/bis/eng/teams/index_db.html>DeNA</a>,CL
,<a href=https://npb.jp/bis/eng/players/43745159.html>Jackson Andre</a>,1,1,0,0,0,0,0,27,7.0,3,0,9,2,1,1,2,1,1,1.29,1.80,2.21,0.71,233,53,62,-0.51,0.0%,33.3%,7.4%,25.9%,29,R,<a href=https://npb.jp/bis/eng/teams/index_db.html>DeNA</a>,CL
,<a href=https://npb.jp/bis/eng/players/01905139.html>Taira Kentaro</a>,1,1,0,0,0,0,0,20,5.0,4,0,2,1,0,0,0,0,0,0.00,2.89,4.30,1.00,999,86,120,-2.89,0.0%,10.0%,5.0%,5.0%,29,R,<a href=https://npb.jp/bis/eng/teams/index_db.html>DeNA</a>,CL
,<a href=https://npb.jp/bis/eng/players/51155155.html>Akahoshi Yuji</a>,1,1,0,0,0,0,0,15,5.0,1,0,5,0,0,0,0,0,0,0.00,1.09,1.47,0.20,999,33,41,-1.09,0.0%,33.3%,0.0%,33.3%,25,R,<a href=https://npb.jp/bis/eng/teams/index_g.html>Yomiuri</a>,CL
,<a href=https://npb.jp/bis/eng/players/51355151.html>Inoue Haruto</a>,1,0,1,0,0,0,0,28,7.0,5,0,5,2,0,0,0,2,2,2.57,2.52,3.73,1.00,114,77,104,0.05,0.0%,17.9%,7.1%,10.8%,24,L,<a href=https://npb.jp/bis/eng/teams/index_g.html>Yomiuri</a>,CL
,<a href=https://npb.jp/bis/eng/players/61165153.html>Ishikawa Tatsuya</a>,1,1,0,0,0,0,0,20,5.0,3,0,4,2,0,0,0,0,0,0.00,2.69,3.80,1.00,999,82,106,-2.69,0.0%,20.0%,10.0%,10.0%,27,L,<a href=https://npb.jp/bis/eng/teams/index_g.html>Yomiuri</a>,CL
,<a href=https://npb.jp/bis/eng/players/41045138.html>Togo Shosei</a>,1,0,0,0,0,0,0,21,5.0,4,0,2,1,0,0,0,4,2,3.60,2.89,4.32,1.00,81,88,121,0.71,0.0%,9.5%,4.8%,4.7%,25,R,<a href=https://npb.jp/bis/eng/teams/index_g.html>Yomiuri</a>,CL
,<a href=https://npb.jp/bis/eng/players/31735151.html>Okugawa Yasunobu</a>,1,0,0,0,0,0,0,24,6.0,7,0,2,0,0,0,0,0,0,0.00,2.42,3.97,1.17,999,67,111,-2.42,0.0%,8.3%,0.0%,8.3%,24,R,<a href=https://npb.jp/bis/eng/teams/index_s.html>Yakult</a>,CL
,<a href=https://npb.jp/bis/eng/players/51055132.html>Takahashi Keiji</a>,1,0,1,0,0,0,0,19,4.0,4,0,4,3,0,0,1,2,2,4.50,3.34,4.27,1.75,71,93,120,1.16,0.0%,21.1%,15.8%,5.3%,28,L,<a href=https://npb.jp/bis/eng/teams/index_s.html>Yakult</a>,CL
,<a href=https://npb.jp/bis/eng/players/21225137.html>Matsuba Takahiro</a>,1,1,0,0,0,0,0,23,7.0,2,0,5,0,0,0,0,0,0,0.00,1.66,2.63,0.29,999,54,74,-1.66,0.0%,21.7%,0.0%,21.7%,34,L,<a href=https://npb.jp/bis/eng/teams/index_d.html>Chunichi</a>,CL
,<a href=https://npb.jp/bis/eng/players/93295157.html>Mejia Humberto</a>,1,0,1,0,0,0,0,25,7.0,4,2,3,0,0,0,0,2,2,2.57,5.95,3.60,0.57,107,193,101,-3.38,8.0%,12.0%,0.0%,12.0%,28,R,<a href=https://npb.jp/bis/eng/teams/index_d.html>Chunichi</a>,CL
,<a href=https://npb.jp/bis/eng/players/13915150.html>Muller Kyle</a>,1,0,0,0,0,0,0,18,5.0,3,1,9,0,0,0,1,1,1,1.80,2.09,-0.20,0.60,152,68,-6,-0.29,5.6%,50.0%,0.0%,50.0%,27,L,<a href=https://npb.jp/bis/eng/teams/index_d.html>Chunichi</a>,CL
,<a href=https://npb.jp/bis/eng/players/61265153.html>Takahashi Hiroto</a>,1,0,1,0,0,0,0,23,5.0,8,0,2,1,0,1,1,5,5,9.00,3.49,4.37,1.80,30,113,122,5.51,0.0%,8.7%,4.3%,4.4%,22,R,<a href=https://npb.jp/bis/eng/teams/index_d.html>Chunichi</a>,CL
,<a href=https://npb.jp/bis/eng/players/71775139.html>Kuri Allen</a>,1,0,0,0,0,0,0,27,6.0,7,0,1,5,0,0,0,2,2,3.00,5.25,6.28,2.00,96,162,176,-2.25,0.0%,3.7%,18.5%,-14.8%,33,R,<a href=https://npb.jp/bis/eng/teams/index_b.html>ORIX</a>,PL
,<a href=https://npb.jp/bis/eng/players/71875151.html>Miyagi Hiroya</a>,1,0,0,0,0,0,0,26,8.0,2,0,7,0,0,0,0,1,1,1.13,1.34,2.11,0.25,256,41,59,-0.21,0.0%,26.9%,0.0%,26.9%,23,L,<a href=https://npb.jp/bis/eng/teams/index_b.html>ORIX</a>,PL
,<a href=https://npb.jp/bis/eng/players/61065159.html>Takashima Taito</a>,1,1,0,0,0,0,0,21,5.0,7,0,0,1,0,0,0,1,1,1.80,3.69,5.28,1.60,161,114,148,-1.89,0.0%,0.0%,4.8%,-4.8%,25,R,<a href=https://npb.jp/bis/eng/teams/index_b.html>ORIX</a>,PL
,<a href=https://npb.jp/bis/eng/players/11515138.html>Ojima Kazuya</a>,1,0,0,0,0,0,0,19,4.0,4,0,4,4,0,0,0,1,1,2.25,4.09,4.80,2.00,134,120,134,-1.84,0.0%,21.1%,21.1%,0.0%,28,L,<a href=https://npb.jp/bis/eng/teams/index_m.html>Lotte</a>,PL
,<a href=https://npb.jp/bis/eng/players/71275134.html>Taneichi Atsuki</a>,1,0,0,0,0,0,0,30,6.0,8,1,5,2,0,0,1,4,1,1.50,4.59,3.80,1.67,202,135,106,-3.09,3.3%,16.7%,6.7%,10.0%,26,R,<a href=https://npb.jp/bis/eng/teams/index_m.html>Lotte</a>,PL
,<a href=https://npb.jp/bis/eng/players/33035150.html>Voth Austin</a>,1,0,0,0,0,0,0,22,5.0,8,1,5,0,0,0,0,4,4,7.20,3.69,2.53,1.60,42,109,71,3.51,4.5%,22.7%,0.0%,22.7%,33,R,<a href=https://npb.jp/bis/eng/teams/index_m.html>Lotte</a>,PL
,<a href=https://npb.jp/bis/eng/players/51155130.html>Arihara Kohei</a>,1,0,1,0,0,0,0,29,7.0,8,1,3,0,0,0,0,7,7,9.00,4.09,3.77,1.14,33,121,106,4.91,3.4%,10.3%,0.0%,10.3%,32,R,<a href=https://npb.jp/bis/eng/teams/index_h.html>SoftBank</a>,PL
,<a href=https://npb.jp/bis/eng/players/63965134.html>Moinelo Livan</a>,1,1,0,0,0,0,0,24,7.0,2,1,6,1,0,1,0,1,1,1.29,4.09,2.72,0.43,233,121,76,-2.80,4.2%,25.0%,4.2%,20.8%,29,L,<a href=https://npb.jp/bis/eng/teams/index_h.html>SoftBank</a>,PL
,<a href=https://npb.jp/bis/eng/players/01505151.html>Ohzeki Tomohisa</a>,1,0,0,0,0,0,0,20,5.0,4,1,1,1,0,0,0,3,3,5.40,5.89,4.80,1.00,56,174,134,-0.49,5.0%,5.0%,5.0%,0.0%,27,L,<a href=https://npb.jp/bis/eng/teams/index_h.html>SoftBank</a>,PL
,<a href=https://npb.jp/bis/eng/players/51355135.html>Uwasawa Naoyuki</a>,1,0,0,0,0,0,0,23,6.2,3,1,3,1,0,0,0,3,3,4.05,4.59,3.93,0.60,74,136,110,-0.54,4.3%,13.0%,4.3%,8.7%,31,R,<a href=https://npb.jp/bis/eng/teams/index_h.html>SoftBank</a>,PL
,<a href=https://npb.jp/bis/eng/players/31835153.html>Hayakawa Takahisa</a>,1,0,0,0,0,0,0,22,6.0,4,1,4,0,0,0,0,2,2,3.00,3.92,2.98,0.67,95,122,83,-0.92,4.5%,18.2%,0.0%,18.2%,26,L,<a href=https://npb.jp/bis/eng/teams/index_e.html>Rakuten</a>,PL
,<a href=https://npb.jp/bis/eng/players/21725159.html>Koja Tatsuki</a>,1,0,0,0,0,0,0,19,5.0,2,0,3,1,0,0,0,0,0,0.00,2.49,3.75,0.60,999,77,105,-2.49,0.0%,15.8%,5.3%,10.5%,23,L,<a href=https://npb.jp/bis/eng/teams/index_e.html>Rakuten</a>,PL
,<a href=https://npb.jp/bis/eng/players/13115155.html>Matsui Tomotaka</a>,1,0,0,0,0,0,0,11,3.0,4,1,2,0,0,0,0,2,2,6.00,6.09,2.98,1.33,48,190,83,-0.09,9.1%,18.2%,0.0%,18.2%,25,R,<a href=https://npb.jp/bis/eng/teams/index_e.html>Rakuten</a>,PL
,<a href=https://npb.jp/bis/eng/players/31335134.html>Imai Tatsuya</a>,1,0,1,0,0,1,0,31,9.0,6,2,3,0,0,0,0,2,2,2.00,5.31,3.83,0.67,146,162,107,-3.31,6.5%,9.7%,0.0%,9.7%,27,R,<a href=https://npb.jp/bis/eng/teams/index_l.html>Seibu</a>,PL
,<a href=https://npb.jp/bis/eng/players/71075130.html>Takahashi Kona</a>,1,0,1,0,0,0,0,23,5.0,7,2,3,1,0,0,0,6,6,10.80,7.69,3.93,1.60,27,234,110,3.11,8.7%,13.0%,4.3%,8.7%,28,R,<a href=https://npb.jp/bis/eng/teams/index_l.html>Seibu</a>,PL
,<a href=https://npb.jp/bis/eng/players/53155138.html>Watanabe Yutaro</a>,1,0,0,0,0,0,0,27,7.0,5,0,4,1,0,0,1,2,2,2.57,2.37,3.69,0.86,114,72,103,0.20,0.0%,14.8%,3.7%,11.1%,24,R,<a href=https://npb.jp/bis/eng/teams/index_l.html>Seibu</a>,PL
,<a href=https://npb.jp/bis/eng/players/51355153.html>Itoh Hiromi</a>,1,0,1,0,0,0,0,25,5.0,9,2,4,1,0,0,0,5,5,9.00,7.29,3.60,2.00,34,214,101,1.71,8.0%,16.0%,4.0%,12.0%,27,R,<a href=https://npb.jp/bis/eng/teams/index_f.html>Nipponham</a>,PL
,<a href=https://npb.jp/bis/eng/players/51555157.html>Kanemura Shoma</a>,1,1,0,0,0,1,1,31,9.0,6,0,4,1,0,0,1,0,0,0.00,2.53,3.83,0.78,999,74,107,-2.53,0.0%,12.9%,3.2%,9.7%,24,R,<a href=https://npb.jp/bis/eng/teams/index_f.html>Nipponham</a>,PL
,<a href=https://npb.jp/bis/eng/players/41545132.html>Katoh Takayuki</a>,1,0,0,0,0,0,0,25,6.0,6,0,2,0,0,0,0,1,0,0.00,2.42,4.00,1.00,999,71,112,-2.42,0.0%,8.0%,0.0%,8.0%,33,L,<a href=https://npb.jp/bis/eng/teams/index_f.html>Nipponham</a>,PL
,<a href=https://npb.jp/bis/eng/players/33735151.html>VerHagen Drew</a>,1,1,0,0,0,0,0,19,5.0,4,1,2,0,0,0,0,2,2,3.60,4.89,3.75,0.80,84,143,105,-1.29,5.3%,10.5%,0.0%,10.5%,34,R,<a href=https://npb.jp/bis/eng/teams/index_f.html>Nipponham</a>,PL
