#,,Team,G,W,L,T,PCT,GB,RS,RA,Diff,XPCT,Home,Road,vs T,vs G,vs DB,vs C,vs D,vs S,Inter
,"<img src=""https://www.yakyucosmo.com/wp-content/uploads/2025/04/Tigers.jpg"" alt="""" width=""10"" height=""10"" class=""alignnone size-full wp-image-6224"" />",<a href=https://npb.jp/bis/eng/teams/index_t.html>Hanshin Tigers</a>,85,51,32,2,0.614,--,293,184,109,0.701,24-17(1),27-15(1),--,11-4,8-4(2),11-4,5-5,8-5,8-10
,"<img src=""https://www.yakyucosmo.com/wp-content/uploads/2025/04/Giants.jpg"" alt="""" width=""10"" height=""10"" class=""alignnone size-full wp-image-6227"" />",<a href=https://npb.jp/bis/eng/teams/index_g.html>Yomiuri Giants</a>,85,41,41,3,0.500,9.5,235,241,-6,0.488,27-14(1),14-27(2),4-11,--,9-3(1),5-8(1),8-5,9-3,6-11(1)
,"<img src=""https://www.yakyucosmo.com/wp-content/uploads/2025/04/BayStars.jpg"" alt="""" width=""10"" height=""10"" class=""alignnone size-full wp-image-6228"" />",<a href=https://npb.jp/bis/eng/teams/index_db.html>DeNA BayStars</a>,82,38,40,4,0.487,10.5,252,236,16,0.530,23-18(2),15-22(2),4-8(2),3-9(1),--,6-5,9-5,9-2(1),7-11
,"<img src=""https://www.yakyucosmo.com/wp-content/uploads/2025/04/Carp.jpg"" alt="""" width=""10"" height=""10"" class=""alignnone size-full wp-image-6223"" />",<a href=https://npb.jp/bis/eng/teams/index_c.html>Hiroshima Carp</a>,82,37,41,4,0.474,11.5,246,252,-6,0.489,23-15(2),14-26(2),4-11,8-5(1),5-6,--,6-7(1),5-3(2),9-9
,"<img src=""https://www.yakyucosmo.com/wp-content/uploads/2025/04/Dragons.jpg"" alt="""" width=""10"" height=""10"" class=""alignnone size-full wp-image-6225"" />",<a href=https://npb.jp/bis/eng/teams/index_d.html>Chunichi Dragons</a>,83,37,44,2,0.457,13.0,209,254,-45,0.412,24-18(1),13-26(1),5-5,5-8,5-9,7-6(1),--,7-6(1),8-10
,"<img src=""https://www.yakyucosmo.com/wp-content/uploads/2025/04/Swallows.jpg"" alt="""" width=""10"" height=""10"" class=""alignnone size-full wp-image-6226"" />",<a href=https://npb.jp/bis/eng/teams/index_s.html>Yakult Swallows</a>,79,24,50,5,0.324,22.5,210,315,-105,0.323,13-22(3),11-28(2),5-8,3-9,2-9(1),3-5(2),6-7(1),--,5-12(1)
