#,,Team,G,W,L,T,PCT,GB,RS,RA,Diff,XPCT,Home,Road,vs H,vs F,vs B,vs E,vs L,vs M,Inter
,"<img src=""https://www.yakyucosmo.com/wp-content/uploads/2025/04/Hawks.jpg"" alt="""" width=""10"" height=""10"" class=""alignnone size-full wp-image-6220"" /> ",<a href=https://npb.jp/bis/eng/teams/index_h.html>SoftBank Hawks</a>,101,61,36,4,0.629,--,390,273,117,0.658,30-17(3),31-19(1),--,10-7,9-3(2),8-9,11-7,11-5(1),12-5(1)
,"<img src=""https://www.yakyucosmo.com/wp-content/uploads/2025/04/Fighters.jpg"" alt="""" width=""10"" height=""10"" class=""alignnone size-full wp-image-6217"" />",<a href=https://npb.jp/bis/eng/teams/index_f.html>Nipponham Fighters</a>,101,60,39,2,0.606,2.0,381,262,119,0.665,28-22,32-17(2),7-10,--,9-8(1),13-3(1),11-6,9-5,11-7
,"<img src=""https://www.yakyucosmo.com/wp-content/uploads/2025/04/Buffaloes.jpg"" alt="""" width=""10"" height=""10"" class=""alignnone size-full wp-image-6222"" />",<a href=https://npb.jp/bis/eng/teams/index_b.html>ORIX Buffaloes</a>,99,50,46,3,0.521,10.5,341,367,-26,0.466,27-22(2),23-24(1),3-9(2),8-9(1),--,9-7,8-8,11-6,11-7
,"<img src=""https://www.yakyucosmo.com/wp-content/uploads/2025/04/Eagles.jpg"" alt="""" width=""10"" height=""10"" class=""alignnone size-full wp-image-6218"" />",<a href=https://npb.jp/bis/eng/teams/index_e.html>Rakuten Eagles</a>,99,47,50,2,0.485,14.0,286,335,-49,0.428,24-22(1),23-28(1),9-8,3-13(1),7-9,--,8-7,11-5,9-8(1)
,"<img src=""https://www.yakyucosmo.com/wp-content/uploads/2025/04/Lions.jpg"" alt="""" width=""10"" height=""10"" class=""alignnone size-full wp-image-6219"" />",<a href=https://npb.jp/bis/eng/teams/index_l.html>Seibu Lions</a>,100,46,52,2,0.469,15.5,265,291,-26,0.457,27-25(1),19-27(1),7-11,6-11,8-8,7-8,--,8-6(2),10-8
,"<img src=""https://www.yakyucosmo.com/wp-content/uploads/2025/04/Marines.jpg"" alt="""" width=""10"" height=""10"" class=""alignnone size-full wp-image-6240"" />",<a href=https://npb.jp/bis/eng/teams/index_m.html>Lotte Marines</a>,98,37,58,3,0.389,23.0,289,387,-98,0.370,21-26(1),16-32(2),5-11(1),5-9,6-11,5-11,6-8(2),--,10-8
