#,,Team,G,W,L,T,PCT,GB,RS,RA,Diff,XPCT,Home,Road,vs H,vs F,vs B,vs E,vs L,vs M,Inter
,"<img src=""https://www.yakyucosmo.com/wp-content/uploads/2025/04/Hawks.jpg"" alt="""" width=""10"" height=""10"" class=""alignnone size-full wp-image-6220"" /> ",<a href=https://npb.jp/bis/eng/teams/index_h.html>SoftBank Hawks</a>,95,56,35,4,0.615,--,356,259,97,0.642,27-17(3),29-18(1),--,9-7,9-3(2),6-9,11-7,9-4(1),12-5(1)
,"<img src=""https://www.yakyucosmo.com/wp-content/uploads/2025/04/Fighters.jpg"" alt="""" width=""10"" height=""10"" class=""alignnone size-full wp-image-6217"" />",<a href=https://npb.jp/bis/eng/teams/index_f.html>Nipponham Fighters</a>,95,56,37,2,0.602,1.0,354,254,100,0.647,26-21,30-16(2),7-9,--,7-8(1),13-3(1),9-5,9-5,11-7
,"<img src=""https://www.yakyucosmo.com/wp-content/uploads/2025/04/Buffaloes.jpg"" alt="""" width=""10"" height=""10"" class=""alignnone size-full wp-image-6222"" />",<a href=https://npb.jp/bis/eng/teams/index_b.html>ORIX Buffaloes</a>,93,49,41,3,0.544,6.5,333,339,-6,0.492,27-20(2),22-21(1),3-9(2),8-7(1),--,9-4,8-8,10-6,11-7
,"<img src=""https://www.yakyucosmo.com/wp-content/uploads/2025/04/Eagles.jpg"" alt="""" width=""10"" height=""10"" class=""alignnone size-full wp-image-6218"" />",<a href=https://npb.jp/bis/eng/teams/index_e.html>Rakuten Eagles</a>,93,44,47,2,0.484,12.0,269,309,-40,0.437,21-22(1),23-25(1),9-6,3-13(1),4-9,--,8-6,11-5,9-8(1)
,"<img src=""https://www.yakyucosmo.com/wp-content/uploads/2025/04/Lions.jpg"" alt="""" width=""10"" height=""10"" class=""alignnone size-full wp-image-6219"" />",<a href=https://npb.jp/bis/eng/teams/index_l.html>Seibu Lions</a>,94,44,49,1,0.473,13.0,247,270,-23,0.459,26-24,18-25(1),7-11,5-9,8-8,6-8,--,8-5(1),10-8
,"<img src=""https://www.yakyucosmo.com/wp-content/uploads/2025/04/Marines.jpg"" alt="""" width=""10"" height=""10"" class=""alignnone size-full wp-image-6240"" />",<a href=https://npb.jp/bis/eng/teams/index_m.html>Lotte Marines</a>,92,35,55,2,0.389,20.5,270,361,-91,0.370,20-23(1),15-32(1),4-9(1),5-9,6-10,5-11,5-8(1),--,10-8
