#,,Team,G,W,L,T,PCT,GB,RS,RA,Diff,XPCT,Home,Road,vs T,vs C,vs DB,vs G,vs D,vs S
,"<img src=""https://www.yakyucosmo.com/wp-content/uploads/2025/04/Tigers.jpg"" alt="""" width=""10"" height=""10"" class=""alignnone size-full wp-image-6224"" />",<a href=https://npb.jp/bis/eng/teams/index_t.html>Hanshin Tigers</a>,41,23,16,2,0.590,--,142,100,42,0.655,11-10(1),12-6(1),--,5-4,3-3(2),8-2,3-4,4-3
,"<img src=""https://www.yakyucosmo.com/wp-content/uploads/2025/04/Carp.jpg"" alt="""" width=""10"" height=""10"" class=""alignnone size-full wp-image-6223"" />",<a href=https://npb.jp/bis/eng/teams/index_c.html>Hiroshima Carp</a>,41,22,18,1,0.550,1.5,139,110,29,0.605,15-4,7-14(1),4-5,--,4-5,6-3,4-3(1),4-2
,"<img src=""https://www.yakyucosmo.com/wp-content/uploads/2025/04/BayStars.jpg"" alt="""" width=""10"" height=""10"" class=""alignnone size-full wp-image-6228"" />",<a href=https://npb.jp/bis/eng/teams/index_db.html>DeNA BayStars</a>,40,20,17,3,0.541,2.0,139,111,28,0.601,11-7(2),9-10(1),3-3(2),5-4,--,2-4(1),5-4,5-2
,"<img src=""https://www.yakyucosmo.com/wp-content/uploads/2025/04/Giants.jpg"" alt="""" width=""10"" height=""10"" class=""alignnone size-full wp-image-6227"" />",<a href=https://npb.jp/bis/eng/teams/index_g.html>Yomiuri Giants</a>,43,21,21,1,0.500,3.5,128,141,-13,0.456,13-7,8-14(1),2-8,3-6,4-2(1),--,6-2,6-3
,"<img src=""https://www.yakyucosmo.com/wp-content/uploads/2025/04/Dragons.jpg"" alt="""" width=""10"" height=""10"" class=""alignnone size-full wp-image-6225"" />",<a href=https://npb.jp/bis/eng/teams/index_d.html>Chunichi Dragons</a>,40,17,21,2,0.447,5.5,87,121,-34,0.354,11-7(1),6-14(1),4-3,3-4(1),4-5,2-6,--,4-3(1)
,"<img src=""https://www.yakyucosmo.com/wp-content/uploads/2025/04/Swallows.jpg"" alt="""" width=""10"" height=""10"" class=""alignnone size-full wp-image-6226"" />",<a href=https://npb.jp/bis/eng/teams/index_s.html>Yakult Swallows</a>,37,13,23,1,0.361,8.5,105,157,-52,0.324,8-12(1),5-11,3-4,2-4,2-5,3-6,3-4(1),--
