Home,,,Away
<a href=https://npb.jp/bis/eng/teams/index_g.html>Yomiuri Giants</a>,3,0,<a href=https://npb.jp/bis/eng/teams/index_s.html>Yakult Swallows</a>
<a href=https://npb.jp/bis/eng/teams/index_db.html>DeNA BayStars</a>,2,1,<a href=https://npb.jp/bis/eng/teams/index_d.html>Chunichi Dragons</a>
<a href=https://npb.jp/bis/eng/teams/index_c.html>Hiroshima Carp</a>,2,0,<a href=https://npb.jp/bis/eng/teams/index_t.html>Hanshin Tigers</a>
<a href=https://npb.jp/bis/eng/teams/index_l.html>Seibu Lions</a>,5,7,<a href=https://npb.jp/bis/eng/teams/index_f.html>Nipponham Fighters</a>
<a href=https://npb.jp/bis/eng/teams/index_b.html>ORIX Buffaloes</a>,6,1,<a href=https://npb.jp/bis/eng/teams/index_e.html>Rakuten Eagles</a>
<a href=https://npb.jp/bis/eng/teams/index_h.html>SoftBank Hawks</a>,4,7,<a href=https://npb.jp/bis/eng/teams/index_m.html>Lotte Marines</a>
