#,,Team,G,W,L,T,PCT,GB,RS,RA,Diff,XPCT,Home,Road,vs F,vs L,vs B,vs H,vs E,vs M
,"<img src=""https://www.yakyucosmo.com/wp-content/uploads/2025/04/Fighters.jpg"" alt="""" width=""10"" height=""10"" class=""alignnone size-full wp-image-6217"" />",<a href=https://npb.jp/bis/eng/teams/index_f.html>Nipponham Fighters</a>,41,23,17,1,0.575,--,152,120,32,0.606,9-13,14-4(1),--,5-3,5-6(1),4-2,6-2,3-4
,"<img src=""https://www.yakyucosmo.com/wp-content/uploads/2025/04/Lions.jpg"" alt="""" width=""10"" height=""10"" class=""alignnone size-full wp-image-6219"" />",<a href=https://npb.jp/bis/eng/teams/index_l.html>Seibu Lions</a>,41,23,18,0,0.561,0.5,113,104,9,0.538,14-9,9-9,3-5,--,6-3,6-6,4-1,4-3
,"<img src=""https://www.yakyucosmo.com/wp-content/uploads/2025/04/Buffaloes.jpg"" alt="""" width=""10"" height=""10"" class=""alignnone size-full wp-image-6222"" />",<a href=https://npb.jp/bis/eng/teams/index_b.html>ORIX Buffaloes</a>,42,21,18,3,0.538,1.5,139,148,-9,0.471,9-10(2),12-8(1),6-5(1),3-6,--,1-5(2),6-2,5-0
,"<img src=""https://www.yakyucosmo.com/wp-content/uploads/2025/04/Hawks.jpg"" alt="""" width=""10"" height=""10"" class=""alignnone size-full wp-image-6220"" /> ",<a href=https://npb.jp/bis/eng/teams/index_h.html>SoftBank Hawks</a>,43,21,20,2,0.512,2.5,158,130,28,0.588,9-13(1),12-7(1),2-4,6-6,5-1(2),--,3-6,5-3
,"<img src=""https://www.yakyucosmo.com/wp-content/uploads/2025/04/Eagles.jpg"" alt="""" width=""10"" height=""10"" class=""alignnone size-full wp-image-6218"" />",<a href=https://npb.jp/bis/eng/teams/index_e.html>Rakuten Eagles</a>,41,18,23,0,0.439,5.5,115,134,-19,0.430,8-11,10-12,2-6,1-4,2-6,6-3,--,7-4
,"<img src=""https://www.yakyucosmo.com/wp-content/uploads/2025/04/Marines.jpg"" alt="""" width=""10"" height=""10"" class=""alignnone size-full wp-image-6240"" />",<a href=https://npb.jp/bis/eng/teams/index_m.html>Lotte Marines</a>,38,14,24,0,0.368,8.0,92,133,-41,0.337,6-9,8-15,4-3,3-4,0-5,3-5,4-7,--
