Rank,Pitcher,G,W,L,SV,HLD,CG,SHO,BF,IP,H,HR,SO,BB,IBB,HB,WP,R,ER,ERA,FIP,kwERA,WHIP,ERA+,FIP-,kwERA-,Diff,HR%,K%,BB%,K-BB%,Age,T,Team,League
,<a href=https://npb.jp/bis/eng/players/03905157.html>Beasley Jeremy</a>,1,0,0,0,0,0,0,23,5.1,8,0,4,0,0,0,0,3,3,5.06,1.63,3.06,1.50,58,50,83,3.43,0.0%,17.4%,0.0%,17.4%,29,R,<a href=https://npb.jp/bis/eng/teams/index_t.html>Hanshin</a>,CL
,<a href=https://npb.jp/bis/eng/players/13715150.html>Duplantier Jon</a>,1,0,0,0,0,0,0,21,6.0,3,0,8,0,0,0,0,1,1,1.50,0.47,0.99,0.50,196,14,27,1.03,0.0%,38.1%,0.0%,38.1%,30,R,<a href=https://npb.jp/bis/eng/teams/index_t.html>Hanshin</a>,CL
,<a href=https://npb.jp/bis/eng/players/33735159.html>Guerra Javy</a>,3,0,1,0,1,0,0,16,2.1,7,0,2,2,0,0,0,6,6,23.14,3.99,4.80,3.86,13,121,130,19.15,0.0%,12.5%,12.5%,0.0%,29,R,<a href=https://npb.jp/bis/eng/teams/index_t.html>Hanshin</a>,CL
,<a href=https://npb.jp/bis/eng/players/71375150.html>Ihara Takato</a>,4,0,0,0,1,0,0,17,5.1,1,0,4,0,0,0,0,0,0,0.00,1.63,2.45,0.19,999,50,67,-1.63,0.0%,23.5%,0.0%,23.5%,24,L,<a href=https://npb.jp/bis/eng/teams/index_t.html>Hanshin</a>,CL
,<a href=https://npb.jp/bis/eng/players/01105159.html>Ishiguro Yuya</a>,2,0,0,0,0,0,0,9,1.2,5,0,1,0,0,0,0,3,3,16.20,1.93,3.69,3.00,18,59,100,14.27,0.0%,11.1%,0.0%,11.1%,24,R,<a href=https://npb.jp/bis/eng/teams/index_t.html>Hanshin</a>,CL
,<a href=https://npb.jp/bis/eng/players/41145153.html>Ishii Daichi</a>,5,0,0,0,4,0,0,23,6.0,4,0,4,2,1,0,0,1,1,1.50,2.80,3.93,1.00,196,85,107,-1.30,0.0%,17.4%,8.7%,8.7%,27,R,<a href=https://npb.jp/bis/eng/teams/index_t.html>Hanshin</a>,CL
,<a href=https://npb.jp/bis/eng/players/71375153.html>Itoh Masashi</a>,1,0,0,0,0,0,0,2,0.2,0,0,0,0,0,0,0,0,0,0.00,3.13,4.80,0.00,999,95,130,-3.13,0.0%,0.0%,0.0%,0.0%,29,L,<a href=https://npb.jp/bis/eng/teams/index_t.html>Hanshin</a>,CL
,<a href=https://npb.jp/bis/eng/players/31335139.html>Iwazaki Suguru</a>,5,0,0,4,1,0,0,17,4.1,4,1,2,1,0,0,0,2,2,4.15,5.90,4.21,1.15,71,179,114,-1.75,5.9%,11.8%,5.9%,5.9%,34,L,<a href=https://npb.jp/bis/eng/teams/index_t.html>Hanshin</a>,CL
,<a href=https://npb.jp/bis/eng/players/01705155.html>Kirishiki Takuma</a>,4,0,0,0,2,0,0,15,3.2,3,0,6,0,0,1,0,1,1,2.45,0.68,0.80,0.82,120,21,22,1.77,0.0%,40.0%,0.0%,40.0%,26,L,<a href=https://npb.jp/bis/eng/teams/index_t.html>Hanshin</a>,CL
,<a href=https://npb.jp/bis/eng/players/81785150.html>Kudo Taisei</a>,4,0,0,0,1,0,0,14,3.0,2,0,4,3,0,0,0,1,1,3.00,3.47,4.09,1.67,98,105,111,-0.47,0.0%,28.6%,21.4%,7.2%,23,R,<a href=https://npb.jp/bis/eng/teams/index_t.html>Hanshin</a>,CL
,<a href=https://npb.jp/bis/eng/players/53355157.html>Mombetsu Keito</a>,2,1,1,0,0,0,0,44,10.0,13,0,5,4,0,0,0,2,2,1.80,3.33,4.57,1.70,163,101,124,-1.53,0.0%,11.4%,9.1%,2.3%,20,L,<a href=https://npb.jp/bis/eng/teams/index_t.html>Hanshin</a>,CL
,<a href=https://npb.jp/bis/eng/players/13315153.html>Murakami Shoki</a>,2,2,0,0,0,0,0,57,15.2,9,0,13,1,0,0,0,1,1,0.57,1.67,2.69,0.64,516,51,73,-1.10,0.0%,22.8%,1.8%,21.0%,27,R,<a href=https://npb.jp/bis/eng/teams/index_t.html>Hanshin</a>,CL
,<a href=https://npb.jp/bis/eng/players/91795151.html>Oyokawa Masaki</a>,5,1,0,0,2,0,0,15,4.1,1,0,3,1,0,0,0,0,0,0.00,2.44,3.47,0.46,999,74,94,-2.44,0.0%,20.0%,6.7%,13.3%,24,L,<a href=https://npb.jp/bis/eng/teams/index_t.html>Hanshin</a>,CL
,<a href=https://npb.jp/bis/eng/players/41745134.html>Saiki Hiroto</a>,1,0,1,0,0,0,0,27,5.2,7,1,7,3,0,0,0,4,4,6.35,4.55,3.32,1.76,46,138,90,1.80,3.7%,25.9%,11.1%,14.8%,26,R,<a href=https://npb.jp/bis/eng/teams/index_t.html>Hanshin</a>,CL
,<a href=https://npb.jp/bis/eng/players/51255157.html>Tomida Ren</a>,2,1,0,0,0,0,0,33,9.0,8,0,4,0,0,0,0,2,2,2.00,2.25,3.59,0.89,147,68,98,-0.25,0.0%,12.1%,0.0%,12.1%,23,L,<a href=https://npb.jp/bis/eng/teams/index_t.html>Hanshin</a>,CL
,<a href=https://npb.jp/bis/eng/players/73975159.html>Hearn Taylor</a>,4,0,0,0,3,0,0,19,4.0,7,0,3,1,0,0,0,4,4,9.00,2.38,3.75,2.00,34,69,102,6.62,0.0%,15.8%,5.3%,10.5%,30,L,<a href=https://npb.jp/bis/eng/teams/index_c.html>Hiroshima</a>,CL
,<a href=https://npb.jp/bis/eng/players/21625130.html>Horie Atsuya</a>,3,0,1,0,1,0,0,11,1.1,5,0,2,2,1,0,0,3,3,20.25,4.63,4.80,5.25,15,135,130,15.62,0.0%,18.2%,18.2%,0.0%,28,L,<a href=https://npb.jp/bis/eng/teams/index_c.html>Hiroshima</a>,CL
,<a href=https://npb.jp/bis/eng/players/91995153.html>Kuribayashi Ryoji</a>,4,0,0,2,1,0,0,17,3.1,5,0,4,2,0,0,0,7,7,18.90,2.53,3.62,2.10,16,74,98,16.37,0.0%,23.5%,11.8%,11.7%,28,R,<a href=https://npb.jp/bis/eng/teams/index_c.html>Hiroshima</a>,CL
,<a href=https://npb.jp/bis/eng/players/93395155.html>Mori Shohei</a>,2,2,0,0,0,0,0,48,12.2,7,0,10,4,0,1,0,3,3,2.13,2.74,3.55,0.87,144,80,96,-0.61,0.0%,20.8%,8.3%,12.5%,27,L,<a href=https://npb.jp/bis/eng/teams/index_c.html>Hiroshima</a>,CL
,<a href=https://npb.jp/bis/eng/players/53155151.html>Morishita Masato</a>,2,1,1,0,0,0,0,56,15.0,8,2,9,3,0,0,0,4,2,1.20,4.27,3.73,0.73,255,125,101,-3.07,3.6%,16.1%,5.4%,10.7%,27,R,<a href=https://npb.jp/bis/eng/teams/index_c.html>Hiroshima</a>,CL
,<a href=https://npb.jp/bis/eng/players/73375153.html>Moriura Daisuke</a>,4,1,0,0,2,0,0,15,4.1,2,0,6,0,0,0,0,0,0,0.00,0.36,0.80,0.46,999,11,22,-0.36,0.0%,40.0%,0.0%,40.0%,27,L,<a href=https://npb.jp/bis/eng/teams/index_c.html>Hiroshima</a>,CL
,<a href=https://npb.jp/bis/eng/players/31235133.html>Nakazaki Shota</a>,2,0,0,0,0,0,0,4,1.1,1,0,1,0,0,0,0,0,0,0.00,1.63,2.30,0.75,999,48,62,-1.63,0.0%,25.0%,0.0%,25.0%,32,R,<a href=https://npb.jp/bis/eng/teams/index_c.html>Hiroshima</a>,CL
,<a href=https://npb.jp/bis/eng/players/61365139.html>Ohsera Daichi</a>,1,0,0,0,0,0,0,22,5.0,5,0,3,2,0,0,1,1,1,1.80,3.13,4.35,1.40,170,91,118,-1.33,0.0%,13.6%,9.1%,4.5%,34,R,<a href=https://npb.jp/bis/eng/teams/index_c.html>Hiroshima</a>,CL
,<a href=https://npb.jp/bis/eng/players/91595150.html>Okamoto Shun</a>,2,0,0,0,0,0,0,7,2.0,1,0,2,0,0,0,0,0,0,0.00,1.13,1.94,0.50,999,33,53,-1.13,0.0%,28.6%,0.0%,28.6%,23,R,<a href=https://npb.jp/bis/eng/teams/index_c.html>Hiroshima</a>,CL
,<a href=https://npb.jp/bis/eng/players/31935138.html>Shimauchi Sotaro</a>,4,0,0,0,2,0,0,13,3.1,1,0,3,2,0,0,0,0,0,0.00,3.13,4.03,0.90,999,91,110,-3.13,0.0%,23.1%,15.4%,7.7%,28,R,<a href=https://npb.jp/bis/eng/teams/index_c.html>Hiroshima</a>,CL
,<a href=https://npb.jp/bis/eng/players/61065151.html>Suzuki Kenya</a>,1,0,0,0,0,0,0,9,2.0,2,0,0,1,0,0,0,1,1,4.50,4.63,5.91,1.50,68,135,161,-0.13,0.0%,0.0%,11.1%,-11.1%,27,R,<a href=https://npb.jp/bis/eng/teams/index_c.html>Hiroshima</a>,CL
,<a href=https://npb.jp/bis/eng/players/41245151.html>Tamamura Shogo</a>,1,0,1,0,0,0,0,21,5.0,5,0,3,1,0,0,0,2,2,3.60,2.53,3.85,1.20,85,74,105,1.07,0.0%,14.3%,4.8%,9.5%,24,L,<a href=https://npb.jp/bis/eng/teams/index_c.html>Hiroshima</a>,CL
,<a href=https://npb.jp/bis/eng/players/11415134.html>Tokoda Hiroki</a>,2,0,1,0,0,0,0,56,14.0,13,1,8,1,1,0,0,5,5,3.21,3.13,3.55,1.00,95,91,96,0.08,1.8%,14.3%,1.8%,12.5%,30,L,<a href=https://npb.jp/bis/eng/teams/index_c.html>Hiroshima</a>,CL
,<a href=https://npb.jp/bis/eng/players/51155136.html>Azuma Katsuki</a>,2,1,0,0,0,0,0,57,14.1,11,1,7,1,0,0,0,6,2,1.26,3.27,3.75,0.84,245,95,102,-2.01,1.8%,12.3%,1.8%,10.5%,29,L,<a href=https://npb.jp/bis/eng/teams/index_db.html>DeNA</a>,CL
,<a href=https://npb.jp/bis/eng/players/33235157.html>Bauer Trevor</a>,1,0,1,0,0,0,0,25,6.0,6,0,8,2,0,0,0,1,1,1.50,1.47,2.40,1.33,206,42,65,0.03,0.0%,32.0%,8.0%,24.0%,34,R,<a href=https://npb.jp/bis/eng/teams/index_db.html>DeNA</a>,CL
,<a href=https://npb.jp/bis/eng/players/71675134.html>Hamachi Masumi</a>,1,0,0,0,0,0,0,3,1.0,0,0,2,0,0,0,0,0,0,0.00,-0.87,-1.87,0.00,999,-25,-51,0.87,0.0%,66.7%,0.0%,66.7%,27,R,<a href=https://npb.jp/bis/eng/teams/index_db.html>DeNA</a>,CL
,<a href=https://npb.jp/bis/eng/players/71875134.html>Horioka Hayato</a>,3,0,0,0,0,0,0,20,3.2,5,0,7,4,1,0,0,2,2,4.91,2.59,3.30,2.45,63,75,90,2.32,0.0%,35.0%,20.0%,15.0%,26,R,<a href=https://npb.jp/bis/eng/teams/index_db.html>DeNA</a>,CL
,<a href=https://npb.jp/bis/eng/players/61365153.html>Irie Taisei</a>,4,0,0,1,0,0,0,18,4.0,1,0,5,4,1,1,0,1,1,2.25,4.38,4.24,1.25,137,127,115,-2.13,0.0%,27.8%,22.2%,5.6%,26,R,<a href=https://npb.jp/bis/eng/teams/index_db.html>DeNA</a>,CL
,<a href=https://npb.jp/bis/eng/players/41145151.html>Ise Hiromu</a>,4,0,0,0,4,0,0,13,3.2,2,0,3,0,0,0,0,0,0,0.00,1.50,2.49,0.55,999,43,68,-1.50,0.0%,23.1%,0.0%,23.1%,27,R,<a href=https://npb.jp/bis/eng/teams/index_db.html>DeNA</a>,CL
,<a href=https://npb.jp/bis/eng/players/21125159.html>Ishida Yutaro</a>,2,0,1,0,1,0,0,27,6.1,7,0,8,1,0,0,0,4,4,5.68,1.08,2.21,1.26,54,31,60,4.60,0.0%,29.6%,3.7%,25.9%,23,R,<a href=https://npb.jp/bis/eng/teams/index_db.html>DeNA</a>,CL
,<a href=https://npb.jp/bis/eng/players/43745159.html>Jackson Andre</a>,1,1,0,0,0,0,0,27,7.0,3,0,9,2,1,1,2,1,1,1.29,1.85,2.21,0.71,240,53,60,-0.56,0.0%,33.3%,7.4%,25.9%,29,R,<a href=https://npb.jp/bis/eng/teams/index_db.html>DeNA</a>,CL
,<a href=https://npb.jp/bis/eng/players/13715159.html>Kay Anthony</a>,1,0,0,0,0,0,0,27,7.0,4,0,8,1,0,0,0,0,0,0.00,1.28,2.21,0.71,999,37,60,-1.28,0.0%,29.6%,3.7%,25.9%,30,L,<a href=https://npb.jp/bis/eng/teams/index_db.html>DeNA</a>,CL
,<a href=https://npb.jp/bis/eng/players/51855138.html>Miyagi Daita</a>,3,0,0,0,1,0,0,17,4.2,2,0,2,2,0,0,0,0,0,0.00,3.56,4.80,0.86,999,103,130,-3.56,0.0%,11.8%,11.8%,0.0%,24,R,<a href=https://npb.jp/bis/eng/teams/index_db.html>DeNA</a>,CL
,<a href=https://npb.jp/bis/eng/players/21425153.html>Nakagawa Hayate</a>,4,0,0,0,0,0,0,18,2.1,5,0,2,4,1,1,0,2,1,3.86,7.85,5.91,3.86,80,227,161,-3.99,0.0%,11.1%,22.2%,-11.1%,26,R,<a href=https://npb.jp/bis/eng/teams/index_db.html>DeNA</a>,CL
,<a href=https://npb.jp/bis/eng/players/21225136.html>Nakagawa Koh</a>,1,0,0,0,0,0,0,4,1.0,1,0,0,0,0,0,0,0,0,0.00,3.13,4.80,1.00,999,90,130,-3.13,0.0%,0.0%,0.0%,0.0%,25,R,<a href=https://npb.jp/bis/eng/teams/index_db.html>DeNA</a>,CL
,<a href=https://npb.jp/bis/eng/players/01305138.html>Ohnuki Shinichi</a>,1,0,0,0,0,0,0,22,5.1,6,0,2,1,0,0,0,4,4,6.75,2.95,4.35,1.31,46,85,118,3.80,0.0%,9.1%,4.5%,4.6%,31,R,<a href=https://npb.jp/bis/eng/teams/index_db.html>DeNA</a>,CL
,<a href=https://npb.jp/bis/eng/players/11015151.html>Sakamoto Yuya</a>,3,1,0,0,0,0,0,12,2.1,3,1,2,2,1,0,0,2,2,7.71,9.56,4.80,2.14,40,276,130,-1.85,8.3%,16.7%,16.7%,0.0%,27,L,<a href=https://npb.jp/bis/eng/teams/index_db.html>DeNA</a>,CL
,<a href=https://npb.jp/bis/eng/players/71975134.html>Sasaki Chihaya</a>,2,0,0,0,0,0,0,10,2.0,4,0,0,1,0,0,0,1,1,4.50,4.63,5.80,2.50,69,134,158,-0.13,0.0%,0.0%,10.0%,-10.0%,31,R,<a href=https://npb.jp/bis/eng/teams/index_db.html>DeNA</a>,CL
,<a href=https://npb.jp/bis/eng/players/41045150.html>Shinogi Kentaro</a>,2,0,0,0,1,0,0,10,1.1,2,0,0,3,0,1,0,4,4,27.00,12.13,7.80,3.75,11,351,212,14.87,0.0%,0.0%,30.0%,-30.0%,23,R,<a href=https://npb.jp/bis/eng/teams/index_db.html>DeNA</a>,CL
,<a href=https://npb.jp/bis/eng/players/01905139.html>Taira Kentaro</a>,2,1,1,0,0,0,0,37,8.0,12,0,3,2,0,0,0,5,5,5.63,3.13,4.53,1.75,55,90,123,2.50,0.0%,8.1%,5.4%,2.7%,29,R,<a href=https://npb.jp/bis/eng/teams/index_db.html>DeNA</a>,CL
,<a href=https://npb.jp/bis/eng/players/41845130.html>Yamasaki Yasuaki</a>,4,0,1,1,0,0,0,11,3.0,2,1,3,0,0,0,0,1,1,3.00,5.47,2.07,0.67,103,158,56,-2.47,9.1%,27.3%,0.0%,27.3%,32,R,<a href=https://npb.jp/bis/eng/teams/index_db.html>DeNA</a>,CL
,<a href=https://npb.jp/bis/eng/players/51155155.html>Akahoshi Yuji</a>,2,1,1,0,0,0,0,38,11.0,7,2,7,0,0,0,0,3,3,2.45,4.22,2.96,0.64,122,126,80,-1.77,5.3%,18.4%,0.0%,18.4%,25,R,<a href=https://npb.jp/bis/eng/teams/index_g.html>Yomiuri</a>,CL
,<a href=https://npb.jp/bis/eng/players/23225157.html>Baldonado Alberto</a>,2,0,0,0,1,0,0,8,1.1,2,0,0,2,0,0,0,1,1,6.75,7.63,7.30,3.00,44,227,198,-0.88,0.0%,0.0%,25.0%,-25.0%,32,L,<a href=https://npb.jp/bis/eng/teams/index_g.html>Yomiuri</a>,CL
,<a href=https://npb.jp/bis/eng/players/31835157.html>Funabasama Hiromasa</a>,3,0,0,0,2,0,0,8,2.1,1,0,1,1,0,0,0,0,0,0.00,3.56,4.80,0.86,999,106,130,-3.56,0.0%,12.5%,12.5%,0.0%,28,R,<a href=https://npb.jp/bis/eng/teams/index_g.html>Yomiuri</a>,CL
,<a href=https://npb.jp/bis/eng/players/21625151.html>Hotta Kenshin</a>,2,0,0,0,0,0,0,21,4.0,8,1,2,2,0,0,0,5,5,11.25,6.88,4.80,2.50,27,205,130,4.37,4.8%,9.5%,9.5%,0.0%,24,R,<a href=https://npb.jp/bis/eng/teams/index_g.html>Yomiuri</a>,CL
,<a href=https://npb.jp/bis/eng/players/51355151.html>Inoue Haruto</a>,1,0,1,0,0,0,0,28,7.0,5,0,5,2,0,0,0,2,2,2.57,2.56,3.73,1.00,117,76,101,0.01,0.0%,17.9%,7.1%,10.8%,24,L,<a href=https://npb.jp/bis/eng/teams/index_g.html>Yomiuri</a>,CL
,<a href=https://npb.jp/bis/eng/players/61165153.html>Ishikawa Tatsuya</a>,2,1,1,0,0,0,0,39,10.0,4,0,8,5,0,0,0,1,1,0.90,3.03,4.03,0.90,333,90,110,-2.13,0.0%,20.5%,12.8%,7.7%,27,L,<a href=https://npb.jp/bis/eng/teams/index_g.html>Yomiuri</a>,CL
,<a href=https://npb.jp/bis/eng/players/01105138.html>Izumi Keisuke</a>,3,0,0,0,0,0,0,16,4.0,1,0,3,2,0,1,0,0,0,0.00,3.88,4.18,0.75,999,116,114,-3.88,0.0%,18.8%,12.5%,6.3%,28,R,<a href=https://npb.jp/bis/eng/teams/index_g.html>Yomiuri</a>,CL
,<a href=https://npb.jp/bis/eng/players/73975155.html>Keller Kyle</a>,2,0,0,0,0,0,0,8,2.0,2,1,1,0,0,0,0,1,1,4.50,8.63,3.55,1.00,67,257,96,-4.13,12.5%,12.5%,0.0%,12.5%,32,R,<a href=https://npb.jp/bis/eng/teams/index_g.html>Yomiuri</a>,CL
,<a href=https://npb.jp/bis/eng/players/23925134.html>Martinez Raidel</a>,4,1,0,3,0,0,0,15,4.0,1,0,4,2,0,0,0,0,0,0.00,2.63,3.47,0.75,999,78,94,-2.63,0.0%,26.7%,13.3%,13.4%,28,R,<a href=https://npb.jp/bis/eng/teams/index_g.html>Yomiuri</a>,CL
,<a href=https://npb.jp/bis/eng/players/81285132.html>Nakagawa Kota</a>,1,0,0,0,0,0,0,3,1.0,0,0,2,0,0,0,0,0,0,0.00,-0.87,-1.87,0.00,999,-26,-51,0.87,0.0%,66.7%,0.0%,66.7%,31,L,<a href=https://npb.jp/bis/eng/teams/index_g.html>Yomiuri</a>,CL
,<a href=https://npb.jp/bis/eng/players/81085155.html>Ota Taisei</a>,3,0,0,0,2,0,0,10,3.0,1,0,3,0,0,0,0,0,0,0.00,1.13,1.80,0.33,999,34,49,-1.13,0.0%,30.0%,0.0%,30.0%,26,R,<a href=https://npb.jp/bis/eng/teams/index_g.html>Yomiuri</a>,CL
,<a href=https://npb.jp/bis/eng/players/91095134.html>Takanashi Yuhei</a>,3,0,0,0,1,0,0,11,2.1,1,0,3,2,1,1,0,1,1,3.86,4.42,3.89,1.29,78,132,106,-0.56,0.0%,27.3%,18.2%,9.1%,32,L,<a href=https://npb.jp/bis/eng/teams/index_g.html>Yomiuri</a>,CL
,<a href=https://npb.jp/bis/eng/players/61065136.html>Tanaka Eito</a>,4,0,0,0,2,0,0,16,4.0,5,0,1,0,0,0,0,1,1,2.25,2.63,4.18,1.25,133,78,114,-0.38,0.0%,6.2%,0.0%,6.2%,25,R,<a href=https://npb.jp/bis/eng/teams/index_g.html>Yomiuri</a>,CL
,<a href=https://npb.jp/bis/eng/players/11215114.html>Tanaka Masahiro</a>,1,1,0,0,0,0,0,21,5.0,5,0,1,3,0,0,0,1,1,1.80,4.53,5.75,1.60,167,135,156,-2.73,0.0%,4.8%,14.3%,-9.5%,36,R,<a href=https://npb.jp/bis/eng/teams/index_g.html>Yomiuri</a>,CL
,<a href=https://npb.jp/bis/eng/players/41045138.html>Togo Shosei</a>,2,0,1,0,0,0,0,39,8.0,11,0,4,3,0,0,0,7,5,5.63,3.26,4.54,1.75,53,97,123,2.37,0.0%,10.3%,7.7%,2.6%,25,R,<a href=https://npb.jp/bis/eng/teams/index_g.html>Yomiuri</a>,CL
,<a href=https://npb.jp/bis/eng/players/03305153.html>Yamasaki Iori</a>,1,1,0,0,0,0,0,29,8.0,5,0,7,1,0,0,0,0,0,0.00,1.76,2.73,0.75,999,52,74,-1.76,0.0%,24.1%,3.4%,20.7%,26,R,<a href=https://npb.jp/bis/eng/teams/index_g.html>Yomiuri</a>,CL
,<a href=https://npb.jp/bis/eng/players/81885138.html>Yokogawa Kai</a>,2,0,0,0,0,0,0,13,4.0,1,0,3,0,0,0,0,0,0,0.00,1.63,2.49,0.25,999,49,68,-1.63,0.0%,23.1%,0.0%,23.1%,24,L,<a href=https://npb.jp/bis/eng/teams/index_g.html>Yomiuri</a>,CL
,<a href=https://npb.jp/bis/eng/players/11615134.html>Hasegawa Hiroki</a>,2,0,0,0,0,0,0,7,1.0,1,0,0,2,0,1,0,0,0,0.00,12.13,7.66,3.00,999,330,208,-12.13,0.0%,0.0%,28.6%,-28.6%,26,L,<a href=https://npb.jp/bis/eng/teams/index_s.html>Yakult</a>,CL
,<a href=https://npb.jp/bis/eng/players/11815134.html>Hoshi Tomoya</a>,1,0,0,0,0,0,0,2,0.0,0,0,0,2,0,0,0,0,0,0.00,,14.80,,999,,402,-inf,0.0%,0.0%,100.0%,-100.0%,31,R,<a href=https://npb.jp/bis/eng/teams/index_s.html>Yakult</a>,CL
,<a href=https://npb.jp/bis/eng/players/21125137.html>Ishiyama Taichi</a>,4,0,0,1,2,0,0,12,4.0,0,0,6,0,0,0,0,0,0,0.00,0.13,-0.20,0.00,999,4,-5,-0.13,0.0%,50.0%,0.0%,50.0%,36,R,<a href=https://npb.jp/bis/eng/teams/index_s.html>Yakult</a>,CL
,<a href=https://npb.jp/bis/eng/players/51555136.html>Kanakubo Yuto</a>,1,0,0,0,0,0,0,15,2.2,6,2,1,1,0,0,1,5,5,16.88,13.26,4.80,2.63,19,360,130,3.62,13.3%,6.7%,6.7%,0.0%,25,R,<a href=https://npb.jp/bis/eng/teams/index_s.html>Yakult</a>,CL
,<a href=https://npb.jp/bis/eng/players/11915153.html>Kizawa Naofumi</a>,4,1,0,0,2,0,0,12,3.2,1,0,1,1,0,0,0,0,0,0.00,3.41,4.80,0.55,999,93,130,-3.41,0.0%,8.3%,8.3%,0.0%,27,R,<a href=https://npb.jp/bis/eng/teams/index_s.html>Yakult</a>,CL
,<a href=https://npb.jp/bis/eng/players/01705132.html>Kozawa Reiji</a>,4,0,1,0,1,0,0,19,3.1,4,1,2,5,2,0,0,2,2,5.40,10.33,6.38,2.70,61,281,173,-4.93,5.3%,10.5%,26.3%,-15.8%,27,R,<a href=https://npb.jp/bis/eng/teams/index_s.html>Yakult</a>,CL
,<a href=https://npb.jp/bis/eng/players/93995150.html>Lambert Peter</a>,1,1,0,0,0,0,0,21,6.0,3,0,4,1,0,0,0,0,0,0.00,2.30,3.37,0.67,999,63,92,-2.30,0.0%,19.0%,4.8%,14.2%,28,R,<a href=https://npb.jp/bis/eng/teams/index_s.html>Yakult</a>,CL
,<a href=https://npb.jp/bis/eng/players/11515137.html>Ogawa Yasuhiro</a>,1,1,0,0,0,1,1,29,9.0,2,0,4,0,0,0,0,0,0,0.00,2.25,3.42,0.22,999,61,93,-2.25,0.0%,13.8%,0.0%,13.8%,35,R,<a href=https://npb.jp/bis/eng/teams/index_s.html>Yakult</a>,CL
,<a href=https://npb.jp/bis/eng/players/31735151.html>Okugawa Yasunobu</a>,2,0,0,0,0,0,0,47,11.0,14,1,4,1,0,0,0,5,5,4.09,3.86,4.16,1.36,80,105,113,0.23,2.1%,8.5%,2.1%,6.4%,24,R,<a href=https://npb.jp/bis/eng/teams/index_s.html>Yakult</a>,CL
,<a href=https://npb.jp/bis/eng/players/81785136.html>Sakaguchi Kousuke</a>,3,0,0,0,0,0,0,19,5.0,0,0,1,4,0,1,0,0,0,0.00,5.73,6.38,0.80,999,156,173,-5.73,0.0%,5.3%,21.1%,-15.8%,25,R,<a href=https://npb.jp/bis/eng/teams/index_s.html>Yakult</a>,CL
,<a href=https://npb.jp/bis/eng/players/51955138.html>Shimizu Noboru</a>,4,0,1,0,2,0,0,14,3.2,3,0,4,0,0,0,0,1,1,2.45,0.95,1.94,0.82,134,26,53,1.50,0.0%,28.6%,0.0%,28.6%,28,R,<a href=https://npb.jp/bis/eng/teams/index_s.html>Yakult</a>,CL
,<a href=https://npb.jp/bis/eng/players/91295150.html>Shoji Kota</a>,4,0,0,0,0,0,0,16,4.0,2,0,6,2,0,0,0,0,0,0.00,1.63,2.30,1.00,999,44,62,-1.63,0.0%,37.5%,12.5%,25.0%,25,L,<a href=https://npb.jp/bis/eng/teams/index_s.html>Yakult</a>,CL
,<a href=https://npb.jp/bis/eng/players/41945139.html>Taguchi Kazuto</a>,3,0,0,0,1,0,0,17,3.0,6,0,3,0,0,1,1,3,3,9.00,2.13,3.04,2.00,37,58,83,6.87,0.0%,17.6%,0.0%,17.6%,29,L,<a href=https://npb.jp/bis/eng/teams/index_s.html>Yakult</a>,CL
,<a href=https://npb.jp/bis/eng/players/51055132.html>Takahashi Keiji</a>,1,0,1,0,0,0,0,19,4.0,4,0,4,3,0,0,1,2,2,4.50,3.38,4.27,1.75,73,92,116,1.12,0.0%,21.1%,15.8%,5.3%,28,L,<a href=https://npb.jp/bis/eng/teams/index_s.html>Yakult</a>,CL
,<a href=https://npb.jp/bis/eng/players/21925139.html>Takanashi Hirotoshi</a>,1,0,0,0,0,0,0,22,6.0,4,0,6,1,0,1,0,1,1,1.50,2.13,2.53,0.83,219,58,69,-0.63,0.0%,27.3%,4.5%,22.8%,34,R,<a href=https://npb.jp/bis/eng/teams/index_s.html>Yakult</a>,CL
,<a href=https://npb.jp/bis/eng/players/93195136.html>Yamamoto Daiki</a>,2,0,0,0,0,0,0,6,1.0,2,1,0,1,0,0,0,2,2,18.00,19.13,6.47,3.00,18,520,176,-1.13,16.7%,0.0%,16.7%,-16.7%,29,L,<a href=https://npb.jp/bis/eng/teams/index_s.html>Yakult</a>,CL
,<a href=https://npb.jp/bis/eng/players/63365153.html>Yamano Taichi</a>,1,0,0,0,0,0,0,24,6.0,6,2,4,0,0,0,0,4,4,6.00,6.13,3.13,1.00,55,167,85,-0.13,8.3%,16.7%,0.0%,16.7%,26,L,<a href=https://npb.jp/bis/eng/teams/index_s.html>Yakult</a>,CL
,<a href=https://npb.jp/bis/eng/players/53555157.html>Yoshimura Kojiro</a>,1,0,1,0,0,0,0,12,1.1,6,0,0,0,0,0,0,7,4,27.00,3.13,4.80,4.50,12,85,130,23.87,0.0%,0.0%,0.0%,0.0%,27,R,<a href=https://npb.jp/bis/eng/teams/index_s.html>Yakult</a>,CL
,<a href=https://npb.jp/bis/eng/players/21625134.html>Fujishima Kento</a>,3,0,0,0,0,0,0,13,3.0,3,0,2,1,0,0,0,1,1,3.00,2.80,4.03,1.33,94,89,110,0.20,0.0%,15.4%,7.7%,7.7%,27,R,<a href=https://npb.jp/bis/eng/teams/index_d.html>Chunichi</a>,CL
,<a href=https://npb.jp/bis/eng/players/21425151.html>Hashimoto Yuki</a>,2,0,0,0,0,0,0,8,2.0,1,0,0,2,1,0,0,0,0,0.00,6.13,7.30,1.50,999,194,198,-6.13,0.0%,0.0%,25.0%,-25.0%,27,L,<a href=https://npb.jp/bis/eng/teams/index_d.html>Chunichi</a>,CL
,<a href=https://npb.jp/bis/eng/players/31335116.html>Iwasaki Sho</a>,1,1,0,0,0,0,0,5,1.0,2,0,0,0,0,0,0,0,0,0.00,3.13,4.80,2.00,999,99,130,-3.13,0.0%,0.0%,0.0%,0.0%,35,R,<a href=https://npb.jp/bis/eng/teams/index_d.html>Chunichi</a>,CL
,<a href=https://npb.jp/bis/eng/players/21525138.html>Katsuno Akiyoshi</a>,2,0,0,0,1,0,0,6,2.0,0,0,4,0,0,0,0,0,0,0.00,-0.87,-1.87,0.00,999,-28,-51,0.87,0.0%,66.7%,0.0%,66.7%,28,R,<a href=https://npb.jp/bis/eng/teams/index_d.html>Chunichi</a>,CL
,<a href=https://npb.jp/bis/eng/players/13015150.html>Marte Yunior</a>,3,0,0,0,1,0,0,10,3.0,1,0,0,0,0,0,0,0,0,0.00,3.13,4.80,0.33,999,99,130,-3.13,0.0%,0.0%,0.0%,0.0%,30,R,<a href=https://npb.jp/bis/eng/teams/index_d.html>Chunichi</a>,CL
,<a href=https://npb.jp/bis/eng/players/21225137.html>Matsuba Takahiro</a>,2,1,1,0,0,0,0,44,12.0,6,1,6,2,0,0,0,2,2,1.50,3.72,3.89,0.67,188,118,106,-2.22,2.3%,13.6%,4.5%,9.1%,34,L,<a href=https://npb.jp/bis/eng/teams/index_d.html>Chunichi</a>,CL
,<a href=https://npb.jp/bis/eng/players/61865157.html>Matsuyama Shinya</a>,4,0,0,3,0,0,0,16,4.0,4,0,2,0,0,0,0,1,1,2.25,2.13,3.55,1.00,125,68,96,0.12,0.0%,12.5%,0.0%,12.5%,25,R,<a href=https://npb.jp/bis/eng/teams/index_d.html>Chunichi</a>,CL
,<a href=https://npb.jp/bis/eng/players/93295157.html>Mejia Humberto</a>,2,1,1,0,0,0,0,52,13.0,12,4,6,1,0,0,0,7,7,4.85,6.44,3.84,1.00,58,204,104,-1.59,7.7%,11.5%,1.9%,9.6%,28,R,<a href=https://npb.jp/bis/eng/teams/index_d.html>Chunichi</a>,CL
,<a href=https://npb.jp/bis/eng/players/13915150.html>Muller Kyle</a>,1,0,0,0,0,0,0,18,5.0,3,1,9,0,0,0,1,1,1,1.80,2.13,-0.20,0.60,157,68,-5,-0.33,5.6%,50.0%,0.0%,50.0%,27,L,<a href=https://npb.jp/bis/eng/teams/index_d.html>Chunichi</a>,CL
,<a href=https://npb.jp/bis/eng/players/11515133.html>Ohno Yudai</a>,1,0,1,0,0,0,0,23,5.0,8,0,2,1,0,0,0,4,2,3.60,2.93,4.37,1.80,78,93,119,0.67,0.0%,8.7%,4.3%,4.4%,36,L,<a href=https://npb.jp/bis/eng/teams/index_d.html>Chunichi</a>,CL
,<a href=https://npb.jp/bis/eng/players/11915130.html>Saitoh Kohki</a>,4,0,0,0,2,0,0,15,4.0,2,0,2,1,0,0,0,0,0,0.00,2.88,4.13,0.75,999,91,112,-2.88,0.0%,13.3%,6.7%,6.6%,28,L,<a href=https://npb.jp/bis/eng/teams/index_d.html>Chunichi</a>,CL
,<a href=https://npb.jp/bis/eng/players/01905136.html>Shimizu Tatsuya</a>,4,0,0,0,4,0,0,18,4.0,2,0,3,4,1,1,0,0,0,0.00,5.38,5.36,1.50,999,171,146,-5.38,0.0%,16.7%,22.2%,-5.5%,25,R,<a href=https://npb.jp/bis/eng/teams/index_d.html>Chunichi</a>,CL
,<a href=https://npb.jp/bis/eng/players/91995139.html>Sobue Daisuke</a>,3,0,0,0,0,0,0,14,4.0,3,0,2,2,0,0,0,0,0,0.00,3.63,4.80,1.25,999,115,130,-3.63,0.0%,14.3%,14.3%,0.0%,37,R,<a href=https://npb.jp/bis/eng/teams/index_d.html>Chunichi</a>,CL
,<a href=https://npb.jp/bis/eng/players/61265153.html>Takahashi Hiroto</a>,2,0,1,0,0,0,0,52,13.0,11,0,8,3,0,1,1,6,5,3.46,2.83,3.84,1.08,81,90,104,0.63,0.0%,15.4%,5.8%,9.6%,22,R,<a href=https://npb.jp/bis/eng/teams/index_d.html>Chunichi</a>,CL
,<a href=https://npb.jp/bis/eng/players/63165134.html>Yanagi Yuya</a>,1,0,1,0,0,0,0,24,6.0,6,0,6,0,0,2,0,2,2,3.00,2.13,2.30,1.00,94,68,62,0.87,0.0%,25.0%,0.0%,25.0%,31,R,<a href=https://npb.jp/bis/eng/teams/index_d.html>Chunichi</a>,CL
,<a href=https://npb.jp/bis/eng/players/43545159.html>Espinoza Anderson</a>,1,0,0,0,0,0,0,22,5.1,4,0,4,2,0,0,0,2,2,3.38,2.76,3.89,1.13,88,83,106,0.62,0.0%,18.2%,9.1%,9.1%,27,R,<a href=https://npb.jp/bis/eng/teams/index_b.html>ORIX</a>,PL
,<a href=https://npb.jp/bis/eng/players/81285112.html>Hirano Yoshihisa</a>,2,0,0,1,0,0,0,9,2.0,2,0,1,1,0,0,0,0,0,0.00,3.63,4.80,1.50,999,109,130,-3.63,0.0%,11.1%,11.1%,0.0%,41,R,<a href=https://npb.jp/bis/eng/teams/index_b.html>ORIX</a>,PL
,<a href=https://npb.jp/bis/eng/players/41745159.html>Kotajima Seiryu</a>,4,0,0,0,2,0,0,17,4.0,3,0,6,2,0,0,0,1,1,2.25,1.63,2.45,1.25,132,49,67,0.62,0.0%,35.3%,11.8%,23.5%,26,R,<a href=https://npb.jp/bis/eng/teams/index_b.html>ORIX</a>,PL
,<a href=https://npb.jp/bis/eng/players/71775139.html>Kuri Allen</a>,2,1,0,0,0,0,0,55,14.0,12,1,7,5,0,0,0,3,3,1.93,4.13,4.44,1.21,154,124,121,-2.20,1.8%,12.7%,9.1%,3.6%,33,R,<a href=https://npb.jp/bis/eng/teams/index_b.html>ORIX</a>,PL
,<a href=https://npb.jp/bis/eng/players/43945159.html>Machado Andres</a>,5,1,0,3,1,0,0,21,5.0,5,0,6,1,0,0,0,1,1,1.80,1.33,2.42,1.20,165,40,66,0.47,0.0%,28.6%,4.8%,23.8%,32,R,<a href=https://npb.jp/bis/eng/teams/index_b.html>ORIX</a>,PL
,<a href=https://npb.jp/bis/eng/players/71875151.html>Miyagi Hiroya</a>,2,1,0,0,0,0,0,57,16.0,9,2,16,1,0,0,0,4,4,2.25,2.95,2.17,0.62,132,89,59,-0.70,3.5%,28.1%,1.8%,26.3%,23,L,<a href=https://npb.jp/bis/eng/teams/index_b.html>ORIX</a>,PL
,<a href=https://npb.jp/bis/eng/players/13215157.html>Perdomo Luis</a>,4,0,0,0,3,0,0,16,4.0,3,0,2,2,0,0,0,0,0,0.00,3.63,4.80,1.25,999,109,130,-3.63,0.0%,12.5%,12.5%,0.0%,32,R,<a href=https://npb.jp/bis/eng/teams/index_b.html>ORIX</a>,PL
,<a href=https://npb.jp/bis/eng/players/81985157.html>Sotani Ryuhei</a>,1,1,0,0,0,0,0,26,6.0,4,0,5,3,1,0,0,1,0,0.00,2.97,4.03,1.17,999,89,110,-2.97,0.0%,19.2%,11.5%,7.7%,24,L,<a href=https://npb.jp/bis/eng/teams/index_b.html>ORIX</a>,PL
,<a href=https://npb.jp/bis/eng/players/61965136.html>Suzuki Hiroshi</a>,4,0,0,0,2,0,0,14,3.2,3,0,2,0,0,0,0,0,0,0.00,2.04,3.37,0.82,999,61,92,-2.04,0.0%,14.3%,0.0%,14.3%,28,R,<a href=https://npb.jp/bis/eng/teams/index_b.html>ORIX</a>,PL
,<a href=https://npb.jp/bis/eng/players/61065159.html>Takashima Taito</a>,2,1,0,0,0,0,0,36,8.0,11,1,3,3,0,0,0,3,3,3.38,5.13,4.80,1.75,88,154,130,-1.75,2.8%,8.3%,8.3%,0.0%,25,R,<a href=https://npb.jp/bis/eng/teams/index_b.html>ORIX</a>,PL
,<a href=https://npb.jp/bis/eng/players/61465131.html>Yamada Nobuyoshi</a>,3,1,1,0,1,0,0,11,2.1,2,0,3,2,0,0,0,2,2,7.71,3.13,3.89,1.71,39,94,106,4.58,0.0%,27.3%,18.2%,9.1%,33,L,<a href=https://npb.jp/bis/eng/teams/index_b.html>ORIX</a>,PL
,<a href=https://npb.jp/bis/eng/players/33335134.html>Yamazaki Soichiro</a>,3,1,0,0,0,0,0,14,2.2,5,0,4,1,0,0,0,3,3,10.13,1.26,2.66,2.25,29,38,72,8.87,0.0%,28.6%,7.1%,21.5%,27,R,<a href=https://npb.jp/bis/eng/teams/index_b.html>ORIX</a>,PL
,<a href=https://npb.jp/bis/eng/players/93995155.html>Guerrero Tayron</a>,4,1,1,1,1,0,0,16,4.0,2,0,7,2,0,0,0,1,1,2.25,1.13,1.67,1.00,138,33,45,1.12,0.0%,43.8%,12.5%,31.3%,34,R,<a href=https://npb.jp/bis/eng/teams/index_m.html>Lotte</a>,PL
,<a href=https://npb.jp/bis/eng/players/61165139.html>Ishikawa Shuta</a>,1,0,0,0,0,0,0,8,1.1,3,0,0,0,0,1,0,0,0,0.00,5.38,4.80,2.25,999,155,130,-5.38,0.0%,0.0%,0.0%,0.0%,33,R,<a href=https://npb.jp/bis/eng/teams/index_m.html>Lotte</a>,PL
,<a href=https://npb.jp/bis/eng/players/91595157.html>Kikuchi Riku</a>,3,0,0,0,0,0,0,13,3.0,3,0,2,1,0,0,0,1,1,3.00,2.80,4.03,1.33,104,81,110,0.20,0.0%,15.4%,7.7%,7.7%,25,R,<a href=https://npb.jp/bis/eng/teams/index_m.html>Lotte</a>,PL
,<a href=https://npb.jp/bis/eng/players/71775159.html>Kimura Yuto</a>,2,1,0,0,0,0,0,12,4.0,0,0,3,0,0,0,0,0,0,0.00,1.63,2.30,0.00,999,47,62,-1.63,0.0%,25.0%,0.0%,25.0%,20,R,<a href=https://npb.jp/bis/eng/teams/index_m.html>Lotte</a>,PL
,<a href=https://npb.jp/bis/eng/players/71675135.html>Masuda Naoya</a>,1,0,0,1,0,0,0,3,1.0,0,0,1,0,0,0,0,0,0,0.00,1.13,1.47,0.00,999,33,40,-1.13,0.0%,33.3%,0.0%,33.3%,35,R,<a href=https://npb.jp/bis/eng/teams/index_m.html>Lotte</a>,PL
,<a href=https://npb.jp/bis/eng/players/31635153.html>Nakamori Shunsuke</a>,3,1,1,0,0,0,0,28,7.0,6,1,6,1,0,0,0,3,3,3.86,3.71,3.01,1.00,80,107,82,0.15,3.6%,21.4%,3.6%,17.8%,23,R,<a href=https://npb.jp/bis/eng/teams/index_m.html>Lotte</a>,PL
,<a href=https://npb.jp/bis/eng/players/01205118.html>Nishino Yuji</a>,1,0,0,0,0,0,0,24,6.0,6,0,3,1,0,0,0,1,1,1.50,2.63,3.97,1.17,207,76,108,-1.13,0.0%,12.5%,4.2%,8.3%,34,R,<a href=https://npb.jp/bis/eng/teams/index_m.html>Lotte</a>,PL
,<a href=https://npb.jp/bis/eng/players/11515138.html>Ojima Kazuya</a>,2,1,0,0,0,0,0,48,12.0,8,0,11,6,0,0,0,1,1,0.75,2.80,3.76,1.17,414,81,102,-2.05,0.0%,22.9%,12.5%,10.4%,28,L,<a href=https://npb.jp/bis/eng/teams/index_m.html>Lotte</a>,PL
,<a href=https://npb.jp/bis/eng/players/51555130.html>Ono Fumiya</a>,3,0,0,0,0,0,0,15,3.0,1,0,4,3,0,0,0,2,0,0.00,3.47,4.13,1.33,999,100,112,-3.47,0.0%,26.7%,20.0%,6.7%,28,R,<a href=https://npb.jp/bis/eng/teams/index_m.html>Lotte</a>,PL
,<a href=https://npb.jp/bis/eng/players/81985133.html>Sawamura Hirokazu</a>,1,0,0,0,0,0,0,4,1.0,0,0,0,1,0,0,0,0,0,0.00,6.13,7.30,1.00,999,176,198,-6.13,0.0%,0.0%,25.0%,-25.0%,37,R,<a href=https://npb.jp/bis/eng/teams/index_m.html>Lotte</a>,PL
,<a href=https://npb.jp/bis/eng/players/71275153.html>Suzuki Shota</a>,3,0,0,1,1,0,0,13,3.0,3,0,3,1,0,0,0,0,0,0.00,2.13,3.26,1.33,999,61,89,-2.13,0.0%,23.1%,7.7%,15.4%,26,L,<a href=https://npb.jp/bis/eng/teams/index_m.html>Lotte</a>,PL
,<a href=https://npb.jp/bis/eng/players/31035157.html>Takano Shuta</a>,2,0,0,0,2,0,0,21,5.2,4,0,8,0,0,0,0,0,0,0.00,0.31,0.99,0.71,999,9,27,-0.31,0.0%,38.1%,0.0%,38.1%,26,L,<a href=https://npb.jp/bis/eng/teams/index_m.html>Lotte</a>,PL
,<a href=https://npb.jp/bis/eng/players/01005157.html>Tanaka Haruya</a>,1,0,1,0,0,0,0,25,5.0,9,1,7,1,0,0,0,2,2,3.60,3.53,2.40,2.00,86,102,65,0.07,4.0%,28.0%,4.0%,24.0%,21,R,<a href=https://npb.jp/bis/eng/teams/index_m.html>Lotte</a>,PL
,<a href=https://npb.jp/bis/eng/players/71275134.html>Taneichi Atsuki</a>,1,0,0,0,0,0,0,30,6.0,8,1,5,2,0,0,1,4,1,1.50,4.63,3.80,1.67,207,133,103,-3.13,3.3%,16.7%,6.7%,10.0%,26,R,<a href=https://npb.jp/bis/eng/teams/index_m.html>Lotte</a>,PL
,<a href=https://npb.jp/bis/eng/players/33035150.html>Voth Austin</a>,2,0,1,0,0,0,0,43,9.0,14,1,9,4,0,0,1,7,7,7.00,3.91,3.64,2.00,44,112,99,3.09,2.3%,20.9%,9.3%,11.6%,33,R,<a href=https://npb.jp/bis/eng/teams/index_m.html>Lotte</a>,PL
,<a href=https://npb.jp/bis/eng/players/23125151.html>Yokoyama Rikuto</a>,2,0,0,0,1,0,0,9,2.0,4,0,2,0,0,0,0,2,2,9.00,1.13,2.58,2.00,35,33,70,7.87,0.0%,22.2%,0.0%,22.2%,23,R,<a href=https://npb.jp/bis/eng/teams/index_m.html>Lotte</a>,PL
,<a href=https://npb.jp/bis/eng/players/51155130.html>Arihara Kohei</a>,2,0,2,0,0,0,0,49,10.1,14,1,4,2,0,1,0,13,13,11.32,4.49,4.39,1.55,27,130,119,6.83,2.0%,8.2%,4.1%,4.1%,32,R,<a href=https://npb.jp/bis/eng/teams/index_h.html>SoftBank</a>,PL
,<a href=https://npb.jp/bis/eng/players/51655130.html>Fujii Kouya</a>,3,0,1,0,0,0,0,13,3.0,4,1,4,0,0,0,0,2,2,6.00,4.80,1.72,1.33,52,139,47,1.20,7.7%,30.8%,0.0%,30.8%,28,R,<a href=https://npb.jp/bis/eng/teams/index_h.html>SoftBank</a>,PL
,<a href=https://npb.jp/bis/eng/players/33435157.html>Hernandez Darwinzon</a>,3,0,1,0,1,0,0,12,1.2,6,0,3,1,0,0,0,5,5,27.00,1.33,3.13,4.20,11,38,85,25.67,0.0%,25.0%,8.3%,16.7%,28,L,<a href=https://npb.jp/bis/eng/teams/index_h.html>SoftBank</a>,PL
,<a href=https://npb.jp/bis/eng/players/71875157.html>Maeda Jun</a>,1,0,1,0,0,0,0,20,4.1,4,0,1,1,0,1,0,2,1,2.08,4.06,4.80,1.15,149,117,130,-1.98,0.0%,5.0%,5.0%,0.0%,25,L,<a href=https://npb.jp/bis/eng/teams/index_h.html>SoftBank</a>,PL
,<a href=https://npb.jp/bis/eng/players/41845157.html>Matsumoto Haru</a>,2,0,0,0,0,0,0,15,4.0,3,0,5,0,0,0,0,0,0,0.00,0.63,1.47,0.75,999,18,40,-0.63,0.0%,33.3%,0.0%,33.3%,24,L,<a href=https://npb.jp/bis/eng/teams/index_h.html>SoftBank</a>,PL
,<a href=https://npb.jp/bis/eng/players/61665130.html>Matsumoto Yuki</a>,2,0,0,0,1,0,0,6,2.0,0,0,1,0,0,0,0,0,0,0.00,2.13,3.13,0.00,999,62,85,-2.13,0.0%,16.7%,0.0%,16.7%,29,R,<a href=https://npb.jp/bis/eng/teams/index_h.html>SoftBank</a>,PL
,<a href=https://npb.jp/bis/eng/players/63965134.html>Moinelo Livan</a>,1,1,0,0,0,0,0,24,7.0,2,1,6,1,0,1,0,1,1,1.29,4.13,2.72,0.43,240,119,74,-2.84,4.2%,25.0%,4.2%,20.8%,29,L,<a href=https://npb.jp/bis/eng/teams/index_h.html>SoftBank</a>,PL
,<a href=https://npb.jp/bis/eng/players/61365136.html>Ogata Shuto</a>,3,0,0,0,0,0,0,13,2.0,4,0,0,2,0,0,0,2,2,9.00,6.13,6.34,3.00,34,177,172,2.87,0.0%,0.0%,15.4%,-15.4%,26,R,<a href=https://npb.jp/bis/eng/teams/index_h.html>SoftBank</a>,PL
,<a href=https://npb.jp/bis/eng/players/11515159.html>Ohyama Ryo</a>,3,0,0,0,0,0,0,13,3.0,3,0,1,1,0,0,0,0,0,0.00,3.47,4.80,1.33,999,100,130,-3.47,0.0%,7.7%,7.7%,0.0%,23,R,<a href=https://npb.jp/bis/eng/teams/index_h.html>SoftBank</a>,PL
,<a href=https://npb.jp/bis/eng/players/01505151.html>Ohzeki Tomohisa</a>,2,0,0,0,0,0,0,44,11.0,6,2,3,4,0,1,0,5,5,4.09,6.32,5.03,0.91,76,183,137,-2.23,4.5%,6.8%,9.1%,-2.3%,27,L,<a href=https://npb.jp/bis/eng/teams/index_h.html>SoftBank</a>,PL
,<a href=https://npb.jp/bis/eng/players/13415155.html>Osuna Roberto</a>,3,0,0,0,1,0,0,10,3.0,1,0,1,0,0,0,0,0,0,0.00,2.47,3.80,0.33,999,71,103,-2.47,0.0%,10.0%,0.0%,10.0%,30,R,<a href=https://npb.jp/bis/eng/teams/index_h.html>SoftBank</a>,PL
,<a href=https://npb.jp/bis/eng/players/91995138.html>Sugiyama Kazuki</a>,4,0,1,0,0,0,0,17,4.0,4,1,2,2,0,0,2,3,2,4.50,6.88,4.80,1.50,69,199,130,-2.38,5.9%,11.8%,11.8%,0.0%,27,R,<a href=https://npb.jp/bis/eng/teams/index_h.html>SoftBank</a>,PL
,<a href=https://npb.jp/bis/eng/players/81285151.html>Tsumori Yuki</a>,2,0,0,0,0,0,0,21,4.0,5,0,2,2,0,2,0,1,1,2.25,5.13,4.80,1.75,137,148,130,-2.88,0.0%,9.5%,9.5%,0.0%,27,R,<a href=https://npb.jp/bis/eng/teams/index_h.html>SoftBank</a>,PL
,<a href=https://npb.jp/bis/eng/players/51355135.html>Uwasawa Naoyuki</a>,2,1,0,0,0,0,0,46,12.2,9,1,5,2,0,0,0,3,3,2.13,3.84,4.15,0.87,145,111,113,-1.71,2.2%,10.9%,4.3%,6.6%,31,R,<a href=https://npb.jp/bis/eng/teams/index_h.html>SoftBank</a>,PL
,<a href=https://npb.jp/bis/eng/players/11515150.html>Ehara Masahiro</a>,2,0,1,0,0,0,0,10,2.0,3,0,1,0,0,0,0,1,0,0.00,2.13,3.80,1.50,999,65,103,-2.13,0.0%,10.0%,0.0%,10.0%,24,R,<a href=https://npb.jp/bis/eng/teams/index_e.html>Rakuten</a>,PL
,<a href=https://npb.jp/bis/eng/players/61665134.html>Fujihira Shoma</a>,2,0,0,0,2,0,0,7,2.0,1,1,2,0,0,0,0,1,1,4.50,7.63,1.94,0.50,65,232,53,-3.13,14.3%,28.6%,0.0%,28.6%,26,R,<a href=https://npb.jp/bis/eng/teams/index_e.html>Rakuten</a>,PL
,<a href=https://npb.jp/bis/eng/players/31835153.html>Hayakawa Takahisa</a>,2,1,0,0,0,0,0,47,13.0,6,2,8,2,0,1,0,3,3,2.08,4.60,3.52,0.62,141,140,96,-2.52,4.3%,17.0%,4.3%,12.7%,26,L,<a href=https://npb.jp/bis/eng/teams/index_e.html>Rakuten</a>,PL
,<a href=https://npb.jp/bis/eng/players/01505118.html>Karashima Wataru</a>,1,0,1,0,0,0,0,11,1.2,7,0,1,0,0,0,0,3,3,16.20,1.93,3.89,4.20,18,59,106,14.27,0.0%,9.1%,0.0%,9.1%,34,L,<a href=https://npb.jp/bis/eng/teams/index_e.html>Rakuten</a>,PL
,<a href=https://npb.jp/bis/eng/players/91795114.html>Kishi Takayuki</a>,1,1,0,0,0,0,0,24,7.0,3,0,2,0,0,0,0,1,1,1.29,2.56,3.97,0.43,228,78,108,-1.27,0.0%,8.3%,0.0%,8.3%,40,R,<a href=https://npb.jp/bis/eng/teams/index_e.html>Rakuten</a>,PL
,<a href=https://npb.jp/bis/eng/players/21725159.html>Koja Tatsuki</a>,2,1,0,0,0,1,1,49,14.0,5,0,8,1,0,1,0,0,0,0.00,2.42,3.37,0.43,999,74,92,-2.42,0.0%,16.3%,2.0%,14.3%,23,L,<a href=https://npb.jp/bis/eng/teams/index_e.html>Rakuten</a>,PL
,<a href=https://npb.jp/bis/eng/players/21725139.html>Konno Ryuta</a>,2,0,0,0,2,0,0,8,2.0,2,0,0,0,0,0,0,0,0,0.00,3.13,4.80,1.00,999,95,130,-3.13,0.0%,0.0%,0.0%,0.0%,30,R,<a href=https://npb.jp/bis/eng/teams/index_e.html>Rakuten</a>,PL
,<a href=https://npb.jp/bis/eng/players/13115155.html>Matsui Tomotaka</a>,2,0,0,0,1,0,0,21,5.0,5,1,4,3,0,0,0,2,2,3.60,5.93,4.32,1.60,82,180,117,-2.33,4.8%,19.0%,14.3%,4.7%,25,R,<a href=https://npb.jp/bis/eng/teams/index_e.html>Rakuten</a>,PL
,<a href=https://npb.jp/bis/eng/players/61465155.html>Nishigaki Masaya</a>,1,0,0,0,0,0,0,11,2.1,3,0,2,0,0,1,0,0,0,0.00,2.71,2.98,1.29,999,82,81,-2.71,0.0%,18.2%,0.0%,18.2%,26,R,<a href=https://npb.jp/bis/eng/teams/index_e.html>Rakuten</a>,PL
,<a href=https://npb.jp/bis/eng/players/41445134.html>Nishiguchi Naoto</a>,2,0,0,0,1,0,0,7,1.2,1,0,3,1,0,0,0,0,0,0.00,1.33,1.94,1.20,999,40,53,-1.33,0.0%,42.9%,14.3%,28.6%,28,R,<a href=https://npb.jp/bis/eng/teams/index_e.html>Rakuten</a>,PL
,<a href=https://npb.jp/bis/eng/players/51055137.html>Norimoto Takahiro</a>,3,1,0,2,0,0,0,12,3.0,2,0,4,1,0,0,0,0,0,0.00,1.47,2.30,1.00,999,45,62,-1.47,0.0%,33.3%,8.3%,25.0%,34,R,<a href=https://npb.jp/bis/eng/teams/index_e.html>Rakuten</a>,PL
,<a href=https://npb.jp/bis/eng/players/01905138.html>Suzuki Sora</a>,4,0,1,0,2,0,0,17,3.2,4,0,4,2,0,0,0,2,2,4.91,2.59,3.62,1.64,60,79,98,2.32,0.0%,23.5%,11.8%,11.7%,28,L,<a href=https://npb.jp/bis/eng/teams/index_e.html>Rakuten</a>,PL
,<a href=https://npb.jp/bis/eng/players/13015155.html>Turley Nik</a>,2,0,0,0,0,0,0,7,1.1,2,0,1,1,0,0,0,1,1,6.75,3.88,4.80,2.25,44,118,130,2.87,0.0%,14.3%,14.3%,0.0%,35,L,<a href=https://npb.jp/bis/eng/teams/index_e.html>Rakuten</a>,PL
,<a href=https://npb.jp/bis/eng/players/51555153.html>Uchi Seiryu</a>,1,0,0,1,0,0,0,6,1.0,3,0,0,0,0,0,0,2,2,18.00,3.13,4.80,3.00,16,95,130,14.87,0.0%,0.0%,0.0%,0.0%,23,R,<a href=https://npb.jp/bis/eng/teams/index_e.html>Rakuten</a>,PL
,<a href=https://npb.jp/bis/eng/players/33035159.html>Yajure Miguel</a>,1,0,0,0,0,0,0,8,2.0,2,0,2,0,0,0,0,0,0,0.00,1.13,2.30,1.00,999,34,62,-1.13,0.0%,25.0%,0.0%,25.0%,27,R,<a href=https://npb.jp/bis/eng/teams/index_e.html>Rakuten</a>,PL
,<a href=https://npb.jp/bis/eng/players/51655155.html>Hada Shinnosuke</a>,2,0,1,0,0,0,0,9,1.0,4,0,1,1,0,1,0,3,3,27.00,7.13,4.80,5.00,11,212,130,19.87,0.0%,11.1%,11.1%,0.0%,21,L,<a href=https://npb.jp/bis/eng/teams/index_l.html>Seibu</a>,PL
,<a href=https://npb.jp/bis/eng/players/31335134.html>Imai Tatsuya</a>,2,1,1,0,0,1,0,58,16.0,10,2,13,2,0,0,0,2,2,1.13,3.51,2.90,0.75,266,105,79,-2.38,3.4%,22.4%,3.4%,19.0%,27,R,<a href=https://npb.jp/bis/eng/teams/index_l.html>Seibu</a>,PL
,<a href=https://npb.jp/bis/eng/players/51555138.html>Kaino Hiroshi</a>,2,0,0,0,0,0,0,9,2.0,1,0,1,2,0,0,0,0,0,0.00,5.13,5.91,1.50,999,153,161,-5.13,0.0%,11.1%,22.2%,-11.1%,28,R,<a href=https://npb.jp/bis/eng/teams/index_l.html>Seibu</a>,PL
,<a href=https://npb.jp/bis/eng/players/21725155.html>Kuroda Masaya</a>,3,0,0,0,0,0,0,17,3.0,5,0,4,3,0,0,0,3,3,9.00,3.47,4.21,2.67,33,103,114,5.53,0.0%,23.5%,17.6%,5.9%,21,R,<a href=https://npb.jp/bis/eng/teams/index_l.html>Seibu</a>,PL
,<a href=https://npb.jp/bis/eng/players/51755134.html>Kuroki Yuta</a>,2,0,0,0,0,0,0,6,2.0,0,0,0,0,0,0,0,0,0,0.00,3.13,4.80,0.00,999,93,130,-3.13,0.0%,0.0%,0.0%,0.0%,30,R,<a href=https://npb.jp/bis/eng/teams/index_l.html>Seibu</a>,PL
,<a href=https://npb.jp/bis/eng/players/73975150.html>Ramirez Emmanuel</a>,3,0,0,0,0,0,0,15,3.0,5,1,3,1,0,0,0,2,2,6.00,6.47,3.47,2.00,50,193,94,-0.47,6.7%,20.0%,6.7%,13.3%,30,R,<a href=https://npb.jp/bis/eng/teams/index_l.html>Seibu</a>,PL
,<a href=https://npb.jp/bis/eng/players/41945155.html>Sato Shunsuke</a>,1,0,0,0,0,0,0,4,1.0,1,0,0,0,0,0,0,0,0,0.00,3.13,4.80,1.00,999,93,130,-3.13,0.0%,0.0%,0.0%,0.0%,25,L,<a href=https://npb.jp/bis/eng/teams/index_l.html>Seibu</a>,PL
,<a href=https://npb.jp/bis/eng/players/21025155.html>Sumida Chihiro</a>,1,1,0,0,0,0,0,26,7.0,5,0,6,1,0,0,0,2,2,2.57,1.85,2.88,0.86,117,55,78,0.72,0.0%,23.1%,3.8%,19.3%,25,L,<a href=https://npb.jp/bis/eng/teams/index_l.html>Seibu</a>,PL
,<a href=https://npb.jp/bis/eng/players/31035136.html>Taira Kaima</a>,2,0,0,0,1,0,0,10,2.0,3,0,3,1,0,0,0,1,1,4.50,1.63,2.80,2.00,67,49,76,2.87,0.0%,30.0%,10.0%,20.0%,25,R,<a href=https://npb.jp/bis/eng/teams/index_l.html>Seibu</a>,PL
,<a href=https://npb.jp/bis/eng/players/71075130.html>Takahashi Kona</a>,1,0,1,0,0,0,0,23,5.0,7,2,3,1,0,0,0,6,6,10.80,7.73,3.93,1.60,28,230,107,3.07,8.7%,13.0%,4.3%,8.7%,28,R,<a href=https://npb.jp/bis/eng/teams/index_l.html>Seibu</a>,PL
,<a href=https://npb.jp/bis/eng/players/91395159.html>Ueda Taiga</a>,1,0,0,0,0,0,0,20,5.0,4,0,3,1,0,0,0,0,0,0.00,2.53,3.80,1.00,999,75,103,-2.53,0.0%,15.0%,5.0%,10.0%,23,R,<a href=https://npb.jp/bis/eng/teams/index_l.html>Seibu</a>,PL
,<a href=https://npb.jp/bis/eng/players/53155138.html>Watanabe Yutaro</a>,2,0,1,0,0,0,0,49,11.1,13,1,5,2,0,0,1,10,7,5.56,3.93,4.19,1.32,54,117,114,1.63,2.0%,10.2%,4.1%,6.1%,24,R,<a href=https://npb.jp/bis/eng/teams/index_l.html>Seibu</a>,PL
,<a href=https://npb.jp/bis/eng/players/53555150.html>Wingenter Trey</a>,2,0,1,0,0,0,0,9,2.0,3,0,3,0,0,0,0,1,1,4.50,0.13,1.47,1.50,67,4,40,4.37,0.0%,33.3%,0.0%,33.3%,31,R,<a href=https://npb.jp/bis/eng/teams/index_l.html>Seibu</a>,PL
,<a href=https://npb.jp/bis/eng/players/43345157.html>Yamada Haruto</a>,2,0,0,0,0,0,0,7,1.2,2,0,1,0,0,0,0,0,0,0.00,1.93,3.37,1.20,999,57,92,-1.93,0.0%,14.3%,0.0%,14.3%,21,R,<a href=https://npb.jp/bis/eng/teams/index_l.html>Seibu</a>,PL
,<a href=https://npb.jp/bis/eng/players/21025137.html>Fukutani Koji</a>,3,1,0,0,1,0,0,9,2.2,1,0,2,0,0,0,1,0,0,0.00,1.63,2.58,0.38,999,47,70,-1.63,0.0%,22.2%,0.0%,22.2%,34,R,<a href=https://npb.jp/bis/eng/teams/index_f.html>Nipponham</a>,PL
,<a href=https://npb.jp/bis/eng/players/01105134.html>Ikeda Takahide</a>,3,0,0,0,2,0,0,10,3.0,1,0,0,0,0,0,0,0,0,0.00,3.13,4.80,0.33,999,90,130,-3.13,0.0%,0.0%,0.0%,0.0%,30,R,<a href=https://npb.jp/bis/eng/teams/index_f.html>Nipponham</a>,PL
,<a href=https://npb.jp/bis/eng/players/51355153.html>Itoh Hiromi</a>,1,0,1,0,0,0,0,25,5.0,9,2,4,1,0,0,0,5,5,9.00,7.33,3.60,2.00,35,210,98,1.67,8.0%,16.0%,4.0%,12.0%,27,R,<a href=https://npb.jp/bis/eng/teams/index_f.html>Nipponham</a>,PL
,<a href=https://npb.jp/bis/eng/players/51555157.html>Kanemura Shoma</a>,2,1,1,0,0,1,1,51,13.0,13,1,6,3,0,0,1,5,5,3.46,3.90,4.21,1.23,90,112,114,-0.44,2.0%,11.8%,5.9%,5.9%,24,R,<a href=https://npb.jp/bis/eng/teams/index_f.html>Nipponham</a>,PL
,<a href=https://npb.jp/bis/eng/players/41545132.html>Katoh Takayuki</a>,1,0,0,0,0,0,0,25,6.0,6,0,2,0,0,0,0,1,0,0.00,2.47,4.00,1.00,999,71,109,-2.47,0.0%,8.0%,0.0%,8.0%,33,L,<a href=https://npb.jp/bis/eng/teams/index_f.html>Nipponham</a>,PL
,<a href=https://npb.jp/bis/eng/players/81785151.html>Kawano Ryusei</a>,3,0,0,0,3,0,0,7,1.2,0,0,2,2,0,0,1,0,0,0.00,4.33,4.80,1.20,999,124,130,-4.33,0.0%,28.6%,28.6%,0.0%,27,L,<a href=https://npb.jp/bis/eng/teams/index_f.html>Nipponham</a>,PL
,<a href=https://npb.jp/bis/eng/players/51755155.html>Kitayama Koki</a>,1,1,0,0,0,0,0,23,5.0,6,0,4,4,0,0,0,1,1,1.80,3.93,4.80,2.00,173,113,130,-2.13,0.0%,17.4%,17.4%,0.0%,26,R,<a href=https://npb.jp/bis/eng/teams/index_f.html>Nipponham</a>,PL
,<a href=https://npb.jp/bis/eng/players/61665151.html>Matsuoka Koki</a>,3,0,0,0,0,0,0,22,4.0,8,1,5,2,0,0,0,4,3,6.75,5.38,3.44,2.50,46,154,93,1.37,4.5%,22.7%,9.1%,13.6%,24,R,<a href=https://npb.jp/bis/eng/teams/index_f.html>Nipponham</a>,PL
,<a href=https://npb.jp/bis/eng/players/41445116.html>Miyanishi Naoki</a>,3,0,0,0,1,0,0,9,2.1,2,0,0,0,0,0,0,1,1,3.86,3.13,4.80,0.86,81,90,130,0.73,0.0%,0.0%,0.0%,0.0%,40,L,<a href=https://npb.jp/bis/eng/teams/index_f.html>Nipponham</a>,PL
,<a href=https://npb.jp/bis/eng/players/41245138.html>Nabatame Tsubasa</a>,1,0,0,0,0,0,0,3,1.0,0,0,0,0,0,0,0,0,0,0.00,3.13,4.80,0.00,999,90,130,-3.13,0.0%,0.0%,0.0%,0.0%,30,R,<a href=https://npb.jp/bis/eng/teams/index_f.html>Nipponham</a>,PL
,<a href=https://npb.jp/bis/eng/players/21725138.html>Saito Yukiya</a>,2,0,0,1,0,0,0,9,2.0,1,0,1,2,0,0,0,1,1,4.50,5.13,5.91,1.50,69,147,161,-0.63,0.0%,11.1%,22.2%,-11.1%,30,R,<a href=https://npb.jp/bis/eng/teams/index_f.html>Nipponham</a>,PL
,<a href=https://npb.jp/bis/eng/players/61765139.html>Sugiura Toshihiro</a>,4,0,0,0,0,0,0,16,3.2,4,0,4,1,0,0,0,1,1,2.45,1.77,2.92,1.36,127,51,79,0.68,0.0%,25.0%,6.2%,18.8%,33,R,<a href=https://npb.jp/bis/eng/teams/index_f.html>Nipponham</a>,PL
,<a href=https://npb.jp/bis/eng/players/31235134.html>Tanaka Seigi</a>,2,0,0,2,0,0,0,6,2.0,0,0,2,0,0,0,0,0,0,0.00,1.13,1.47,0.00,999,32,40,-1.13,0.0%,33.3%,0.0%,33.3%,30,R,<a href=https://npb.jp/bis/eng/teams/index_f.html>Nipponham</a>,PL
,<a href=https://npb.jp/bis/eng/players/33735151.html>VerHagen Drew</a>,2,1,1,0,0,0,0,45,11.0,11,2,7,1,0,0,0,7,7,5.73,4.50,3.47,1.09,54,129,94,1.23,4.4%,15.6%,2.2%,13.4%,34,R,<a href=https://npb.jp/bis/eng/teams/index_f.html>Nipponham</a>,PL
,<a href=https://npb.jp/bis/eng/players/03105136.html>Yamamoto Takumi</a>,4,0,0,0,0,0,0,24,4.2,6,0,6,4,0,0,0,5,4,7.71,3.13,3.97,2.14,40,90,108,4.58,0.0%,25.0%,16.7%,8.3%,25,R,<a href=https://npb.jp/bis/eng/teams/index_f.html>Nipponham</a>,PL
,<a href=https://npb.jp/bis/eng/players/21825130.html>Yamasaki Sachiya</a>,1,0,1,0,0,0,0,24,6.0,8,0,3,0,0,0,0,3,2,3.00,2.13,3.55,1.33,104,61,96,0.87,0.0%,12.5%,0.0%,12.5%,32,L,<a href=https://npb.jp/bis/eng/teams/index_f.html>Nipponham</a>,PL
