#,,Team,G,W,L,T,PCT,GB,RS,RA,Diff,XPCT,Home,Road,vs T,vs G,vs DB,vs C,vs D,vs S,Inter
,"<img src=""https://www.yakyucosmo.com/wp-content/uploads/2025/04/Tigers.jpg"" alt="""" width=""10"" height=""10"" class=""alignnone size-full wp-image-6224"" />",<a href=https://npb.jp/bis/eng/teams/index_t.html>Hanshin Tigers</a>,104,63,39,2,0.618,--,357,237,120,0.679,30-21(1),33-18(1),--,13-5,10-4(2),13-5,7-8,12-7,8-10
,"<img src=""https://www.yakyucosmo.com/wp-content/uploads/2025/04/Giants.jpg"" alt="""" width=""10"" height=""10"" class=""alignnone size-full wp-image-6227"" />",<a href=https://npb.jp/bis/eng/teams/index_g.html>Yomiuri Giants</a>,102,50,49,3,0.505,11.5,303,303,0,0.500,31-19(1),19-30(2),5-13,--,12-5(1),7-8(1),9-7,11-5,6-11(1)
,"<img src=""https://www.yakyucosmo.com/wp-content/uploads/2025/04/BayStars.jpg"" alt="""" width=""10"" height=""10"" class=""alignnone size-full wp-image-6228"" />",<a href=https://npb.jp/bis/eng/teams/index_db.html>DeNA BayStars</a>,101,46,50,5,0.479,14.0,323,311,12,0.517,26-23(2),20-27(3),4-10(2),5-12(1),--,9-7(1),11-6,10-4(1),7-11
,"<img src=""https://www.yakyucosmo.com/wp-content/uploads/2025/04/Carp.jpg"" alt="""" width=""10"" height=""10"" class=""alignnone size-full wp-image-6223"" />",<a href=https://npb.jp/bis/eng/teams/index_c.html>Hiroshima Carp</a>,102,44,53,5,0.454,16.5,308,331,-23,0.467,26-19(3),18-34(2),5-13,8-7(1),7-9(1),--,10-9(1),5-6(2),9-9
,"<img src=""https://www.yakyucosmo.com/wp-content/uploads/2025/04/Dragons.jpg"" alt="""" width=""10"" height=""10"" class=""alignnone size-full wp-image-6225"" />",<a href=https://npb.jp/bis/eng/teams/index_d.html>Chunichi Dragons</a>,102,45,55,2,0.450,17.0,275,308,-33,0.448,29-25(1),16-30(1),8-7,7-9,6-11,9-10(1),--,7-8(1),8-10
,"<img src=""https://www.yakyucosmo.com/wp-content/uploads/2025/04/Swallows.jpg"" alt="""" width=""10"" height=""10"" class=""alignnone size-full wp-image-6226"" />",<a href=https://npb.jp/bis/eng/teams/index_s.html>Yakult Swallows</a>,97,35,57,5,0.380,23.0,267,380,-113,0.344,20-24(3),15-33(2),7-12,5-11,4-10(1),6-5(2),8-7(1),--,5-12(1)
