Rank,Pitcher,G,W,L,SV,HLD,CG,SHO,BF,IP,H,HR,SO,BB,IBB,HB,WP,R,ER,ERA,FIP,kwERA,WHIP,ERA+,FIP-,kwERA-,Diff,HR%,K%,BB%,K-BB%,Age,T,,Team,League
,<a href=https://npb.jp/bis/eng/players/13315153.html>Murakami Shoki</a>,16,8,3,0,0,2,2,424,109.2,85,5,78,16,1,2,2,27,27,2.22,2.61,3.34,0.92,122,85,93,-0.39,1.2%,18.4%,3.8%,14.6%,27,R,"<img src=""https://www.yakyucosmo.com/wp-content/uploads/2025/04/Tigers.jpg"" alt="""" width=""10"" height=""10"" class=""alignnone size-full wp-image-6224"" />",<a href=https://npb.jp/bis/eng/teams/index_t.html>Hanshin</a>,CL
,<a href=https://npb.jp/bis/eng/players/41745134.html>Saiki Hiroto</a>,14,7,4,0,0,1,1,378,91.1,69,2,70,37,2,0,1,16,16,1.58,2.91,3.93,1.16,172,95,110,-1.33,0.5%,18.5%,9.8%,8.7%,26,R,"<img src=""https://www.yakyucosmo.com/wp-content/uploads/2025/04/Tigers.jpg"" alt="""" width=""10"" height=""10"" class=""alignnone size-full wp-image-6224"" />",<a href=https://npb.jp/bis/eng/teams/index_t.html>Hanshin</a>,CL
,<a href=https://npb.jp/bis/eng/players/53155151.html>Morishita Masato</a>,16,5,9,0,0,3,0,464,116.0,101,6,72,23,1,4,0,37,29,2.25,3.07,3.74,1.07,129,94,105,-0.82,1.3%,15.5%,5.0%,10.6%,27,R,"<img src=""https://www.yakyucosmo.com/wp-content/uploads/2025/04/Carp.jpg"" alt="""" width=""10"" height=""10"" class=""alignnone size-full wp-image-6223"" />",<a href=https://npb.jp/bis/eng/teams/index_c.html>Hiroshima</a>,CL
,<a href=https://npb.jp/bis/eng/players/61365139.html>Ohsera Daichi</a>,14,3,5,0,0,0,0,361,85.1,81,5,60,24,4,1,2,29,28,2.95,3.18,3.80,1.23,99,97,106,-0.23,1.4%,16.6%,6.6%,10.0%,34,R,"<img src=""https://www.yakyucosmo.com/wp-content/uploads/2025/04/Carp.jpg"" alt="""" width=""10"" height=""10"" class=""alignnone size-full wp-image-6223"" />",<a href=https://npb.jp/bis/eng/teams/index_c.html>Hiroshima</a>,CL
,<a href=https://npb.jp/bis/eng/players/11415134.html>Tokoda Hiroki</a>,15,7,6,0,0,5,3,419,105.1,86,4,59,25,3,1,2,27,25,2.14,3.06,3.99,1.05,136,93,111,-0.92,1.0%,14.1%,6.0%,8.1%,30,L,"<img src=""https://www.yakyucosmo.com/wp-content/uploads/2025/04/Carp.jpg"" alt="""" width=""10"" height=""10"" class=""alignnone size-full wp-image-6223"" />",<a href=https://npb.jp/bis/eng/teams/index_c.html>Hiroshima</a>,CL
,<a href=https://npb.jp/bis/eng/players/51155136.html>Azuma Katsuki</a>,13,8,4,0,0,1,0,356,89.1,74,7,69,12,0,3,0,26,18,1.81,2.92,3.20,0.96,156,92,89,-1.11,2.0%,19.4%,3.4%,16.0%,29,L,"<img src=""https://www.yakyucosmo.com/wp-content/uploads/2025/04/BayStars.jpg"" alt="""" width=""10"" height=""10"" class=""alignnone size-full wp-image-6228"" />",<a href=https://npb.jp/bis/eng/teams/index_db.html>DeNA</a>,CL
,<a href=https://npb.jp/bis/eng/players/33235157.html>Bauer Trevor</a>,16,4,7,0,0,2,1,449,106.1,104,9,97,35,3,4,1,48,48,4.06,3.32,3.42,1.31,70,104,95,0.74,2.0%,21.6%,7.8%,13.8%,34,R,"<img src=""https://www.yakyucosmo.com/wp-content/uploads/2025/04/BayStars.jpg"" alt="""" width=""10"" height=""10"" class=""alignnone size-full wp-image-6228"" />",<a href=https://npb.jp/bis/eng/teams/index_db.html>DeNA</a>,CL
,<a href=https://npb.jp/bis/eng/players/43745159.html>Jackson Andre</a>,14,7,4,0,0,0,0,359,88.2,70,5,70,23,1,6,3,18,18,1.83,3.08,3.49,1.05,154,97,97,-1.25,1.4%,19.5%,6.4%,13.1%,29,R,"<img src=""https://www.yakyucosmo.com/wp-content/uploads/2025/04/BayStars.jpg"" alt="""" width=""10"" height=""10"" class=""alignnone size-full wp-image-6228"" />",<a href=https://npb.jp/bis/eng/teams/index_db.html>DeNA</a>,CL
,<a href=https://npb.jp/bis/eng/players/13715159.html>Kay Anthony</a>,14,5,5,0,0,0,0,367,94.2,72,3,72,24,2,1,0,17,17,1.62,2.63,3.49,1.01,174,83,97,-1.01,0.8%,19.6%,6.5%,13.1%,30,L,"<img src=""https://www.yakyucosmo.com/wp-content/uploads/2025/04/BayStars.jpg"" alt="""" width=""10"" height=""10"" class=""alignnone size-full wp-image-6228"" />",<a href=https://npb.jp/bis/eng/teams/index_db.html>DeNA</a>,CL
,<a href=https://npb.jp/bis/eng/players/51155155.html>Akahoshi Yuji</a>,15,6,5,0,0,1,1,368,94.0,78,7,72,13,3,2,0,22,20,1.91,2.86,3.20,0.97,144,92,89,-0.95,1.9%,19.6%,3.5%,16.0%,25,R,"<img src=""https://www.yakyucosmo.com/wp-content/uploads/2025/04/Giants.jpg"" alt="""" width=""10"" height=""10"" class=""alignnone size-full wp-image-6227"" />",<a href=https://npb.jp/bis/eng/teams/index_g.html>Yomiuri</a>,CL
,<a href=https://npb.jp/bis/eng/players/51355151.html>Inoue Haruto</a>,14,3,6,0,0,0,0,337,83.0,78,8,79,12,1,2,0,30,26,2.82,2.80,2.81,1.08,98,90,79,0.02,2.4%,23.4%,3.6%,19.9%,24,L,"<img src=""https://www.yakyucosmo.com/wp-content/uploads/2025/04/Giants.jpg"" alt="""" width=""10"" height=""10"" class=""alignnone size-full wp-image-6227"" />",<a href=https://npb.jp/bis/eng/teams/index_g.html>Yomiuri</a>,CL
,<a href=https://npb.jp/bis/eng/players/03305153.html>Yamasaki Iori</a>,15,8,2,0,0,0,0,390,102.0,72,5,88,16,2,1,1,17,13,1.15,2.36,2.95,0.86,240,76,82,-1.21,1.3%,22.6%,4.1%,18.5%,26,R,"<img src=""https://www.yakyucosmo.com/wp-content/uploads/2025/04/Giants.jpg"" alt="""" width=""10"" height=""10"" class=""alignnone size-full wp-image-6227"" />",<a href=https://npb.jp/bis/eng/teams/index_g.html>Yomiuri</a>,CL
,<a href=https://npb.jp/bis/eng/players/21225137.html>Matsuba Takahiro</a>,15,7,6,0,0,1,0,394,99.2,85,3,38,25,1,4,0,23,22,1.99,3.45,4.47,1.10,130,118,125,-1.46,0.8%,9.6%,6.3%,3.3%,34,L,"<img src=""https://www.yakyucosmo.com/wp-content/uploads/2025/04/Dragons.jpg"" alt="""" width=""10"" height=""10"" class=""alignnone size-full wp-image-6225"" />",<a href=https://npb.jp/bis/eng/teams/index_d.html>Chunichi</a>,CL
,<a href=https://npb.jp/bis/eng/players/61265153.html>Takahashi Hiroto</a>,15,2,8,0,0,1,0,397,95.1,90,6,77,32,1,4,6,39,36,3.40,3.28,3.67,1.28,76,113,102,0.12,1.5%,19.4%,8.1%,11.3%,22,R,"<img src=""https://www.yakyucosmo.com/wp-content/uploads/2025/04/Dragons.jpg"" alt="""" width=""10"" height=""10"" class=""alignnone size-full wp-image-6225"" />",<a href=https://npb.jp/bis/eng/teams/index_d.html>Chunichi</a>,CL
,<a href=https://npb.jp/bis/eng/players/71775139.html>Kuri Allen</a>,14,7,4,0,0,1,0,403,97.2,94,3,73,27,0,3,1,27,25,2.30,2.77,3.66,1.24,120,89,102,-0.47,0.7%,18.1%,6.7%,11.4%,33,R,"<img src=""https://www.yakyucosmo.com/wp-content/uploads/2025/04/Buffaloes.jpg"" alt="""" width=""10"" height=""10"" class=""alignnone size-full wp-image-6222"" />",<a href=https://npb.jp/bis/eng/teams/index_b.html>ORIX</a>,PL
,<a href=https://npb.jp/bis/eng/players/71875151.html>Miyagi Hiroya</a>,14,3,3,0,0,0,0,399,99.2,80,5,105,19,0,5,1,27,26,2.35,2.21,2.64,0.99,117,71,74,0.14,1.3%,26.3%,4.8%,21.6%,23,L,"<img src=""https://www.yakyucosmo.com/wp-content/uploads/2025/04/Buffaloes.jpg"" alt="""" width=""10"" height=""10"" class=""alignnone size-full wp-image-6222"" />",<a href=https://npb.jp/bis/eng/teams/index_b.html>ORIX</a>,PL
,<a href=https://npb.jp/bis/eng/players/81985157.html>Sotani Ryuhei</a>,14,8,3,0,0,1,0,354,86.1,81,6,76,19,1,3,1,32,29,3.02,2.85,3.19,1.16,91,92,89,0.17,1.7%,21.5%,5.4%,16.1%,24,L,"<img src=""https://www.yakyucosmo.com/wp-content/uploads/2025/04/Buffaloes.jpg"" alt="""" width=""10"" height=""10"" class=""alignnone size-full wp-image-6222"" />",<a href=https://npb.jp/bis/eng/teams/index_b.html>ORIX</a>,PL
,<a href=https://npb.jp/bis/eng/players/33035150.html>Voth Austin</a>,14,2,4,0,0,0,0,345,83.2,77,3,61,17,0,5,3,32,31,3.33,2.74,3.52,1.12,87,84,98,0.59,0.9%,17.7%,4.9%,12.8%,33,R,"<img src=""https://www.yakyucosmo.com/wp-content/uploads/2025/04/Marines.jpg"" alt="""" width=""10"" height=""10"" class=""alignnone size-full wp-image-6240"" />",<a href=https://npb.jp/bis/eng/teams/index_m.html>Lotte</a>,PL
,<a href=https://npb.jp/bis/eng/players/51155130.html>Arihara Kohei</a>,14,6,5,0,0,1,1,401,97.0,93,7,62,23,1,3,2,34,32,2.97,3.41,3.83,1.20,97,106,107,-0.44,1.7%,15.5%,5.7%,9.7%,32,R,"<img src=""https://www.yakyucosmo.com/wp-content/uploads/2025/04/Hawks.jpg"" alt="""" width=""10"" height=""10"" class=""alignnone size-full wp-image-6220"" /> ",<a href=https://npb.jp/bis/eng/teams/index_h.html>SoftBank</a>,PL
,<a href=https://npb.jp/bis/eng/players/63965134.html>Moinelo Livan</a>,15,7,2,0,0,1,0,398,104.1,72,5,115,24,0,2,0,18,16,1.38,2.11,2.51,0.92,208,65,70,-0.73,1.3%,28.9%,6.0%,22.9%,29,L,"<img src=""https://www.yakyucosmo.com/wp-content/uploads/2025/04/Hawks.jpg"" alt="""" width=""10"" height=""10"" class=""alignnone size-full wp-image-6220"" /> ",<a href=https://npb.jp/bis/eng/teams/index_h.html>SoftBank</a>,PL
,<a href=https://npb.jp/bis/eng/players/01505151.html>Ohzeki Tomohisa</a>,14,6,3,0,0,0,0,351,88.2,62,5,62,22,1,3,0,19,18,1.83,3.13,3.66,0.95,157,97,102,-1.30,1.4%,17.7%,6.3%,11.4%,27,L,"<img src=""https://www.yakyucosmo.com/wp-content/uploads/2025/04/Hawks.jpg"" alt="""" width=""10"" height=""10"" class=""alignnone size-full wp-image-6220"" /> ",<a href=https://npb.jp/bis/eng/teams/index_h.html>SoftBank</a>,PL
,<a href=https://npb.jp/bis/eng/players/51355135.html>Uwasawa Naoyuki</a>,13,6,5,0,0,1,0,331,82.0,68,10,54,21,1,3,0,35,31,3.40,4.09,3.80,1.09,84,127,106,-0.69,3.0%,16.3%,6.3%,10.0%,31,R,"<img src=""https://www.yakyucosmo.com/wp-content/uploads/2025/04/Hawks.jpg"" alt="""" width=""10"" height=""10"" class=""alignnone size-full wp-image-6220"" /> ",<a href=https://npb.jp/bis/eng/teams/index_h.html>SoftBank</a>,PL
,<a href=https://npb.jp/bis/eng/players/31335134.html>Imai Tatsuya</a>,14,6,2,0,0,2,1,381,100.2,58,4,116,25,0,4,0,17,17,1.52,2.02,2.41,0.82,183,65,67,-0.50,1.0%,30.4%,6.6%,23.9%,27,R,"<img src=""https://www.yakyucosmo.com/wp-content/uploads/2025/04/Lions.jpg"" alt="""" width=""10"" height=""10"" class=""alignnone size-full wp-image-6219"" />",<a href=https://npb.jp/bis/eng/teams/index_l.html>Seibu</a>,PL
,<a href=https://npb.jp/bis/eng/players/21025155.html>Sumida Chihiro</a>,13,7,4,0,0,2,1,374,95.2,76,5,88,16,1,2,1,18,18,1.69,2.35,2.87,0.96,165,75,80,-0.66,1.3%,23.5%,4.3%,19.3%,25,L,"<img src=""https://www.yakyucosmo.com/wp-content/uploads/2025/04/Lions.jpg"" alt="""" width=""10"" height=""10"" class=""alignnone size-full wp-image-6219"" />",<a href=https://npb.jp/bis/eng/teams/index_l.html>Seibu</a>,PL
,<a href=https://npb.jp/bis/eng/players/71075130.html>Takahashi Kona</a>,13,3,4,0,0,0,0,336,80.0,74,4,44,27,0,3,1,24,21,2.36,3.62,4.29,1.26,118,116,120,-1.26,1.2%,13.1%,8.0%,5.1%,28,R,"<img src=""https://www.yakyucosmo.com/wp-content/uploads/2025/04/Lions.jpg"" alt="""" width=""10"" height=""10"" class=""alignnone size-full wp-image-6219"" />",<a href=https://npb.jp/bis/eng/teams/index_l.html>Seibu</a>,PL
,<a href=https://npb.jp/bis/eng/players/51355153.html>Itoh Hiromi</a>,15,9,5,0,0,4,1,450,110.2,100,11,106,17,1,5,3,37,35,2.85,2.92,2.82,1.06,103,89,79,-0.07,2.4%,23.6%,3.8%,19.8%,27,R,"<img src=""https://www.yakyucosmo.com/wp-content/uploads/2025/04/Fighters.jpg"" alt="""" width=""10"" height=""10"" class=""alignnone size-full wp-image-6217"" />",<a href=https://npb.jp/bis/eng/teams/index_f.html>Nipponham</a>,PL
,<a href=https://npb.jp/bis/eng/players/51755155.html>Kitayama Koki</a>,12,5,3,0,0,4,0,325,84.0,58,4,78,21,0,3,0,16,13,1.39,2.56,3.05,0.94,210,78,85,-1.17,1.2%,24.0%,6.5%,17.5%,26,R,"<img src=""https://www.yakyucosmo.com/wp-content/uploads/2025/04/Fighters.jpg"" alt="""" width=""10"" height=""10"" class=""alignnone size-full wp-image-6217"" />",<a href=https://npb.jp/bis/eng/teams/index_f.html>Nipponham</a>,PL
