#,,Team,G,W,L,T,PCT,GB,RS,RA,Diff,XPCT,Home,Road,vs T,vs G,vs DB,vs D,vs C,vs S,Inter
,"<img src=""https://www.yakyucosmo.com/wp-content/uploads/2025/04/Tigers.jpg"" alt="""" width=""10"" height=""10"" class=""alignnone size-full wp-image-6224"" />",<a href=https://npb.jp/bis/eng/teams/index_t.html>Hanshin Tigers</a>,98,59,37,2,0.615,--,333,218,115,0.685,28-20(1),31-17(1),--,13-5,10-4(2),5-7,13-5,10-6,8-10
,"<img src=""https://www.yakyucosmo.com/wp-content/uploads/2025/04/Giants.jpg"" alt="""" width=""10"" height=""10"" class=""alignnone size-full wp-image-6227"" />",<a href=https://npb.jp/bis/eng/teams/index_g.html>Yomiuri Giants</a>,97,46,48,3,0.489,12.0,278,293,-15,0.476,29-18(1),17-30(2),5-13,--,10-5(1),9-7,7-8(1),9-4,6-11(1)
,"<img src=""https://www.yakyucosmo.com/wp-content/uploads/2025/04/BayStars.jpg"" alt="""" width=""10"" height=""10"" class=""alignnone size-full wp-image-6228"" />",<a href=https://npb.jp/bis/eng/teams/index_db.html>DeNA BayStars</a>,96,44,47,5,0.484,12.5,299,278,21,0.533,24-20(2),20-27(3),4-10(2),5-10(1),--,11-6,7-6(1),10-4(1),7-11
,"<img src=""https://www.yakyucosmo.com/wp-content/uploads/2025/04/Dragons.jpg"" alt="""" width=""10"" height=""10"" class=""alignnone size-full wp-image-6225"" />",<a href=https://npb.jp/bis/eng/teams/index_d.html>Chunichi Dragons</a>,96,43,51,2,0.457,15.0,254,287,-33,0.444,27-21(1),16-30(1),7-5,7-9,6-11,--,8-8(1),7-8(1),8-10
,"<img src=""https://www.yakyucosmo.com/wp-content/uploads/2025/04/Carp.jpg"" alt="""" width=""10"" height=""10"" class=""alignnone size-full wp-image-6223"" />",<a href=https://npb.jp/bis/eng/teams/index_c.html>Hiroshima Carp</a>,96,41,50,5,0.451,15.5,282,303,-21,0.467,26-19(3),15-31(2),5-13,8-7(1),6-7(1),8-8(1),--,5-6(2),9-9
,"<img src=""https://www.yakyucosmo.com/wp-content/uploads/2025/04/Swallows.jpg"" alt="""" width=""10"" height=""10"" class=""alignnone size-full wp-image-6226"" />",<a href=https://npb.jp/bis/eng/teams/index_s.html>Yakult Swallows</a>,91,33,53,5,0.384,21.0,255,359,-104,0.348,20-24(3),13-29(2),6-10,4-9,4-10(1),8-7(1),6-5(2),--,5-12(1)
