#,,Team,G,W,L,T,PCT,GB,RS,RA,Diff,XPCT,Home,Road,vs H,vs F,vs B,vs E,vs L,vs M,Inter
,"<img src=""https://www.yakyucosmo.com/wp-content/uploads/2025/04/Hawks.jpg"" alt="""" width=""10"" height=""10"" class=""alignnone size-full wp-image-6220"" /> ",<a href=https://npb.jp/bis/eng/teams/index_h.html>SoftBank Hawks</a>,94,55,35,4,0.611,--,353,258,95,0.640,26-17(3),29-18(1),--,9-7,9-3(2),5-9,11-7,9-4(1),12-5(1)
,"<img src=""https://www.yakyucosmo.com/wp-content/uploads/2025/04/Fighters.jpg"" alt="""" width=""10"" height=""10"" class=""alignnone size-full wp-image-6217"" />",<a href=https://npb.jp/bis/eng/teams/index_f.html>Nipponham Fighters</a>,94,56,36,2,0.609,0.0,352,250,102,0.652,26-21,30-15(2),7-9,--,7-7(1),13-3(1),9-5,9-5,11-7
,"<img src=""https://www.yakyucosmo.com/wp-content/uploads/2025/04/Buffaloes.jpg"" alt="""" width=""10"" height=""10"" class=""alignnone size-full wp-image-6222"" />",<a href=https://npb.jp/bis/eng/teams/index_b.html>ORIX Buffaloes</a>,92,48,41,3,0.539,6.5,329,337,-8,0.489,26-20(2),22-21(1),3-9(2),7-7(1),--,9-4,8-8,10-6,11-7
,"<img src=""https://www.yakyucosmo.com/wp-content/uploads/2025/04/Eagles.jpg"" alt="""" width=""10"" height=""10"" class=""alignnone size-full wp-image-6218"" />",<a href=https://npb.jp/bis/eng/teams/index_e.html>Rakuten Eagles</a>,92,44,46,2,0.489,11.0,268,306,-38,0.440,21-22(1),23-24(1),9-5,3-13(1),4-9,--,8-6,11-5,9-8(1)
,"<img src=""https://www.yakyucosmo.com/wp-content/uploads/2025/04/Lions.jpg"" alt="""" width=""10"" height=""10"" class=""alignnone size-full wp-image-6219"" />",<a href=https://npb.jp/bis/eng/teams/index_l.html>Seibu Lions</a>,93,43,49,1,0.467,13.0,236,268,-32,0.442,25-24,18-25(1),7-11,5-9,8-8,6-8,--,7-5(1),10-8
,"<img src=""https://www.yakyucosmo.com/wp-content/uploads/2025/04/Marines.jpg"" alt="""" width=""10"" height=""10"" class=""alignnone size-full wp-image-6240"" />",<a href=https://npb.jp/bis/eng/teams/index_m.html>Lotte Marines</a>,91,35,54,2,0.393,19.5,268,350,-82,0.380,20-23(1),15-31(1),4-9(1),5-9,6-10,5-11,5-7(1),--,10-8
