Rank,Pitcher,G,W,L,SV,HLD,CG,SHO,BF,IP,H,HR,SO,BB,IBB,HB,WP,R,ER,ERA,FIP,kwERA,WHIP,ERA+,FIP-,kwERA-,Diff,HR%,K%,BB%,K-BB%,Age,T,,Team,League
,<a href=https://npb.jp/bis/eng/players/03905157.html>Beasley Jeremy</a>,3,0,0,0,0,0,0,61,14.1,17,0,12,4,0,0,0,8,8,5.02,2.32,3.49,1.47,55,71,97,2.70,0.0%,19.7%,6.6%,13.1%,29,R,"<img src=""https://www.yakyucosmo.com/wp-content/uploads/2025/04/Tigers.jpg"" alt="""" width=""10"" height=""10"" class=""alignnone size-full wp-image-6224"" />",<a href=https://npb.jp/bis/eng/teams/index_t.html>Hanshin</a>,CL
,<a href=https://npb.jp/bis/eng/players/13715150.html>Duplantier Jon</a>,2,0,1,0,0,0,0,44,11.0,7,0,16,3,0,0,1,4,1,0.82,1.07,1.85,0.91,337,33,51,-0.25,0.0%,36.4%,6.8%,29.5%,30,R,"<img src=""https://www.yakyucosmo.com/wp-content/uploads/2025/04/Tigers.jpg"" alt="""" width=""10"" height=""10"" class=""alignnone size-full wp-image-6224"" />",<a href=https://npb.jp/bis/eng/teams/index_t.html>Hanshin</a>,CL
,<a href=https://npb.jp/bis/eng/players/33735159.html>Guerra Javy</a>,6,0,1,0,1,0,0,29,4.2,10,0,4,5,0,0,0,7,7,13.50,4.66,5.14,3.21,20,143,143,8.84,0.0%,13.8%,17.2%,-3.4%,29,R,"<img src=""https://www.yakyucosmo.com/wp-content/uploads/2025/04/Tigers.jpg"" alt="""" width=""10"" height=""10"" class=""alignnone size-full wp-image-6224"" />",<a href=https://npb.jp/bis/eng/teams/index_t.html>Hanshin</a>,CL
,<a href=https://npb.jp/bis/eng/players/71375150.html>Ihara Takato</a>,7,1,0,0,1,0,0,47,13.1,6,0,11,2,1,0,0,0,0,0.00,1.96,2.89,0.60,999,60,80,-1.96,0.0%,23.4%,4.3%,19.1%,24,L,"<img src=""https://www.yakyucosmo.com/wp-content/uploads/2025/04/Tigers.jpg"" alt="""" width=""10"" height=""10"" class=""alignnone size-full wp-image-6224"" />",<a href=https://npb.jp/bis/eng/teams/index_t.html>Hanshin</a>,CL
,<a href=https://npb.jp/bis/eng/players/01105159.html>Ishiguro Yuya</a>,2,0,0,0,0,0,0,9,1.2,5,0,1,0,0,0,0,3,3,16.20,1.96,3.69,3.00,17,60,102,14.24,0.0%,11.1%,0.0%,11.1%,24,R,"<img src=""https://www.yakyucosmo.com/wp-content/uploads/2025/04/Tigers.jpg"" alt="""" width=""10"" height=""10"" class=""alignnone size-full wp-image-6224"" />",<a href=https://npb.jp/bis/eng/teams/index_t.html>Hanshin</a>,CL
,<a href=https://npb.jp/bis/eng/players/41145153.html>Ishii Daichi</a>,9,0,0,0,7,0,0,38,10.0,6,0,10,3,1,0,0,1,1,0.90,2.06,2.96,0.90,307,63,82,-1.16,0.0%,26.3%,7.9%,18.4%,27,R,"<img src=""https://www.yakyucosmo.com/wp-content/uploads/2025/04/Tigers.jpg"" alt="""" width=""10"" height=""10"" class=""alignnone size-full wp-image-6224"" />",<a href=https://npb.jp/bis/eng/teams/index_t.html>Hanshin</a>,CL
,<a href=https://npb.jp/bis/eng/players/71375153.html>Itoh Masashi</a>,1,0,0,0,0,0,0,2,0.2,0,0,0,0,0,0,0,0,0,0.00,3.16,4.80,0.00,999,97,133,-3.16,0.0%,0.0%,0.0%,0.0%,29,L,"<img src=""https://www.yakyucosmo.com/wp-content/uploads/2025/04/Tigers.jpg"" alt="""" width=""10"" height=""10"" class=""alignnone size-full wp-image-6224"" />",<a href=https://npb.jp/bis/eng/teams/index_t.html>Hanshin</a>,CL
,<a href=https://npb.jp/bis/eng/players/51355139.html>Iwasada Yuta</a>,2,0,0,0,0,0,0,6,1.1,1,0,0,1,0,0,0,0,0,0.00,5.41,6.47,1.50,999,166,179,-5.41,0.0%,0.0%,16.7%,-16.7%,33,L,"<img src=""https://www.yakyucosmo.com/wp-content/uploads/2025/04/Tigers.jpg"" alt="""" width=""10"" height=""10"" class=""alignnone size-full wp-image-6224"" />",<a href=https://npb.jp/bis/eng/teams/index_t.html>Hanshin</a>,CL
,<a href=https://npb.jp/bis/eng/players/31335139.html>Iwazaki Suguru</a>,9,0,0,7,1,0,0,32,8.0,7,1,6,1,0,0,0,4,3,3.38,3.66,3.24,1.00,82,113,90,-0.28,3.1%,18.8%,3.1%,15.6%,34,L,"<img src=""https://www.yakyucosmo.com/wp-content/uploads/2025/04/Tigers.jpg"" alt="""" width=""10"" height=""10"" class=""alignnone size-full wp-image-6224"" />",<a href=https://npb.jp/bis/eng/teams/index_t.html>Hanshin</a>,CL
,<a href=https://npb.jp/bis/eng/players/01705155.html>Kirishiki Takuma</a>,8,0,0,0,3,0,0,31,7.1,7,0,8,0,0,1,0,2,1,1.23,1.39,2.22,0.95,225,43,62,-0.16,0.0%,25.8%,0.0%,25.8%,26,L,"<img src=""https://www.yakyucosmo.com/wp-content/uploads/2025/04/Tigers.jpg"" alt="""" width=""10"" height=""10"" class=""alignnone size-full wp-image-6224"" />",<a href=https://npb.jp/bis/eng/teams/index_t.html>Hanshin</a>,CL
,<a href=https://npb.jp/bis/eng/players/81785150.html>Kudo Taisei</a>,6,0,1,0,1,0,0,21,4.1,2,0,5,7,0,0,2,3,2,4.15,5.70,5.75,2.08,67,175,159,-1.55,0.0%,23.8%,33.3%,-9.5%,23,R,"<img src=""https://www.yakyucosmo.com/wp-content/uploads/2025/04/Tigers.jpg"" alt="""" width=""10"" height=""10"" class=""alignnone size-full wp-image-6224"" />",<a href=https://npb.jp/bis/eng/teams/index_t.html>Hanshin</a>,CL
,<a href=https://npb.jp/bis/eng/players/53355157.html>Mombetsu Keito</a>,3,1,1,0,0,0,0,50,12.0,13,0,8,4,0,0,0,2,2,1.50,2.83,4.00,1.42,184,87,111,-1.33,0.0%,16.0%,8.0%,8.0%,20,L,"<img src=""https://www.yakyucosmo.com/wp-content/uploads/2025/04/Tigers.jpg"" alt="""" width=""10"" height=""10"" class=""alignnone size-full wp-image-6224"" />",<a href=https://npb.jp/bis/eng/teams/index_t.html>Hanshin</a>,CL
,<a href=https://npb.jp/bis/eng/players/13315153.html>Murakami Shoki</a>,4,3,1,0,0,0,0,100,24.2,20,1,21,5,0,1,1,9,9,3.28,2.71,3.20,1.01,84,83,89,0.57,1.0%,21.0%,5.0%,16.0%,27,R,"<img src=""https://www.yakyucosmo.com/wp-content/uploads/2025/04/Tigers.jpg"" alt="""" width=""10"" height=""10"" class=""alignnone size-full wp-image-6224"" />",<a href=https://npb.jp/bis/eng/teams/index_t.html>Hanshin</a>,CL
,<a href=https://npb.jp/bis/eng/players/71275118.html>Nishi Yuki</a>,1,0,1,0,0,0,0,23,4.2,7,0,2,2,0,0,0,3,3,5.79,3.59,4.80,1.93,48,110,133,2.20,0.0%,8.7%,8.7%,0.0%,34,R,"<img src=""https://www.yakyucosmo.com/wp-content/uploads/2025/04/Tigers.jpg"" alt="""" width=""10"" height=""10"" class=""alignnone size-full wp-image-6224"" />",<a href=https://npb.jp/bis/eng/teams/index_t.html>Hanshin</a>,CL
,<a href=https://npb.jp/bis/eng/players/11515155.html>Okadome Hidetaka</a>,4,0,0,0,0,0,0,19,5.0,3,0,1,1,1,0,0,0,0,0.00,3.36,4.80,0.80,999,103,133,-3.36,0.0%,5.3%,5.3%,0.0%,25,R,"<img src=""https://www.yakyucosmo.com/wp-content/uploads/2025/04/Tigers.jpg"" alt="""" width=""10"" height=""10"" class=""alignnone size-full wp-image-6224"" />",<a href=https://npb.jp/bis/eng/teams/index_t.html>Hanshin</a>,CL
,<a href=https://npb.jp/bis/eng/players/91795151.html>Oyokawa Masaki</a>,10,2,0,0,4,0,0,33,9.1,3,0,11,1,0,0,0,1,0,0.00,1.12,1.77,0.43,999,35,49,-1.12,0.0%,33.3%,3.0%,30.3%,24,L,"<img src=""https://www.yakyucosmo.com/wp-content/uploads/2025/04/Tigers.jpg"" alt="""" width=""10"" height=""10"" class=""alignnone size-full wp-image-6224"" />",<a href=https://npb.jp/bis/eng/teams/index_t.html>Hanshin</a>,CL
,<a href=https://npb.jp/bis/eng/players/41745134.html>Saiki Hiroto</a>,4,2,2,0,0,0,0,113,27.1,19,1,24,12,0,0,0,7,7,2.30,3.20,3.74,1.13,120,98,104,-0.90,0.9%,21.2%,10.6%,10.6%,26,R,"<img src=""https://www.yakyucosmo.com/wp-content/uploads/2025/04/Tigers.jpg"" alt="""" width=""10"" height=""10"" class=""alignnone size-full wp-image-6224"" />",<a href=https://npb.jp/bis/eng/teams/index_t.html>Hanshin</a>,CL
,<a href=https://npb.jp/bis/eng/players/51055133.html>Shimamoto Hiroya</a>,2,0,0,0,0,0,0,7,2.0,1,0,2,0,0,0,0,0,0,0.00,1.16,1.94,0.50,999,36,54,-1.16,0.0%,28.6%,0.0%,28.6%,32,L,"<img src=""https://www.yakyucosmo.com/wp-content/uploads/2025/04/Tigers.jpg"" alt="""" width=""10"" height=""10"" class=""alignnone size-full wp-image-6224"" />",<a href=https://npb.jp/bis/eng/teams/index_t.html>Hanshin</a>,CL
,<a href=https://npb.jp/bis/eng/players/51255157.html>Tomida Ren</a>,2,1,0,0,0,0,0,33,9.0,8,0,4,0,0,0,0,2,2,2.00,2.27,3.59,0.89,138,70,99,-0.27,0.0%,12.1%,0.0%,12.1%,23,L,"<img src=""https://www.yakyucosmo.com/wp-content/uploads/2025/04/Tigers.jpg"" alt="""" width=""10"" height=""10"" class=""alignnone size-full wp-image-6224"" />",<a href=https://npb.jp/bis/eng/teams/index_t.html>Hanshin</a>,CL
,<a href=https://npb.jp/bis/eng/players/11315138.html>Urushihara Taisei</a>,4,0,0,0,0,0,0,14,4.1,1,0,5,0,0,0,0,0,0,0.00,0.85,1.23,0.23,999,26,34,-0.85,0.0%,35.7%,0.0%,35.7%,28,R,"<img src=""https://www.yakyucosmo.com/wp-content/uploads/2025/04/Tigers.jpg"" alt="""" width=""10"" height=""10"" class=""alignnone size-full wp-image-6224"" />",<a href=https://npb.jp/bis/eng/teams/index_t.html>Hanshin</a>,CL
,<a href=https://npb.jp/bis/eng/players/33735150.html>Dominguez Johan</a>,2,1,0,0,0,0,0,45,11.0,4,0,8,7,0,0,0,2,2,1.64,3.61,4.58,1.00,180,104,127,-1.97,0.0%,17.8%,15.6%,2.2%,29,R,"<img src=""https://www.yakyucosmo.com/wp-content/uploads/2025/04/Carp.jpg"" alt="""" width=""10"" height=""10"" class=""alignnone size-full wp-image-6223"" />",<a href=https://npb.jp/bis/eng/teams/index_c.html>Hiroshima</a>,CL
,<a href=https://npb.jp/bis/eng/players/73975159.html>Hearn Taylor</a>,8,0,1,0,6,0,0,39,8.0,14,0,8,3,0,0,1,6,6,6.75,2.28,3.52,2.12,44,66,98,4.47,0.0%,20.5%,7.7%,12.8%,30,L,"<img src=""https://www.yakyucosmo.com/wp-content/uploads/2025/04/Carp.jpg"" alt="""" width=""10"" height=""10"" class=""alignnone size-full wp-image-6223"" />",<a href=https://npb.jp/bis/eng/teams/index_c.html>Hiroshima</a>,CL
,<a href=https://npb.jp/bis/eng/players/21625130.html>Horie Atsuya</a>,8,0,1,1,2,0,0,32,6.1,8,0,10,4,1,1,0,3,3,4.26,2.37,2.92,1.89,69,68,81,1.89,0.0%,31.2%,12.5%,18.8%,28,L,"<img src=""https://www.yakyucosmo.com/wp-content/uploads/2025/04/Carp.jpg"" alt="""" width=""10"" height=""10"" class=""alignnone size-full wp-image-6223"" />",<a href=https://npb.jp/bis/eng/teams/index_c.html>Hiroshima</a>,CL
,<a href=https://npb.jp/bis/eng/players/91995153.html>Kuribayashi Ryoji</a>,8,1,0,4,2,0,0,32,7.1,7,0,9,4,1,0,0,7,7,8.59,2.34,3.24,1.50,34,67,90,6.25,0.0%,28.1%,12.5%,15.6%,28,R,"<img src=""https://www.yakyucosmo.com/wp-content/uploads/2025/04/Carp.jpg"" alt="""" width=""10"" height=""10"" class=""alignnone size-full wp-image-6223"" />",<a href=https://npb.jp/bis/eng/teams/index_c.html>Hiroshima</a>,CL
,<a href=https://npb.jp/bis/eng/players/93395155.html>Mori Shohei</a>,4,3,1,0,0,0,0,91,22.2,18,1,14,8,0,1,1,7,7,2.78,3.69,4.14,1.15,106,106,115,-0.91,1.1%,15.4%,8.8%,6.6%,27,L,"<img src=""https://www.yakyucosmo.com/wp-content/uploads/2025/04/Carp.jpg"" alt="""" width=""10"" height=""10"" class=""alignnone size-full wp-image-6223"" />",<a href=https://npb.jp/bis/eng/teams/index_c.html>Hiroshima</a>,CL
,<a href=https://npb.jp/bis/eng/players/53155151.html>Morishita Masato</a>,4,3,1,0,0,1,0,113,30.0,16,2,22,6,0,1,0,9,6,1.80,3.26,3.38,0.73,164,94,94,-1.46,1.8%,19.5%,5.3%,14.2%,27,R,"<img src=""https://www.yakyucosmo.com/wp-content/uploads/2025/04/Carp.jpg"" alt="""" width=""10"" height=""10"" class=""alignnone size-full wp-image-6223"" />",<a href=https://npb.jp/bis/eng/teams/index_c.html>Hiroshima</a>,CL
,<a href=https://npb.jp/bis/eng/players/73375153.html>Moriura Daisuke</a>,7,1,0,0,5,0,0,23,6.2,2,0,9,1,0,0,0,0,0,0.00,0.91,1.32,0.45,999,26,37,-0.91,0.0%,39.1%,4.3%,34.8%,27,L,"<img src=""https://www.yakyucosmo.com/wp-content/uploads/2025/04/Carp.jpg"" alt="""" width=""10"" height=""10"" class=""alignnone size-full wp-image-6223"" />",<a href=https://npb.jp/bis/eng/teams/index_c.html>Hiroshima</a>,CL
,<a href=https://npb.jp/bis/eng/players/31235133.html>Nakazaki Shota</a>,5,0,0,0,0,0,0,13,4.1,1,0,5,0,0,0,0,0,0,0.00,0.85,0.95,0.23,999,25,26,-0.85,0.0%,38.5%,0.0%,38.5%,32,R,"<img src=""https://www.yakyucosmo.com/wp-content/uploads/2025/04/Carp.jpg"" alt="""" width=""10"" height=""10"" class=""alignnone size-full wp-image-6223"" />",<a href=https://npb.jp/bis/eng/teams/index_c.html>Hiroshima</a>,CL
,<a href=https://npb.jp/bis/eng/players/61365139.html>Ohsera Daichi</a>,3,0,1,0,0,0,0,74,19.0,14,0,12,4,0,0,1,4,4,1.89,2.53,3.72,0.95,156,73,103,-0.64,0.0%,16.2%,5.4%,10.8%,34,R,"<img src=""https://www.yakyucosmo.com/wp-content/uploads/2025/04/Carp.jpg"" alt="""" width=""10"" height=""10"" class=""alignnone size-full wp-image-6223"" />",<a href=https://npb.jp/bis/eng/teams/index_c.html>Hiroshima</a>,CL
,<a href=https://npb.jp/bis/eng/players/91595150.html>Okamoto Shun</a>,6,0,0,0,0,0,0,22,5.1,4,0,6,1,0,1,0,2,2,3.38,2.03,2.53,0.94,87,59,70,1.35,0.0%,27.3%,4.5%,22.7%,23,R,"<img src=""https://www.yakyucosmo.com/wp-content/uploads/2025/04/Carp.jpg"" alt="""" width=""10"" height=""10"" class=""alignnone size-full wp-image-6223"" />",<a href=https://npb.jp/bis/eng/teams/index_c.html>Hiroshima</a>,CL
,<a href=https://npb.jp/bis/eng/players/31935138.html>Shimauchi Sotaro</a>,8,0,0,0,4,0,0,27,6.2,3,0,6,3,0,0,0,2,0,0.00,2.71,3.69,0.90,999,78,102,-2.71,0.0%,22.2%,11.1%,11.1%,28,R,"<img src=""https://www.yakyucosmo.com/wp-content/uploads/2025/04/Carp.jpg"" alt="""" width=""10"" height=""10"" class=""alignnone size-full wp-image-6223"" />",<a href=https://npb.jp/bis/eng/teams/index_c.html>Hiroshima</a>,CL
,<a href=https://npb.jp/bis/eng/players/61065151.html>Suzuki Kenya</a>,5,0,0,0,0,0,0,24,6.0,6,1,2,1,0,0,0,4,4,6.00,5.16,4.38,1.17,49,149,122,0.84,4.2%,8.3%,4.2%,4.2%,27,R,"<img src=""https://www.yakyucosmo.com/wp-content/uploads/2025/04/Carp.jpg"" alt="""" width=""10"" height=""10"" class=""alignnone size-full wp-image-6223"" />",<a href=https://npb.jp/bis/eng/teams/index_c.html>Hiroshima</a>,CL
,<a href=https://npb.jp/bis/eng/players/41245151.html>Tamamura Shogo</a>,2,0,1,0,0,0,0,45,12.0,10,0,10,1,0,0,0,3,3,2.25,1.74,2.80,0.92,131,50,78,0.51,0.0%,22.2%,2.2%,20.0%,24,L,"<img src=""https://www.yakyucosmo.com/wp-content/uploads/2025/04/Carp.jpg"" alt="""" width=""10"" height=""10"" class=""alignnone size-full wp-image-6223"" />",<a href=https://npb.jp/bis/eng/teams/index_c.html>Hiroshima</a>,CL
,<a href=https://npb.jp/bis/eng/players/11415134.html>Tokoda Hiroki</a>,4,2,1,0,0,1,1,122,30.0,27,1,18,6,1,0,0,5,5,1.50,2.99,3.82,1.10,197,86,106,-1.49,0.8%,14.8%,4.9%,9.8%,30,L,"<img src=""https://www.yakyucosmo.com/wp-content/uploads/2025/04/Carp.jpg"" alt="""" width=""10"" height=""10"" class=""alignnone size-full wp-image-6223"" />",<a href=https://npb.jp/bis/eng/teams/index_c.html>Hiroshima</a>,CL
,<a href=https://npb.jp/bis/eng/players/51155136.html>Azuma Katsuki</a>,3,2,0,0,0,0,0,87,22.1,16,1,17,2,0,0,0,6,2,0.81,2.49,3.08,0.81,354,74,85,-1.68,1.1%,19.5%,2.3%,17.2%,29,L,"<img src=""https://www.yakyucosmo.com/wp-content/uploads/2025/04/BayStars.jpg"" alt="""" width=""10"" height=""10"" class=""alignnone size-full wp-image-6228"" />",<a href=https://npb.jp/bis/eng/teams/index_db.html>DeNA</a>,CL
,<a href=https://npb.jp/bis/eng/players/33235157.html>Bauer Trevor</a>,3,0,3,0,0,0,0,79,18.0,22,3,14,5,1,0,1,10,10,5.00,4.60,3.66,1.50,57,137,101,0.40,3.8%,17.7%,6.3%,11.4%,34,R,"<img src=""https://www.yakyucosmo.com/wp-content/uploads/2025/04/BayStars.jpg"" alt="""" width=""10"" height=""10"" class=""alignnone size-full wp-image-6228"" />",<a href=https://npb.jp/bis/eng/teams/index_db.html>DeNA</a>,CL
,<a href=https://npb.jp/bis/eng/players/71675134.html>Hamachi Masumi</a>,3,0,0,0,0,0,0,12,3.0,2,2,5,1,0,0,0,2,2,6.00,9.49,1.47,1.00,48,282,41,-3.49,16.7%,41.7%,8.3%,33.3%,27,R,"<img src=""https://www.yakyucosmo.com/wp-content/uploads/2025/04/BayStars.jpg"" alt="""" width=""10"" height=""10"" class=""alignnone size-full wp-image-6228"" />",<a href=https://npb.jp/bis/eng/teams/index_db.html>DeNA</a>,CL
,<a href=https://npb.jp/bis/eng/players/71875134.html>Horioka Hayato</a>,4,0,0,0,0,0,0,24,4.2,6,0,8,4,1,0,0,3,2,3.86,2.30,3.13,2.14,74,68,87,1.56,0.0%,33.3%,16.7%,16.7%,26,R,"<img src=""https://www.yakyucosmo.com/wp-content/uploads/2025/04/BayStars.jpg"" alt="""" width=""10"" height=""10"" class=""alignnone size-full wp-image-6228"" />",<a href=https://npb.jp/bis/eng/teams/index_db.html>DeNA</a>,CL
,<a href=https://npb.jp/bis/eng/players/61365153.html>Irie Taisei</a>,6,0,0,1,1,0,0,25,6.0,2,0,7,4,1,1,0,1,1,1.50,3.33,3.60,1.00,191,99,100,-1.83,0.0%,28.0%,16.0%,12.0%,26,R,"<img src=""https://www.yakyucosmo.com/wp-content/uploads/2025/04/BayStars.jpg"" alt="""" width=""10"" height=""10"" class=""alignnone size-full wp-image-6228"" />",<a href=https://npb.jp/bis/eng/teams/index_db.html>DeNA</a>,CL
,<a href=https://npb.jp/bis/eng/players/41145151.html>Ise Hiromu</a>,6,0,0,1,4,0,0,21,5.0,5,0,5,1,0,0,0,2,2,3.60,1.76,2.90,1.20,80,52,80,1.84,0.0%,23.8%,4.8%,19.0%,27,R,"<img src=""https://www.yakyucosmo.com/wp-content/uploads/2025/04/BayStars.jpg"" alt="""" width=""10"" height=""10"" class=""alignnone size-full wp-image-6228"" />",<a href=https://npb.jp/bis/eng/teams/index_db.html>DeNA</a>,CL
,<a href=https://npb.jp/bis/eng/players/21125159.html>Ishida Yutaro</a>,3,0,1,0,1,0,0,35,8.0,11,0,11,1,0,0,0,7,7,7.88,0.78,1.94,1.50,36,23,54,7.10,0.0%,31.4%,2.9%,28.6%,23,R,"<img src=""https://www.yakyucosmo.com/wp-content/uploads/2025/04/BayStars.jpg"" alt="""" width=""10"" height=""10"" class=""alignnone size-full wp-image-6228"" />",<a href=https://npb.jp/bis/eng/teams/index_db.html>DeNA</a>,CL
,<a href=https://npb.jp/bis/eng/players/43745159.html>Jackson Andre</a>,3,1,1,0,0,0,0,76,19.0,15,0,20,4,1,1,2,3,3,1.42,1.84,2.69,1.00,202,55,75,-0.42,0.0%,26.3%,5.3%,21.1%,29,R,"<img src=""https://www.yakyucosmo.com/wp-content/uploads/2025/04/BayStars.jpg"" alt="""" width=""10"" height=""10"" class=""alignnone size-full wp-image-6228"" />",<a href=https://npb.jp/bis/eng/teams/index_db.html>DeNA</a>,CL
,<a href=https://npb.jp/bis/eng/players/13715159.html>Kay Anthony</a>,3,1,1,0,0,0,0,76,20.0,14,1,23,1,0,0,0,3,3,1.35,1.66,1.91,0.75,212,49,53,-0.31,1.3%,30.3%,1.3%,28.9%,30,L,"<img src=""https://www.yakyucosmo.com/wp-content/uploads/2025/04/BayStars.jpg"" alt="""" width=""10"" height=""10"" class=""alignnone size-full wp-image-6228"" />",<a href=https://npb.jp/bis/eng/teams/index_db.html>DeNA</a>,CL
,<a href=https://npb.jp/bis/eng/players/51855138.html>Miyagi Daita</a>,6,0,0,0,1,0,0,28,7.2,2,0,4,5,0,0,0,0,0,0.00,4.07,5.16,0.91,999,121,143,-4.07,0.0%,14.3%,17.9%,-3.6%,24,R,"<img src=""https://www.yakyucosmo.com/wp-content/uploads/2025/04/BayStars.jpg"" alt="""" width=""10"" height=""10"" class=""alignnone size-full wp-image-6228"" />",<a href=https://npb.jp/bis/eng/teams/index_db.html>DeNA</a>,CL
,<a href=https://npb.jp/bis/eng/players/93195134.html>Morihara Kohei</a>,2,0,0,0,0,0,0,8,2.0,2,0,1,0,0,0,0,0,0,0.00,2.16,3.55,1.00,999,64,98,-2.16,0.0%,12.5%,0.0%,12.5%,33,R,"<img src=""https://www.yakyucosmo.com/wp-content/uploads/2025/04/BayStars.jpg"" alt="""" width=""10"" height=""10"" class=""alignnone size-full wp-image-6228"" />",<a href=https://npb.jp/bis/eng/teams/index_db.html>DeNA</a>,CL
,<a href=https://npb.jp/bis/eng/players/21425153.html>Nakagawa Hayate</a>,5,0,0,0,0,0,0,21,3.1,5,0,4,4,1,1,0,2,1,2.70,5.26,4.80,2.70,106,156,133,-2.56,0.0%,19.0%,19.0%,0.0%,26,R,"<img src=""https://www.yakyucosmo.com/wp-content/uploads/2025/04/BayStars.jpg"" alt="""" width=""10"" height=""10"" class=""alignnone size-full wp-image-6228"" />",<a href=https://npb.jp/bis/eng/teams/index_db.html>DeNA</a>,CL
,<a href=https://npb.jp/bis/eng/players/21225136.html>Nakagawa Koh</a>,1,0,0,0,0,0,0,4,1.0,1,0,0,0,0,0,0,0,0,0.00,3.16,4.80,1.00,999,94,133,-3.16,0.0%,0.0%,0.0%,0.0%,25,R,"<img src=""https://www.yakyucosmo.com/wp-content/uploads/2025/04/BayStars.jpg"" alt="""" width=""10"" height=""10"" class=""alignnone size-full wp-image-6228"" />",<a href=https://npb.jp/bis/eng/teams/index_db.html>DeNA</a>,CL
,<a href=https://npb.jp/bis/eng/players/01305138.html>Ohnuki Shinichi</a>,2,0,1,0,0,0,0,47,11.1,13,2,8,2,0,0,0,6,6,4.76,4.57,3.52,1.32,60,136,98,0.19,4.3%,17.0%,4.3%,12.8%,31,R,"<img src=""https://www.yakyucosmo.com/wp-content/uploads/2025/04/BayStars.jpg"" alt="""" width=""10"" height=""10"" class=""alignnone size-full wp-image-6228"" />",<a href=https://npb.jp/bis/eng/teams/index_db.html>DeNA</a>,CL
,<a href=https://npb.jp/bis/eng/players/11015151.html>Sakamoto Yuya</a>,5,1,0,0,0,0,0,19,4.1,3,1,4,3,1,0,1,2,2,4.15,6.39,4.27,1.38,69,190,118,-2.24,5.3%,21.1%,15.8%,5.3%,27,L,"<img src=""https://www.yakyucosmo.com/wp-content/uploads/2025/04/BayStars.jpg"" alt="""" width=""10"" height=""10"" class=""alignnone size-full wp-image-6228"" />",<a href=https://npb.jp/bis/eng/teams/index_db.html>DeNA</a>,CL
,<a href=https://npb.jp/bis/eng/players/71975134.html>Sasaki Chihaya</a>,4,0,0,0,0,0,0,19,4.0,7,0,2,1,0,0,0,2,2,4.50,2.91,4.27,2.00,64,86,118,1.59,0.0%,10.5%,5.3%,5.3%,31,R,"<img src=""https://www.yakyucosmo.com/wp-content/uploads/2025/04/BayStars.jpg"" alt="""" width=""10"" height=""10"" class=""alignnone size-full wp-image-6228"" />",<a href=https://npb.jp/bis/eng/teams/index_db.html>DeNA</a>,CL
,<a href=https://npb.jp/bis/eng/players/41045150.html>Shinogi Kentaro</a>,2,0,0,0,1,0,0,10,1.1,2,0,0,3,0,1,0,4,4,27.00,12.16,7.80,3.75,11,361,216,14.84,0.0%,0.0%,30.0%,-30.0%,23,R,"<img src=""https://www.yakyucosmo.com/wp-content/uploads/2025/04/BayStars.jpg"" alt="""" width=""10"" height=""10"" class=""alignnone size-full wp-image-6228"" />",<a href=https://npb.jp/bis/eng/teams/index_db.html>DeNA</a>,CL
,<a href=https://npb.jp/bis/eng/players/01905139.html>Taira Kentaro</a>,3,1,2,0,0,0,0,59,13.0,17,1,7,4,0,0,0,7,7,4.85,4.01,4.29,1.62,59,119,119,0.84,1.7%,11.9%,6.8%,5.1%,29,R,"<img src=""https://www.yakyucosmo.com/wp-content/uploads/2025/04/BayStars.jpg"" alt="""" width=""10"" height=""10"" class=""alignnone size-full wp-image-6228"" />",<a href=https://npb.jp/bis/eng/teams/index_db.html>DeNA</a>,CL
,<a href=https://npb.jp/bis/eng/players/03505159.html>Wick Rowan</a>,3,0,0,0,1,0,0,14,3.0,2,0,4,2,0,1,0,1,1,3.00,3.49,3.37,1.33,95,104,93,-0.49,0.0%,28.6%,14.3%,14.3%,32,R,"<img src=""https://www.yakyucosmo.com/wp-content/uploads/2025/04/BayStars.jpg"" alt="""" width=""10"" height=""10"" class=""alignnone size-full wp-image-6228"" />",<a href=https://npb.jp/bis/eng/teams/index_db.html>DeNA</a>,CL
,<a href=https://npb.jp/bis/eng/players/41845130.html>Yamasaki Yasuaki</a>,7,0,1,1,1,0,0,24,6.0,5,1,6,1,0,0,0,2,2,3.00,3.83,2.72,1.00,95,114,75,-0.83,4.2%,25.0%,4.2%,20.8%,32,R,"<img src=""https://www.yakyucosmo.com/wp-content/uploads/2025/04/BayStars.jpg"" alt="""" width=""10"" height=""10"" class=""alignnone size-full wp-image-6228"" />",<a href=https://npb.jp/bis/eng/teams/index_db.html>DeNA</a>,CL
,<a href=https://npb.jp/bis/eng/players/51155155.html>Akahoshi Yuji</a>,4,2,2,0,0,0,0,83,22.0,20,2,17,0,0,0,0,5,5,2.05,2.80,2.75,0.91,136,85,76,-0.75,2.4%,20.5%,0.0%,20.5%,25,R,"<img src=""https://www.yakyucosmo.com/wp-content/uploads/2025/04/Giants.jpg"" alt="""" width=""10"" height=""10"" class=""alignnone size-full wp-image-6227"" />",<a href=https://npb.jp/bis/eng/teams/index_g.html>Yomiuri</a>,CL
,<a href=https://npb.jp/bis/eng/players/23225157.html>Baldonado Alberto</a>,2,0,0,0,1,0,0,8,1.1,2,0,0,2,0,0,0,1,1,6.75,7.66,7.30,3.00,41,233,202,-0.91,0.0%,0.0%,25.0%,-25.0%,32,L,"<img src=""https://www.yakyucosmo.com/wp-content/uploads/2025/04/Giants.jpg"" alt="""" width=""10"" height=""10"" class=""alignnone size-full wp-image-6227"" />",<a href=https://npb.jp/bis/eng/teams/index_g.html>Yomiuri</a>,CL
,<a href=https://npb.jp/bis/eng/players/31835157.html>Funabasama Hiromasa</a>,7,0,0,0,2,0,0,24,6.0,4,0,4,3,2,0,0,1,1,1.50,3.33,4.38,1.17,186,101,122,-1.83,0.0%,16.7%,12.5%,4.2%,28,R,"<img src=""https://www.yakyucosmo.com/wp-content/uploads/2025/04/Giants.jpg"" alt="""" width=""10"" height=""10"" class=""alignnone size-full wp-image-6227"" />",<a href=https://npb.jp/bis/eng/teams/index_g.html>Yomiuri</a>,CL
,<a href=https://npb.jp/bis/eng/players/21625151.html>Hotta Kenshin</a>,2,0,0,0,0,0,0,21,4.0,8,1,2,2,0,0,0,5,5,11.25,6.91,4.80,2.50,25,210,133,4.34,4.8%,9.5%,9.5%,0.0%,24,R,"<img src=""https://www.yakyucosmo.com/wp-content/uploads/2025/04/Giants.jpg"" alt="""" width=""10"" height=""10"" class=""alignnone size-full wp-image-6227"" />",<a href=https://npb.jp/bis/eng/teams/index_g.html>Yomiuri</a>,CL
,<a href=https://npb.jp/bis/eng/players/51355151.html>Inoue Haruto</a>,4,2,1,0,0,0,0,107,28.0,20,1,31,4,0,0,0,5,5,1.61,1.84,2.28,0.86,174,56,63,-0.23,0.9%,29.0%,3.7%,25.2%,24,L,"<img src=""https://www.yakyucosmo.com/wp-content/uploads/2025/04/Giants.jpg"" alt="""" width=""10"" height=""10"" class=""alignnone size-full wp-image-6227"" />",<a href=https://npb.jp/bis/eng/teams/index_g.html>Yomiuri</a>,CL
,<a href=https://npb.jp/bis/eng/players/61165153.html>Ishikawa Tatsuya</a>,4,1,2,0,0,0,0,80,19.0,16,1,13,7,1,1,0,6,4,1.89,3.74,4.05,1.21,148,114,112,-1.85,1.2%,16.2%,8.8%,7.5%,27,L,"<img src=""https://www.yakyucosmo.com/wp-content/uploads/2025/04/Giants.jpg"" alt="""" width=""10"" height=""10"" class=""alignnone size-full wp-image-6227"" />",<a href=https://npb.jp/bis/eng/teams/index_g.html>Yomiuri</a>,CL
,<a href=https://npb.jp/bis/eng/players/01105138.html>Izumi Keisuke</a>,5,0,0,0,0,0,0,27,5.2,6,1,5,3,0,1,1,5,5,7.94,5.81,4.06,1.59,35,177,113,2.13,3.7%,18.5%,11.1%,7.4%,28,R,"<img src=""https://www.yakyucosmo.com/wp-content/uploads/2025/04/Giants.jpg"" alt="""" width=""10"" height=""10"" class=""alignnone size-full wp-image-6227"" />",<a href=https://npb.jp/bis/eng/teams/index_g.html>Yomiuri</a>,CL
,<a href=https://npb.jp/bis/eng/players/73975155.html>Keller Kyle</a>,6,0,0,0,0,0,0,21,4.2,6,2,4,1,1,0,0,4,4,7.71,7.66,3.37,1.50,36,233,93,0.05,9.5%,19.0%,4.8%,14.3%,32,R,"<img src=""https://www.yakyucosmo.com/wp-content/uploads/2025/04/Giants.jpg"" alt="""" width=""10"" height=""10"" class=""alignnone size-full wp-image-6227"" />",<a href=https://npb.jp/bis/eng/teams/index_g.html>Yomiuri</a>,CL
,<a href=https://npb.jp/bis/eng/players/23925134.html>Martinez Raidel</a>,8,1,0,6,0,0,0,30,7.2,3,0,7,4,0,0,0,0,0,0.00,2.90,3.80,0.91,999,88,105,-2.90,0.0%,23.3%,13.3%,10.0%,28,R,"<img src=""https://www.yakyucosmo.com/wp-content/uploads/2025/04/Giants.jpg"" alt="""" width=""10"" height=""10"" class=""alignnone size-full wp-image-6227"" />",<a href=https://npb.jp/bis/eng/teams/index_g.html>Yomiuri</a>,CL
,<a href=https://npb.jp/bis/eng/players/81285132.html>Nakagawa Kota</a>,7,1,0,0,1,0,0,29,6.2,7,0,9,1,0,1,0,0,0,0.00,1.36,2.04,1.20,999,41,57,-1.36,0.0%,31.0%,3.4%,27.6%,31,L,"<img src=""https://www.yakyucosmo.com/wp-content/uploads/2025/04/Giants.jpg"" alt="""" width=""10"" height=""10"" class=""alignnone size-full wp-image-6227"" />",<a href=https://npb.jp/bis/eng/teams/index_g.html>Yomiuri</a>,CL
,<a href=https://npb.jp/bis/eng/players/31635159.html>Nishidate Yuhi</a>,4,0,0,0,1,0,0,27,6.0,7,1,5,2,0,1,0,2,2,3.00,5.16,3.69,1.50,93,157,102,-2.16,3.7%,18.5%,7.4%,11.1%,23,R,"<img src=""https://www.yakyucosmo.com/wp-content/uploads/2025/04/Giants.jpg"" alt="""" width=""10"" height=""10"" class=""alignnone size-full wp-image-6227"" />",<a href=https://npb.jp/bis/eng/teams/index_g.html>Yomiuri</a>,CL
,<a href=https://npb.jp/bis/eng/players/81085155.html>Ota Taisei</a>,7,0,0,0,6,0,0,24,6.2,3,0,7,1,0,0,0,1,1,1.35,1.51,2.30,0.60,207,46,64,-0.16,0.0%,29.2%,4.2%,25.0%,26,R,"<img src=""https://www.yakyucosmo.com/wp-content/uploads/2025/04/Giants.jpg"" alt="""" width=""10"" height=""10"" class=""alignnone size-full wp-image-6227"" />",<a href=https://npb.jp/bis/eng/teams/index_g.html>Yomiuri</a>,CL
,<a href=https://npb.jp/bis/eng/players/91095134.html>Takanashi Yuhei</a>,10,0,0,0,3,0,0,34,7.1,5,0,10,7,2,2,0,3,3,3.68,4.11,3.92,1.64,76,125,109,-0.43,0.0%,29.4%,20.6%,8.8%,32,L,"<img src=""https://www.yakyucosmo.com/wp-content/uploads/2025/04/Giants.jpg"" alt="""" width=""10"" height=""10"" class=""alignnone size-full wp-image-6227"" />",<a href=https://npb.jp/bis/eng/teams/index_g.html>Yomiuri</a>,CL
,<a href=https://npb.jp/bis/eng/players/61065136.html>Tanaka Eito</a>,9,0,0,0,5,0,0,30,8.1,7,0,5,0,0,0,0,1,1,1.08,1.96,3.13,0.84,259,60,87,-0.88,0.0%,16.7%,0.0%,16.7%,25,R,"<img src=""https://www.yakyucosmo.com/wp-content/uploads/2025/04/Giants.jpg"" alt="""" width=""10"" height=""10"" class=""alignnone size-full wp-image-6227"" />",<a href=https://npb.jp/bis/eng/teams/index_g.html>Yomiuri</a>,CL
,<a href=https://npb.jp/bis/eng/players/11215114.html>Tanaka Masahiro</a>,2,1,1,0,0,0,0,35,7.0,12,0,2,4,0,0,0,7,7,9.00,4.30,5.37,2.29,31,131,149,4.70,0.0%,5.7%,11.4%,-5.7%,36,R,"<img src=""https://www.yakyucosmo.com/wp-content/uploads/2025/04/Giants.jpg"" alt="""" width=""10"" height=""10"" class=""alignnone size-full wp-image-6227"" />",<a href=https://npb.jp/bis/eng/teams/index_g.html>Yomiuri</a>,CL
,<a href=https://npb.jp/bis/eng/players/91495153.html>Toda Natsuki</a>,2,0,1,0,0,0,0,12,2.2,3,0,0,1,1,0,0,1,1,3.38,4.28,5.63,1.50,83,130,156,-0.90,0.0%,0.0%,8.3%,-8.3%,24,R,"<img src=""https://www.yakyucosmo.com/wp-content/uploads/2025/04/Giants.jpg"" alt="""" width=""10"" height=""10"" class=""alignnone size-full wp-image-6227"" />",<a href=https://npb.jp/bis/eng/teams/index_g.html>Yomiuri</a>,CL
,<a href=https://npb.jp/bis/eng/players/41045138.html>Togo Shosei</a>,3,0,2,0,0,0,0,63,11.1,21,0,6,6,0,0,0,17,14,11.12,3.69,4.80,2.38,25,112,133,7.43,0.0%,9.5%,9.5%,0.0%,25,R,"<img src=""https://www.yakyucosmo.com/wp-content/uploads/2025/04/Giants.jpg"" alt="""" width=""10"" height=""10"" class=""alignnone size-full wp-image-6227"" />",<a href=https://npb.jp/bis/eng/teams/index_g.html>Yomiuri</a>,CL
,<a href=https://npb.jp/bis/eng/players/03305153.html>Yamasaki Iori</a>,3,3,0,0,0,0,0,81,23.0,12,0,23,1,0,1,0,0,0,0.00,1.42,2.08,0.57,999,43,58,-1.42,0.0%,28.4%,1.2%,27.2%,26,R,"<img src=""https://www.yakyucosmo.com/wp-content/uploads/2025/04/Giants.jpg"" alt="""" width=""10"" height=""10"" class=""alignnone size-full wp-image-6227"" />",<a href=https://npb.jp/bis/eng/teams/index_g.html>Yomiuri</a>,CL
,<a href=https://npb.jp/bis/eng/players/81885138.html>Yokogawa Kai</a>,7,0,0,0,1,0,0,46,12.1,8,1,7,1,0,1,0,2,2,1.46,3.56,3.50,0.73,191,109,97,-2.10,2.2%,15.2%,2.2%,13.0%,24,L,"<img src=""https://www.yakyucosmo.com/wp-content/uploads/2025/04/Giants.jpg"" alt="""" width=""10"" height=""10"" class=""alignnone size-full wp-image-6227"" />",<a href=https://npb.jp/bis/eng/teams/index_g.html>Yomiuri</a>,CL
,<a href=https://npb.jp/bis/eng/players/93795150.html>Baumann Mike</a>,2,0,1,0,0,0,0,12,2.0,3,2,0,3,1,0,0,3,3,13.50,20.66,7.30,3.00,23,565,202,-7.16,16.7%,0.0%,25.0%,-25.0%,29,R,"<img src=""https://www.yakyucosmo.com/wp-content/uploads/2025/04/Swallows.jpg"" alt="""" width=""10"" height=""10"" class=""alignnone size-full wp-image-6226"" />",<a href=https://npb.jp/bis/eng/teams/index_s.html>Yakult</a>,CL
,<a href=https://npb.jp/bis/eng/players/11615134.html>Hasegawa Hiroki</a>,2,0,0,0,0,0,0,7,1.0,1,0,0,2,0,1,0,0,0,0.00,12.16,7.66,3.00,999,333,212,-12.16,0.0%,0.0%,28.6%,-28.6%,26,L,"<img src=""https://www.yakyucosmo.com/wp-content/uploads/2025/04/Swallows.jpg"" alt="""" width=""10"" height=""10"" class=""alignnone size-full wp-image-6226"" />",<a href=https://npb.jp/bis/eng/teams/index_s.html>Yakult</a>,CL
,<a href=https://npb.jp/bis/eng/players/11815134.html>Hoshi Tomoya</a>,1,0,0,0,0,0,0,2,0.0,0,0,0,2,0,0,0,0,0,0.00,,14.80,,999,,410,-inf,0.0%,0.0%,100.0%,-100.0%,31,R,"<img src=""https://www.yakyucosmo.com/wp-content/uploads/2025/04/Swallows.jpg"" alt="""" width=""10"" height=""10"" class=""alignnone size-full wp-image-6226"" />",<a href=https://npb.jp/bis/eng/teams/index_s.html>Yakult</a>,CL
,<a href=https://npb.jp/bis/eng/players/11315115.html>Ishikawa Masanori</a>,1,1,0,0,0,0,0,22,5.0,5,0,2,1,0,0,0,3,1,1.80,2.96,4.35,1.20,173,81,120,-1.16,0.0%,9.1%,4.5%,4.5%,45,L,"<img src=""https://www.yakyucosmo.com/wp-content/uploads/2025/04/Swallows.jpg"" alt="""" width=""10"" height=""10"" class=""alignnone size-full wp-image-6226"" />",<a href=https://npb.jp/bis/eng/teams/index_s.html>Yakult</a>,CL
,<a href=https://npb.jp/bis/eng/players/21125137.html>Ishiyama Taichi</a>,8,0,0,3,4,0,0,24,8.0,0,0,11,0,0,0,0,0,0,0.00,0.41,0.22,0.00,999,11,6,-0.41,0.0%,45.8%,0.0%,45.8%,36,R,"<img src=""https://www.yakyucosmo.com/wp-content/uploads/2025/04/Swallows.jpg"" alt="""" width=""10"" height=""10"" class=""alignnone size-full wp-image-6226"" />",<a href=https://npb.jp/bis/eng/teams/index_s.html>Yakult</a>,CL
,<a href=https://npb.jp/bis/eng/players/51555136.html>Kanakubo Yuto</a>,1,0,0,0,0,0,0,15,2.2,6,2,1,1,0,0,1,5,5,16.88,13.28,4.80,2.63,18,364,133,3.60,13.3%,6.7%,6.7%,0.0%,25,R,"<img src=""https://www.yakyucosmo.com/wp-content/uploads/2025/04/Swallows.jpg"" alt="""" width=""10"" height=""10"" class=""alignnone size-full wp-image-6226"" />",<a href=https://npb.jp/bis/eng/teams/index_s.html>Yakult</a>,CL
,<a href=https://npb.jp/bis/eng/players/11915153.html>Kizawa Naofumi</a>,8,2,1,0,3,0,0,26,6.1,5,0,3,1,0,1,0,2,2,2.84,3.16,4.03,0.95,109,86,112,-0.32,0.0%,11.5%,3.8%,7.7%,27,R,"<img src=""https://www.yakyucosmo.com/wp-content/uploads/2025/04/Swallows.jpg"" alt="""" width=""10"" height=""10"" class=""alignnone size-full wp-image-6226"" />",<a href=https://npb.jp/bis/eng/teams/index_s.html>Yakult</a>,CL
,<a href=https://npb.jp/bis/eng/players/01705132.html>Kozawa Reiji</a>,6,0,1,0,1,0,0,28,5.1,6,1,6,6,2,0,0,2,2,3.38,6.72,4.80,2.25,92,184,133,-3.34,3.6%,21.4%,21.4%,0.0%,27,R,"<img src=""https://www.yakyucosmo.com/wp-content/uploads/2025/04/Swallows.jpg"" alt="""" width=""10"" height=""10"" class=""alignnone size-full wp-image-6226"" />",<a href=https://npb.jp/bis/eng/teams/index_s.html>Yakult</a>,CL
,<a href=https://npb.jp/bis/eng/players/93995150.html>Lambert Peter</a>,3,1,1,0,0,0,0,71,17.0,18,1,14,3,0,1,0,6,6,3.18,2.98,3.25,1.24,98,82,90,0.20,1.4%,19.7%,4.2%,15.5%,28,R,"<img src=""https://www.yakyucosmo.com/wp-content/uploads/2025/04/Swallows.jpg"" alt="""" width=""10"" height=""10"" class=""alignnone size-full wp-image-6226"" />",<a href=https://npb.jp/bis/eng/teams/index_s.html>Yakult</a>,CL
,<a href=https://npb.jp/bis/eng/players/11515137.html>Ogawa Yasuhiro</a>,2,1,1,0,0,1,1,58,15.2,11,0,11,0,0,0,0,6,6,3.45,1.75,2.90,0.70,90,48,80,1.70,0.0%,19.0%,0.0%,19.0%,35,R,"<img src=""https://www.yakyucosmo.com/wp-content/uploads/2025/04/Swallows.jpg"" alt="""" width=""10"" height=""10"" class=""alignnone size-full wp-image-6226"" />",<a href=https://npb.jp/bis/eng/teams/index_s.html>Yakult</a>,CL
,<a href=https://npb.jp/bis/eng/players/31735151.html>Okugawa Yasunobu</a>,3,0,1,0,0,0,0,71,16.1,22,1,10,2,0,0,0,10,10,5.51,3.10,3.67,1.47,56,85,102,2.41,1.4%,14.1%,2.8%,11.3%,24,R,"<img src=""https://www.yakyucosmo.com/wp-content/uploads/2025/04/Swallows.jpg"" alt="""" width=""10"" height=""10"" class=""alignnone size-full wp-image-6226"" />",<a href=https://npb.jp/bis/eng/teams/index_s.html>Yakult</a>,CL
,<a href=https://npb.jp/bis/eng/players/81785136.html>Sakaguchi Kousuke</a>,5,0,0,0,0,0,0,27,7.0,0,0,2,6,0,1,0,0,0,0.00,5.59,6.28,0.86,999,153,174,-5.59,0.0%,7.4%,22.2%,-14.8%,25,R,"<img src=""https://www.yakyucosmo.com/wp-content/uploads/2025/04/Swallows.jpg"" alt="""" width=""10"" height=""10"" class=""alignnone size-full wp-image-6226"" />",<a href=https://npb.jp/bis/eng/teams/index_s.html>Yakult</a>,CL
,<a href=https://npb.jp/bis/eng/players/51955138.html>Shimizu Noboru</a>,7,0,1,0,3,0,0,30,6.2,9,1,4,2,1,0,0,5,5,6.75,4.81,4.13,1.65,46,132,115,1.94,3.3%,13.3%,6.7%,6.7%,28,R,"<img src=""https://www.yakyucosmo.com/wp-content/uploads/2025/04/Swallows.jpg"" alt="""" width=""10"" height=""10"" class=""alignnone size-full wp-image-6226"" />",<a href=https://npb.jp/bis/eng/teams/index_s.html>Yakult</a>,CL
,<a href=https://npb.jp/bis/eng/players/91295150.html>Shoji Kota</a>,7,0,0,0,3,0,0,28,8.0,3,0,13,2,0,0,0,0,0,0.00,0.66,0.87,0.62,999,18,24,-0.66,0.0%,46.4%,7.1%,39.3%,25,L,"<img src=""https://www.yakyucosmo.com/wp-content/uploads/2025/04/Swallows.jpg"" alt="""" width=""10"" height=""10"" class=""alignnone size-full wp-image-6226"" />",<a href=https://npb.jp/bis/eng/teams/index_s.html>Yakult</a>,CL
,<a href=https://npb.jp/bis/eng/players/41945139.html>Taguchi Kazuto</a>,7,0,0,0,3,0,0,30,6.0,7,0,6,3,0,1,1,4,4,6.00,3.16,3.80,1.67,52,86,105,2.84,0.0%,20.0%,10.0%,10.0%,29,L,"<img src=""https://www.yakyucosmo.com/wp-content/uploads/2025/04/Swallows.jpg"" alt="""" width=""10"" height=""10"" class=""alignnone size-full wp-image-6226"" />",<a href=https://npb.jp/bis/eng/teams/index_s.html>Yakult</a>,CL
,<a href=https://npb.jp/bis/eng/players/51055132.html>Takahashi Keiji</a>,2,1,1,0,0,0,0,48,12.0,7,0,13,6,0,0,2,2,2,1.50,2.49,3.34,1.08,207,68,93,-0.99,0.0%,27.1%,12.5%,14.6%,28,L,"<img src=""https://www.yakyucosmo.com/wp-content/uploads/2025/04/Swallows.jpg"" alt="""" width=""10"" height=""10"" class=""alignnone size-full wp-image-6226"" />",<a href=https://npb.jp/bis/eng/teams/index_s.html>Yakult</a>,CL
,<a href=https://npb.jp/bis/eng/players/21925139.html>Takanashi Hirotoshi</a>,1,0,0,0,0,0,0,22,6.0,4,0,6,1,0,1,0,1,1,1.50,2.16,2.53,0.83,207,59,70,-0.66,0.0%,27.3%,4.5%,22.7%,34,R,"<img src=""https://www.yakyucosmo.com/wp-content/uploads/2025/04/Swallows.jpg"" alt="""" width=""10"" height=""10"" class=""alignnone size-full wp-image-6226"" />",<a href=https://npb.jp/bis/eng/teams/index_s.html>Yakult</a>,CL
,<a href=https://npb.jp/bis/eng/players/93195136.html>Yamamoto Daiki</a>,5,0,0,0,0,0,0,19,4.1,4,1,1,3,0,0,0,3,3,6.23,7.77,5.85,1.62,50,213,162,-1.54,5.3%,5.3%,15.8%,-10.5%,29,L,"<img src=""https://www.yakyucosmo.com/wp-content/uploads/2025/04/Swallows.jpg"" alt="""" width=""10"" height=""10"" class=""alignnone size-full wp-image-6226"" />",<a href=https://npb.jp/bis/eng/teams/index_s.html>Yakult</a>,CL
,<a href=https://npb.jp/bis/eng/players/63365153.html>Yamano Taichi</a>,2,0,0,0,0,0,0,48,12.0,13,3,9,1,0,0,0,6,6,4.50,5.16,3.13,1.17,69,141,87,-0.66,6.2%,18.8%,2.1%,16.7%,26,L,"<img src=""https://www.yakyucosmo.com/wp-content/uploads/2025/04/Swallows.jpg"" alt="""" width=""10"" height=""10"" class=""alignnone size-full wp-image-6226"" />",<a href=https://npb.jp/bis/eng/teams/index_s.html>Yakult</a>,CL
,<a href=https://npb.jp/bis/eng/players/71575134.html>Yasaki Takuya</a>,1,0,0,0,0,0,0,7,1.0,3,0,0,1,0,0,0,1,1,9.00,6.16,6.23,4.00,35,169,173,2.84,0.0%,0.0%,14.3%,-14.3%,30,R,"<img src=""https://www.yakyucosmo.com/wp-content/uploads/2025/04/Swallows.jpg"" alt="""" width=""10"" height=""10"" class=""alignnone size-full wp-image-6226"" />",<a href=https://npb.jp/bis/eng/teams/index_s.html>Yakult</a>,CL
,<a href=https://npb.jp/bis/eng/players/53555157.html>Yoshimura Kojiro</a>,2,0,1,0,0,0,0,34,6.1,12,0,5,3,0,0,0,8,5,7.11,3.00,4.21,2.37,44,82,117,4.11,0.0%,14.7%,8.8%,5.9%,27,R,"<img src=""https://www.yakyucosmo.com/wp-content/uploads/2025/04/Swallows.jpg"" alt="""" width=""10"" height=""10"" class=""alignnone size-full wp-image-6226"" />",<a href=https://npb.jp/bis/eng/teams/index_s.html>Yakult</a>,CL
,<a href=https://npb.jp/bis/eng/players/21625134.html>Fujishima Kento</a>,7,0,1,0,0,0,0,28,7.0,6,0,8,1,0,0,0,2,2,2.57,1.30,2.30,1.00,102,42,64,1.27,0.0%,28.6%,3.6%,25.0%,27,R,"<img src=""https://www.yakyucosmo.com/wp-content/uploads/2025/04/Dragons.jpg"" alt="""" width=""10"" height=""10"" class=""alignnone size-full wp-image-6225"" />",<a href=https://npb.jp/bis/eng/teams/index_d.html>Chunichi</a>,CL
,<a href=https://npb.jp/bis/eng/players/21425151.html>Hashimoto Yuki</a>,5,0,0,0,0,0,0,26,6.0,6,0,5,4,1,0,0,0,0,0.00,3.49,4.42,1.67,999,113,122,-3.49,0.0%,19.2%,15.4%,3.8%,27,L,"<img src=""https://www.yakyucosmo.com/wp-content/uploads/2025/04/Dragons.jpg"" alt="""" width=""10"" height=""10"" class=""alignnone size-full wp-image-6225"" />",<a href=https://npb.jp/bis/eng/teams/index_d.html>Chunichi</a>,CL
,<a href=https://npb.jp/bis/eng/players/31335116.html>Iwasaki Sho</a>,2,1,0,0,0,0,0,9,2.0,3,1,1,0,0,0,0,1,1,4.50,8.66,3.69,1.50,58,281,102,-4.16,11.1%,11.1%,0.0%,11.1%,35,R,"<img src=""https://www.yakyucosmo.com/wp-content/uploads/2025/04/Dragons.jpg"" alt="""" width=""10"" height=""10"" class=""alignnone size-full wp-image-6225"" />",<a href=https://npb.jp/bis/eng/teams/index_d.html>Chunichi</a>,CL
,<a href=https://npb.jp/bis/eng/players/21525138.html>Katsuno Akiyoshi</a>,6,1,0,0,1,0,0,35,8.0,7,0,10,4,0,1,3,5,5,5.63,2.53,3.09,1.38,47,82,86,3.10,0.0%,28.6%,11.4%,17.1%,28,R,"<img src=""https://www.yakyucosmo.com/wp-content/uploads/2025/04/Dragons.jpg"" alt="""" width=""10"" height=""10"" class=""alignnone size-full wp-image-6225"" />",<a href=https://npb.jp/bis/eng/teams/index_d.html>Chunichi</a>,CL
,<a href=https://npb.jp/bis/eng/players/13015150.html>Marte Yunior</a>,8,0,0,0,6,0,0,27,8.0,4,1,3,0,0,0,0,1,1,1.13,4.03,3.69,0.50,232,131,102,-2.90,3.7%,11.1%,0.0%,11.1%,30,R,"<img src=""https://www.yakyucosmo.com/wp-content/uploads/2025/04/Dragons.jpg"" alt="""" width=""10"" height=""10"" class=""alignnone size-full wp-image-6225"" />",<a href=https://npb.jp/bis/eng/teams/index_d.html>Chunichi</a>,CL
,<a href=https://npb.jp/bis/eng/players/21225137.html>Matsuba Takahiro</a>,4,3,1,0,0,0,0,95,25.1,17,1,15,5,0,1,0,3,3,1.07,3.20,3.75,0.87,245,104,104,-2.13,1.1%,15.8%,5.3%,10.5%,34,L,"<img src=""https://www.yakyucosmo.com/wp-content/uploads/2025/04/Dragons.jpg"" alt="""" width=""10"" height=""10"" class=""alignnone size-full wp-image-6225"" />",<a href=https://npb.jp/bis/eng/teams/index_d.html>Chunichi</a>,CL
,<a href=https://npb.jp/bis/eng/players/61865157.html>Matsuyama Shinya</a>,10,0,0,8,1,0,0,40,10.0,10,0,11,0,0,0,1,2,2,1.80,0.96,2.05,1.00,146,31,57,0.84,0.0%,27.5%,0.0%,27.5%,25,R,"<img src=""https://www.yakyucosmo.com/wp-content/uploads/2025/04/Dragons.jpg"" alt="""" width=""10"" height=""10"" class=""alignnone size-full wp-image-6225"" />",<a href=https://npb.jp/bis/eng/teams/index_d.html>Chunichi</a>,CL
,<a href=https://npb.jp/bis/eng/players/93295157.html>Mejia Humberto</a>,2,1,1,0,0,0,0,52,13.0,12,4,6,1,0,0,0,7,7,4.85,6.47,3.84,1.00,54,210,106,-1.62,7.7%,11.5%,1.9%,9.6%,28,R,"<img src=""https://www.yakyucosmo.com/wp-content/uploads/2025/04/Dragons.jpg"" alt="""" width=""10"" height=""10"" class=""alignnone size-full wp-image-6225"" />",<a href=https://npb.jp/bis/eng/teams/index_d.html>Chunichi</a>,CL
,<a href=https://npb.jp/bis/eng/players/13915150.html>Muller Kyle</a>,4,0,2,0,0,0,0,83,19.2,19,3,24,7,0,0,1,13,13,5.95,3.77,2.75,1.32,44,122,76,2.18,3.6%,28.9%,8.4%,20.5%,27,L,"<img src=""https://www.yakyucosmo.com/wp-content/uploads/2025/04/Dragons.jpg"" alt="""" width=""10"" height=""10"" class=""alignnone size-full wp-image-6225"" />",<a href=https://npb.jp/bis/eng/teams/index_d.html>Chunichi</a>,CL
,<a href=https://npb.jp/bis/eng/players/11515133.html>Ohno Yudai</a>,2,0,1,0,0,0,0,43,11.0,10,0,7,1,0,0,0,4,2,1.64,2.16,3.40,1.00,160,70,94,-0.52,0.0%,16.3%,2.3%,14.0%,36,L,"<img src=""https://www.yakyucosmo.com/wp-content/uploads/2025/04/Dragons.jpg"" alt="""" width=""10"" height=""10"" class=""alignnone size-full wp-image-6225"" />",<a href=https://npb.jp/bis/eng/teams/index_d.html>Chunichi</a>,CL
,<a href=https://npb.jp/bis/eng/players/11915130.html>Saitoh Kohki</a>,7,0,0,0,5,0,0,23,6.1,3,0,5,2,0,0,0,0,0,0.00,2.53,3.50,0.79,999,82,97,-2.53,0.0%,21.7%,8.7%,13.0%,28,L,"<img src=""https://www.yakyucosmo.com/wp-content/uploads/2025/04/Dragons.jpg"" alt="""" width=""10"" height=""10"" class=""alignnone size-full wp-image-6225"" />",<a href=https://npb.jp/bis/eng/teams/index_d.html>Chunichi</a>,CL
,<a href=https://npb.jp/bis/eng/players/01905136.html>Shimizu Tatsuya</a>,7,0,0,0,6,0,0,28,6.2,5,0,4,4,1,1,0,1,1,1.35,4.21,4.80,1.35,194,137,133,-2.86,0.0%,14.3%,14.3%,0.0%,25,R,"<img src=""https://www.yakyucosmo.com/wp-content/uploads/2025/04/Dragons.jpg"" alt="""" width=""10"" height=""10"" class=""alignnone size-full wp-image-6225"" />",<a href=https://npb.jp/bis/eng/teams/index_d.html>Chunichi</a>,CL
,<a href=https://npb.jp/bis/eng/players/91995139.html>Sobue Daisuke</a>,5,0,0,0,1,0,0,22,6.0,5,0,2,2,0,0,0,0,0,0.00,3.49,4.80,1.17,999,113,133,-3.49,0.0%,9.1%,9.1%,0.0%,37,R,"<img src=""https://www.yakyucosmo.com/wp-content/uploads/2025/04/Dragons.jpg"" alt="""" width=""10"" height=""10"" class=""alignnone size-full wp-image-6225"" />",<a href=https://npb.jp/bis/eng/teams/index_d.html>Chunichi</a>,CL
,<a href=https://npb.jp/bis/eng/players/61265153.html>Takahashi Hiroto</a>,4,1,2,0,0,0,0,99,24.0,24,0,15,5,0,2,1,12,10,3.75,2.78,3.79,1.21,70,90,105,0.97,0.0%,15.2%,5.1%,10.1%,22,R,"<img src=""https://www.yakyucosmo.com/wp-content/uploads/2025/04/Dragons.jpg"" alt="""" width=""10"" height=""10"" class=""alignnone size-full wp-image-6225"" />",<a href=https://npb.jp/bis/eng/teams/index_d.html>Chunichi</a>,CL
,<a href=https://npb.jp/bis/eng/players/63165134.html>Yanagi Yuya</a>,3,1,1,0,0,0,0,76,20.0,14,0,17,3,0,2,0,2,2,0.90,2.21,2.96,0.85,291,72,82,-1.31,0.0%,22.4%,3.9%,18.4%,31,R,"<img src=""https://www.yakyucosmo.com/wp-content/uploads/2025/04/Dragons.jpg"" alt="""" width=""10"" height=""10"" class=""alignnone size-full wp-image-6225"" />",<a href=https://npb.jp/bis/eng/teams/index_d.html>Chunichi</a>,CL
,<a href=https://npb.jp/bis/eng/players/01105153.html>Abe Shota</a>,4,0,0,0,0,0,0,16,3.0,6,1,3,1,0,0,0,2,2,6.00,6.49,3.55,2.33,47,195,98,-0.49,6.2%,18.8%,6.2%,12.5%,32,R,"<img src=""https://www.yakyucosmo.com/wp-content/uploads/2025/04/Buffaloes.jpg"" alt="""" width=""10"" height=""10"" class=""alignnone size-full wp-image-6222"" />",<a href=https://npb.jp/bis/eng/teams/index_b.html>ORIX</a>,PL
,<a href=https://npb.jp/bis/eng/players/43545159.html>Espinoza Anderson</a>,3,0,0,0,0,0,0,77,18.1,16,0,19,7,0,0,0,5,5,2.45,2.23,3.24,1.25,116,67,90,0.22,0.0%,24.7%,9.1%,15.6%,27,R,"<img src=""https://www.yakyucosmo.com/wp-content/uploads/2025/04/Buffaloes.jpg"" alt="""" width=""10"" height=""10"" class=""alignnone size-full wp-image-6222"" />",<a href=https://npb.jp/bis/eng/teams/index_b.html>ORIX</a>,PL
,<a href=https://npb.jp/bis/eng/players/81285112.html>Hirano Yoshihisa</a>,3,0,1,1,0,0,0,14,2.1,5,1,1,2,0,0,0,4,4,15.43,10.44,5.51,3.00,18,313,153,4.99,7.1%,7.1%,14.3%,-7.1%,41,R,"<img src=""https://www.yakyucosmo.com/wp-content/uploads/2025/04/Buffaloes.jpg"" alt="""" width=""10"" height=""10"" class=""alignnone size-full wp-image-6222"" />",<a href=https://npb.jp/bis/eng/teams/index_b.html>ORIX</a>,PL
,<a href=https://npb.jp/bis/eng/players/31335132.html>Iguchi Kazutomo</a>,2,0,0,0,0,0,0,9,1.2,4,0,1,0,0,0,1,2,1,5.40,1.96,3.69,2.40,53,59,102,3.44,0.0%,11.1%,0.0%,11.1%,31,R,"<img src=""https://www.yakyucosmo.com/wp-content/uploads/2025/04/Buffaloes.jpg"" alt="""" width=""10"" height=""10"" class=""alignnone size-full wp-image-6222"" />",<a href=https://npb.jp/bis/eng/teams/index_b.html>ORIX</a>,PL
,<a href=https://npb.jp/bis/eng/players/01505150.html>Katayama Raiku</a>,1,0,0,0,0,0,0,10,2.0,4,0,1,0,0,0,0,1,1,4.50,2.16,3.80,2.00,63,65,105,2.34,0.0%,10.0%,0.0%,10.0%,22,R,"<img src=""https://www.yakyucosmo.com/wp-content/uploads/2025/04/Buffaloes.jpg"" alt="""" width=""10"" height=""10"" class=""alignnone size-full wp-image-6222"" />",<a href=https://npb.jp/bis/eng/teams/index_b.html>ORIX</a>,PL
,<a href=https://npb.jp/bis/eng/players/41745153.html>Kawase Kento</a>,6,0,0,0,1,0,0,37,8.1,8,0,7,3,1,1,0,2,2,2.16,2.92,3.72,1.32,131,88,103,-0.76,0.0%,18.9%,8.1%,10.8%,23,R,"<img src=""https://www.yakyucosmo.com/wp-content/uploads/2025/04/Buffaloes.jpg"" alt="""" width=""10"" height=""10"" class=""alignnone size-full wp-image-6222"" />",<a href=https://npb.jp/bis/eng/teams/index_b.html>ORIX</a>,PL
,<a href=https://npb.jp/bis/eng/players/41745159.html>Kotajima Seiryu</a>,10,0,1,0,5,0,0,41,9.1,9,0,7,5,1,0,0,4,4,3.86,3.27,4.31,1.50,73,98,120,0.59,0.0%,17.1%,12.2%,4.9%,26,R,"<img src=""https://www.yakyucosmo.com/wp-content/uploads/2025/04/Buffaloes.jpg"" alt="""" width=""10"" height=""10"" class=""alignnone size-full wp-image-6222"" />",<a href=https://npb.jp/bis/eng/teams/index_b.html>ORIX</a>,PL
,<a href=https://npb.jp/bis/eng/players/71775139.html>Kuri Allen</a>,4,3,0,0,0,1,0,119,31.0,24,1,21,9,0,0,0,4,4,1.16,3.09,3.79,1.06,245,93,105,-1.93,0.8%,17.6%,7.6%,10.1%,33,R,"<img src=""https://www.yakyucosmo.com/wp-content/uploads/2025/04/Buffaloes.jpg"" alt="""" width=""10"" height=""10"" class=""alignnone size-full wp-image-6222"" />",<a href=https://npb.jp/bis/eng/teams/index_b.html>ORIX</a>,PL
,<a href=https://npb.jp/bis/eng/players/43945159.html>Machado Andres</a>,10,1,0,5,2,0,0,44,10.0,10,0,13,4,1,0,0,4,3,2.70,1.76,2.75,1.40,105,53,76,0.94,0.0%,29.5%,9.1%,20.5%,32,R,"<img src=""https://www.yakyucosmo.com/wp-content/uploads/2025/04/Buffaloes.jpg"" alt="""" width=""10"" height=""10"" class=""alignnone size-full wp-image-6222"" />",<a href=https://npb.jp/bis/eng/teams/index_b.html>ORIX</a>,PL
,<a href=https://npb.jp/bis/eng/players/71875151.html>Miyagi Hiroya</a>,4,2,0,0,0,0,0,114,30.0,19,2,27,4,0,1,0,5,5,1.50,2.73,2.78,0.77,189,82,77,-1.23,1.8%,23.7%,3.5%,20.2%,23,L,"<img src=""https://www.yakyucosmo.com/wp-content/uploads/2025/04/Buffaloes.jpg"" alt="""" width=""10"" height=""10"" class=""alignnone size-full wp-image-6222"" />",<a href=https://npb.jp/bis/eng/teams/index_b.html>ORIX</a>,PL
,<a href=https://npb.jp/bis/eng/players/33335155.html>Mukunoki Ren</a>,2,0,1,0,0,0,0,44,9.1,12,0,3,5,0,0,0,5,3,2.89,4.12,5.25,1.82,98,124,146,-1.23,0.0%,6.8%,11.4%,-4.5%,25,R,"<img src=""https://www.yakyucosmo.com/wp-content/uploads/2025/04/Buffaloes.jpg"" alt="""" width=""10"" height=""10"" class=""alignnone size-full wp-image-6222"" />",<a href=https://npb.jp/bis/eng/teams/index_b.html>ORIX</a>,PL
,<a href=https://npb.jp/bis/eng/players/13215157.html>Perdomo Luis</a>,9,0,1,0,7,0,0,38,8.2,9,1,4,5,1,0,0,4,4,4.15,5.47,5.06,1.62,68,164,140,-1.32,2.6%,10.5%,13.2%,-2.6%,32,R,"<img src=""https://www.yakyucosmo.com/wp-content/uploads/2025/04/Buffaloes.jpg"" alt="""" width=""10"" height=""10"" class=""alignnone size-full wp-image-6222"" />",<a href=https://npb.jp/bis/eng/teams/index_b.html>ORIX</a>,PL
,<a href=https://npb.jp/bis/eng/players/81985157.html>Sotani Ryuhei</a>,3,1,1,0,0,0,0,74,17.0,18,1,14,6,1,0,0,6,4,2.12,3.34,3.72,1.41,134,100,103,-1.22,1.4%,18.9%,8.1%,10.8%,24,L,"<img src=""https://www.yakyucosmo.com/wp-content/uploads/2025/04/Buffaloes.jpg"" alt="""" width=""10"" height=""10"" class=""alignnone size-full wp-image-6222"" />",<a href=https://npb.jp/bis/eng/teams/index_b.html>ORIX</a>,PL
,<a href=https://npb.jp/bis/eng/players/61965136.html>Suzuki Hiroshi</a>,10,0,0,0,4,0,0,32,7.0,8,0,3,4,0,0,0,3,3,3.86,4.02,5.11,1.71,73,120,142,-0.16,0.0%,9.4%,12.5%,-3.1%,28,R,"<img src=""https://www.yakyucosmo.com/wp-content/uploads/2025/04/Buffaloes.jpg"" alt="""" width=""10"" height=""10"" class=""alignnone size-full wp-image-6222"" />",<a href=https://npb.jp/bis/eng/teams/index_b.html>ORIX</a>,PL
,<a href=https://npb.jp/bis/eng/players/41045136.html>Tajima Daiki</a>,2,1,0,0,0,0,0,49,11.2,14,1,9,1,0,0,0,3,3,2.31,2.99,3.17,1.29,123,90,88,-0.68,2.0%,18.4%,2.0%,16.3%,28,L,"<img src=""https://www.yakyucosmo.com/wp-content/uploads/2025/04/Buffaloes.jpg"" alt="""" width=""10"" height=""10"" class=""alignnone size-full wp-image-6222"" />",<a href=https://npb.jp/bis/eng/teams/index_b.html>ORIX</a>,PL
,<a href=https://npb.jp/bis/eng/players/61065159.html>Takashima Taito</a>,3,2,0,0,0,0,0,63,15.0,15,1,7,4,0,0,0,3,3,1.80,3.89,4.32,1.27,158,117,120,-2.09,1.6%,11.1%,6.3%,4.8%,25,R,"<img src=""https://www.yakyucosmo.com/wp-content/uploads/2025/04/Buffaloes.jpg"" alt="""" width=""10"" height=""10"" class=""alignnone size-full wp-image-6222"" />",<a href=https://npb.jp/bis/eng/teams/index_b.html>ORIX</a>,PL
,<a href=https://npb.jp/bis/eng/players/61465131.html>Yamada Nobuyoshi</a>,10,1,2,0,5,0,0,36,8.2,7,0,8,4,0,0,0,3,3,3.12,2.70,3.69,1.27,91,81,102,0.42,0.0%,22.2%,11.1%,11.1%,33,L,"<img src=""https://www.yakyucosmo.com/wp-content/uploads/2025/04/Buffaloes.jpg"" alt="""" width=""10"" height=""10"" class=""alignnone size-full wp-image-6222"" />",<a href=https://npb.jp/bis/eng/teams/index_b.html>ORIX</a>,PL
,<a href=https://npb.jp/bis/eng/players/33335134.html>Yamazaki Soichiro</a>,3,1,0,0,0,0,0,14,2.2,5,0,4,1,0,0,0,3,3,10.13,1.28,2.66,2.25,28,39,74,8.85,0.0%,28.6%,7.1%,21.4%,27,R,"<img src=""https://www.yakyucosmo.com/wp-content/uploads/2025/04/Buffaloes.jpg"" alt="""" width=""10"" height=""10"" class=""alignnone size-full wp-image-6222"" />",<a href=https://npb.jp/bis/eng/teams/index_b.html>ORIX</a>,PL
,<a href=https://npb.jp/bis/eng/players/93995155.html>Guerrero Tayron</a>,6,1,1,1,2,0,0,23,6.0,3,1,9,2,0,0,0,2,2,3.00,3.33,1.76,0.83,98,96,49,-0.33,4.3%,39.1%,8.7%,30.4%,34,R,"<img src=""https://www.yakyucosmo.com/wp-content/uploads/2025/04/Marines.jpg"" alt="""" width=""10"" height=""10"" class=""alignnone size-full wp-image-6240"" />",<a href=https://npb.jp/bis/eng/teams/index_m.html>Lotte</a>,PL
,<a href=https://npb.jp/bis/eng/players/61165139.html>Ishikawa Shuta</a>,3,0,0,0,0,0,0,46,11.1,8,1,8,3,0,2,1,3,3,2.38,4.22,3.71,0.97,123,122,103,-1.84,2.2%,17.4%,6.5%,10.9%,33,R,"<img src=""https://www.yakyucosmo.com/wp-content/uploads/2025/04/Marines.jpg"" alt="""" width=""10"" height=""10"" class=""alignnone size-full wp-image-6240"" />",<a href=https://npb.jp/bis/eng/teams/index_m.html>Lotte</a>,PL
,<a href=https://npb.jp/bis/eng/players/91595157.html>Kikuchi Riku</a>,7,0,0,0,0,0,0,35,8.0,8,1,8,3,0,0,0,2,2,2.25,3.91,3.37,1.38,130,113,93,-1.66,2.9%,22.9%,8.6%,14.3%,25,R,"<img src=""https://www.yakyucosmo.com/wp-content/uploads/2025/04/Marines.jpg"" alt="""" width=""10"" height=""10"" class=""alignnone size-full wp-image-6240"" />",<a href=https://npb.jp/bis/eng/teams/index_m.html>Lotte</a>,PL
,<a href=https://npb.jp/bis/eng/players/71775159.html>Kimura Yuto</a>,5,1,0,0,1,0,0,28,9.0,0,0,5,1,0,0,0,0,0,0.00,2.38,3.37,0.11,999,69,93,-2.38,0.0%,17.9%,3.6%,14.3%,20,R,"<img src=""https://www.yakyucosmo.com/wp-content/uploads/2025/04/Marines.jpg"" alt="""" width=""10"" height=""10"" class=""alignnone size-full wp-image-6240"" />",<a href=https://npb.jp/bis/eng/teams/index_m.html>Lotte</a>,PL
,<a href=https://npb.jp/bis/eng/players/71675135.html>Masuda Naoya</a>,5,1,0,2,0,0,0,22,5.0,5,1,5,1,0,0,0,2,2,3.60,4.36,2.98,1.20,82,126,83,-0.76,4.5%,22.7%,4.5%,18.2%,35,R,"<img src=""https://www.yakyucosmo.com/wp-content/uploads/2025/04/Marines.jpg"" alt="""" width=""10"" height=""10"" class=""alignnone size-full wp-image-6240"" />",<a href=https://npb.jp/bis/eng/teams/index_m.html>Lotte</a>,PL
,<a href=https://npb.jp/bis/eng/players/31635153.html>Nakamori Shunsuke</a>,5,1,1,0,0,0,0,35,9.0,7,1,8,1,0,0,0,3,3,3.00,3.16,2.80,0.89,98,92,78,-0.16,2.9%,22.9%,2.9%,20.0%,23,R,"<img src=""https://www.yakyucosmo.com/wp-content/uploads/2025/04/Marines.jpg"" alt="""" width=""10"" height=""10"" class=""alignnone size-full wp-image-6240"" />",<a href=https://npb.jp/bis/eng/teams/index_m.html>Lotte</a>,PL
,<a href=https://npb.jp/bis/eng/players/01205118.html>Nishino Yuji</a>,3,0,2,0,0,0,0,72,17.0,19,1,6,3,0,1,0,7,7,3.71,3.92,4.38,1.29,79,114,122,-0.21,1.4%,8.3%,4.2%,4.2%,34,R,"<img src=""https://www.yakyucosmo.com/wp-content/uploads/2025/04/Marines.jpg"" alt="""" width=""10"" height=""10"" class=""alignnone size-full wp-image-6240"" />",<a href=https://npb.jp/bis/eng/teams/index_m.html>Lotte</a>,PL
,<a href=https://npb.jp/bis/eng/players/11515138.html>Ojima Kazuya</a>,4,1,2,0,0,0,0,102,24.0,24,1,16,8,0,1,1,10,7,2.63,3.49,4.02,1.33,112,101,111,-0.86,1.0%,15.7%,7.8%,7.8%,28,L,"<img src=""https://www.yakyucosmo.com/wp-content/uploads/2025/04/Marines.jpg"" alt="""" width=""10"" height=""10"" class=""alignnone size-full wp-image-6240"" />",<a href=https://npb.jp/bis/eng/teams/index_m.html>Lotte</a>,PL
,<a href=https://npb.jp/bis/eng/players/51555130.html>Ono Fumiya</a>,7,0,1,0,0,0,0,31,7.0,4,1,8,4,0,0,0,3,1,1.29,4.44,3.51,1.14,228,129,97,-3.15,3.2%,25.8%,12.9%,12.9%,28,R,"<img src=""https://www.yakyucosmo.com/wp-content/uploads/2025/04/Marines.jpg"" alt="""" width=""10"" height=""10"" class=""alignnone size-full wp-image-6240"" />",<a href=https://npb.jp/bis/eng/teams/index_m.html>Lotte</a>,PL
,<a href=https://npb.jp/bis/eng/players/81985133.html>Sawamura Hirokazu</a>,3,0,0,0,0,0,0,15,3.0,3,0,1,3,0,0,1,1,1,3.00,5.49,6.13,2.00,98,159,170,-2.49,0.0%,6.7%,20.0%,-13.3%,37,R,"<img src=""https://www.yakyucosmo.com/wp-content/uploads/2025/04/Marines.jpg"" alt="""" width=""10"" height=""10"" class=""alignnone size-full wp-image-6240"" />",<a href=https://npb.jp/bis/eng/teams/index_m.html>Lotte</a>,PL
,<a href=https://npb.jp/bis/eng/players/71275153.html>Suzuki Shota</a>,7,0,0,1,3,0,0,31,7.0,8,1,8,2,0,0,0,2,2,2.57,3.59,2.86,1.43,114,104,79,-1.02,3.2%,25.8%,6.5%,19.4%,26,L,"<img src=""https://www.yakyucosmo.com/wp-content/uploads/2025/04/Marines.jpg"" alt="""" width=""10"" height=""10"" class=""alignnone size-full wp-image-6240"" />",<a href=https://npb.jp/bis/eng/teams/index_m.html>Lotte</a>,PL
,<a href=https://npb.jp/bis/eng/players/31035157.html>Takano Shuta</a>,2,0,0,0,2,0,0,21,5.2,4,0,8,0,0,0,0,0,0,0.00,0.34,0.99,0.71,999,10,27,-0.34,0.0%,38.1%,0.0%,38.1%,26,L,"<img src=""https://www.yakyucosmo.com/wp-content/uploads/2025/04/Marines.jpg"" alt="""" width=""10"" height=""10"" class=""alignnone size-full wp-image-6240"" />",<a href=https://npb.jp/bis/eng/teams/index_m.html>Lotte</a>,PL
,<a href=https://npb.jp/bis/eng/players/01005157.html>Tanaka Haruya</a>,2,1,1,0,0,0,0,51,12.0,11,1,15,3,0,1,0,2,2,1.50,2.74,2.45,1.17,196,79,68,-1.24,2.0%,29.4%,5.9%,23.5%,21,R,"<img src=""https://www.yakyucosmo.com/wp-content/uploads/2025/04/Marines.jpg"" alt="""" width=""10"" height=""10"" class=""alignnone size-full wp-image-6240"" />",<a href=https://npb.jp/bis/eng/teams/index_m.html>Lotte</a>,PL
,<a href=https://npb.jp/bis/eng/players/71275134.html>Taneichi Atsuki</a>,3,1,1,0,0,0,0,80,18.1,19,1,11,6,0,0,1,12,8,3.93,3.65,4.17,1.36,75,106,116,0.28,1.2%,13.8%,7.5%,6.3%,26,R,"<img src=""https://www.yakyucosmo.com/wp-content/uploads/2025/04/Marines.jpg"" alt="""" width=""10"" height=""10"" class=""alignnone size-full wp-image-6240"" />",<a href=https://npb.jp/bis/eng/teams/index_m.html>Lotte</a>,PL
,<a href=https://npb.jp/bis/eng/players/33035150.html>Voth Austin</a>,3,1,1,0,0,0,0,63,14.1,18,1,12,5,0,0,1,7,7,4.40,3.44,3.69,1.60,67,100,102,0.96,1.6%,19.0%,7.9%,11.1%,33,R,"<img src=""https://www.yakyucosmo.com/wp-content/uploads/2025/04/Marines.jpg"" alt="""" width=""10"" height=""10"" class=""alignnone size-full wp-image-6240"" />",<a href=https://npb.jp/bis/eng/teams/index_m.html>Lotte</a>,PL
,<a href=https://npb.jp/bis/eng/players/23125151.html>Yokoyama Rikuto</a>,6,0,0,0,2,0,0,23,5.1,7,0,5,0,0,0,0,3,2,3.38,1.28,2.63,1.31,87,37,73,2.10,0.0%,21.7%,0.0%,21.7%,23,R,"<img src=""https://www.yakyucosmo.com/wp-content/uploads/2025/04/Marines.jpg"" alt="""" width=""10"" height=""10"" class=""alignnone size-full wp-image-6240"" />",<a href=https://npb.jp/bis/eng/teams/index_m.html>Lotte</a>,PL
,<a href=https://npb.jp/bis/eng/players/51155130.html>Arihara Kohei</a>,4,0,3,0,0,0,0,109,24.0,32,2,11,6,0,1,1,18,17,6.38,4.20,4.34,1.58,46,121,120,2.18,1.8%,10.1%,5.5%,4.6%,32,R,"<img src=""https://www.yakyucosmo.com/wp-content/uploads/2025/04/Hawks.jpg"" alt="""" width=""10"" height=""10"" class=""alignnone size-full wp-image-6220"" /> ",<a href=https://npb.jp/bis/eng/teams/index_h.html>SoftBank</a>,PL
,<a href=https://npb.jp/bis/eng/players/51655130.html>Fujii Kouya</a>,6,0,1,0,2,0,0,24,6.0,6,1,6,1,0,0,0,2,2,3.00,3.83,2.72,1.17,99,110,75,-0.83,4.2%,25.0%,4.2%,20.8%,28,R,"<img src=""https://www.yakyucosmo.com/wp-content/uploads/2025/04/Hawks.jpg"" alt="""" width=""10"" height=""10"" class=""alignnone size-full wp-image-6220"" /> ",<a href=https://npb.jp/bis/eng/teams/index_h.html>SoftBank</a>,PL
,<a href=https://npb.jp/bis/eng/players/33435157.html>Hernandez Darwinzon</a>,6,0,2,0,2,0,0,24,4.2,9,0,4,2,0,0,0,6,6,11.57,2.73,3.97,2.36,26,78,110,8.84,0.0%,16.7%,8.3%,8.3%,28,L,"<img src=""https://www.yakyucosmo.com/wp-content/uploads/2025/04/Hawks.jpg"" alt="""" width=""10"" height=""10"" class=""alignnone size-full wp-image-6220"" /> ",<a href=https://npb.jp/bis/eng/teams/index_h.html>SoftBank</a>,PL
,<a href=https://npb.jp/bis/eng/players/01005137.html>Higashihama Nao</a>,1,1,0,0,0,0,0,25,7.0,3,0,4,1,0,0,0,1,1,1.29,2.44,3.60,0.57,230,70,100,-1.15,0.0%,16.0%,4.0%,12.0%,35,R,"<img src=""https://www.yakyucosmo.com/wp-content/uploads/2025/04/Hawks.jpg"" alt="""" width=""10"" height=""10"" class=""alignnone size-full wp-image-6220"" /> ",<a href=https://npb.jp/bis/eng/teams/index_h.html>SoftBank</a>,PL
,<a href=https://npb.jp/bis/eng/players/51355159.html>Iwai Shunsuke</a>,1,0,0,0,0,0,0,10,2.0,3,0,0,0,0,1,0,1,1,4.50,4.66,4.80,1.50,66,134,133,-0.16,0.0%,0.0%,0.0%,0.0%,23,R,"<img src=""https://www.yakyucosmo.com/wp-content/uploads/2025/04/Hawks.jpg"" alt="""" width=""10"" height=""10"" class=""alignnone size-full wp-image-6220"" /> ",<a href=https://npb.jp/bis/eng/teams/index_h.html>SoftBank</a>,PL
,<a href=https://npb.jp/bis/eng/players/71875157.html>Maeda Jun</a>,3,0,1,0,0,0,0,64,15.1,13,1,7,4,0,1,0,3,2,1.17,4.07,4.33,1.11,253,117,120,-2.90,1.6%,10.9%,6.2%,4.7%,25,L,"<img src=""https://www.yakyucosmo.com/wp-content/uploads/2025/04/Hawks.jpg"" alt="""" width=""10"" height=""10"" class=""alignnone size-full wp-image-6220"" /> ",<a href=https://npb.jp/bis/eng/teams/index_h.html>SoftBank</a>,PL
,<a href=https://npb.jp/bis/eng/players/41845157.html>Matsumoto Haru</a>,6,0,0,0,1,0,0,30,7.2,4,0,10,2,0,1,2,0,0,0.00,1.72,2.13,0.78,999,49,59,-1.72,0.0%,33.3%,6.7%,26.7%,24,L,"<img src=""https://www.yakyucosmo.com/wp-content/uploads/2025/04/Hawks.jpg"" alt="""" width=""10"" height=""10"" class=""alignnone size-full wp-image-6220"" /> ",<a href=https://npb.jp/bis/eng/teams/index_h.html>SoftBank</a>,PL
,<a href=https://npb.jp/bis/eng/players/61665130.html>Matsumoto Yuki</a>,8,0,0,0,7,0,0,31,8.0,4,0,8,3,1,1,1,1,1,1.13,2.66,3.19,0.88,262,76,88,-1.53,0.0%,25.8%,9.7%,16.1%,29,R,"<img src=""https://www.yakyucosmo.com/wp-content/uploads/2025/04/Hawks.jpg"" alt="""" width=""10"" height=""10"" class=""alignnone size-full wp-image-6220"" /> ",<a href=https://npb.jp/bis/eng/teams/index_h.html>SoftBank</a>,PL
,<a href=https://npb.jp/bis/eng/players/63965134.html>Moinelo Livan</a>,4,2,0,0,0,0,0,99,25.1,19,3,29,4,0,2,0,6,6,2.13,3.12,2.27,0.91,139,89,63,-0.99,3.0%,29.3%,4.0%,25.3%,29,L,"<img src=""https://www.yakyucosmo.com/wp-content/uploads/2025/04/Hawks.jpg"" alt="""" width=""10"" height=""10"" class=""alignnone size-full wp-image-6220"" /> ",<a href=https://npb.jp/bis/eng/teams/index_h.html>SoftBank</a>,PL
,<a href=https://npb.jp/bis/eng/players/61365136.html>Ogata Shuto</a>,8,0,0,0,1,0,0,32,6.1,10,2,6,2,0,0,0,5,5,7.11,6.32,3.55,1.89,42,181,98,0.79,6.2%,18.8%,6.2%,12.5%,26,R,"<img src=""https://www.yakyucosmo.com/wp-content/uploads/2025/04/Hawks.jpg"" alt="""" width=""10"" height=""10"" class=""alignnone size-full wp-image-6220"" /> ",<a href=https://npb.jp/bis/eng/teams/index_h.html>SoftBank</a>,PL
,<a href=https://npb.jp/bis/eng/players/01305157.html>Ohtsu Ryosuke</a>,1,0,0,0,0,0,0,21,4.1,7,1,2,1,0,0,0,5,4,8.31,5.93,4.32,1.85,36,170,120,2.38,4.8%,9.5%,4.8%,4.8%,26,R,"<img src=""https://www.yakyucosmo.com/wp-content/uploads/2025/04/Hawks.jpg"" alt="""" width=""10"" height=""10"" class=""alignnone size-full wp-image-6220"" /> ",<a href=https://npb.jp/bis/eng/teams/index_h.html>SoftBank</a>,PL
,<a href=https://npb.jp/bis/eng/players/11515159.html>Ohyama Ryo</a>,6,0,0,0,0,0,0,34,7.2,9,0,5,2,0,0,0,1,1,1.17,2.64,3.92,1.43,253,76,109,-1.47,0.0%,14.7%,5.9%,8.8%,23,R,"<img src=""https://www.yakyucosmo.com/wp-content/uploads/2025/04/Hawks.jpg"" alt="""" width=""10"" height=""10"" class=""alignnone size-full wp-image-6220"" /> ",<a href=https://npb.jp/bis/eng/teams/index_h.html>SoftBank</a>,PL
,<a href=https://npb.jp/bis/eng/players/01505151.html>Ohzeki Tomohisa</a>,4,1,1,0,0,0,0,97,25.0,13,2,15,7,0,2,0,6,6,2.16,4.08,3.98,0.80,137,117,110,-1.92,2.1%,15.5%,7.2%,8.2%,27,L,"<img src=""https://www.yakyucosmo.com/wp-content/uploads/2025/04/Hawks.jpg"" alt="""" width=""10"" height=""10"" class=""alignnone size-full wp-image-6220"" /> ",<a href=https://npb.jp/bis/eng/teams/index_h.html>SoftBank</a>,PL
,<a href=https://npb.jp/bis/eng/players/13415155.html>Osuna Roberto</a>,10,1,1,2,3,0,0,46,10.0,13,1,4,1,1,2,0,7,7,6.30,4.56,4.15,1.40,47,131,115,1.74,2.2%,8.7%,2.2%,6.5%,30,R,"<img src=""https://www.yakyucosmo.com/wp-content/uploads/2025/04/Hawks.jpg"" alt="""" width=""10"" height=""10"" class=""alignnone size-full wp-image-6220"" /> ",<a href=https://npb.jp/bis/eng/teams/index_h.html>SoftBank</a>,PL
,<a href=https://npb.jp/bis/eng/players/91995138.html>Sugiyama Kazuki</a>,9,0,1,1,3,0,0,37,8.2,7,1,9,5,0,0,2,3,2,2.08,4.31,3.72,1.38,143,124,103,-2.23,2.7%,24.3%,13.5%,10.8%,27,R,"<img src=""https://www.yakyucosmo.com/wp-content/uploads/2025/04/Hawks.jpg"" alt="""" width=""10"" height=""10"" class=""alignnone size-full wp-image-6220"" /> ",<a href=https://npb.jp/bis/eng/teams/index_h.html>SoftBank</a>,PL
,<a href=https://npb.jp/bis/eng/players/81285151.html>Tsumori Yuki</a>,6,1,0,0,0,0,0,35,8.0,6,0,6,3,1,2,0,1,1,1.13,3.53,3.94,1.12,262,101,109,-2.40,0.0%,17.1%,8.6%,8.6%,27,R,"<img src=""https://www.yakyucosmo.com/wp-content/uploads/2025/04/Hawks.jpg"" alt="""" width=""10"" height=""10"" class=""alignnone size-full wp-image-6220"" /> ",<a href=https://npb.jp/bis/eng/teams/index_h.html>SoftBank</a>,PL
,<a href=https://npb.jp/bis/eng/players/51355135.html>Uwasawa Naoyuki</a>,3,1,1,0,0,0,0,66,16.0,17,2,12,4,0,0,0,8,6,3.38,4.03,3.59,1.31,88,116,99,-0.65,3.0%,18.2%,6.1%,12.1%,31,R,"<img src=""https://www.yakyucosmo.com/wp-content/uploads/2025/04/Hawks.jpg"" alt="""" width=""10"" height=""10"" class=""alignnone size-full wp-image-6220"" /> ",<a href=https://npb.jp/bis/eng/teams/index_h.html>SoftBank</a>,PL
,<a href=https://npb.jp/bis/eng/players/11515150.html>Ehara Masahiro</a>,7,0,1,0,0,0,0,31,7.0,7,0,5,3,0,0,0,1,0,0.00,3.02,4.15,1.43,999,96,115,-3.02,0.0%,16.1%,9.7%,6.5%,24,R,"<img src=""https://www.yakyucosmo.com/wp-content/uploads/2025/04/Eagles.jpg"" alt="""" width=""10"" height=""10"" class=""alignnone size-full wp-image-6218"" />",<a href=https://npb.jp/bis/eng/teams/index_e.html>Rakuten</a>,PL
,<a href=https://npb.jp/bis/eng/players/61665134.html>Fujihira Shoma</a>,8,0,0,1,5,0,0,29,7.1,6,2,8,1,1,0,0,4,3,3.68,4.93,2.39,0.95,72,157,66,-1.25,6.9%,27.6%,3.4%,24.1%,26,R,"<img src=""https://www.yakyucosmo.com/wp-content/uploads/2025/04/Eagles.jpg"" alt="""" width=""10"" height=""10"" class=""alignnone size-full wp-image-6218"" />",<a href=https://npb.jp/bis/eng/teams/index_e.html>Rakuten</a>,PL
,<a href=https://npb.jp/bis/eng/players/71875153.html>Fujii Masaru</a>,3,0,0,0,0,0,0,73,17.2,14,3,15,7,0,1,0,5,4,2.04,5.03,3.70,1.19,131,160,103,-2.99,4.1%,20.5%,9.6%,11.0%,28,L,"<img src=""https://www.yakyucosmo.com/wp-content/uploads/2025/04/Eagles.jpg"" alt="""" width=""10"" height=""10"" class=""alignnone size-full wp-image-6218"" />",<a href=https://npb.jp/bis/eng/teams/index_e.html>Rakuten</a>,PL
,<a href=https://npb.jp/bis/eng/players/31835153.html>Hayakawa Takahisa</a>,4,1,2,0,0,0,0,99,25.2,17,4,18,6,0,1,3,8,7,2.45,4.60,3.59,0.90,109,147,99,-2.15,4.0%,18.2%,6.1%,12.1%,26,L,"<img src=""https://www.yakyucosmo.com/wp-content/uploads/2025/04/Eagles.jpg"" alt="""" width=""10"" height=""10"" class=""alignnone size-full wp-image-6218"" />",<a href=https://npb.jp/bis/eng/teams/index_e.html>Rakuten</a>,PL
,<a href=https://npb.jp/bis/eng/players/21525139.html>Kajiya Ren</a>,6,0,0,0,1,0,0,23,5.2,5,0,7,2,0,0,0,1,1,1.59,1.75,2.63,1.24,168,56,73,-0.16,0.0%,30.4%,8.7%,21.7%,33,R,"<img src=""https://www.yakyucosmo.com/wp-content/uploads/2025/04/Eagles.jpg"" alt="""" width=""10"" height=""10"" class=""alignnone size-full wp-image-6218"" />",<a href=https://npb.jp/bis/eng/teams/index_e.html>Rakuten</a>,PL
,<a href=https://npb.jp/bis/eng/players/01505118.html>Karashima Wataru</a>,2,0,2,0,0,0,0,32,6.0,15,1,1,1,0,0,0,7,7,10.50,5.49,4.80,2.67,25,175,133,5.01,3.1%,3.1%,3.1%,0.0%,34,L,"<img src=""https://www.yakyucosmo.com/wp-content/uploads/2025/04/Eagles.jpg"" alt="""" width=""10"" height=""10"" class=""alignnone size-full wp-image-6218"" />",<a href=https://npb.jp/bis/eng/teams/index_e.html>Rakuten</a>,PL
,<a href=https://npb.jp/bis/eng/players/91795114.html>Kishi Takayuki</a>,3,1,1,0,0,0,0,73,16.2,20,2,12,3,0,1,0,12,12,6.48,4.00,3.57,1.38,41,128,99,2.48,2.7%,16.4%,4.1%,12.3%,40,R,"<img src=""https://www.yakyucosmo.com/wp-content/uploads/2025/04/Eagles.jpg"" alt="""" width=""10"" height=""10"" class=""alignnone size-full wp-image-6218"" />",<a href=https://npb.jp/bis/eng/teams/index_e.html>Rakuten</a>,PL
,<a href=https://npb.jp/bis/eng/players/21725159.html>Koja Tatsuki</a>,4,2,1,0,0,1,1,101,25.0,18,1,13,7,0,1,0,6,6,2.16,3.60,4.21,1.00,123,115,117,-1.44,1.0%,12.9%,6.9%,5.9%,23,L,"<img src=""https://www.yakyucosmo.com/wp-content/uploads/2025/04/Eagles.jpg"" alt="""" width=""10"" height=""10"" class=""alignnone size-full wp-image-6218"" />",<a href=https://npb.jp/bis/eng/teams/index_e.html>Rakuten</a>,PL
,<a href=https://npb.jp/bis/eng/players/21725139.html>Konno Ryuta</a>,8,1,0,0,2,0,0,32,7.2,5,2,7,3,0,0,0,2,2,2.35,5.90,3.55,1.04,113,188,98,-3.55,6.2%,21.9%,9.4%,12.5%,30,R,"<img src=""https://www.yakyucosmo.com/wp-content/uploads/2025/04/Eagles.jpg"" alt="""" width=""10"" height=""10"" class=""alignnone size-full wp-image-6218"" />",<a href=https://npb.jp/bis/eng/teams/index_e.html>Rakuten</a>,PL
,<a href=https://npb.jp/bis/eng/players/73175159.html>Matsuda Takuma</a>,1,0,0,0,0,0,0,3,1.0,0,0,0,1,0,0,0,0,0,0.00,6.16,8.13,1.00,999,197,225,-6.16,0.0%,0.0%,33.3%,-33.3%,23,R,"<img src=""https://www.yakyucosmo.com/wp-content/uploads/2025/04/Eagles.jpg"" alt="""" width=""10"" height=""10"" class=""alignnone size-full wp-image-6218"" />",<a href=https://npb.jp/bis/eng/teams/index_e.html>Rakuten</a>,PL
,<a href=https://npb.jp/bis/eng/players/13115155.html>Matsui Tomotaka</a>,4,1,1,0,1,0,0,46,10.0,15,1,4,5,0,0,0,6,6,5.40,5.16,5.02,2.00,49,165,139,0.24,2.2%,8.7%,10.9%,-2.2%,25,R,"<img src=""https://www.yakyucosmo.com/wp-content/uploads/2025/04/Eagles.jpg"" alt="""" width=""10"" height=""10"" class=""alignnone size-full wp-image-6218"" />",<a href=https://npb.jp/bis/eng/teams/index_e.html>Rakuten</a>,PL
,<a href=https://npb.jp/bis/eng/players/13315155.html>Miyamori Satoshi</a>,1,0,0,0,0,0,0,13,2.0,5,0,1,3,0,0,0,4,4,18.00,6.66,6.34,4.00,15,212,176,11.34,0.0%,7.7%,23.1%,-15.4%,27,R,"<img src=""https://www.yakyucosmo.com/wp-content/uploads/2025/04/Eagles.jpg"" alt="""" width=""10"" height=""10"" class=""alignnone size-full wp-image-6218"" />",<a href=https://npb.jp/bis/eng/teams/index_e.html>Rakuten</a>,PL
,<a href=https://npb.jp/bis/eng/players/61465155.html>Nishigaki Masaya</a>,6,1,0,0,0,0,0,37,8.1,8,0,10,2,0,2,0,1,1,1.08,2.20,2.64,1.20,247,70,73,-1.12,0.0%,27.0%,5.4%,21.6%,26,R,"<img src=""https://www.yakyucosmo.com/wp-content/uploads/2025/04/Eagles.jpg"" alt="""" width=""10"" height=""10"" class=""alignnone size-full wp-image-6218"" />",<a href=https://npb.jp/bis/eng/teams/index_e.html>Rakuten</a>,PL
,<a href=https://npb.jp/bis/eng/players/41445134.html>Nishiguchi Naoto</a>,7,0,0,0,5,0,0,24,6.1,4,0,11,2,0,0,0,0,0,0.00,0.63,1.05,0.95,999,20,29,-0.63,0.0%,45.8%,8.3%,37.5%,28,R,"<img src=""https://www.yakyucosmo.com/wp-content/uploads/2025/04/Eagles.jpg"" alt="""" width=""10"" height=""10"" class=""alignnone size-full wp-image-6218"" />",<a href=https://npb.jp/bis/eng/teams/index_e.html>Rakuten</a>,PL
,<a href=https://npb.jp/bis/eng/players/51055137.html>Norimoto Takahiro</a>,8,2,1,5,0,0,0,34,7.2,9,0,6,3,0,0,0,3,3,3.52,2.77,3.92,1.57,76,88,109,0.75,0.0%,17.6%,8.8%,8.8%,34,R,"<img src=""https://www.yakyucosmo.com/wp-content/uploads/2025/04/Eagles.jpg"" alt="""" width=""10"" height=""10"" class=""alignnone size-full wp-image-6218"" />",<a href=https://npb.jp/bis/eng/teams/index_e.html>Rakuten</a>,PL
,<a href=https://npb.jp/bis/eng/players/01905138.html>Suzuki Sora</a>,8,0,1,1,5,0,0,32,7.2,5,0,8,4,0,0,0,2,2,2.35,2.64,3.55,1.17,113,84,98,-0.29,0.0%,25.0%,12.5%,12.5%,28,L,"<img src=""https://www.yakyucosmo.com/wp-content/uploads/2025/04/Eagles.jpg"" alt="""" width=""10"" height=""10"" class=""alignnone size-full wp-image-6218"" />",<a href=https://npb.jp/bis/eng/teams/index_e.html>Rakuten</a>,PL
,<a href=https://npb.jp/bis/eng/players/31235151.html>Takinaka Ryota</a>,1,1,0,0,0,0,0,21,5.0,4,0,2,1,0,1,0,1,1,1.80,3.56,4.32,1.00,148,114,120,-1.76,0.0%,9.5%,4.8%,4.8%,30,R,"<img src=""https://www.yakyucosmo.com/wp-content/uploads/2025/04/Eagles.jpg"" alt="""" width=""10"" height=""10"" class=""alignnone size-full wp-image-6218"" />",<a href=https://npb.jp/bis/eng/teams/index_e.html>Rakuten</a>,PL
,<a href=https://npb.jp/bis/eng/players/13015155.html>Turley Nik</a>,2,0,0,0,0,0,0,7,1.1,2,0,1,1,0,0,0,1,1,6.75,3.91,4.80,2.25,39,125,133,2.84,0.0%,14.3%,14.3%,0.0%,35,L,"<img src=""https://www.yakyucosmo.com/wp-content/uploads/2025/04/Eagles.jpg"" alt="""" width=""10"" height=""10"" class=""alignnone size-full wp-image-6218"" />",<a href=https://npb.jp/bis/eng/teams/index_e.html>Rakuten</a>,PL
,<a href=https://npb.jp/bis/eng/players/51555153.html>Uchi Seiryu</a>,4,0,0,1,0,0,0,46,9.2,12,0,6,6,0,0,0,3,3,2.79,3.78,4.80,1.86,96,121,133,-0.99,0.0%,13.0%,13.0%,0.0%,23,R,"<img src=""https://www.yakyucosmo.com/wp-content/uploads/2025/04/Eagles.jpg"" alt="""" width=""10"" height=""10"" class=""alignnone size-full wp-image-6218"" />",<a href=https://npb.jp/bis/eng/teams/index_e.html>Rakuten</a>,PL
,<a href=https://npb.jp/bis/eng/players/33035159.html>Yajure Miguel</a>,1,0,0,0,0,0,0,8,2.0,2,0,2,0,0,0,0,0,0,0.00,1.16,2.30,1.00,999,37,64,-1.16,0.0%,25.0%,0.0%,25.0%,27,R,"<img src=""https://www.yakyucosmo.com/wp-content/uploads/2025/04/Eagles.jpg"" alt="""" width=""10"" height=""10"" class=""alignnone size-full wp-image-6218"" />",<a href=https://npb.jp/bis/eng/teams/index_e.html>Rakuten</a>,PL
,<a href=https://npb.jp/bis/eng/players/51655155.html>Hada Shinnosuke</a>,5,0,1,0,0,0,0,22,4.0,6,0,4,4,0,1,1,4,4,9.00,4.91,4.80,2.50,32,147,133,4.09,0.0%,18.2%,18.2%,0.0%,21,L,"<img src=""https://www.yakyucosmo.com/wp-content/uploads/2025/04/Lions.jpg"" alt="""" width=""10"" height=""10"" class=""alignnone size-full wp-image-6219"" />",<a href=https://npb.jp/bis/eng/teams/index_l.html>Seibu</a>,PL
,<a href=https://npb.jp/bis/eng/players/31335134.html>Imai Tatsuya</a>,4,2,1,0,0,1,0,115,32.0,13,2,26,9,0,0,0,3,3,0.84,3.19,3.32,0.69,338,96,92,-2.35,1.7%,22.6%,7.8%,14.8%,27,R,"<img src=""https://www.yakyucosmo.com/wp-content/uploads/2025/04/Lions.jpg"" alt="""" width=""10"" height=""10"" class=""alignnone size-full wp-image-6219"" />",<a href=https://npb.jp/bis/eng/teams/index_l.html>Seibu</a>,PL
,<a href=https://npb.jp/bis/eng/players/51555138.html>Kaino Hiroshi</a>,5,0,1,0,1,0,0,21,4.2,3,1,3,3,0,1,0,2,2,3.86,7.23,4.80,1.29,73,217,133,-3.37,4.8%,14.3%,14.3%,0.0%,28,R,"<img src=""https://www.yakyucosmo.com/wp-content/uploads/2025/04/Lions.jpg"" alt="""" width=""10"" height=""10"" class=""alignnone size-full wp-image-6219"" />",<a href=https://npb.jp/bis/eng/teams/index_l.html>Seibu</a>,PL
,<a href=https://npb.jp/bis/eng/players/21725155.html>Kuroda Masaya</a>,3,0,0,0,0,0,0,17,3.0,5,0,4,3,0,0,0,3,3,9.00,3.49,4.21,2.67,32,105,117,5.51,0.0%,23.5%,17.6%,5.9%,21,R,"<img src=""https://www.yakyucosmo.com/wp-content/uploads/2025/04/Lions.jpg"" alt="""" width=""10"" height=""10"" class=""alignnone size-full wp-image-6219"" />",<a href=https://npb.jp/bis/eng/teams/index_l.html>Seibu</a>,PL
,<a href=https://npb.jp/bis/eng/players/51755134.html>Kuroki Yuta</a>,5,1,0,0,0,0,0,20,4.1,5,0,1,2,0,0,1,5,5,10.38,4.08,5.30,1.62,27,122,147,6.30,0.0%,5.0%,10.0%,-5.0%,30,R,"<img src=""https://www.yakyucosmo.com/wp-content/uploads/2025/04/Lions.jpg"" alt="""" width=""10"" height=""10"" class=""alignnone size-full wp-image-6219"" />",<a href=https://npb.jp/bis/eng/teams/index_l.html>Seibu</a>,PL
,<a href=https://npb.jp/bis/eng/players/73975150.html>Ramirez Emmanuel</a>,8,0,0,0,1,0,0,34,8.0,7,1,8,3,1,0,0,2,2,2.25,3.91,3.33,1.25,126,117,92,-1.66,2.9%,23.5%,8.8%,14.7%,30,R,"<img src=""https://www.yakyucosmo.com/wp-content/uploads/2025/04/Lions.jpg"" alt="""" width=""10"" height=""10"" class=""alignnone size-full wp-image-6219"" />",<a href=https://npb.jp/bis/eng/teams/index_l.html>Seibu</a>,PL
,<a href=https://npb.jp/bis/eng/players/41945155.html>Sato Shunsuke</a>,6,0,1,0,4,0,0,24,5.1,5,0,3,3,0,1,0,2,2,3.38,4.28,4.80,1.50,84,128,133,-0.90,0.0%,12.5%,12.5%,0.0%,25,L,"<img src=""https://www.yakyucosmo.com/wp-content/uploads/2025/04/Lions.jpg"" alt="""" width=""10"" height=""10"" class=""alignnone size-full wp-image-6219"" />",<a href=https://npb.jp/bis/eng/teams/index_l.html>Seibu</a>,PL
,<a href=https://npb.jp/bis/eng/players/71075155.html>Sugai Shinya</a>,2,2,0,0,0,0,0,50,12.2,6,0,9,8,0,0,0,0,0,0.00,3.63,4.60,1.11,999,109,128,-3.63,0.0%,18.0%,16.0%,2.0%,22,L,"<img src=""https://www.yakyucosmo.com/wp-content/uploads/2025/04/Lions.jpg"" alt="""" width=""10"" height=""10"" class=""alignnone size-full wp-image-6219"" />",<a href=https://npb.jp/bis/eng/teams/index_l.html>Seibu</a>,PL
,<a href=https://npb.jp/bis/eng/players/21025155.html>Sumida Chihiro</a>,3,3,0,0,0,1,1,84,24.0,13,0,19,2,0,0,0,2,2,0.75,1.83,2.78,0.62,378,55,77,-1.08,0.0%,22.6%,2.4%,20.2%,25,L,"<img src=""https://www.yakyucosmo.com/wp-content/uploads/2025/04/Lions.jpg"" alt="""" width=""10"" height=""10"" class=""alignnone size-full wp-image-6219"" />",<a href=https://npb.jp/bis/eng/teams/index_l.html>Seibu</a>,PL
,<a href=https://npb.jp/bis/eng/players/31035136.html>Taira Kaima</a>,8,0,1,4,2,0,0,36,7.1,8,0,7,4,1,1,0,3,2,2.45,3.30,3.97,1.64,116,99,110,-0.85,0.0%,19.4%,11.1%,8.3%,25,R,"<img src=""https://www.yakyucosmo.com/wp-content/uploads/2025/04/Lions.jpg"" alt="""" width=""10"" height=""10"" class=""alignnone size-full wp-image-6219"" />",<a href=https://npb.jp/bis/eng/teams/index_l.html>Seibu</a>,PL
,<a href=https://npb.jp/bis/eng/players/71075130.html>Takahashi Kona</a>,4,0,2,0,0,0,0,98,23.0,21,2,11,8,0,1,1,9,7,2.74,4.51,4.49,1.26,104,135,125,-1.77,2.0%,11.2%,8.2%,3.1%,28,R,"<img src=""https://www.yakyucosmo.com/wp-content/uploads/2025/04/Lions.jpg"" alt="""" width=""10"" height=""10"" class=""alignnone size-full wp-image-6219"" />",<a href=https://npb.jp/bis/eng/teams/index_l.html>Seibu</a>,PL
,<a href=https://npb.jp/bis/eng/players/01205134.html>Tamura Ichiro</a>,1,0,0,0,0,0,0,3,1.0,1,0,0,0,0,0,0,0,0,0.00,3.16,4.80,1.00,999,95,133,-3.16,0.0%,0.0%,0.0%,0.0%,30,R,"<img src=""https://www.yakyucosmo.com/wp-content/uploads/2025/04/Lions.jpg"" alt="""" width=""10"" height=""10"" class=""alignnone size-full wp-image-6219"" />",<a href=https://npb.jp/bis/eng/teams/index_l.html>Seibu</a>,PL
,<a href=https://npb.jp/bis/eng/players/91395159.html>Ueda Taiga</a>,2,0,0,0,0,0,0,45,10.2,12,1,3,2,0,1,0,2,2,1.69,4.66,4.58,1.31,168,140,127,-2.97,2.2%,6.7%,4.4%,2.2%,23,R,"<img src=""https://www.yakyucosmo.com/wp-content/uploads/2025/04/Lions.jpg"" alt="""" width=""10"" height=""10"" class=""alignnone size-full wp-image-6219"" />",<a href=https://npb.jp/bis/eng/teams/index_l.html>Seibu</a>,PL
,<a href=https://npb.jp/bis/eng/players/53155138.html>Watanabe Yutaro</a>,4,1,2,0,0,0,0,94,21.1,26,1,9,5,0,0,1,14,11,4.64,3.63,4.37,1.45,61,109,121,1.01,1.1%,9.6%,5.3%,4.3%,24,R,"<img src=""https://www.yakyucosmo.com/wp-content/uploads/2025/04/Lions.jpg"" alt="""" width=""10"" height=""10"" class=""alignnone size-full wp-image-6219"" />",<a href=https://npb.jp/bis/eng/teams/index_l.html>Seibu</a>,PL
,<a href=https://npb.jp/bis/eng/players/53555150.html>Wingenter Trey</a>,7,0,1,0,4,0,0,27,7.0,4,0,12,2,0,0,0,1,1,1.29,0.59,1.10,0.86,220,18,30,0.70,0.0%,44.4%,7.4%,37.0%,31,R,"<img src=""https://www.yakyucosmo.com/wp-content/uploads/2025/04/Lions.jpg"" alt="""" width=""10"" height=""10"" class=""alignnone size-full wp-image-6219"" />",<a href=https://npb.jp/bis/eng/teams/index_l.html>Seibu</a>,PL
,<a href=https://npb.jp/bis/eng/players/43345157.html>Yamada Haruto</a>,4,0,0,0,0,0,0,17,3.2,5,0,2,1,0,0,0,0,0,0.00,2.89,4.21,1.64,999,87,117,-2.89,0.0%,11.8%,5.9%,5.9%,21,R,"<img src=""https://www.yakyucosmo.com/wp-content/uploads/2025/04/Lions.jpg"" alt="""" width=""10"" height=""10"" class=""alignnone size-full wp-image-6219"" />",<a href=https://npb.jp/bis/eng/teams/index_l.html>Seibu</a>,PL
,<a href=https://npb.jp/bis/eng/players/21025137.html>Fukutani Koji</a>,6,1,0,0,1,0,0,28,6.0,9,2,3,1,0,0,1,5,2,3.00,6.99,4.09,1.67,97,204,113,-3.99,7.1%,10.7%,3.6%,7.1%,34,R,"<img src=""https://www.yakyucosmo.com/wp-content/uploads/2025/04/Fighters.jpg"" alt="""" width=""10"" height=""10"" class=""alignnone size-full wp-image-6217"" />",<a href=https://npb.jp/bis/eng/teams/index_f.html>Nipponham</a>,PL
,<a href=https://npb.jp/bis/eng/players/01105134.html>Ikeda Takahide</a>,7,0,1,0,4,0,0,31,7.0,9,0,3,1,0,0,1,3,3,3.86,2.73,4.15,1.43,76,79,115,1.13,0.0%,9.7%,3.2%,6.5%,30,R,"<img src=""https://www.yakyucosmo.com/wp-content/uploads/2025/04/Fighters.jpg"" alt="""" width=""10"" height=""10"" class=""alignnone size-full wp-image-6217"" />",<a href=https://npb.jp/bis/eng/teams/index_f.html>Nipponham</a>,PL
,<a href=https://npb.jp/bis/eng/players/51355153.html>Itoh Hiromi</a>,4,2,1,0,0,1,0,113,28.0,23,4,34,5,0,1,2,11,11,3.54,3.23,2.23,1.00,83,94,62,0.31,3.5%,30.1%,4.4%,25.7%,27,R,"<img src=""https://www.yakyucosmo.com/wp-content/uploads/2025/04/Fighters.jpg"" alt="""" width=""10"" height=""10"" class=""alignnone size-full wp-image-6217"" />",<a href=https://npb.jp/bis/eng/teams/index_f.html>Nipponham</a>,PL
,<a href=https://npb.jp/bis/eng/players/51555157.html>Kanemura Shoma</a>,4,2,1,0,0,2,2,111,28.0,23,1,13,7,0,0,1,5,5,1.61,3.44,4.26,1.07,181,100,118,-1.83,0.9%,11.7%,6.3%,5.4%,24,R,"<img src=""https://www.yakyucosmo.com/wp-content/uploads/2025/04/Fighters.jpg"" alt="""" width=""10"" height=""10"" class=""alignnone size-full wp-image-6217"" />",<a href=https://npb.jp/bis/eng/teams/index_f.html>Nipponham</a>,PL
,<a href=https://npb.jp/bis/eng/players/41545132.html>Katoh Takayuki</a>,3,1,1,0,0,0,0,70,16.2,18,0,4,0,0,0,0,4,3,1.62,2.68,4.23,1.08,180,78,117,-1.06,0.0%,5.7%,0.0%,5.7%,33,L,"<img src=""https://www.yakyucosmo.com/wp-content/uploads/2025/04/Fighters.jpg"" alt="""" width=""10"" height=""10"" class=""alignnone size-full wp-image-6217"" />",<a href=https://npb.jp/bis/eng/teams/index_f.html>Nipponham</a>,PL
,<a href=https://npb.jp/bis/eng/players/81785151.html>Kawano Ryusei</a>,8,1,0,0,5,0,0,23,6.1,1,0,5,2,0,3,1,0,0,0.00,3.95,3.50,0.47,999,115,97,-3.95,0.0%,21.7%,8.7%,13.0%,27,L,"<img src=""https://www.yakyucosmo.com/wp-content/uploads/2025/04/Fighters.jpg"" alt="""" width=""10"" height=""10"" class=""alignnone size-full wp-image-6217"" />",<a href=https://npb.jp/bis/eng/teams/index_f.html>Nipponham</a>,PL
,<a href=https://npb.jp/bis/eng/players/51755155.html>Kitayama Koki</a>,3,2,0,0,0,0,0,72,17.1,14,1,17,9,0,1,0,2,2,1.04,3.68,3.69,1.33,281,107,102,-2.64,1.4%,23.6%,12.5%,11.1%,26,R,"<img src=""https://www.yakyucosmo.com/wp-content/uploads/2025/04/Fighters.jpg"" alt="""" width=""10"" height=""10"" class=""alignnone size-full wp-image-6217"" />",<a href=https://npb.jp/bis/eng/teams/index_f.html>Nipponham</a>,PL
,<a href=https://npb.jp/bis/eng/players/61665151.html>Matsuoka Koki</a>,3,0,0,0,0,0,0,22,4.0,8,1,5,2,0,0,0,4,3,6.75,5.41,3.44,2.50,43,157,95,1.34,4.5%,22.7%,9.1%,13.6%,24,R,"<img src=""https://www.yakyucosmo.com/wp-content/uploads/2025/04/Fighters.jpg"" alt="""" width=""10"" height=""10"" class=""alignnone size-full wp-image-6217"" />",<a href=https://npb.jp/bis/eng/teams/index_f.html>Nipponham</a>,PL
,<a href=https://npb.jp/bis/eng/players/41445116.html>Miyanishi Naoki</a>,5,0,0,0,2,0,0,17,4.1,3,0,0,1,0,0,1,1,1,2.08,3.85,5.39,0.92,140,112,149,-1.77,0.0%,0.0%,5.9%,-5.9%,40,L,"<img src=""https://www.yakyucosmo.com/wp-content/uploads/2025/04/Fighters.jpg"" alt="""" width=""10"" height=""10"" class=""alignnone size-full wp-image-6217"" />",<a href=https://npb.jp/bis/eng/teams/index_f.html>Nipponham</a>,PL
,<a href=https://npb.jp/bis/eng/players/41245138.html>Nabatame Tsubasa</a>,6,0,0,0,1,0,0,20,6.0,2,0,1,0,0,0,0,0,0,0.00,2.83,4.30,0.33,999,82,119,-2.83,0.0%,5.0%,0.0%,5.0%,30,R,"<img src=""https://www.yakyucosmo.com/wp-content/uploads/2025/04/Fighters.jpg"" alt="""" width=""10"" height=""10"" class=""alignnone size-full wp-image-6217"" />",<a href=https://npb.jp/bis/eng/teams/index_f.html>Nipponham</a>,PL
,<a href=https://npb.jp/bis/eng/players/21725138.html>Saito Yukiya</a>,4,0,0,1,0,0,0,22,5.0,4,0,2,4,0,0,1,2,2,3.60,4.76,5.71,1.60,81,139,158,-1.16,0.0%,9.1%,18.2%,-9.1%,30,R,"<img src=""https://www.yakyucosmo.com/wp-content/uploads/2025/04/Fighters.jpg"" alt="""" width=""10"" height=""10"" class=""alignnone size-full wp-image-6217"" />",<a href=https://npb.jp/bis/eng/teams/index_f.html>Nipponham</a>,PL
,<a href=https://npb.jp/bis/eng/players/61765139.html>Sugiura Toshihiro</a>,8,1,1,0,0,0,0,28,6.1,8,3,6,2,0,0,0,5,4,5.68,8.37,3.37,1.58,51,244,93,-2.69,10.7%,21.4%,7.1%,14.3%,33,R,"<img src=""https://www.yakyucosmo.com/wp-content/uploads/2025/04/Fighters.jpg"" alt="""" width=""10"" height=""10"" class=""alignnone size-full wp-image-6217"" />",<a href=https://npb.jp/bis/eng/teams/index_f.html>Nipponham</a>,PL
,<a href=https://npb.jp/bis/eng/players/31235134.html>Tanaka Seigi</a>,5,0,1,3,1,0,0,17,4.1,3,0,5,1,1,0,0,1,1,2.08,1.54,2.45,0.92,140,45,68,0.54,0.0%,29.4%,5.9%,23.5%,30,R,"<img src=""https://www.yakyucosmo.com/wp-content/uploads/2025/04/Fighters.jpg"" alt="""" width=""10"" height=""10"" class=""alignnone size-full wp-image-6217"" />",<a href=https://npb.jp/bis/eng/teams/index_f.html>Nipponham</a>,PL
,<a href=https://npb.jp/bis/eng/players/33735151.html>VerHagen Drew</a>,3,1,2,0,0,0,0,61,14.0,16,2,8,3,0,0,0,10,10,6.43,4.52,3.98,1.36,45,131,110,1.91,3.3%,13.1%,4.9%,8.2%,34,R,"<img src=""https://www.yakyucosmo.com/wp-content/uploads/2025/04/Fighters.jpg"" alt="""" width=""10"" height=""10"" class=""alignnone size-full wp-image-6217"" />",<a href=https://npb.jp/bis/eng/teams/index_f.html>Nipponham</a>,PL
,<a href=https://npb.jp/bis/eng/players/03105136.html>Yamamoto Takumi</a>,4,0,0,0,0,0,0,24,4.2,6,0,6,4,0,0,0,5,4,7.71,3.16,3.97,2.14,38,92,110,4.55,0.0%,25.0%,16.7%,8.3%,25,R,"<img src=""https://www.yakyucosmo.com/wp-content/uploads/2025/04/Fighters.jpg"" alt="""" width=""10"" height=""10"" class=""alignnone size-full wp-image-6217"" />",<a href=https://npb.jp/bis/eng/teams/index_f.html>Nipponham</a>,PL
,<a href=https://npb.jp/bis/eng/players/21825130.html>Yamasaki Sachiya</a>,3,0,1,0,0,0,0,76,19.1,17,1,6,3,0,0,0,5,4,1.86,3.68,4.41,1.03,157,107,122,-1.82,1.3%,7.9%,3.9%,3.9%,32,L,"<img src=""https://www.yakyucosmo.com/wp-content/uploads/2025/04/Fighters.jpg"" alt="""" width=""10"" height=""10"" class=""alignnone size-full wp-image-6217"" />",<a href=https://npb.jp/bis/eng/teams/index_f.html>Nipponham</a>,PL
,<a href=https://npb.jp/bis/eng/players/63365155.html>Yanagawa Taisei</a>,5,0,0,0,1,0,0,19,5.0,2,0,5,2,0,0,0,1,1,1.80,2.36,3.22,0.80,162,69,89,-0.56,0.0%,26.3%,10.5%,15.8%,21,R,"<img src=""https://www.yakyucosmo.com/wp-content/uploads/2025/04/Fighters.jpg"" alt="""" width=""10"" height=""10"" class=""alignnone size-full wp-image-6217"" />",<a href=https://npb.jp/bis/eng/teams/index_f.html>Nipponham</a>,PL
