#,,Team,G,W,L,T,PCT,GB,RS,RA,Diff,XPCT,Home,Road,vs T,vs G,vs DB,vs D,vs C,vs S,Inter
,"<img src=""https://www.yakyucosmo.com/wp-content/uploads/2025/04/Tigers.jpg"" alt="""" width=""10"" height=""10"" class=""alignnone size-full wp-image-6224"" />",<a href=https://npb.jp/bis/eng/teams/index_t.html>Hanshin Tigers</a>,99,60,37,2,0.619,--,339,220,119,0.688,28-20(1),32-17(1),--,13-5,10-4(2),6-7,13-5,10-6,8-10
,"<img src=""https://www.yakyucosmo.com/wp-content/uploads/2025/04/Giants.jpg"" alt="""" width=""10"" height=""10"" class=""alignnone size-full wp-image-6227"" />",<a href=https://npb.jp/bis/eng/teams/index_g.html>Yomiuri Giants</a>,98,47,48,3,0.495,12.0,283,295,-12,0.481,30-18(1),17-30(2),5-13,--,10-5(1),9-7,7-8(1),10-4,6-11(1)
,"<img src=""https://www.yakyucosmo.com/wp-content/uploads/2025/04/BayStars.jpg"" alt="""" width=""10"" height=""10"" class=""alignnone size-full wp-image-6228"" />",<a href=https://npb.jp/bis/eng/teams/index_db.html>DeNA BayStars</a>,97,45,47,5,0.489,12.5,304,282,22,0.534,25-20(2),20-27(3),4-10(2),5-10(1),--,11-6,8-6(1),10-4(1),7-11
,"<img src=""https://www.yakyucosmo.com/wp-content/uploads/2025/04/Dragons.jpg"" alt="""" width=""10"" height=""10"" class=""alignnone size-full wp-image-6225"" />",<a href=https://npb.jp/bis/eng/teams/index_d.html>Chunichi Dragons</a>,97,43,52,2,0.453,16.0,256,293,-37,0.439,27-22(1),16-30(1),7-6,7-9,6-11,--,8-8(1),7-8(1),8-10
,"<img src=""https://www.yakyucosmo.com/wp-content/uploads/2025/04/Carp.jpg"" alt="""" width=""10"" height=""10"" class=""alignnone size-full wp-image-6223"" />",<a href=https://npb.jp/bis/eng/teams/index_c.html>Hiroshima Carp</a>,97,41,51,5,0.446,16.5,286,308,-22,0.466,26-19(3),15-32(2),5-13,8-7(1),6-8(1),8-8(1),--,5-6(2),9-9
,"<img src=""https://www.yakyucosmo.com/wp-content/uploads/2025/04/Swallows.jpg"" alt="""" width=""10"" height=""10"" class=""alignnone size-full wp-image-6226"" />",<a href=https://npb.jp/bis/eng/teams/index_s.html>Yakult Swallows</a>,92,33,54,5,0.379,22.0,257,364,-107,0.346,20-24(3),13-30(2),6-10,4-10,4-10(1),8-7(1),6-5(2),--,5-12(1)
