#,,Team,G,W,L,T,PCT,GB,RS,RA,Diff,XPCT,Home,Road,vs T,vs C,vs G,vs DB,vs D,vs S,Inter
,"<img src=""https://www.yakyucosmo.com/wp-content/uploads/2025/04/Tigers.jpg"" alt="""" width=""10"" height=""10"" class=""alignnone size-full wp-image-6224"" />",<a href=https://npb.jp/bis/eng/teams/index_t.html>Hanshin Tigers</a>,79,46,31,2,0.597,--,268,170,98,0.697,22-16(1),24-15(1),--,8-4,11-4,8-4(2),5-5,6-4,8-10
,"<img src=""https://www.yakyucosmo.com/wp-content/uploads/2025/04/Carp.jpg"" alt="""" width=""10"" height=""10"" class=""alignnone size-full wp-image-6223"" />",<a href=https://npb.jp/bis/eng/teams/index_c.html>Hiroshima Carp</a>,76,37,35,4,0.514,6.5,237,225,12,0.524,23-12(2),14-23(2),4-8,--,8-5(1),5-6,6-4(1),5-3(2),9-9
,"<img src=""https://www.yakyucosmo.com/wp-content/uploads/2025/04/Giants.jpg"" alt="""" width=""10"" height=""10"" class=""alignnone size-full wp-image-6227"" />",<a href=https://npb.jp/bis/eng/teams/index_g.html>Yomiuri Giants</a>,80,38,39,3,0.494,8.0,220,229,-9,0.482,26-13(1),12-26(2),4-11,5-8(1),--,7-2(1),7-4,9-3,6-11(1)
,"<img src=""https://www.yakyucosmo.com/wp-content/uploads/2025/04/BayStars.jpg"" alt="""" width=""10"" height=""10"" class=""alignnone size-full wp-image-6228"" />",<a href=https://npb.jp/bis/eng/teams/index_db.html>DeNA BayStars</a>,77,36,38,3,0.486,8.5,239,224,15,0.530,22-16(2),14-22(1),4-8(2),6-5,2-7(1),--,9-5,8-2,7-11
,"<img src=""https://www.yakyucosmo.com/wp-content/uploads/2025/04/Dragons.jpg"" alt="""" width=""10"" height=""10"" class=""alignnone size-full wp-image-6225"" />",<a href=https://npb.jp/bis/eng/teams/index_d.html>Chunichi Dragons</a>,78,33,43,2,0.434,12.5,190,243,-53,0.389,21-18(1),12-25(1),5-5,4-6(1),4-7,5-9,--,7-6(1),8-10
,"<img src=""https://www.yakyucosmo.com/wp-content/uploads/2025/04/Swallows.jpg"" alt="""" width=""10"" height=""10"" class=""alignnone size-full wp-image-6226"" />",<a href=https://npb.jp/bis/eng/teams/index_s.html>Yakult Swallows</a>,74,23,47,4,0.329,19.5,197,297,-100,0.321,13-21(2),10-26(2),4-6,3-5(2),3-9,2-8,6-7(1),--,5-12(1)
