#,,Team,G,W,L,T,PCT,GB,RS,RA,Diff,XPCT,Home,Road,vs F,vs H,vs B,vs L,vs E,vs M,Inter
,"<img src=""https://www.yakyucosmo.com/wp-content/uploads/2025/04/Fighters.jpg"" alt="""" width=""10"" height=""10"" class=""alignnone size-full wp-image-6217"" />",<a href=https://npb.jp/bis/eng/teams/index_f.html>Nipponham Fighters</a>,87,52,33,2,0.612,--,326,229,97,0.656,24-18,28-15(2),--,6-7,7-7(1),9-5,11-3(1),8-4,11-7
,"<img src=""https://www.yakyucosmo.com/wp-content/uploads/2025/04/Hawks.jpg"" alt="""" width=""10"" height=""10"" class=""alignnone size-full wp-image-6220"" /> ",<a href=https://npb.jp/bis/eng/teams/index_h.html>SoftBank Hawks</a>,87,49,34,4,0.590,2.0,314,239,75,0.622,24-17(3),25-17(1),7-6,--,7-3(2),9-7,5-9,9-4(1),12-5(1)
,"<img src=""https://www.yakyucosmo.com/wp-content/uploads/2025/04/Buffaloes.jpg"" alt="""" width=""10"" height=""10"" class=""alignnone size-full wp-image-6222"" />",<a href=https://npb.jp/bis/eng/teams/index_b.html>ORIX Buffaloes</a>,85,46,36,3,0.561,4.5,309,304,5,0.507,24-19(2),22-17(1),7-7(1),3-7(2),--,6-7,9-4,10-4,11-7
,"<img src=""https://www.yakyucosmo.com/wp-content/uploads/2025/04/Lions.jpg"" alt="""" width=""10"" height=""10"" class=""alignnone size-full wp-image-6219"" />",<a href=https://npb.jp/bis/eng/teams/index_l.html>Seibu Lions</a>,86,42,43,1,0.494,10.0,220,236,-16,0.468,25-22,17-21(1),5-9,7-9,7-6,--,6-6,7-5(1),10-8
,"<img src=""https://www.yakyucosmo.com/wp-content/uploads/2025/04/Eagles.jpg"" alt="""" width=""10"" height=""10"" class=""alignnone size-full wp-image-6218"" />",<a href=https://npb.jp/bis/eng/teams/index_e.html>Rakuten Eagles</a>,85,39,44,2,0.470,12.0,243,286,-43,0.426,19-20(1),20-24(1),3-11(1),9-5,4-9,6-6,--,8-5,9-8(1)
,"<img src=""https://www.yakyucosmo.com/wp-content/uploads/2025/04/Marines.jpg"" alt="""" width=""10"" height=""10"" class=""alignnone size-full wp-image-6240"" />",<a href=https://npb.jp/bis/eng/teams/index_m.html>Lotte Marines</a>,84,32,50,2,0.390,18.5,242,323,-81,0.371,18-20(1),14-30(1),4-8,4-9(1),4-10,5-7(1),5-8,--,10-8
