Rank,Pitcher,G,W,L,SV,HLD,CG,SHO,BF,IP,H,HR,SO,BB,IBB,HB,WP,R,ER,ERA,FIP,kwERA,WHIP,ERA+,FIP-,kwERA-,Diff,HR%,K%,BB%,K-BB%,Age,T,,Team,League
,<a href=https://npb.jp/bis/eng/players/13315153.html>Murakami Shoki</a>,18,9,3,0,0,2,2,472,121.2,92,5,88,20,3,4,2,27,27,2.00,2.60,3.36,0.92,137,86,94,-0.60,1.1%,18.6%,4.2%,14.4%,27,R,"<img src=""https://www.yakyucosmo.com/wp-content/uploads/2025/04/Tigers.jpg"" alt="""" width=""10"" height=""10"" class=""alignnone size-full wp-image-6224"" />",<a href=https://npb.jp/bis/eng/teams/index_t.html>Hanshin</a>,CL
,<a href=https://npb.jp/bis/eng/players/41745134.html>Saiki Hiroto</a>,17,9,5,0,0,2,2,454,112.1,78,3,87,39,2,0,1,19,19,1.52,2.76,3.74,1.04,181,91,104,-1.24,0.7%,19.2%,8.6%,10.6%,26,R,"<img src=""https://www.yakyucosmo.com/wp-content/uploads/2025/04/Tigers.jpg"" alt="""" width=""10"" height=""10"" class=""alignnone size-full wp-image-6224"" />",<a href=https://npb.jp/bis/eng/teams/index_t.html>Hanshin</a>,CL
,<a href=https://npb.jp/bis/eng/players/53155151.html>Morishita Masato</a>,19,5,12,0,0,3,0,539,133.1,120,6,81,31,3,4,1,46,38,2.57,3.08,3.87,1.13,115,95,108,-0.51,1.1%,15.0%,5.8%,9.3%,27,R,"<img src=""https://www.yakyucosmo.com/wp-content/uploads/2025/04/Carp.jpg"" alt="""" width=""10"" height=""10"" class=""alignnone size-full wp-image-6223"" />",<a href=https://npb.jp/bis/eng/teams/index_c.html>Hiroshima</a>,CL
,<a href=https://npb.jp/bis/eng/players/61365139.html>Ohsera Daichi</a>,16,4,6,0,0,0,0,408,97.0,91,5,64,27,4,1,3,34,32,2.97,3.14,3.89,1.22,99,96,109,-0.17,1.2%,15.7%,6.6%,9.1%,34,R,"<img src=""https://www.yakyucosmo.com/wp-content/uploads/2025/04/Carp.jpg"" alt="""" width=""10"" height=""10"" class=""alignnone size-full wp-image-6223"" />",<a href=https://npb.jp/bis/eng/teams/index_c.html>Hiroshima</a>,CL
,<a href=https://npb.jp/bis/eng/players/11415134.html>Tokoda Hiroki</a>,18,7,8,0,0,5,3,498,125.1,100,6,72,30,3,1,3,32,30,2.15,3.14,3.96,1.04,137,96,110,-0.99,1.2%,14.5%,6.0%,8.4%,30,L,"<img src=""https://www.yakyucosmo.com/wp-content/uploads/2025/04/Carp.jpg"" alt="""" width=""10"" height=""10"" class=""alignnone size-full wp-image-6223"" />",<a href=https://npb.jp/bis/eng/teams/index_c.html>Hiroshima</a>,CL
,<a href=https://npb.jp/bis/eng/players/51155136.html>Azuma Katsuki</a>,16,10,5,0,0,1,0,441,111.1,90,9,87,14,0,5,0,30,22,1.78,2.92,3.14,0.93,162,92,88,-1.14,2.0%,19.7%,3.2%,16.6%,29,L,"<img src=""https://www.yakyucosmo.com/wp-content/uploads/2025/04/BayStars.jpg"" alt="""" width=""10"" height=""10"" class=""alignnone size-full wp-image-6228"" />",<a href=https://npb.jp/bis/eng/teams/index_db.html>DeNA</a>,CL
,<a href=https://npb.jp/bis/eng/players/33235157.html>Bauer Trevor</a>,18,4,9,0,0,2,1,498,118.1,114,11,107,40,4,4,2,54,54,4.11,3.44,3.45,1.30,70,108,96,0.67,2.2%,21.5%,8.0%,13.5%,34,R,"<img src=""https://www.yakyucosmo.com/wp-content/uploads/2025/04/BayStars.jpg"" alt="""" width=""10"" height=""10"" class=""alignnone size-full wp-image-6228"" />",<a href=https://npb.jp/bis/eng/teams/index_db.html>DeNA</a>,CL
,<a href=https://npb.jp/bis/eng/players/43745159.html>Jackson Andre</a>,17,9,4,0,0,0,0,437,106.0,87,5,80,34,3,6,6,25,23,1.95,3.16,3.75,1.14,148,99,105,-1.21,1.1%,18.3%,7.8%,10.5%,29,R,"<img src=""https://www.yakyucosmo.com/wp-content/uploads/2025/04/BayStars.jpg"" alt="""" width=""10"" height=""10"" class=""alignnone size-full wp-image-6228"" />",<a href=https://npb.jp/bis/eng/teams/index_db.html>DeNA</a>,CL
,<a href=https://npb.jp/bis/eng/players/13715159.html>Kay Anthony</a>,17,6,6,0,0,0,0,433,111.2,82,6,85,29,2,1,0,23,23,1.85,2.91,3.51,0.99,156,91,98,-1.06,1.4%,19.6%,6.7%,12.9%,30,L,"<img src=""https://www.yakyucosmo.com/wp-content/uploads/2025/04/BayStars.jpg"" alt="""" width=""10"" height=""10"" class=""alignnone size-full wp-image-6228"" />",<a href=https://npb.jp/bis/eng/teams/index_db.html>DeNA</a>,CL
,<a href=https://npb.jp/bis/eng/players/51155155.html>Akahoshi Yuji</a>,18,6,7,0,0,1,1,420,105.0,92,9,80,15,3,4,0,32,29,2.49,3.06,3.25,1.02,112,99,91,-0.57,2.1%,19.0%,3.6%,15.5%,25,R,"<img src=""https://www.yakyucosmo.com/wp-content/uploads/2025/04/Giants.jpg"" alt="""" width=""10"" height=""10"" class=""alignnone size-full wp-image-6227"" />",<a href=https://npb.jp/bis/eng/teams/index_g.html>Yomiuri</a>,CL
,<a href=https://npb.jp/bis/eng/players/03305153.html>Yamasaki Iori</a>,17,8,3,0,0,0,0,445,113.2,86,5,96,23,4,3,2,23,19,1.50,2.49,3.16,0.96,186,81,88,-0.99,1.1%,21.6%,5.2%,16.4%,26,R,"<img src=""https://www.yakyucosmo.com/wp-content/uploads/2025/04/Giants.jpg"" alt="""" width=""10"" height=""10"" class=""alignnone size-full wp-image-6227"" />",<a href=https://npb.jp/bis/eng/teams/index_g.html>Yomiuri</a>,CL
,<a href=https://npb.jp/bis/eng/players/21225137.html>Matsuba Takahiro</a>,17,7,7,0,0,1,0,445,111.0,101,4,45,28,1,4,1,28,27,2.19,3.45,4.42,1.16,120,118,123,-1.26,0.9%,10.1%,6.3%,3.8%,34,L,"<img src=""https://www.yakyucosmo.com/wp-content/uploads/2025/04/Dragons.jpg"" alt="""" width=""10"" height=""10"" class=""alignnone size-full wp-image-6225"" />",<a href=https://npb.jp/bis/eng/teams/index_d.html>Chunichi</a>,CL
,<a href=https://npb.jp/bis/eng/players/61265153.html>Takahashi Hiroto</a>,18,4,8,0,0,3,2,480,119.1,100,6,93,36,1,5,7,40,37,2.79,3.05,3.61,1.14,94,105,101,-0.26,1.2%,19.4%,7.5%,11.9%,22,R,"<img src=""https://www.yakyucosmo.com/wp-content/uploads/2025/04/Dragons.jpg"" alt="""" width=""10"" height=""10"" class=""alignnone size-full wp-image-6225"" />",<a href=https://npb.jp/bis/eng/teams/index_d.html>Chunichi</a>,CL
,<a href=https://npb.jp/bis/eng/players/71775139.html>Kuri Allen</a>,17,7,6,0,0,1,0,475,112.2,117,3,84,30,0,4,1,40,35,2.80,2.69,3.66,1.30,100,87,102,0.11,0.6%,17.7%,6.3%,11.4%,33,R,"<img src=""https://www.yakyucosmo.com/wp-content/uploads/2025/04/Buffaloes.jpg"" alt="""" width=""10"" height=""10"" class=""alignnone size-full wp-image-6222"" />",<a href=https://npb.jp/bis/eng/teams/index_b.html>ORIX</a>,PL
,<a href=https://npb.jp/bis/eng/players/71875151.html>Miyagi Hiroya</a>,16,4,3,0,0,0,0,449,111.2,93,5,119,22,0,5,1,32,31,2.50,2.10,2.64,1.03,112,68,74,0.40,1.1%,26.5%,4.9%,21.6%,23,L,"<img src=""https://www.yakyucosmo.com/wp-content/uploads/2025/04/Buffaloes.jpg"" alt="""" width=""10"" height=""10"" class=""alignnone size-full wp-image-6222"" />",<a href=https://npb.jp/bis/eng/teams/index_b.html>ORIX</a>,PL
,<a href=https://npb.jp/bis/eng/players/81985157.html>Sotani Ryuhei</a>,16,8,5,0,0,1,0,392,94.1,93,6,86,20,1,5,2,38,35,3.34,2.72,3.12,1.20,84,88,87,0.62,1.5%,21.9%,5.1%,16.8%,24,L,"<img src=""https://www.yakyucosmo.com/wp-content/uploads/2025/04/Buffaloes.jpg"" alt="""" width=""10"" height=""10"" class=""alignnone size-full wp-image-6222"" />",<a href=https://npb.jp/bis/eng/teams/index_b.html>ORIX</a>,PL
,<a href=https://npb.jp/bis/eng/players/71275134.html>Taneichi Atsuki</a>,15,3,7,0,0,0,0,410,93.1,93,8,72,37,0,4,7,43,37,3.57,3.81,3.95,1.39,82,118,110,-0.24,2.0%,17.6%,9.0%,8.5%,26,R,"<img src=""https://www.yakyucosmo.com/wp-content/uploads/2025/04/Marines.jpg"" alt="""" width=""10"" height=""10"" class=""alignnone size-full wp-image-6240"" />",<a href=https://npb.jp/bis/eng/teams/index_m.html>Lotte</a>,PL
,<a href=https://npb.jp/bis/eng/players/51155130.html>Arihara Kohei</a>,17,9,5,0,0,1,1,484,117.0,111,7,79,30,1,3,2,40,38,2.92,3.20,3.79,1.21,100,99,106,-0.28,1.4%,16.3%,6.2%,10.1%,32,R,"<img src=""https://www.yakyucosmo.com/wp-content/uploads/2025/04/Hawks.jpg"" alt="""" width=""10"" height=""10"" class=""alignnone size-full wp-image-6220"" /> ",<a href=https://npb.jp/bis/eng/teams/index_h.html>SoftBank</a>,PL
,<a href=https://npb.jp/bis/eng/players/63965134.html>Moinelo Livan</a>,17,9,2,0,0,2,1,452,119.1,80,5,121,27,0,2,1,19,17,1.28,2.17,2.72,0.90,228,67,76,-0.89,1.1%,26.8%,6.0%,20.8%,29,L,"<img src=""https://www.yakyucosmo.com/wp-content/uploads/2025/04/Hawks.jpg"" alt="""" width=""10"" height=""10"" class=""alignnone size-full wp-image-6220"" /> ",<a href=https://npb.jp/bis/eng/teams/index_h.html>SoftBank</a>,PL
,<a href=https://npb.jp/bis/eng/players/01505151.html>Ohzeki Tomohisa</a>,16,8,3,0,0,0,0,408,104.2,70,6,75,23,1,5,0,20,19,1.63,3.04,3.53,0.89,179,94,98,-1.41,1.5%,18.4%,5.6%,12.7%,27,L,"<img src=""https://www.yakyucosmo.com/wp-content/uploads/2025/04/Hawks.jpg"" alt="""" width=""10"" height=""10"" class=""alignnone size-full wp-image-6220"" /> ",<a href=https://npb.jp/bis/eng/teams/index_h.html>SoftBank</a>,PL
,<a href=https://npb.jp/bis/eng/players/31335134.html>Imai Tatsuya</a>,16,6,4,0,0,2,1,434,110.2,72,4,123,30,0,5,1,25,23,1.87,2.12,2.66,0.92,152,67,74,-0.25,0.9%,28.3%,6.9%,21.4%,27,R,"<img src=""https://www.yakyucosmo.com/wp-content/uploads/2025/04/Lions.jpg"" alt="""" width=""10"" height=""10"" class=""alignnone size-full wp-image-6219"" />",<a href=https://npb.jp/bis/eng/teams/index_l.html>Seibu</a>,PL
,<a href=https://npb.jp/bis/eng/players/21025155.html>Sumida Chihiro</a>,16,8,6,0,0,2,1,447,113.0,94,6,103,20,1,2,1,26,26,2.07,2.38,2.94,1.01,138,75,82,-0.31,1.3%,23.0%,4.5%,18.6%,25,L,"<img src=""https://www.yakyucosmo.com/wp-content/uploads/2025/04/Lions.jpg"" alt="""" width=""10"" height=""10"" class=""alignnone size-full wp-image-6219"" />",<a href=https://npb.jp/bis/eng/teams/index_l.html>Seibu</a>,PL
,<a href=https://npb.jp/bis/eng/players/51355153.html>Itoh Hiromi</a>,17,10,5,0,0,4,1,508,124.2,116,12,123,18,1,5,3,42,40,2.89,2.76,2.73,1.07,103,83,76,0.13,2.4%,24.2%,3.5%,20.7%,27,R,"<img src=""https://www.yakyucosmo.com/wp-content/uploads/2025/04/Fighters.jpg"" alt="""" width=""10"" height=""10"" class=""alignnone size-full wp-image-6217"" />",<a href=https://npb.jp/bis/eng/teams/index_f.html>Nipponham</a>,PL
,<a href=https://npb.jp/bis/eng/players/51755155.html>Kitayama Koki</a>,14,6,3,0,0,4,0,383,97.1,72,4,93,24,0,3,1,21,17,1.57,2.38,3.00,0.99,190,72,84,-0.81,1.0%,24.3%,6.3%,18.0%,26,R,"<img src=""https://www.yakyucosmo.com/wp-content/uploads/2025/04/Fighters.jpg"" alt="""" width=""10"" height=""10"" class=""alignnone size-full wp-image-6217"" />",<a href=https://npb.jp/bis/eng/teams/index_f.html>Nipponham</a>,PL
