#,,Team,W,L,SV,HLD,CG,SHO,BF,IP,H,HR,SO,BB,IBB,HB,WP,R,ER,ERA,FIP,kwERA,WHIP,ERA+,FIP-,kwERA-,Diff,HR%,K%,BB%,K-BB%,League
,"<img src=""https://www.yakyucosmo.com/wp-content/uploads/2025/04/Tigers.jpg"" alt="""" width=""10"" height=""10"" class=""alignnone size-full wp-image-6224"" />",<a href=https://npb.jp/bis/eng/teams/index_t.html>Hanshin Tigers</a>,10,8,7,18,0,0,712,175.0,143,3,151,51,3,2,4,56,49,2.52,2.56,3.40,1.11,110,79,94.1,-0.04,0.4%,21.2%,7.2%,14.0%,CL
,"<img src=""https://www.yakyucosmo.com/wp-content/uploads/2025/04/Carp.jpg"" alt="""" width=""10"" height=""10"" class=""alignnone size-full wp-image-6223"" />",<a href=https://npb.jp/bis/eng/teams/index_c.html>Hiroshima Carp</a>,11,7,5,19,2,1,702,175.1,134,5,139,49,3,4,3,54,49,2.52,2.85,3.52,1.04,117,82,97.5,-0.34,0.7%,19.8%,7.0%,12.8%,CL
,"<img src=""https://www.yakyucosmo.com/wp-content/uploads/2025/04/BayStars.jpg"" alt="""" width=""10"" height=""10"" class=""alignnone size-full wp-image-6228"" />",<a href=https://npb.jp/bis/eng/teams/index_db.html>DeNA BayStars</a>,6,10,3,10,0,0,688,163.0,152,12,150,48,6,5,4,63,57,3.15,3.25,3.32,1.23,91,97,92.0,-0.10,1.7%,21.8%,7.0%,14.8%,CL
,"<img src=""https://www.yakyucosmo.com/wp-content/uploads/2025/04/Giants.jpg"" alt="""" width=""10"" height=""10"" class=""alignnone size-full wp-image-6227"" />",<a href=https://npb.jp/bis/eng/teams/index_g.html>Yomiuri Giants</a>,11,9,6,20,0,0,782,189.2,170,10,157,50,7,8,1,66,61,2.89,3.11,3.43,1.16,97,95,95.1,-0.21,1.3%,20.1%,6.4%,13.7%,CL
,"<img src=""https://www.yakyucosmo.com/wp-content/uploads/2025/04/Swallows.jpg"" alt="""" width=""10"" height=""10"" class=""alignnone size-full wp-image-6226"" />",<a href=https://npb.jp/bis/eng/teams/index_s.html>Yakult Swallows</a>,6,9,3,17,1,1,629,148.2,139,12,117,49,4,6,4,67,62,3.75,3.74,3.72,1.26,83,102,103.1,0.01,1.9%,18.6%,7.8%,10.8%,CL
,"<img src=""https://www.yakyucosmo.com/wp-content/uploads/2025/04/Dragons.jpg"" alt="""" width=""10"" height=""10"" class=""alignnone size-full wp-image-6225"" />",<a href=https://npb.jp/bis/eng/teams/index_d.html>Chunichi Dragons</a>,8,9,8,20,0,0,686,173.0,145,10,133,39,2,7,6,53,49,2.55,3.17,3.43,1.06,103,103,95.1,-0.62,1.5%,19.4%,5.7%,13.7%,CL
,"<img src=""https://www.yakyucosmo.com/wp-content/uploads/2025/04/Buffaloes.jpg"" alt="""" width=""10"" height=""10"" class=""alignnone size-full wp-image-6222"" />",<a href=https://npb.jp/bis/eng/teams/index_b.html>ORIX Buffaloes</a>,12,7,6,24,1,0,831,196.0,193,9,152,65,5,2,1,63,57,2.62,3.23,3.75,1.32,108,97,104.1,-0.61,1.1%,18.3%,7.8%,10.5%,PL
,"<img src=""https://www.yakyucosmo.com/wp-content/uploads/2025/04/Marines.jpg"" alt="""" width=""10"" height=""10"" class=""alignnone size-full wp-image-6240"" />",<a href=https://npb.jp/bis/eng/teams/index_m.html>Lotte Marines</a>,8,10,4,10,0,0,678,162.0,148,12,133,45,0,5,5,59,49,2.72,3.41,3.50,1.19,108,99,97.1,-0.68,1.8%,19.6%,6.6%,13.0%,PL
,"<img src=""https://www.yakyucosmo.com/wp-content/uploads/2025/04/Hawks.jpg"" alt="""" width=""10"" height=""10"" class=""alignnone size-full wp-image-6220"" /> ",<a href=https://npb.jp/bis/eng/teams/index_h.html>SoftBank Hawks</a>,7,11,3,19,0,0,784,186.0,175,16,138,48,3,13,6,74,68,3.29,3.78,3.65,1.20,90,108,101.3,-0.49,2.0%,17.6%,6.1%,11.5%,PL
,"<img src=""https://www.yakyucosmo.com/wp-content/uploads/2025/04/Eagles.jpg"" alt="""" width=""10"" height=""10"" class=""alignnone size-full wp-image-6218"" />",<a href=https://npb.jp/bis/eng/teams/index_e.html>Rakuten Eagles</a>,10,10,8,19,1,1,764,179.2,173,16,137,61,1,7,3,67,63,3.16,3.93,3.81,1.30,84,125,105.5,-0.77,2.1%,17.9%,8.0%,9.9%,PL
,"<img src=""https://www.yakyucosmo.com/wp-content/uploads/2025/04/Lions.jpg"" alt="""" width=""10"" height=""10"" class=""alignnone size-full wp-image-6219"" />",<a href=https://npb.jp/bis/eng/teams/index_l.html>Seibu Lions</a>,9,10,4,12,2,1,707,172.0,140,8,121,59,2,6,4,52,46,2.41,3.49,3.92,1.16,118,105,108.8,-1.08,1.1%,17.1%,8.3%,8.8%,PL
,"<img src=""https://www.yakyucosmo.com/wp-content/uploads/2025/04/Fighters.jpg"" alt="""" width=""10"" height=""10"" class=""alignnone size-full wp-image-6217"" />",<a href=https://npb.jp/bis/eng/teams/index_f.html>Nipponham Fighters</a>,11,9,4,15,3,2,754,182.1,166,15,123,47,1,5,8,64,56,2.76,3.73,3.79,1.17,106,109,105.1,-0.97,2.0%,16.3%,6.2%,10.1%,PL
,,League Average,9,9,5,17,1,0,726,175.1,156,11,138,51,3,6,4,62,56,2.85,3.35,3.60,1.18,101,100,99.9,-0.49,1.5%,18.9%,7.0%,11.9%,
