#,,Team,G,W,L,T,PCT,GB,RS,RA,Diff,XPCT,Home,Road,vs C,vs T,vs G,vs DB,vs S,vs D
,"<img src=""https://www.yakyucosmo.com/wp-content/uploads/2025/04/Carp.jpg"" alt="""" width=""10"" height=""10"" class=""alignnone size-full wp-image-6223"" />",<a href=https://npb.jp/bis/eng/teams/index_c.html>Hiroshima Carp</a>,15,9,5,1,0.643,--,60,42,18,0.658,8-2,1-3(1),--,1-2,3-0,3-0,0-2,2-1(1)
,"<img src=""https://www.yakyucosmo.com/wp-content/uploads/2025/04/Tigers.jpg"" alt="""" width=""10"" height=""10"" class=""alignnone size-full wp-image-6224"" />",<a href=https://npb.jp/bis/eng/teams/index_t.html>Hanshin Tigers</a>,14,7,6,1,0.538,1.5,44,40,4,0.543,1-5(1),6-1,2-1,--,3-0,0-2(1),1-2,1-1
,"<img src=""https://www.yakyucosmo.com/wp-content/uploads/2025/04/Giants.jpg"" alt="""" width=""10"" height=""10"" class=""alignnone size-full wp-image-6227"" />",<a href=https://npb.jp/bis/eng/teams/index_g.html>Yomiuri Giants</a>,15,7,7,1,0.500,2.0,51,47,4,0.537,4-3,3-4(1),0-3,0-3,--,2-0(1),3-0,2-1
,"<img src=""https://www.yakyucosmo.com/wp-content/uploads/2025/04/BayStars.jpg"" alt="""" width=""10"" height=""10"" class=""alignnone size-full wp-image-6228"" />",<a href=https://npb.jp/bis/eng/teams/index_db.html>DeNA BayStars</a>,13,5,6,2,0.455,2.5,51,48,3,0.528,3-2(1),2-4(1),0-3,2-0(1),0-2(1),--,1-0,2-1
,"<img src=""https://www.yakyucosmo.com/wp-content/uploads/2025/04/Swallows.jpg"" alt="""" width=""10"" height=""10"" class=""alignnone size-full wp-image-6226"" />",<a href=https://npb.jp/bis/eng/teams/index_s.html>Yakult Swallows</a>,12,5,6,1,0.455,2.5,32,45,-13,0.349,3-2(1),2-4,2-0,2-1,0-3,0-1,--,1-1(1)
,"<img src=""https://www.yakyucosmo.com/wp-content/uploads/2025/04/Dragons.jpg"" alt="""" width=""10"" height=""10"" class=""alignnone size-full wp-image-6225"" />",<a href=https://npb.jp/bis/eng/teams/index_d.html>Chunichi Dragons</a>,15,5,8,2,0.385,3.5,27,43,-16,0.299,2-3(1),3-5(1),1-2(1),1-1,1-2,1-2,1-1(1),--
