#,,Team,G,W,L,T,PCT,GB,RS,RA,Diff,XPCT,Home,Road,vs F,vs H,vs B,vs L,vs E,vs M,Inter
,"<img src=""https://www.yakyucosmo.com/wp-content/uploads/2025/04/Fighters.jpg"" alt="""" width=""10"" height=""10"" class=""alignnone size-full wp-image-6217"" />",<a href=https://npb.jp/bis/eng/teams/index_f.html>Nipponham Fighters</a>,79,46,31,2,0.597,--,282,211,71,0.630,22-17,24-14(2),--,6-7,5-6(1),7-4,10-3(1),7-4,11-7
,"<img src=""https://www.yakyucosmo.com/wp-content/uploads/2025/04/Hawks.jpg"" alt="""" width=""10"" height=""10"" class=""alignnone size-full wp-image-6220"" /> ",<a href=https://npb.jp/bis/eng/teams/index_h.html>SoftBank Hawks</a>,78,44,31,3,0.587,1.0,286,218,68,0.622,22-17(2),22-14(1),7-6,--,6-2(2),8-7,4-7,7-4,12-5(1)
,"<img src=""https://www.yakyucosmo.com/wp-content/uploads/2025/04/Buffaloes.jpg"" alt="""" width=""10"" height=""10"" class=""alignnone size-full wp-image-6222"" />",<a href=https://npb.jp/bis/eng/teams/index_b.html>ORIX Buffaloes</a>,76,42,31,3,0.575,2.0,281,274,7,0.512,22-17(2),20-14(1),6-5(1),2-6(2),--,6-7,8-3,9-3,11-7
,"<img src=""https://www.yakyucosmo.com/wp-content/uploads/2025/04/Lions.jpg"" alt="""" width=""10"" height=""10"" class=""alignnone size-full wp-image-6219"" />",<a href=https://npb.jp/bis/eng/teams/index_l.html>Seibu Lions</a>,77,39,38,0,0.506,7.0,201,206,-5,0.489,23-18,16-20,4-7,7-8,7-6,--,5-5,6-4,10-8
,"<img src=""https://www.yakyucosmo.com/wp-content/uploads/2025/04/Eagles.jpg"" alt="""" width=""10"" height=""10"" class=""alignnone size-full wp-image-6218"" />",<a href=https://npb.jp/bis/eng/teams/index_e.html>Rakuten Eagles</a>,77,35,40,2,0.467,10.0,218,264,-46,0.413,17-18(1),18-22(1),3-10(1),7-4,3-8,5-5,--,8-5,9-8(1)
,"<img src=""https://www.yakyucosmo.com/wp-content/uploads/2025/04/Marines.jpg"" alt="""" width=""10"" height=""10"" class=""alignnone size-full wp-image-6240"" />",<a href=https://npb.jp/bis/eng/teams/index_m.html>Lotte Marines</a>,75,30,45,0,0.400,15.0,218,276,-58,0.394,16-17,14-28,4-7,4-7,3-9,4-6,5-8,--,10-8
