Rank,Player,Age,Pos,Inn,TZR,TZR/143,RngR,ARM,DPR,ErrR,Pos Adj,Framing,Blocking,Team,League
,<a href=https://npb.jp/bis/eng/players/53555153.html>Wakabayashi Gakuto</a>,27,7,27.0,-0.1,-4.8,-0.5,0.4,,0.0,-0.3,,,<a href=https://npb.jp/bis/eng/teams/index_g.html>Yomiuri</a>,CL
,<a href=https://npb.jp/bis/eng/players/21225133.html>Nishikawa Haruki</a>,33,7,2.2,-1.4,-667.3,-1.1,-0.4,,0.0,0.0,,,<a href=https://npb.jp/bis/eng/teams/index_s.html>Yakult</a>,CL
,<a href=https://npb.jp/bis/eng/players/21225133.html>Nishikawa Haruki</a>,33,8,8.0,-1.0,-160.9,-1.0,0.0,,0.0,0.0,,,<a href=https://npb.jp/bis/eng/teams/index_s.html>Yakult</a>,CL
,<a href=https://npb.jp/bis/eng/players/21225133.html>Nishikawa Haruki</a>,33,9,12.0,0.8,85.8,0.2,0.6,,0.0,0.0,,,<a href=https://npb.jp/bis/eng/teams/index_s.html>Yakult</a>,CL
,<a href=https://npb.jp/bis/eng/players/51555155.html>Kajiwara Kouki</a>,25,8,27.0,-0.7,-33.4,-1.0,0.3,,0.0,0.1,,,<a href=https://npb.jp/bis/eng/teams/index_db.html>DeNA</a>,CL
,<a href=https://npb.jp/bis/eng/players/81585151.html>Okabayashi Yuki</a>,23,8,25.0,-0.1,-5.1,0.1,-0.3,,0.0,0.1,,,<a href=https://npb.jp/bis/eng/teams/index_d.html>Chunichi</a>,CL
,<a href=https://npb.jp/bis/eng/players/91895153.html>Futamata Shoichi</a>,22,8,4.0,0.5,160.9,0.3,0.2,,0.0,0.0,,,<a href=https://npb.jp/bis/eng/teams/index_c.html>Hiroshima</a>,CL
,<a href=https://npb.jp/bis/eng/players/91895153.html>Futamata Shoichi</a>,22,9,23.0,0.7,39.2,0.7,0.0,,0.0,-0.1,,,<a href=https://npb.jp/bis/eng/teams/index_c.html>Hiroshima</a>,CL
,<a href=https://npb.jp/bis/eng/players/71075138.html>Chikamoto Koji</a>,30,8,26.0,-0.4,-19.8,-0.2,-0.1,,0.0,0.1,,,<a href=https://npb.jp/bis/eng/teams/index_t.html>Hanshin</a>,CL
,<a href=https://npb.jp/bis/eng/players/81685153.html>Hasegawa Shinya</a>,23,9,28.0,0.9,41.4,0.6,0.3,,0.0,-0.1,,,<a href=https://npb.jp/bis/eng/teams/index_l.html>Seibu</a>,PL
,<a href=https://npb.jp/bis/eng/players/73375157.html>Yazawa Kota</a>,24,7,12.1,2.1,219.7,1.5,0.6,,0.0,-0.1,,,<a href=https://npb.jp/bis/eng/teams/index_f.html>Nipponham</a>,PL
,<a href=https://npb.jp/bis/eng/players/73375157.html>Yazawa Kota</a>,24,8,7.2,-0.2,-33.4,-0.5,0.3,,0.0,0.0,,,<a href=https://npb.jp/bis/eng/teams/index_f.html>Nipponham</a>,PL
,<a href=https://npb.jp/bis/eng/players/51255138.html>Nakagawa Keita</a>,29,8,16.1,0.7,55.3,0.7,0.0,,0.0,0.1,,,<a href=https://npb.jp/bis/eng/teams/index_b.html>ORIX</a>,PL
,<a href=https://npb.jp/bis/eng/players/51255138.html>Nakagawa Keita</a>,29,9,11.2,-0.3,-33.0,-0.5,0.2,,0.0,0.0,,,<a href=https://npb.jp/bis/eng/teams/index_b.html>ORIX</a>,PL
,<a href=https://npb.jp/bis/eng/players/61965151.html>Kobukata Hiroto</a>,29,4,26.2,-1.4,-67.5,-1.4,,0.0,0.0,0.1,,,<a href=https://npb.jp/bis/eng/teams/index_e.html>Rakuten</a>,PL
,<a href=https://npb.jp/bis/eng/players/21925136.html>Shuto Ukyo</a>,29,8,28.0,-0.7,-32.2,-0.5,-0.2,,0.0,0.1,,,<a href=https://npb.jp/bis/eng/teams/index_h.html>SoftBank</a>,PL
,<a href=https://npb.jp/bis/eng/players/21625150.html>Nishikawa Misho</a>,22,7,14.0,1.3,119.5,0.3,1.0,,0.0,-0.1,,,<a href=https://npb.jp/bis/eng/teams/index_m.html>Lotte</a>,PL
,<a href=https://npb.jp/bis/eng/players/21625150.html>Nishikawa Misho</a>,22,9,8.0,-0.3,-48.3,-0.3,0.0,,0.0,0.0,,,<a href=https://npb.jp/bis/eng/teams/index_m.html>Lotte</a>,PL
,<a href=https://npb.jp/bis/eng/players/33335136.html>Wada Koshiro</a>,26,7,3.0,0.6,257.4,0.6,0.0,,0.0,0.0,,,<a href=https://npb.jp/bis/eng/teams/index_m.html>Lotte</a>,PL
,<a href=https://npb.jp/bis/eng/players/33335136.html>Wada Koshiro</a>,26,9,3.0,0.0,0.0,0.0,0.0,,0.0,0.0,,,<a href=https://npb.jp/bis/eng/teams/index_m.html>Lotte</a>,PL
,<a href=https://npb.jp/bis/eng/players/11815136.html>Masuda Shu</a>,26,3,1.0,0.2,257.4,0.1,,0.0,0.0,0.0,,,<a href=https://npb.jp/bis/eng/teams/index_s.html>Yakult</a>,CL
,<a href=https://npb.jp/bis/eng/players/11815138.html>Mannami Chusei</a>,25,9,28.0,0.1,4.6,0.3,-0.2,,0.0,-0.1,,,<a href=https://npb.jp/bis/eng/teams/index_f.html>Nipponham</a>,PL
,<a href=https://npb.jp/bis/eng/players/11515139.html>Oka Hiromi</a>,33,7,3.0,0.0,0.0,0.0,0.0,,0.0,0.0,,,<a href=https://npb.jp/bis/eng/teams/index_m.html>Lotte</a>,PL
,<a href=https://npb.jp/bis/eng/players/11515139.html>Oka Hiromi</a>,33,8,8.0,-0.3,-48.3,-0.3,0.0,,0.0,0.0,,,<a href=https://npb.jp/bis/eng/teams/index_m.html>Lotte</a>,PL
,<a href=https://npb.jp/bis/eng/players/11515139.html>Oka Hiromi</a>,33,9,2.0,0.0,0.0,0.0,0.0,,0.0,0.0,,,<a href=https://npb.jp/bis/eng/teams/index_m.html>Lotte</a>,PL
,<a href=https://npb.jp/bis/eng/players/51155153.html>Akahane Yoshihiro</a>,25,4,23.2,-1.1,-59.7,-1.2,,0.1,0.0,0.1,,,<a href=https://npb.jp/bis/eng/teams/index_s.html>Yakult</a>,CL
,<a href=https://npb.jp/bis/eng/players/51155153.html>Akahane Yoshihiro</a>,25,9,2.0,0.0,0.0,0.0,0.0,,0.0,0.0,,,<a href=https://npb.jp/bis/eng/teams/index_s.html>Yakult</a>,CL
,<a href=https://npb.jp/bis/eng/players/01505132.html>Okoye Louis</a>,27,7,1.0,0.0,0.0,0.0,0.0,,0.0,0.0,,,<a href=https://npb.jp/bis/eng/teams/index_g.html>Yomiuri</a>,CL
,<a href=https://npb.jp/bis/eng/players/01505132.html>Okoye Louis</a>,27,8,2.0,-0.3,-193.0,-0.3,0.0,,0.0,0.0,,,<a href=https://npb.jp/bis/eng/teams/index_g.html>Yomiuri</a>,CL
,<a href=https://npb.jp/bis/eng/players/21625135.html>Matsumoto Go</a>,31,7,2.0,0.0,0.0,0.0,0.0,,0.0,0.0,,,<a href=https://npb.jp/bis/eng/teams/index_f.html>Nipponham</a>,PL
,<a href=https://npb.jp/bis/eng/players/21625135.html>Matsumoto Go</a>,31,8,9.0,0.9,128.7,0.9,0.0,,0.0,0.0,,,<a href=https://npb.jp/bis/eng/teams/index_f.html>Nipponham</a>,PL
,<a href=https://npb.jp/bis/eng/players/01605136.html>Fukuda Shuhei</a>,32,7,1.1,0.0,0.0,0.0,0.0,,0.0,0.0,,,<a href=https://npb.jp/bis/eng/teams/index_b.html>ORIX</a>,PL
,<a href=https://npb.jp/bis/eng/players/01605136.html>Fukuda Shuhei</a>,32,8,7.2,-0.2,-33.4,-0.2,0.0,,0.0,0.0,,,<a href=https://npb.jp/bis/eng/teams/index_b.html>ORIX</a>,PL
,<a href=https://npb.jp/bis/eng/players/01605136.html>Fukuda Shuhei</a>,32,DH,1.0,,,,,,,0.0,,,<a href=https://npb.jp/bis/eng/teams/index_b.html>ORIX</a>,PL
,<a href=https://npb.jp/bis/eng/players/81385138.html>Ogoh Yuya</a>,28,9,26.2,0.0,0.0,0.0,0.0,,0.0,-0.1,,,<a href=https://npb.jp/bis/eng/teams/index_e.html>Rakuten</a>,PL
,<a href=https://npb.jp/bis/eng/players/11215151.html>Takabe Akito</a>,27,8,20.0,1.1,70.8,1.1,0.0,,0.0,0.1,,,<a href=https://npb.jp/bis/eng/teams/index_m.html>Lotte</a>,PL
,<a href=https://npb.jp/bis/eng/players/73575150.html>Cabbage Trey</a>,28,9,28.0,0.8,36.8,0.5,0.3,,0.0,-0.1,,,<a href=https://npb.jp/bis/eng/teams/index_g.html>Yomiuri</a>,CL
,<a href=https://npb.jp/bis/eng/players/51355155.html>Iwata Yukihiro</a>,27,8,17.2,-0.7,-50.9,-0.4,-0.3,,0.0,0.1,,,<a href=https://npb.jp/bis/eng/teams/index_s.html>Yakult</a>,CL
,<a href=https://npb.jp/bis/eng/players/13115153.html>Maki Shugo</a>,27,4,27.0,1.4,66.7,1.6,,-0.1,0.0,0.1,,,<a href=https://npb.jp/bis/eng/teams/index_db.html>DeNA</a>,CL
,<a href=https://npb.jp/bis/eng/players/93195132.html>Yamamoto Yasuhiro</a>,31,4,8.0,0.2,32.2,0.0,,0.2,0.0,0.0,,,<a href=https://npb.jp/bis/eng/teams/index_d.html>Chunichi</a>,CL
,<a href=https://npb.jp/bis/eng/players/93395153.html>Yano Masaya</a>,26,6,27.0,0.3,14.3,0.2,,-0.2,0.3,0.2,,,<a href=https://npb.jp/bis/eng/teams/index_c.html>Hiroshima</a>,CL
,<a href=https://npb.jp/bis/eng/players/41445153.html>Nakano Takumu</a>,29,4,26.0,0.3,14.8,0.6,,-0.3,0.0,0.1,,,<a href=https://npb.jp/bis/eng/teams/index_t.html>Hanshin</a>,CL
,<a href=https://npb.jp/bis/eng/players/51455136.html>Nishikawa Manaya</a>,26,8,28.0,1.6,73.5,1.0,0.6,,0.0,0.1,,,<a href=https://npb.jp/bis/eng/teams/index_l.html>Seibu</a>,PL
,<a href=https://npb.jp/bis/eng/players/41545136.html>Kiyomiya Kotaro</a>,26,5,28.0,-1.2,-55.2,-0.2,,0.1,-1.0,-0.1,,,<a href=https://npb.jp/bis/eng/teams/index_f.html>Nipponham</a>,PL
,<a href=https://npb.jp/bis/eng/players/11815130.html>Mune Yuma</a>,29,5,19.0,0.2,13.5,0.1,,0.0,0.1,-0.1,,,<a href=https://npb.jp/bis/eng/teams/index_b.html>ORIX</a>,PL
,<a href=https://npb.jp/bis/eng/players/53155150.html>Muneyama Rui</a>,22,6,26.2,-0.4,-19.3,0.0,,0.0,-0.5,0.2,,,<a href=https://npb.jp/bis/eng/teams/index_e.html>Rakuten</a>,PL
,<a href=https://npb.jp/bis/eng/players/41745135.html>Kondoh Kensuke</a>,31,9,19.0,0.1,6.8,0.5,-0.4,,0.0,-0.1,,,<a href=https://npb.jp/bis/eng/teams/index_h.html>SoftBank</a>,PL
,<a href=https://npb.jp/bis/eng/players/41745135.html>Kondoh Kensuke</a>,31,DH,9.0,,,,,,,-0.1,,,<a href=https://npb.jp/bis/eng/teams/index_h.html>SoftBank</a>,PL
,<a href=https://npb.jp/bis/eng/players/41645136.html>Fujioka Yudai</a>,31,4,27.0,-1.5,-71.5,-1.2,,-0.3,0.0,0.1,,,<a href=https://npb.jp/bis/eng/teams/index_m.html>Lotte</a>,PL
,<a href=https://npb.jp/bis/eng/players/71275157.html>Tomosugi Atsuki</a>,24,6,13.0,0.1,9.9,0.1,,-0.1,0.1,0.1,,,<a href=https://npb.jp/bis/eng/teams/index_m.html>Lotte</a>,PL
,<a href=https://npb.jp/bis/eng/players/03105157.html>Muramatsu Kaito</a>,24,6,25.0,0.3,15.4,0.7,,0.2,-0.6,0.2,,,<a href=https://npb.jp/bis/eng/teams/index_d.html>Chunichi</a>,CL
,<a href=https://npb.jp/bis/eng/players/81885136.html>Yasuda Hisanori</a>,26,3,3.0,0.2,85.8,0.1,,0.0,0.0,0.0,,,<a href=https://npb.jp/bis/eng/teams/index_m.html>Lotte</a>,PL
,<a href=https://npb.jp/bis/eng/players/81785133.html>Gotoh Shunta</a>,32,9,9.0,0.4,57.2,0.4,0.0,,0.0,0.0,,,<a href=https://npb.jp/bis/eng/teams/index_d.html>Chunichi</a>,CL
,<a href=https://npb.jp/bis/eng/players/21625157.html>Higuchi Seishu</a>,26,4,1.0,0.0,0.0,0.0,,0.0,0.0,0.0,,,<a href=https://npb.jp/bis/eng/teams/index_d.html>Chunichi</a>,CL
,<a href=https://npb.jp/bis/eng/players/91395138.html>Ohta Ryo</a>,24,3,4.0,-1.1,-353.9,-1.1,,0.0,0.0,0.0,,,<a href=https://npb.jp/bis/eng/teams/index_b.html>ORIX</a>,PL
,<a href=https://npb.jp/bis/eng/players/91395138.html>Ohta Ryo</a>,24,4,24.0,0.3,16.1,0.2,,0.1,0.0,0.1,,,<a href=https://npb.jp/bis/eng/teams/index_b.html>ORIX</a>,PL
,<a href=https://npb.jp/bis/eng/players/73375134.html>Yoshikawa Naoki</a>,30,4,28.0,1.6,73.5,1.4,,0.2,0.0,0.1,,,<a href=https://npb.jp/bis/eng/teams/index_g.html>Yomiuri</a>,CL
,<a href=https://npb.jp/bis/eng/players/51455151.html>Nagaoka Hideki</a>,23,6,25.2,-1.1,-55.1,-1.2,,-0.1,0.2,0.2,,,<a href=https://npb.jp/bis/eng/teams/index_s.html>Yakult</a>,CL
,<a href=https://npb.jp/bis/eng/players/41945131.html>Tsutsugoh Yoshitomo</a>,33,7,25.0,0.5,25.7,0.4,0.1,,0.0,-0.2,,,<a href=https://npb.jp/bis/eng/teams/index_db.html>DeNA</a>,CL
,<a href=https://npb.jp/bis/eng/players/93795157.html>Calixte Orlando</a>,33,3,17.0,-0.3,-22.7,-0.3,,0.0,0.1,-0.2,,,<a href=https://npb.jp/bis/eng/teams/index_d.html>Chunichi</a>,CL
,<a href=https://npb.jp/bis/eng/players/93795157.html>Calixte Orlando</a>,33,7,8.0,-1.0,-160.9,-1.0,0.0,,0.0,-0.1,,,<a href=https://npb.jp/bis/eng/teams/index_d.html>Chunichi</a>,CL
,<a href=https://npb.jp/bis/eng/players/71575136.html>Kamizato Kazuki</a>,31,7,2.0,0.0,0.0,0.0,0.0,,0.0,0.0,,,<a href=https://npb.jp/bis/eng/teams/index_db.html>DeNA</a>,CL
,<a href=https://npb.jp/bis/eng/players/01705138.html>Kozono Kaito</a>,25,5,27.0,-0.2,-9.5,-0.5,,0.2,0.1,-0.1,,,<a href=https://npb.jp/bis/eng/teams/index_c.html>Hiroshima</a>,CL
,<a href=https://npb.jp/bis/eng/players/41045153.html>Sato Teruaki</a>,26,5,26.0,-0.6,-29.7,-0.7,,-0.1,0.2,-0.1,,,<a href=https://npb.jp/bis/eng/teams/index_t.html>Hanshin</a>,CL
,<a href=https://npb.jp/bis/eng/players/53755150.html>Nevin Tyler</a>,28,3,28.0,1.5,68.9,1.1,,0.2,0.2,-0.3,,,<a href=https://npb.jp/bis/eng/teams/index_l.html>Seibu</a>,PL
,<a href=https://npb.jp/bis/eng/players/73075159.html>Reyes Franmil</a>,29,DH,26.0,,,,,,,-0.3,,,<a href=https://npb.jp/bis/eng/teams/index_f.html>Nipponham</a>,PL
,<a href=https://npb.jp/bis/eng/players/91995151.html>Kurebayashi Kotaro</a>,23,6,28.0,0.5,23.0,0.0,,0.3,0.1,0.2,,,<a href=https://npb.jp/bis/eng/teams/index_b.html>ORIX</a>,PL
,<a href=https://npb.jp/bis/eng/players/31835133.html>Yanagita Yuki</a>,36,7,9.0,-0.1,-14.3,0.0,0.0,,0.0,-0.1,,,<a href=https://npb.jp/bis/eng/teams/index_h.html>SoftBank</a>,PL
,<a href=https://npb.jp/bis/eng/players/31835133.html>Yanagita Yuki</a>,36,DH,19.0,,,,,,,-0.2,,,<a href=https://npb.jp/bis/eng/teams/index_h.html>SoftBank</a>,PL
,<a href=https://npb.jp/bis/eng/players/31635138.html>Fujiwara Kyota</a>,25,9,15.0,-1.5,-128.7,-1.1,-0.3,,0.0,-0.1,,,<a href=https://npb.jp/bis/eng/teams/index_m.html>Lotte</a>,PL
,<a href=https://npb.jp/bis/eng/players/91395139.html>Uebayashi Seiji</a>,29,7,16.0,1.5,120.7,1.5,0.0,,0.0,-0.2,,,<a href=https://npb.jp/bis/eng/teams/index_d.html>Chunichi</a>,CL
,<a href=https://npb.jp/bis/eng/players/91395139.html>Uebayashi Seiji</a>,29,9,1.0,0.0,0.0,0.0,0.0,,0.0,0.0,,,<a href=https://npb.jp/bis/eng/teams/index_d.html>Chunichi</a>,CL
,<a href=https://npb.jp/bis/eng/players/53755153.html>Santana Domingo</a>,32,7,21.0,-3.1,-190.0,-3.0,-0.1,,0.0,-0.2,,,<a href=https://npb.jp/bis/eng/teams/index_s.html>Yakult</a>,CL
,<a href=https://npb.jp/bis/eng/players/91995134.html>Sano Keita</a>,30,3,9.0,0.2,28.6,0.1,,0.0,0.0,-0.1,,,<a href=https://npb.jp/bis/eng/teams/index_db.html>DeNA</a>,CL
,<a href=https://npb.jp/bis/eng/players/31435157.html>Narama Taiki</a>,25,DH,2.0,,,,,,,0.0,,,<a href=https://npb.jp/bis/eng/teams/index_f.html>Nipponham</a>,PL
,<a href=https://npb.jp/bis/eng/players/71475132.html>Nishikawa Ryoma</a>,30,7,26.2,0.8,38.6,0.8,0.0,,0.0,-0.3,,,<a href=https://npb.jp/bis/eng/teams/index_b.html>ORIX</a>,PL
,<a href=https://npb.jp/bis/eng/players/81985135.html>Suzuki Daichi</a>,35,3,1.0,0.0,0.0,0.0,,0.0,0.0,0.0,,,<a href=https://npb.jp/bis/eng/teams/index_e.html>Rakuten</a>,PL
,<a href=https://npb.jp/bis/eng/players/81985135.html>Suzuki Daichi</a>,35,5,8.0,-0.1,-16.1,-0.3,,0.0,0.1,0.0,,,<a href=https://npb.jp/bis/eng/teams/index_e.html>Rakuten</a>,PL
,<a href=https://npb.jp/bis/eng/players/21625132.html>Hirooka Taishi</a>,28,8,4.0,-1.2,-386.1,-1.3,0.1,,0.0,0.0,,,<a href=https://npb.jp/bis/eng/teams/index_b.html>ORIX</a>,PL
,<a href=https://npb.jp/bis/eng/players/21625132.html>Hirooka Taishi</a>,28,9,0.1,0.0,0.0,0.0,0.0,,0.0,0.0,,,<a href=https://npb.jp/bis/eng/teams/index_b.html>ORIX</a>,PL
,<a href=https://npb.jp/bis/eng/players/41145138.html>Itoh Yukiya</a>,28,5,1.0,0.0,0.0,0.0,,0.0,0.0,0.0,,,<a href=https://npb.jp/bis/eng/teams/index_e.html>Rakuten</a>,PL
,<a href=https://npb.jp/bis/eng/players/41145138.html>Itoh Yukiya</a>,28,DH,8.2,,,,,,,-0.1,,,<a href=https://npb.jp/bis/eng/teams/index_e.html>Rakuten</a>,PL
,<a href=https://npb.jp/bis/eng/players/11515130.html>Okamoto Kazuma</a>,29,3,26.0,-0.2,-9.9,0.4,,0.0,-0.6,-0.3,,,<a href=https://npb.jp/bis/eng/teams/index_g.html>Yomiuri</a>,CL
,<a href=https://npb.jp/bis/eng/players/73375151.html>Austin Tyler</a>,33,3,17.0,-0.1,-7.6,-0.2,,0.0,0.1,-0.2,,,<a href=https://npb.jp/bis/eng/teams/index_db.html>DeNA</a>,CL
,<a href=https://npb.jp/bis/eng/players/91195151.html>Ishikawa Takaya</a>,24,5,25.0,0.4,20.6,0.2,,0.0,0.2,-0.1,,,<a href=https://npb.jp/bis/eng/teams/index_d.html>Chunichi</a>,CL
,<a href=https://npb.jp/bis/eng/players/41945132.html>Shibata Tatsuhiro</a>,31,5,1.0,0.0,0.0,0.0,,0.0,0.0,0.0,,,<a href=https://npb.jp/bis/eng/teams/index_db.html>DeNA</a>,CL
,<a href=https://npb.jp/bis/eng/players/53955150.html>Montero Elehuris</a>,26,3,25.0,0.2,10.3,0.1,,0.0,0.1,-0.3,,,<a href=https://npb.jp/bis/eng/teams/index_c.html>Hiroshima</a>,CL
,<a href=https://npb.jp/bis/eng/players/43145157.html>Morishita Shota</a>,24,9,26.0,0.5,24.8,0.6,-0.1,,0.0,-0.1,,,<a href=https://npb.jp/bis/eng/teams/index_t.html>Hanshin</a>,CL
,<a href=https://npb.jp/bis/eng/players/13915157.html>Cedeno Leandro</a>,26,DH,18.0,,,,,,,-0.2,,,<a href=https://npb.jp/bis/eng/teams/index_l.html>Seibu</a>,PL
,<a href=https://npb.jp/bis/eng/players/31435138.html>Nomura Yuki</a>,25,3,22.0,-0.4,-23.4,-0.5,,0.0,0.1,-0.2,,,<a href=https://npb.jp/bis/eng/teams/index_f.html>Nipponham</a>,PL
,<a href=https://npb.jp/bis/eng/players/31435138.html>Nomura Yuki</a>,25,7,6.0,-0.2,-42.9,-0.2,0.0,,0.0,-0.1,,,<a href=https://npb.jp/bis/eng/teams/index_f.html>Nipponham</a>,PL
,<a href=https://npb.jp/bis/eng/players/61965132.html>Sugimoto Yutaro</a>,34,9,16.0,-0.4,-32.2,0.2,-0.5,,0.0,-0.1,,,<a href=https://npb.jp/bis/eng/teams/index_b.html>ORIX</a>,PL
,<a href=https://npb.jp/bis/eng/players/61965132.html>Sugimoto Yutaro</a>,34,DH,9.0,,,,,,,-0.1,,,<a href=https://npb.jp/bis/eng/teams/index_b.html>ORIX</a>,PL
,<a href=https://npb.jp/bis/eng/players/11015138.html>Tatsumi Ryosuke</a>,28,8,26.2,0.5,24.1,0.4,0.1,,0.0,0.1,,,<a href=https://npb.jp/bis/eng/teams/index_e.html>Rakuten</a>,PL
,<a href=https://npb.jp/bis/eng/players/21425139.html>Yamakawa Hotaka</a>,33,3,28.0,1.3,59.8,1.1,,-0.1,0.3,-0.3,,,<a href=https://npb.jp/bis/eng/teams/index_h.html>SoftBank</a>,PL
,<a href=https://npb.jp/bis/eng/players/63065155.html>Polanco Gregory</a>,33,7,8.0,0.5,80.4,0.9,-0.4,,0.0,-0.1,,,<a href=https://npb.jp/bis/eng/teams/index_m.html>Lotte</a>,PL
,<a href=https://npb.jp/bis/eng/players/63065155.html>Polanco Gregory</a>,33,DH,18.0,,,,,,,-0.2,,,<a href=https://npb.jp/bis/eng/teams/index_m.html>Lotte</a>,PL
,<a href=https://npb.jp/bis/eng/players/71275151.html>Takeoka Ryusei</a>,24,4,2.0,0.3,193.0,0.3,,0.0,0.0,0.0,,,<a href=https://npb.jp/bis/eng/teams/index_s.html>Yakult</a>,CL
,<a href=https://npb.jp/bis/eng/players/81085115.html>Nakamura Takeya</a>,41,DH,8.0,,,,,,,-0.1,,,<a href=https://npb.jp/bis/eng/teams/index_l.html>Seibu</a>,PL
,<a href=https://npb.jp/bis/eng/players/33335153.html>Motoyama Hiyu</a>,26,4,8.0,0.2,32.2,0.2,,0.0,0.0,0.0,,,<a href=https://npb.jp/bis/eng/teams/index_l.html>Seibu</a>,PL
,<a href=https://npb.jp/bis/eng/players/33335153.html>Motoyama Hiyu</a>,26,6,1.0,0.0,0.0,0.0,,0.0,0.0,0.0,,,<a href=https://npb.jp/bis/eng/teams/index_l.html>Seibu</a>,PL
,<a href=https://npb.jp/bis/eng/players/33335153.html>Motoyama Hiyu</a>,26,DH,2.0,,,,,,,0.0,,,<a href=https://npb.jp/bis/eng/teams/index_l.html>Seibu</a>,PL
,<a href=https://npb.jp/bis/eng/players/03505136.html>Soto Neftali</a>,36,3,16.0,-0.5,-40.2,-0.5,,0.0,0.1,-0.2,,,<a href=https://npb.jp/bis/eng/teams/index_m.html>Lotte</a>,PL
,<a href=https://npb.jp/bis/eng/players/03505136.html>Soto Neftali</a>,36,DH,10.0,,,,,,,-0.1,,,<a href=https://npb.jp/bis/eng/teams/index_m.html>Lotte</a>,PL
,<a href=https://npb.jp/bis/eng/players/23525153.html>Osuna Jose</a>,32,3,24.2,-0.5,-26.1,0.1,,0.0,-0.6,-0.3,,,<a href=https://npb.jp/bis/eng/teams/index_s.html>Yakult</a>,CL
,<a href=https://npb.jp/bis/eng/players/61965131.html>Dohbayashi Shota</a>,33,3,2.0,0.0,0.0,0.0,,0.0,0.0,0.0,,,<a href=https://npb.jp/bis/eng/teams/index_c.html>Hiroshima</a>,CL
,<a href=https://npb.jp/bis/eng/players/33235159.html>Hernandez Elier</a>,30,8,26.0,-0.4,-19.8,-0.2,-0.3,,0.0,0.1,,,<a href=https://npb.jp/bis/eng/teams/index_g.html>Yomiuri</a>,CL
,<a href=https://npb.jp/bis/eng/players/51455137.html>Miyazaki Toshiro</a>,36,5,26.0,0.5,24.8,0.3,,-0.1,0.3,-0.1,,,<a href=https://npb.jp/bis/eng/teams/index_db.html>DeNA</a>,CL
,<a href=https://npb.jp/bis/eng/players/31835134.html>Hosokawa Seiya</a>,26,9,15.0,-0.1,-8.6,0.3,-0.4,,0.0,-0.1,,,<a href=https://npb.jp/bis/eng/teams/index_d.html>Chunichi</a>,CL
,<a href=https://npb.jp/bis/eng/players/81585134.html>Kyoda Yota</a>,31,3,1.0,0.0,0.0,0.0,,0.0,0.0,0.0,,,<a href=https://npb.jp/bis/eng/teams/index_db.html>DeNA</a>,CL
,<a href=https://npb.jp/bis/eng/players/31135133.html>Akiyama Shogo</a>,37,8,22.0,0.1,5.9,0.3,-0.3,,0.0,0.1,,,<a href=https://npb.jp/bis/eng/teams/index_c.html>Hiroshima</a>,CL
,<a href=https://npb.jp/bis/eng/players/21325134.html>Ohyama Yusuke</a>,30,3,26.0,-0.2,-9.9,-0.3,,0.0,0.1,-0.3,,,<a href=https://npb.jp/bis/eng/teams/index_t.html>Hanshin</a>,CL
,<a href=https://npb.jp/bis/eng/players/83385150.html>Watanabe Seiya</a>,22,7,28.0,0.4,18.4,0.7,-0.4,,0.0,-0.3,,,<a href=https://npb.jp/bis/eng/teams/index_l.html>Seibu</a>,PL
,<a href=https://npb.jp/bis/eng/players/51055138.html>Tamiya Yua</a>,25,2,18.0,-0.1,-7.2,,0.1,,-0.2,0.3,-0.5,0.0,<a href=https://npb.jp/bis/eng/teams/index_f.html>Nipponham</a>,PL
,<a href=https://npb.jp/bis/eng/players/51155118.html>Asamura Hideto</a>,34,3,21.2,0.0,0.0,0.0,,0.0,0.0,-0.2,,,<a href=https://npb.jp/bis/eng/teams/index_e.html>Rakuten</a>,PL
,<a href=https://npb.jp/bis/eng/players/81885155.html>Masaki Tomoya</a>,25,7,19.0,0.8,54.2,0.8,0.0,,0.0,-0.2,,,<a href=https://npb.jp/bis/eng/teams/index_h.html>SoftBank</a>,PL
,<a href=https://npb.jp/bis/eng/players/81885155.html>Masaki Tomoya</a>,25,9,9.0,0.6,85.8,0.4,0.1,,0.0,0.0,,,<a href=https://npb.jp/bis/eng/teams/index_h.html>SoftBank</a>,PL
,<a href=https://npb.jp/bis/eng/players/71075151.html>Satoh Toshiya</a>,27,2,19.0,-0.3,-20.3,,-0.3,,0.0,0.3,0.6,0.0,<a href=https://npb.jp/bis/eng/teams/index_m.html>Lotte</a>,PL
,<a href=https://npb.jp/bis/eng/players/71075151.html>Satoh Toshiya</a>,27,3,9.0,-0.5,-71.5,-0.5,,0.0,0.0,-0.1,,,<a href=https://npb.jp/bis/eng/teams/index_m.html>Lotte</a>,PL
,<a href=https://npb.jp/bis/eng/players/41545130.html>Katoh Takuma</a>,33,2,2.0,0.0,0.0,,0.0,,0.0,0.0,-0.2,0.0,<a href=https://npb.jp/bis/eng/teams/index_d.html>Chunichi</a>,CL
,<a href=https://npb.jp/bis/eng/players/21925151.html>Gunji Yuya</a>,27,2,9.0,-0.1,-14.3,,-0.2,,0.0,0.1,0.3,0.0,<a href=https://npb.jp/bis/eng/teams/index_f.html>Nipponham</a>,PL
,<a href=https://npb.jp/bis/eng/players/61065137.html>Fushimi Torai</a>,35,2,1.0,0.0,0.0,,0.0,,0.0,0.0,0.1,0.0,<a href=https://npb.jp/bis/eng/teams/index_f.html>Nipponham</a>,PL
,<a href=https://npb.jp/bis/eng/players/61165132.html>Abe Toshiki</a>,35,5,1.0,0.0,0.0,0.0,,0.0,0.0,0.0,,,<a href=https://npb.jp/bis/eng/teams/index_e.html>Rakuten</a>,PL
,<a href=https://npb.jp/bis/eng/players/61165132.html>Abe Toshiki</a>,35,7,8.0,-0.8,-128.7,-0.3,-0.4,,0.0,-0.1,,,<a href=https://npb.jp/bis/eng/teams/index_e.html>Rakuten</a>,PL
,<a href=https://npb.jp/bis/eng/players/61165132.html>Abe Toshiki</a>,35,DH,10.0,,,,,,,-0.1,,,<a href=https://npb.jp/bis/eng/teams/index_e.html>Rakuten</a>,PL
,<a href=https://npb.jp/bis/eng/players/91395132.html>Itayama Yutaro</a>,31,4,16.0,0.2,16.1,0.3,,-0.1,0.0,0.0,,,<a href=https://npb.jp/bis/eng/teams/index_d.html>Chunichi</a>,CL
,<a href=https://npb.jp/bis/eng/players/61265155.html>Tamura Shunsuke</a>,21,7,1.0,0.0,0.0,0.0,0.0,,0.0,0.0,,,<a href=https://npb.jp/bis/eng/teams/index_c.html>Hiroshima</a>,CL
,<a href=https://npb.jp/bis/eng/players/61265155.html>Tamura Shunsuke</a>,21,9,4.0,-0.4,-128.7,-0.3,-0.1,,0.0,0.0,,,<a href=https://npb.jp/bis/eng/teams/index_c.html>Hiroshima</a>,CL
,<a href=https://npb.jp/bis/eng/players/51955114.html>Sakamoto Hayato</a>,36,5,18.0,0.1,7.2,-0.1,,0.0,0.2,-0.1,,,<a href=https://npb.jp/bis/eng/teams/index_g.html>Yomiuri</a>,CL
,<a href=https://npb.jp/bis/eng/players/51555151.html>Ebina Tatsuo</a>,27,9,27.0,-0.3,-14.3,-0.6,0.3,,0.0,-0.1,,,<a href=https://npb.jp/bis/eng/teams/index_db.html>DeNA</a>,CL
,<a href=https://npb.jp/bis/eng/players/61065116.html>Nakata Sho</a>,36,3,8.0,0.0,0.0,0.0,,0.0,0.0,-0.1,,,<a href=https://npb.jp/bis/eng/teams/index_d.html>Chunichi</a>,CL
,<a href=https://npb.jp/bis/eng/players/43745150.html>Fabian Sandro</a>,27,7,26.0,0.7,34.6,0.7,0.0,,0.0,-0.2,,,<a href=https://npb.jp/bis/eng/teams/index_c.html>Hiroshima</a>,CL
,<a href=https://npb.jp/bis/eng/players/21825155.html>Maegawa Ukyo</a>,22,7,24.0,-1.6,-85.8,-0.9,-0.7,,0.0,-0.2,,,<a href=https://npb.jp/bis/eng/teams/index_t.html>Hanshin</a>,CL
,<a href=https://npb.jp/bis/eng/players/41245130.html>Tonosaki Shuta</a>,32,5,28.0,-1.1,-50.6,-0.6,,0.0,-0.5,-0.1,,,<a href=https://npb.jp/bis/eng/teams/index_l.html>Seibu</a>,PL
,<a href=https://npb.jp/bis/eng/players/41845132.html>Murabayashi Itsuki</a>,27,5,8.0,0.5,80.4,0.4,,0.0,0.1,0.0,,,<a href=https://npb.jp/bis/eng/teams/index_e.html>Rakuten</a>,PL
,<a href=https://npb.jp/bis/eng/players/01805151.html>Mutoh Atsuki</a>,24,7,4.2,0.7,191.7,0.3,0.4,,0.0,0.0,,,<a href=https://npb.jp/bis/eng/teams/index_e.html>Rakuten</a>,PL
,<a href=https://npb.jp/bis/eng/players/31335131.html>Imamiya Kenta</a>,33,6,27.0,-0.7,-33.4,-0.6,,-0.2,0.2,0.2,,,<a href=https://npb.jp/bis/eng/teams/index_h.html>SoftBank</a>,PL
,<a href=https://npb.jp/bis/eng/players/11715132.html>Kawase Hikaru</a>,27,6,1.0,0.0,0.0,0.0,,0.0,0.0,0.0,,,<a href=https://npb.jp/bis/eng/teams/index_h.html>SoftBank</a>,PL
,<a href=https://npb.jp/bis/eng/players/51655153.html>Nakayama Raito</a>,23,3,2.0,0.0,0.0,0.0,,0.0,0.0,0.0,,,<a href=https://npb.jp/bis/eng/teams/index_g.html>Yomiuri</a>,CL
,<a href=https://npb.jp/bis/eng/players/51655153.html>Nakayama Raito</a>,23,5,7.0,0.5,91.9,0.4,,0.0,0.1,0.0,,,<a href=https://npb.jp/bis/eng/teams/index_g.html>Yomiuri</a>,CL
,<a href=https://npb.jp/bis/eng/players/73975136.html>Martinez Ariel</a>,29,3,6.0,0.3,64.4,0.3,,0.0,0.1,-0.1,,,<a href=https://npb.jp/bis/eng/teams/index_f.html>Nipponham</a>,PL
,<a href=https://npb.jp/bis/eng/players/11315153.html>Isobata Ryota</a>,26,8,11.1,0.9,102.5,0.9,0.0,,0.0,0.0,,,<a href=https://npb.jp/bis/eng/teams/index_f.html>Nipponham</a>,PL
,<a href=https://npb.jp/bis/eng/players/91495138.html>Hamada Taiki</a>,24,7,2.0,0.0,0.0,0.0,0.0,,0.0,0.0,,,<a href=https://npb.jp/bis/eng/teams/index_s.html>Yakult</a>,CL
,<a href=https://npb.jp/bis/eng/players/91495138.html>Hamada Taiki</a>,24,9,9.0,-1.5,-214.5,-1.5,0.0,,0.0,0.0,,,<a href=https://npb.jp/bis/eng/teams/index_s.html>Yakult</a>,CL
,<a href=https://npb.jp/bis/eng/players/21825157.html>Matsuo Shion</a>,20,2,8.0,0.0,0.0,,0.0,,0.0,0.1,-0.2,0.0,<a href=https://npb.jp/bis/eng/teams/index_db.html>DeNA</a>,CL
,<a href=https://npb.jp/bis/eng/players/23125136.html>Yamamoto Yuudai</a>,26,2,18.0,0.3,21.4,,0.3,,0.0,0.3,-0.2,0.0,<a href=https://npb.jp/bis/eng/teams/index_db.html>DeNA</a>,CL
,<a href=https://npb.jp/bis/eng/players/21125134.html>Ishii Kazunari</a>,31,4,9.0,-0.2,-28.6,-0.2,,0.0,0.0,0.0,,,<a href=https://npb.jp/bis/eng/teams/index_f.html>Nipponham</a>,PL
,<a href=https://npb.jp/bis/eng/players/81085138.html>Tongu Yuma</a>,28,3,24.0,0.1,5.4,0.0,,0.0,0.1,-0.3,,,<a href=https://npb.jp/bis/eng/teams/index_b.html>ORIX</a>,PL
,<a href=https://npb.jp/bis/eng/players/11515132.html>Ohshiro Koji</a>,32,4,4.0,-0.3,-96.5,-0.3,,0.0,0.0,0.0,,,<a href=https://npb.jp/bis/eng/teams/index_b.html>ORIX</a>,PL
,<a href=https://npb.jp/bis/eng/players/91595133.html>Kai Takuya</a>,32,2,25.0,0.1,5.1,,0.0,,0.1,0.4,0.6,0.2,<a href=https://npb.jp/bis/eng/teams/index_g.html>Yomiuri</a>,CL
,<a href=https://npb.jp/bis/eng/players/61865132.html>Mogi Eigoro</a>,31,5,24.2,1.2,62.5,0.7,,0.2,0.3,-0.1,,,<a href=https://npb.jp/bis/eng/teams/index_s.html>Yakult</a>,CL
,<a href=https://npb.jp/bis/eng/players/61565135.html>Kikuchi Ryosuke</a>,35,4,27.0,-0.1,-4.8,-0.2,,0.1,0.0,0.1,,,<a href=https://npb.jp/bis/eng/teams/index_c.html>Hiroshima</a>,CL
,<a href=https://npb.jp/bis/eng/players/11915132.html>Sakamoto Seishiro</a>,31,2,18.0,0.0,0.0,,0.0,,0.0,0.3,0.3,0.0,<a href=https://npb.jp/bis/eng/teams/index_t.html>Hanshin</a>,CL
,<a href=https://npb.jp/bis/eng/players/71775134.html>Genda Sosuke</a>,32,6,27.0,1.0,47.7,0.7,,0.1,0.3,0.2,,,<a href=https://npb.jp/bis/eng/teams/index_l.html>Seibu</a>,PL
,<a href=https://npb.jp/bis/eng/players/01505155.html>Kamikawabata Daigo</a>,28,4,19.0,-0.8,-54.2,-1.0,,0.1,0.0,0.1,,,<a href=https://npb.jp/bis/eng/teams/index_f.html>Nipponham</a>,PL
,<a href=https://npb.jp/bis/eng/players/01505155.html>Kamikawabata Daigo</a>,28,6,9.0,-0.3,-42.9,-0.3,,0.0,0.0,0.1,,,<a href=https://npb.jp/bis/eng/teams/index_f.html>Nipponham</a>,PL
,<a href=https://npb.jp/bis/eng/players/43945150.html>Olivares Edward</a>,29,DH,18.0,,,,,,,-0.2,,,<a href=https://npb.jp/bis/eng/teams/index_b.html>ORIX</a>,PL
,<a href=https://npb.jp/bis/eng/players/43245159.html>Downs Jeter</a>,26,4,18.0,0.6,42.9,0.6,,0.0,0.0,0.0,,,<a href=https://npb.jp/bis/eng/teams/index_h.html>SoftBank</a>,PL
,<a href=https://npb.jp/bis/eng/players/43245159.html>Downs Jeter</a>,26,5,1.0,-0.3,-386.1,-0.3,,0.0,0.0,0.0,,,<a href=https://npb.jp/bis/eng/teams/index_h.html>SoftBank</a>,PL
,<a href=https://npb.jp/bis/eng/players/93195138.html>Watanabe Riku</a>,24,2,1.0,0.0,0.0,,0.0,,0.0,0.0,0.0,0.0,<a href=https://npb.jp/bis/eng/teams/index_h.html>SoftBank</a>,PL
,<a href=https://npb.jp/bis/eng/players/43145136.html>Yuasa Dai</a>,25,5,3.0,0.5,214.5,0.4,,0.0,0.1,0.0,,,<a href=https://npb.jp/bis/eng/teams/index_g.html>Yomiuri</a>,CL
,<a href=https://npb.jp/bis/eng/players/81185159.html>Itoh Ryui</a>,22,5,1.0,0.0,0.0,0.0,,0.0,0.0,0.0,,,<a href=https://npb.jp/bis/eng/teams/index_s.html>Yakult</a>,CL
,<a href=https://npb.jp/bis/eng/players/91695157.html>Hayashi Takuma</a>,24,6,1.0,-0.1,-128.7,0.0,,-0.1,0.0,0.0,,,<a href=https://npb.jp/bis/eng/teams/index_db.html>DeNA</a>,CL
,<a href=https://npb.jp/bis/eng/players/73175138.html>Watanabe Yoshiaki</a>,28,3,4.0,0.0,0.0,0.0,,0.0,0.0,0.0,,,<a href=https://npb.jp/bis/eng/teams/index_e.html>Rakuten</a>,PL
,<a href=https://npb.jp/bis/eng/players/73175138.html>Watanabe Yoshiaki</a>,28,5,0.2,-0.5,-919.3,-0.5,,0.0,0.0,0.0,,,<a href=https://npb.jp/bis/eng/teams/index_e.html>Rakuten</a>,PL
,<a href=https://npb.jp/bis/eng/players/73175138.html>Watanabe Yoshiaki</a>,28,7,5.0,0.3,77.2,0.3,0.0,,0.0,0.0,,,<a href=https://npb.jp/bis/eng/teams/index_e.html>Rakuten</a>,PL
,<a href=https://npb.jp/bis/eng/players/51455130.html>Nakamura Shogo</a>,33,5,13.0,0.7,69.3,0.6,,0.0,0.1,0.0,,,<a href=https://npb.jp/bis/eng/teams/index_m.html>Lotte</a>,PL
,<a href=https://npb.jp/bis/eng/players/21325139.html>Umeno Ryutaro</a>,34,2,8.0,0.0,0.0,,0.0,,0.0,0.1,0.3,0.0,<a href=https://npb.jp/bis/eng/teams/index_t.html>Hanshin</a>,CL
,<a href=https://npb.jp/bis/eng/players/13515157.html>Yoshida Kengo</a>,24,7,5.0,0.0,0.0,0.0,0.0,,0.0,0.0,,,<a href=https://npb.jp/bis/eng/teams/index_f.html>Nipponham</a>,PL
,<a href=https://npb.jp/bis/eng/players/21325153.html>Imagawa Yuma</a>,28,7,2.2,-0.6,-286.0,-0.6,0.0,,0.0,0.0,,,<a href=https://npb.jp/bis/eng/teams/index_f.html>Nipponham</a>,PL
,<a href=https://npb.jp/bis/eng/players/61465133.html>Makihara Taisei</a>,32,4,10.0,0.0,0.0,-0.1,,0.1,0.0,0.0,,,<a href=https://npb.jp/bis/eng/teams/index_h.html>SoftBank</a>,PL
,<a href=https://npb.jp/bis/eng/players/11515157.html>Kadowaki Makoto</a>,24,6,27.0,0.5,23.8,0.1,,0.3,0.1,0.2,,,<a href=https://npb.jp/bis/eng/teams/index_g.html>Yomiuri</a>,CL
,<a href=https://npb.jp/bis/eng/players/51255118.html>Nakamura Yuhei</a>,35,2,12.2,-0.1,-10.1,,-0.1,,0.0,0.2,-0.8,-0.1,<a href=https://npb.jp/bis/eng/teams/index_s.html>Yakult</a>,CL
,<a href=https://npb.jp/bis/eng/players/33135151.html>Mori Keito</a>,23,6,26.0,-0.8,-39.6,-0.9,,0.0,0.0,0.2,,,<a href=https://npb.jp/bis/eng/teams/index_db.html>DeNA</a>,CL
,<a href=https://npb.jp/bis/eng/players/31735132.html>Kinoshita Takuya</a>,33,2,22.0,-0.1,-5.9,,-0.2,,0.1,0.3,-0.8,-0.1,<a href=https://npb.jp/bis/eng/teams/index_d.html>Chunichi</a>,CL
,<a href=https://npb.jp/bis/eng/players/21125150.html>Ishii Yuta</a>,24,2,1.0,0.0,0.0,,0.0,,0.0,0.0,-0.1,0.0,<a href=https://npb.jp/bis/eng/teams/index_d.html>Chunichi</a>,CL
,<a href=https://npb.jp/bis/eng/players/31735138.html>Kinami Seiya</a>,31,6,26.0,1.0,49.5,0.9,,0.0,0.2,0.2,,,<a href=https://npb.jp/bis/eng/teams/index_t.html>Hanshin</a>,CL
,<a href=https://npb.jp/bis/eng/players/21125151.html>Ishihara Tomoki</a>,27,2,18.0,0.0,0.0,,0.0,,0.0,0.3,1.1,0.1,<a href=https://npb.jp/bis/eng/teams/index_c.html>Hiroshima</a>,CL
,<a href=https://npb.jp/bis/eng/players/81785155.html>Koga Yuto</a>,25,2,24.0,0.3,16.1,,0.3,,0.1,0.3,0.1,0.0,<a href=https://npb.jp/bis/eng/teams/index_l.html>Seibu</a>,PL
,<a href=https://npb.jp/bis/eng/players/63165155.html>Mizuno Tatsuki</a>,24,6,19.0,-0.6,-40.6,-0.6,,0.0,0.1,0.2,,,<a href=https://npb.jp/bis/eng/teams/index_f.html>Nipponham</a>,PL
,<a href=https://npb.jp/bis/eng/players/71375138.html>Ohta Hikaru</a>,28,2,25.0,0.3,15.4,,0.3,,0.1,0.4,-0.1,0.0,<a href=https://npb.jp/bis/eng/teams/index_e.html>Rakuten</a>,PL
,<a href=https://npb.jp/bis/eng/players/61165134.html>Ishihara Tsuyoshi</a>,26,2,1.2,0.0,0.0,,0.0,,0.0,0.0,0.1,0.0,<a href=https://npb.jp/bis/eng/teams/index_e.html>Rakuten</a>,PL
,<a href=https://npb.jp/bis/eng/players/11015136.html>Sunagawa Richard</a>,26,5,27.0,0.2,9.5,0.1,,0.0,0.1,-0.1,,,<a href=https://npb.jp/bis/eng/teams/index_h.html>SoftBank</a>,PL
,<a href=https://npb.jp/bis/eng/players/71375159.html>Ueda Kyuto</a>,23,5,15.0,-0.5,-42.9,0.1,,-0.1,-0.5,-0.1,,,<a href=https://npb.jp/bis/eng/teams/index_m.html>Lotte</a>,PL
,<a href=https://npb.jp/bis/eng/players/51855136.html>Matsumoto Naoki</a>,31,2,13.0,-0.2,-19.8,,0.0,,-0.2,0.2,0.2,-0.1,<a href=https://npb.jp/bis/eng/teams/index_s.html>Yakult</a>,CL
,<a href=https://npb.jp/bis/eng/players/81385150.html>Urata Shunsuke</a>,22,6,1.0,0.0,0.0,0.0,,0.0,0.0,0.0,,,<a href=https://npb.jp/bis/eng/teams/index_g.html>Yomiuri</a>,CL
,<a href=https://npb.jp/bis/eng/players/41245132.html>Tobashira Yasutaka</a>,35,2,1.0,0.0,0.0,,0.0,,0.0,0.0,0.0,0.0,<a href=https://npb.jp/bis/eng/teams/index_db.html>DeNA</a>,CL
,<a href=https://npb.jp/bis/eng/players/31135114.html>Aizawa Tsubasa</a>,37,2,9.0,0.0,0.0,,0.0,,0.0,0.1,-0.9,0.0,<a href=https://npb.jp/bis/eng/teams/index_c.html>Hiroshima</a>,CL
,<a href=https://npb.jp/bis/eng/players/63965157.html>Franco Maikel</a>,32,5,8.0,0.2,32.2,0.2,,0.0,0.0,0.0,,,<a href=https://npb.jp/bis/eng/teams/index_e.html>Rakuten</a>,PL
,<a href=https://npb.jp/bis/eng/players/63965157.html>Franco Maikel</a>,32,DH,8.0,,,,,,,-0.1,,,<a href=https://npb.jp/bis/eng/teams/index_e.html>Rakuten</a>,PL
,<a href=https://npb.jp/bis/eng/players/11215134.html>Tanaka Kazuki</a>,30,7,9.0,0.1,14.3,0.1,0.0,,0.0,-0.1,,,<a href=https://npb.jp/bis/eng/teams/index_e.html>Rakuten</a>,PL
,<a href=https://npb.jp/bis/eng/players/41945137.html>Tamura Tatsuhiro</a>,31,2,9.0,0.3,42.9,,0.2,,0.0,0.1,0.0,0.0,<a href=https://npb.jp/bis/eng/teams/index_m.html>Lotte</a>,PL
,<a href=https://npb.jp/bis/eng/players/71675138.html>Makino Shoya</a>,24,2,4.0,-0.3,-96.5,,0.0,,-0.3,0.1,-0.1,0.0,<a href=https://npb.jp/bis/eng/teams/index_l.html>Seibu</a>,PL
,<a href=https://npb.jp/bis/eng/players/91495130.html>Nishino Masahiro</a>,34,5,9.0,-0.4,-57.2,-0.4,,-0.1,0.0,0.0,,,<a href=https://npb.jp/bis/eng/teams/index_b.html>ORIX</a>,PL
,<a href=https://npb.jp/bis/eng/players/11215132.html>Tanigawara Kenta</a>,28,2,9.0,-0.3,-42.9,,-0.3,,0.0,0.1,-0.3,0.0,<a href=https://npb.jp/bis/eng/teams/index_h.html>SoftBank</a>,PL
,<a href=https://npb.jp/bis/eng/players/93195155.html>Maruyama Kazuya</a>,25,9,2.2,-0.1,-47.7,-0.3,0.2,,0.0,0.0,,,<a href=https://npb.jp/bis/eng/teams/index_s.html>Yakult</a>,CL
,<a href=https://npb.jp/bis/eng/players/51255155.html>Takizawa Natsuo</a>,21,4,8.0,0.7,112.6,0.7,,0.0,0.0,0.0,,,<a href=https://npb.jp/bis/eng/teams/index_l.html>Seibu</a>,PL
,<a href=https://npb.jp/bis/eng/players/41645139.html>Wakatsuki Kenya</a>,29,2,22.0,0.1,5.9,,0.1,,0.1,0.3,0.7,0.1,<a href=https://npb.jp/bis/eng/teams/index_b.html>ORIX</a>,PL
,<a href=https://npb.jp/bis/eng/players/11715153.html>Ogawa Ryusei</a>,27,4,1.0,0.0,0.0,0.0,,0.0,0.0,0.0,,,<a href=https://npb.jp/bis/eng/teams/index_m.html>Lotte</a>,PL
,<a href=https://npb.jp/bis/eng/players/11715153.html>Ogawa Ryusei</a>,27,6,15.0,0.2,17.2,0.9,,-0.2,-0.5,0.1,,,<a href=https://npb.jp/bis/eng/teams/index_m.html>Lotte</a>,PL
,<a href=https://npb.jp/bis/eng/players/91595136.html>Kishida Yukinori</a>,28,2,3.0,0.0,0.0,,0.0,,0.0,0.0,0.0,0.0,<a href=https://npb.jp/bis/eng/teams/index_g.html>Yomiuri</a>,CL
,<a href=https://npb.jp/bis/eng/players/91995136.html>Shimada Kairi</a>,29,7,2.0,-0.5,-321.8,-0.5,0.0,,0.0,0.0,,,<a href=https://npb.jp/bis/eng/teams/index_t.html>Hanshin</a>,CL
,<a href=https://npb.jp/bis/eng/players/91495155.html>Nakata Keisuke</a>,25,4,10.0,-0.3,-38.6,-0.4,,0.1,0.0,0.0,,,<a href=https://npb.jp/bis/eng/teams/index_l.html>Seibu</a>,PL
,<a href=https://npb.jp/bis/eng/players/81385151.html>Umino Takashi</a>,27,2,18.0,-0.1,-7.2,,-0.2,,0.0,0.3,-0.2,-0.2,<a href=https://npb.jp/bis/eng/teams/index_h.html>SoftBank</a>,PL
,<a href=https://npb.jp/bis/eng/players/01305131.html>Ohshima Yohei</a>,39,7,1.0,-0.5,-643.5,-0.5,0.0,,0.0,0.0,,,<a href=https://npb.jp/bis/eng/teams/index_d.html>Chunichi</a>,CL
,<a href=https://npb.jp/bis/eng/players/21325138.html>Ohmori Minoru</a>,28,8,1.0,0.0,0.0,0.0,0.0,,0.0,0.0,,,<a href=https://npb.jp/bis/eng/teams/index_c.html>Hiroshima</a>,CL
,<a href=https://npb.jp/bis/eng/players/11415138.html>Nomura Daiju</a>,24,4,2.0,-0.1,-64.4,0.0,,-0.1,0.0,0.0,,,<a href=https://npb.jp/bis/eng/teams/index_l.html>Seibu</a>,PL
,<a href=https://npb.jp/bis/eng/players/11815155.html>Fukunaga Sho</a>,25,2,6.0,0.0,0.0,,0.0,,0.0,0.1,-0.1,0.0,<a href=https://npb.jp/bis/eng/teams/index_b.html>ORIX</a>,PL
