Rank,Player,G,PA,AB,R,H,2B,3B,HR,TB,RBI,SB,CS,SH,SF,SO,BB,IBB,HP,GDP,AVG,OBP,SLG,OPS,OPS+,ISO,BABIP,TTO%,K%,BB%,BB/K,Age,Pos,B,,Team,League
,<a href=https://npb.jp/bis/eng/players/71075138.html>Chikamoto Koji</a>,87,400,360,48,105,14,2,3,132,23,23,5,0,2,50,37,1,1,1,0.292,0.358,0.367,0.725,133,0.075,0.330,22.5%,12.5%,9.2%,0.74,30,8,L,"<img src=""https://www.yakyucosmo.com/wp-content/uploads/2025/04/Tigers.jpg"" alt="""" width=""10"" height=""10"" class=""alignnone size-full wp-image-6224"" />",<a href=https://npb.jp/bis/eng/teams/index_t.html>Hanshin</a>,CL
,<a href=https://npb.jp/bis/eng/players/43145157.html>Morishita Shota</a>,87,384,339,53,90,11,1,16,151,60,4,2,0,3,53,32,4,10,12,0.265,0.344,0.445,0.789,152,0.180,0.271,26.3%,13.8%,8.3%,0.60,24,9,R,"<img src=""https://www.yakyucosmo.com/wp-content/uploads/2025/04/Tigers.jpg"" alt="""" width=""10"" height=""10"" class=""alignnone size-full wp-image-6224"" />",<a href=https://npb.jp/bis/eng/teams/index_t.html>Hanshin</a>,CL
,<a href=https://npb.jp/bis/eng/players/41445153.html>Nakano Takumu</a>,87,388,320,44,95,10,2,0,109,19,14,3,29,2,46,34,1,3,4,0.297,0.368,0.341,0.709,128,0.044,0.344,20.6%,11.9%,8.8%,0.74,29,4,L,"<img src=""https://www.yakyucosmo.com/wp-content/uploads/2025/04/Tigers.jpg"" alt="""" width=""10"" height=""10"" class=""alignnone size-full wp-image-6224"" />",<a href=https://npb.jp/bis/eng/teams/index_t.html>Hanshin</a>,CL
,<a href=https://npb.jp/bis/eng/players/21325134.html>Ohyama Yusuke</a>,87,363,321,23,84,14,1,4,112,41,4,1,0,2,57,39,2,1,9,0.262,0.342,0.349,0.691,122,0.087,0.305,27.5%,15.7%,10.7%,0.68,30,3,R,"<img src=""https://www.yakyucosmo.com/wp-content/uploads/2025/04/Tigers.jpg"" alt="""" width=""10"" height=""10"" class=""alignnone size-full wp-image-6224"" />",<a href=https://npb.jp/bis/eng/teams/index_t.html>Hanshin</a>,CL
,<a href=https://npb.jp/bis/eng/players/41045153.html>Sato Teruaki</a>,86,367,332,50,94,21,4,24,195,62,8,2,0,1,99,34,5,0,3,0.283,0.349,0.587,0.936,197,0.304,0.333,42.8%,27.0%,9.3%,0.34,26,5,L,"<img src=""https://www.yakyucosmo.com/wp-content/uploads/2025/04/Tigers.jpg"" alt="""" width=""10"" height=""10"" class=""alignnone size-full wp-image-6224"" />",<a href=https://npb.jp/bis/eng/teams/index_t.html>Hanshin</a>,CL
,<a href=https://npb.jp/bis/eng/players/43745150.html>Fabian Sandro</a>,85,355,338,40,97,19,0,10,146,41,2,2,0,2,57,11,3,4,5,0.287,0.315,0.432,0.747,129,0.145,0.319,22.0%,16.1%,3.1%,0.19,27,7,R,"<img src=""https://www.yakyucosmo.com/wp-content/uploads/2025/04/Carp.jpg"" alt="""" width=""10"" height=""10"" class=""alignnone size-full wp-image-6223"" />",<a href=https://npb.jp/bis/eng/teams/index_c.html>Hiroshima</a>,CL
,<a href=https://npb.jp/bis/eng/players/61565135.html>Kikuchi Ryosuke</a>,73,269,242,17,56,9,0,2,71,20,5,2,14,1,45,11,0,1,5,0.231,0.267,0.293,0.560,73,0.062,0.276,21.6%,16.7%,4.1%,0.24,35,4,R,"<img src=""https://www.yakyucosmo.com/wp-content/uploads/2025/04/Carp.jpg"" alt="""" width=""10"" height=""10"" class=""alignnone size-full wp-image-6223"" />",<a href=https://npb.jp/bis/eng/teams/index_c.html>Hiroshima</a>,CL
,<a href=https://npb.jp/bis/eng/players/01705138.html>Kozono Kaito</a>,84,357,325,30,94,16,3,2,122,26,7,4,1,1,30,28,5,2,5,0.289,0.348,0.375,0.723,123,0.086,0.313,16.8%,8.4%,7.8%,0.93,25,5,L,"<img src=""https://www.yakyucosmo.com/wp-content/uploads/2025/04/Carp.jpg"" alt="""" width=""10"" height=""10"" class=""alignnone size-full wp-image-6223"" />",<a href=https://npb.jp/bis/eng/teams/index_c.html>Hiroshima</a>,CL
,<a href=https://npb.jp/bis/eng/players/51055155.html>Suekane Shota</a>,77,315,287,27,72,9,3,7,108,40,2,3,0,2,62,25,0,1,1,0.251,0.311,0.376,0.687,111,0.125,0.295,29.8%,19.7%,7.9%,0.40,29,9,R,"<img src=""https://www.yakyucosmo.com/wp-content/uploads/2025/04/Carp.jpg"" alt="""" width=""10"" height=""10"" class=""alignnone size-full wp-image-6223"" />",<a href=https://npb.jp/bis/eng/teams/index_c.html>Hiroshima</a>,CL
,<a href=https://npb.jp/bis/eng/players/93395153.html>Yano Masaya</a>,79,277,237,18,51,6,1,1,62,17,1,3,13,1,56,23,1,3,1,0.215,0.292,0.262,0.554,73,0.047,0.276,28.9%,20.2%,8.3%,0.41,26,6,L,"<img src=""https://www.yakyucosmo.com/wp-content/uploads/2025/04/Carp.jpg"" alt="""" width=""10"" height=""10"" class=""alignnone size-full wp-image-6223"" />",<a href=https://npb.jp/bis/eng/teams/index_c.html>Hiroshima</a>,CL
,<a href=https://npb.jp/bis/eng/players/13115153.html>Maki Shugo</a>,85,359,332,43,92,22,0,15,159,46,3,4,0,1,67,16,5,10,5,0.277,0.329,0.479,0.808,151,0.202,0.307,27.3%,18.7%,4.5%,0.24,27,4,R,"<img src=""https://www.yakyucosmo.com/wp-content/uploads/2025/04/BayStars.jpg"" alt="""" width=""10"" height=""10"" class=""alignnone size-full wp-image-6228"" />",<a href=https://npb.jp/bis/eng/teams/index_db.html>DeNA</a>,CL
,<a href=https://npb.jp/bis/eng/players/91995134.html>Sano Keita</a>,83,339,309,24,85,15,0,7,121,40,0,0,0,2,34,26,1,2,6,0.275,0.333,0.392,0.725,127,0.117,0.289,19.8%,10.0%,7.7%,0.76,30,3,L,"<img src=""https://www.yakyucosmo.com/wp-content/uploads/2025/04/BayStars.jpg"" alt="""" width=""10"" height=""10"" class=""alignnone size-full wp-image-6228"" />",<a href=https://npb.jp/bis/eng/teams/index_db.html>DeNA</a>,CL
,<a href=https://npb.jp/bis/eng/players/73575150.html>Cabbage Trey</a>,71,273,248,22,59,13,0,8,96,27,3,3,1,1,79,19,2,4,2,0.238,0.301,0.387,0.688,117,0.149,0.315,38.8%,28.9%,7.0%,0.24,28,9,L,"<img src=""https://www.yakyucosmo.com/wp-content/uploads/2025/04/Giants.jpg"" alt="""" width=""10"" height=""10"" class=""alignnone size-full wp-image-6227"" />",<a href=https://npb.jp/bis/eng/teams/index_g.html>Yomiuri</a>,CL
,<a href=https://npb.jp/bis/eng/players/61165159.html>Izuguchi Yuta</a>,76,326,290,28,81,11,0,4,104,19,3,4,6,1,39,28,1,1,4,0.279,0.344,0.359,0.703,124,0.080,0.310,21.8%,12.0%,8.6%,0.72,26,6,L,"<img src=""https://www.yakyucosmo.com/wp-content/uploads/2025/04/Giants.jpg"" alt="""" width=""10"" height=""10"" class=""alignnone size-full wp-image-6227"" />",<a href=https://npb.jp/bis/eng/teams/index_g.html>Yomiuri</a>,CL
,<a href=https://npb.jp/bis/eng/players/73375134.html>Yoshikawa Naoki</a>,84,360,319,27,88,12,3,3,115,25,7,2,1,3,49,33,0,4,6,0.276,0.348,0.361,0.709,126,0.085,0.315,23.6%,13.6%,9.2%,0.67,30,4,L,"<img src=""https://www.yakyucosmo.com/wp-content/uploads/2025/04/Giants.jpg"" alt="""" width=""10"" height=""10"" class=""alignnone size-full wp-image-6227"" />",<a href=https://npb.jp/bis/eng/teams/index_g.html>Yomiuri</a>,CL
,<a href=https://npb.jp/bis/eng/players/23525153.html>Osuna Jose</a>,80,336,304,18,79,13,0,4,104,34,2,1,0,3,36,28,6,1,7,0.260,0.321,0.342,0.663,100,0.082,0.281,20.2%,10.7%,8.3%,0.78,32,3,R,"<img src=""https://www.yakyucosmo.com/wp-content/uploads/2025/04/Swallows.jpg"" alt="""" width=""10"" height=""10"" class=""alignnone size-full wp-image-6226"" />",<a href=https://npb.jp/bis/eng/teams/index_s.html>Yakult</a>,CL
,<a href=https://npb.jp/bis/eng/players/81585151.html>Okabayashi Yuki</a>,85,380,344,41,101,18,5,2,135,20,14,3,2,2,34,31,5,1,1,0.294,0.352,0.392,0.744,145,0.098,0.319,17.6%,8.9%,8.2%,0.91,23,8,L,"<img src=""https://www.yakyucosmo.com/wp-content/uploads/2025/04/Dragons.jpg"" alt="""" width=""10"" height=""10"" class=""alignnone size-full wp-image-6225"" />",<a href=https://npb.jp/bis/eng/teams/index_d.html>Chunichi</a>,CL
,<a href=https://npb.jp/bis/eng/players/91395139.html>Uebayashi Seiji</a>,83,317,295,30,79,12,3,11,130,31,17,4,4,1,57,15,6,2,0,0.268,0.307,0.441,0.748,145,0.173,0.298,26.2%,18.0%,4.7%,0.26,29,9,L,"<img src=""https://www.yakyucosmo.com/wp-content/uploads/2025/04/Dragons.jpg"" alt="""" width=""10"" height=""10"" class=""alignnone size-full wp-image-6225"" />",<a href=https://npb.jp/bis/eng/teams/index_d.html>Chunichi</a>,CL
,<a href=https://npb.jp/bis/eng/players/91995151.html>Kurebayashi Kotaro</a>,74,296,268,18,64,10,1,5,91,28,0,2,0,4,37,21,2,3,6,0.239,0.297,0.340,0.637,102,0.101,0.257,21.3%,12.5%,7.1%,0.57,23,6,R,"<img src=""https://www.yakyucosmo.com/wp-content/uploads/2025/04/Buffaloes.jpg"" alt="""" width=""10"" height=""10"" class=""alignnone size-full wp-image-6222"" />",<a href=https://npb.jp/bis/eng/teams/index_b.html>ORIX</a>,PL
,<a href=https://npb.jp/bis/eng/players/51255138.html>Nakagawa Keita</a>,69,265,245,34,66,16,1,7,105,38,7,1,3,2,35,15,1,0,7,0.269,0.309,0.429,0.738,133,0.160,0.288,21.5%,13.2%,5.7%,0.43,29,8,R,"<img src=""https://www.yakyucosmo.com/wp-content/uploads/2025/04/Buffaloes.jpg"" alt="""" width=""10"" height=""10"" class=""alignnone size-full wp-image-6222"" />",<a href=https://npb.jp/bis/eng/teams/index_b.html>ORIX</a>,PL
,<a href=https://npb.jp/bis/eng/players/71475132.html>Nishikawa Ryoma</a>,69,293,277,26,87,20,1,4,121,31,4,1,4,1,42,9,1,2,4,0.314,0.339,0.437,0.776,145,0.123,0.358,18.8%,14.3%,3.1%,0.21,30,7,L,"<img src=""https://www.yakyucosmo.com/wp-content/uploads/2025/04/Buffaloes.jpg"" alt="""" width=""10"" height=""10"" class=""alignnone size-full wp-image-6222"" />",<a href=https://npb.jp/bis/eng/teams/index_b.html>ORIX</a>,PL
,<a href=https://npb.jp/bis/eng/players/91395138.html>Ohta Ryo</a>,60,273,243,24,77,7,0,5,99,27,0,2,5,1,56,21,3,3,6,0.317,0.377,0.407,0.784,149,0.090,0.393,30.0%,20.5%,7.7%,0.38,24,4,R,"<img src=""https://www.yakyucosmo.com/wp-content/uploads/2025/04/Buffaloes.jpg"" alt="""" width=""10"" height=""10"" class=""alignnone size-full wp-image-6222"" />",<a href=https://npb.jp/bis/eng/teams/index_b.html>ORIX</a>,PL
,<a href=https://npb.jp/bis/eng/players/61965132.html>Sugimoto Yutaro</a>,71,281,247,28,71,13,1,8,110,33,1,0,0,6,69,24,0,4,5,0.287,0.352,0.445,0.797,152,0.158,0.358,35.9%,24.6%,8.5%,0.35,34,9,R,"<img src=""https://www.yakyucosmo.com/wp-content/uploads/2025/04/Buffaloes.jpg"" alt="""" width=""10"" height=""10"" class=""alignnone size-full wp-image-6222"" />",<a href=https://npb.jp/bis/eng/teams/index_b.html>ORIX</a>,PL
,<a href=https://npb.jp/bis/eng/players/81085138.html>Tongu Yuma</a>,79,329,292,24,76,14,0,8,114,36,1,0,0,3,47,31,2,3,7,0.260,0.334,0.390,0.724,130,0.130,0.283,26.1%,14.3%,9.4%,0.66,28,3,R,"<img src=""https://www.yakyucosmo.com/wp-content/uploads/2025/04/Buffaloes.jpg"" alt="""" width=""10"" height=""10"" class=""alignnone size-full wp-image-6222"" />",<a href=https://npb.jp/bis/eng/teams/index_b.html>ORIX</a>,PL
,<a href=https://npb.jp/bis/eng/players/41645136.html>Fujioka Yudai</a>,70,274,237,20,59,14,1,3,84,14,0,0,5,3,49,29,1,0,6,0.249,0.327,0.354,0.681,111,0.105,0.298,29.6%,17.9%,10.6%,0.59,31,4,L,"<img src=""https://www.yakyucosmo.com/wp-content/uploads/2025/04/Marines.jpg"" alt="""" width=""10"" height=""10"" class=""alignnone size-full wp-image-6240"" />",<a href=https://npb.jp/bis/eng/teams/index_m.html>Lotte</a>,PL
,<a href=https://npb.jp/bis/eng/players/31635138.html>Fujiwara Kyota</a>,72,296,267,22,72,6,4,3,95,17,8,3,3,0,50,21,2,5,2,0.270,0.334,0.356,0.690,114,0.086,0.322,25.0%,16.9%,7.1%,0.42,25,8,L,"<img src=""https://www.yakyucosmo.com/wp-content/uploads/2025/04/Marines.jpg"" alt="""" width=""10"" height=""10"" class=""alignnone size-full wp-image-6240"" />",<a href=https://npb.jp/bis/eng/teams/index_m.html>Lotte</a>,PL
,<a href=https://npb.jp/bis/eng/players/11215116.html>Nakamura Akira</a>,75,307,269,23,65,5,2,1,77,21,1,2,4,3,30,31,1,0,5,0.242,0.317,0.286,0.603,89,0.044,0.266,20.2%,9.8%,10.1%,1.03,35,3,L,"<img src=""https://www.yakyucosmo.com/wp-content/uploads/2025/04/Hawks.jpg"" alt="""" width=""10"" height=""10"" class=""alignnone size-full wp-image-6220"" /> ",<a href=https://npb.jp/bis/eng/teams/index_h.html>SoftBank</a>,PL
,<a href=https://npb.jp/bis/eng/players/21925136.html>Shuto Ukyo</a>,60,266,238,30,70,9,2,1,86,23,23,3,1,0,46,24,2,3,4,0.294,0.366,0.361,0.727,126,0.067,0.361,26.7%,17.3%,9.0%,0.52,29,8,L,"<img src=""https://www.yakyucosmo.com/wp-content/uploads/2025/04/Hawks.jpg"" alt="""" width=""10"" height=""10"" class=""alignnone size-full wp-image-6220"" /> ",<a href=https://npb.jp/bis/eng/teams/index_h.html>SoftBank</a>,PL
,<a href=https://npb.jp/bis/eng/players/21425139.html>Yamakawa Hotaka</a>,75,292,264,28,53,6,0,14,101,38,0,0,0,3,80,22,3,3,5,0.201,0.267,0.383,0.650,101,0.182,0.225,39.7%,27.4%,7.5%,0.28,33,DH,R,"<img src=""https://www.yakyucosmo.com/wp-content/uploads/2025/04/Hawks.jpg"" alt="""" width=""10"" height=""10"" class=""alignnone size-full wp-image-6220"" /> ",<a href=https://npb.jp/bis/eng/teams/index_h.html>SoftBank</a>,PL
,<a href=https://npb.jp/bis/eng/players/73175151.html>Yanagimachi Tatsuru</a>,75,294,248,26,73,10,1,3,94,26,2,2,3,0,64,39,0,4,6,0.294,0.399,0.379,0.778,142,0.085,0.387,36.1%,21.8%,13.3%,0.61,28,9,L,"<img src=""https://www.yakyucosmo.com/wp-content/uploads/2025/04/Hawks.jpg"" alt="""" width=""10"" height=""10"" class=""alignnone size-full wp-image-6220"" /> ",<a href=https://npb.jp/bis/eng/teams/index_h.html>SoftBank</a>,PL
,<a href=https://npb.jp/bis/eng/players/51155118.html>Asamura Hideto</a>,72,294,246,20,59,10,1,5,86,24,1,0,0,1,63,42,4,5,8,0.240,0.361,0.350,0.711,132,0.110,0.302,37.4%,21.4%,14.3%,0.67,34,3,R,"<img src=""https://www.yakyucosmo.com/wp-content/uploads/2025/04/Eagles.jpg"" alt="""" width=""10"" height=""10"" class=""alignnone size-full wp-image-6218"" />",<a href=https://npb.jp/bis/eng/teams/index_e.html>Rakuten</a>,PL
,<a href=https://npb.jp/bis/eng/players/61965151.html>Kobukata Hiroto</a>,82,302,256,25,61,5,1,1,71,12,25,5,11,0,53,34,0,1,1,0.238,0.330,0.277,0.607,98,0.039,0.297,29.1%,17.5%,11.3%,0.64,29,4,L,"<img src=""https://www.yakyucosmo.com/wp-content/uploads/2025/04/Eagles.jpg"" alt="""" width=""10"" height=""10"" class=""alignnone size-full wp-image-6218"" />",<a href=https://npb.jp/bis/eng/teams/index_e.html>Rakuten</a>,PL
,<a href=https://npb.jp/bis/eng/players/53155150.html>Muneyama Rui</a>,73,293,279,14,67,14,3,2,93,19,4,0,0,5,51,8,2,1,5,0.240,0.259,0.333,0.592,91,0.093,0.281,20.8%,17.4%,2.7%,0.16,22,6,L,"<img src=""https://www.yakyucosmo.com/wp-content/uploads/2025/04/Eagles.jpg"" alt="""" width=""10"" height=""10"" class=""alignnone size-full wp-image-6218"" />",<a href=https://npb.jp/bis/eng/teams/index_e.html>Rakuten</a>,PL
,<a href=https://npb.jp/bis/eng/players/41845132.html>Murabayashi Itsuki</a>,79,312,293,20,95,7,0,3,111,31,4,2,2,2,55,13,2,2,5,0.324,0.355,0.379,0.734,139,0.055,0.388,22.8%,17.6%,4.2%,0.24,27,5,R,"<img src=""https://www.yakyucosmo.com/wp-content/uploads/2025/04/Eagles.jpg"" alt="""" width=""10"" height=""10"" class=""alignnone size-full wp-image-6218"" />",<a href=https://npb.jp/bis/eng/teams/index_e.html>Rakuten</a>,PL
,<a href=https://npb.jp/bis/eng/players/11015138.html>Tatsumi Ryosuke</a>,69,261,233,20,59,9,2,4,84,21,14,0,0,3,61,18,0,7,7,0.253,0.322,0.361,0.683,122,0.108,0.322,31.8%,23.4%,6.9%,0.30,28,8,L,"<img src=""https://www.yakyucosmo.com/wp-content/uploads/2025/04/Eagles.jpg"" alt="""" width=""10"" height=""10"" class=""alignnone size-full wp-image-6218"" />",<a href=https://npb.jp/bis/eng/teams/index_e.html>Rakuten</a>,PL
,<a href=https://npb.jp/bis/eng/players/81685153.html>Hasegawa Shinya</a>,83,315,281,33,62,12,3,6,98,29,5,2,4,4,39,23,1,3,5,0.221,0.283,0.349,0.632,99,0.128,0.233,21.6%,12.4%,7.3%,0.59,23,9,R,"<img src=""https://www.yakyucosmo.com/wp-content/uploads/2025/04/Lions.jpg"" alt="""" width=""10"" height=""10"" class=""alignnone size-full wp-image-6219"" />",<a href=https://npb.jp/bis/eng/teams/index_l.html>Seibu</a>,PL
,<a href=https://npb.jp/bis/eng/players/53755150.html>Nevin Tyler</a>,85,353,314,29,89,18,0,9,134,37,2,1,0,4,46,28,3,7,6,0.283,0.351,0.427,0.778,145,0.144,0.304,23.5%,13.0%,7.9%,0.61,28,3,R,"<img src=""https://www.yakyucosmo.com/wp-content/uploads/2025/04/Lions.jpg"" alt="""" width=""10"" height=""10"" class=""alignnone size-full wp-image-6219"" />",<a href=https://npb.jp/bis/eng/teams/index_l.html>Seibu</a>,PL
,<a href=https://npb.jp/bis/eng/players/51455136.html>Nishikawa Manaya</a>,85,378,343,39,89,15,1,4,118,18,18,5,2,2,51,26,1,5,2,0.259,0.319,0.344,0.663,109,0.085,0.293,21.4%,13.5%,6.9%,0.51,26,8,L,"<img src=""https://www.yakyucosmo.com/wp-content/uploads/2025/04/Lions.jpg"" alt="""" width=""10"" height=""10"" class=""alignnone size-full wp-image-6219"" />",<a href=https://npb.jp/bis/eng/teams/index_l.html>Seibu</a>,PL
,<a href=https://npb.jp/bis/eng/players/41545136.html>Kiyomiya Kotaro</a>,82,345,318,36,84,17,0,7,122,36,4,1,0,3,45,23,0,1,4,0.264,0.313,0.384,0.697,114,0.120,0.286,21.7%,13.0%,6.7%,0.51,26,5,L,"<img src=""https://www.yakyucosmo.com/wp-content/uploads/2025/04/Fighters.jpg"" alt="""" width=""10"" height=""10"" class=""alignnone size-full wp-image-6217"" />",<a href=https://npb.jp/bis/eng/teams/index_f.html>Nipponham</a>,PL
,<a href=https://npb.jp/bis/eng/players/11815138.html>Mannami Chusei</a>,82,312,282,31,64,19,1,14,127,36,1,1,0,0,83,29,6,1,5,0.227,0.301,0.450,0.751,129,0.223,0.270,40.4%,26.6%,9.3%,0.35,25,9,R,"<img src=""https://www.yakyucosmo.com/wp-content/uploads/2025/04/Fighters.jpg"" alt="""" width=""10"" height=""10"" class=""alignnone size-full wp-image-6217"" />",<a href=https://npb.jp/bis/eng/teams/index_f.html>Nipponham</a>,PL
,<a href=https://npb.jp/bis/eng/players/73075159.html>Reyes Franmil</a>,79,323,289,38,82,13,0,19,152,55,0,0,0,1,72,33,2,0,6,0.284,0.356,0.526,0.882,168,0.242,0.317,38.4%,22.3%,10.2%,0.46,29,DH,R,"<img src=""https://www.yakyucosmo.com/wp-content/uploads/2025/04/Fighters.jpg"" alt="""" width=""10"" height=""10"" class=""alignnone size-full wp-image-6217"" />",<a href=https://npb.jp/bis/eng/teams/index_f.html>Nipponham</a>,PL
