#,,Team,G,W,L,T,PCT,GB,RS,RA,Diff,XPCT,Home,Road,vs F,vs H,vs B,vs L,vs E,vs M,Inter
,"<img src=""https://www.yakyucosmo.com/wp-content/uploads/2025/04/Fighters.jpg"" alt="""" width=""10"" height=""10"" class=""alignnone size-full wp-image-6217"" />",<a href=https://npb.jp/bis/eng/teams/index_f.html>Nipponham Fighters</a>,88,53,33,2,0.616,--,330,231,99,0.658,24-18,29-15(2),--,6-7,7-7(1),9-5,12-3(1),8-4,11-7
,"<img src=""https://www.yakyucosmo.com/wp-content/uploads/2025/04/Hawks.jpg"" alt="""" width=""10"" height=""10"" class=""alignnone size-full wp-image-6220"" /> ",<a href=https://npb.jp/bis/eng/teams/index_h.html>SoftBank Hawks</a>,88,50,34,4,0.595,2.0,321,242,79,0.626,24-17(3),26-17(1),7-6,--,7-3(2),10-7,5-9,9-4(1),12-5(1)
,"<img src=""https://www.yakyucosmo.com/wp-content/uploads/2025/04/Buffaloes.jpg"" alt="""" width=""10"" height=""10"" class=""alignnone size-full wp-image-6222"" />",<a href=https://npb.jp/bis/eng/teams/index_b.html>ORIX Buffaloes</a>,86,46,37,3,0.554,5.5,311,312,-1,0.499,24-19(2),22-18(1),7-7(1),3-7(2),--,6-7,9-4,10-5,11-7
,"<img src=""https://www.yakyucosmo.com/wp-content/uploads/2025/04/Lions.jpg"" alt="""" width=""10"" height=""10"" class=""alignnone size-full wp-image-6219"" />",<a href=https://npb.jp/bis/eng/teams/index_l.html>Seibu Lions</a>,87,42,44,1,0.488,11.0,223,243,-20,0.461,25-23,17-21(1),5-9,7-10,7-6,--,6-6,7-5(1),10-8
,"<img src=""https://www.yakyucosmo.com/wp-content/uploads/2025/04/Eagles.jpg"" alt="""" width=""10"" height=""10"" class=""alignnone size-full wp-image-6218"" />",<a href=https://npb.jp/bis/eng/teams/index_e.html>Rakuten Eagles</a>,86,39,45,2,0.464,13.0,245,290,-45,0.423,19-21(1),20-24(1),3-12(1),9-5,4-9,6-6,--,8-5,9-8(1)
,"<img src=""https://www.yakyucosmo.com/wp-content/uploads/2025/04/Marines.jpg"" alt="""" width=""10"" height=""10"" class=""alignnone size-full wp-image-6240"" />",<a href=https://npb.jp/bis/eng/teams/index_m.html>Lotte Marines</a>,85,33,50,2,0.398,18.5,250,325,-75,0.382,19-20(1),14-30(1),4-8,4-9(1),5-10,5-7(1),5-8,--,10-8
