#,,Team,G,W,L,T,PCT,GB,RS,RA,Diff,XPCT,Home,Road,vs F,vs L,vs B,vs H,vs E,vs M,Inter
,"<img src=""https://www.yakyucosmo.com/wp-content/uploads/2025/04/Fighters.jpg"" alt="""" width=""10"" height=""10"" class=""alignnone size-full wp-image-6217"" />",<a href=https://npb.jp/bis/eng/teams/index_f.html>Nipponham Fighters</a>,52,29,21,2,0.580,--,175,137,38,0.610,13-15,16-6(2),--,5-3,5-6(1),6-4,7-3(1),6-4,0-1
,"<img src=""https://www.yakyucosmo.com/wp-content/uploads/2025/04/Lions.jpg"" alt="""" width=""10"" height=""10"" class=""alignnone size-full wp-image-6219"" />",<a href=https://npb.jp/bis/eng/teams/index_l.html>Seibu Lions</a>,51,28,23,0,0.549,1.5,147,130,17,0.556,16-11,12-12,3-5,--,7-4,6-6,5-4,6-4,1-0
,"<img src=""https://www.yakyucosmo.com/wp-content/uploads/2025/04/Buffaloes.jpg"" alt="""" width=""10"" height=""10"" class=""alignnone size-full wp-image-6222"" />",<a href=https://npb.jp/bis/eng/teams/index_b.html>ORIX Buffaloes</a>,50,25,22,3,0.532,2.5,172,180,-8,0.479,11-13(2),14-9(1),6-5(1),4-7,--,2-5(2),6-2,7-2,0-1
,"<img src=""https://www.yakyucosmo.com/wp-content/uploads/2025/04/Hawks.jpg"" alt="""" width=""10"" height=""10"" class=""alignnone size-full wp-image-6220"" /> ",<a href=https://npb.jp/bis/eng/teams/index_h.html>SoftBank Hawks</a>,51,25,24,2,0.510,3.5,180,159,21,0.557,11-15(1),14-9(1),4-6,6-6,5-2(2),--,4-7,5-3,1-0
,"<img src=""https://www.yakyucosmo.com/wp-content/uploads/2025/04/Eagles.jpg"" alt="""" width=""10"" height=""10"" class=""alignnone size-full wp-image-6218"" />",<a href=https://npb.jp/bis/eng/teams/index_e.html>Rakuten Eagles</a>,51,23,27,1,0.460,6.0,137,158,-21,0.435,11-14(1),12-13,3-7(1),4-5,2-6,7-4,--,7-4,0-1
,"<img src=""https://www.yakyucosmo.com/wp-content/uploads/2025/04/Marines.jpg"" alt="""" width=""10"" height=""10"" class=""alignnone size-full wp-image-6240"" />",<a href=https://npb.jp/bis/eng/teams/index_m.html>Lotte Marines</a>,48,17,31,0,0.354,11.0,123,172,-49,0.351,8-12,9-19,4-6,4-6,2-7,3-5,4-7,--,--
