#,,Team,G,W,L,T,PCT,GB,RS,RA,Diff,XPCT,Home,Road,vs T,vs C,vs G,vs DB,vs D,vs S,Inter
,"<img src=""https://www.yakyucosmo.com/wp-content/uploads/2025/04/Tigers.jpg"" alt="""" width=""10"" height=""10"" class=""alignnone size-full wp-image-6224"" />",<a href=https://npb.jp/bis/eng/teams/index_t.html>Hanshin Tigers</a>,80,47,31,2,0.603,--,274,171,103,0.703,22-16(1),25-15(1),--,9-4,11-4,8-4(2),5-5,6-4,8-10
,"<img src=""https://www.yakyucosmo.com/wp-content/uploads/2025/04/Carp.jpg"" alt="""" width=""10"" height=""10"" class=""alignnone size-full wp-image-6223"" />",<a href=https://npb.jp/bis/eng/teams/index_c.html>Hiroshima Carp</a>,77,37,36,4,0.507,7.5,238,231,7,0.514,23-13(2),14-23(2),4-9,--,8-5(1),5-6,6-4(1),5-3(2),9-9
,"<img src=""https://www.yakyucosmo.com/wp-content/uploads/2025/04/Giants.jpg"" alt="""" width=""10"" height=""10"" class=""alignnone size-full wp-image-6227"" />",<a href=https://npb.jp/bis/eng/teams/index_g.html>Yomiuri Giants</a>,81,39,39,3,0.500,8.0,225,233,-8,0.484,27-13(1),12-26(2),4-11,5-8(1),--,7-2(1),8-4,9-3,6-11(1)
,"<img src=""https://www.yakyucosmo.com/wp-content/uploads/2025/04/BayStars.jpg"" alt="""" width=""10"" height=""10"" class=""alignnone size-full wp-image-6228"" />",<a href=https://npb.jp/bis/eng/teams/index_db.html>DeNA BayStars</a>,78,37,38,3,0.493,8.5,243,224,19,0.537,22-16(2),15-22(1),4-8(2),6-5,2-7(1),--,9-5,9-2,7-11
,"<img src=""https://www.yakyucosmo.com/wp-content/uploads/2025/04/Dragons.jpg"" alt="""" width=""10"" height=""10"" class=""alignnone size-full wp-image-6225"" />",<a href=https://npb.jp/bis/eng/teams/index_d.html>Chunichi Dragons</a>,79,33,44,2,0.429,13.5,194,248,-54,0.390,21-18(1),12-26(1),5-5,4-6(1),4-8,5-9,--,7-6(1),8-10
,"<img src=""https://www.yakyucosmo.com/wp-content/uploads/2025/04/Swallows.jpg"" alt="""" width=""10"" height=""10"" class=""alignnone size-full wp-image-6226"" />",<a href=https://npb.jp/bis/eng/teams/index_s.html>Yakult Swallows</a>,75,23,48,4,0.324,20.5,197,301,-104,0.315,13-22(2),10-26(2),4-6,3-5(2),3-9,2-9,6-7(1),--,5-12(1)
