#,,Team,G,W,L,T,PCT,GB,RS,RA,Diff,XPCT,Home,Road,vs T,vs G,vs DB,vs C,vs D,vs S
,"<img src=""https://www.yakyucosmo.com/wp-content/uploads/2025/04/Tigers.jpg"" alt="""" width=""10"" height=""10"" class=""alignnone size-full wp-image-6224"" />",<a href=https://npb.jp/bis/eng/teams/index_t.html>Hanshin Tigers</a>,50,28,20,2,0.583,--,168,121,47,0.646,13-13(1),15-7(1),--,8-4,5-4(2),6-4,5-5,4-3
,"<img src=""https://www.yakyucosmo.com/wp-content/uploads/2025/04/Giants.jpg"" alt="""" width=""10"" height=""10"" class=""alignnone size-full wp-image-6227"" />",<a href=https://npb.jp/bis/eng/teams/index_g.html>Yomiuri Giants</a>,51,28,22,1,0.560,1.0,159,155,4,0.512,17-8,11-14(1),4-8,--,4-2(1),4-7,7-2,9-3
,"<img src=""https://www.yakyucosmo.com/wp-content/uploads/2025/04/BayStars.jpg"" alt="""" width=""10"" height=""10"" class=""alignnone size-full wp-image-6228"" />",<a href=https://npb.jp/bis/eng/teams/index_db.html>DeNA BayStars</a>,48,24,21,3,0.533,2.5,161,126,35,0.610,13-8(2),11-13(1),4-5(2),2-4(1),--,6-5,6-5,6-2
,"<img src=""https://www.yakyucosmo.com/wp-content/uploads/2025/04/Carp.jpg"" alt="""" width=""10"" height=""10"" class=""alignnone size-full wp-image-6223"" />",<a href=https://npb.jp/bis/eng/teams/index_c.html>Hiroshima Carp</a>,47,24,21,2,0.533,2.5,150,124,26,0.586,16-6(1),8-15(1),4-6,7-4,5-6,--,4-3(1),4-2(1)
,"<img src=""https://www.yakyucosmo.com/wp-content/uploads/2025/04/Dragons.jpg"" alt="""" width=""10"" height=""10"" class=""alignnone size-full wp-image-6225"" />",<a href=https://npb.jp/bis/eng/teams/index_d.html>Chunichi Dragons</a>,49,21,26,2,0.447,6.5,111,149,-38,0.368,12-10(1),9-16(1),5-5,2-7,5-6,3-4(1),--,6-4(1)
,"<img src=""https://www.yakyucosmo.com/wp-content/uploads/2025/04/Swallows.jpg"" alt="""" width=""10"" height=""10"" class=""alignnone size-full wp-image-6226"" />",<a href=https://npb.jp/bis/eng/teams/index_s.html>Yakult Swallows</a>,45,14,29,2,0.326,11.5,116,190,-74,0.288,9-14(1),5-15(1),3-4,3-9,2-6,2-4(1),4-6(1),--
