#,,Team,G,W,L,T,PCT,GB,RS,RA,Diff,XPCT,Home,Road,vs T,vs G,vs DB,vs C,vs D,vs S,Inter
,"<img src=""https://www.yakyucosmo.com/wp-content/uploads/2025/04/Tigers.jpg"" alt="""" width=""10"" height=""10"" class=""alignnone size-full wp-image-6224"" />",<a href=https://npb.jp/bis/eng/teams/index_t.html>Hanshin Tigers</a>,84,50,32,2,0.610,--,291,183,108,0.700,23-17(1),27-15(1),--,11-4,8-4(2),11-4,5-5,7-5,8-10
,"<img src=""https://www.yakyucosmo.com/wp-content/uploads/2025/04/Giants.jpg"" alt="""" width=""10"" height=""10"" class=""alignnone size-full wp-image-6227"" />",<a href=https://npb.jp/bis/eng/teams/index_g.html>Yomiuri Giants</a>,84,41,40,3,0.506,8.5,232,237,-5,0.490,27-14(1),14-26(2),4-11,--,9-2(1),5-8(1),8-5,9-3,6-11(1)
,"<img src=""https://www.yakyucosmo.com/wp-content/uploads/2025/04/BayStars.jpg"" alt="""" width=""10"" height=""10"" class=""alignnone size-full wp-image-6228"" />",<a href=https://npb.jp/bis/eng/teams/index_db.html>DeNA BayStars</a>,81,37,40,4,0.481,10.5,248,233,15,0.529,22-18(2),15-22(2),4-8(2),2-9(1),--,6-5,9-5,9-2(1),7-11
,"<img src=""https://www.yakyucosmo.com/wp-content/uploads/2025/04/Carp.jpg"" alt="""" width=""10"" height=""10"" class=""alignnone size-full wp-image-6223"" />",<a href=https://npb.jp/bis/eng/teams/index_c.html>Hiroshima Carp</a>,81,37,40,4,0.481,10.5,244,249,-5,0.491,23-15(2),14-25(2),4-11,8-5(1),5-6,--,6-6(1),5-3(2),9-9
,"<img src=""https://www.yakyucosmo.com/wp-content/uploads/2025/04/Dragons.jpg"" alt="""" width=""10"" height=""10"" class=""alignnone size-full wp-image-6225"" />",<a href=https://npb.jp/bis/eng/teams/index_d.html>Chunichi Dragons</a>,82,36,44,2,0.450,13.0,206,252,-46,0.409,23-18(1),13-26(1),5-5,5-8,5-9,6-6(1),--,7-6(1),8-10
,"<img src=""https://www.yakyucosmo.com/wp-content/uploads/2025/04/Swallows.jpg"" alt="""" width=""10"" height=""10"" class=""alignnone size-full wp-image-6226"" />",<a href=https://npb.jp/bis/eng/teams/index_s.html>Yakult Swallows</a>,78,24,49,5,0.329,21.5,209,313,-104,0.323,13-22(3),11-27(2),5-7,3-9,2-9(1),3-5(2),6-7(1),--,5-12(1)
