Rank,Player,G,PA,AB,R,H,2B,3B,HR,TB,RBI,SB,CS,SH,SF,SO,BB,IBB,HP,GDP,AVG,OBP,SLG,OPS,OPS+,ISO,BABIP,TTO%,K%,BB%,BB/K,wSB,Age,Pos,B,,Team,League
,<a href=https://npb.jp/bis/eng/players/71075138.html>Chikamoto Koji</a>,95,436,394,52,114,15,2,3,142,24,24,5,0,2,58,39,1,1,1,0.289,0.353,0.360,0.713,129,0.071,0.331,22.9%,13.3%,8.9%,0.67,2.0,30,8,L,"<img src=""https://www.yakyucosmo.com/wp-content/uploads/2025/04/Tigers.jpg"" alt="""" width=""10"" height=""10"" class=""alignnone size-full wp-image-6224"" />",<a href=https://npb.jp/bis/eng/teams/index_t.html>Hanshin</a>,CL
,<a href=https://npb.jp/bis/eng/players/43145157.html>Morishita Shota</a>,95,419,369,55,96,13,1,16,159,61,4,2,0,4,61,36,4,10,13,0.260,0.339,0.431,0.770,145,0.171,0.270,27.0%,14.6%,8.6%,0.59,-0.3,24,9,R,"<img src=""https://www.yakyucosmo.com/wp-content/uploads/2025/04/Tigers.jpg"" alt="""" width=""10"" height=""10"" class=""alignnone size-full wp-image-6224"" />",<a href=https://npb.jp/bis/eng/teams/index_t.html>Hanshin</a>,CL
,<a href=https://npb.jp/bis/eng/players/41445153.html>Nakano Takumu</a>,95,423,348,47,100,11,2,0,115,19,14,3,32,2,52,38,1,3,4,0.287,0.361,0.330,0.691,122,0.043,0.336,21.3%,12.3%,9.0%,0.73,1.0,29,4,L,"<img src=""https://www.yakyucosmo.com/wp-content/uploads/2025/04/Tigers.jpg"" alt="""" width=""10"" height=""10"" class=""alignnone size-full wp-image-6224"" />",<a href=https://npb.jp/bis/eng/teams/index_t.html>Hanshin</a>,CL
,<a href=https://npb.jp/bis/eng/players/21325134.html>Ohyama Yusuke</a>,95,395,350,28,94,15,1,5,126,48,4,1,0,2,61,42,3,1,12,0.269,0.347,0.360,0.707,126,0.091,0.311,27.3%,15.4%,10.6%,0.69,0.0,30,3,R,"<img src=""https://www.yakyucosmo.com/wp-content/uploads/2025/04/Tigers.jpg"" alt="""" width=""10"" height=""10"" class=""alignnone size-full wp-image-6224"" />",<a href=https://npb.jp/bis/eng/teams/index_t.html>Hanshin</a>,CL
,<a href=https://npb.jp/bis/eng/players/41045153.html>Sato Teruaki</a>,94,402,362,57,103,23,4,26,212,66,9,2,0,1,108,39,6,0,4,0.285,0.353,0.586,0.939,198,0.301,0.336,43.0%,26.9%,9.7%,0.36,0.6,26,5,L,"<img src=""https://www.yakyucosmo.com/wp-content/uploads/2025/04/Tigers.jpg"" alt="""" width=""10"" height=""10"" class=""alignnone size-full wp-image-6224"" />",<a href=https://npb.jp/bis/eng/teams/index_t.html>Hanshin</a>,CL
,<a href=https://npb.jp/bis/eng/players/43745150.html>Fabian Sandro</a>,93,390,368,42,102,19,0,11,154,46,2,3,0,2,60,14,3,6,6,0.277,0.313,0.418,0.731,124,0.141,0.304,21.8%,15.4%,3.6%,0.23,-0.9,27,7,R,"<img src=""https://www.yakyucosmo.com/wp-content/uploads/2025/04/Carp.jpg"" alt="""" width=""10"" height=""10"" class=""alignnone size-full wp-image-6223"" />",<a href=https://npb.jp/bis/eng/teams/index_c.html>Hiroshima</a>,CL
,<a href=https://npb.jp/bis/eng/players/01705138.html>Kozono Kaito</a>,92,393,358,33,103,18,3,2,133,29,9,4,2,1,32,30,5,2,5,0.288,0.345,0.372,0.717,121,0.084,0.311,16.3%,8.1%,7.6%,0.94,-0.1,25,5,L,"<img src=""https://www.yakyucosmo.com/wp-content/uploads/2025/04/Carp.jpg"" alt="""" width=""10"" height=""10"" class=""alignnone size-full wp-image-6223"" />",<a href=https://npb.jp/bis/eng/teams/index_c.html>Hiroshima</a>,CL
,<a href=https://npb.jp/bis/eng/players/51055155.html>Suekane Shota</a>,83,335,304,28,77,9,3,7,113,42,2,3,0,2,64,28,0,1,1,0.253,0.316,0.372,0.688,111,0.119,0.298,29.6%,19.1%,8.4%,0.44,-0.9,29,9,R,"<img src=""https://www.yakyucosmo.com/wp-content/uploads/2025/04/Carp.jpg"" alt="""" width=""10"" height=""10"" class=""alignnone size-full wp-image-6223"" />",<a href=https://npb.jp/bis/eng/teams/index_c.html>Hiroshima</a>,CL
,<a href=https://npb.jp/bis/eng/players/93395153.html>Yano Masaya</a>,83,289,248,20,54,6,1,1,65,17,1,3,13,1,58,23,1,4,1,0.218,0.293,0.262,0.555,73,0.044,0.279,28.4%,20.1%,8.0%,0.40,-1.0,26,6,L,"<img src=""https://www.yakyucosmo.com/wp-content/uploads/2025/04/Carp.jpg"" alt="""" width=""10"" height=""10"" class=""alignnone size-full wp-image-6223"" />",<a href=https://npb.jp/bis/eng/teams/index_c.html>Hiroshima</a>,CL
,<a href=https://npb.jp/bis/eng/players/13115153.html>Maki Shugo</a>,93,391,364,48,101,24,0,16,173,49,3,4,0,1,76,16,5,10,6,0.277,0.325,0.475,0.800,146,0.198,0.311,27.6%,19.4%,4.1%,0.21,-1.0,27,4,R,"<img src=""https://www.yakyucosmo.com/wp-content/uploads/2025/04/BayStars.jpg"" alt="""" width=""10"" height=""10"" class=""alignnone size-full wp-image-6228"" />",<a href=https://npb.jp/bis/eng/teams/index_db.html>DeNA</a>,CL
,<a href=https://npb.jp/bis/eng/players/91995134.html>Sano Keita</a>,91,373,343,27,93,16,0,9,136,44,0,0,0,2,41,26,1,2,6,0.271,0.324,0.397,0.721,123,0.126,0.285,20.4%,11.0%,7.0%,0.63,-0.3,30,3,L,"<img src=""https://www.yakyucosmo.com/wp-content/uploads/2025/04/BayStars.jpg"" alt="""" width=""10"" height=""10"" class=""alignnone size-full wp-image-6228"" />",<a href=https://npb.jp/bis/eng/teams/index_db.html>DeNA</a>,CL
,<a href=https://npb.jp/bis/eng/players/73575150.html>Cabbage Trey</a>,76,292,265,25,64,13,0,10,107,33,3,3,1,1,88,21,2,4,2,0.242,0.306,0.404,0.710,124,0.162,0.321,40.8%,30.1%,7.2%,0.24,-0.7,28,9,L,"<img src=""https://www.yakyucosmo.com/wp-content/uploads/2025/04/Giants.jpg"" alt="""" width=""10"" height=""10"" class=""alignnone size-full wp-image-6227"" />",<a href=https://npb.jp/bis/eng/teams/index_g.html>Yomiuri</a>,CL
,<a href=https://npb.jp/bis/eng/players/61165159.html>Izuguchi Yuta</a>,84,362,319,35,90,12,0,4,114,21,4,4,6,2,42,32,2,3,5,0.282,0.351,0.357,0.708,125,0.075,0.313,21.5%,11.6%,8.8%,0.76,-0.9,26,6,L,"<img src=""https://www.yakyucosmo.com/wp-content/uploads/2025/04/Giants.jpg"" alt="""" width=""10"" height=""10"" class=""alignnone size-full wp-image-6227"" />",<a href=https://npb.jp/bis/eng/teams/index_g.html>Yomiuri</a>,CL
,<a href=https://npb.jp/bis/eng/players/73375134.html>Yoshikawa Naoki</a>,90,388,343,28,93,13,3,3,121,26,7,2,2,3,55,36,0,4,6,0.271,0.345,0.353,0.698,122,0.082,0.312,24.2%,14.2%,9.3%,0.65,0.2,30,4,L,"<img src=""https://www.yakyucosmo.com/wp-content/uploads/2025/04/Giants.jpg"" alt="""" width=""10"" height=""10"" class=""alignnone size-full wp-image-6227"" />",<a href=https://npb.jp/bis/eng/teams/index_g.html>Yomiuri</a>,CL
,<a href=https://npb.jp/bis/eng/players/23525153.html>Osuna Jose</a>,88,368,333,22,89,15,0,7,125,42,2,1,0,3,44,31,6,1,8,0.267,0.329,0.375,0.704,111,0.108,0.288,22.3%,12.0%,8.4%,0.70,-0.3,32,3,R,"<img src=""https://www.yakyucosmo.com/wp-content/uploads/2025/04/Swallows.jpg"" alt="""" width=""10"" height=""10"" class=""alignnone size-full wp-image-6226"" />",<a href=https://npb.jp/bis/eng/teams/index_s.html>Yakult</a>,CL
,<a href=https://npb.jp/bis/eng/players/91895133.html>Yamada Tetsuto</a>,79,276,248,15,55,11,0,6,84,24,2,0,0,2,47,24,2,2,6,0.222,0.293,0.339,0.632,90,0.117,0.249,27.9%,17.0%,8.7%,0.51,0.2,32,4,R,"<img src=""https://www.yakyucosmo.com/wp-content/uploads/2025/04/Swallows.jpg"" alt="""" width=""10"" height=""10"" class=""alignnone size-full wp-image-6226"" />",<a href=https://npb.jp/bis/eng/teams/index_s.html>Yakult</a>,CL
,<a href=https://npb.jp/bis/eng/players/81585151.html>Okabayashi Yuki</a>,93,416,374,46,106,18,5,3,143,23,15,3,3,2,42,36,7,1,1,0.283,0.346,0.382,0.728,139,0.099,0.311,19.5%,10.1%,8.7%,0.86,1.2,23,8,L,"<img src=""https://www.yakyucosmo.com/wp-content/uploads/2025/04/Dragons.jpg"" alt="""" width=""10"" height=""10"" class=""alignnone size-full wp-image-6225"" />",<a href=https://npb.jp/bis/eng/teams/index_d.html>Chunichi</a>,CL
,<a href=https://npb.jp/bis/eng/players/91395139.html>Uebayashi Seiji</a>,91,352,329,33,87,13,3,11,139,33,19,4,4,1,66,16,7,2,0,0.264,0.302,0.422,0.724,136,0.158,0.300,26.4%,18.8%,4.5%,0.24,1.7,29,9,L,"<img src=""https://www.yakyucosmo.com/wp-content/uploads/2025/04/Dragons.jpg"" alt="""" width=""10"" height=""10"" class=""alignnone size-full wp-image-6225"" />",<a href=https://npb.jp/bis/eng/teams/index_d.html>Chunichi</a>,CL
,<a href=https://npb.jp/bis/eng/players/91995151.html>Kurebayashi Kotaro</a>,75,296,268,18,64,10,1,5,91,28,0,2,0,4,37,21,2,3,6,0.239,0.297,0.340,0.637,101,0.101,0.257,21.3%,12.5%,7.1%,0.57,-0.9,23,6,R,"<img src=""https://www.yakyucosmo.com/wp-content/uploads/2025/04/Buffaloes.jpg"" alt="""" width=""10"" height=""10"" class=""alignnone size-full wp-image-6222"" />",<a href=https://npb.jp/bis/eng/teams/index_b.html>ORIX</a>,PL
,<a href=https://npb.jp/bis/eng/players/51255138.html>Nakagawa Keita</a>,77,296,276,37,74,18,1,8,118,42,7,2,3,2,37,15,1,0,7,0.268,0.304,0.428,0.732,130,0.160,0.283,20.3%,12.5%,5.1%,0.41,0.4,29,8,R,"<img src=""https://www.yakyucosmo.com/wp-content/uploads/2025/04/Buffaloes.jpg"" alt="""" width=""10"" height=""10"" class=""alignnone size-full wp-image-6222"" />",<a href=https://npb.jp/bis/eng/teams/index_b.html>ORIX</a>,PL
,<a href=https://npb.jp/bis/eng/players/71475132.html>Nishikawa Ryoma</a>,69,293,277,26,87,20,1,4,121,31,4,1,4,1,42,9,1,2,4,0.314,0.339,0.437,0.776,145,0.123,0.358,18.8%,14.3%,3.1%,0.21,0.1,30,7,L,"<img src=""https://www.yakyucosmo.com/wp-content/uploads/2025/04/Buffaloes.jpg"" alt="""" width=""10"" height=""10"" class=""alignnone size-full wp-image-6222"" />",<a href=https://npb.jp/bis/eng/teams/index_b.html>ORIX</a>,PL
,<a href=https://npb.jp/bis/eng/players/91395138.html>Ohta Ryo</a>,69,311,278,25,82,8,0,5,105,33,0,2,5,3,66,22,3,3,6,0.295,0.350,0.378,0.728,131,0.083,0.367,29.9%,21.2%,7.1%,0.33,-0.9,24,4,R,"<img src=""https://www.yakyucosmo.com/wp-content/uploads/2025/04/Buffaloes.jpg"" alt="""" width=""10"" height=""10"" class=""alignnone size-full wp-image-6222"" />",<a href=https://npb.jp/bis/eng/teams/index_b.html>ORIX</a>,PL
,<a href=https://npb.jp/bis/eng/players/61965132.html>Sugimoto Yutaro</a>,80,311,272,30,75,13,1,9,117,36,1,0,0,6,81,28,0,5,6,0.276,0.347,0.430,0.777,146,0.154,0.351,37.9%,26.0%,9.0%,0.35,-0.1,34,9,R,"<img src=""https://www.yakyucosmo.com/wp-content/uploads/2025/04/Buffaloes.jpg"" alt="""" width=""10"" height=""10"" class=""alignnone size-full wp-image-6222"" />",<a href=https://npb.jp/bis/eng/teams/index_b.html>ORIX</a>,PL
,<a href=https://npb.jp/bis/eng/players/81085138.html>Tongu Yuma</a>,85,351,310,25,78,15,0,8,117,38,1,0,0,4,50,34,2,3,7,0.252,0.328,0.377,0.705,123,0.125,0.273,26.2%,14.2%,9.7%,0.68,-0.1,28,3,R,"<img src=""https://www.yakyucosmo.com/wp-content/uploads/2025/04/Buffaloes.jpg"" alt="""" width=""10"" height=""10"" class=""alignnone size-full wp-image-6222"" />",<a href=https://npb.jp/bis/eng/teams/index_b.html>ORIX</a>,PL
,<a href=https://npb.jp/bis/eng/players/31635138.html>Fujiwara Kyota</a>,81,339,304,27,83,7,4,3,107,21,11,4,3,0,56,27,2,5,3,0.273,0.342,0.352,0.694,115,0.079,0.327,25.4%,16.5%,8.0%,0.48,0.3,25,8,L,"<img src=""https://www.yakyucosmo.com/wp-content/uploads/2025/04/Marines.jpg"" alt="""" width=""10"" height=""10"" class=""alignnone size-full wp-image-6240"" />",<a href=https://npb.jp/bis/eng/teams/index_m.html>Lotte</a>,PL
,<a href=https://npb.jp/bis/eng/players/51455159.html>Terachi Ryusei</a>,74,288,271,24,73,10,0,5,98,24,0,0,1,1,43,9,1,6,5,0.269,0.307,0.362,0.669,106,0.093,0.304,19.8%,14.9%,3.1%,0.21,-0.2,19,2,L,"<img src=""https://www.yakyucosmo.com/wp-content/uploads/2025/04/Marines.jpg"" alt="""" width=""10"" height=""10"" class=""alignnone size-full wp-image-6240"" />",<a href=https://npb.jp/bis/eng/teams/index_m.html>Lotte</a>,PL
,<a href=https://npb.jp/bis/eng/players/11215116.html>Nakamura Akira</a>,77,313,273,24,66,5,2,1,78,22,1,2,4,3,30,32,1,1,5,0.242,0.320,0.286,0.606,89,0.044,0.265,20.1%,9.6%,10.2%,1.07,-0.8,35,3,L,"<img src=""https://www.yakyucosmo.com/wp-content/uploads/2025/04/Hawks.jpg"" alt="""" width=""10"" height=""10"" class=""alignnone size-full wp-image-6220"" /> ",<a href=https://npb.jp/bis/eng/teams/index_h.html>SoftBank</a>,PL
,<a href=https://npb.jp/bis/eng/players/21925136.html>Shuto Ukyo</a>,67,298,269,37,82,12,2,3,107,30,27,3,1,0,47,25,2,3,5,0.305,0.370,0.398,0.768,137,0.093,0.361,25.2%,15.8%,8.4%,0.53,3.3,29,8,L,"<img src=""https://www.yakyucosmo.com/wp-content/uploads/2025/04/Hawks.jpg"" alt="""" width=""10"" height=""10"" class=""alignnone size-full wp-image-6220"" /> ",<a href=https://npb.jp/bis/eng/teams/index_h.html>SoftBank</a>,PL
,<a href=https://npb.jp/bis/eng/players/21425139.html>Yamakawa Hotaka</a>,83,322,292,32,61,6,0,16,115,46,0,0,0,3,85,24,3,3,5,0.209,0.273,0.394,0.667,105,0.185,0.232,38.8%,26.4%,7.5%,0.28,-0.2,33,DH,R,"<img src=""https://www.yakyucosmo.com/wp-content/uploads/2025/04/Hawks.jpg"" alt="""" width=""10"" height=""10"" class=""alignnone size-full wp-image-6220"" /> ",<a href=https://npb.jp/bis/eng/teams/index_h.html>SoftBank</a>,PL
,<a href=https://npb.jp/bis/eng/players/73175151.html>Yanagimachi Tatsuru</a>,82,323,275,30,80,10,1,3,101,28,2,2,3,0,68,41,1,4,6,0.291,0.391,0.367,0.758,135,0.076,0.377,34.7%,21.1%,12.7%,0.60,-0.6,28,9,L,"<img src=""https://www.yakyucosmo.com/wp-content/uploads/2025/04/Hawks.jpg"" alt="""" width=""10"" height=""10"" class=""alignnone size-full wp-image-6220"" /> ",<a href=https://npb.jp/bis/eng/teams/index_h.html>SoftBank</a>,PL
,<a href=https://npb.jp/bis/eng/players/51155118.html>Asamura Hideto</a>,72,294,246,20,59,10,1,5,86,24,1,0,0,1,63,42,4,5,8,0.240,0.361,0.350,0.711,132,0.110,0.302,37.4%,21.4%,14.3%,0.67,-0.1,34,3,R,"<img src=""https://www.yakyucosmo.com/wp-content/uploads/2025/04/Eagles.jpg"" alt="""" width=""10"" height=""10"" class=""alignnone size-full wp-image-6218"" />",<a href=https://npb.jp/bis/eng/teams/index_e.html>Rakuten</a>,PL
,<a href=https://npb.jp/bis/eng/players/61965151.html>Kobukata Hiroto</a>,88,314,265,26,61,5,1,1,71,13,25,5,11,1,56,36,0,1,1,0.230,0.323,0.268,0.591,92,0.038,0.287,29.6%,17.8%,11.5%,0.64,2.3,29,4,L,"<img src=""https://www.yakyucosmo.com/wp-content/uploads/2025/04/Eagles.jpg"" alt="""" width=""10"" height=""10"" class=""alignnone size-full wp-image-6218"" />",<a href=https://npb.jp/bis/eng/teams/index_e.html>Rakuten</a>,PL
,<a href=https://npb.jp/bis/eng/players/53155150.html>Muneyama Rui</a>,81,327,308,18,79,15,3,3,109,23,4,0,0,7,53,11,2,1,5,0.256,0.278,0.354,0.632,103,0.098,0.293,20.5%,16.2%,3.4%,0.21,0.5,22,6,L,"<img src=""https://www.yakyucosmo.com/wp-content/uploads/2025/04/Eagles.jpg"" alt="""" width=""10"" height=""10"" class=""alignnone size-full wp-image-6218"" />",<a href=https://npb.jp/bis/eng/teams/index_e.html>Rakuten</a>,PL
,<a href=https://npb.jp/bis/eng/players/41845132.html>Murabayashi Itsuki</a>,87,348,320,23,100,7,0,3,116,32,4,2,3,3,63,19,2,3,7,0.313,0.354,0.363,0.717,133,0.050,0.377,24.4%,18.1%,5.5%,0.30,-0.3,27,5,R,"<img src=""https://www.yakyucosmo.com/wp-content/uploads/2025/04/Eagles.jpg"" alt="""" width=""10"" height=""10"" class=""alignnone size-full wp-image-6218"" />",<a href=https://npb.jp/bis/eng/teams/index_e.html>Rakuten</a>,PL
,<a href=https://npb.jp/bis/eng/players/11015138.html>Tatsumi Ryosuke</a>,77,292,262,23,67,9,2,5,95,24,16,0,0,4,63,19,0,7,8,0.256,0.318,0.363,0.681,120,0.107,0.313,29.8%,21.6%,6.5%,0.30,2.5,28,8,L,"<img src=""https://www.yakyucosmo.com/wp-content/uploads/2025/04/Eagles.jpg"" alt="""" width=""10"" height=""10"" class=""alignnone size-full wp-image-6218"" />",<a href=https://npb.jp/bis/eng/teams/index_e.html>Rakuten</a>,PL
,<a href=https://npb.jp/bis/eng/players/81685153.html>Hasegawa Shinya</a>,91,345,308,35,70,15,3,6,109,29,5,2,5,4,43,25,1,3,6,0.227,0.288,0.354,0.642,101,0.127,0.243,21.4%,12.5%,7.2%,0.58,-0.0,23,9,R,"<img src=""https://www.yakyucosmo.com/wp-content/uploads/2025/04/Lions.jpg"" alt="""" width=""10"" height=""10"" class=""alignnone size-full wp-image-6219"" />",<a href=https://npb.jp/bis/eng/teams/index_l.html>Seibu</a>,PL
,<a href=https://npb.jp/bis/eng/players/53755150.html>Nevin Tyler</a>,93,386,342,30,101,21,0,10,152,42,2,1,0,4,51,32,3,8,7,0.295,0.365,0.444,0.809,153,0.149,0.319,24.1%,13.2%,8.3%,0.63,-0.3,28,3,R,"<img src=""https://www.yakyucosmo.com/wp-content/uploads/2025/04/Lions.jpg"" alt="""" width=""10"" height=""10"" class=""alignnone size-full wp-image-6219"" />",<a href=https://npb.jp/bis/eng/teams/index_l.html>Seibu</a>,PL
,<a href=https://npb.jp/bis/eng/players/51455136.html>Nishikawa Manaya</a>,93,413,378,44,99,18,1,6,137,22,18,5,2,2,55,26,1,5,3,0.262,0.316,0.362,0.678,112,0.100,0.292,21.1%,13.3%,6.3%,0.47,1.1,26,8,L,"<img src=""https://www.yakyucosmo.com/wp-content/uploads/2025/04/Lions.jpg"" alt="""" width=""10"" height=""10"" class=""alignnone size-full wp-image-6219"" />",<a href=https://npb.jp/bis/eng/teams/index_l.html>Seibu</a>,PL
,<a href=https://npb.jp/bis/eng/players/41545136.html>Kiyomiya Kotaro</a>,90,381,350,41,94,19,1,8,139,41,5,1,0,3,51,27,0,1,5,0.269,0.320,0.397,0.717,118,0.128,0.293,22.6%,13.4%,7.1%,0.53,0.2,26,5,L,"<img src=""https://www.yakyucosmo.com/wp-content/uploads/2025/04/Fighters.jpg"" alt="""" width=""10"" height=""10"" class=""alignnone size-full wp-image-6217"" />",<a href=https://npb.jp/bis/eng/teams/index_f.html>Nipponham</a>,PL
,<a href=https://npb.jp/bis/eng/players/11815138.html>Mannami Chusei</a>,89,343,309,36,72,20,1,17,145,42,1,1,0,0,91,33,6,1,5,0.233,0.309,0.469,0.778,135,0.236,0.274,41.1%,26.5%,9.6%,0.36,-0.3,25,9,R,"<img src=""https://www.yakyucosmo.com/wp-content/uploads/2025/04/Fighters.jpg"" alt="""" width=""10"" height=""10"" class=""alignnone size-full wp-image-6217"" />",<a href=https://npb.jp/bis/eng/teams/index_f.html>Nipponham</a>,PL
,<a href=https://npb.jp/bis/eng/players/73075159.html>Reyes Franmil</a>,87,358,321,40,91,13,0,20,164,59,0,0,0,1,83,36,2,0,6,0.283,0.355,0.511,0.866,161,0.228,0.324,38.8%,23.2%,10.1%,0.43,-0.3,29,DH,R,"<img src=""https://www.yakyucosmo.com/wp-content/uploads/2025/04/Fighters.jpg"" alt="""" width=""10"" height=""10"" class=""alignnone size-full wp-image-6217"" />",<a href=https://npb.jp/bis/eng/teams/index_f.html>Nipponham</a>,PL
