#,,Team,G,W,L,T,PCT,GB,RS,RA,Diff,XPCT,Home,Road,vs C,vs T,vs G,vs DB,vs D,vs S
,"<img src=""https://www.yakyucosmo.com/wp-content/uploads/2025/04/Carp.jpg"" alt="""" width=""10"" height=""10"" class=""alignnone size-full wp-image-6223"" />",<a href=https://npb.jp/bis/eng/teams/index_c.html>Hiroshima Carp</a>,16,9,6,1,0.600,--,60,44,16,0.638,8-3,1-3(1),--,1-2,3-0,3-0,2-2(1),0-2
,"<img src=""https://www.yakyucosmo.com/wp-content/uploads/2025/04/Tigers.jpg"" alt="""" width=""10"" height=""10"" class=""alignnone size-full wp-image-6224"" />",<a href=https://npb.jp/bis/eng/teams/index_t.html>Hanshin Tigers</a>,15,8,6,1,0.571,0.5,51,45,6,0.557,1-5(1),7-1,2-1,--,3-0,0-2(1),1-1,2-2
,"<img src=""https://www.yakyucosmo.com/wp-content/uploads/2025/04/Giants.jpg"" alt="""" width=""10"" height=""10"" class=""alignnone size-full wp-image-6227"" />",<a href=https://npb.jp/bis/eng/teams/index_g.html>Yomiuri Giants</a>,17,8,8,1,0.500,1.5,57,56,1,0.508,5-4,3-4(1),0-3,0-3,--,3-1(1),2-1,3-0
,"<img src=""https://www.yakyucosmo.com/wp-content/uploads/2025/04/BayStars.jpg"" alt="""" width=""10"" height=""10"" class=""alignnone size-full wp-image-6228"" />",<a href=https://npb.jp/bis/eng/teams/index_db.html>DeNA BayStars</a>,15,6,7,2,0.462,2.0,60,54,6,0.548,3-2(1),3-5(1),0-3,2-0(1),1-3(1),--,2-1,1-0
,"<img src=""https://www.yakyucosmo.com/wp-content/uploads/2025/04/Dragons.jpg"" alt="""" width=""10"" height=""10"" class=""alignnone size-full wp-image-6225"" />",<a href=https://npb.jp/bis/eng/teams/index_d.html>Chunichi Dragons</a>,16,6,8,2,0.429,2.5,29,43,-14,0.327,2-3(1),4-5(1),2-2(1),1-1,1-2,1-2,--,1-1(1)
,"<img src=""https://www.yakyucosmo.com/wp-content/uploads/2025/04/Swallows.jpg"" alt="""" width=""10"" height=""10"" class=""alignnone size-full wp-image-6226"" />",<a href=https://npb.jp/bis/eng/teams/index_s.html>Yakult Swallows</a>,13,5,7,1,0.417,2.5,37,52,-15,0.349,3-3(1),2-4,2-0,2-2,0-3,0-1,1-1(1),--
