Rank,Pitcher,G,W,L,SV,HLD,CG,SHO,BF,IP,H,HR,SO,BB,IBB,HB,WP,R,ER,ERA,FIP,kwERA,WHIP,ERA+,FIP-,kwERA-,Diff,HR%,K%,BB%,K-BB%,Age,T,Team,League
,<a href=https://npb.jp/bis/eng/players/41145153.html>Ishii Daichi</a>,1,0,0,0,1,0,0,8,2.0,1,0,1,1,1,0,0,0,0,0.00,3.59,4.80,1.00,999,117,135,-3.59,0.0%,12.5%,12.5%,0.0%,27,R,<a href=https://npb.jp/bis/eng/teams/index_t.html>Hanshin</a>,CL
,<a href=https://npb.jp/bis/eng/players/13315153.html>Murakami Shoki</a>,1,1,0,0,0,0,0,31,8.2,4,0,7,1,0,0,0,0,0,0.00,1.82,2.86,0.58,999,59,80,-1.82,0.0%,22.6%,3.2%,19.4%,27,R,<a href=https://npb.jp/bis/eng/teams/index_t.html>Hanshin</a>,CL
,<a href=https://npb.jp/bis/eng/players/51255157.html>Tomida Ren</a>,1,0,0,0,0,0,0,16,4.0,5,0,3,0,0,0,0,1,1,2.25,1.59,2.92,1.25,124,52,82,0.66,0.0%,18.8%,0.0%,18.8%,23,L,<a href=https://npb.jp/bis/eng/teams/index_t.html>Hanshin</a>,CL
,<a href=https://npb.jp/bis/eng/players/53155151.html>Morishita Masato</a>,1,0,1,0,0,0,0,27,7.0,4,1,6,3,0,0,0,2,2,2.57,4.52,3.69,1.00,113,141,104,-1.95,3.7%,22.2%,11.1%,11.1%,27,R,<a href=https://npb.jp/bis/eng/teams/index_c.html>Hiroshima</a>,CL
,<a href=https://npb.jp/bis/eng/players/11415134.html>Tokoda Hiroki</a>,1,0,1,0,0,0,0,29,7.0,7,1,4,1,1,0,0,3,3,3.86,4.23,3.77,1.14,76,132,106,-0.37,3.4%,13.8%,3.4%,10.4%,30,L,<a href=https://npb.jp/bis/eng/teams/index_c.html>Hiroshima</a>,CL
,<a href=https://npb.jp/bis/eng/players/51155136.html>Azuma Katsuki</a>,1,1,0,0,0,0,0,25,7.0,4,0,5,0,0,0,0,0,0,0.00,1.66,2.80,0.57,999,51,79,-1.66,0.0%,20.0%,0.0%,20.0%,29,L,<a href=https://npb.jp/bis/eng/teams/index_db.html>DeNA</a>,CL
,<a href=https://npb.jp/bis/eng/players/33235157.html>Bauer Trevor</a>,1,0,1,0,0,0,0,25,6.0,6,0,8,2,0,0,0,1,1,1.50,1.42,2.40,1.33,196,44,67,0.08,0.0%,32.0%,8.0%,24.0%,34,R,<a href=https://npb.jp/bis/eng/teams/index_db.html>DeNA</a>,CL
,<a href=https://npb.jp/bis/eng/players/51155155.html>Akahoshi Yuji</a>,1,1,0,0,0,0,0,15,5.0,1,0,5,0,0,0,0,0,0,0.00,1.09,1.47,0.20,999,35,41,-1.09,0.0%,33.3%,0.0%,33.3%,25,R,<a href=https://npb.jp/bis/eng/teams/index_g.html>Yomiuri</a>,CL
,<a href=https://npb.jp/bis/eng/players/21625151.html>Hotta Kenshin</a>,1,0,0,0,0,0,0,9,2.0,4,1,1,0,0,0,0,1,1,4.50,8.59,3.69,2.00,64,274,104,-4.09,11.1%,11.1%,0.0%,11.1%,24,R,<a href=https://npb.jp/bis/eng/teams/index_g.html>Yomiuri</a>,CL
,<a href=https://npb.jp/bis/eng/players/01105138.html>Izumi Keisuke</a>,1,0,0,0,0,0,0,6,2.0,0,0,2,0,0,0,0,0,0,0.00,1.09,1.47,0.00,999,35,41,-1.09,0.0%,33.3%,0.0%,33.3%,28,R,<a href=https://npb.jp/bis/eng/teams/index_g.html>Yomiuri</a>,CL
,<a href=https://npb.jp/bis/eng/players/41045138.html>Togo Shosei</a>,1,0,0,0,0,0,0,21,5.0,4,0,2,1,0,0,0,4,2,3.60,2.89,4.32,1.00,79,92,121,0.71,0.0%,9.5%,4.8%,4.7%,25,R,<a href=https://npb.jp/bis/eng/teams/index_g.html>Yomiuri</a>,CL
,<a href=https://npb.jp/bis/eng/players/51555136.html>Kanakubo Yuto</a>,1,0,0,0,0,0,0,15,2.2,6,2,1,1,0,0,1,5,5,16.88,13.21,4.80,2.63,19,385,135,3.67,13.3%,6.7%,6.7%,0.0%,25,R,<a href=https://npb.jp/bis/eng/teams/index_s.html>Yakult</a>,CL
,<a href=https://npb.jp/bis/eng/players/31735151.html>Okugawa Yasunobu</a>,1,0,0,0,0,0,0,24,6.0,7,0,2,0,0,0,0,0,0,0.00,2.42,3.97,1.17,999,70,112,-2.42,0.0%,8.3%,0.0%,8.3%,24,R,<a href=https://npb.jp/bis/eng/teams/index_s.html>Yakult</a>,CL
,<a href=https://npb.jp/bis/eng/players/21225137.html>Matsuba Takahiro</a>,1,1,0,0,0,0,0,23,7.0,2,0,5,0,0,0,0,0,0,0.00,1.66,2.63,0.29,999,56,74,-1.66,0.0%,21.7%,0.0%,21.7%,34,L,<a href=https://npb.jp/bis/eng/teams/index_d.html>Chunichi</a>,CL
,<a href=https://npb.jp/bis/eng/players/61265153.html>Takahashi Hiroto</a>,1,0,1,0,0,0,0,23,5.0,8,0,2,1,0,1,1,5,5,9.00,3.49,4.37,1.80,30,119,123,5.51,0.0%,8.7%,4.3%,4.4%,22,R,<a href=https://npb.jp/bis/eng/teams/index_d.html>Chunichi</a>,CL
,<a href=https://npb.jp/bis/eng/players/71775139.html>Kuri Allen</a>,1,0,0,0,0,0,0,27,6.0,7,0,1,5,0,0,0,2,2,3.00,5.25,6.28,2.00,94,169,176,-2.25,0.0%,3.7%,18.5%,-14.8%,33,R,<a href=https://npb.jp/bis/eng/teams/index_b.html>ORIX</a>,PL
,<a href=https://npb.jp/bis/eng/players/43945159.html>Machado Andres</a>,2,1,0,0,1,0,0,10,2.0,4,0,3,0,0,0,0,1,1,4.50,0.09,1.80,2.00,63,3,51,4.41,0.0%,30.0%,0.0%,30.0%,32,R,<a href=https://npb.jp/bis/eng/teams/index_b.html>ORIX</a>,PL
,<a href=https://npb.jp/bis/eng/players/71875151.html>Miyagi Hiroya</a>,1,0,0,0,0,0,0,26,8.0,2,0,7,0,0,0,0,1,1,1.13,1.34,2.11,0.25,250,43,59,-0.21,0.0%,26.9%,0.0%,26.9%,23,L,<a href=https://npb.jp/bis/eng/teams/index_b.html>ORIX</a>,PL
,<a href=https://npb.jp/bis/eng/players/31635153.html>Nakamori Shunsuke</a>,1,1,0,0,0,0,0,7,2.0,1,0,2,0,0,0,0,0,0,0.00,1.09,1.94,0.50,999,34,54,-1.09,0.0%,28.6%,0.0%,28.6%,23,R,<a href=https://npb.jp/bis/eng/teams/index_m.html>Lotte</a>,PL
,<a href=https://npb.jp/bis/eng/players/11515138.html>Ojima Kazuya</a>,1,0,0,0,0,0,0,19,4.0,4,0,4,4,0,0,0,1,1,2.25,4.09,4.80,2.00,132,126,135,-1.84,0.0%,21.1%,21.1%,0.0%,28,L,<a href=https://npb.jp/bis/eng/teams/index_m.html>Lotte</a>,PL
,<a href=https://npb.jp/bis/eng/players/31035157.html>Takano Shuta</a>,1,0,0,0,1,0,0,6,2.0,0,0,3,0,0,0,0,0,0,0.00,0.09,-0.20,0.00,999,3,-6,-0.09,0.0%,50.0%,0.0%,50.0%,26,L,<a href=https://npb.jp/bis/eng/teams/index_m.html>Lotte</a>,PL
,<a href=https://npb.jp/bis/eng/players/33035150.html>Voth Austin</a>,1,0,0,0,0,0,0,22,5.0,8,1,5,0,0,0,0,4,4,7.20,3.69,2.53,1.60,41,114,71,3.51,4.5%,22.7%,0.0%,22.7%,33,R,<a href=https://npb.jp/bis/eng/teams/index_m.html>Lotte</a>,PL
,<a href=https://npb.jp/bis/eng/players/51155130.html>Arihara Kohei</a>,1,0,1,0,0,0,0,29,7.0,8,1,3,0,0,0,0,7,7,9.00,4.09,3.77,1.14,33,127,106,4.91,3.4%,10.3%,0.0%,10.3%,32,R,<a href=https://npb.jp/bis/eng/teams/index_h.html>SoftBank</a>,PL
,<a href=https://npb.jp/bis/eng/players/01505151.html>Ohzeki Tomohisa</a>,1,0,0,0,0,0,0,20,5.0,4,1,1,1,0,0,0,3,3,5.40,5.89,4.80,1.00,55,182,135,-0.49,5.0%,5.0%,5.0%,0.0%,27,L,<a href=https://npb.jp/bis/eng/teams/index_h.html>SoftBank</a>,PL
,<a href=https://npb.jp/bis/eng/players/81285151.html>Tsumori Yuki</a>,1,0,0,0,0,0,0,13,2.0,4,0,1,2,0,1,0,1,1,4.50,6.59,5.57,3.00,65,204,156,-2.09,0.0%,7.7%,15.4%,-7.7%,27,R,<a href=https://npb.jp/bis/eng/teams/index_h.html>SoftBank</a>,PL
,<a href=https://npb.jp/bis/eng/players/31835153.html>Hayakawa Takahisa</a>,1,0,0,0,0,0,0,22,6.0,4,1,4,0,0,0,0,2,2,3.00,3.92,2.98,0.67,93,128,84,-0.92,4.5%,18.2%,0.0%,18.2%,26,L,<a href=https://npb.jp/bis/eng/teams/index_e.html>Rakuten</a>,PL
,<a href=https://npb.jp/bis/eng/players/21725159.html>Koja Tatsuki</a>,1,0,0,0,0,0,0,19,5.0,2,0,3,1,0,0,0,0,0,0.00,2.49,3.75,0.60,999,81,105,-2.49,0.0%,15.8%,5.3%,10.5%,23,L,<a href=https://npb.jp/bis/eng/teams/index_e.html>Rakuten</a>,PL
,<a href=https://npb.jp/bis/eng/players/31335134.html>Imai Tatsuya</a>,1,0,1,0,0,1,0,31,9.0,6,2,3,0,0,0,0,2,2,2.00,5.31,3.83,0.67,143,169,108,-3.31,6.5%,9.7%,0.0%,9.7%,27,R,<a href=https://npb.jp/bis/eng/teams/index_l.html>Seibu</a>,PL
,<a href=https://npb.jp/bis/eng/players/53155138.html>Watanabe Yutaro</a>,1,0,0,0,0,0,0,27,7.0,5,0,4,1,0,0,1,2,2,2.57,2.37,3.69,0.86,111,76,104,0.20,0.0%,14.8%,3.7%,11.1%,24,R,<a href=https://npb.jp/bis/eng/teams/index_l.html>Seibu</a>,PL
,<a href=https://npb.jp/bis/eng/players/51555157.html>Kanemura Shoma</a>,1,1,0,0,0,1,1,31,9.0,6,0,4,1,0,0,1,0,0,0.00,2.53,3.83,0.78,999,78,108,-2.53,0.0%,12.9%,3.2%,9.7%,24,R,<a href=https://npb.jp/bis/eng/teams/index_f.html>Nipponham</a>,PL
,<a href=https://npb.jp/bis/eng/players/41545132.html>Katoh Takayuki</a>,1,0,0,0,0,0,0,25,6.0,6,0,2,0,0,0,0,1,0,0.00,2.42,4.00,1.00,999,74,112,-2.42,0.0%,8.0%,0.0%,8.0%,33,L,<a href=https://npb.jp/bis/eng/teams/index_f.html>Nipponham</a>,PL
