#,Team,G,W,L,T,PCT,GB,RS,RA,Diff,XPCT,Home,Road,vs F,vs M,vs E,vs B,vs H,vs L
,<a href=https://npb.jp/bis/eng/teams/index_f.html>Nipponham Fighters</a>,2,2,0,0,1.000,--,5,2,3,0.842,--,2-0,--,--,--,--,--,2-0
,<a href=https://npb.jp/bis/eng/teams/index_m.html>Lotte Marines</a>,2,2,0,0,1.000,--,13,6,7,0.805,--,2-0,--,--,--,--,2-0,--
,<a href=https://npb.jp/bis/eng/teams/index_e.html>Rakuten Eagles</a>,2,1,1,0,0.500,1.0,7,7,0,0.500,--,1-1,--,--,--,1-1,--,--
,<a href=https://npb.jp/bis/eng/teams/index_b.html>ORIX Buffaloes</a>,2,1,1,0,0.500,1.0,7,7,0,0.500,1-1,--,--,--,1-1,--,--,--
,<a href=https://npb.jp/bis/eng/teams/index_h.html>SoftBank Hawks</a>,2,0,2,0,0.000,2.0,6,13,-7,0.195,0-2,--,--,0-2,--,--,--,--
,<a href=https://npb.jp/bis/eng/teams/index_l.html>Seibu Lions</a>,2,0,2,0,0.000,2.0,2,5,-3,0.158,0-2,--,0-2,--,--,--,--,--
