Home,,,Away
<a href=https://npb.jp/bis/eng/teams/index_g.html>Yomiuri Giants</a>,6,5,<a href=https://npb.jp/bis/eng/teams/index_s.html>Yakult Swallows</a>
<a href=https://npb.jp/bis/eng/teams/index_db.html>DeNA BayStars</a>,5,0,<a href=https://npb.jp/bis/eng/teams/index_d.html>Chunichi Dragons</a>
<a href=https://npb.jp/bis/eng/teams/index_c.html>Hiroshima Carp</a>,0,4,<a href=https://npb.jp/bis/eng/teams/index_t.html>Hanshin Tigers</a>
<a href=https://npb.jp/bis/eng/teams/index_l.html>Seibu Lions</a>,0,2,<a href=https://npb.jp/bis/eng/teams/index_f.html>Nipponham Fighters</a>
<a href=https://npb.jp/bis/eng/teams/index_b.html>ORIX Buffaloes</a>,3,2,<a href=https://npb.jp/bis/eng/teams/index_e.html>Rakuten Eagles</a>
<a href=https://npb.jp/bis/eng/teams/index_h.html>SoftBank Hawks</a>,2,8,<a href=https://npb.jp/bis/eng/teams/index_m.html>Lotte Marines</a>
