#,,Team,G,W,L,T,PCT,GB,RS,RA,Diff,XPCT,Home,Road,vs H,vs F,vs B,vs E,vs L,vs M,Inter
,"<img src=""https://www.yakyucosmo.com/wp-content/uploads/2025/04/Hawks.jpg"" alt="""" width=""10"" height=""10"" class=""alignnone size-full wp-image-6220"" /> ",<a href=https://npb.jp/bis/eng/teams/index_h.html>SoftBank Hawks</a>,99,59,36,4,0.621,--,384,271,113,0.654,29-17(3),30-19(1),--,9-7,9-3(2),8-9,11-7,10-5(1),12-5(1)
,"<img src=""https://www.yakyucosmo.com/wp-content/uploads/2025/04/Fighters.jpg"" alt="""" width=""10"" height=""10"" class=""alignnone size-full wp-image-6217"" />",<a href=https://npb.jp/bis/eng/teams/index_f.html>Nipponham Fighters</a>,99,60,37,2,0.619,0.0,380,256,124,0.673,28-21,32-16(2),7-9,--,9-8(1),13-3(1),11-5,9-5,11-7
,"<img src=""https://www.yakyucosmo.com/wp-content/uploads/2025/04/Buffaloes.jpg"" alt="""" width=""10"" height=""10"" class=""alignnone size-full wp-image-6222"" />",<a href=https://npb.jp/bis/eng/teams/index_b.html>ORIX Buffaloes</a>,97,49,45,3,0.521,9.5,335,358,-23,0.470,27-22(2),22-23(1),3-9(2),8-9(1),--,9-6,8-8,10-6,11-7
,"<img src=""https://www.yakyucosmo.com/wp-content/uploads/2025/04/Eagles.jpg"" alt="""" width=""10"" height=""10"" class=""alignnone size-full wp-image-6218"" />",<a href=https://npb.jp/bis/eng/teams/index_e.html>Rakuten Eagles</a>,97,46,49,2,0.484,13.0,275,323,-48,0.427,23-22(1),23-27(1),9-8,3-13(1),6-9,--,8-6,11-5,9-8(1)
,"<img src=""https://www.yakyucosmo.com/wp-content/uploads/2025/04/Lions.jpg"" alt="""" width=""10"" height=""10"" class=""alignnone size-full wp-image-6219"" />",<a href=https://npb.jp/bis/eng/teams/index_l.html>Seibu Lions</a>,98,44,52,2,0.458,15.5,254,287,-33,0.444,26-25(1),18-27(1),7-11,5-11,8-8,6-8,--,8-6(2),10-8
,"<img src=""https://www.yakyucosmo.com/wp-content/uploads/2025/04/Marines.jpg"" alt="""" width=""10"" height=""10"" class=""alignnone size-full wp-image-6240"" />",<a href=https://npb.jp/bis/eng/teams/index_m.html>Lotte Marines</a>,96,37,56,3,0.398,21.0,286,382,-96,0.371,21-24(1),16-32(2),5-10(1),5-9,6-10,5-11,6-8(2),--,10-8
