#,,Team,G,W,L,T,PCT,GB,RS,RA,Diff,XPCT,Home,Road,vs F,vs L,vs B,vs H,vs E,vs M
,"<img src=""https://www.yakyucosmo.com/wp-content/uploads/2025/04/Fighters.jpg"" alt="""" width=""10"" height=""10"" class=""alignnone size-full wp-image-6217"" />",<a href=https://npb.jp/bis/eng/teams/index_f.html>Nipponham Fighters</a>,40,23,16,1,0.590,--,150,115,35,0.619,9-12,14-4(1),--,5-3,5-6(1),4-1,6-2,3-4
,"<img src=""https://www.yakyucosmo.com/wp-content/uploads/2025/04/Lions.jpg"" alt="""" width=""10"" height=""10"" class=""alignnone size-full wp-image-6219"" />",<a href=https://npb.jp/bis/eng/teams/index_l.html>Seibu Lions</a>,40,22,18,0,0.550,1.5,112,104,8,0.534,14-9,8-9,3-5,--,6-3,6-6,3-1,4-3
,"<img src=""https://www.yakyucosmo.com/wp-content/uploads/2025/04/Buffaloes.jpg"" alt="""" width=""10"" height=""10"" class=""alignnone size-full wp-image-6222"" />",<a href=https://npb.jp/bis/eng/teams/index_b.html>ORIX Buffaloes</a>,41,20,18,3,0.526,2.5,137,147,-10,0.468,8-10(2),12-8(1),6-5(1),3-6,--,1-5(2),6-2,4-0
,"<img src=""https://www.yakyucosmo.com/wp-content/uploads/2025/04/Hawks.jpg"" alt="""" width=""10"" height=""10"" class=""alignnone size-full wp-image-6220"" /> ",<a href=https://npb.jp/bis/eng/teams/index_h.html>SoftBank Hawks</a>,42,20,20,2,0.500,3.5,153,128,25,0.581,9-13(1),11-7(1),1-4,6-6,5-1(2),--,3-6,5-3
,"<img src=""https://www.yakyucosmo.com/wp-content/uploads/2025/04/Eagles.jpg"" alt="""" width=""10"" height=""10"" class=""alignnone size-full wp-image-6218"" />",<a href=https://npb.jp/bis/eng/teams/index_e.html>Rakuten Eagles</a>,40,18,22,0,0.450,5.5,115,133,-18,0.434,8-10,10-12,2-6,1-3,2-6,6-3,--,7-4
,"<img src=""https://www.yakyucosmo.com/wp-content/uploads/2025/04/Marines.jpg"" alt="""" width=""10"" height=""10"" class=""alignnone size-full wp-image-6240"" />",<a href=https://npb.jp/bis/eng/teams/index_m.html>Lotte Marines</a>,37,14,23,0,0.378,8.0,91,131,-40,0.339,6-9,8-14,4-3,3-4,0-4,3-5,4-7,--
