#,,Team,G,W,L,T,PCT,GB,RS,RA,Diff,XPCT,Home,Road,vs C,vs T,vs G,vs D,vs S,vs DB
,"<img src=""https://www.yakyucosmo.com/wp-content/uploads/2025/04/Carp.jpg"" alt="""" width=""10"" height=""10"" class=""alignnone size-full wp-image-6223"" />",<a href=https://npb.jp/bis/eng/teams/index_c.html>Hiroshima Carp</a>,20,12,7,1,0.632,--,76,55,21,0.644,9-3,3-4(1),--,3-3,3-0,2-2(1),1-2,3-0
,"<img src=""https://www.yakyucosmo.com/wp-content/uploads/2025/04/Tigers.jpg"" alt="""" width=""10"" height=""10"" class=""alignnone size-full wp-image-6224"" />",<a href=https://npb.jp/bis/eng/teams/index_t.html>Hanshin Tigers</a>,20,11,8,1,0.579,1.0,68,58,10,0.572,2-7(1),9-1,3-3,--,3-0,1-1,2-2,2-2(1)
,"<img src=""https://www.yakyucosmo.com/wp-content/uploads/2025/04/Giants.jpg"" alt="""" width=""10"" height=""10"" class=""alignnone size-full wp-image-6227"" />",<a href=https://npb.jp/bis/eng/teams/index_g.html>Yomiuri Giants</a>,22,12,9,1,0.571,1.0,82,66,16,0.598,7-4,5-5(1),0-3,0-3,--,4-1,5-1,3-1(1)
,"<img src=""https://www.yakyucosmo.com/wp-content/uploads/2025/04/Dragons.jpg"" alt="""" width=""10"" height=""10"" class=""alignnone size-full wp-image-6225"" />",<a href=https://npb.jp/bis/eng/teams/index_d.html>Chunichi Dragons</a>,20,8,10,2,0.444,3.5,35,55,-20,0.304,4-3(1),4-7(1),2-2(1),1-1,1-4,--,1-1(1),3-2
,"<img src=""https://www.yakyucosmo.com/wp-content/uploads/2025/04/Swallows.jpg"" alt="""" width=""10"" height=""10"" class=""alignnone size-full wp-image-6226"" />",<a href=https://npb.jp/bis/eng/teams/index_s.html>Yakult Swallows</a>,17,6,10,1,0.375,4.5,47,74,-27,0.304,4-5(1),2-5,2-1,2-2,1-5,1-1(1),--,0-1
,"<img src=""https://www.yakyucosmo.com/wp-content/uploads/2025/04/BayStars.jpg"" alt="""" width=""10"" height=""10"" class=""alignnone size-full wp-image-6228"" />",<a href=https://npb.jp/bis/eng/teams/index_db.html>DeNA BayStars</a>,19,6,11,2,0.353,5.0,66,66,0,0.500,3-4(1),3-7(1),0-3,2-2(1),1-3(1),2-3,1-0,--
