Rank,Player,G,PA,AB,R,H,2B,3B,HR,TB,RBI,SB,CS,SH,SF,SO,BB,IBB,HP,GDP,AVG,OBP,SLG,OPS,OPS+,ISO,BABIP,TTO%,K%,BB%,BB/K,Age,Pos,B,,Team,League
,<a href=https://npb.jp/bis/eng/players/71075138.html>Chikamoto Koji</a>,14,65,58,8,14,3,0,1,20,2,1,1,0,0,7,6,1,1,0,0.241,0.323,0.345,0.668,114,0.104,0.260,21.5%,10.8%,9.2%,0.86,30,8,L,"<img src=""https://www.yakyucosmo.com/wp-content/uploads/2025/04/Tigers.jpg"" alt="""" width=""10"" height=""10"" class=""alignnone size-full wp-image-6224"" />",<a href=https://npb.jp/bis/eng/teams/index_t.html>Hanshin</a>,CL
,<a href=https://npb.jp/bis/eng/players/31735138.html>Kinami Seiya</a>,14,51,45,2,11,2,0,0,13,7,0,0,1,0,12,3,0,2,0,0.244,0.320,0.289,0.609,97,0.045,0.333,29.4%,23.5%,5.9%,0.25,31,6,L,"<img src=""https://www.yakyucosmo.com/wp-content/uploads/2025/04/Tigers.jpg"" alt="""" width=""10"" height=""10"" class=""alignnone size-full wp-image-6224"" />",<a href=https://npb.jp/bis/eng/teams/index_t.html>Hanshin</a>,CL
,<a href=https://npb.jp/bis/eng/players/21825155.html>Maegawa Ukyo</a>,13,49,43,5,12,4,0,0,16,4,0,0,0,0,5,4,1,2,0,0.279,0.367,0.372,0.739,138,0.093,0.316,18.4%,10.2%,8.2%,0.80,22,7,L,"<img src=""https://www.yakyucosmo.com/wp-content/uploads/2025/04/Tigers.jpg"" alt="""" width=""10"" height=""10"" class=""alignnone size-full wp-image-6224"" />",<a href=https://npb.jp/bis/eng/teams/index_t.html>Hanshin</a>,CL
,<a href=https://npb.jp/bis/eng/players/43145157.html>Morishita Shota</a>,14,61,56,8,15,2,0,1,20,7,1,0,0,1,8,3,1,1,3,0.268,0.311,0.357,0.668,114,0.089,0.292,19.7%,13.1%,4.9%,0.38,24,9,R,"<img src=""https://www.yakyucosmo.com/wp-content/uploads/2025/04/Tigers.jpg"" alt="""" width=""10"" height=""10"" class=""alignnone size-full wp-image-6224"" />",<a href=https://npb.jp/bis/eng/teams/index_t.html>Hanshin</a>,CL
,<a href=https://npb.jp/bis/eng/players/41445153.html>Nakano Takumu</a>,14,62,56,6,14,3,0,0,17,2,3,0,2,0,6,4,0,0,1,0.250,0.300,0.304,0.604,94,0.054,0.280,16.1%,9.7%,6.5%,0.67,29,4,L,"<img src=""https://www.yakyucosmo.com/wp-content/uploads/2025/04/Tigers.jpg"" alt="""" width=""10"" height=""10"" class=""alignnone size-full wp-image-6224"" />",<a href=https://npb.jp/bis/eng/teams/index_t.html>Hanshin</a>,CL
,<a href=https://npb.jp/bis/eng/players/21325134.html>Ohyama Yusuke</a>,14,58,52,5,13,3,1,0,18,6,1,0,0,0,5,6,0,0,2,0.250,0.328,0.346,0.674,116,0.096,0.277,19.0%,8.6%,10.3%,1.20,30,3,R,"<img src=""https://www.yakyucosmo.com/wp-content/uploads/2025/04/Tigers.jpg"" alt="""" width=""10"" height=""10"" class=""alignnone size-full wp-image-6224"" />",<a href=https://npb.jp/bis/eng/teams/index_t.html>Hanshin</a>,CL
,<a href=https://npb.jp/bis/eng/players/41045153.html>Sato Teruaki</a>,13,53,51,9,10,2,1,4,26,9,0,0,0,0,24,2,0,0,0,0.196,0.226,0.510,0.736,132,0.314,0.261,56.6%,45.3%,3.8%,0.08,26,5,L,"<img src=""https://www.yakyucosmo.com/wp-content/uploads/2025/04/Tigers.jpg"" alt="""" width=""10"" height=""10"" class=""alignnone size-full wp-image-6224"" />",<a href=https://npb.jp/bis/eng/teams/index_t.html>Hanshin</a>,CL
,<a href=https://npb.jp/bis/eng/players/43745150.html>Fabian Sandro</a>,15,59,56,6,15,3,0,2,24,7,0,0,0,0,7,3,1,0,1,0.268,0.305,0.429,0.734,129,0.161,0.277,20.3%,11.9%,5.1%,0.43,27,7,R,"<img src=""https://www.yakyucosmo.com/wp-content/uploads/2025/04/Carp.jpg"" alt="""" width=""10"" height=""10"" class=""alignnone size-full wp-image-6223"" />",<a href=https://npb.jp/bis/eng/teams/index_c.html>Hiroshima</a>,CL
,<a href=https://npb.jp/bis/eng/players/91895153.html>Futamata Shoichi</a>,14,50,46,4,7,1,0,1,11,2,1,1,1,0,9,3,0,0,0,0.152,0.204,0.239,0.443,40,0.087,0.167,26.0%,18.0%,6.0%,0.33,22,8,R,"<img src=""https://www.yakyucosmo.com/wp-content/uploads/2025/04/Carp.jpg"" alt="""" width=""10"" height=""10"" class=""alignnone size-full wp-image-6223"" />",<a href=https://npb.jp/bis/eng/teams/index_c.html>Hiroshima</a>,CL
,<a href=https://npb.jp/bis/eng/players/61565135.html>Kikuchi Ryosuke</a>,14,55,50,4,11,2,0,0,13,6,0,1,2,1,11,2,0,0,1,0.220,0.245,0.260,0.505,59,0.040,0.275,23.6%,20.0%,3.6%,0.18,35,4,R,"<img src=""https://www.yakyucosmo.com/wp-content/uploads/2025/04/Carp.jpg"" alt="""" width=""10"" height=""10"" class=""alignnone size-full wp-image-6223"" />",<a href=https://npb.jp/bis/eng/teams/index_c.html>Hiroshima</a>,CL
,<a href=https://npb.jp/bis/eng/players/01705138.html>Kozono Kaito</a>,15,67,59,12,25,8,0,0,33,7,2,0,0,0,3,8,3,0,1,0.424,0.493,0.559,1.052,230,0.135,0.446,16.4%,4.5%,11.9%,2.67,25,5,L,"<img src=""https://www.yakyucosmo.com/wp-content/uploads/2025/04/Carp.jpg"" alt="""" width=""10"" height=""10"" class=""alignnone size-full wp-image-6223"" />",<a href=https://npb.jp/bis/eng/teams/index_c.html>Hiroshima</a>,CL
,<a href=https://npb.jp/bis/eng/players/51055155.html>Suekane Shota</a>,11,47,45,9,16,3,1,2,27,14,1,0,0,0,9,2,0,0,0,0.356,0.383,0.600,0.983,205,0.244,0.412,27.7%,19.1%,4.3%,0.22,29,9,R,"<img src=""https://www.yakyucosmo.com/wp-content/uploads/2025/04/Carp.jpg"" alt="""" width=""10"" height=""10"" class=""alignnone size-full wp-image-6223"" />",<a href=https://npb.jp/bis/eng/teams/index_c.html>Hiroshima</a>,CL
,<a href=https://npb.jp/bis/eng/players/93395153.html>Yano Masaya</a>,15,68,56,7,13,2,0,0,15,4,0,2,5,0,11,6,0,1,0,0.232,0.317,0.268,0.585,85,0.036,0.289,25.0%,16.2%,8.8%,0.55,26,6,L,"<img src=""https://www.yakyucosmo.com/wp-content/uploads/2025/04/Carp.jpg"" alt="""" width=""10"" height=""10"" class=""alignnone size-full wp-image-6223"" />",<a href=https://npb.jp/bis/eng/teams/index_c.html>Hiroshima</a>,CL
,<a href=https://npb.jp/bis/eng/players/51555155.html>Kajiwara Kouki</a>,13,61,60,7,16,4,0,1,23,5,0,1,0,0,12,0,0,1,0,0.267,0.279,0.383,0.662,106,0.116,0.319,21.3%,19.7%,0.0%,0.00,25,8,L,"<img src=""https://www.yakyucosmo.com/wp-content/uploads/2025/04/BayStars.jpg"" alt="""" width=""10"" height=""10"" class=""alignnone size-full wp-image-6228"" />",<a href=https://npb.jp/bis/eng/teams/index_db.html>DeNA</a>,CL
,<a href=https://npb.jp/bis/eng/players/13115153.html>Maki Shugo</a>,13,59,56,8,16,5,0,3,30,11,0,0,0,0,8,2,1,1,0,0.286,0.322,0.536,0.858,165,0.250,0.289,22.0%,13.6%,3.4%,0.25,27,4,R,"<img src=""https://www.yakyucosmo.com/wp-content/uploads/2025/04/BayStars.jpg"" alt="""" width=""10"" height=""10"" class=""alignnone size-full wp-image-6228"" />",<a href=https://npb.jp/bis/eng/teams/index_db.html>DeNA</a>,CL
,<a href=https://npb.jp/bis/eng/players/51455137.html>Miyazaki Toshiro</a>,12,46,42,5,12,1,0,0,13,4,0,0,0,1,6,3,0,0,3,0.286,0.326,0.310,0.636,100,0.024,0.324,19.6%,13.0%,6.5%,0.50,36,5,R,"<img src=""https://www.yakyucosmo.com/wp-content/uploads/2025/04/BayStars.jpg"" alt="""" width=""10"" height=""10"" class=""alignnone size-full wp-image-6228"" />",<a href=https://npb.jp/bis/eng/teams/index_db.html>DeNA</a>,CL
,<a href=https://npb.jp/bis/eng/players/33135151.html>Mori Keito</a>,13,43,40,4,7,0,1,0,9,4,0,0,0,1,11,2,0,0,0,0.175,0.209,0.225,0.434,36,0.050,0.233,30.2%,25.6%,4.7%,0.18,23,6,L,"<img src=""https://www.yakyucosmo.com/wp-content/uploads/2025/04/BayStars.jpg"" alt="""" width=""10"" height=""10"" class=""alignnone size-full wp-image-6228"" />",<a href=https://npb.jp/bis/eng/teams/index_db.html>DeNA</a>,CL
,<a href=https://npb.jp/bis/eng/players/91995134.html>Sano Keita</a>,12,48,44,4,14,1,0,0,15,5,0,0,0,0,4,4,0,0,1,0.318,0.375,0.341,0.716,125,0.023,0.350,16.7%,8.3%,8.3%,1.00,30,3,L,"<img src=""https://www.yakyucosmo.com/wp-content/uploads/2025/04/BayStars.jpg"" alt="""" width=""10"" height=""10"" class=""alignnone size-full wp-image-6228"" />",<a href=https://npb.jp/bis/eng/teams/index_db.html>DeNA</a>,CL
,<a href=https://npb.jp/bis/eng/players/73575150.html>Cabbage Trey</a>,13,59,55,8,17,5,0,3,31,8,2,1,0,0,13,1,0,3,1,0.309,0.356,0.564,0.920,189,0.255,0.359,28.8%,22.0%,1.7%,0.08,28,9,L,"<img src=""https://www.yakyucosmo.com/wp-content/uploads/2025/04/Giants.jpg"" alt="""" width=""10"" height=""10"" class=""alignnone size-full wp-image-6227"" />",<a href=https://npb.jp/bis/eng/teams/index_g.html>Yomiuri</a>,CL
,<a href=https://npb.jp/bis/eng/players/33235159.html>Hernandez Elier</a>,15,63,56,4,12,4,0,1,19,4,0,1,0,0,13,6,0,1,2,0.214,0.302,0.339,0.641,103,0.125,0.262,31.7%,20.6%,9.5%,0.46,30,8,R,"<img src=""https://www.yakyucosmo.com/wp-content/uploads/2025/04/Giants.jpg"" alt="""" width=""10"" height=""10"" class=""alignnone size-full wp-image-6227"" />",<a href=https://npb.jp/bis/eng/teams/index_g.html>Yomiuri</a>,CL
,<a href=https://npb.jp/bis/eng/players/91595133.html>Kai Takuya</a>,15,59,54,5,19,3,0,1,25,7,2,0,0,1,8,4,0,0,0,0.352,0.390,0.463,0.853,171,0.111,0.391,22.0%,13.6%,6.8%,0.50,32,2,R,"<img src=""https://www.yakyucosmo.com/wp-content/uploads/2025/04/Giants.jpg"" alt="""" width=""10"" height=""10"" class=""alignnone size-full wp-image-6227"" />",<a href=https://npb.jp/bis/eng/teams/index_g.html>Yomiuri</a>,CL
,<a href=https://npb.jp/bis/eng/players/11515130.html>Okamoto Kazuma</a>,15,65,54,9,20,5,1,3,36,10,1,0,0,1,8,8,1,2,1,0.370,0.462,0.667,1.129,257,0.297,0.386,29.2%,12.3%,12.3%,1.00,29,3,R,"<img src=""https://www.yakyucosmo.com/wp-content/uploads/2025/04/Giants.jpg"" alt="""" width=""10"" height=""10"" class=""alignnone size-full wp-image-6227"" />",<a href=https://npb.jp/bis/eng/teams/index_g.html>Yomiuri</a>,CL
,<a href=https://npb.jp/bis/eng/players/53555153.html>Wakabayashi Gakuto</a>,14,52,48,9,10,1,0,0,11,3,1,0,1,0,6,3,0,0,0,0.208,0.255,0.229,0.484,55,0.021,0.238,17.3%,11.5%,5.8%,0.50,27,7,R,"<img src=""https://www.yakyucosmo.com/wp-content/uploads/2025/04/Giants.jpg"" alt="""" width=""10"" height=""10"" class=""alignnone size-full wp-image-6227"" />",<a href=https://npb.jp/bis/eng/teams/index_g.html>Yomiuri</a>,CL
,<a href=https://npb.jp/bis/eng/players/73375134.html>Yoshikawa Naoki</a>,15,67,63,4,21,4,0,0,25,6,0,0,0,1,9,3,0,0,1,0.333,0.358,0.397,0.755,139,0.064,0.382,17.9%,13.4%,4.5%,0.33,30,4,L,"<img src=""https://www.yakyucosmo.com/wp-content/uploads/2025/04/Giants.jpg"" alt="""" width=""10"" height=""10"" class=""alignnone size-full wp-image-6227"" />",<a href=https://npb.jp/bis/eng/teams/index_g.html>Yomiuri</a>,CL
,<a href=https://npb.jp/bis/eng/players/51155153.html>Akahane Yoshihiro</a>,11,46,45,2,10,3,0,0,13,3,0,1,0,0,8,1,0,0,0,0.222,0.239,0.289,0.528,61,0.067,0.270,19.6%,17.4%,2.2%,0.12,25,UTL,R,"<img src=""https://www.yakyucosmo.com/wp-content/uploads/2025/04/Swallows.jpg"" alt="""" width=""10"" height=""10"" class=""alignnone size-full wp-image-6226"" />",<a href=https://npb.jp/bis/eng/teams/index_s.html>Yakult</a>,CL
,<a href=https://npb.jp/bis/eng/players/61865132.html>Mogi Eigoro</a>,11,40,35,1,10,1,0,0,11,4,0,0,0,0,8,5,1,0,0,0.286,0.375,0.314,0.689,111,0.028,0.370,32.5%,20.0%,12.5%,0.62,31,5,L,"<img src=""https://www.yakyucosmo.com/wp-content/uploads/2025/04/Swallows.jpg"" alt="""" width=""10"" height=""10"" class=""alignnone size-full wp-image-6226"" />",<a href=https://npb.jp/bis/eng/teams/index_s.html>Yakult</a>,CL
,<a href=https://npb.jp/bis/eng/players/51455151.html>Nagaoka Hideki</a>,12,49,47,3,10,2,0,0,12,0,0,0,1,0,5,1,0,0,3,0.213,0.229,0.255,0.484,49,0.042,0.238,12.2%,10.2%,2.0%,0.20,23,6,L,"<img src=""https://www.yakyucosmo.com/wp-content/uploads/2025/04/Swallows.jpg"" alt="""" width=""10"" height=""10"" class=""alignnone size-full wp-image-6226"" />",<a href=https://npb.jp/bis/eng/teams/index_s.html>Yakult</a>,CL
,<a href=https://npb.jp/bis/eng/players/23525153.html>Osuna Jose</a>,12,49,48,5,11,5,0,0,16,3,0,0,0,0,3,1,0,0,0,0.229,0.245,0.333,0.578,75,0.104,0.244,8.2%,6.1%,2.0%,0.33,32,3,R,"<img src=""https://www.yakyucosmo.com/wp-content/uploads/2025/04/Swallows.jpg"" alt="""" width=""10"" height=""10"" class=""alignnone size-full wp-image-6226"" />",<a href=https://npb.jp/bis/eng/teams/index_s.html>Yakult</a>,CL
,<a href=https://npb.jp/bis/eng/players/53755153.html>Santana Domingo</a>,12,48,43,7,9,1,0,1,13,2,0,0,0,0,16,5,0,0,1,0.209,0.292,0.302,0.594,81,0.093,0.308,45.8%,33.3%,10.4%,0.31,32,7,R,"<img src=""https://www.yakyucosmo.com/wp-content/uploads/2025/04/Swallows.jpg"" alt="""" width=""10"" height=""10"" class=""alignnone size-full wp-image-6226"" />",<a href=https://npb.jp/bis/eng/teams/index_s.html>Yakult</a>,CL
,<a href=https://npb.jp/bis/eng/players/93795157.html>Calixte Orlando</a>,14,46,39,3,7,1,1,0,10,2,1,0,1,1,13,5,0,0,1,0.179,0.267,0.256,0.523,71,0.077,0.259,39.1%,28.3%,10.9%,0.38,33,3,R,"<img src=""https://www.yakyucosmo.com/wp-content/uploads/2025/04/Dragons.jpg"" alt="""" width=""10"" height=""10"" class=""alignnone size-full wp-image-6225"" />",<a href=https://npb.jp/bis/eng/teams/index_d.html>Chunichi</a>,CL
,<a href=https://npb.jp/bis/eng/players/31835134.html>Hosokawa Seiya</a>,15,54,43,2,7,2,0,1,12,4,0,0,0,1,13,10,1,0,3,0.163,0.315,0.279,0.594,96,0.116,0.200,44.4%,24.1%,18.5%,0.77,26,9,R,"<img src=""https://www.yakyucosmo.com/wp-content/uploads/2025/04/Dragons.jpg"" alt="""" width=""10"" height=""10"" class=""alignnone size-full wp-image-6225"" />",<a href=https://npb.jp/bis/eng/teams/index_d.html>Chunichi</a>,CL
,<a href=https://npb.jp/bis/eng/players/91195151.html>Ishikawa Takaya</a>,13,52,50,4,8,2,0,0,10,3,0,1,0,0,18,1,0,1,1,0.160,0.192,0.200,0.392,26,0.040,0.250,36.5%,34.6%,1.9%,0.06,24,5,R,"<img src=""https://www.yakyucosmo.com/wp-content/uploads/2025/04/Dragons.jpg"" alt="""" width=""10"" height=""10"" class=""alignnone size-full wp-image-6225"" />",<a href=https://npb.jp/bis/eng/teams/index_d.html>Chunichi</a>,CL
,<a href=https://npb.jp/bis/eng/players/91395132.html>Itayama Yutaro</a>,13,46,41,1,8,2,0,0,10,1,0,0,1,0,8,4,1,0,2,0.195,0.267,0.244,0.511,67,0.049,0.242,26.1%,17.4%,8.7%,0.50,31,4,L,"<img src=""https://www.yakyucosmo.com/wp-content/uploads/2025/04/Dragons.jpg"" alt="""" width=""10"" height=""10"" class=""alignnone size-full wp-image-6225"" />",<a href=https://npb.jp/bis/eng/teams/index_d.html>Chunichi</a>,CL
,<a href=https://npb.jp/bis/eng/players/03105157.html>Muramatsu Kaito</a>,15,60,52,1,8,2,0,0,10,2,2,0,3,0,11,3,0,2,0,0.154,0.228,0.192,0.420,37,0.038,0.195,23.3%,18.3%,5.0%,0.27,24,6,L,"<img src=""https://www.yakyucosmo.com/wp-content/uploads/2025/04/Dragons.jpg"" alt="""" width=""10"" height=""10"" class=""alignnone size-full wp-image-6225"" />",<a href=https://npb.jp/bis/eng/teams/index_d.html>Chunichi</a>,CL
,<a href=https://npb.jp/bis/eng/players/81585151.html>Okabayashi Yuki</a>,15,68,61,6,17,4,1,0,23,0,3,1,0,0,8,7,1,0,0,0.279,0.353,0.377,0.730,141,0.098,0.321,22.1%,11.8%,10.3%,0.88,23,8,L,"<img src=""https://www.yakyucosmo.com/wp-content/uploads/2025/04/Dragons.jpg"" alt="""" width=""10"" height=""10"" class=""alignnone size-full wp-image-6225"" />",<a href=https://npb.jp/bis/eng/teams/index_d.html>Chunichi</a>,CL
,<a href=https://npb.jp/bis/eng/players/51255138.html>Nakagawa Keita</a>,14,62,60,9,15,1,1,1,21,12,3,0,1,0,9,1,0,0,2,0.250,0.262,0.350,0.612,94,0.100,0.280,17.7%,14.5%,1.6%,0.11,29,9,R,"<img src=""https://www.yakyucosmo.com/wp-content/uploads/2025/04/Buffaloes.jpg"" alt="""" width=""10"" height=""10"" class=""alignnone size-full wp-image-6222"" />",<a href=https://npb.jp/bis/eng/teams/index_b.html>ORIX</a>,PL
,<a href=https://npb.jp/bis/eng/players/71475132.html>Nishikawa Ryoma</a>,14,62,60,6,20,9,0,0,29,4,1,0,0,0,7,1,0,1,2,0.333,0.355,0.483,0.838,166,0.150,0.377,12.9%,11.3%,1.6%,0.14,30,7,L,"<img src=""https://www.yakyucosmo.com/wp-content/uploads/2025/04/Buffaloes.jpg"" alt="""" width=""10"" height=""10"" class=""alignnone size-full wp-image-6222"" />",<a href=https://npb.jp/bis/eng/teams/index_b.html>ORIX</a>,PL
,<a href=https://npb.jp/bis/eng/players/91395138.html>Ohta Ryo</a>,15,72,61,7,24,1,0,1,28,10,0,0,4,0,15,6,1,1,1,0.393,0.456,0.459,0.915,194,0.066,0.511,30.6%,20.8%,8.3%,0.40,24,4,R,"<img src=""https://www.yakyucosmo.com/wp-content/uploads/2025/04/Buffaloes.jpg"" alt="""" width=""10"" height=""10"" class=""alignnone size-full wp-image-6222"" />",<a href=https://npb.jp/bis/eng/teams/index_b.html>ORIX</a>,PL
,<a href=https://npb.jp/bis/eng/players/61965132.html>Sugimoto Yutaro</a>,13,51,45,7,17,1,0,4,30,8,1,0,0,2,10,3,0,1,0,0.378,0.412,0.667,1.079,242,0.289,0.394,33.3%,19.6%,5.9%,0.30,34,DH,R,"<img src=""https://www.yakyucosmo.com/wp-content/uploads/2025/04/Buffaloes.jpg"" alt="""" width=""10"" height=""10"" class=""alignnone size-full wp-image-6222"" />",<a href=https://npb.jp/bis/eng/teams/index_b.html>ORIX</a>,PL
,<a href=https://npb.jp/bis/eng/players/81085138.html>Tongu Yuma</a>,15,62,53,9,20,4,0,5,39,12,0,0,0,0,9,8,0,1,2,0.377,0.468,0.736,1.204,282,0.359,0.385,35.5%,14.5%,12.9%,0.89,28,3,R,"<img src=""https://www.yakyucosmo.com/wp-content/uploads/2025/04/Buffaloes.jpg"" alt="""" width=""10"" height=""10"" class=""alignnone size-full wp-image-6222"" />",<a href=https://npb.jp/bis/eng/teams/index_b.html>ORIX</a>,PL
,<a href=https://npb.jp/bis/eng/players/41645139.html>Wakatsuki Kenya</a>,14,49,43,6,12,3,0,1,18,4,0,0,2,0,7,3,0,1,1,0.279,0.340,0.419,0.759,142,0.140,0.314,22.4%,14.3%,6.1%,0.43,29,2,R,"<img src=""https://www.yakyucosmo.com/wp-content/uploads/2025/04/Buffaloes.jpg"" alt="""" width=""10"" height=""10"" class=""alignnone size-full wp-image-6222"" />",<a href=https://npb.jp/bis/eng/teams/index_b.html>ORIX</a>,PL
,<a href=https://npb.jp/bis/eng/players/41645136.html>Fujioka Yudai</a>,11,47,38,1,7,1,0,0,8,1,0,0,1,0,12,8,0,0,2,0.184,0.326,0.211,0.537,71,0.027,0.269,42.6%,25.5%,17.0%,0.67,31,4,L,"<img src=""https://www.yakyucosmo.com/wp-content/uploads/2025/04/Marines.jpg"" alt="""" width=""10"" height=""10"" class=""alignnone size-full wp-image-6240"" />",<a href=https://npb.jp/bis/eng/teams/index_m.html>Lotte</a>,PL
,<a href=https://npb.jp/bis/eng/players/21625150.html>Nishikawa Misho</a>,10,40,38,3,5,1,0,0,6,1,0,0,0,0,11,1,0,1,0,0.132,0.175,0.158,0.333,6,0.026,0.185,30.0%,27.5%,2.5%,0.09,22,7,R,"<img src=""https://www.yakyucosmo.com/wp-content/uploads/2025/04/Marines.jpg"" alt="""" width=""10"" height=""10"" class=""alignnone size-full wp-image-6240"" />",<a href=https://npb.jp/bis/eng/teams/index_m.html>Lotte</a>,PL
,<a href=https://npb.jp/bis/eng/players/63065155.html>Polanco Gregory</a>,13,54,51,7,13,3,0,2,22,7,0,0,0,0,16,3,0,0,0,0.255,0.296,0.431,0.727,125,0.176,0.333,38.9%,29.6%,5.6%,0.19,33,DH,L,"<img src=""https://www.yakyucosmo.com/wp-content/uploads/2025/04/Marines.jpg"" alt="""" width=""10"" height=""10"" class=""alignnone size-full wp-image-6240"" />",<a href=https://npb.jp/bis/eng/teams/index_m.html>Lotte</a>,PL
,<a href=https://npb.jp/bis/eng/players/03505136.html>Soto Neftali</a>,13,53,47,5,11,1,0,3,21,6,0,0,0,0,10,5,0,1,0,0.234,0.321,0.447,0.768,138,0.213,0.235,34.0%,18.9%,9.4%,0.50,36,3,R,"<img src=""https://www.yakyucosmo.com/wp-content/uploads/2025/04/Marines.jpg"" alt="""" width=""10"" height=""10"" class=""alignnone size-full wp-image-6240"" />",<a href=https://npb.jp/bis/eng/teams/index_m.html>Lotte</a>,PL
,<a href=https://npb.jp/bis/eng/players/11215151.html>Takabe Akito</a>,13,50,46,5,13,2,0,0,15,6,3,0,1,1,4,2,0,0,1,0.283,0.306,0.326,0.632,98,0.043,0.302,12.0%,8.0%,4.0%,0.50,27,8,L,"<img src=""https://www.yakyucosmo.com/wp-content/uploads/2025/04/Marines.jpg"" alt="""" width=""10"" height=""10"" class=""alignnone size-full wp-image-6240"" />",<a href=https://npb.jp/bis/eng/teams/index_m.html>Lotte</a>,PL
,<a href=https://npb.jp/bis/eng/players/31335131.html>Imamiya Kenta</a>,14,55,49,5,13,1,0,1,17,5,0,0,1,1,7,4,0,0,1,0.265,0.315,0.347,0.662,107,0.082,0.286,21.8%,12.7%,7.3%,0.57,33,6,R,"<img src=""https://www.yakyucosmo.com/wp-content/uploads/2025/04/Hawks.jpg"" alt="""" width=""10"" height=""10"" class=""alignnone size-full wp-image-6220"" /> ",<a href=https://npb.jp/bis/eng/teams/index_h.html>SoftBank</a>,PL
,<a href=https://npb.jp/bis/eng/players/81885155.html>Masaki Tomoya</a>,14,56,50,4,13,0,0,2,19,8,1,0,0,2,11,4,0,0,2,0.260,0.304,0.380,0.684,113,0.120,0.282,30.4%,19.6%,7.1%,0.36,25,7,R,"<img src=""https://www.yakyucosmo.com/wp-content/uploads/2025/04/Hawks.jpg"" alt="""" width=""10"" height=""10"" class=""alignnone size-full wp-image-6220"" /> ",<a href=https://npb.jp/bis/eng/teams/index_h.html>SoftBank</a>,PL
,<a href=https://npb.jp/bis/eng/players/21925136.html>Shuto Ukyo</a>,14,71,65,8,20,4,1,0,26,7,5,2,0,0,13,6,0,0,0,0.308,0.366,0.400,0.766,139,0.092,0.385,26.8%,18.3%,8.5%,0.46,29,8,L,"<img src=""https://www.yakyucosmo.com/wp-content/uploads/2025/04/Hawks.jpg"" alt="""" width=""10"" height=""10"" class=""alignnone size-full wp-image-6220"" /> ",<a href=https://npb.jp/bis/eng/teams/index_h.html>SoftBank</a>,PL
,<a href=https://npb.jp/bis/eng/players/21425139.html>Yamakawa Hotaka</a>,14,60,57,9,15,3,0,4,30,12,0,0,0,0,13,2,1,1,0,0.263,0.300,0.526,0.826,154,0.263,0.275,31.7%,21.7%,3.3%,0.15,33,3,R,"<img src=""https://www.yakyucosmo.com/wp-content/uploads/2025/04/Hawks.jpg"" alt="""" width=""10"" height=""10"" class=""alignnone size-full wp-image-6220"" /> ",<a href=https://npb.jp/bis/eng/teams/index_h.html>SoftBank</a>,PL
,<a href=https://npb.jp/bis/eng/players/61165132.html>Abe Toshiki</a>,13,51,43,3,12,2,1,1,19,6,0,0,0,1,9,7,0,0,0,0.279,0.373,0.442,0.815,162,0.163,0.324,33.3%,17.6%,13.7%,0.78,35,7,R,"<img src=""https://www.yakyucosmo.com/wp-content/uploads/2025/04/Eagles.jpg"" alt="""" width=""10"" height=""10"" class=""alignnone size-full wp-image-6218"" />",<a href=https://npb.jp/bis/eng/teams/index_e.html>Rakuten</a>,PL
,<a href=https://npb.jp/bis/eng/players/51155118.html>Asamura Hideto</a>,14,55,50,3,16,2,0,2,24,6,0,0,0,0,8,5,1,0,0,0.320,0.382,0.480,0.862,176,0.160,0.350,27.3%,14.5%,9.1%,0.62,34,3,R,"<img src=""https://www.yakyucosmo.com/wp-content/uploads/2025/04/Eagles.jpg"" alt="""" width=""10"" height=""10"" class=""alignnone size-full wp-image-6218"" />",<a href=https://npb.jp/bis/eng/teams/index_e.html>Rakuten</a>,PL
,<a href=https://npb.jp/bis/eng/players/61965151.html>Kobukata Hiroto</a>,13,52,46,2,12,2,1,0,16,2,2,1,2,0,10,3,0,1,1,0.261,0.320,0.348,0.668,114,0.087,0.333,25.0%,19.2%,5.8%,0.30,29,4,L,"<img src=""https://www.yakyucosmo.com/wp-content/uploads/2025/04/Eagles.jpg"" alt="""" width=""10"" height=""10"" class=""alignnone size-full wp-image-6218"" />",<a href=https://npb.jp/bis/eng/teams/index_e.html>Rakuten</a>,PL
,<a href=https://npb.jp/bis/eng/players/53155150.html>Muneyama Rui</a>,14,54,52,2,13,1,1,0,16,5,2,0,0,1,9,1,0,0,3,0.250,0.259,0.308,0.567,81,0.058,0.295,18.5%,16.7%,1.9%,0.11,22,6,L,"<img src=""https://www.yakyucosmo.com/wp-content/uploads/2025/04/Eagles.jpg"" alt="""" width=""10"" height=""10"" class=""alignnone size-full wp-image-6218"" />",<a href=https://npb.jp/bis/eng/teams/index_e.html>Rakuten</a>,PL
,<a href=https://npb.jp/bis/eng/players/81385138.html>Ogoh Yuya</a>,13,50,46,3,8,0,1,0,10,2,1,0,0,0,14,4,0,0,0,0.174,0.240,0.217,0.457,46,0.043,0.250,36.0%,28.0%,8.0%,0.29,28,9,L,"<img src=""https://www.yakyucosmo.com/wp-content/uploads/2025/04/Eagles.jpg"" alt="""" width=""10"" height=""10"" class=""alignnone size-full wp-image-6218"" />",<a href=https://npb.jp/bis/eng/teams/index_e.html>Rakuten</a>,PL
,<a href=https://npb.jp/bis/eng/players/11015138.html>Tatsumi Ryosuke</a>,14,59,51,6,11,2,0,0,13,1,3,0,0,1,14,5,0,2,1,0.216,0.305,0.255,0.560,80,0.039,0.289,32.2%,23.7%,8.5%,0.36,28,8,L,"<img src=""https://www.yakyucosmo.com/wp-content/uploads/2025/04/Eagles.jpg"" alt="""" width=""10"" height=""10"" class=""alignnone size-full wp-image-6218"" />",<a href=https://npb.jp/bis/eng/teams/index_e.html>Rakuten</a>,PL
,<a href=https://npb.jp/bis/eng/players/13915157.html>Cedeno Leandro</a>,12,44,41,3,9,1,0,1,13,6,0,0,0,1,5,2,0,0,1,0.220,0.250,0.317,0.567,79,0.097,0.222,18.2%,11.4%,4.5%,0.40,26,DH,R,"<img src=""https://www.yakyucosmo.com/wp-content/uploads/2025/04/Lions.jpg"" alt="""" width=""10"" height=""10"" class=""alignnone size-full wp-image-6219"" />",<a href=https://npb.jp/bis/eng/teams/index_l.html>Seibu</a>,PL
,<a href=https://npb.jp/bis/eng/players/71775134.html>Genda Sosuke</a>,13,49,42,3,9,3,0,0,12,3,3,0,2,0,7,4,0,1,0,0.214,0.298,0.286,0.584,86,0.072,0.257,22.4%,14.3%,8.2%,0.57,32,6,L,"<img src=""https://www.yakyucosmo.com/wp-content/uploads/2025/04/Lions.jpg"" alt="""" width=""10"" height=""10"" class=""alignnone size-full wp-image-6219"" />",<a href=https://npb.jp/bis/eng/teams/index_l.html>Seibu</a>,PL
,<a href=https://npb.jp/bis/eng/players/81685153.html>Hasegawa Shinya</a>,12,52,49,7,7,1,0,0,8,2,3,1,0,0,3,3,0,0,2,0.143,0.192,0.163,0.355,13,0.020,0.152,11.5%,5.8%,5.8%,1.00,23,9,R,"<img src=""https://www.yakyucosmo.com/wp-content/uploads/2025/04/Lions.jpg"" alt="""" width=""10"" height=""10"" class=""alignnone size-full wp-image-6219"" />",<a href=https://npb.jp/bis/eng/teams/index_l.html>Seibu</a>,PL
,<a href=https://npb.jp/bis/eng/players/53755150.html>Nevin Tyler</a>,13,58,50,6,11,2,0,0,13,5,0,0,0,2,9,4,0,2,1,0.220,0.293,0.260,0.553,77,0.040,0.256,22.4%,15.5%,6.9%,0.44,28,3,R,"<img src=""https://www.yakyucosmo.com/wp-content/uploads/2025/04/Lions.jpg"" alt="""" width=""10"" height=""10"" class=""alignnone size-full wp-image-6219"" />",<a href=https://npb.jp/bis/eng/teams/index_l.html>Seibu</a>,PL
,<a href=https://npb.jp/bis/eng/players/51455136.html>Nishikawa Manaya</a>,13,59,54,4,14,2,0,0,16,2,4,0,0,1,4,4,0,0,0,0.259,0.305,0.296,0.601,92,0.037,0.275,13.6%,6.8%,6.8%,1.00,26,8,L,"<img src=""https://www.yakyucosmo.com/wp-content/uploads/2025/04/Lions.jpg"" alt="""" width=""10"" height=""10"" class=""alignnone size-full wp-image-6219"" />",<a href=https://npb.jp/bis/eng/teams/index_l.html>Seibu</a>,PL
,<a href=https://npb.jp/bis/eng/players/41245130.html>Tonosaki Shuta</a>,13,51,44,4,12,1,1,1,18,3,1,1,1,1,6,5,0,0,1,0.273,0.340,0.409,0.749,137,0.136,0.289,23.5%,11.8%,9.8%,0.83,32,5,R,"<img src=""https://www.yakyucosmo.com/wp-content/uploads/2025/04/Lions.jpg"" alt="""" width=""10"" height=""10"" class=""alignnone size-full wp-image-6219"" />",<a href=https://npb.jp/bis/eng/teams/index_l.html>Seibu</a>,PL
,<a href=https://npb.jp/bis/eng/players/83385150.html>Watanabe Seiya</a>,11,44,42,1,18,1,1,0,21,3,1,1,0,0,5,1,0,1,1,0.429,0.455,0.500,0.955,204,0.071,0.486,13.6%,11.4%,2.3%,0.20,22,7,R,"<img src=""https://www.yakyucosmo.com/wp-content/uploads/2025/04/Lions.jpg"" alt="""" width=""10"" height=""10"" class=""alignnone size-full wp-image-6219"" />",<a href=https://npb.jp/bis/eng/teams/index_l.html>Seibu</a>,PL
,<a href=https://npb.jp/bis/eng/players/41545136.html>Kiyomiya Kotaro</a>,15,66,60,8,13,5,0,2,24,10,0,0,0,0,12,6,0,0,1,0.217,0.288,0.400,0.688,113,0.183,0.239,30.3%,18.2%,9.1%,0.50,26,5,L,"<img src=""https://www.yakyucosmo.com/wp-content/uploads/2025/04/Fighters.jpg"" alt="""" width=""10"" height=""10"" class=""alignnone size-full wp-image-6217"" />",<a href=https://npb.jp/bis/eng/teams/index_f.html>Nipponham</a>,PL
,<a href=https://npb.jp/bis/eng/players/11815138.html>Mannami Chusei</a>,15,63,59,5,13,3,0,3,25,8,0,0,0,0,13,4,0,0,1,0.220,0.270,0.424,0.694,114,0.204,0.233,31.7%,20.6%,6.3%,0.31,25,9,R,"<img src=""https://www.yakyucosmo.com/wp-content/uploads/2025/04/Fighters.jpg"" alt="""" width=""10"" height=""10"" class=""alignnone size-full wp-image-6217"" />",<a href=https://npb.jp/bis/eng/teams/index_f.html>Nipponham</a>,PL
,<a href=https://npb.jp/bis/eng/players/31435138.html>Nomura Yuki</a>,14,56,50,5,12,3,0,3,24,11,0,0,0,0,7,4,0,2,1,0.240,0.321,0.480,0.801,147,0.240,0.225,25.0%,12.5%,7.1%,0.57,25,3,R,"<img src=""https://www.yakyucosmo.com/wp-content/uploads/2025/04/Fighters.jpg"" alt="""" width=""10"" height=""10"" class=""alignnone size-full wp-image-6217"" />",<a href=https://npb.jp/bis/eng/teams/index_f.html>Nipponham</a>,PL
,<a href=https://npb.jp/bis/eng/players/73075159.html>Reyes Franmil</a>,13,57,53,9,17,5,0,2,28,8,0,0,0,0,10,4,0,0,1,0.321,0.368,0.528,0.896,176,0.207,0.366,28.1%,17.5%,7.0%,0.40,29,DH,R,"<img src=""https://www.yakyucosmo.com/wp-content/uploads/2025/04/Fighters.jpg"" alt="""" width=""10"" height=""10"" class=""alignnone size-full wp-image-6217"" />",<a href=https://npb.jp/bis/eng/teams/index_f.html>Nipponham</a>,PL
