#,,Team,G,W,L,T,PCT,GB,RS,RA,Diff,XPCT,Home,Road,vs F,vs B,vs H,vs L,vs E,vs M,Inter
,"<img src=""https://www.yakyucosmo.com/wp-content/uploads/2025/04/Fighters.jpg"" alt="""" width=""10"" height=""10"" class=""alignnone size-full wp-image-6217"" />",<a href=https://npb.jp/bis/eng/teams/index_f.html>Nipponham Fighters</a>,56,31,23,2,0.574,--,189,154,35,0.593,14-16,17-7(2),--,5-6(1),6-4,5-3,7-3(1),6-4,2-3
,"<img src=""https://www.yakyucosmo.com/wp-content/uploads/2025/04/Buffaloes.jpg"" alt="""" width=""10"" height=""10"" class=""alignnone size-full wp-image-6222"" />",<a href=https://npb.jp/bis/eng/teams/index_b.html>ORIX Buffaloes</a>,54,27,24,3,0.529,2.5,184,193,-9,0.478,13-13(2),14-11(1),6-5(1),--,2-5(2),4-7,6-2,7-2,2-3
,"<img src=""https://www.yakyucosmo.com/wp-content/uploads/2025/04/Hawks.jpg"" alt="""" width=""10"" height=""10"" class=""alignnone size-full wp-image-6220"" /> ",<a href=https://npb.jp/bis/eng/teams/index_h.html>SoftBank Hawks</a>,55,28,25,2,0.528,2.5,206,169,37,0.590,13-15(1),15-10(1),4-6,5-2(2),--,6-6,4-7,5-3,4-1
,"<img src=""https://www.yakyucosmo.com/wp-content/uploads/2025/04/Lions.jpg"" alt="""" width=""10"" height=""10"" class=""alignnone size-full wp-image-6219"" />",<a href=https://npb.jp/bis/eng/teams/index_l.html>Seibu Lions</a>,55,29,26,0,0.527,2.5,156,144,12,0.537,17-12,12-14,3-5,7-4,6-6,--,5-4,6-4,2-3
,"<img src=""https://www.yakyucosmo.com/wp-content/uploads/2025/04/Eagles.jpg"" alt="""" width=""10"" height=""10"" class=""alignnone size-full wp-image-6218"" />",<a href=https://npb.jp/bis/eng/teams/index_e.html>Rakuten Eagles</a>,55,25,29,1,0.463,6.0,142,166,-24,0.429,12-15(1),13-14,3-7(1),2-6,7-4,4-5,--,7-4,2-3
,"<img src=""https://www.yakyucosmo.com/wp-content/uploads/2025/04/Marines.jpg"" alt="""" width=""10"" height=""10"" class=""alignnone size-full wp-image-6240"" />",<a href=https://npb.jp/bis/eng/teams/index_m.html>Lotte Marines</a>,52,19,33,0,0.365,11.0,135,183,-48,0.364,10-12,9-21,4-6,2-7,3-5,4-6,4-7,--,2-2
