Rank,Player,G,PA,AB,R,H,2B,3B,HR,TB,RBI,SB,CS,SH,SF,SO,BB,IBB,HP,GDP,AVG,OBP,SLG,OPS,OPS+,ISO,BABIP,TTO%,K%,BB%,BB/K,wSB,Age,Pos,B,,Team,League
,<a href=https://npb.jp/bis/eng/players/71075138.html>Chikamoto Koji</a>,104,480,436,57,127,18,3,3,160,29,26,6,0,2,63,41,1,1,2,0.291,0.352,0.367,0.719,128,0.076,0.333,22.3%,13.1%,8.5%,0.65,2.1,30,8,L,"<img src=""https://www.yakyucosmo.com/wp-content/uploads/2025/04/Tigers.jpg"" alt="""" width=""10"" height=""10"" class=""alignnone size-full wp-image-6224"" />",<a href=https://npb.jp/bis/eng/teams/index_t.html>Hanshin</a>,CL
,<a href=https://npb.jp/bis/eng/players/43145157.html>Morishita Shota</a>,104,457,403,58,104,13,3,16,171,63,4,2,0,4,66,40,4,10,14,0.258,0.337,0.424,0.761,141,0.166,0.271,26.7%,14.4%,8.8%,0.61,-0.3,24,9,R,"<img src=""https://www.yakyucosmo.com/wp-content/uploads/2025/04/Tigers.jpg"" alt="""" width=""10"" height=""10"" class=""alignnone size-full wp-image-6224"" />",<a href=https://npb.jp/bis/eng/teams/index_t.html>Hanshin</a>,CL
,<a href=https://npb.jp/bis/eng/players/41445153.html>Nakano Takumu</a>,104,466,386,51,112,11,2,0,127,20,15,4,35,2,59,40,1,3,4,0.290,0.360,0.329,0.689,120,0.039,0.340,21.2%,12.7%,8.6%,0.68,0.9,29,4,L,"<img src=""https://www.yakyucosmo.com/wp-content/uploads/2025/04/Tigers.jpg"" alt="""" width=""10"" height=""10"" class=""alignnone size-full wp-image-6224"" />",<a href=https://npb.jp/bis/eng/teams/index_t.html>Hanshin</a>,CL
,<a href=https://npb.jp/bis/eng/players/21325134.html>Ohyama Yusuke</a>,103,432,382,30,102,17,1,6,139,54,4,1,0,2,65,45,3,3,13,0.267,0.347,0.364,0.711,126,0.097,0.307,26.9%,15.0%,10.4%,0.69,0.0,30,3,R,"<img src=""https://www.yakyucosmo.com/wp-content/uploads/2025/04/Tigers.jpg"" alt="""" width=""10"" height=""10"" class=""alignnone size-full wp-image-6224"" />",<a href=https://npb.jp/bis/eng/teams/index_t.html>Hanshin</a>,CL
,<a href=https://npb.jp/bis/eng/players/41045153.html>Sato Teruaki</a>,103,443,398,64,115,26,4,31,242,76,9,2,0,1,120,44,8,0,4,0.289,0.359,0.608,0.967,204,0.319,0.339,44.0%,27.1%,9.9%,0.37,0.6,26,5,L,"<img src=""https://www.yakyucosmo.com/wp-content/uploads/2025/04/Tigers.jpg"" alt="""" width=""10"" height=""10"" class=""alignnone size-full wp-image-6224"" />",<a href=https://npb.jp/bis/eng/teams/index_t.html>Hanshin</a>,CL
,<a href=https://npb.jp/bis/eng/players/43745150.html>Fabian Sandro</a>,101,424,400,46,108,22,0,12,166,48,2,3,0,2,64,16,3,6,6,0.270,0.307,0.415,0.722,119,0.145,0.294,21.7%,15.1%,3.8%,0.25,-0.9,27,7,R,"<img src=""https://www.yakyucosmo.com/wp-content/uploads/2025/04/Carp.jpg"" alt="""" width=""10"" height=""10"" class=""alignnone size-full wp-image-6223"" />",<a href=https://npb.jp/bis/eng/teams/index_c.html>Hiroshima</a>,CL
,<a href=https://npb.jp/bis/eng/players/01705138.html>Kozono Kaito</a>,100,420,381,36,109,21,3,2,142,32,9,4,3,1,34,33,5,2,7,0.286,0.345,0.373,0.718,119,0.087,0.309,16.4%,8.1%,7.9%,0.97,-0.1,25,5,L,"<img src=""https://www.yakyucosmo.com/wp-content/uploads/2025/04/Carp.jpg"" alt="""" width=""10"" height=""10"" class=""alignnone size-full wp-image-6223"" />",<a href=https://npb.jp/bis/eng/teams/index_c.html>Hiroshima</a>,CL
,<a href=https://npb.jp/bis/eng/players/51055155.html>Suekane Shota</a>,91,367,334,33,85,10,3,10,131,48,2,3,0,2,69,30,0,1,2,0.254,0.316,0.392,0.708,115,0.138,0.292,29.7%,18.8%,8.2%,0.43,-0.9,29,9,R,"<img src=""https://www.yakyucosmo.com/wp-content/uploads/2025/04/Carp.jpg"" alt="""" width=""10"" height=""10"" class=""alignnone size-full wp-image-6223"" />",<a href=https://npb.jp/bis/eng/teams/index_c.html>Hiroshima</a>,CL
,<a href=https://npb.jp/bis/eng/players/13115153.html>Maki Shugo</a>,93,391,364,48,101,24,0,16,173,49,3,4,0,1,76,16,5,10,6,0.277,0.325,0.475,0.800,144,0.198,0.311,27.6%,19.4%,4.1%,0.21,-1.0,27,4,R,"<img src=""https://www.yakyucosmo.com/wp-content/uploads/2025/04/BayStars.jpg"" alt="""" width=""10"" height=""10"" class=""alignnone size-full wp-image-6228"" />",<a href=https://npb.jp/bis/eng/teams/index_db.html>DeNA</a>,CL
,<a href=https://npb.jp/bis/eng/players/91995134.html>Sano Keita</a>,100,416,384,32,107,18,0,11,158,50,0,0,0,2,45,27,1,3,6,0.279,0.329,0.411,0.740,127,0.132,0.291,20.0%,10.8%,6.5%,0.60,-0.3,30,3,L,"<img src=""https://www.yakyucosmo.com/wp-content/uploads/2025/04/BayStars.jpg"" alt="""" width=""10"" height=""10"" class=""alignnone size-full wp-image-6228"" />",<a href=https://npb.jp/bis/eng/teams/index_db.html>DeNA</a>,CL
,<a href=https://npb.jp/bis/eng/players/73575150.html>Cabbage Trey</a>,85,330,300,34,77,17,0,13,133,41,4,3,1,1,98,24,3,4,2,0.257,0.319,0.443,0.762,138,0.186,0.337,40.9%,29.7%,7.3%,0.24,-0.5,28,9,L,"<img src=""https://www.yakyucosmo.com/wp-content/uploads/2025/04/Giants.jpg"" alt="""" width=""10"" height=""10"" class=""alignnone size-full wp-image-6227"" />",<a href=https://npb.jp/bis/eng/teams/index_g.html>Yomiuri</a>,CL
,<a href=https://npb.jp/bis/eng/players/61165159.html>Izuguchi Yuta</a>,93,401,356,42,99,14,0,5,128,25,4,5,6,2,46,34,2,3,7,0.278,0.344,0.360,0.704,122,0.082,0.306,21.2%,11.5%,8.5%,0.74,-1.3,26,6,L,"<img src=""https://www.yakyucosmo.com/wp-content/uploads/2025/04/Giants.jpg"" alt="""" width=""10"" height=""10"" class=""alignnone size-full wp-image-6227"" />",<a href=https://npb.jp/bis/eng/teams/index_g.html>Yomiuri</a>,CL
,<a href=https://npb.jp/bis/eng/players/73375134.html>Yoshikawa Naoki</a>,90,388,343,28,93,13,3,3,121,26,7,2,2,3,55,36,0,4,6,0.271,0.345,0.353,0.698,120,0.082,0.312,24.2%,14.2%,9.3%,0.65,0.2,30,4,L,"<img src=""https://www.yakyucosmo.com/wp-content/uploads/2025/04/Giants.jpg"" alt="""" width=""10"" height=""10"" class=""alignnone size-full wp-image-6227"" />",<a href=https://npb.jp/bis/eng/teams/index_g.html>Yomiuri</a>,CL
,<a href=https://npb.jp/bis/eng/players/23525153.html>Osuna Jose</a>,98,403,364,24,94,17,0,8,135,46,2,1,0,4,45,34,6,1,9,0.258,0.320,0.371,0.691,106,0.113,0.273,21.6%,11.2%,8.4%,0.76,-0.2,32,3,R,"<img src=""https://www.yakyucosmo.com/wp-content/uploads/2025/04/Swallows.jpg"" alt="""" width=""10"" height=""10"" class=""alignnone size-full wp-image-6226"" />",<a href=https://npb.jp/bis/eng/teams/index_s.html>Yakult</a>,CL
,<a href=https://npb.jp/bis/eng/players/81585151.html>Okabayashi Yuki</a>,103,460,415,51,112,18,5,3,149,25,15,3,3,2,47,39,7,1,1,0.270,0.333,0.359,0.692,125,0.089,0.297,19.3%,10.2%,8.5%,0.83,1.3,23,8,L,"<img src=""https://www.yakyucosmo.com/wp-content/uploads/2025/04/Dragons.jpg"" alt="""" width=""10"" height=""10"" class=""alignnone size-full wp-image-6225"" />",<a href=https://npb.jp/bis/eng/teams/index_d.html>Chunichi</a>,CL
,<a href=https://npb.jp/bis/eng/players/91395139.html>Uebayashi Seiji</a>,100,383,360,35,94,14,3,12,150,35,19,4,4,1,75,16,7,2,0,0.261,0.296,0.417,0.713,130,0.156,0.299,26.9%,19.6%,4.2%,0.21,1.7,29,9,L,"<img src=""https://www.yakyucosmo.com/wp-content/uploads/2025/04/Dragons.jpg"" alt="""" width=""10"" height=""10"" class=""alignnone size-full wp-image-6225"" />",<a href=https://npb.jp/bis/eng/teams/index_d.html>Chunichi</a>,CL
,<a href=https://npb.jp/bis/eng/players/83785150.html>Vosler Jason</a>,82,327,299,23,73,21,0,9,121,42,0,1,0,3,64,21,1,4,3,0.244,0.300,0.405,0.705,127,0.161,0.279,28.7%,19.6%,6.4%,0.33,-0.5,31,3,L,"<img src=""https://www.yakyucosmo.com/wp-content/uploads/2025/04/Dragons.jpg"" alt="""" width=""10"" height=""10"" class=""alignnone size-full wp-image-6225"" />",<a href=https://npb.jp/bis/eng/teams/index_d.html>Chunichi</a>,CL
,<a href=https://npb.jp/bis/eng/players/51255138.html>Nakagawa Keita</a>,84,324,302,37,82,19,1,8,127,44,7,2,3,3,40,16,1,0,7,0.272,0.305,0.421,0.726,127,0.149,0.288,19.8%,12.3%,4.9%,0.40,0.4,29,8,R,"<img src=""https://www.yakyucosmo.com/wp-content/uploads/2025/04/Buffaloes.jpg"" alt="""" width=""10"" height=""10"" class=""alignnone size-full wp-image-6222"" />",<a href=https://npb.jp/bis/eng/teams/index_b.html>ORIX</a>,PL
,<a href=https://npb.jp/bis/eng/players/91395138.html>Ohta Ryo</a>,75,339,304,29,91,9,0,7,121,37,0,2,5,3,72,24,3,3,6,0.299,0.353,0.398,0.751,136,0.099,0.368,30.4%,21.2%,7.1%,0.33,-0.9,24,4,R,"<img src=""https://www.yakyucosmo.com/wp-content/uploads/2025/04/Buffaloes.jpg"" alt="""" width=""10"" height=""10"" class=""alignnone size-full wp-image-6222"" />",<a href=https://npb.jp/bis/eng/teams/index_b.html>ORIX</a>,PL
,<a href=https://npb.jp/bis/eng/players/61965132.html>Sugimoto Yutaro</a>,86,337,295,33,78,13,1,10,123,38,1,0,0,6,89,30,0,6,6,0.264,0.338,0.417,0.755,137,0.153,0.337,38.3%,26.4%,8.9%,0.34,-0.1,34,9,R,"<img src=""https://www.yakyucosmo.com/wp-content/uploads/2025/04/Buffaloes.jpg"" alt="""" width=""10"" height=""10"" class=""alignnone size-full wp-image-6222"" />",<a href=https://npb.jp/bis/eng/teams/index_b.html>ORIX</a>,PL
,<a href=https://npb.jp/bis/eng/players/81085138.html>Tongu Yuma</a>,93,384,342,28,86,15,0,9,128,42,1,0,0,4,56,35,2,3,7,0.251,0.323,0.374,0.697,119,0.123,0.274,26.0%,14.6%,9.1%,0.62,-0.1,28,3,R,"<img src=""https://www.yakyucosmo.com/wp-content/uploads/2025/04/Buffaloes.jpg"" alt="""" width=""10"" height=""10"" class=""alignnone size-full wp-image-6222"" />",<a href=https://npb.jp/bis/eng/teams/index_b.html>ORIX</a>,PL
,<a href=https://npb.jp/bis/eng/players/31635138.html>Fujiwara Kyota</a>,89,378,338,31,90,9,4,3,116,21,11,4,4,0,65,31,2,5,3,0.266,0.337,0.343,0.680,109,0.077,0.322,26.2%,17.2%,8.2%,0.48,0.3,25,8,L,"<img src=""https://www.yakyucosmo.com/wp-content/uploads/2025/04/Marines.jpg"" alt="""" width=""10"" height=""10"" class=""alignnone size-full wp-image-6240"" />",<a href=https://npb.jp/bis/eng/teams/index_m.html>Lotte</a>,PL
,<a href=https://npb.jp/bis/eng/players/51455159.html>Terachi Ryusei</a>,81,322,304,24,81,12,0,5,108,26,0,0,1,1,49,10,1,6,5,0.266,0.302,0.355,0.657,101,0.089,0.303,19.9%,15.2%,3.1%,0.20,-0.2,19,2,L,"<img src=""https://www.yakyucosmo.com/wp-content/uploads/2025/04/Marines.jpg"" alt="""" width=""10"" height=""10"" class=""alignnone size-full wp-image-6240"" />",<a href=https://npb.jp/bis/eng/teams/index_m.html>Lotte</a>,PL
,<a href=https://npb.jp/bis/eng/players/11215116.html>Nakamura Akira</a>,80,319,279,25,68,6,2,1,81,23,1,2,4,3,32,32,1,1,5,0.244,0.321,0.290,0.611,89,0.046,0.269,20.4%,10.0%,10.0%,1.00,-0.7,35,3,L,"<img src=""https://www.yakyucosmo.com/wp-content/uploads/2025/04/Hawks.jpg"" alt="""" width=""10"" height=""10"" class=""alignnone size-full wp-image-6220"" /> ",<a href=https://npb.jp/bis/eng/teams/index_h.html>SoftBank</a>,PL
,<a href=https://npb.jp/bis/eng/players/21925136.html>Shuto Ukyo</a>,72,322,291,38,88,13,2,3,114,32,29,4,1,0,53,27,2,3,5,0.302,0.368,0.392,0.760,133,0.090,0.362,25.8%,16.5%,8.4%,0.51,3.4,29,8,L,"<img src=""https://www.yakyucosmo.com/wp-content/uploads/2025/04/Hawks.jpg"" alt="""" width=""10"" height=""10"" class=""alignnone size-full wp-image-6220"" /> ",<a href=https://npb.jp/bis/eng/teams/index_h.html>SoftBank</a>,PL
,<a href=https://npb.jp/bis/eng/players/21425139.html>Yamakawa Hotaka</a>,92,363,326,34,70,8,0,17,129,48,0,0,0,4,98,29,3,4,5,0.215,0.284,0.396,0.680,107,0.181,0.247,39.7%,27.0%,8.0%,0.30,-0.2,33,DH,R,"<img src=""https://www.yakyucosmo.com/wp-content/uploads/2025/04/Hawks.jpg"" alt="""" width=""10"" height=""10"" class=""alignnone size-full wp-image-6220"" /> ",<a href=https://npb.jp/bis/eng/teams/index_h.html>SoftBank</a>,PL
,<a href=https://npb.jp/bis/eng/players/73175151.html>Yanagimachi Tatsuru</a>,91,363,307,38,89,12,1,4,115,31,2,2,3,0,77,48,1,5,6,0.290,0.394,0.375,0.769,137,0.085,0.376,35.5%,21.2%,13.2%,0.62,-0.6,28,9,L,"<img src=""https://www.yakyucosmo.com/wp-content/uploads/2025/04/Hawks.jpg"" alt="""" width=""10"" height=""10"" class=""alignnone size-full wp-image-6220"" /> ",<a href=https://npb.jp/bis/eng/teams/index_h.html>SoftBank</a>,PL
,<a href=https://npb.jp/bis/eng/players/61965151.html>Kobukata Hiroto</a>,96,329,276,30,63,5,2,1,75,13,26,7,13,1,59,38,0,1,1,0.228,0.323,0.272,0.595,92,0.044,0.286,29.8%,17.9%,11.6%,0.64,1.9,29,4,L,"<img src=""https://www.yakyucosmo.com/wp-content/uploads/2025/04/Eagles.jpg"" alt="""" width=""10"" height=""10"" class=""alignnone size-full wp-image-6218"" />",<a href=https://npb.jp/bis/eng/teams/index_e.html>Rakuten</a>,PL
,<a href=https://npb.jp/bis/eng/players/53155150.html>Muneyama Rui</a>,88,342,322,20,81,17,3,3,113,23,4,0,0,7,57,12,2,1,6,0.252,0.275,0.351,0.626,100,0.099,0.290,21.1%,16.7%,3.5%,0.21,0.5,22,6,L,"<img src=""https://www.yakyucosmo.com/wp-content/uploads/2025/04/Eagles.jpg"" alt="""" width=""10"" height=""10"" class=""alignnone size-full wp-image-6218"" />",<a href=https://npb.jp/bis/eng/teams/index_e.html>Rakuten</a>,PL
,<a href=https://npb.jp/bis/eng/players/41845132.html>Murabayashi Itsuki</a>,96,388,358,28,111,10,0,3,130,39,5,2,4,3,70,20,2,3,9,0.310,0.349,0.363,0.712,130,0.053,0.375,24.0%,18.0%,5.2%,0.29,-0.1,27,5,R,"<img src=""https://www.yakyucosmo.com/wp-content/uploads/2025/04/Eagles.jpg"" alt="""" width=""10"" height=""10"" class=""alignnone size-full wp-image-6218"" />",<a href=https://npb.jp/bis/eng/teams/index_e.html>Rakuten</a>,PL
,<a href=https://npb.jp/bis/eng/players/11015138.html>Tatsumi Ryosuke</a>,86,327,288,29,75,10,2,6,107,26,18,0,1,5,68,26,0,7,9,0.260,0.331,0.372,0.703,126,0.112,0.315,30.6%,20.8%,8.0%,0.38,2.8,28,8,L,"<img src=""https://www.yakyucosmo.com/wp-content/uploads/2025/04/Eagles.jpg"" alt="""" width=""10"" height=""10"" class=""alignnone size-full wp-image-6218"" />",<a href=https://npb.jp/bis/eng/teams/index_e.html>Rakuten</a>,PL
,<a href=https://npb.jp/bis/eng/players/81685153.html>Hasegawa Shinya</a>,100,381,339,36,77,15,3,6,116,33,5,3,7,5,46,27,1,3,8,0.227,0.286,0.342,0.628,95,0.115,0.243,20.7%,12.1%,7.1%,0.59,-0.3,23,9,R,"<img src=""https://www.yakyucosmo.com/wp-content/uploads/2025/04/Lions.jpg"" alt="""" width=""10"" height=""10"" class=""alignnone size-full wp-image-6219"" />",<a href=https://npb.jp/bis/eng/teams/index_l.html>Seibu</a>,PL
,<a href=https://npb.jp/bis/eng/players/53755150.html>Nevin Tyler</a>,102,425,374,33,108,22,0,11,163,46,2,1,0,5,53,36,5,10,8,0.289,0.362,0.436,0.798,147,0.147,0.308,23.5%,12.5%,8.5%,0.68,-0.3,28,3,R,"<img src=""https://www.yakyucosmo.com/wp-content/uploads/2025/04/Lions.jpg"" alt="""" width=""10"" height=""10"" class=""alignnone size-full wp-image-6219"" />",<a href=https://npb.jp/bis/eng/teams/index_l.html>Seibu</a>,PL
,<a href=https://npb.jp/bis/eng/players/51455136.html>Nishikawa Manaya</a>,98,436,399,48,106,19,1,7,148,26,20,6,2,3,60,27,1,5,3,0.266,0.318,0.371,0.689,114,0.105,0.296,21.6%,13.8%,6.2%,0.45,1.1,26,8,L,"<img src=""https://www.yakyucosmo.com/wp-content/uploads/2025/04/Lions.jpg"" alt="""" width=""10"" height=""10"" class=""alignnone size-full wp-image-6219"" />",<a href=https://npb.jp/bis/eng/teams/index_l.html>Seibu</a>,PL
,<a href=https://npb.jp/bis/eng/players/41545136.html>Kiyomiya Kotaro</a>,98,410,377,43,97,19,1,9,145,43,6,1,0,3,60,29,0,1,8,0.257,0.310,0.385,0.695,110,0.128,0.283,23.9%,14.6%,7.1%,0.48,0.4,26,5,L,"<img src=""https://www.yakyucosmo.com/wp-content/uploads/2025/04/Fighters.jpg"" alt="""" width=""10"" height=""10"" class=""alignnone size-full wp-image-6217"" />",<a href=https://npb.jp/bis/eng/teams/index_f.html>Nipponham</a>,PL
,<a href=https://npb.jp/bis/eng/players/11815138.html>Mannami Chusei</a>,96,367,330,37,75,20,1,18,151,45,1,1,1,0,101,35,6,1,5,0.227,0.303,0.458,0.761,128,0.231,0.270,42.0%,27.5%,9.5%,0.35,-0.3,25,9,R,"<img src=""https://www.yakyucosmo.com/wp-content/uploads/2025/04/Fighters.jpg"" alt="""" width=""10"" height=""10"" class=""alignnone size-full wp-image-6217"" />",<a href=https://npb.jp/bis/eng/teams/index_f.html>Nipponham</a>,PL
,<a href=https://npb.jp/bis/eng/players/73075159.html>Reyes Franmil</a>,95,386,347,41,97,13,0,21,173,65,0,0,0,1,93,38,2,0,6,0.280,0.350,0.499,0.849,154,0.219,0.325,39.4%,24.1%,9.8%,0.41,-0.2,29,DH,R,"<img src=""https://www.yakyucosmo.com/wp-content/uploads/2025/04/Fighters.jpg"" alt="""" width=""10"" height=""10"" class=""alignnone size-full wp-image-6217"" />",<a href=https://npb.jp/bis/eng/teams/index_f.html>Nipponham</a>,PL
