#,,Team,G,W,L,T,PCT,GB,RS,RA,Diff,XPCT,Home,Road,vs T,vs DB,vs C,vs G,vs D,vs S,Inter
,"<img src=""https://www.yakyucosmo.com/wp-content/uploads/2025/04/Tigers.jpg"" alt="""" width=""10"" height=""10"" class=""alignnone size-full wp-image-6224"" />",<a href=https://npb.jp/bis/eng/teams/index_t.html>Hanshin Tigers</a>,57,34,21,2,0.618,--,199,129,70,0.689,15-13(1),19-8(1),--,5-4(2),8-4,8-4,5-5,4-3,4-1
,"<img src=""https://www.yakyucosmo.com/wp-content/uploads/2025/04/BayStars.jpg"" alt="""" width=""10"" height=""10"" class=""alignnone size-full wp-image-6228"" />",<a href=https://npb.jp/bis/eng/teams/index_db.html>DeNA BayStars</a>,55,29,23,3,0.558,3.5,187,144,43,0.617,16-9(2),13-14(1),4-5(2),--,6-5,2-4(1),6-5,8-2,3-2
,"<img src=""https://www.yakyucosmo.com/wp-content/uploads/2025/04/Carp.jpg"" alt="""" width=""10"" height=""10"" class=""alignnone size-full wp-image-6223"" />",<a href=https://npb.jp/bis/eng/teams/index_c.html>Hiroshima Carp</a>,54,27,25,2,0.519,5.5,167,150,17,0.549,18-8(1),9-17(1),4-8,5-6,--,7-4,4-3(1),4-2(1),3-2
,"<img src=""https://www.yakyucosmo.com/wp-content/uploads/2025/04/Giants.jpg"" alt="""" width=""10"" height=""10"" class=""alignnone size-full wp-image-6227"" />",<a href=https://npb.jp/bis/eng/teams/index_g.html>Yomiuri Giants</a>,57,29,27,1,0.518,5.5,168,172,-4,0.489,18-9,11-18(1),4-8,4-2(1),4-7,--,7-4,9-3,1-3
,"<img src=""https://www.yakyucosmo.com/wp-content/uploads/2025/04/Dragons.jpg"" alt="""" width=""10"" height=""10"" class=""alignnone size-full wp-image-6225"" />",<a href=https://npb.jp/bis/eng/teams/index_d.html>Chunichi Dragons</a>,56,25,29,2,0.463,8.5,132,177,-45,0.369,16-10(1),9-19(1),5-5,5-6,3-4(1),4-7,--,6-4(1),2-3
,"<img src=""https://www.yakyucosmo.com/wp-content/uploads/2025/04/Swallows.jpg"" alt="""" width=""10"" height=""10"" class=""alignnone size-full wp-image-6226"" />",<a href=https://npb.jp/bis/eng/teams/index_s.html>Yakult Swallows</a>,52,16,34,2,0.320,15.5,130,214,-84,0.287,10-15(1),6-19(1),3-4,2-8,2-4(1),3-9,4-6(1),--,2-3
