#,,Team,G,W,L,T,PCT,GB,RS,RA,Diff,XPCT,Home,Road,vs T,vs G,vs DB,vs C,vs D,vs S,Inter
,"<img src=""https://www.yakyucosmo.com/wp-content/uploads/2025/04/Tigers.jpg"" alt="""" width=""10"" height=""10"" class=""alignnone size-full wp-image-6224"" />",<a href=https://npb.jp/bis/eng/teams/index_t.html>Hanshin Tigers</a>,71,38,31,2,0.551,--,239,165,74,0.663,19-16(1),19-15(1),--,8-4,5-4(2),8-4,5-5,4-4,8-10
,"<img src=""https://www.yakyucosmo.com/wp-content/uploads/2025/04/Giants.jpg"" alt="""" width=""10"" height=""10"" class=""alignnone size-full wp-image-6227"" />",<a href=https://npb.jp/bis/eng/teams/index_g.html>Yomiuri Giants</a>,72,35,35,2,0.500,3.5,208,220,-12,0.474,23-12,12-23(2),4-8,--,5-2(1),4-7,7-4,9-3,6-11(1)
,"<img src=""https://www.yakyucosmo.com/wp-content/uploads/2025/04/BayStars.jpg"" alt="""" width=""10"" height=""10"" class=""alignnone size-full wp-image-6228"" />",<a href=https://npb.jp/bis/eng/teams/index_db.html>DeNA BayStars</a>,69,33,33,3,0.500,3.5,222,193,29,0.564,19-13(2),14-20(1),4-5(2),2-5(1),--,6-5,6-5,8-2,7-11
,"<img src=""https://www.yakyucosmo.com/wp-content/uploads/2025/04/Carp.jpg"" alt="""" width=""10"" height=""10"" class=""alignnone size-full wp-image-6223"" />",<a href=https://npb.jp/bis/eng/teams/index_c.html>Hiroshima Carp</a>,68,33,33,2,0.500,3.5,226,212,14,0.529,22-11(1),11-22(1),4-8,7-4,5-6,--,4-4(1),4-2(1),9-9
,"<img src=""https://www.yakyucosmo.com/wp-content/uploads/2025/04/Dragons.jpg"" alt="""" width=""10"" height=""10"" class=""alignnone size-full wp-image-6225"" />",<a href=https://npb.jp/bis/eng/teams/index_d.html>Chunichi Dragons</a>,70,32,36,2,0.471,5.5,168,212,-44,0.395,20-14(1),12-22(1),5-5,4-7,5-6,4-4(1),--,6-4(1),8-10
,"<img src=""https://www.yakyucosmo.com/wp-content/uploads/2025/04/Swallows.jpg"" alt="""" width=""10"" height=""10"" class=""alignnone size-full wp-image-6226"" />",<a href=https://npb.jp/bis/eng/teams/index_s.html>Yakult Swallows</a>,66,20,43,3,0.317,15.0,177,275,-98,0.309,13-19(2),7-24(1),4-4,3-9,2-8,2-4(1),4-6(1),--,5-12(1)
