#,,Team,G,W,L,T,PCT,GB,RS,RA,Diff,XPCT,Home,Road,vs T,vs C,vs DB,vs G,vs D,vs S
,"<img src=""https://www.yakyucosmo.com/wp-content/uploads/2025/04/Tigers.jpg"" alt="""" width=""10"" height=""10"" class=""alignnone size-full wp-image-6224"" />",<a href=https://npb.jp/bis/eng/teams/index_t.html>Hanshin Tigers</a>,40,22,16,2,0.579,--,138,100,38,0.643,10-10(1),12-6(1),--,5-4,3-3(2),7-2,3-4,4-3
,"<img src=""https://www.yakyucosmo.com/wp-content/uploads/2025/04/Carp.jpg"" alt="""" width=""10"" height=""10"" class=""alignnone size-full wp-image-6223"" />",<a href=https://npb.jp/bis/eng/teams/index_c.html>Hiroshima Carp</a>,40,21,18,1,0.538,1.5,136,108,28,0.604,14-4,7-14(1),4-5,--,4-5,6-3,4-3(1),3-2
,"<img src=""https://www.yakyucosmo.com/wp-content/uploads/2025/04/BayStars.jpg"" alt="""" width=""10"" height=""10"" class=""alignnone size-full wp-image-6228"" />",<a href=https://npb.jp/bis/eng/teams/index_db.html>DeNA BayStars</a>,39,19,17,3,0.528,2.0,129,109,20,0.576,10-7(2),9-10(1),3-3(2),5-4,--,2-4(1),4-4,5-2
,"<img src=""https://www.yakyucosmo.com/wp-content/uploads/2025/04/Giants.jpg"" alt="""" width=""10"" height=""10"" class=""alignnone size-full wp-image-6227"" />",<a href=https://npb.jp/bis/eng/teams/index_g.html>Yomiuri Giants</a>,42,21,20,1,0.512,2.5,128,137,-9,0.469,13-7,8-13(1),2-7,3-6,4-2(1),--,6-2,6-3
,"<img src=""https://www.yakyucosmo.com/wp-content/uploads/2025/04/Dragons.jpg"" alt="""" width=""10"" height=""10"" class=""alignnone size-full wp-image-6225"" />",<a href=https://npb.jp/bis/eng/teams/index_d.html>Chunichi Dragons</a>,39,17,20,2,0.459,4.5,85,111,-26,0.380,11-7(1),6-13(1),4-3,3-4(1),4-4,2-6,--,4-3(1)
,"<img src=""https://www.yakyucosmo.com/wp-content/uploads/2025/04/Swallows.jpg"" alt="""" width=""10"" height=""10"" class=""alignnone size-full wp-image-6226"" />",<a href=https://npb.jp/bis/eng/teams/index_s.html>Yakult Swallows</a>,36,13,22,1,0.371,7.5,103,154,-51,0.324,8-12(1),5-10,3-4,2-3,2-5,3-6,3-4(1),--
