#,,Team,G,W,L,T,PCT,GB,RS,RA,Diff,XPCT,Home,Road,vs T,vs G,vs DB,vs D,vs C,vs S,Inter
,"<img src=""https://www.yakyucosmo.com/wp-content/uploads/2025/04/Tigers.jpg"" alt="""" width=""10"" height=""10"" class=""alignnone size-full wp-image-6224"" />",<a href=https://npb.jp/bis/eng/teams/index_t.html>Hanshin Tigers</a>,88,52,34,2,0.605,--,299,193,106,0.690,24-19(1),28-15(1),--,12-4,8-4(2),5-7,11-4,8-5,8-10
,"<img src=""https://www.yakyucosmo.com/wp-content/uploads/2025/04/Giants.jpg"" alt="""" width=""10"" height=""10"" class=""alignnone size-full wp-image-6227"" />",<a href=https://npb.jp/bis/eng/teams/index_g.html>Yomiuri Giants</a>,87,41,43,3,0.488,10.0,237,248,-11,0.479,27-15(1),14-28(2),4-12,--,9-3(1),8-5,5-8(1),9-4,6-11(1)
,"<img src=""https://www.yakyucosmo.com/wp-content/uploads/2025/04/BayStars.jpg"" alt="""" width=""10"" height=""10"" class=""alignnone size-full wp-image-6228"" />",<a href=https://npb.jp/bis/eng/teams/index_db.html>DeNA BayStars</a>,86,39,42,5,0.481,10.5,259,248,11,0.520,23-18(2),16-24(3),4-8(2),3-9(1),--,9-6,7-6(1),9-2(1),7-11
,"<img src=""https://www.yakyucosmo.com/wp-content/uploads/2025/04/Dragons.jpg"" alt="""" width=""10"" height=""10"" class=""alignnone size-full wp-image-6225"" />",<a href=https://npb.jp/bis/eng/teams/index_d.html>Chunichi Dragons</a>,86,40,44,2,0.476,11.0,225,258,-33,0.438,25-18(1),15-26(1),7-5,5-8,6-9,--,7-6(1),7-6(1),8-10
,"<img src=""https://www.yakyucosmo.com/wp-content/uploads/2025/04/Carp.jpg"" alt="""" width=""10"" height=""10"" class=""alignnone size-full wp-image-6223"" />",<a href=https://npb.jp/bis/eng/teams/index_c.html>Hiroshima Carp</a>,86,38,43,5,0.469,11.5,252,260,-8,0.486,24-16(3),14-27(2),4-11,8-5(1),6-7(1),6-7(1),--,5-4(2),9-9
,"<img src=""https://www.yakyucosmo.com/wp-content/uploads/2025/04/Swallows.jpg"" alt="""" width=""10"" height=""10"" class=""alignnone size-full wp-image-6226"" />",<a href=https://npb.jp/bis/eng/teams/index_s.html>Yakult Swallows</a>,81,26,50,5,0.342,21.0,216,318,-102,0.330,15-22(3),11-28(2),5-8,4-9,2-9(1),6-7(1),4-5(2),--,5-12(1)
