Rank,Player,G,PA,AB,R,H,2B,3B,HR,TB,RBI,SB,CS,SH,SF,SO,BB,IBB,HP,GDP,AVG,OBP,SLG,OPS,OPS+,ISO,BABIP,TTO%,K%,BB%,BB/K,Age,Pos,B,,Team,League
,<a href=https://npb.jp/bis/eng/players/71075138.html>Chikamoto Koji</a>,85,391,351,48,104,14,2,3,131,23,23,5,0,2,48,37,1,1,1,0.296,0.363,0.373,0.736,137,0.077,0.334,22.5%,12.3%,9.5%,0.77,30,8,L,"<img src=""https://www.yakyucosmo.com/wp-content/uploads/2025/04/Tigers.jpg"" alt="""" width=""10"" height=""10"" class=""alignnone size-full wp-image-6224"" />",<a href=https://npb.jp/bis/eng/teams/index_t.html>Hanshin</a>,CL
,<a href=https://npb.jp/bis/eng/players/43145157.html>Morishita Shota</a>,85,375,331,51,88,11,1,15,146,59,4,2,0,3,51,32,4,9,12,0.266,0.344,0.441,0.785,151,0.175,0.272,26.1%,13.6%,8.5%,0.63,24,9,R,"<img src=""https://www.yakyucosmo.com/wp-content/uploads/2025/04/Tigers.jpg"" alt="""" width=""10"" height=""10"" class=""alignnone size-full wp-image-6224"" />",<a href=https://npb.jp/bis/eng/teams/index_t.html>Hanshin</a>,CL
,<a href=https://npb.jp/bis/eng/players/41445153.html>Nakano Takumu</a>,85,379,312,44,95,10,2,0,109,19,14,3,29,2,42,33,1,3,4,0.304,0.374,0.349,0.723,133,0.045,0.349,19.8%,11.1%,8.7%,0.79,29,4,L,"<img src=""https://www.yakyucosmo.com/wp-content/uploads/2025/04/Tigers.jpg"" alt="""" width=""10"" height=""10"" class=""alignnone size-full wp-image-6224"" />",<a href=https://npb.jp/bis/eng/teams/index_t.html>Hanshin</a>,CL
,<a href=https://npb.jp/bis/eng/players/21325134.html>Ohyama Yusuke</a>,85,355,314,23,83,13,1,4,110,40,4,1,0,2,57,38,2,1,9,0.264,0.344,0.350,0.694,123,0.086,0.310,27.9%,16.1%,10.7%,0.67,30,3,R,"<img src=""https://www.yakyucosmo.com/wp-content/uploads/2025/04/Tigers.jpg"" alt="""" width=""10"" height=""10"" class=""alignnone size-full wp-image-6224"" />",<a href=https://npb.jp/bis/eng/teams/index_t.html>Hanshin</a>,CL
,<a href=https://npb.jp/bis/eng/players/41045153.html>Sato Teruaki</a>,84,359,326,50,94,21,4,24,195,62,8,2,0,1,96,32,5,0,3,0.288,0.351,0.598,0.949,201,0.310,0.338,42.3%,26.7%,8.9%,0.33,26,5,L,"<img src=""https://www.yakyucosmo.com/wp-content/uploads/2025/04/Tigers.jpg"" alt="""" width=""10"" height=""10"" class=""alignnone size-full wp-image-6224"" />",<a href=https://npb.jp/bis/eng/teams/index_t.html>Hanshin</a>,CL
,<a href=https://npb.jp/bis/eng/players/43745150.html>Fabian Sandro</a>,82,345,328,40,97,19,0,10,146,41,2,2,0,2,54,11,3,4,5,0.296,0.325,0.445,0.770,136,0.149,0.327,21.7%,15.7%,3.2%,0.20,27,7,R,"<img src=""https://www.yakyucosmo.com/wp-content/uploads/2025/04/Carp.jpg"" alt="""" width=""10"" height=""10"" class=""alignnone size-full wp-image-6223"" />",<a href=https://npb.jp/bis/eng/teams/index_c.html>Hiroshima</a>,CL
,<a href=https://npb.jp/bis/eng/players/61565135.html>Kikuchi Ryosuke</a>,71,265,238,17,55,9,0,2,70,20,5,2,14,1,45,11,0,1,5,0.231,0.267,0.294,0.561,74,0.063,0.276,21.9%,17.0%,4.2%,0.24,35,4,R,"<img src=""https://www.yakyucosmo.com/wp-content/uploads/2025/04/Carp.jpg"" alt="""" width=""10"" height=""10"" class=""alignnone size-full wp-image-6223"" />",<a href=https://npb.jp/bis/eng/teams/index_c.html>Hiroshima</a>,CL
,<a href=https://npb.jp/bis/eng/players/01705138.html>Kozono Kaito</a>,81,347,315,30,91,15,3,2,118,25,7,3,1,1,28,28,5,2,5,0.289,0.350,0.375,0.725,124,0.086,0.311,16.7%,8.1%,8.1%,1.00,25,5,L,"<img src=""https://www.yakyucosmo.com/wp-content/uploads/2025/04/Carp.jpg"" alt="""" width=""10"" height=""10"" class=""alignnone size-full wp-image-6223"" />",<a href=https://npb.jp/bis/eng/teams/index_c.html>Hiroshima</a>,CL
,<a href=https://npb.jp/bis/eng/players/51055155.html>Suekane Shota</a>,75,310,282,27,71,9,3,7,107,40,2,3,0,2,61,25,0,1,1,0.252,0.313,0.379,0.692,113,0.127,0.296,30.0%,19.7%,8.1%,0.41,29,9,R,"<img src=""https://www.yakyucosmo.com/wp-content/uploads/2025/04/Carp.jpg"" alt="""" width=""10"" height=""10"" class=""alignnone size-full wp-image-6223"" />",<a href=https://npb.jp/bis/eng/teams/index_c.html>Hiroshima</a>,CL
,<a href=https://npb.jp/bis/eng/players/93395153.html>Yano Masaya</a>,77,275,236,18,51,6,1,1,62,17,1,3,13,1,56,22,1,3,1,0.216,0.290,0.263,0.553,72,0.047,0.278,28.7%,20.4%,8.0%,0.39,26,6,L,"<img src=""https://www.yakyucosmo.com/wp-content/uploads/2025/04/Carp.jpg"" alt="""" width=""10"" height=""10"" class=""alignnone size-full wp-image-6223"" />",<a href=https://npb.jp/bis/eng/teams/index_c.html>Hiroshima</a>,CL
,<a href=https://npb.jp/bis/eng/players/13115153.html>Maki Shugo</a>,82,348,321,43,90,22,0,15,157,46,3,3,0,1,65,16,5,10,5,0.280,0.333,0.489,0.822,155,0.209,0.310,27.6%,18.7%,4.6%,0.25,27,4,R,"<img src=""https://www.yakyucosmo.com/wp-content/uploads/2025/04/BayStars.jpg"" alt="""" width=""10"" height=""10"" class=""alignnone size-full wp-image-6228"" />",<a href=https://npb.jp/bis/eng/teams/index_db.html>DeNA</a>,CL
,<a href=https://npb.jp/bis/eng/players/91995134.html>Sano Keita</a>,80,328,300,24,82,14,0,7,117,39,0,0,0,2,32,25,1,1,6,0.273,0.329,0.390,0.719,125,0.117,0.285,19.5%,9.8%,7.6%,0.78,30,3,L,"<img src=""https://www.yakyucosmo.com/wp-content/uploads/2025/04/BayStars.jpg"" alt="""" width=""10"" height=""10"" class=""alignnone size-full wp-image-6228"" />",<a href=https://npb.jp/bis/eng/teams/index_db.html>DeNA</a>,CL
,<a href=https://npb.jp/bis/eng/players/73575150.html>Cabbage Trey</a>,71,273,248,22,59,13,0,8,96,27,3,3,1,1,79,19,2,4,2,0.238,0.301,0.387,0.688,118,0.149,0.315,38.8%,28.9%,7.0%,0.24,28,9,L,"<img src=""https://www.yakyucosmo.com/wp-content/uploads/2025/04/Giants.jpg"" alt="""" width=""10"" height=""10"" class=""alignnone size-full wp-image-6227"" />",<a href=https://npb.jp/bis/eng/teams/index_g.html>Yomiuri</a>,CL
,<a href=https://npb.jp/bis/eng/players/61165159.html>Izuguchi Yuta</a>,75,324,288,28,81,11,0,4,104,19,3,4,6,1,37,28,1,1,4,0.281,0.346,0.361,0.707,125,0.080,0.310,21.3%,11.4%,8.6%,0.76,26,6,L,"<img src=""https://www.yakyucosmo.com/wp-content/uploads/2025/04/Giants.jpg"" alt="""" width=""10"" height=""10"" class=""alignnone size-full wp-image-6227"" />",<a href=https://npb.jp/bis/eng/teams/index_g.html>Yomiuri</a>,CL
,<a href=https://npb.jp/bis/eng/players/73375134.html>Yoshikawa Naoki</a>,83,355,316,27,87,12,3,3,114,25,7,2,1,3,49,31,0,4,6,0.275,0.345,0.361,0.706,125,0.086,0.315,23.4%,13.8%,8.7%,0.63,30,4,L,"<img src=""https://www.yakyucosmo.com/wp-content/uploads/2025/04/Giants.jpg"" alt="""" width=""10"" height=""10"" class=""alignnone size-full wp-image-6227"" />",<a href=https://npb.jp/bis/eng/teams/index_g.html>Yomiuri</a>,CL
,<a href=https://npb.jp/bis/eng/players/23525153.html>Osuna Jose</a>,79,332,301,18,78,13,0,4,103,33,2,1,0,3,36,27,6,1,7,0.259,0.319,0.342,0.661,100,0.083,0.280,20.2%,10.8%,8.1%,0.75,32,3,R,"<img src=""https://www.yakyucosmo.com/wp-content/uploads/2025/04/Swallows.jpg"" alt="""" width=""10"" height=""10"" class=""alignnone size-full wp-image-6226"" />",<a href=https://npb.jp/bis/eng/teams/index_s.html>Yakult</a>,CL
,<a href=https://npb.jp/bis/eng/players/81585151.html>Okabayashi Yuki</a>,83,371,335,41,101,18,5,2,135,20,14,3,2,2,32,31,5,1,1,0.301,0.360,0.403,0.763,152,0.102,0.327,17.5%,8.6%,8.4%,0.97,23,8,L,"<img src=""https://www.yakyucosmo.com/wp-content/uploads/2025/04/Dragons.jpg"" alt="""" width=""10"" height=""10"" class=""alignnone size-full wp-image-6225"" />",<a href=https://npb.jp/bis/eng/teams/index_d.html>Chunichi</a>,CL
,<a href=https://npb.jp/bis/eng/players/91395139.html>Uebayashi Seiji</a>,81,312,290,29,77,11,3,11,127,29,17,4,4,1,57,15,6,2,0,0.266,0.305,0.438,0.743,143,0.172,0.296,26.6%,18.3%,4.8%,0.26,29,9,L,"<img src=""https://www.yakyucosmo.com/wp-content/uploads/2025/04/Dragons.jpg"" alt="""" width=""10"" height=""10"" class=""alignnone size-full wp-image-6225"" />",<a href=https://npb.jp/bis/eng/teams/index_d.html>Chunichi</a>,CL
,<a href=https://npb.jp/bis/eng/players/91995151.html>Kurebayashi Kotaro</a>,72,292,264,18,63,10,1,5,90,28,0,2,0,4,37,21,2,3,6,0.239,0.298,0.341,0.639,103,0.102,0.257,21.6%,12.7%,7.2%,0.57,23,6,R,"<img src=""https://www.yakyucosmo.com/wp-content/uploads/2025/04/Buffaloes.jpg"" alt="""" width=""10"" height=""10"" class=""alignnone size-full wp-image-6222"" />",<a href=https://npb.jp/bis/eng/teams/index_b.html>ORIX</a>,PL
,<a href=https://npb.jp/bis/eng/players/51255138.html>Nakagawa Keita</a>,67,259,239,33,62,16,1,6,98,35,7,1,3,2,34,15,1,0,7,0.259,0.301,0.410,0.711,125,0.151,0.279,21.2%,13.1%,5.8%,0.44,29,8,R,"<img src=""https://www.yakyucosmo.com/wp-content/uploads/2025/04/Buffaloes.jpg"" alt="""" width=""10"" height=""10"" class=""alignnone size-full wp-image-6222"" />",<a href=https://npb.jp/bis/eng/teams/index_b.html>ORIX</a>,PL
,<a href=https://npb.jp/bis/eng/players/71475132.html>Nishikawa Ryoma</a>,69,293,277,26,87,20,1,4,121,31,4,1,4,1,42,9,1,2,4,0.314,0.339,0.437,0.776,146,0.123,0.358,18.8%,14.3%,3.1%,0.21,30,7,L,"<img src=""https://www.yakyucosmo.com/wp-content/uploads/2025/04/Buffaloes.jpg"" alt="""" width=""10"" height=""10"" class=""alignnone size-full wp-image-6222"" />",<a href=https://npb.jp/bis/eng/teams/index_b.html>ORIX</a>,PL
,<a href=https://npb.jp/bis/eng/players/91395138.html>Ohta Ryo</a>,58,263,234,24,74,6,0,5,95,26,0,2,5,1,53,20,3,3,6,0.316,0.376,0.406,0.782,149,0.090,0.390,29.7%,20.2%,7.6%,0.38,24,4,R,"<img src=""https://www.yakyucosmo.com/wp-content/uploads/2025/04/Buffaloes.jpg"" alt="""" width=""10"" height=""10"" class=""alignnone size-full wp-image-6222"" />",<a href=https://npb.jp/bis/eng/teams/index_b.html>ORIX</a>,PL
,<a href=https://npb.jp/bis/eng/players/61965132.html>Sugimoto Yutaro</a>,69,271,240,26,70,13,1,8,109,32,1,0,0,6,68,21,0,4,5,0.292,0.351,0.454,0.805,155,0.162,0.365,35.8%,25.1%,7.7%,0.31,34,9,R,"<img src=""https://www.yakyucosmo.com/wp-content/uploads/2025/04/Buffaloes.jpg"" alt="""" width=""10"" height=""10"" class=""alignnone size-full wp-image-6222"" />",<a href=https://npb.jp/bis/eng/teams/index_b.html>ORIX</a>,PL
,<a href=https://npb.jp/bis/eng/players/81085138.html>Tongu Yuma</a>,77,321,287,24,75,14,0,8,113,36,1,0,0,3,47,28,2,3,7,0.261,0.330,0.394,0.724,130,0.133,0.285,25.9%,14.6%,8.7%,0.60,28,3,R,"<img src=""https://www.yakyucosmo.com/wp-content/uploads/2025/04/Buffaloes.jpg"" alt="""" width=""10"" height=""10"" class=""alignnone size-full wp-image-6222"" />",<a href=https://npb.jp/bis/eng/teams/index_b.html>ORIX</a>,PL
,<a href=https://npb.jp/bis/eng/players/41645136.html>Fujioka Yudai</a>,68,267,231,19,57,13,1,3,81,14,0,0,5,3,49,28,1,0,5,0.247,0.324,0.351,0.675,109,0.104,0.297,30.0%,18.4%,10.5%,0.57,31,4,L,"<img src=""https://www.yakyucosmo.com/wp-content/uploads/2025/04/Marines.jpg"" alt="""" width=""10"" height=""10"" class=""alignnone size-full wp-image-6240"" />",<a href=https://npb.jp/bis/eng/teams/index_m.html>Lotte</a>,PL
,<a href=https://npb.jp/bis/eng/players/31635138.html>Fujiwara Kyota</a>,70,288,259,22,72,6,4,3,95,17,7,3,3,0,47,21,2,5,2,0.278,0.344,0.367,0.711,120,0.089,0.330,24.7%,16.3%,7.3%,0.45,25,8,L,"<img src=""https://www.yakyucosmo.com/wp-content/uploads/2025/04/Marines.jpg"" alt="""" width=""10"" height=""10"" class=""alignnone size-full wp-image-6240"" />",<a href=https://npb.jp/bis/eng/teams/index_m.html>Lotte</a>,PL
,<a href=https://npb.jp/bis/eng/players/11215116.html>Nakamura Akira</a>,74,302,265,22,65,5,2,1,77,21,1,2,4,3,29,30,1,0,5,0.245,0.319,0.291,0.610,91,0.046,0.269,19.9%,9.6%,9.9%,1.03,35,3,L,"<img src=""https://www.yakyucosmo.com/wp-content/uploads/2025/04/Hawks.jpg"" alt="""" width=""10"" height=""10"" class=""alignnone size-full wp-image-6220"" /> ",<a href=https://npb.jp/bis/eng/teams/index_h.html>SoftBank</a>,PL
,<a href=https://npb.jp/bis/eng/players/21425139.html>Yamakawa Hotaka</a>,73,286,259,26,51,6,0,13,96,37,0,0,0,3,78,21,3,3,5,0.197,0.262,0.371,0.633,96,0.174,0.222,39.2%,27.3%,7.3%,0.27,33,DH,R,"<img src=""https://www.yakyucosmo.com/wp-content/uploads/2025/04/Hawks.jpg"" alt="""" width=""10"" height=""10"" class=""alignnone size-full wp-image-6220"" /> ",<a href=https://npb.jp/bis/eng/teams/index_h.html>SoftBank</a>,PL
,<a href=https://npb.jp/bis/eng/players/73175151.html>Yanagimachi Tatsuru</a>,73,286,241,26,73,10,1,3,94,26,2,2,3,0,63,39,0,3,5,0.303,0.406,0.390,0.796,148,0.087,0.400,36.7%,22.0%,13.6%,0.62,28,9,L,"<img src=""https://www.yakyucosmo.com/wp-content/uploads/2025/04/Hawks.jpg"" alt="""" width=""10"" height=""10"" class=""alignnone size-full wp-image-6220"" /> ",<a href=https://npb.jp/bis/eng/teams/index_h.html>SoftBank</a>,PL
,<a href=https://npb.jp/bis/eng/players/51155118.html>Asamura Hideto</a>,72,294,246,20,59,10,1,5,86,24,1,0,0,1,63,42,4,5,8,0.240,0.361,0.350,0.711,132,0.110,0.302,37.4%,21.4%,14.3%,0.67,34,3,R,"<img src=""https://www.yakyucosmo.com/wp-content/uploads/2025/04/Eagles.jpg"" alt="""" width=""10"" height=""10"" class=""alignnone size-full wp-image-6218"" />",<a href=https://npb.jp/bis/eng/teams/index_e.html>Rakuten</a>,PL
,<a href=https://npb.jp/bis/eng/players/61965151.html>Kobukata Hiroto</a>,80,292,246,25,57,5,1,1,67,11,24,5,11,0,52,34,0,1,1,0.232,0.327,0.272,0.599,96,0.040,0.290,29.8%,17.8%,11.6%,0.65,29,4,L,"<img src=""https://www.yakyucosmo.com/wp-content/uploads/2025/04/Eagles.jpg"" alt="""" width=""10"" height=""10"" class=""alignnone size-full wp-image-6218"" />",<a href=https://npb.jp/bis/eng/teams/index_e.html>Rakuten</a>,PL
,<a href=https://npb.jp/bis/eng/players/53155150.html>Muneyama Rui</a>,73,293,279,14,67,14,3,2,93,19,4,0,0,5,51,8,2,1,5,0.240,0.259,0.333,0.592,91,0.093,0.281,20.8%,17.4%,2.7%,0.16,22,6,L,"<img src=""https://www.yakyucosmo.com/wp-content/uploads/2025/04/Eagles.jpg"" alt="""" width=""10"" height=""10"" class=""alignnone size-full wp-image-6218"" />",<a href=https://npb.jp/bis/eng/teams/index_e.html>Rakuten</a>,PL
,<a href=https://npb.jp/bis/eng/players/41845132.html>Murabayashi Itsuki</a>,77,304,285,19,92,7,0,3,108,31,4,2,2,2,54,13,2,2,5,0.323,0.354,0.379,0.733,139,0.056,0.387,23.0%,17.8%,4.3%,0.24,27,5,R,"<img src=""https://www.yakyucosmo.com/wp-content/uploads/2025/04/Eagles.jpg"" alt="""" width=""10"" height=""10"" class=""alignnone size-full wp-image-6218"" />",<a href=https://npb.jp/bis/eng/teams/index_e.html>Rakuten</a>,PL
,<a href=https://npb.jp/bis/eng/players/81685153.html>Hasegawa Shinya</a>,81,308,275,33,61,11,3,6,96,28,5,2,4,4,39,22,1,3,5,0.222,0.283,0.349,0.632,99,0.127,0.235,21.8%,12.7%,7.1%,0.56,23,9,R,"<img src=""https://www.yakyucosmo.com/wp-content/uploads/2025/04/Lions.jpg"" alt="""" width=""10"" height=""10"" class=""alignnone size-full wp-image-6219"" />",<a href=https://npb.jp/bis/eng/teams/index_l.html>Seibu</a>,PL
,<a href=https://npb.jp/bis/eng/players/53755150.html>Nevin Tyler</a>,83,345,308,29,86,17,0,9,130,37,2,1,0,4,44,26,3,7,6,0.279,0.345,0.422,0.767,142,0.143,0.297,22.9%,12.8%,7.5%,0.59,28,3,R,"<img src=""https://www.yakyucosmo.com/wp-content/uploads/2025/04/Lions.jpg"" alt="""" width=""10"" height=""10"" class=""alignnone size-full wp-image-6219"" />",<a href=https://npb.jp/bis/eng/teams/index_l.html>Seibu</a>,PL
,<a href=https://npb.jp/bis/eng/players/51455136.html>Nishikawa Manaya</a>,83,369,334,38,85,15,1,4,114,18,18,5,2,2,50,26,1,5,2,0.254,0.316,0.341,0.657,108,0.087,0.287,21.7%,13.6%,7.0%,0.52,26,8,L,"<img src=""https://www.yakyucosmo.com/wp-content/uploads/2025/04/Lions.jpg"" alt="""" width=""10"" height=""10"" class=""alignnone size-full wp-image-6219"" />",<a href=https://npb.jp/bis/eng/teams/index_l.html>Seibu</a>,PL
,<a href=https://npb.jp/bis/eng/players/41545136.html>Kiyomiya Kotaro</a>,81,341,314,35,83,17,0,7,121,36,4,1,0,3,44,23,0,1,4,0.264,0.314,0.385,0.699,114,0.121,0.286,21.7%,12.9%,6.7%,0.52,26,5,L,"<img src=""https://www.yakyucosmo.com/wp-content/uploads/2025/04/Fighters.jpg"" alt="""" width=""10"" height=""10"" class=""alignnone size-full wp-image-6217"" />",<a href=https://npb.jp/bis/eng/teams/index_f.html>Nipponham</a>,PL
,<a href=https://npb.jp/bis/eng/players/11815138.html>Mannami Chusei</a>,80,305,276,30,62,19,1,14,125,35,1,1,0,0,82,28,6,1,4,0.225,0.298,0.453,0.751,129,0.228,0.267,40.7%,26.9%,9.2%,0.34,25,9,R,"<img src=""https://www.yakyucosmo.com/wp-content/uploads/2025/04/Fighters.jpg"" alt="""" width=""10"" height=""10"" class=""alignnone size-full wp-image-6217"" />",<a href=https://npb.jp/bis/eng/teams/index_f.html>Nipponham</a>,PL
,<a href=https://npb.jp/bis/eng/players/73075159.html>Reyes Franmil</a>,77,315,281,35,80,13,0,18,147,52,0,0,0,1,70,33,2,0,6,0.285,0.359,0.523,0.882,168,0.238,0.320,38.4%,22.2%,10.5%,0.47,29,DH,R,"<img src=""https://www.yakyucosmo.com/wp-content/uploads/2025/04/Fighters.jpg"" alt="""" width=""10"" height=""10"" class=""alignnone size-full wp-image-6217"" />",<a href=https://npb.jp/bis/eng/teams/index_f.html>Nipponham</a>,PL
