#,,Team,G,W,L,T,PCT,GB,RS,RA,Diff,XPCT,Home,Road,vs T,vs G,vs DB,vs D,vs C,vs S,Inter
,"<img src=""https://www.yakyucosmo.com/wp-content/uploads/2025/04/Tigers.jpg"" alt="""" width=""10"" height=""10"" class=""alignnone size-full wp-image-6224"" />",<a href=https://npb.jp/bis/eng/teams/index_t.html>Hanshin Tigers</a>,101,61,38,2,0.616,--,345,230,115,0.677,28-20(1),33-18(1),--,13-5,10-4(2),7-8,13-5,10-6,8-10
,"<img src=""https://www.yakyucosmo.com/wp-content/uploads/2025/04/Giants.jpg"" alt="""" width=""10"" height=""10"" class=""alignnone size-full wp-image-6227"" />",<a href=https://npb.jp/bis/eng/teams/index_g.html>Yomiuri Giants</a>,100,48,49,3,0.495,12.0,287,298,-11,0.483,31-19(1),17-30(2),5-13,--,10-5(1),9-7,7-8(1),11-5,6-11(1)
,"<img src=""https://www.yakyucosmo.com/wp-content/uploads/2025/04/BayStars.jpg"" alt="""" width=""10"" height=""10"" class=""alignnone size-full wp-image-6228"" />",<a href=https://npb.jp/bis/eng/teams/index_db.html>DeNA BayStars</a>,99,46,48,5,0.489,12.5,318,295,23,0.534,26-21(2),20-27(3),4-10(2),5-10(1),--,11-6,9-7(1),10-4(1),7-11
,"<img src=""https://www.yakyucosmo.com/wp-content/uploads/2025/04/Dragons.jpg"" alt="""" width=""10"" height=""10"" class=""alignnone size-full wp-image-6225"" />",<a href=https://npb.jp/bis/eng/teams/index_d.html>Chunichi Dragons</a>,99,44,53,2,0.454,16.0,266,299,-33,0.447,28-23(1),16-30(1),8-7,7-9,6-11,--,8-8(1),7-8(1),8-10
,"<img src=""https://www.yakyucosmo.com/wp-content/uploads/2025/04/Carp.jpg"" alt="""" width=""10"" height=""10"" class=""alignnone size-full wp-image-6223"" />",<a href=https://npb.jp/bis/eng/teams/index_c.html>Hiroshima Carp</a>,99,42,52,5,0.447,16.5,299,322,-23,0.466,26-19(3),16-33(2),5-13,8-7(1),7-9(1),8-8(1),--,5-6(2),9-9
,"<img src=""https://www.yakyucosmo.com/wp-content/uploads/2025/04/Swallows.jpg"" alt="""" width=""10"" height=""10"" class=""alignnone size-full wp-image-6226"" />",<a href=https://npb.jp/bis/eng/teams/index_s.html>Yakult Swallows</a>,94,34,55,5,0.382,22.0,260,368,-108,0.346,20-24(3),14-31(2),6-10,5-11,4-10(1),8-7(1),6-5(2),--,5-12(1)
