Rank,Pitcher,G,W,L,SV,HLD,CG,SHO,BF,IP,H,HR,SO,BB,IBB,HB,WP,R,ER,ERA,FIP,kwERA,WHIP,ERA+,FIP-,kwERA-,Diff,HR%,K%,BB%,K-BB%,Age,T,,Team,League
,<a href=https://npb.jp/bis/eng/players/13315153.html>Murakami Shoki</a>,14,7,2,0,0,2,2,383,100.2,72,4,72,14,1,2,2,20,20,1.79,2.51,3.29,0.85,150,82,92,-0.72,1.0%,18.8%,3.7%,15.1%,27,R,"<img src=""https://www.yakyucosmo.com/wp-content/uploads/2025/04/Tigers.jpg"" alt="""" width=""10"" height=""10"" class=""alignnone size-full wp-image-6224"" />",<a href=https://npb.jp/bis/eng/teams/index_t.html>Hanshin</a>,CL
,<a href=https://npb.jp/bis/eng/players/41745134.html>Saiki Hiroto</a>,13,6,4,0,0,1,1,354,86.1,63,2,68,33,2,0,0,15,15,1.56,2.82,3.81,1.11,172,93,106,-1.26,0.6%,19.2%,9.3%,9.9%,26,R,"<img src=""https://www.yakyucosmo.com/wp-content/uploads/2025/04/Tigers.jpg"" alt="""" width=""10"" height=""10"" class=""alignnone size-full wp-image-6224"" />",<a href=https://npb.jp/bis/eng/teams/index_t.html>Hanshin</a>,CL
,<a href=https://npb.jp/bis/eng/players/53155151.html>Morishita Masato</a>,14,5,7,0,0,2,0,405,101.0,88,4,64,20,0,3,0,34,26,2.32,2.88,3.71,1.07,124,88,104,-0.56,1.0%,15.8%,4.9%,10.9%,27,R,"<img src=""https://www.yakyucosmo.com/wp-content/uploads/2025/04/Carp.jpg"" alt="""" width=""10"" height=""10"" class=""alignnone size-full wp-image-6223"" />",<a href=https://npb.jp/bis/eng/teams/index_c.html>Hiroshima</a>,CL
,<a href=https://npb.jp/bis/eng/players/61365139.html>Ohsera Daichi</a>,12,2,4,0,0,0,0,301,71.0,67,3,53,21,3,1,2,25,24,3.04,2.93,3.74,1.24,95,90,104,0.11,1.0%,17.6%,7.0%,10.6%,34,R,"<img src=""https://www.yakyucosmo.com/wp-content/uploads/2025/04/Carp.jpg"" alt="""" width=""10"" height=""10"" class=""alignnone size-full wp-image-6223"" />",<a href=https://npb.jp/bis/eng/teams/index_c.html>Hiroshima</a>,CL
,<a href=https://npb.jp/bis/eng/players/11415134.html>Tokoda Hiroki</a>,14,7,5,0,0,5,3,400,101.1,82,4,57,21,2,1,1,24,22,1.95,2.98,3.90,1.02,148,92,109,-1.03,1.0%,14.2%,5.2%,9.0%,30,L,"<img src=""https://www.yakyucosmo.com/wp-content/uploads/2025/04/Carp.jpg"" alt="""" width=""10"" height=""10"" class=""alignnone size-full wp-image-6223"" />",<a href=https://npb.jp/bis/eng/teams/index_c.html>Hiroshima</a>,CL
,<a href=https://npb.jp/bis/eng/players/51155136.html>Azuma Katsuki</a>,12,7,4,0,0,1,0,331,82.1,70,7,67,12,0,2,0,26,18,1.97,2.93,3.14,1.00,142,93,88,-0.96,2.1%,20.2%,3.6%,16.6%,29,L,"<img src=""https://www.yakyucosmo.com/wp-content/uploads/2025/04/BayStars.jpg"" alt="""" width=""10"" height=""10"" class=""alignnone size-full wp-image-6228"" />",<a href=https://npb.jp/bis/eng/teams/index_db.html>DeNA</a>,CL
,<a href=https://npb.jp/bis/eng/players/33235157.html>Bauer Trevor</a>,15,4,7,0,0,2,1,425,100.1,99,9,93,34,3,4,1,46,46,4.13,3.39,3.41,1.33,68,107,95,0.74,2.1%,21.9%,8.0%,13.9%,34,R,"<img src=""https://www.yakyucosmo.com/wp-content/uploads/2025/04/BayStars.jpg"" alt="""" width=""10"" height=""10"" class=""alignnone size-full wp-image-6228"" />",<a href=https://npb.jp/bis/eng/teams/index_db.html>DeNA</a>,CL
,<a href=https://npb.jp/bis/eng/players/43745159.html>Jackson Andre</a>,13,7,3,0,0,0,0,337,83.2,65,3,66,22,1,5,3,14,14,1.51,2.80,3.49,1.04,185,88,97,-1.29,0.9%,19.6%,6.5%,13.1%,29,R,"<img src=""https://www.yakyucosmo.com/wp-content/uploads/2025/04/BayStars.jpg"" alt="""" width=""10"" height=""10"" class=""alignnone size-full wp-image-6228"" />",<a href=https://npb.jp/bis/eng/teams/index_db.html>DeNA</a>,CL
,<a href=https://npb.jp/bis/eng/players/13715159.html>Kay Anthony</a>,12,5,5,0,0,0,0,313,80.0,67,3,64,18,1,1,0,16,16,1.80,2.54,3.33,1.06,156,80,93,-0.74,1.0%,20.4%,5.8%,14.7%,30,L,"<img src=""https://www.yakyucosmo.com/wp-content/uploads/2025/04/BayStars.jpg"" alt="""" width=""10"" height=""10"" class=""alignnone size-full wp-image-6228"" />",<a href=https://npb.jp/bis/eng/teams/index_db.html>DeNA</a>,CL
,<a href=https://npb.jp/bis/eng/players/51155155.html>Akahoshi Yuji</a>,14,6,5,0,0,1,1,340,86.1,76,6,66,11,2,2,0,21,19,1.98,2.77,3.18,1.01,138,90,89,-0.79,1.8%,19.4%,3.2%,16.2%,25,R,"<img src=""https://www.yakyucosmo.com/wp-content/uploads/2025/04/Giants.jpg"" alt="""" width=""10"" height=""10"" class=""alignnone size-full wp-image-6227"" />",<a href=https://npb.jp/bis/eng/teams/index_g.html>Yomiuri</a>,CL
,<a href=https://npb.jp/bis/eng/players/03305153.html>Yamasaki Iori</a>,13,7,2,0,0,0,0,335,87.0,64,4,76,13,0,1,1,16,12,1.24,2.28,2.92,0.89,220,74,81,-1.04,1.2%,22.7%,3.9%,18.8%,26,R,"<img src=""https://www.yakyucosmo.com/wp-content/uploads/2025/04/Giants.jpg"" alt="""" width=""10"" height=""10"" class=""alignnone size-full wp-image-6227"" />",<a href=https://npb.jp/bis/eng/teams/index_g.html>Yomiuri</a>,CL
,<a href=https://npb.jp/bis/eng/players/21225137.html>Matsuba Takahiro</a>,14,7,5,0,0,1,0,364,93.2,75,3,36,22,0,4,0,18,17,1.63,3.43,4.42,1.04,157,118,123,-1.80,0.8%,9.9%,6.0%,3.8%,34,L,"<img src=""https://www.yakyucosmo.com/wp-content/uploads/2025/04/Dragons.jpg"" alt="""" width=""10"" height=""10"" class=""alignnone size-full wp-image-6225"" />",<a href=https://npb.jp/bis/eng/teams/index_d.html>Chunichi</a>,CL
,<a href=https://npb.jp/bis/eng/players/61265153.html>Takahashi Hiroto</a>,13,2,7,0,0,1,0,351,84.1,81,4,66,26,1,4,6,34,31,3.31,3.06,3.66,1.27,77,106,102,0.25,1.1%,18.8%,7.4%,11.4%,22,R,"<img src=""https://www.yakyucosmo.com/wp-content/uploads/2025/04/Dragons.jpg"" alt="""" width=""10"" height=""10"" class=""alignnone size-full wp-image-6225"" />",<a href=https://npb.jp/bis/eng/teams/index_d.html>Chunichi</a>,CL
,<a href=https://npb.jp/bis/eng/players/71775139.html>Kuri Allen</a>,13,6,4,0,0,1,0,372,90.2,85,2,69,25,0,3,1,26,24,2.38,2.64,3.62,1.21,115,85,101,-0.26,0.5%,18.5%,6.7%,11.8%,33,R,"<img src=""https://www.yakyucosmo.com/wp-content/uploads/2025/04/Buffaloes.jpg"" alt="""" width=""10"" height=""10"" class=""alignnone size-full wp-image-6222"" />",<a href=https://npb.jp/bis/eng/teams/index_b.html>ORIX</a>,PL
,<a href=https://npb.jp/bis/eng/players/71875151.html>Miyagi Hiroya</a>,12,3,2,0,0,0,0,339,84.2,69,5,87,17,0,4,0,24,23,2.44,2.40,2.74,1.02,112,78,76,0.04,1.5%,25.7%,5.0%,20.6%,23,L,"<img src=""https://www.yakyucosmo.com/wp-content/uploads/2025/04/Buffaloes.jpg"" alt="""" width=""10"" height=""10"" class=""alignnone size-full wp-image-6222"" />",<a href=https://npb.jp/bis/eng/teams/index_b.html>ORIX</a>,PL
,<a href=https://npb.jp/bis/eng/players/81985157.html>Sotani Ryuhei</a>,12,6,3,0,0,1,0,298,72.1,68,6,61,18,1,2,1,28,25,3.11,3.17,3.36,1.19,88,102,94,-0.06,2.0%,20.5%,6.0%,14.4%,24,L,"<img src=""https://www.yakyucosmo.com/wp-content/uploads/2025/04/Buffaloes.jpg"" alt="""" width=""10"" height=""10"" class=""alignnone size-full wp-image-6222"" />",<a href=https://npb.jp/bis/eng/teams/index_b.html>ORIX</a>,PL
,<a href=https://npb.jp/bis/eng/players/33035150.html>Voth Austin</a>,13,2,4,0,0,0,0,321,78.2,70,3,56,16,0,4,2,28,27,3.09,2.78,3.55,1.09,93,86,99,0.31,0.9%,17.4%,5.0%,12.5%,33,R,"<img src=""https://www.yakyucosmo.com/wp-content/uploads/2025/04/Marines.jpg"" alt="""" width=""10"" height=""10"" class=""alignnone size-full wp-image-6240"" />",<a href=https://npb.jp/bis/eng/teams/index_m.html>Lotte</a>,PL
,<a href=https://npb.jp/bis/eng/players/51155130.html>Arihara Kohei</a>,13,5,5,0,0,1,1,371,90.0,86,6,61,22,1,2,2,33,31,3.10,3.26,3.75,1.20,92,101,105,-0.16,1.6%,16.4%,5.9%,10.5%,32,R,"<img src=""https://www.yakyucosmo.com/wp-content/uploads/2025/04/Hawks.jpg"" alt="""" width=""10"" height=""10"" class=""alignnone size-full wp-image-6220"" /> ",<a href=https://npb.jp/bis/eng/teams/index_h.html>SoftBank</a>,PL
,<a href=https://npb.jp/bis/eng/players/63965134.html>Moinelo Livan</a>,13,7,0,0,0,1,0,344,91.1,61,5,100,19,0,2,0,14,13,1.28,2.16,2.45,0.88,222,67,68,-0.88,1.5%,29.1%,5.5%,23.5%,29,L,"<img src=""https://www.yakyucosmo.com/wp-content/uploads/2025/04/Hawks.jpg"" alt="""" width=""10"" height=""10"" class=""alignnone size-full wp-image-6220"" /> ",<a href=https://npb.jp/bis/eng/teams/index_h.html>SoftBank</a>,PL
,<a href=https://npb.jp/bis/eng/players/01505151.html>Ohzeki Tomohisa</a>,12,5,3,0,0,0,0,299,74.2,52,5,49,20,1,3,0,18,17,2.05,3.43,3.83,0.96,139,107,107,-1.38,1.7%,16.4%,6.7%,9.7%,27,L,"<img src=""https://www.yakyucosmo.com/wp-content/uploads/2025/04/Hawks.jpg"" alt="""" width=""10"" height=""10"" class=""alignnone size-full wp-image-6220"" /> ",<a href=https://npb.jp/bis/eng/teams/index_h.html>SoftBank</a>,PL
,<a href=https://npb.jp/bis/eng/players/51355135.html>Uwasawa Naoyuki</a>,12,5,5,0,0,1,0,305,76.0,63,9,50,18,1,3,0,32,28,3.32,4.00,3.75,1.07,86,124,105,-0.68,3.0%,16.4%,5.9%,10.5%,31,R,"<img src=""https://www.yakyucosmo.com/wp-content/uploads/2025/04/Hawks.jpg"" alt="""" width=""10"" height=""10"" class=""alignnone size-full wp-image-6220"" /> ",<a href=https://npb.jp/bis/eng/teams/index_h.html>SoftBank</a>,PL
,<a href=https://npb.jp/bis/eng/players/31335134.html>Imai Tatsuya</a>,13,6,2,0,0,2,1,356,95.2,50,4,110,24,0,3,0,14,14,1.32,2.04,2.38,0.77,209,65,67,-0.72,1.1%,30.9%,6.7%,24.2%,27,R,"<img src=""https://www.yakyucosmo.com/wp-content/uploads/2025/04/Lions.jpg"" alt="""" width=""10"" height=""10"" class=""alignnone size-full wp-image-6219"" />",<a href=https://npb.jp/bis/eng/teams/index_l.html>Seibu</a>,PL
,<a href=https://npb.jp/bis/eng/players/21025155.html>Sumida Chihiro</a>,12,7,3,0,0,2,1,344,89.0,69,4,81,14,1,1,1,15,15,1.52,2.21,2.85,0.93,181,71,80,-0.69,1.2%,23.5%,4.1%,19.5%,25,L,"<img src=""https://www.yakyucosmo.com/wp-content/uploads/2025/04/Lions.jpg"" alt="""" width=""10"" height=""10"" class=""alignnone size-full wp-image-6219"" />",<a href=https://npb.jp/bis/eng/teams/index_l.html>Seibu</a>,PL
,<a href=https://npb.jp/bis/eng/players/53155138.html>Watanabe Yutaro</a>,12,5,4,0,0,0,0,310,77.1,60,3,44,20,0,3,2,22,18,2.09,3.20,4.03,1.03,132,103,112,-1.11,1.0%,14.2%,6.5%,7.7%,24,R,"<img src=""https://www.yakyucosmo.com/wp-content/uploads/2025/04/Lions.jpg"" alt="""" width=""10"" height=""10"" class=""alignnone size-full wp-image-6219"" />",<a href=https://npb.jp/bis/eng/teams/index_l.html>Seibu</a>,PL
,<a href=https://npb.jp/bis/eng/players/51355153.html>Itoh Hiromi</a>,13,8,4,0,0,4,1,397,99.2,82,10,96,14,1,4,3,30,28,2.53,2.86,2.73,0.96,114,87,76,-0.33,2.5%,24.2%,3.5%,20.7%,27,R,"<img src=""https://www.yakyucosmo.com/wp-content/uploads/2025/04/Fighters.jpg"" alt="""" width=""10"" height=""10"" class=""alignnone size-full wp-image-6217"" />",<a href=https://npb.jp/bis/eng/teams/index_f.html>Nipponham</a>,PL
,<a href=https://npb.jp/bis/eng/players/51755155.html>Kitayama Koki</a>,11,5,3,0,0,4,0,301,78.1,51,3,73,21,0,3,0,12,10,1.15,2.50,3.07,0.92,252,76,86,-1.35,1.0%,24.3%,7.0%,17.3%,26,R,"<img src=""https://www.yakyucosmo.com/wp-content/uploads/2025/04/Fighters.jpg"" alt="""" width=""10"" height=""10"" class=""alignnone size-full wp-image-6217"" />",<a href=https://npb.jp/bis/eng/teams/index_f.html>Nipponham</a>,PL
