Rank,Pitcher,G,W,L,SV,HLD,CG,SHO,BF,IP,H,HR,SO,BB,IBB,HB,WP,R,ER,ERA,FIP,kwERA,WHIP,ERA+,FIP-,kwERA-,Diff,HR%,K%,BB%,K-BB%,Age,T,,Team,League
,<a href=https://npb.jp/bis/eng/players/13315153.html>Murakami Shoki</a>,17,8,3,0,0,2,2,446,115.2,87,5,83,18,2,3,2,27,27,2.10,2.62,3.34,0.91,129,86,93,-0.52,1.1%,18.6%,4.0%,14.6%,27,R,"<img src=""https://www.yakyucosmo.com/wp-content/uploads/2025/04/Tigers.jpg"" alt="""" width=""10"" height=""10"" class=""alignnone size-full wp-image-6224"" />",<a href=https://npb.jp/bis/eng/teams/index_t.html>Hanshin</a>,CL
,<a href=https://npb.jp/bis/eng/players/41745134.html>Saiki Hiroto</a>,15,7,5,0,0,1,1,400,97.1,72,2,74,38,2,0,1,18,18,1.66,2.86,3.90,1.13,164,94,109,-1.20,0.5%,18.5%,9.5%,9.0%,26,R,"<img src=""https://www.yakyucosmo.com/wp-content/uploads/2025/04/Tigers.jpg"" alt="""" width=""10"" height=""10"" class=""alignnone size-full wp-image-6224"" />",<a href=https://npb.jp/bis/eng/teams/index_t.html>Hanshin</a>,CL
,<a href=https://npb.jp/bis/eng/players/53155151.html>Morishita Masato</a>,17,5,10,0,0,3,0,494,123.0,108,6,76,27,3,4,0,39,31,2.27,3.10,3.81,1.10,128,95,106,-0.83,1.2%,15.4%,5.5%,9.9%,27,R,"<img src=""https://www.yakyucosmo.com/wp-content/uploads/2025/04/Carp.jpg"" alt="""" width=""10"" height=""10"" class=""alignnone size-full wp-image-6223"" />",<a href=https://npb.jp/bis/eng/teams/index_c.html>Hiroshima</a>,CL
,<a href=https://npb.jp/bis/eng/players/61365139.html>Ohsera Daichi</a>,15,4,5,0,0,0,0,388,92.0,87,5,62,25,4,1,2,32,30,2.93,3.15,3.85,1.22,99,96,107,-0.22,1.3%,16.0%,6.4%,9.5%,34,R,"<img src=""https://www.yakyucosmo.com/wp-content/uploads/2025/04/Carp.jpg"" alt="""" width=""10"" height=""10"" class=""alignnone size-full wp-image-6223"" />",<a href=https://npb.jp/bis/eng/teams/index_c.html>Hiroshima</a>,CL
,<a href=https://npb.jp/bis/eng/players/11415134.html>Tokoda Hiroki</a>,16,7,7,0,0,5,3,449,113.1,90,5,62,28,3,1,2,28,26,2.06,3.19,4.04,1.04,141,98,112,-1.13,1.1%,13.8%,6.2%,7.6%,30,L,"<img src=""https://www.yakyucosmo.com/wp-content/uploads/2025/04/Carp.jpg"" alt="""" width=""10"" height=""10"" class=""alignnone size-full wp-image-6223"" />",<a href=https://npb.jp/bis/eng/teams/index_c.html>Hiroshima</a>,CL
,<a href=https://npb.jp/bis/eng/players/51155136.html>Azuma Katsuki</a>,14,9,4,0,0,1,0,385,97.1,77,7,75,12,0,5,0,26,18,1.66,2.86,3.16,0.91,170,90,88,-1.20,1.8%,19.5%,3.1%,16.4%,29,L,"<img src=""https://www.yakyucosmo.com/wp-content/uploads/2025/04/BayStars.jpg"" alt="""" width=""10"" height=""10"" class=""alignnone size-full wp-image-6228"" />",<a href=https://npb.jp/bis/eng/teams/index_db.html>DeNA</a>,CL
,<a href=https://npb.jp/bis/eng/players/33235157.html>Bauer Trevor</a>,17,4,8,0,0,2,1,474,112.1,110,10,102,37,4,4,2,52,52,4.17,3.38,3.43,1.31,68,106,95,0.79,2.1%,21.5%,7.8%,13.7%,34,R,"<img src=""https://www.yakyucosmo.com/wp-content/uploads/2025/04/BayStars.jpg"" alt="""" width=""10"" height=""10"" class=""alignnone size-full wp-image-6228"" />",<a href=https://npb.jp/bis/eng/teams/index_db.html>DeNA</a>,CL
,<a href=https://npb.jp/bis/eng/players/43745159.html>Jackson Andre</a>,16,8,4,0,0,0,0,409,99.0,81,5,76,32,2,6,5,23,23,2.09,3.22,3.72,1.14,135,101,104,-1.13,1.2%,18.6%,7.8%,10.8%,29,R,"<img src=""https://www.yakyucosmo.com/wp-content/uploads/2025/04/BayStars.jpg"" alt="""" width=""10"" height=""10"" class=""alignnone size-full wp-image-6228"" />",<a href=https://npb.jp/bis/eng/teams/index_db.html>DeNA</a>,CL
,<a href=https://npb.jp/bis/eng/players/13715159.html>Kay Anthony</a>,15,5,5,0,0,0,0,385,99.2,74,4,76,25,2,1,0,18,18,1.63,2.72,3.48,0.99,174,86,97,-1.09,1.0%,19.7%,6.5%,13.2%,30,L,"<img src=""https://www.yakyucosmo.com/wp-content/uploads/2025/04/BayStars.jpg"" alt="""" width=""10"" height=""10"" class=""alignnone size-full wp-image-6228"" />",<a href=https://npb.jp/bis/eng/teams/index_db.html>DeNA</a>,CL
,<a href=https://npb.jp/bis/eng/players/51155155.html>Akahoshi Yuji</a>,16,6,6,0,0,1,1,382,97.0,83,8,73,13,3,3,0,26,23,2.13,3.01,3.23,0.99,130,97,90,-0.88,2.1%,19.1%,3.4%,15.7%,25,R,"<img src=""https://www.yakyucosmo.com/wp-content/uploads/2025/04/Giants.jpg"" alt="""" width=""10"" height=""10"" class=""alignnone size-full wp-image-6227"" />",<a href=https://npb.jp/bis/eng/teams/index_g.html>Yomiuri</a>,CL
,<a href=https://npb.jp/bis/eng/players/03305153.html>Yamasaki Iori</a>,16,8,2,0,0,0,0,417,109.0,76,5,91,20,3,1,1,17,13,1.07,2.45,3.10,0.88,258,79,86,-1.38,1.2%,21.8%,4.8%,17.0%,26,R,"<img src=""https://www.yakyucosmo.com/wp-content/uploads/2025/04/Giants.jpg"" alt="""" width=""10"" height=""10"" class=""alignnone size-full wp-image-6227"" />",<a href=https://npb.jp/bis/eng/teams/index_g.html>Yomiuri</a>,CL
,<a href=https://npb.jp/bis/eng/players/21225137.html>Matsuba Takahiro</a>,16,7,6,0,0,1,0,425,106.2,95,3,42,26,1,4,0,25,24,2.03,3.37,4.42,1.13,128,116,123,-1.34,0.7%,9.9%,6.1%,3.8%,34,L,"<img src=""https://www.yakyucosmo.com/wp-content/uploads/2025/04/Dragons.jpg"" alt="""" width=""10"" height=""10"" class=""alignnone size-full wp-image-6225"" />",<a href=https://npb.jp/bis/eng/teams/index_d.html>Chunichi</a>,CL
,<a href=https://npb.jp/bis/eng/players/61265153.html>Takahashi Hiroto</a>,16,3,8,0,0,2,1,427,104.1,94,6,84,32,1,4,7,39,36,3.11,3.12,3.58,1.21,83,107,100,-0.01,1.4%,19.7%,7.5%,12.2%,22,R,"<img src=""https://www.yakyucosmo.com/wp-content/uploads/2025/04/Dragons.jpg"" alt="""" width=""10"" height=""10"" class=""alignnone size-full wp-image-6225"" />",<a href=https://npb.jp/bis/eng/teams/index_d.html>Chunichi</a>,CL
,<a href=https://npb.jp/bis/eng/players/71775139.html>Kuri Allen</a>,16,7,6,0,0,1,0,449,106.2,110,3,78,28,0,4,1,38,33,2.78,2.75,3.69,1.29,99,89,103,0.03,0.7%,17.4%,6.2%,11.1%,33,R,"<img src=""https://www.yakyucosmo.com/wp-content/uploads/2025/04/Buffaloes.jpg"" alt="""" width=""10"" height=""10"" class=""alignnone size-full wp-image-6222"" />",<a href=https://npb.jp/bis/eng/teams/index_b.html>ORIX</a>,PL
,<a href=https://npb.jp/bis/eng/players/71875151.html>Miyagi Hiroya</a>,15,3,3,0,0,0,0,424,105.2,87,5,110,20,0,5,1,30,29,2.47,2.19,2.68,1.01,112,71,74,0.28,1.2%,25.9%,4.7%,21.2%,23,L,"<img src=""https://www.yakyucosmo.com/wp-content/uploads/2025/04/Buffaloes.jpg"" alt="""" width=""10"" height=""10"" class=""alignnone size-full wp-image-6222"" />",<a href=https://npb.jp/bis/eng/teams/index_b.html>ORIX</a>,PL
,<a href=https://npb.jp/bis/eng/players/81985157.html>Sotani Ryuhei</a>,14,8,3,0,0,1,0,354,86.1,81,6,76,19,1,3,1,32,29,3.02,2.85,3.19,1.16,91,92,89,0.17,1.7%,21.5%,5.4%,16.1%,24,L,"<img src=""https://www.yakyucosmo.com/wp-content/uploads/2025/04/Buffaloes.jpg"" alt="""" width=""10"" height=""10"" class=""alignnone size-full wp-image-6222"" />",<a href=https://npb.jp/bis/eng/teams/index_b.html>ORIX</a>,PL
,<a href=https://npb.jp/bis/eng/players/71275134.html>Taneichi Atsuki</a>,14,3,6,0,0,0,0,379,86.1,87,8,67,33,0,3,7,41,35,3.65,3.85,3.90,1.39,79,118,109,-0.20,2.1%,17.7%,8.7%,9.0%,26,R,"<img src=""https://www.yakyucosmo.com/wp-content/uploads/2025/04/Marines.jpg"" alt="""" width=""10"" height=""10"" class=""alignnone size-full wp-image-6240"" />",<a href=https://npb.jp/bis/eng/teams/index_m.html>Lotte</a>,PL
,<a href=https://npb.jp/bis/eng/players/33035150.html>Voth Austin</a>,15,2,5,0,0,0,0,365,87.2,84,4,65,18,0,5,3,37,35,3.59,2.84,3.51,1.16,81,87,98,0.75,1.1%,17.8%,4.9%,12.9%,33,R,"<img src=""https://www.yakyucosmo.com/wp-content/uploads/2025/04/Marines.jpg"" alt="""" width=""10"" height=""10"" class=""alignnone size-full wp-image-6240"" />",<a href=https://npb.jp/bis/eng/teams/index_m.html>Lotte</a>,PL
,<a href=https://npb.jp/bis/eng/players/51155130.html>Arihara Kohei</a>,15,7,5,0,0,1,1,431,104.0,99,7,67,26,1,3,2,36,34,2.94,3.37,3.85,1.20,98,104,107,-0.43,1.6%,15.5%,6.0%,9.5%,32,R,"<img src=""https://www.yakyucosmo.com/wp-content/uploads/2025/04/Hawks.jpg"" alt="""" width=""10"" height=""10"" class=""alignnone size-full wp-image-6220"" /> ",<a href=https://npb.jp/bis/eng/teams/index_h.html>SoftBank</a>,PL
,<a href=https://npb.jp/bis/eng/players/63965134.html>Moinelo Livan</a>,16,8,2,0,0,2,1,427,113.1,74,5,117,26,0,2,0,18,16,1.27,2.19,2.67,0.88,226,68,74,-0.92,1.2%,27.4%,6.1%,21.3%,29,L,"<img src=""https://www.yakyucosmo.com/wp-content/uploads/2025/04/Hawks.jpg"" alt="""" width=""10"" height=""10"" class=""alignnone size-full wp-image-6220"" /> ",<a href=https://npb.jp/bis/eng/teams/index_h.html>SoftBank</a>,PL
,<a href=https://npb.jp/bis/eng/players/01505151.html>Ohzeki Tomohisa</a>,15,7,3,0,0,0,0,380,96.2,66,5,71,23,1,3,0,19,18,1.68,2.96,3.54,0.92,171,92,98,-1.28,1.3%,18.7%,6.1%,12.6%,27,L,"<img src=""https://www.yakyucosmo.com/wp-content/uploads/2025/04/Hawks.jpg"" alt="""" width=""10"" height=""10"" class=""alignnone size-full wp-image-6220"" /> ",<a href=https://npb.jp/bis/eng/teams/index_h.html>SoftBank</a>,PL
,<a href=https://npb.jp/bis/eng/players/51355135.html>Uwasawa Naoyuki</a>,14,6,6,0,0,1,0,359,87.2,77,10,55,21,1,4,0,39,33,3.39,4.03,3.85,1.12,85,125,107,-0.64,2.8%,15.3%,5.8%,9.5%,31,R,"<img src=""https://www.yakyucosmo.com/wp-content/uploads/2025/04/Hawks.jpg"" alt="""" width=""10"" height=""10"" class=""alignnone size-full wp-image-6220"" /> ",<a href=https://npb.jp/bis/eng/teams/index_h.html>SoftBank</a>,PL
,<a href=https://npb.jp/bis/eng/players/31335134.html>Imai Tatsuya</a>,15,6,3,0,0,2,1,406,105.2,64,4,119,29,0,5,0,19,19,1.62,2.15,2.58,0.88,172,69,72,-0.53,1.0%,29.3%,7.1%,22.2%,27,R,"<img src=""https://www.yakyucosmo.com/wp-content/uploads/2025/04/Lions.jpg"" alt="""" width=""10"" height=""10"" class=""alignnone size-full wp-image-6219"" />",<a href=https://npb.jp/bis/eng/teams/index_l.html>Seibu</a>,PL
,<a href=https://npb.jp/bis/eng/players/21025155.html>Sumida Chihiro</a>,14,7,5,0,0,2,1,402,102.2,80,6,94,19,1,2,1,20,20,1.75,2.49,2.93,0.96,159,79,82,-0.74,1.5%,23.4%,4.7%,18.7%,25,L,"<img src=""https://www.yakyucosmo.com/wp-content/uploads/2025/04/Lions.jpg"" alt="""" width=""10"" height=""10"" class=""alignnone size-full wp-image-6219"" />",<a href=https://npb.jp/bis/eng/teams/index_l.html>Seibu</a>,PL
,<a href=https://npb.jp/bis/eng/players/71075130.html>Takahashi Kona</a>,14,4,4,0,0,0,0,359,86.0,78,5,48,27,0,4,2,27,24,2.51,3.67,4.22,1.22,111,117,117,-1.16,1.4%,13.4%,7.5%,5.8%,28,R,"<img src=""https://www.yakyucosmo.com/wp-content/uploads/2025/04/Lions.jpg"" alt="""" width=""10"" height=""10"" class=""alignnone size-full wp-image-6219"" />",<a href=https://npb.jp/bis/eng/teams/index_l.html>Seibu</a>,PL
,<a href=https://npb.jp/bis/eng/players/51355153.html>Itoh Hiromi</a>,16,10,5,0,0,4,1,483,117.2,111,11,113,18,1,5,3,39,37,2.83,2.83,2.83,1.10,103,86,79,0.00,2.3%,23.4%,3.7%,19.7%,27,R,"<img src=""https://www.yakyucosmo.com/wp-content/uploads/2025/04/Fighters.jpg"" alt="""" width=""10"" height=""10"" class=""alignnone size-full wp-image-6217"" />",<a href=https://npb.jp/bis/eng/teams/index_f.html>Nipponham</a>,PL
,<a href=https://npb.jp/bis/eng/players/51755155.html>Kitayama Koki</a>,13,6,3,0,0,4,0,354,90.0,65,4,85,24,0,3,1,17,14,1.40,2.53,3.08,0.99,209,77,86,-1.13,1.1%,24.0%,6.8%,17.2%,26,R,"<img src=""https://www.yakyucosmo.com/wp-content/uploads/2025/04/Fighters.jpg"" alt="""" width=""10"" height=""10"" class=""alignnone size-full wp-image-6217"" />",<a href=https://npb.jp/bis/eng/teams/index_f.html>Nipponham</a>,PL
