#,,Team,G,W,L,T,PCT,GB,RS,RA,Diff,XPCT,Home,Road,vs B,vs F,vs H,vs L,vs E,vs M,Inter
,"<img src=""https://www.yakyucosmo.com/wp-content/uploads/2025/04/Buffaloes.jpg"" alt="""" width=""10"" height=""10"" class=""alignnone size-full wp-image-6222"" />",<a href=https://npb.jp/bis/eng/teams/index_b.html>ORIX Buffaloes</a>,73,41,29,3,0.586,--,274,256,18,0.531,21-15(2),20-14(1),--,6-5(1),2-5(2),6-7,8-3,8-2,11-7
,"<img src=""https://www.yakyucosmo.com/wp-content/uploads/2025/04/Fighters.jpg"" alt="""" width=""10"" height=""10"" class=""alignnone size-full wp-image-6217"" />",<a href=https://npb.jp/bis/eng/teams/index_f.html>Nipponham Fighters</a>,76,43,31,2,0.581,0.0,257,200,57,0.613,20-17,23-14(2),5-6(1),--,6-7,7-4,8-3(1),6-4,11-7
,"<img src=""https://www.yakyucosmo.com/wp-content/uploads/2025/04/Hawks.jpg"" alt="""" width=""10"" height=""10"" class=""alignnone size-full wp-image-6220"" /> ",<a href=https://npb.jp/bis/eng/teams/index_h.html>SoftBank Hawks</a>,75,41,31,3,0.569,1.0,270,213,57,0.607,20-17(2),21-14(1),5-2(2),7-6,--,6-7,4-7,7-4,12-5(1)
,"<img src=""https://www.yakyucosmo.com/wp-content/uploads/2025/04/Lions.jpg"" alt="""" width=""10"" height=""10"" class=""alignnone size-full wp-image-6219"" />",<a href=https://npb.jp/bis/eng/teams/index_l.html>Seibu Lions</a>,74,39,35,0,0.527,4.0,195,192,3,0.507,23-17,16-18,7-6,4-7,7-6,--,5-4,6-4,10-8
,"<img src=""https://www.yakyucosmo.com/wp-content/uploads/2025/04/Eagles.jpg"" alt="""" width=""10"" height=""10"" class=""alignnone size-full wp-image-6218"" />",<a href=https://npb.jp/bis/eng/teams/index_e.html>Rakuten Eagles</a>,74,34,38,2,0.472,8.0,204,242,-38,0.422,17-18(1),17-20(1),3-8,3-8(1),7-4,4-5,--,8-5,9-8(1)
,"<img src=""https://www.yakyucosmo.com/wp-content/uploads/2025/04/Marines.jpg"" alt="""" width=""10"" height=""10"" class=""alignnone size-full wp-image-6240"" />",<a href=https://npb.jp/bis/eng/teams/index_m.html>Lotte Marines</a>,72,29,43,0,0.403,13.0,205,265,-60,0.385,16-16,13-27,2-8,4-6,4-7,4-6,5-8,--,10-8
