#,,Team,G,W,L,T,PCT,GB,RS,RA,Diff,XPCT,Home,Road,vs T,vs G,vs DB,vs D,vs C,vs S,Inter
,"<img src=""https://www.yakyucosmo.com/wp-content/uploads/2025/04/Tigers.jpg"" alt="""" width=""10"" height=""10"" class=""alignnone size-full wp-image-6224"" />",<a href=https://npb.jp/bis/eng/teams/index_t.html>Hanshin Tigers</a>,103,62,39,2,0.614,--,352,235,117,0.677,29-21(1),33-18(1),--,13-5,10-4(2),7-8,13-5,11-7,8-10
,"<img src=""https://www.yakyucosmo.com/wp-content/uploads/2025/04/Giants.jpg"" alt="""" width=""10"" height=""10"" class=""alignnone size-full wp-image-6227"" />",<a href=https://npb.jp/bis/eng/teams/index_g.html>Yomiuri Giants</a>,102,50,49,3,0.505,11.0,303,303,0,0.500,31-19(1),19-30(2),5-13,--,12-5(1),9-7,7-8(1),11-5,6-11(1)
,"<img src=""https://www.yakyucosmo.com/wp-content/uploads/2025/04/BayStars.jpg"" alt="""" width=""10"" height=""10"" class=""alignnone size-full wp-image-6228"" />",<a href=https://npb.jp/bis/eng/teams/index_db.html>DeNA BayStars</a>,101,46,50,5,0.479,13.5,323,311,12,0.517,26-23(2),20-27(3),4-10(2),5-12(1),--,11-6,9-7(1),10-4(1),7-11
,"<img src=""https://www.yakyucosmo.com/wp-content/uploads/2025/04/Dragons.jpg"" alt="""" width=""10"" height=""10"" class=""alignnone size-full wp-image-6225"" />",<a href=https://npb.jp/bis/eng/teams/index_d.html>Chunichi Dragons</a>,101,45,54,2,0.455,16.0,270,302,-32,0.449,29-24(1),16-30(1),8-7,7-9,6-11,--,9-9(1),7-8(1),8-10
,"<img src=""https://www.yakyucosmo.com/wp-content/uploads/2025/04/Carp.jpg"" alt="""" width=""10"" height=""10"" class=""alignnone size-full wp-image-6223"" />",<a href=https://npb.jp/bis/eng/teams/index_c.html>Hiroshima Carp</a>,101,43,53,5,0.448,16.5,302,326,-24,0.465,26-19(3),17-34(2),5-13,8-7(1),7-9(1),9-9(1),--,5-6(2),9-9
,"<img src=""https://www.yakyucosmo.com/wp-content/uploads/2025/04/Swallows.jpg"" alt="""" width=""10"" height=""10"" class=""alignnone size-full wp-image-6226"" />",<a href=https://npb.jp/bis/eng/teams/index_s.html>Yakult Swallows</a>,96,35,56,5,0.385,22.0,265,375,-110,0.346,20-24(3),15-32(2),7-11,5-11,4-10(1),8-7(1),6-5(2),--,5-12(1)
