Rank,Player,G,PA,AB,R,H,2B,3B,HR,TB,RBI,SB,CS,SH,SF,SO,BB,IBB,HP,GDP,AVG,OBP,SLG,OPS,OPS+,ISO,BABIP,TTO%,K%,BB%,BB/K,Age,Pos,B,,Team,League
,<a href=https://npb.jp/bis/eng/players/71075138.html>Chikamoto Koji</a>,83,383,345,48,101,14,2,3,128,23,22,5,0,2,47,35,1,1,1,0.293,0.358,0.371,0.729,134,0.078,0.330,22.2%,12.3%,9.1%,0.74,30,8,L,"<img src=""https://www.yakyucosmo.com/wp-content/uploads/2025/04/Tigers.jpg"" alt="""" width=""10"" height=""10"" class=""alignnone size-full wp-image-6224"" />",<a href=https://npb.jp/bis/eng/teams/index_t.html>Hanshin</a>,CL
,<a href=https://npb.jp/bis/eng/players/43145157.html>Morishita Shota</a>,83,367,324,49,87,11,1,15,145,59,4,2,0,3,49,31,4,9,12,0.269,0.346,0.448,0.794,154,0.179,0.274,25.9%,13.4%,8.4%,0.63,24,9,R,"<img src=""https://www.yakyucosmo.com/wp-content/uploads/2025/04/Tigers.jpg"" alt="""" width=""10"" height=""10"" class=""alignnone size-full wp-image-6224"" />",<a href=https://npb.jp/bis/eng/teams/index_t.html>Hanshin</a>,CL
,<a href=https://npb.jp/bis/eng/players/41445153.html>Nakano Takumu</a>,83,371,305,43,92,10,2,0,106,19,14,3,28,2,41,33,1,3,4,0.302,0.373,0.348,0.721,132,0.046,0.346,19.9%,11.1%,8.9%,0.80,29,4,L,"<img src=""https://www.yakyucosmo.com/wp-content/uploads/2025/04/Tigers.jpg"" alt="""" width=""10"" height=""10"" class=""alignnone size-full wp-image-6224"" />",<a href=https://npb.jp/bis/eng/teams/index_t.html>Hanshin</a>,CL
,<a href=https://npb.jp/bis/eng/players/21325134.html>Ohyama Yusuke</a>,83,347,307,22,82,13,1,4,109,38,4,1,0,2,57,37,2,1,8,0.267,0.346,0.355,0.701,125,0.088,0.315,28.2%,16.4%,10.7%,0.65,30,3,R,"<img src=""https://www.yakyucosmo.com/wp-content/uploads/2025/04/Tigers.jpg"" alt="""" width=""10"" height=""10"" class=""alignnone size-full wp-image-6224"" />",<a href=https://npb.jp/bis/eng/teams/index_t.html>Hanshin</a>,CL
,<a href=https://npb.jp/bis/eng/players/41045153.html>Sato Teruaki</a>,82,351,319,48,92,21,4,23,190,60,8,2,0,1,95,31,5,0,3,0.288,0.350,0.596,0.946,200,0.308,0.342,42.5%,27.1%,8.8%,0.33,26,5,L,"<img src=""https://www.yakyucosmo.com/wp-content/uploads/2025/04/Tigers.jpg"" alt="""" width=""10"" height=""10"" class=""alignnone size-full wp-image-6224"" />",<a href=https://npb.jp/bis/eng/teams/index_t.html>Hanshin</a>,CL
,<a href=https://npb.jp/bis/eng/players/43745150.html>Fabian Sandro</a>,80,336,320,40,97,19,0,10,146,41,2,2,0,2,53,10,2,4,5,0.303,0.330,0.456,0.786,140,0.153,0.336,21.7%,15.8%,3.0%,0.19,27,7,R,"<img src=""https://www.yakyucosmo.com/wp-content/uploads/2025/04/Carp.jpg"" alt="""" width=""10"" height=""10"" class=""alignnone size-full wp-image-6223"" />",<a href=https://npb.jp/bis/eng/teams/index_c.html>Hiroshima</a>,CL
,<a href=https://npb.jp/bis/eng/players/61565135.html>Kikuchi Ryosuke</a>,69,258,232,17,52,8,0,2,66,18,5,2,13,1,45,11,0,1,4,0.224,0.261,0.284,0.545,69,0.060,0.269,22.5%,17.4%,4.3%,0.24,35,4,R,"<img src=""https://www.yakyucosmo.com/wp-content/uploads/2025/04/Carp.jpg"" alt="""" width=""10"" height=""10"" class=""alignnone size-full wp-image-6223"" />",<a href=https://npb.jp/bis/eng/teams/index_c.html>Hiroshima</a>,CL
,<a href=https://npb.jp/bis/eng/players/01705138.html>Kozono Kaito</a>,79,338,306,30,89,14,3,2,115,24,7,3,1,1,28,28,5,2,4,0.291,0.353,0.376,0.729,125,0.085,0.314,17.2%,8.3%,8.3%,1.00,25,5,L,"<img src=""https://www.yakyucosmo.com/wp-content/uploads/2025/04/Carp.jpg"" alt="""" width=""10"" height=""10"" class=""alignnone size-full wp-image-6223"" />",<a href=https://npb.jp/bis/eng/teams/index_c.html>Hiroshima</a>,CL
,<a href=https://npb.jp/bis/eng/players/51055155.html>Suekane Shota</a>,73,301,273,26,68,9,3,7,104,40,2,3,0,2,61,25,0,1,1,0.249,0.312,0.381,0.693,113,0.132,0.295,30.9%,20.3%,8.3%,0.41,29,9,R,"<img src=""https://www.yakyucosmo.com/wp-content/uploads/2025/04/Carp.jpg"" alt="""" width=""10"" height=""10"" class=""alignnone size-full wp-image-6223"" />",<a href=https://npb.jp/bis/eng/teams/index_c.html>Hiroshima</a>,CL
,<a href=https://npb.jp/bis/eng/players/93395153.html>Yano Masaya</a>,77,275,236,18,51,6,1,1,62,17,1,3,13,1,56,22,1,3,1,0.216,0.290,0.263,0.553,72,0.047,0.278,28.7%,20.4%,8.0%,0.39,26,6,L,"<img src=""https://www.yakyucosmo.com/wp-content/uploads/2025/04/Carp.jpg"" alt="""" width=""10"" height=""10"" class=""alignnone size-full wp-image-6223"" />",<a href=https://npb.jp/bis/eng/teams/index_c.html>Hiroshima</a>,CL
,<a href=https://npb.jp/bis/eng/players/13115153.html>Maki Shugo</a>,80,340,314,41,88,21,0,15,154,46,3,3,0,1,65,16,5,9,5,0.280,0.332,0.490,0.822,155,0.210,0.311,28.2%,19.1%,4.7%,0.25,27,4,R,"<img src=""https://www.yakyucosmo.com/wp-content/uploads/2025/04/BayStars.jpg"" alt="""" width=""10"" height=""10"" class=""alignnone size-full wp-image-6228"" />",<a href=https://npb.jp/bis/eng/teams/index_db.html>DeNA</a>,CL
,<a href=https://npb.jp/bis/eng/players/91995134.html>Sano Keita</a>,78,320,292,23,79,14,0,6,111,37,0,0,0,2,32,25,1,1,6,0.271,0.328,0.380,0.708,122,0.109,0.285,19.7%,10.0%,7.8%,0.78,30,7,L,"<img src=""https://www.yakyucosmo.com/wp-content/uploads/2025/04/BayStars.jpg"" alt="""" width=""10"" height=""10"" class=""alignnone size-full wp-image-6228"" />",<a href=https://npb.jp/bis/eng/teams/index_db.html>DeNA</a>,CL
,<a href=https://npb.jp/bis/eng/players/73575150.html>Cabbage Trey</a>,71,273,248,22,59,13,0,8,96,27,3,3,1,1,79,19,2,4,2,0.238,0.301,0.387,0.688,118,0.149,0.315,38.8%,28.9%,7.0%,0.24,28,9,L,"<img src=""https://www.yakyucosmo.com/wp-content/uploads/2025/04/Giants.jpg"" alt="""" width=""10"" height=""10"" class=""alignnone size-full wp-image-6227"" />",<a href=https://npb.jp/bis/eng/teams/index_g.html>Yomiuri</a>,CL
,<a href=https://npb.jp/bis/eng/players/61165159.html>Izuguchi Yuta</a>,73,316,281,27,80,11,0,4,103,18,2,4,6,1,36,27,1,1,4,0.285,0.348,0.367,0.715,127,0.082,0.314,21.2%,11.4%,8.5%,0.75,26,6,L,"<img src=""https://www.yakyucosmo.com/wp-content/uploads/2025/04/Giants.jpg"" alt="""" width=""10"" height=""10"" class=""alignnone size-full wp-image-6227"" />",<a href=https://npb.jp/bis/eng/teams/index_g.html>Yomiuri</a>,CL
,<a href=https://npb.jp/bis/eng/players/73375134.html>Yoshikawa Naoki</a>,81,347,308,26,85,12,3,3,112,25,6,2,1,3,46,31,0,4,5,0.276,0.347,0.364,0.711,126,0.088,0.313,23.1%,13.3%,8.9%,0.67,30,4,L,"<img src=""https://www.yakyucosmo.com/wp-content/uploads/2025/04/Giants.jpg"" alt="""" width=""10"" height=""10"" class=""alignnone size-full wp-image-6227"" />",<a href=https://npb.jp/bis/eng/teams/index_g.html>Yomiuri</a>,CL
,<a href=https://npb.jp/bis/eng/players/23525153.html>Osuna Jose</a>,77,324,294,17,76,12,0,4,100,33,2,1,0,3,35,26,6,1,7,0.259,0.318,0.340,0.658,99,0.081,0.279,20.1%,10.8%,8.0%,0.74,32,3,R,"<img src=""https://www.yakyucosmo.com/wp-content/uploads/2025/04/Swallows.jpg"" alt="""" width=""10"" height=""10"" class=""alignnone size-full wp-image-6226"" />",<a href=https://npb.jp/bis/eng/teams/index_s.html>Yakult</a>,CL
,<a href=https://npb.jp/bis/eng/players/53755153.html>Santana Domingo</a>,60,240,212,25,58,11,0,3,78,15,1,1,0,0,65,25,0,3,4,0.274,0.358,0.368,0.726,119,0.094,0.382,38.8%,27.1%,10.4%,0.38,32,7,R,"<img src=""https://www.yakyucosmo.com/wp-content/uploads/2025/04/Swallows.jpg"" alt="""" width=""10"" height=""10"" class=""alignnone size-full wp-image-6226"" />",<a href=https://npb.jp/bis/eng/teams/index_s.html>Yakult</a>,CL
,<a href=https://npb.jp/bis/eng/players/91895133.html>Yamada Tetsuto</a>,69,238,216,12,44,8,0,4,64,19,1,0,0,1,41,19,2,2,6,0.204,0.273,0.296,0.569,73,0.092,0.233,26.9%,17.2%,8.0%,0.46,32,4,R,"<img src=""https://www.yakyucosmo.com/wp-content/uploads/2025/04/Swallows.jpg"" alt="""" width=""10"" height=""10"" class=""alignnone size-full wp-image-6226"" />",<a href=https://npb.jp/bis/eng/teams/index_s.html>Yakult</a>,CL
,<a href=https://npb.jp/bis/eng/players/81585151.html>Okabayashi Yuki</a>,81,362,326,39,99,17,5,2,132,20,14,3,2,2,32,31,5,1,1,0.304,0.364,0.405,0.769,154,0.101,0.330,18.0%,8.8%,8.6%,0.97,23,8,L,"<img src=""https://www.yakyucosmo.com/wp-content/uploads/2025/04/Dragons.jpg"" alt="""" width=""10"" height=""10"" class=""alignnone size-full wp-image-6225"" />",<a href=https://npb.jp/bis/eng/teams/index_d.html>Chunichi</a>,CL
,<a href=https://npb.jp/bis/eng/players/91395139.html>Uebayashi Seiji</a>,80,311,290,28,77,11,3,11,127,29,17,4,4,1,57,15,6,1,0,0.266,0.303,0.438,0.741,142,0.172,0.296,26.7%,18.3%,4.8%,0.26,29,9,L,"<img src=""https://www.yakyucosmo.com/wp-content/uploads/2025/04/Dragons.jpg"" alt="""" width=""10"" height=""10"" class=""alignnone size-full wp-image-6225"" />",<a href=https://npb.jp/bis/eng/teams/index_d.html>Chunichi</a>,CL
,<a href=https://npb.jp/bis/eng/players/91995151.html>Kurebayashi Kotaro</a>,70,284,257,18,61,10,1,5,88,28,0,2,0,4,34,20,2,3,6,0.237,0.296,0.342,0.638,102,0.105,0.252,20.8%,12.0%,7.0%,0.59,23,6,R,"<img src=""https://www.yakyucosmo.com/wp-content/uploads/2025/04/Buffaloes.jpg"" alt="""" width=""10"" height=""10"" class=""alignnone size-full wp-image-6222"" />",<a href=https://npb.jp/bis/eng/teams/index_b.html>ORIX</a>,PL
,<a href=https://npb.jp/bis/eng/players/51255138.html>Nakagawa Keita</a>,66,256,236,33,62,16,1,6,98,35,7,1,3,2,32,15,1,0,7,0.263,0.304,0.415,0.719,127,0.152,0.280,20.7%,12.5%,5.9%,0.47,29,8,R,"<img src=""https://www.yakyucosmo.com/wp-content/uploads/2025/04/Buffaloes.jpg"" alt="""" width=""10"" height=""10"" class=""alignnone size-full wp-image-6222"" />",<a href=https://npb.jp/bis/eng/teams/index_b.html>ORIX</a>,PL
,<a href=https://npb.jp/bis/eng/players/71475132.html>Nishikawa Ryoma</a>,69,293,277,26,87,20,1,4,121,31,4,1,4,1,42,9,1,2,4,0.314,0.339,0.437,0.776,146,0.123,0.358,18.8%,14.3%,3.1%,0.21,30,7,L,"<img src=""https://www.yakyucosmo.com/wp-content/uploads/2025/04/Buffaloes.jpg"" alt="""" width=""10"" height=""10"" class=""alignnone size-full wp-image-6222"" />",<a href=https://npb.jp/bis/eng/teams/index_b.html>ORIX</a>,PL
,<a href=https://npb.jp/bis/eng/players/91395138.html>Ohta Ryo</a>,56,254,226,23,71,6,0,5,92,26,0,1,5,1,51,19,3,3,6,0.314,0.373,0.407,0.780,148,0.093,0.386,29.5%,20.1%,7.5%,0.37,24,4,R,"<img src=""https://www.yakyucosmo.com/wp-content/uploads/2025/04/Buffaloes.jpg"" alt="""" width=""10"" height=""10"" class=""alignnone size-full wp-image-6222"" />",<a href=https://npb.jp/bis/eng/teams/index_b.html>ORIX</a>,PL
,<a href=https://npb.jp/bis/eng/players/61965132.html>Sugimoto Yutaro</a>,68,267,237,26,69,13,1,8,108,32,1,0,0,6,68,20,0,4,5,0.291,0.348,0.456,0.804,154,0.165,0.365,36.0%,25.5%,7.5%,0.29,34,9,R,"<img src=""https://www.yakyucosmo.com/wp-content/uploads/2025/04/Buffaloes.jpg"" alt="""" width=""10"" height=""10"" class=""alignnone size-full wp-image-6222"" />",<a href=https://npb.jp/bis/eng/teams/index_b.html>ORIX</a>,PL
,<a href=https://npb.jp/bis/eng/players/81085138.html>Tongu Yuma</a>,75,312,279,24,73,14,0,8,111,36,1,0,0,3,43,27,2,3,7,0.262,0.330,0.398,0.728,131,0.136,0.281,25.0%,13.8%,8.7%,0.63,28,3,R,"<img src=""https://www.yakyucosmo.com/wp-content/uploads/2025/04/Buffaloes.jpg"" alt="""" width=""10"" height=""10"" class=""alignnone size-full wp-image-6222"" />",<a href=https://npb.jp/bis/eng/teams/index_b.html>ORIX</a>,PL
,<a href=https://npb.jp/bis/eng/players/41645136.html>Fujioka Yudai</a>,67,263,227,17,55,12,1,3,78,14,0,0,5,3,48,28,1,0,5,0.242,0.322,0.344,0.666,106,0.102,0.291,30.0%,18.3%,10.6%,0.58,31,4,L,"<img src=""https://www.yakyucosmo.com/wp-content/uploads/2025/04/Marines.jpg"" alt="""" width=""10"" height=""10"" class=""alignnone size-full wp-image-6240"" />",<a href=https://npb.jp/bis/eng/teams/index_m.html>Lotte</a>,PL
,<a href=https://npb.jp/bis/eng/players/31635138.html>Fujiwara Kyota</a>,68,280,252,22,71,6,4,3,94,17,7,3,3,0,47,20,1,5,2,0.282,0.347,0.373,0.720,123,0.091,0.337,25.0%,16.8%,7.1%,0.43,25,9,L,"<img src=""https://www.yakyucosmo.com/wp-content/uploads/2025/04/Marines.jpg"" alt="""" width=""10"" height=""10"" class=""alignnone size-full wp-image-6240"" />",<a href=https://npb.jp/bis/eng/teams/index_m.html>Lotte</a>,PL
,<a href=https://npb.jp/bis/eng/players/11215116.html>Nakamura Akira</a>,73,297,261,22,65,5,2,1,77,20,1,2,4,2,29,30,1,0,5,0.249,0.324,0.295,0.619,94,0.046,0.275,20.2%,9.8%,10.1%,1.03,35,3,L,"<img src=""https://www.yakyucosmo.com/wp-content/uploads/2025/04/Hawks.jpg"" alt="""" width=""10"" height=""10"" class=""alignnone size-full wp-image-6220"" /> ",<a href=https://npb.jp/bis/eng/teams/index_h.html>SoftBank</a>,PL
,<a href=https://npb.jp/bis/eng/players/21425139.html>Yamakawa Hotaka</a>,71,282,255,26,50,6,0,13,95,37,0,0,0,3,77,21,3,3,5,0.196,0.262,0.373,0.635,96,0.177,0.220,39.4%,27.3%,7.4%,0.27,33,DH,R,"<img src=""https://www.yakyucosmo.com/wp-content/uploads/2025/04/Hawks.jpg"" alt="""" width=""10"" height=""10"" class=""alignnone size-full wp-image-6220"" /> ",<a href=https://npb.jp/bis/eng/teams/index_h.html>SoftBank</a>,PL
,<a href=https://npb.jp/bis/eng/players/73175151.html>Yanagimachi Tatsuru</a>,71,277,233,26,72,10,1,3,93,26,1,2,3,0,60,38,0,3,5,0.309,0.412,0.399,0.811,153,0.090,0.406,36.5%,21.7%,13.7%,0.63,28,9,L,"<img src=""https://www.yakyucosmo.com/wp-content/uploads/2025/04/Hawks.jpg"" alt="""" width=""10"" height=""10"" class=""alignnone size-full wp-image-6220"" /> ",<a href=https://npb.jp/bis/eng/teams/index_h.html>SoftBank</a>,PL
,<a href=https://npb.jp/bis/eng/players/51155118.html>Asamura Hideto</a>,72,294,246,20,59,10,1,5,86,24,1,0,0,1,63,42,4,5,8,0.240,0.361,0.350,0.711,132,0.110,0.302,37.4%,21.4%,14.3%,0.67,34,3,R,"<img src=""https://www.yakyucosmo.com/wp-content/uploads/2025/04/Eagles.jpg"" alt="""" width=""10"" height=""10"" class=""alignnone size-full wp-image-6218"" />",<a href=https://npb.jp/bis/eng/teams/index_e.html>Rakuten</a>,PL
,<a href=https://npb.jp/bis/eng/players/61965151.html>Kobukata Hiroto</a>,78,289,244,24,56,5,1,1,66,11,23,5,11,0,52,33,0,1,1,0.230,0.324,0.270,0.594,94,0.040,0.288,29.8%,18.0%,11.4%,0.63,29,4,L,"<img src=""https://www.yakyucosmo.com/wp-content/uploads/2025/04/Eagles.jpg"" alt="""" width=""10"" height=""10"" class=""alignnone size-full wp-image-6218"" />",<a href=https://npb.jp/bis/eng/teams/index_e.html>Rakuten</a>,PL
,<a href=https://npb.jp/bis/eng/players/53155150.html>Muneyama Rui</a>,71,286,274,14,66,14,3,2,92,18,4,0,0,4,49,7,2,1,5,0.241,0.259,0.336,0.595,92,0.095,0.282,20.3%,17.1%,2.4%,0.14,22,6,L,"<img src=""https://www.yakyucosmo.com/wp-content/uploads/2025/04/Eagles.jpg"" alt="""" width=""10"" height=""10"" class=""alignnone size-full wp-image-6218"" />",<a href=https://npb.jp/bis/eng/teams/index_e.html>Rakuten</a>,PL
,<a href=https://npb.jp/bis/eng/players/41845132.html>Murabayashi Itsuki</a>,75,295,276,18,88,7,0,3,104,30,4,2,2,2,53,13,2,2,4,0.319,0.352,0.377,0.729,137,0.058,0.383,23.4%,18.0%,4.4%,0.25,27,5,R,"<img src=""https://www.yakyucosmo.com/wp-content/uploads/2025/04/Eagles.jpg"" alt="""" width=""10"" height=""10"" class=""alignnone size-full wp-image-6218"" />",<a href=https://npb.jp/bis/eng/teams/index_e.html>Rakuten</a>,PL
,<a href=https://npb.jp/bis/eng/players/81685153.html>Hasegawa Shinya</a>,78,297,265,32,60,11,3,5,92,26,5,2,4,3,38,22,1,3,4,0.226,0.290,0.347,0.637,101,0.121,0.244,21.9%,12.8%,7.4%,0.58,23,9,R,"<img src=""https://www.yakyucosmo.com/wp-content/uploads/2025/04/Lions.jpg"" alt="""" width=""10"" height=""10"" class=""alignnone size-full wp-image-6219"" />",<a href=https://npb.jp/bis/eng/teams/index_l.html>Seibu</a>,PL
,<a href=https://npb.jp/bis/eng/players/53755150.html>Nevin Tyler</a>,80,333,297,28,85,17,0,8,126,36,2,1,0,4,43,25,3,7,5,0.286,0.351,0.424,0.775,144,0.138,0.308,22.8%,12.9%,7.5%,0.58,28,3,R,"<img src=""https://www.yakyucosmo.com/wp-content/uploads/2025/04/Lions.jpg"" alt="""" width=""10"" height=""10"" class=""alignnone size-full wp-image-6219"" />",<a href=https://npb.jp/bis/eng/teams/index_l.html>Seibu</a>,PL
,<a href=https://npb.jp/bis/eng/players/51455136.html>Nishikawa Manaya</a>,80,357,323,36,83,15,1,4,112,18,16,5,2,2,49,25,1,5,2,0.257,0.318,0.347,0.665,110,0.090,0.290,21.8%,13.7%,7.0%,0.51,26,8,L,"<img src=""https://www.yakyucosmo.com/wp-content/uploads/2025/04/Lions.jpg"" alt="""" width=""10"" height=""10"" class=""alignnone size-full wp-image-6219"" />",<a href=https://npb.jp/bis/eng/teams/index_l.html>Seibu</a>,PL
,<a href=https://npb.jp/bis/eng/players/41245130.html>Tonosaki Shuta</a>,71,252,215,16,48,7,1,3,66,21,3,1,3,5,38,26,3,3,6,0.223,0.309,0.307,0.616,95,0.084,0.251,26.6%,15.1%,10.3%,0.68,32,5,R,"<img src=""https://www.yakyucosmo.com/wp-content/uploads/2025/04/Lions.jpg"" alt="""" width=""10"" height=""10"" class=""alignnone size-full wp-image-6219"" />",<a href=https://npb.jp/bis/eng/teams/index_l.html>Seibu</a>,PL
,<a href=https://npb.jp/bis/eng/players/41545136.html>Kiyomiya Kotaro</a>,78,328,301,33,79,16,0,6,113,30,4,1,0,3,43,23,0,1,4,0.262,0.314,0.375,0.689,112,0.113,0.286,22.0%,13.1%,7.0%,0.53,26,5,L,"<img src=""https://www.yakyucosmo.com/wp-content/uploads/2025/04/Fighters.jpg"" alt="""" width=""10"" height=""10"" class=""alignnone size-full wp-image-6217"" />",<a href=https://npb.jp/bis/eng/teams/index_f.html>Nipponham</a>,PL
,<a href=https://npb.jp/bis/eng/players/11815138.html>Mannami Chusei</a>,77,300,271,30,62,19,1,14,125,35,1,1,0,0,80,28,6,1,4,0.229,0.303,0.461,0.764,132,0.232,0.271,40.7%,26.7%,9.3%,0.35,25,9,R,"<img src=""https://www.yakyucosmo.com/wp-content/uploads/2025/04/Fighters.jpg"" alt="""" width=""10"" height=""10"" class=""alignnone size-full wp-image-6217"" />",<a href=https://npb.jp/bis/eng/teams/index_f.html>Nipponham</a>,PL
,<a href=https://npb.jp/bis/eng/players/73075159.html>Reyes Franmil</a>,75,307,277,34,78,13,0,17,142,51,0,0,0,1,68,29,2,0,6,0.282,0.349,0.513,0.862,162,0.231,0.316,37.1%,22.1%,9.4%,0.43,29,DH,R,"<img src=""https://www.yakyucosmo.com/wp-content/uploads/2025/04/Fighters.jpg"" alt="""" width=""10"" height=""10"" class=""alignnone size-full wp-image-6217"" />",<a href=https://npb.jp/bis/eng/teams/index_f.html>Nipponham</a>,PL
