#,,Team,G,W,L,T,PCT,GB,RS,RA,Diff,XPCT,Home,Road,vs T,vs C,vs G,vs DB,vs D,vs S,Inter
,"<img src=""https://www.yakyucosmo.com/wp-content/uploads/2025/04/Tigers.jpg"" alt="""" width=""10"" height=""10"" class=""alignnone size-full wp-image-6224"" />",<a href=https://npb.jp/bis/eng/teams/index_t.html>Hanshin Tigers</a>,77,44,31,2,0.587,--,260,169,91,0.687,22-16(1),22-15(1),--,8-4,11-4,6-4(2),5-5,6-4,8-10
,"<img src=""https://www.yakyucosmo.com/wp-content/uploads/2025/04/Carp.jpg"" alt="""" width=""10"" height=""10"" class=""alignnone size-full wp-image-6223"" />",<a href=https://npb.jp/bis/eng/teams/index_c.html>Hiroshima Carp</a>,74,36,35,3,0.507,6.0,234,223,11,0.522,23-12(2),13-23(1),4-8,--,7-5,5-6,6-4(1),5-3(2),9-9
,"<img src=""https://www.yakyucosmo.com/wp-content/uploads/2025/04/Giants.jpg"" alt="""" width=""10"" height=""10"" class=""alignnone size-full wp-image-6227"" />",<a href=https://npb.jp/bis/eng/teams/index_g.html>Yomiuri Giants</a>,78,38,38,2,0.500,6.5,218,226,-8,0.484,26-12,12-26(2),4-11,5-7,--,7-2(1),7-4,9-3,6-11(1)
,"<img src=""https://www.yakyucosmo.com/wp-content/uploads/2025/04/BayStars.jpg"" alt="""" width=""10"" height=""10"" class=""alignnone size-full wp-image-6228"" />",<a href=https://npb.jp/bis/eng/teams/index_db.html>DeNA BayStars</a>,75,36,36,3,0.500,6.5,238,216,22,0.544,22-14(2),14-22(1),4-6(2),6-5,2-7(1),--,9-5,8-2,7-11
,"<img src=""https://www.yakyucosmo.com/wp-content/uploads/2025/04/Dragons.jpg"" alt="""" width=""10"" height=""10"" class=""alignnone size-full wp-image-6225"" />",<a href=https://npb.jp/bis/eng/teams/index_d.html>Chunichi Dragons</a>,76,33,41,2,0.446,10.5,182,232,-50,0.391,21-16(1),12-25(1),5-5,4-6(1),4-7,5-9,--,7-4(1),8-10
,"<img src=""https://www.yakyucosmo.com/wp-content/uploads/2025/04/Swallows.jpg"" alt="""" width=""10"" height=""10"" class=""alignnone size-full wp-image-6226"" />",<a href=https://npb.jp/bis/eng/teams/index_s.html>Yakult Swallows</a>,72,21,47,4,0.309,19.5,186,289,-103,0.309,13-21(2),8-26(2),4-6,3-5(2),3-9,2-8,4-7(1),--,5-12(1)
