Rank,Player,G,PA,AB,R,H,2B,3B,HR,TB,RBI,SB,CS,SH,SF,SO,BB,IBB,HP,GDP,AVG,OBP,SLG,OPS,OPS+,ISO,BABIP,TTO%,K%,BB%,BB/K,Age,Pos,B,,Team,League
,<a href=https://npb.jp/bis/eng/players/71075138.html>Chikamoto Koji</a>,81,373,336,47,99,14,2,3,126,23,22,5,0,2,45,34,1,1,1,0.295,0.359,0.375,0.734,135,0.080,0.331,22.0%,12.1%,9.1%,0.76,30,8,L,"<img src=""https://www.yakyucosmo.com/wp-content/uploads/2025/04/Tigers.jpg"" alt="""" width=""10"" height=""10"" class=""alignnone size-full wp-image-6224"" />",<a href=https://npb.jp/bis/eng/teams/index_t.html>Hanshin</a>,CL
,<a href=https://npb.jp/bis/eng/players/43145157.html>Morishita Shota</a>,81,357,315,47,85,10,1,15,142,57,4,2,0,3,48,30,4,9,12,0.270,0.347,0.451,0.798,155,0.181,0.275,26.1%,13.4%,8.4%,0.62,24,9,R,"<img src=""https://www.yakyucosmo.com/wp-content/uploads/2025/04/Tigers.jpg"" alt="""" width=""10"" height=""10"" class=""alignnone size-full wp-image-6224"" />",<a href=https://npb.jp/bis/eng/teams/index_t.html>Hanshin</a>,CL
,<a href=https://npb.jp/bis/eng/players/41445153.html>Nakano Takumu</a>,81,361,296,41,89,10,2,0,103,18,14,3,28,2,40,32,1,3,4,0.301,0.372,0.348,0.720,132,0.047,0.345,19.9%,11.1%,8.9%,0.80,29,4,L,"<img src=""https://www.yakyucosmo.com/wp-content/uploads/2025/04/Tigers.jpg"" alt="""" width=""10"" height=""10"" class=""alignnone size-full wp-image-6224"" />",<a href=https://npb.jp/bis/eng/teams/index_t.html>Hanshin</a>,CL
,<a href=https://npb.jp/bis/eng/players/21325134.html>Ohyama Yusuke</a>,81,339,302,22,81,13,1,4,108,36,4,1,0,1,55,35,2,1,8,0.268,0.345,0.358,0.703,125,0.090,0.316,27.7%,16.2%,10.3%,0.64,30,3,R,"<img src=""https://www.yakyucosmo.com/wp-content/uploads/2025/04/Tigers.jpg"" alt="""" width=""10"" height=""10"" class=""alignnone size-full wp-image-6224"" />",<a href=https://npb.jp/bis/eng/teams/index_t.html>Hanshin</a>,CL
,<a href=https://npb.jp/bis/eng/players/41045153.html>Sato Teruaki</a>,80,342,311,46,89,20,4,22,183,58,8,2,0,1,94,30,5,0,3,0.286,0.348,0.588,0.936,197,0.302,0.342,42.7%,27.5%,8.8%,0.32,26,5,L,"<img src=""https://www.yakyucosmo.com/wp-content/uploads/2025/04/Tigers.jpg"" alt="""" width=""10"" height=""10"" class=""alignnone size-full wp-image-6224"" />",<a href=https://npb.jp/bis/eng/teams/index_t.html>Hanshin</a>,CL
,<a href=https://npb.jp/bis/eng/players/43745150.html>Fabian Sandro</a>,78,328,313,39,96,19,0,10,145,40,1,2,0,2,52,9,2,4,5,0.307,0.332,0.463,0.795,143,0.156,0.340,21.6%,15.9%,2.7%,0.17,27,7,R,"<img src=""https://www.yakyucosmo.com/wp-content/uploads/2025/04/Carp.jpg"" alt="""" width=""10"" height=""10"" class=""alignnone size-full wp-image-6223"" />",<a href=https://npb.jp/bis/eng/teams/index_c.html>Hiroshima</a>,CL
,<a href=https://npb.jp/bis/eng/players/61565135.html>Kikuchi Ryosuke</a>,67,249,224,17,51,8,0,2,65,18,5,2,12,1,43,11,0,1,3,0.228,0.266,0.290,0.556,72,0.062,0.272,22.5%,17.3%,4.4%,0.26,35,4,R,"<img src=""https://www.yakyucosmo.com/wp-content/uploads/2025/04/Carp.jpg"" alt="""" width=""10"" height=""10"" class=""alignnone size-full wp-image-6223"" />",<a href=https://npb.jp/bis/eng/teams/index_c.html>Hiroshima</a>,CL
,<a href=https://npb.jp/bis/eng/players/01705138.html>Kozono Kaito</a>,77,330,300,29,87,14,3,2,113,24,7,3,0,1,28,27,5,2,4,0.290,0.352,0.377,0.729,125,0.087,0.314,17.3%,8.5%,8.2%,0.96,25,5,L,"<img src=""https://www.yakyucosmo.com/wp-content/uploads/2025/04/Carp.jpg"" alt="""" width=""10"" height=""10"" class=""alignnone size-full wp-image-6223"" />",<a href=https://npb.jp/bis/eng/teams/index_c.html>Hiroshima</a>,CL
,<a href=https://npb.jp/bis/eng/players/51055155.html>Suekane Shota</a>,72,300,272,26,68,9,3,7,104,40,2,3,0,2,61,25,0,1,1,0.250,0.313,0.382,0.695,114,0.132,0.296,31.0%,20.3%,8.3%,0.41,29,9,R,"<img src=""https://www.yakyucosmo.com/wp-content/uploads/2025/04/Carp.jpg"" alt="""" width=""10"" height=""10"" class=""alignnone size-full wp-image-6223"" />",<a href=https://npb.jp/bis/eng/teams/index_c.html>Hiroshima</a>,CL
,<a href=https://npb.jp/bis/eng/players/93395153.html>Yano Masaya</a>,76,272,234,18,50,6,1,1,61,17,1,3,13,1,56,21,1,3,1,0.214,0.286,0.261,0.547,70,0.047,0.275,28.7%,20.6%,7.7%,0.38,26,6,L,"<img src=""https://www.yakyucosmo.com/wp-content/uploads/2025/04/Carp.jpg"" alt="""" width=""10"" height=""10"" class=""alignnone size-full wp-image-6223"" />",<a href=https://npb.jp/bis/eng/teams/index_c.html>Hiroshima</a>,CL
,<a href=https://npb.jp/bis/eng/players/13115153.html>Maki Shugo</a>,79,335,309,40,87,21,0,14,150,45,3,3,0,1,65,16,5,9,5,0.282,0.334,0.485,0.819,154,0.203,0.316,28.4%,19.4%,4.8%,0.25,27,4,R,"<img src=""https://www.yakyucosmo.com/wp-content/uploads/2025/04/BayStars.jpg"" alt="""" width=""10"" height=""10"" class=""alignnone size-full wp-image-6228"" />",<a href=https://npb.jp/bis/eng/teams/index_db.html>DeNA</a>,CL
,<a href=https://npb.jp/bis/eng/players/91995134.html>Sano Keita</a>,77,315,287,23,79,14,0,6,111,37,0,0,0,2,32,25,1,1,5,0.275,0.333,0.387,0.720,125,0.112,0.291,20.0%,10.2%,7.9%,0.78,30,7,L,"<img src=""https://www.yakyucosmo.com/wp-content/uploads/2025/04/BayStars.jpg"" alt="""" width=""10"" height=""10"" class=""alignnone size-full wp-image-6228"" />",<a href=https://npb.jp/bis/eng/teams/index_db.html>DeNA</a>,CL
,<a href=https://npb.jp/bis/eng/players/73575150.html>Cabbage Trey</a>,70,271,246,22,59,13,0,8,96,27,3,3,1,1,78,19,2,4,2,0.240,0.304,0.390,0.694,119,0.150,0.317,38.7%,28.8%,7.0%,0.24,28,9,L,"<img src=""https://www.yakyucosmo.com/wp-content/uploads/2025/04/Giants.jpg"" alt="""" width=""10"" height=""10"" class=""alignnone size-full wp-image-6227"" />",<a href=https://npb.jp/bis/eng/teams/index_g.html>Yomiuri</a>,CL
,<a href=https://npb.jp/bis/eng/players/61165159.html>Izuguchi Yuta</a>,72,311,276,27,78,11,0,4,101,18,2,4,6,1,36,27,1,1,4,0.283,0.348,0.366,0.714,127,0.083,0.312,21.5%,11.6%,8.7%,0.75,26,6,L,"<img src=""https://www.yakyucosmo.com/wp-content/uploads/2025/04/Giants.jpg"" alt="""" width=""10"" height=""10"" class=""alignnone size-full wp-image-6227"" />",<a href=https://npb.jp/bis/eng/teams/index_g.html>Yomiuri</a>,CL
,<a href=https://npb.jp/bis/eng/players/73375134.html>Yoshikawa Naoki</a>,80,342,303,26,85,12,3,3,112,25,6,2,1,3,44,31,0,4,5,0.281,0.352,0.370,0.722,130,0.089,0.317,22.8%,12.9%,9.1%,0.70,30,4,L,"<img src=""https://www.yakyucosmo.com/wp-content/uploads/2025/04/Giants.jpg"" alt="""" width=""10"" height=""10"" class=""alignnone size-full wp-image-6227"" />",<a href=https://npb.jp/bis/eng/teams/index_g.html>Yomiuri</a>,CL
,<a href=https://npb.jp/bis/eng/players/23525153.html>Osuna Jose</a>,76,320,290,17,76,12,0,4,100,33,2,1,0,3,34,26,6,1,7,0.262,0.322,0.345,0.667,101,0.083,0.282,20.0%,10.6%,8.1%,0.76,32,3,R,"<img src=""https://www.yakyucosmo.com/wp-content/uploads/2025/04/Swallows.jpg"" alt="""" width=""10"" height=""10"" class=""alignnone size-full wp-image-6226"" />",<a href=https://npb.jp/bis/eng/teams/index_s.html>Yakult</a>,CL
,<a href=https://npb.jp/bis/eng/players/53755153.html>Santana Domingo</a>,60,240,212,25,58,11,0,3,78,15,1,1,0,0,65,25,0,3,4,0.274,0.358,0.368,0.726,119,0.094,0.382,38.8%,27.1%,10.4%,0.38,32,7,R,"<img src=""https://www.yakyucosmo.com/wp-content/uploads/2025/04/Swallows.jpg"" alt="""" width=""10"" height=""10"" class=""alignnone size-full wp-image-6226"" />",<a href=https://npb.jp/bis/eng/teams/index_s.html>Yakult</a>,CL
,<a href=https://npb.jp/bis/eng/players/81585151.html>Okabayashi Yuki</a>,80,358,323,39,97,17,5,2,130,20,14,2,2,2,32,30,4,1,1,0.300,0.360,0.402,0.762,151,0.102,0.326,17.9%,8.9%,8.4%,0.94,23,8,L,"<img src=""https://www.yakyucosmo.com/wp-content/uploads/2025/04/Dragons.jpg"" alt="""" width=""10"" height=""10"" class=""alignnone size-full wp-image-6225"" />",<a href=https://npb.jp/bis/eng/teams/index_d.html>Chunichi</a>,CL
,<a href=https://npb.jp/bis/eng/players/91395139.html>Uebayashi Seiji</a>,79,307,287,28,76,11,3,11,126,29,17,4,4,1,57,14,6,1,0,0.265,0.300,0.439,0.739,141,0.174,0.295,26.7%,18.6%,4.6%,0.25,29,9,L,"<img src=""https://www.yakyucosmo.com/wp-content/uploads/2025/04/Dragons.jpg"" alt="""" width=""10"" height=""10"" class=""alignnone size-full wp-image-6225"" />",<a href=https://npb.jp/bis/eng/teams/index_d.html>Chunichi</a>,CL
,<a href=https://npb.jp/bis/eng/players/91995151.html>Kurebayashi Kotaro</a>,68,276,249,17,60,10,1,4,84,24,0,2,0,4,32,20,2,3,6,0.241,0.301,0.337,0.638,102,0.096,0.258,20.3%,11.6%,7.2%,0.62,23,6,R,"<img src=""https://www.yakyucosmo.com/wp-content/uploads/2025/04/Buffaloes.jpg"" alt="""" width=""10"" height=""10"" class=""alignnone size-full wp-image-6222"" />",<a href=https://npb.jp/bis/eng/teams/index_b.html>ORIX</a>,PL
,<a href=https://npb.jp/bis/eng/players/51255138.html>Nakagawa Keita</a>,64,247,228,32,57,15,1,6,92,35,6,1,3,2,32,14,1,0,7,0.250,0.291,0.404,0.695,119,0.154,0.266,21.1%,13.0%,5.7%,0.44,29,8,R,"<img src=""https://www.yakyucosmo.com/wp-content/uploads/2025/04/Buffaloes.jpg"" alt="""" width=""10"" height=""10"" class=""alignnone size-full wp-image-6222"" />",<a href=https://npb.jp/bis/eng/teams/index_b.html>ORIX</a>,PL
,<a href=https://npb.jp/bis/eng/players/71475132.html>Nishikawa Ryoma</a>,69,293,277,26,87,20,1,4,121,31,4,1,4,1,42,9,1,2,4,0.314,0.339,0.437,0.776,145,0.123,0.358,18.8%,14.3%,3.1%,0.21,30,7,L,"<img src=""https://www.yakyucosmo.com/wp-content/uploads/2025/04/Buffaloes.jpg"" alt="""" width=""10"" height=""10"" class=""alignnone size-full wp-image-6222"" />",<a href=https://npb.jp/bis/eng/teams/index_b.html>ORIX</a>,PL
,<a href=https://npb.jp/bis/eng/players/91395138.html>Ohta Ryo</a>,54,245,217,20,66,6,0,5,87,26,0,1,5,1,49,19,3,3,5,0.304,0.367,0.401,0.768,144,0.097,0.372,29.8%,20.0%,7.8%,0.39,24,4,R,"<img src=""https://www.yakyucosmo.com/wp-content/uploads/2025/04/Buffaloes.jpg"" alt="""" width=""10"" height=""10"" class=""alignnone size-full wp-image-6222"" />",<a href=https://npb.jp/bis/eng/teams/index_b.html>ORIX</a>,PL
,<a href=https://npb.jp/bis/eng/players/61965132.html>Sugimoto Yutaro</a>,66,259,231,25,69,13,1,8,108,32,1,0,0,6,64,19,0,3,5,0.299,0.351,0.468,0.819,159,0.169,0.370,35.1%,24.7%,7.3%,0.30,34,9,R,"<img src=""https://www.yakyucosmo.com/wp-content/uploads/2025/04/Buffaloes.jpg"" alt="""" width=""10"" height=""10"" class=""alignnone size-full wp-image-6222"" />",<a href=https://npb.jp/bis/eng/teams/index_b.html>ORIX</a>,PL
,<a href=https://npb.jp/bis/eng/players/81085138.html>Tongu Yuma</a>,74,308,276,23,72,13,0,8,109,36,1,0,0,3,43,26,1,3,7,0.261,0.328,0.395,0.723,129,0.134,0.281,25.0%,14.0%,8.4%,0.60,28,3,R,"<img src=""https://www.yakyucosmo.com/wp-content/uploads/2025/04/Buffaloes.jpg"" alt="""" width=""10"" height=""10"" class=""alignnone size-full wp-image-6222"" />",<a href=https://npb.jp/bis/eng/teams/index_b.html>ORIX</a>,PL
,<a href=https://npb.jp/bis/eng/players/41645136.html>Fujioka Yudai</a>,66,258,223,17,54,12,1,3,77,14,0,0,4,3,45,28,1,0,5,0.242,0.323,0.345,0.668,107,0.103,0.287,29.5%,17.4%,10.9%,0.62,31,4,L,"<img src=""https://www.yakyucosmo.com/wp-content/uploads/2025/04/Marines.jpg"" alt="""" width=""10"" height=""10"" class=""alignnone size-full wp-image-6240"" />",<a href=https://npb.jp/bis/eng/teams/index_m.html>Lotte</a>,PL
,<a href=https://npb.jp/bis/eng/players/31635138.html>Fujiwara Kyota</a>,67,274,247,22,70,6,4,3,93,17,7,3,3,0,47,19,1,5,2,0.283,0.347,0.377,0.724,124,0.094,0.340,25.2%,17.2%,6.9%,0.40,25,9,L,"<img src=""https://www.yakyucosmo.com/wp-content/uploads/2025/04/Marines.jpg"" alt="""" width=""10"" height=""10"" class=""alignnone size-full wp-image-6240"" />",<a href=https://npb.jp/bis/eng/teams/index_m.html>Lotte</a>,PL
,<a href=https://npb.jp/bis/eng/players/11215116.html>Nakamura Akira</a>,72,293,257,22,64,5,2,1,76,20,1,2,4,2,29,30,1,0,5,0.249,0.325,0.296,0.621,94,0.047,0.275,20.5%,9.9%,10.2%,1.03,35,3,L,"<img src=""https://www.yakyucosmo.com/wp-content/uploads/2025/04/Hawks.jpg"" alt="""" width=""10"" height=""10"" class=""alignnone size-full wp-image-6220"" /> ",<a href=https://npb.jp/bis/eng/teams/index_h.html>SoftBank</a>,PL
,<a href=https://npb.jp/bis/eng/players/21425139.html>Yamakawa Hotaka</a>,70,279,252,26,49,6,0,13,94,37,0,0,0,3,76,21,3,3,5,0.194,0.262,0.373,0.635,96,0.179,0.217,39.4%,27.2%,7.5%,0.28,33,DH,R,"<img src=""https://www.yakyucosmo.com/wp-content/uploads/2025/04/Hawks.jpg"" alt="""" width=""10"" height=""10"" class=""alignnone size-full wp-image-6220"" /> ",<a href=https://npb.jp/bis/eng/teams/index_h.html>SoftBank</a>,PL
,<a href=https://npb.jp/bis/eng/players/73175151.html>Yanagimachi Tatsuru</a>,69,270,227,26,71,10,1,3,92,26,1,2,3,0,59,37,0,3,5,0.313,0.416,0.405,0.821,155,0.092,0.412,36.7%,21.9%,13.7%,0.63,28,9,L,"<img src=""https://www.yakyucosmo.com/wp-content/uploads/2025/04/Hawks.jpg"" alt="""" width=""10"" height=""10"" class=""alignnone size-full wp-image-6220"" /> ",<a href=https://npb.jp/bis/eng/teams/index_h.html>SoftBank</a>,PL
,<a href=https://npb.jp/bis/eng/players/51155118.html>Asamura Hideto</a>,72,294,246,20,59,10,1,5,86,24,1,0,0,1,63,42,4,5,8,0.240,0.361,0.350,0.711,132,0.110,0.302,37.4%,21.4%,14.3%,0.67,34,3,R,"<img src=""https://www.yakyucosmo.com/wp-content/uploads/2025/04/Eagles.jpg"" alt="""" width=""10"" height=""10"" class=""alignnone size-full wp-image-6218"" />",<a href=https://npb.jp/bis/eng/teams/index_e.html>Rakuten</a>,PL
,<a href=https://npb.jp/bis/eng/players/61965151.html>Kobukata Hiroto</a>,76,287,242,24,56,5,1,1,66,11,23,5,11,0,50,33,0,1,1,0.231,0.326,0.273,0.599,95,0.042,0.288,29.3%,17.4%,11.5%,0.66,29,4,L,"<img src=""https://www.yakyucosmo.com/wp-content/uploads/2025/04/Eagles.jpg"" alt="""" width=""10"" height=""10"" class=""alignnone size-full wp-image-6218"" />",<a href=https://npb.jp/bis/eng/teams/index_e.html>Rakuten</a>,PL
,<a href=https://npb.jp/bis/eng/players/53155150.html>Muneyama Rui</a>,70,282,270,14,66,14,3,2,92,18,4,0,0,4,48,7,2,1,5,0.244,0.262,0.341,0.603,94,0.097,0.286,20.2%,17.0%,2.5%,0.15,22,6,L,"<img src=""https://www.yakyucosmo.com/wp-content/uploads/2025/04/Eagles.jpg"" alt="""" width=""10"" height=""10"" class=""alignnone size-full wp-image-6218"" />",<a href=https://npb.jp/bis/eng/teams/index_e.html>Rakuten</a>,PL
,<a href=https://npb.jp/bis/eng/players/41845132.html>Murabayashi Itsuki</a>,73,287,269,18,86,7,0,3,102,29,4,2,2,2,49,12,2,2,4,0.320,0.351,0.379,0.730,137,0.059,0.379,22.3%,17.1%,4.2%,0.24,27,5,R,"<img src=""https://www.yakyucosmo.com/wp-content/uploads/2025/04/Eagles.jpg"" alt="""" width=""10"" height=""10"" class=""alignnone size-full wp-image-6218"" />",<a href=https://npb.jp/bis/eng/teams/index_e.html>Rakuten</a>,PL
,<a href=https://npb.jp/bis/eng/players/81685153.html>Hasegawa Shinya</a>,76,287,257,32,59,10,3,5,90,23,5,2,4,2,36,21,1,3,4,0.230,0.293,0.350,0.643,102,0.120,0.248,21.6%,12.5%,7.3%,0.58,23,9,R,"<img src=""https://www.yakyucosmo.com/wp-content/uploads/2025/04/Lions.jpg"" alt="""" width=""10"" height=""10"" class=""alignnone size-full wp-image-6219"" />",<a href=https://npb.jp/bis/eng/teams/index_l.html>Seibu</a>,PL
,<a href=https://npb.jp/bis/eng/players/53755150.html>Nevin Tyler</a>,78,323,288,27,82,16,0,8,122,36,2,1,0,4,42,24,3,7,5,0.285,0.350,0.424,0.774,144,0.139,0.306,22.9%,13.0%,7.4%,0.57,28,3,R,"<img src=""https://www.yakyucosmo.com/wp-content/uploads/2025/04/Lions.jpg"" alt="""" width=""10"" height=""10"" class=""alignnone size-full wp-image-6219"" />",<a href=https://npb.jp/bis/eng/teams/index_l.html>Seibu</a>,PL
,<a href=https://npb.jp/bis/eng/players/51455136.html>Nishikawa Manaya</a>,78,347,315,34,80,15,1,4,109,18,15,5,1,2,49,24,1,5,2,0.254,0.315,0.346,0.661,109,0.092,0.288,22.2%,14.1%,6.9%,0.49,26,8,L,"<img src=""https://www.yakyucosmo.com/wp-content/uploads/2025/04/Lions.jpg"" alt="""" width=""10"" height=""10"" class=""alignnone size-full wp-image-6219"" />",<a href=https://npb.jp/bis/eng/teams/index_l.html>Seibu</a>,PL
,<a href=https://npb.jp/bis/eng/players/41245130.html>Tonosaki Shuta</a>,69,243,208,15,47,7,1,3,65,21,3,1,3,5,36,24,3,3,6,0.226,0.308,0.313,0.621,96,0.087,0.253,25.9%,14.8%,9.9%,0.67,32,5,R,"<img src=""https://www.yakyucosmo.com/wp-content/uploads/2025/04/Lions.jpg"" alt="""" width=""10"" height=""10"" class=""alignnone size-full wp-image-6219"" />",<a href=https://npb.jp/bis/eng/teams/index_l.html>Seibu</a>,PL
,<a href=https://npb.jp/bis/eng/players/41545136.html>Kiyomiya Kotaro</a>,77,324,297,33,78,16,0,6,112,30,4,1,0,3,42,23,0,1,4,0.263,0.315,0.377,0.692,112,0.114,0.286,21.9%,13.0%,7.1%,0.55,26,5,L,"<img src=""https://www.yakyucosmo.com/wp-content/uploads/2025/04/Fighters.jpg"" alt="""" width=""10"" height=""10"" class=""alignnone size-full wp-image-6217"" />",<a href=https://npb.jp/bis/eng/teams/index_f.html>Nipponham</a>,PL
,<a href=https://npb.jp/bis/eng/players/11815138.html>Mannami Chusei</a>,76,297,268,30,62,19,1,14,125,35,1,1,0,0,78,28,6,1,4,0.231,0.306,0.466,0.772,135,0.235,0.273,40.4%,26.3%,9.4%,0.36,25,9,R,"<img src=""https://www.yakyucosmo.com/wp-content/uploads/2025/04/Fighters.jpg"" alt="""" width=""10"" height=""10"" class=""alignnone size-full wp-image-6217"" />",<a href=https://npb.jp/bis/eng/teams/index_f.html>Nipponham</a>,PL
,<a href=https://npb.jp/bis/eng/players/73075159.html>Reyes Franmil</a>,74,303,274,34,78,13,0,17,142,51,0,0,0,1,67,28,2,0,6,0.285,0.350,0.518,0.868,163,0.233,0.319,37.0%,22.1%,9.2%,0.42,29,DH,R,"<img src=""https://www.yakyucosmo.com/wp-content/uploads/2025/04/Fighters.jpg"" alt="""" width=""10"" height=""10"" class=""alignnone size-full wp-image-6217"" />",<a href=https://npb.jp/bis/eng/teams/index_f.html>Nipponham</a>,PL
