#,,Team,G,W,L,T,PCT,GB,RS,RA,Diff,XPCT,Home,Road,vs F,vs H,vs B,vs L,vs E,vs M,Inter
,"<img src=""https://www.yakyucosmo.com/wp-content/uploads/2025/04/Fighters.jpg"" alt="""" width=""10"" height=""10"" class=""alignnone size-full wp-image-6217"" />",<a href=https://npb.jp/bis/eng/teams/index_f.html>Nipponham Fighters</a>,89,54,33,2,0.621,--,332,231,101,0.660,24-18,30-15(2),--,6-7,7-7(1),9-5,13-3(1),8-4,11-7
,"<img src=""https://www.yakyucosmo.com/wp-content/uploads/2025/04/Hawks.jpg"" alt="""" width=""10"" height=""10"" class=""alignnone size-full wp-image-6220"" /> ",<a href=https://npb.jp/bis/eng/teams/index_h.html>SoftBank Hawks</a>,89,51,34,4,0.600,2.0,325,243,82,0.630,24-17(3),27-17(1),7-6,--,7-3(2),11-7,5-9,9-4(1),12-5(1)
,"<img src=""https://www.yakyucosmo.com/wp-content/uploads/2025/04/Buffaloes.jpg"" alt="""" width=""10"" height=""10"" class=""alignnone size-full wp-image-6222"" />",<a href=https://npb.jp/bis/eng/teams/index_b.html>ORIX Buffaloes</a>,87,46,38,3,0.548,6.5,311,314,-3,0.496,24-19(2),22-19(1),7-7(1),3-7(2),--,6-7,9-4,10-6,11-7
,"<img src=""https://www.yakyucosmo.com/wp-content/uploads/2025/04/Lions.jpg"" alt="""" width=""10"" height=""10"" class=""alignnone size-full wp-image-6219"" />",<a href=https://npb.jp/bis/eng/teams/index_l.html>Seibu Lions</a>,88,42,45,1,0.483,12.0,224,247,-23,0.455,25-24,17-21(1),5-9,7-11,7-6,--,6-6,7-5(1),10-8
,"<img src=""https://www.yakyucosmo.com/wp-content/uploads/2025/04/Eagles.jpg"" alt="""" width=""10"" height=""10"" class=""alignnone size-full wp-image-6218"" />",<a href=https://npb.jp/bis/eng/teams/index_e.html>Rakuten Eagles</a>,87,39,46,2,0.459,14.0,245,292,-47,0.420,19-22(1),20-24(1),3-13(1),9-5,4-9,6-6,--,8-5,9-8(1)
,"<img src=""https://www.yakyucosmo.com/wp-content/uploads/2025/04/Marines.jpg"" alt="""" width=""10"" height=""10"" class=""alignnone size-full wp-image-6240"" />",<a href=https://npb.jp/bis/eng/teams/index_m.html>Lotte Marines</a>,86,34,50,2,0.405,18.5,252,325,-73,0.386,20-20(1),14-30(1),4-8,4-9(1),6-10,5-7(1),5-8,--,10-8
