Rank,Pitcher,G,W,L,SV,HLD,CG,SHO,BF,IP,H,HR,SO,BB,IBB,HB,WP,R,ER,ERA,FIP,kwERA,WHIP,ERA+,FIP-,kwERA-,Diff,HR%,K%,BB%,K-BB%,Age,T,,Team,League
,<a href=https://npb.jp/bis/eng/players/03905157.html>Beasley Jeremy</a>,3,0,0,0,0,0,0,61,14.1,17,0,12,4,0,0,0,8,8,5.02,2.32,3.49,1.47,57,72,97,2.70,0.0%,19.7%,6.6%,13.1%,29,R,"<img src=""https://www.yakyucosmo.com/wp-content/uploads/2025/04/Tigers.jpg"" alt="""" width=""10"" height=""10"" class=""alignnone size-full wp-image-6224"" />",<a href=https://npb.jp/bis/eng/teams/index_t.html>Hanshin</a>,CL
,<a href=https://npb.jp/bis/eng/players/13715150.html>Duplantier Jon</a>,1,0,0,0,0,0,0,21,6.0,3,0,8,0,0,0,0,1,1,1.50,0.49,0.99,0.50,189,15,27,1.01,0.0%,38.1%,0.0%,38.1%,30,R,"<img src=""https://www.yakyucosmo.com/wp-content/uploads/2025/04/Tigers.jpg"" alt="""" width=""10"" height=""10"" class=""alignnone size-full wp-image-6224"" />",<a href=https://npb.jp/bis/eng/teams/index_t.html>Hanshin</a>,CL
,<a href=https://npb.jp/bis/eng/players/33735159.html>Guerra Javy</a>,4,0,1,0,1,0,0,20,3.0,7,0,3,4,0,0,0,6,6,18.00,5.16,5.30,3.67,16,160,147,12.84,0.0%,15.0%,20.0%,-5.0%,29,R,"<img src=""https://www.yakyucosmo.com/wp-content/uploads/2025/04/Tigers.jpg"" alt="""" width=""10"" height=""10"" class=""alignnone size-full wp-image-6224"" />",<a href=https://npb.jp/bis/eng/teams/index_t.html>Hanshin</a>,CL
,<a href=https://npb.jp/bis/eng/players/71375150.html>Ihara Takato</a>,6,0,0,0,1,0,0,28,8.1,2,0,6,2,1,0,0,0,0,0.00,2.44,3.37,0.48,999,76,93,-2.44,0.0%,21.4%,7.1%,14.3%,24,L,"<img src=""https://www.yakyucosmo.com/wp-content/uploads/2025/04/Tigers.jpg"" alt="""" width=""10"" height=""10"" class=""alignnone size-full wp-image-6224"" />",<a href=https://npb.jp/bis/eng/teams/index_t.html>Hanshin</a>,CL
,<a href=https://npb.jp/bis/eng/players/01105159.html>Ishiguro Yuya</a>,2,0,0,0,0,0,0,9,1.2,5,0,1,0,0,0,0,3,3,16.20,1.96,3.69,3.00,18,61,102,14.24,0.0%,11.1%,0.0%,11.1%,24,R,"<img src=""https://www.yakyucosmo.com/wp-content/uploads/2025/04/Tigers.jpg"" alt="""" width=""10"" height=""10"" class=""alignnone size-full wp-image-6224"" />",<a href=https://npb.jp/bis/eng/teams/index_t.html>Hanshin</a>,CL
,<a href=https://npb.jp/bis/eng/players/41145153.html>Ishii Daichi</a>,8,0,0,0,6,0,0,35,9.0,6,0,10,3,1,0,0,1,1,1.00,1.94,2.80,1.00,284,60,78,-0.94,0.0%,28.6%,8.6%,20.0%,27,R,"<img src=""https://www.yakyucosmo.com/wp-content/uploads/2025/04/Tigers.jpg"" alt="""" width=""10"" height=""10"" class=""alignnone size-full wp-image-6224"" />",<a href=https://npb.jp/bis/eng/teams/index_t.html>Hanshin</a>,CL
,<a href=https://npb.jp/bis/eng/players/71375153.html>Itoh Masashi</a>,1,0,0,0,0,0,0,2,0.2,0,0,0,0,0,0,0,0,0,0.00,3.16,4.80,0.00,999,98,133,-3.16,0.0%,0.0%,0.0%,0.0%,29,L,"<img src=""https://www.yakyucosmo.com/wp-content/uploads/2025/04/Tigers.jpg"" alt="""" width=""10"" height=""10"" class=""alignnone size-full wp-image-6224"" />",<a href=https://npb.jp/bis/eng/teams/index_t.html>Hanshin</a>,CL
,<a href=https://npb.jp/bis/eng/players/51355139.html>Iwasada Yuta</a>,1,0,0,0,0,0,0,1,0.1,0,0,0,0,0,0,0,0,0,0.00,3.16,4.80,0.00,999,98,133,-3.16,0.0%,0.0%,0.0%,0.0%,33,L,"<img src=""https://www.yakyucosmo.com/wp-content/uploads/2025/04/Tigers.jpg"" alt="""" width=""10"" height=""10"" class=""alignnone size-full wp-image-6224"" />",<a href=https://npb.jp/bis/eng/teams/index_t.html>Hanshin</a>,CL
,<a href=https://npb.jp/bis/eng/players/31335139.html>Iwazaki Suguru</a>,8,0,0,6,1,0,0,29,7.0,7,1,4,1,0,0,0,4,3,3.86,4.30,3.77,1.14,74,134,104,-0.44,3.4%,13.8%,3.4%,10.4%,34,L,"<img src=""https://www.yakyucosmo.com/wp-content/uploads/2025/04/Tigers.jpg"" alt="""" width=""10"" height=""10"" class=""alignnone size-full wp-image-6224"" />",<a href=https://npb.jp/bis/eng/teams/index_t.html>Hanshin</a>,CL
,<a href=https://npb.jp/bis/eng/players/01705155.html>Kirishiki Takuma</a>,6,0,0,0,3,0,0,24,5.0,7,0,6,0,0,1,0,2,1,1.80,1.36,2.30,1.40,158,42,64,0.44,0.0%,25.0%,0.0%,25.0%,26,L,"<img src=""https://www.yakyucosmo.com/wp-content/uploads/2025/04/Tigers.jpg"" alt="""" width=""10"" height=""10"" class=""alignnone size-full wp-image-6224"" />",<a href=https://npb.jp/bis/eng/teams/index_t.html>Hanshin</a>,CL
,<a href=https://npb.jp/bis/eng/players/81785150.html>Kudo Taisei</a>,6,0,1,0,1,0,0,21,4.1,2,0,5,7,0,0,2,3,2,4.15,5.70,5.75,2.08,68,177,159,-1.55,0.0%,23.8%,33.3%,-9.5%,23,R,"<img src=""https://www.yakyucosmo.com/wp-content/uploads/2025/04/Tigers.jpg"" alt="""" width=""10"" height=""10"" class=""alignnone size-full wp-image-6224"" />",<a href=https://npb.jp/bis/eng/teams/index_t.html>Hanshin</a>,CL
,<a href=https://npb.jp/bis/eng/players/53355157.html>Mombetsu Keito</a>,3,1,1,0,0,0,0,50,12.0,13,0,8,4,0,0,0,2,2,1.50,2.83,4.00,1.42,189,88,111,-1.33,0.0%,16.0%,8.0%,8.0%,20,L,"<img src=""https://www.yakyucosmo.com/wp-content/uploads/2025/04/Tigers.jpg"" alt="""" width=""10"" height=""10"" class=""alignnone size-full wp-image-6224"" />",<a href=https://npb.jp/bis/eng/teams/index_t.html>Hanshin</a>,CL
,<a href=https://npb.jp/bis/eng/players/13315153.html>Murakami Shoki</a>,3,3,0,0,0,0,0,78,20.2,13,1,19,2,0,1,1,4,4,1.74,2.38,2.62,0.73,163,74,73,-0.64,1.3%,24.4%,2.6%,21.8%,27,R,"<img src=""https://www.yakyucosmo.com/wp-content/uploads/2025/04/Tigers.jpg"" alt="""" width=""10"" height=""10"" class=""alignnone size-full wp-image-6224"" />",<a href=https://npb.jp/bis/eng/teams/index_t.html>Hanshin</a>,CL
,<a href=https://npb.jp/bis/eng/players/71275118.html>Nishi Yuki</a>,1,0,1,0,0,0,0,23,4.2,7,0,2,2,0,0,0,3,3,5.79,3.59,4.80,1.93,49,111,133,2.20,0.0%,8.7%,8.7%,0.0%,34,R,"<img src=""https://www.yakyucosmo.com/wp-content/uploads/2025/04/Tigers.jpg"" alt="""" width=""10"" height=""10"" class=""alignnone size-full wp-image-6224"" />",<a href=https://npb.jp/bis/eng/teams/index_t.html>Hanshin</a>,CL
,<a href=https://npb.jp/bis/eng/players/11515155.html>Okadome Hidetaka</a>,2,0,0,0,0,0,0,10,3.0,1,0,0,0,0,0,0,0,0,0.00,3.16,4.80,0.33,999,98,133,-3.16,0.0%,0.0%,0.0%,0.0%,25,R,"<img src=""https://www.yakyucosmo.com/wp-content/uploads/2025/04/Tigers.jpg"" alt="""" width=""10"" height=""10"" class=""alignnone size-full wp-image-6224"" />",<a href=https://npb.jp/bis/eng/teams/index_t.html>Hanshin</a>,CL
,<a href=https://npb.jp/bis/eng/players/91795151.html>Oyokawa Masaki</a>,8,2,0,0,3,0,0,28,8.0,2,0,10,1,0,0,0,1,0,0.00,1.03,1.59,0.38,999,32,44,-1.03,0.0%,35.7%,3.6%,32.1%,24,L,"<img src=""https://www.yakyucosmo.com/wp-content/uploads/2025/04/Tigers.jpg"" alt="""" width=""10"" height=""10"" class=""alignnone size-full wp-image-6224"" />",<a href=https://npb.jp/bis/eng/teams/index_t.html>Hanshin</a>,CL
,<a href=https://npb.jp/bis/eng/players/41745134.html>Saiki Hiroto</a>,3,1,2,0,0,0,0,83,20.2,14,1,18,7,0,0,0,5,5,2.18,3.06,3.47,1.02,130,95,96,-0.88,1.2%,21.7%,8.4%,13.3%,26,R,"<img src=""https://www.yakyucosmo.com/wp-content/uploads/2025/04/Tigers.jpg"" alt="""" width=""10"" height=""10"" class=""alignnone size-full wp-image-6224"" />",<a href=https://npb.jp/bis/eng/teams/index_t.html>Hanshin</a>,CL
,<a href=https://npb.jp/bis/eng/players/51255157.html>Tomida Ren</a>,2,1,0,0,0,0,0,33,9.0,8,0,4,0,0,0,0,2,2,2.00,2.27,3.59,0.89,142,70,99,-0.27,0.0%,12.1%,0.0%,12.1%,23,L,"<img src=""https://www.yakyucosmo.com/wp-content/uploads/2025/04/Tigers.jpg"" alt="""" width=""10"" height=""10"" class=""alignnone size-full wp-image-6224"" />",<a href=https://npb.jp/bis/eng/teams/index_t.html>Hanshin</a>,CL
,<a href=https://npb.jp/bis/eng/players/11315138.html>Urushihara Taisei</a>,2,0,0,0,0,0,0,4,1.1,0,0,2,0,0,0,0,0,0,0.00,0.16,-0.20,0.00,999,5,-6,-0.16,0.0%,50.0%,0.0%,50.0%,28,R,"<img src=""https://www.yakyucosmo.com/wp-content/uploads/2025/04/Tigers.jpg"" alt="""" width=""10"" height=""10"" class=""alignnone size-full wp-image-6224"" />",<a href=https://npb.jp/bis/eng/teams/index_t.html>Hanshin</a>,CL
,<a href=https://npb.jp/bis/eng/players/33735150.html>Dominguez Johan</a>,2,1,0,0,0,0,0,45,11.0,4,0,8,7,0,0,0,2,2,1.64,3.61,4.58,1.00,180,108,127,-1.97,0.0%,17.8%,15.6%,2.2%,29,R,"<img src=""https://www.yakyucosmo.com/wp-content/uploads/2025/04/Carp.jpg"" alt="""" width=""10"" height=""10"" class=""alignnone size-full wp-image-6223"" />",<a href=https://npb.jp/bis/eng/teams/index_c.html>Hiroshima</a>,CL
,<a href=https://npb.jp/bis/eng/players/73975159.html>Hearn Taylor</a>,7,0,1,0,5,0,0,34,7.0,12,0,8,3,0,0,1,6,6,7.71,2.16,3.33,2.14,38,64,92,5.55,0.0%,23.5%,8.8%,14.7%,30,L,"<img src=""https://www.yakyucosmo.com/wp-content/uploads/2025/04/Carp.jpg"" alt="""" width=""10"" height=""10"" class=""alignnone size-full wp-image-6223"" />",<a href=https://npb.jp/bis/eng/teams/index_c.html>Hiroshima</a>,CL
,<a href=https://npb.jp/bis/eng/players/21625130.html>Horie Atsuya</a>,7,0,1,1,2,0,0,29,5.1,8,0,10,4,1,1,0,3,3,5.06,2.22,2.73,2.25,58,66,76,2.84,0.0%,34.5%,13.8%,20.7%,28,L,"<img src=""https://www.yakyucosmo.com/wp-content/uploads/2025/04/Carp.jpg"" alt="""" width=""10"" height=""10"" class=""alignnone size-full wp-image-6223"" />",<a href=https://npb.jp/bis/eng/teams/index_c.html>Hiroshima</a>,CL
,<a href=https://npb.jp/bis/eng/players/91995153.html>Kuribayashi Ryoji</a>,7,1,0,3,2,0,0,29,6.1,7,0,8,4,1,0,0,7,7,9.95,2.53,3.42,1.74,30,75,95,7.42,0.0%,27.6%,13.8%,13.8%,28,R,"<img src=""https://www.yakyucosmo.com/wp-content/uploads/2025/04/Carp.jpg"" alt="""" width=""10"" height=""10"" class=""alignnone size-full wp-image-6223"" />",<a href=https://npb.jp/bis/eng/teams/index_c.html>Hiroshima</a>,CL
,<a href=https://npb.jp/bis/eng/players/93395155.html>Mori Shohei</a>,3,3,0,0,0,0,0,73,18.2,12,0,12,7,0,1,1,4,4,1.93,3.16,4.12,1.02,153,94,114,-1.23,0.0%,16.4%,9.6%,6.8%,27,L,"<img src=""https://www.yakyucosmo.com/wp-content/uploads/2025/04/Carp.jpg"" alt="""" width=""10"" height=""10"" class=""alignnone size-full wp-image-6223"" />",<a href=https://npb.jp/bis/eng/teams/index_c.html>Hiroshima</a>,CL
,<a href=https://npb.jp/bis/eng/players/53155151.html>Morishita Masato</a>,3,2,1,0,0,0,0,80,21.0,12,2,17,3,0,1,0,7,4,1.71,3.35,3.05,0.71,173,100,84,-1.64,2.5%,21.2%,3.8%,17.4%,27,R,"<img src=""https://www.yakyucosmo.com/wp-content/uploads/2025/04/Carp.jpg"" alt="""" width=""10"" height=""10"" class=""alignnone size-full wp-image-6223"" />",<a href=https://npb.jp/bis/eng/teams/index_c.html>Hiroshima</a>,CL
,<a href=https://npb.jp/bis/eng/players/73375153.html>Moriura Daisuke</a>,7,1,0,0,5,0,0,23,6.2,2,0,9,1,0,0,0,0,0,0.00,0.91,1.32,0.45,999,27,37,-0.91,0.0%,39.1%,4.3%,34.8%,27,L,"<img src=""https://www.yakyucosmo.com/wp-content/uploads/2025/04/Carp.jpg"" alt="""" width=""10"" height=""10"" class=""alignnone size-full wp-image-6223"" />",<a href=https://npb.jp/bis/eng/teams/index_c.html>Hiroshima</a>,CL
,<a href=https://npb.jp/bis/eng/players/31235133.html>Nakazaki Shota</a>,4,0,0,0,0,0,0,10,3.1,1,0,4,0,0,0,0,0,0,0.00,0.76,0.80,0.30,999,23,22,-0.76,0.0%,40.0%,0.0%,40.0%,32,R,"<img src=""https://www.yakyucosmo.com/wp-content/uploads/2025/04/Carp.jpg"" alt="""" width=""10"" height=""10"" class=""alignnone size-full wp-image-6223"" />",<a href=https://npb.jp/bis/eng/teams/index_c.html>Hiroshima</a>,CL
,<a href=https://npb.jp/bis/eng/players/61365139.html>Ohsera Daichi</a>,3,0,1,0,0,0,0,74,19.0,14,0,12,4,0,0,1,4,4,1.89,2.53,3.72,0.95,156,75,103,-0.64,0.0%,16.2%,5.4%,10.8%,34,R,"<img src=""https://www.yakyucosmo.com/wp-content/uploads/2025/04/Carp.jpg"" alt="""" width=""10"" height=""10"" class=""alignnone size-full wp-image-6223"" />",<a href=https://npb.jp/bis/eng/teams/index_c.html>Hiroshima</a>,CL
,<a href=https://npb.jp/bis/eng/players/91595150.html>Okamoto Shun</a>,5,0,0,0,0,0,0,18,5.0,2,0,6,1,0,0,0,0,0,0.00,1.36,2.02,0.60,999,41,56,-1.36,0.0%,33.3%,5.6%,27.7%,23,R,"<img src=""https://www.yakyucosmo.com/wp-content/uploads/2025/04/Carp.jpg"" alt="""" width=""10"" height=""10"" class=""alignnone size-full wp-image-6223"" />",<a href=https://npb.jp/bis/eng/teams/index_c.html>Hiroshima</a>,CL
,<a href=https://npb.jp/bis/eng/players/31935138.html>Shimauchi Sotaro</a>,7,0,0,0,4,0,0,24,6.0,2,0,6,3,0,0,0,2,0,0.00,2.66,3.55,0.83,999,79,98,-2.66,0.0%,25.0%,12.5%,12.5%,28,R,"<img src=""https://www.yakyucosmo.com/wp-content/uploads/2025/04/Carp.jpg"" alt="""" width=""10"" height=""10"" class=""alignnone size-full wp-image-6223"" />",<a href=https://npb.jp/bis/eng/teams/index_c.html>Hiroshima</a>,CL
,<a href=https://npb.jp/bis/eng/players/61065151.html>Suzuki Kenya</a>,4,0,0,0,0,0,0,18,5.0,3,0,2,1,0,0,0,1,1,1.80,2.96,4.24,0.80,164,88,117,-1.16,0.0%,11.1%,5.6%,5.5%,27,R,"<img src=""https://www.yakyucosmo.com/wp-content/uploads/2025/04/Carp.jpg"" alt="""" width=""10"" height=""10"" class=""alignnone size-full wp-image-6223"" />",<a href=https://npb.jp/bis/eng/teams/index_c.html>Hiroshima</a>,CL
,<a href=https://npb.jp/bis/eng/players/41245151.html>Tamamura Shogo</a>,2,0,1,0,0,0,0,45,12.0,10,0,10,1,0,0,0,3,3,2.25,1.74,2.80,0.92,131,52,78,0.51,0.0%,22.2%,2.2%,20.0%,24,L,"<img src=""https://www.yakyucosmo.com/wp-content/uploads/2025/04/Carp.jpg"" alt="""" width=""10"" height=""10"" class=""alignnone size-full wp-image-6223"" />",<a href=https://npb.jp/bis/eng/teams/index_c.html>Hiroshima</a>,CL
,<a href=https://npb.jp/bis/eng/players/11415134.html>Tokoda Hiroki</a>,3,1,1,0,0,1,1,94,23.0,21,1,15,4,1,0,0,5,5,1.96,2.94,3.63,1.09,151,88,101,-0.98,1.1%,16.0%,4.3%,11.7%,30,L,"<img src=""https://www.yakyucosmo.com/wp-content/uploads/2025/04/Carp.jpg"" alt="""" width=""10"" height=""10"" class=""alignnone size-full wp-image-6223"" />",<a href=https://npb.jp/bis/eng/teams/index_c.html>Hiroshima</a>,CL
,<a href=https://npb.jp/bis/eng/players/51155136.html>Azuma Katsuki</a>,3,2,0,0,0,0,0,87,22.1,16,1,17,2,0,0,0,6,2,0.81,2.49,3.08,0.81,369,74,85,-1.68,1.1%,19.5%,2.3%,17.2%,29,L,"<img src=""https://www.yakyucosmo.com/wp-content/uploads/2025/04/BayStars.jpg"" alt="""" width=""10"" height=""10"" class=""alignnone size-full wp-image-6228"" />",<a href=https://npb.jp/bis/eng/teams/index_db.html>DeNA</a>,CL
,<a href=https://npb.jp/bis/eng/players/33235157.html>Bauer Trevor</a>,2,0,2,0,0,0,0,48,11.0,13,2,12,3,0,0,1,6,6,4.91,4.16,2.92,1.45,61,123,81,0.75,4.2%,25.0%,6.2%,18.8%,34,R,"<img src=""https://www.yakyucosmo.com/wp-content/uploads/2025/04/BayStars.jpg"" alt="""" width=""10"" height=""10"" class=""alignnone size-full wp-image-6228"" />",<a href=https://npb.jp/bis/eng/teams/index_db.html>DeNA</a>,CL
,<a href=https://npb.jp/bis/eng/players/71675134.html>Hamachi Masumi</a>,3,0,0,0,0,0,0,12,3.0,2,2,5,1,0,0,0,2,2,6.00,9.49,1.47,1.00,50,280,41,-3.49,16.7%,41.7%,8.3%,33.4%,27,R,"<img src=""https://www.yakyucosmo.com/wp-content/uploads/2025/04/BayStars.jpg"" alt="""" width=""10"" height=""10"" class=""alignnone size-full wp-image-6228"" />",<a href=https://npb.jp/bis/eng/teams/index_db.html>DeNA</a>,CL
,<a href=https://npb.jp/bis/eng/players/71875134.html>Horioka Hayato</a>,4,0,0,0,0,0,0,24,4.2,6,0,8,4,1,0,0,3,2,3.86,2.30,3.13,2.14,77,68,87,1.56,0.0%,33.3%,16.7%,16.6%,26,R,"<img src=""https://www.yakyucosmo.com/wp-content/uploads/2025/04/BayStars.jpg"" alt="""" width=""10"" height=""10"" class=""alignnone size-full wp-image-6228"" />",<a href=https://npb.jp/bis/eng/teams/index_db.html>DeNA</a>,CL
,<a href=https://npb.jp/bis/eng/players/61365153.html>Irie Taisei</a>,5,0,0,1,1,0,0,21,5.0,1,0,6,4,1,1,0,1,1,1.80,3.76,3.85,1.00,166,111,107,-1.96,0.0%,28.6%,19.0%,9.6%,26,R,"<img src=""https://www.yakyucosmo.com/wp-content/uploads/2025/04/BayStars.jpg"" alt="""" width=""10"" height=""10"" class=""alignnone size-full wp-image-6228"" />",<a href=https://npb.jp/bis/eng/teams/index_db.html>DeNA</a>,CL
,<a href=https://npb.jp/bis/eng/players/41145151.html>Ise Hiromu</a>,6,0,0,1,4,0,0,21,5.0,5,0,5,1,0,0,0,2,2,3.60,1.76,2.90,1.20,83,52,80,1.84,0.0%,23.8%,4.8%,19.0%,27,R,"<img src=""https://www.yakyucosmo.com/wp-content/uploads/2025/04/BayStars.jpg"" alt="""" width=""10"" height=""10"" class=""alignnone size-full wp-image-6228"" />",<a href=https://npb.jp/bis/eng/teams/index_db.html>DeNA</a>,CL
,<a href=https://npb.jp/bis/eng/players/21125159.html>Ishida Yutaro</a>,3,0,1,0,1,0,0,35,8.0,11,0,11,1,0,0,0,7,7,7.88,0.78,1.94,1.50,38,23,54,7.10,0.0%,31.4%,2.9%,28.5%,23,R,"<img src=""https://www.yakyucosmo.com/wp-content/uploads/2025/04/BayStars.jpg"" alt="""" width=""10"" height=""10"" class=""alignnone size-full wp-image-6228"" />",<a href=https://npb.jp/bis/eng/teams/index_db.html>DeNA</a>,CL
,<a href=https://npb.jp/bis/eng/players/43745159.html>Jackson Andre</a>,3,1,1,0,0,0,0,76,19.0,15,0,20,4,1,1,2,3,3,1.42,1.84,2.69,1.00,210,54,75,-0.42,0.0%,26.3%,5.3%,21.0%,29,R,"<img src=""https://www.yakyucosmo.com/wp-content/uploads/2025/04/BayStars.jpg"" alt="""" width=""10"" height=""10"" class=""alignnone size-full wp-image-6228"" />",<a href=https://npb.jp/bis/eng/teams/index_db.html>DeNA</a>,CL
,<a href=https://npb.jp/bis/eng/players/13715159.html>Kay Anthony</a>,2,1,0,0,0,0,0,50,14.0,6,0,17,1,0,0,0,0,0,0.00,0.94,1.60,0.50,999,28,44,-0.94,0.0%,34.0%,2.0%,32.0%,30,L,"<img src=""https://www.yakyucosmo.com/wp-content/uploads/2025/04/BayStars.jpg"" alt="""" width=""10"" height=""10"" class=""alignnone size-full wp-image-6228"" />",<a href=https://npb.jp/bis/eng/teams/index_db.html>DeNA</a>,CL
,<a href=https://npb.jp/bis/eng/players/51855138.html>Miyagi Daita</a>,5,0,0,0,1,0,0,24,6.2,2,0,4,4,0,0,0,0,0,0.00,3.76,4.80,0.90,999,111,133,-3.76,0.0%,16.7%,16.7%,0.0%,24,R,"<img src=""https://www.yakyucosmo.com/wp-content/uploads/2025/04/BayStars.jpg"" alt="""" width=""10"" height=""10"" class=""alignnone size-full wp-image-6228"" />",<a href=https://npb.jp/bis/eng/teams/index_db.html>DeNA</a>,CL
,<a href=https://npb.jp/bis/eng/players/21425153.html>Nakagawa Hayate</a>,5,0,0,0,0,0,0,21,3.1,5,0,4,4,1,1,0,2,1,2.70,5.26,4.80,2.70,111,155,133,-2.56,0.0%,19.0%,19.0%,0.0%,26,R,"<img src=""https://www.yakyucosmo.com/wp-content/uploads/2025/04/BayStars.jpg"" alt="""" width=""10"" height=""10"" class=""alignnone size-full wp-image-6228"" />",<a href=https://npb.jp/bis/eng/teams/index_db.html>DeNA</a>,CL
,<a href=https://npb.jp/bis/eng/players/21225136.html>Nakagawa Koh</a>,1,0,0,0,0,0,0,4,1.0,1,0,0,0,0,0,0,0,0,0.00,3.16,4.80,1.00,999,93,133,-3.16,0.0%,0.0%,0.0%,0.0%,25,R,"<img src=""https://www.yakyucosmo.com/wp-content/uploads/2025/04/BayStars.jpg"" alt="""" width=""10"" height=""10"" class=""alignnone size-full wp-image-6228"" />",<a href=https://npb.jp/bis/eng/teams/index_db.html>DeNA</a>,CL
,<a href=https://npb.jp/bis/eng/players/01305138.html>Ohnuki Shinichi</a>,2,0,1,0,0,0,0,47,11.1,13,2,8,2,0,0,0,6,6,4.76,4.57,3.52,1.32,63,135,98,0.19,4.3%,17.0%,4.3%,12.7%,31,R,"<img src=""https://www.yakyucosmo.com/wp-content/uploads/2025/04/BayStars.jpg"" alt="""" width=""10"" height=""10"" class=""alignnone size-full wp-image-6228"" />",<a href=https://npb.jp/bis/eng/teams/index_db.html>DeNA</a>,CL
,<a href=https://npb.jp/bis/eng/players/11015151.html>Sakamoto Yuya</a>,4,1,0,0,0,0,0,15,3.1,3,1,3,2,1,0,0,2,2,5.40,7.06,4.13,1.50,55,209,114,-1.66,6.7%,20.0%,13.3%,6.7%,27,L,"<img src=""https://www.yakyucosmo.com/wp-content/uploads/2025/04/BayStars.jpg"" alt="""" width=""10"" height=""10"" class=""alignnone size-full wp-image-6228"" />",<a href=https://npb.jp/bis/eng/teams/index_db.html>DeNA</a>,CL
,<a href=https://npb.jp/bis/eng/players/71975134.html>Sasaki Chihaya</a>,4,0,0,0,0,0,0,19,4.0,7,0,2,1,0,0,0,2,2,4.50,2.91,4.27,2.00,66,86,118,1.59,0.0%,10.5%,5.3%,5.2%,31,R,"<img src=""https://www.yakyucosmo.com/wp-content/uploads/2025/04/BayStars.jpg"" alt="""" width=""10"" height=""10"" class=""alignnone size-full wp-image-6228"" />",<a href=https://npb.jp/bis/eng/teams/index_db.html>DeNA</a>,CL
,<a href=https://npb.jp/bis/eng/players/41045150.html>Shinogi Kentaro</a>,2,0,0,0,1,0,0,10,1.1,2,0,0,3,0,1,0,4,4,27.00,12.16,7.80,3.75,11,359,216,14.84,0.0%,0.0%,30.0%,-30.0%,23,R,"<img src=""https://www.yakyucosmo.com/wp-content/uploads/2025/04/BayStars.jpg"" alt="""" width=""10"" height=""10"" class=""alignnone size-full wp-image-6228"" />",<a href=https://npb.jp/bis/eng/teams/index_db.html>DeNA</a>,CL
,<a href=https://npb.jp/bis/eng/players/01905139.html>Taira Kentaro</a>,2,1,1,0,0,0,0,37,8.0,12,0,3,2,0,0,0,5,5,5.63,3.16,4.53,1.75,53,93,125,2.47,0.0%,8.1%,5.4%,2.7%,29,R,"<img src=""https://www.yakyucosmo.com/wp-content/uploads/2025/04/BayStars.jpg"" alt="""" width=""10"" height=""10"" class=""alignnone size-full wp-image-6228"" />",<a href=https://npb.jp/bis/eng/teams/index_db.html>DeNA</a>,CL
,<a href=https://npb.jp/bis/eng/players/03505159.html>Wick Rowan</a>,2,0,0,0,1,0,0,11,2.0,2,0,2,2,0,1,0,1,1,4.50,5.66,4.80,2.00,66,167,133,-1.16,0.0%,18.2%,18.2%,0.0%,32,R,"<img src=""https://www.yakyucosmo.com/wp-content/uploads/2025/04/BayStars.jpg"" alt="""" width=""10"" height=""10"" class=""alignnone size-full wp-image-6228"" />",<a href=https://npb.jp/bis/eng/teams/index_db.html>DeNA</a>,CL
,<a href=https://npb.jp/bis/eng/players/41845130.html>Yamasaki Yasuaki</a>,6,0,1,1,1,0,0,21,5.0,5,1,5,1,0,0,0,2,2,3.60,4.36,2.90,1.20,83,129,80,-0.76,4.8%,23.8%,4.8%,19.0%,32,R,"<img src=""https://www.yakyucosmo.com/wp-content/uploads/2025/04/BayStars.jpg"" alt="""" width=""10"" height=""10"" class=""alignnone size-full wp-image-6228"" />",<a href=https://npb.jp/bis/eng/teams/index_db.html>DeNA</a>,CL
,<a href=https://npb.jp/bis/eng/players/51155155.html>Akahoshi Yuji</a>,3,1,2,0,0,0,0,63,17.0,14,2,12,0,0,0,0,4,4,2.12,3.28,2.90,0.82,137,100,80,-1.16,3.2%,19.0%,0.0%,19.0%,25,R,"<img src=""https://www.yakyucosmo.com/wp-content/uploads/2025/04/Giants.jpg"" alt="""" width=""10"" height=""10"" class=""alignnone size-full wp-image-6227"" />",<a href=https://npb.jp/bis/eng/teams/index_g.html>Yomiuri</a>,CL
,<a href=https://npb.jp/bis/eng/players/23225157.html>Baldonado Alberto</a>,2,0,0,0,1,0,0,8,1.1,2,0,0,2,0,0,0,1,1,6.75,7.66,7.30,3.00,43,233,202,-0.91,0.0%,0.0%,25.0%,-25.0%,32,L,"<img src=""https://www.yakyucosmo.com/wp-content/uploads/2025/04/Giants.jpg"" alt="""" width=""10"" height=""10"" class=""alignnone size-full wp-image-6227"" />",<a href=https://npb.jp/bis/eng/teams/index_g.html>Yomiuri</a>,CL
,<a href=https://npb.jp/bis/eng/players/31835157.html>Funabasama Hiromasa</a>,5,0,0,0,2,0,0,15,4.0,2,0,3,2,1,0,0,0,0,0.00,3.16,4.13,1.00,999,96,114,-3.16,0.0%,20.0%,13.3%,6.7%,28,R,"<img src=""https://www.yakyucosmo.com/wp-content/uploads/2025/04/Giants.jpg"" alt="""" width=""10"" height=""10"" class=""alignnone size-full wp-image-6227"" />",<a href=https://npb.jp/bis/eng/teams/index_g.html>Yomiuri</a>,CL
,<a href=https://npb.jp/bis/eng/players/21625151.html>Hotta Kenshin</a>,2,0,0,0,0,0,0,21,4.0,8,1,2,2,0,0,0,5,5,11.25,6.91,4.80,2.50,26,210,133,4.34,4.8%,9.5%,9.5%,0.0%,24,R,"<img src=""https://www.yakyucosmo.com/wp-content/uploads/2025/04/Giants.jpg"" alt="""" width=""10"" height=""10"" class=""alignnone size-full wp-image-6227"" />",<a href=https://npb.jp/bis/eng/teams/index_g.html>Yomiuri</a>,CL
,<a href=https://npb.jp/bis/eng/players/51355151.html>Inoue Haruto</a>,3,1,1,0,0,0,0,80,20.0,17,0,17,4,0,0,0,4,4,1.80,2.06,3.18,1.05,161,63,88,-0.26,0.0%,21.2%,5.0%,16.2%,24,L,"<img src=""https://www.yakyucosmo.com/wp-content/uploads/2025/04/Giants.jpg"" alt="""" width=""10"" height=""10"" class=""alignnone size-full wp-image-6227"" />",<a href=https://npb.jp/bis/eng/teams/index_g.html>Yomiuri</a>,CL
,<a href=https://npb.jp/bis/eng/players/61165153.html>Ishikawa Tatsuya</a>,3,1,2,0,0,0,0,61,15.0,11,0,12,5,0,0,0,4,2,1.20,2.56,3.65,1.07,242,78,101,-1.36,0.0%,19.7%,8.2%,11.5%,27,L,"<img src=""https://www.yakyucosmo.com/wp-content/uploads/2025/04/Giants.jpg"" alt="""" width=""10"" height=""10"" class=""alignnone size-full wp-image-6227"" />",<a href=https://npb.jp/bis/eng/teams/index_g.html>Yomiuri</a>,CL
,<a href=https://npb.jp/bis/eng/players/01105138.html>Izumi Keisuke</a>,5,0,0,0,0,0,0,27,5.2,6,1,5,3,0,1,1,5,5,7.94,5.81,4.06,1.59,36,177,112,2.13,3.7%,18.5%,11.1%,7.4%,28,R,"<img src=""https://www.yakyucosmo.com/wp-content/uploads/2025/04/Giants.jpg"" alt="""" width=""10"" height=""10"" class=""alignnone size-full wp-image-6227"" />",<a href=https://npb.jp/bis/eng/teams/index_g.html>Yomiuri</a>,CL
,<a href=https://npb.jp/bis/eng/players/73975155.html>Keller Kyle</a>,5,0,0,0,0,0,0,16,3.2,4,1,3,1,1,0,0,2,2,4.91,5.89,3.55,1.36,59,179,98,-0.98,6.2%,18.8%,6.2%,12.6%,32,R,"<img src=""https://www.yakyucosmo.com/wp-content/uploads/2025/04/Giants.jpg"" alt="""" width=""10"" height=""10"" class=""alignnone size-full wp-image-6227"" />",<a href=https://npb.jp/bis/eng/teams/index_g.html>Yomiuri</a>,CL
,<a href=https://npb.jp/bis/eng/players/23925134.html>Martinez Raidel</a>,7,1,0,5,0,0,0,25,6.2,1,0,5,4,0,0,0,0,0,0.00,3.46,4.40,0.75,999,105,122,-3.46,0.0%,20.0%,16.0%,4.0%,28,R,"<img src=""https://www.yakyucosmo.com/wp-content/uploads/2025/04/Giants.jpg"" alt="""" width=""10"" height=""10"" class=""alignnone size-full wp-image-6227"" />",<a href=https://npb.jp/bis/eng/teams/index_g.html>Yomiuri</a>,CL
,<a href=https://npb.jp/bis/eng/players/81285132.html>Nakagawa Kota</a>,5,0,0,0,0,0,0,22,4.2,6,0,6,1,0,1,0,0,0,0.00,1.87,2.53,1.50,999,57,70,-1.87,0.0%,27.3%,4.5%,22.8%,31,L,"<img src=""https://www.yakyucosmo.com/wp-content/uploads/2025/04/Giants.jpg"" alt="""" width=""10"" height=""10"" class=""alignnone size-full wp-image-6227"" />",<a href=https://npb.jp/bis/eng/teams/index_g.html>Yomiuri</a>,CL
,<a href=https://npb.jp/bis/eng/players/31635159.html>Nishidate Yuhi</a>,2,0,0,0,0,0,0,13,3.0,3,1,1,0,0,1,0,2,2,6.00,7.83,4.03,1.00,48,238,112,-1.83,7.7%,7.7%,0.0%,7.7%,23,R,"<img src=""https://www.yakyucosmo.com/wp-content/uploads/2025/04/Giants.jpg"" alt="""" width=""10"" height=""10"" class=""alignnone size-full wp-image-6227"" />",<a href=https://npb.jp/bis/eng/teams/index_g.html>Yomiuri</a>,CL
,<a href=https://npb.jp/bis/eng/players/81085155.html>Ota Taisei</a>,5,0,0,0,4,0,0,17,5.0,1,0,6,1,0,0,0,0,0,0.00,1.36,1.86,0.40,999,41,52,-1.36,0.0%,35.3%,5.9%,29.4%,26,R,"<img src=""https://www.yakyucosmo.com/wp-content/uploads/2025/04/Giants.jpg"" alt="""" width=""10"" height=""10"" class=""alignnone size-full wp-image-6227"" />",<a href=https://npb.jp/bis/eng/teams/index_g.html>Yomiuri</a>,CL
,<a href=https://npb.jp/bis/eng/players/91095134.html>Takanashi Yuhei</a>,8,0,0,0,2,0,0,26,6.0,4,0,7,5,2,1,0,2,2,3.00,3.83,4.03,1.50,97,117,112,-0.83,0.0%,26.9%,19.2%,7.7%,32,L,"<img src=""https://www.yakyucosmo.com/wp-content/uploads/2025/04/Giants.jpg"" alt="""" width=""10"" height=""10"" class=""alignnone size-full wp-image-6227"" />",<a href=https://npb.jp/bis/eng/teams/index_g.html>Yomiuri</a>,CL
,<a href=https://npb.jp/bis/eng/players/61065136.html>Tanaka Eito</a>,7,0,0,0,3,0,0,24,6.1,7,0,4,0,0,0,0,1,1,1.42,1.90,3.13,1.11,204,58,87,-0.48,0.0%,16.7%,0.0%,16.7%,25,R,"<img src=""https://www.yakyucosmo.com/wp-content/uploads/2025/04/Giants.jpg"" alt="""" width=""10"" height=""10"" class=""alignnone size-full wp-image-6227"" />",<a href=https://npb.jp/bis/eng/teams/index_g.html>Yomiuri</a>,CL
,<a href=https://npb.jp/bis/eng/players/11215114.html>Tanaka Masahiro</a>,2,1,1,0,0,0,0,35,7.0,12,0,2,4,0,0,0,7,7,9.00,4.30,5.37,2.29,32,131,149,4.70,0.0%,5.7%,11.4%,-5.7%,36,R,"<img src=""https://www.yakyucosmo.com/wp-content/uploads/2025/04/Giants.jpg"" alt="""" width=""10"" height=""10"" class=""alignnone size-full wp-image-6227"" />",<a href=https://npb.jp/bis/eng/teams/index_g.html>Yomiuri</a>,CL
,<a href=https://npb.jp/bis/eng/players/41045138.html>Togo Shosei</a>,3,0,2,0,0,0,0,63,11.1,21,0,6,6,0,0,0,17,14,11.12,3.69,4.80,2.38,26,112,133,7.43,0.0%,9.5%,9.5%,0.0%,25,R,"<img src=""https://www.yakyucosmo.com/wp-content/uploads/2025/04/Giants.jpg"" alt="""" width=""10"" height=""10"" class=""alignnone size-full wp-image-6227"" />",<a href=https://npb.jp/bis/eng/teams/index_g.html>Yomiuri</a>,CL
,<a href=https://npb.jp/bis/eng/players/03305153.html>Yamasaki Iori</a>,3,3,0,0,0,0,0,81,23.0,12,0,23,1,0,1,0,0,0,0.00,1.42,2.08,0.57,999,43,58,-1.42,0.0%,28.4%,1.2%,27.2%,26,R,"<img src=""https://www.yakyucosmo.com/wp-content/uploads/2025/04/Giants.jpg"" alt="""" width=""10"" height=""10"" class=""alignnone size-full wp-image-6227"" />",<a href=https://npb.jp/bis/eng/teams/index_g.html>Yomiuri</a>,CL
,<a href=https://npb.jp/bis/eng/players/81885138.html>Yokogawa Kai</a>,6,0,0,0,1,0,0,35,9.1,6,1,6,0,0,1,0,2,2,1.93,3.59,3.09,0.64,150,109,86,-1.66,2.9%,17.1%,0.0%,17.1%,24,L,"<img src=""https://www.yakyucosmo.com/wp-content/uploads/2025/04/Giants.jpg"" alt="""" width=""10"" height=""10"" class=""alignnone size-full wp-image-6227"" />",<a href=https://npb.jp/bis/eng/teams/index_g.html>Yomiuri</a>,CL
,<a href=https://npb.jp/bis/eng/players/93795150.html>Baumann Mike</a>,1,0,1,0,0,0,0,7,1.0,2,1,0,2,1,0,0,2,2,18.00,22.16,7.66,4.00,18,615,212,-4.16,14.3%,0.0%,28.6%,-28.6%,29,R,"<img src=""https://www.yakyucosmo.com/wp-content/uploads/2025/04/Swallows.jpg"" alt="""" width=""10"" height=""10"" class=""alignnone size-full wp-image-6226"" />",<a href=https://npb.jp/bis/eng/teams/index_s.html>Yakult</a>,CL
,<a href=https://npb.jp/bis/eng/players/11615134.html>Hasegawa Hiroki</a>,2,0,0,0,0,0,0,7,1.0,1,0,0,2,0,1,0,0,0,0.00,12.16,7.66,3.00,999,338,212,-12.16,0.0%,0.0%,28.6%,-28.6%,26,L,"<img src=""https://www.yakyucosmo.com/wp-content/uploads/2025/04/Swallows.jpg"" alt="""" width=""10"" height=""10"" class=""alignnone size-full wp-image-6226"" />",<a href=https://npb.jp/bis/eng/teams/index_s.html>Yakult</a>,CL
,<a href=https://npb.jp/bis/eng/players/11815134.html>Hoshi Tomoya</a>,1,0,0,0,0,0,0,2,0.0,0,0,0,2,0,0,0,0,0,0.00,,14.80,,999,,410,-inf,0.0%,0.0%,100.0%,-100.0%,31,R,"<img src=""https://www.yakyucosmo.com/wp-content/uploads/2025/04/Swallows.jpg"" alt="""" width=""10"" height=""10"" class=""alignnone size-full wp-image-6226"" />",<a href=https://npb.jp/bis/eng/teams/index_s.html>Yakult</a>,CL
,<a href=https://npb.jp/bis/eng/players/11315115.html>Ishikawa Masanori</a>,1,1,0,0,0,0,0,22,5.0,5,0,2,1,0,0,0,3,1,1.80,2.96,4.35,1.20,176,82,120,-1.16,0.0%,9.1%,4.5%,4.6%,45,L,"<img src=""https://www.yakyucosmo.com/wp-content/uploads/2025/04/Swallows.jpg"" alt="""" width=""10"" height=""10"" class=""alignnone size-full wp-image-6226"" />",<a href=https://npb.jp/bis/eng/teams/index_s.html>Yakult</a>,CL
,<a href=https://npb.jp/bis/eng/players/21125137.html>Ishiyama Taichi</a>,7,0,0,3,3,0,0,21,7.0,0,0,10,0,0,0,0,0,0,0.00,0.30,0.04,0.00,999,8,1,-0.30,0.0%,47.6%,0.0%,47.6%,36,R,"<img src=""https://www.yakyucosmo.com/wp-content/uploads/2025/04/Swallows.jpg"" alt="""" width=""10"" height=""10"" class=""alignnone size-full wp-image-6226"" />",<a href=https://npb.jp/bis/eng/teams/index_s.html>Yakult</a>,CL
,<a href=https://npb.jp/bis/eng/players/51555136.html>Kanakubo Yuto</a>,1,0,0,0,0,0,0,15,2.2,6,2,1,1,0,0,1,5,5,16.88,13.28,4.80,2.63,19,369,133,3.60,13.3%,6.7%,6.7%,0.0%,25,R,"<img src=""https://www.yakyucosmo.com/wp-content/uploads/2025/04/Swallows.jpg"" alt="""" width=""10"" height=""10"" class=""alignnone size-full wp-image-6226"" />",<a href=https://npb.jp/bis/eng/teams/index_s.html>Yakult</a>,CL
,<a href=https://npb.jp/bis/eng/players/11915153.html>Kizawa Naofumi</a>,6,1,0,0,3,0,0,19,5.1,2,0,2,1,0,0,0,0,0,0.00,2.97,4.27,0.56,999,82,118,-2.97,0.0%,10.5%,5.3%,5.2%,27,R,"<img src=""https://www.yakyucosmo.com/wp-content/uploads/2025/04/Swallows.jpg"" alt="""" width=""10"" height=""10"" class=""alignnone size-full wp-image-6226"" />",<a href=https://npb.jp/bis/eng/teams/index_s.html>Yakult</a>,CL
,<a href=https://npb.jp/bis/eng/players/01705132.html>Kozawa Reiji</a>,5,0,1,0,1,0,0,23,4.1,5,1,3,5,2,0,0,2,2,4.15,8.24,5.67,2.31,77,229,157,-4.09,4.3%,13.0%,21.7%,-8.7%,27,R,"<img src=""https://www.yakyucosmo.com/wp-content/uploads/2025/04/Swallows.jpg"" alt="""" width=""10"" height=""10"" class=""alignnone size-full wp-image-6226"" />",<a href=https://npb.jp/bis/eng/teams/index_s.html>Yakult</a>,CL
,<a href=https://npb.jp/bis/eng/players/93995150.html>Lambert Peter</a>,2,1,1,0,0,0,0,45,11.0,10,0,6,2,0,1,0,4,4,3.27,2.89,3.91,1.09,97,80,108,0.38,0.0%,13.3%,4.4%,8.9%,28,R,"<img src=""https://www.yakyucosmo.com/wp-content/uploads/2025/04/Swallows.jpg"" alt="""" width=""10"" height=""10"" class=""alignnone size-full wp-image-6226"" />",<a href=https://npb.jp/bis/eng/teams/index_s.html>Yakult</a>,CL
,<a href=https://npb.jp/bis/eng/players/11515137.html>Ogawa Yasuhiro</a>,1,1,0,0,0,1,1,29,9.0,2,0,4,0,0,0,0,0,0,0.00,2.27,3.42,0.22,999,63,95,-2.27,0.0%,13.8%,0.0%,13.8%,35,R,"<img src=""https://www.yakyucosmo.com/wp-content/uploads/2025/04/Swallows.jpg"" alt="""" width=""10"" height=""10"" class=""alignnone size-full wp-image-6226"" />",<a href=https://npb.jp/bis/eng/teams/index_s.html>Yakult</a>,CL
,<a href=https://npb.jp/bis/eng/players/31735151.html>Okugawa Yasunobu</a>,3,0,1,0,0,0,0,71,16.1,22,1,10,2,0,0,0,10,10,5.51,3.10,3.67,1.47,58,86,102,2.41,1.4%,14.1%,2.8%,11.3%,24,R,"<img src=""https://www.yakyucosmo.com/wp-content/uploads/2025/04/Swallows.jpg"" alt="""" width=""10"" height=""10"" class=""alignnone size-full wp-image-6226"" />",<a href=https://npb.jp/bis/eng/teams/index_s.html>Yakult</a>,CL
,<a href=https://npb.jp/bis/eng/players/81785136.html>Sakaguchi Kousuke</a>,5,0,0,0,0,0,0,27,7.0,0,0,2,6,0,1,0,0,0,0.00,5.59,6.28,0.86,999,155,174,-5.59,0.0%,7.4%,22.2%,-14.8%,25,R,"<img src=""https://www.yakyucosmo.com/wp-content/uploads/2025/04/Swallows.jpg"" alt="""" width=""10"" height=""10"" class=""alignnone size-full wp-image-6226"" />",<a href=https://npb.jp/bis/eng/teams/index_s.html>Yakult</a>,CL
,<a href=https://npb.jp/bis/eng/players/51955138.html>Shimizu Noboru</a>,6,0,1,0,3,0,0,24,5.2,8,1,4,0,0,0,0,4,4,6.35,4.04,3.13,1.41,50,112,87,2.31,4.2%,16.7%,0.0%,16.7%,28,R,"<img src=""https://www.yakyucosmo.com/wp-content/uploads/2025/04/Swallows.jpg"" alt="""" width=""10"" height=""10"" class=""alignnone size-full wp-image-6226"" />",<a href=https://npb.jp/bis/eng/teams/index_s.html>Yakult</a>,CL
,<a href=https://npb.jp/bis/eng/players/91295150.html>Shoji Kota</a>,6,0,0,0,2,0,0,22,6.0,3,0,10,2,0,0,0,0,0,0.00,0.83,1.16,0.83,999,23,32,-0.83,0.0%,45.5%,9.1%,36.4%,25,L,"<img src=""https://www.yakyucosmo.com/wp-content/uploads/2025/04/Swallows.jpg"" alt="""" width=""10"" height=""10"" class=""alignnone size-full wp-image-6226"" />",<a href=https://npb.jp/bis/eng/teams/index_s.html>Yakult</a>,CL
,<a href=https://npb.jp/bis/eng/players/41945139.html>Taguchi Kazuto</a>,5,0,0,0,2,0,0,25,5.0,7,0,6,1,0,1,1,4,4,7.20,1.96,2.80,1.60,44,54,78,5.24,0.0%,24.0%,4.0%,20.0%,29,L,"<img src=""https://www.yakyucosmo.com/wp-content/uploads/2025/04/Swallows.jpg"" alt="""" width=""10"" height=""10"" class=""alignnone size-full wp-image-6226"" />",<a href=https://npb.jp/bis/eng/teams/index_s.html>Yakult</a>,CL
,<a href=https://npb.jp/bis/eng/players/51055132.html>Takahashi Keiji</a>,2,1,1,0,0,0,0,48,12.0,7,0,13,6,0,0,2,2,2,1.50,2.49,3.34,1.08,212,69,93,-0.99,0.0%,27.1%,12.5%,14.6%,28,L,"<img src=""https://www.yakyucosmo.com/wp-content/uploads/2025/04/Swallows.jpg"" alt="""" width=""10"" height=""10"" class=""alignnone size-full wp-image-6226"" />",<a href=https://npb.jp/bis/eng/teams/index_s.html>Yakult</a>,CL
,<a href=https://npb.jp/bis/eng/players/21925139.html>Takanashi Hirotoshi</a>,1,0,0,0,0,0,0,22,6.0,4,0,6,1,0,1,0,1,1,1.50,2.16,2.53,0.83,212,60,70,-0.66,0.0%,27.3%,4.5%,22.8%,34,R,"<img src=""https://www.yakyucosmo.com/wp-content/uploads/2025/04/Swallows.jpg"" alt="""" width=""10"" height=""10"" class=""alignnone size-full wp-image-6226"" />",<a href=https://npb.jp/bis/eng/teams/index_s.html>Yakult</a>,CL
,<a href=https://npb.jp/bis/eng/players/93195136.html>Yamamoto Daiki</a>,4,0,0,0,0,0,0,18,4.0,4,1,0,3,0,0,0,3,3,6.75,8.66,6.47,1.75,47,240,179,-1.91,5.6%,0.0%,16.7%,-16.7%,29,L,"<img src=""https://www.yakyucosmo.com/wp-content/uploads/2025/04/Swallows.jpg"" alt="""" width=""10"" height=""10"" class=""alignnone size-full wp-image-6226"" />",<a href=https://npb.jp/bis/eng/teams/index_s.html>Yakult</a>,CL
,<a href=https://npb.jp/bis/eng/players/63365153.html>Yamano Taichi</a>,1,0,0,0,0,0,0,24,6.0,6,2,4,0,0,0,0,4,4,6.00,6.16,3.13,1.00,53,171,87,-0.16,8.3%,16.7%,0.0%,16.7%,26,L,"<img src=""https://www.yakyucosmo.com/wp-content/uploads/2025/04/Swallows.jpg"" alt="""" width=""10"" height=""10"" class=""alignnone size-full wp-image-6226"" />",<a href=https://npb.jp/bis/eng/teams/index_s.html>Yakult</a>,CL
,<a href=https://npb.jp/bis/eng/players/53555157.html>Yoshimura Kojiro</a>,2,0,1,0,0,0,0,34,6.1,12,0,5,3,0,0,0,8,5,7.11,3.00,4.21,2.37,45,83,117,4.11,0.0%,14.7%,8.8%,5.9%,27,R,"<img src=""https://www.yakyucosmo.com/wp-content/uploads/2025/04/Swallows.jpg"" alt="""" width=""10"" height=""10"" class=""alignnone size-full wp-image-6226"" />",<a href=https://npb.jp/bis/eng/teams/index_s.html>Yakult</a>,CL
,<a href=https://npb.jp/bis/eng/players/21625134.html>Fujishima Kento</a>,6,0,1,0,0,0,0,25,6.0,6,0,5,1,0,0,0,2,2,3.00,1.99,3.20,1.17,91,64,89,1.01,0.0%,20.0%,4.0%,16.0%,27,R,"<img src=""https://www.yakyucosmo.com/wp-content/uploads/2025/04/Dragons.jpg"" alt="""" width=""10"" height=""10"" class=""alignnone size-full wp-image-6225"" />",<a href=https://npb.jp/bis/eng/teams/index_d.html>Chunichi</a>,CL
,<a href=https://npb.jp/bis/eng/players/21425151.html>Hashimoto Yuki</a>,4,0,0,0,0,0,0,22,5.0,5,0,3,4,1,0,0,0,0,0.00,4.36,5.25,1.80,999,141,145,-4.36,0.0%,13.6%,18.2%,-4.6%,27,L,"<img src=""https://www.yakyucosmo.com/wp-content/uploads/2025/04/Dragons.jpg"" alt="""" width=""10"" height=""10"" class=""alignnone size-full wp-image-6225"" />",<a href=https://npb.jp/bis/eng/teams/index_d.html>Chunichi</a>,CL
,<a href=https://npb.jp/bis/eng/players/31335116.html>Iwasaki Sho</a>,2,1,0,0,0,0,0,9,2.0,3,1,1,0,0,0,0,1,1,4.50,8.66,3.69,1.50,60,281,102,-4.16,11.1%,11.1%,0.0%,11.1%,35,R,"<img src=""https://www.yakyucosmo.com/wp-content/uploads/2025/04/Dragons.jpg"" alt="""" width=""10"" height=""10"" class=""alignnone size-full wp-image-6225"" />",<a href=https://npb.jp/bis/eng/teams/index_d.html>Chunichi</a>,CL
,<a href=https://npb.jp/bis/eng/players/21525138.html>Katsuno Akiyoshi</a>,5,1,0,0,1,0,0,23,6.0,4,0,9,1,0,1,0,2,2,3.00,1.16,1.32,0.83,91,38,37,1.84,0.0%,39.1%,4.3%,34.8%,28,R,"<img src=""https://www.yakyucosmo.com/wp-content/uploads/2025/04/Dragons.jpg"" alt="""" width=""10"" height=""10"" class=""alignnone size-full wp-image-6225"" />",<a href=https://npb.jp/bis/eng/teams/index_d.html>Chunichi</a>,CL
,<a href=https://npb.jp/bis/eng/players/13015150.html>Marte Yunior</a>,7,0,0,0,5,0,0,23,7.0,3,0,3,0,0,0,0,0,0,0.00,2.30,3.50,0.43,999,75,97,-2.30,0.0%,13.0%,0.0%,13.0%,30,R,"<img src=""https://www.yakyucosmo.com/wp-content/uploads/2025/04/Dragons.jpg"" alt="""" width=""10"" height=""10"" class=""alignnone size-full wp-image-6225"" />",<a href=https://npb.jp/bis/eng/teams/index_d.html>Chunichi</a>,CL
,<a href=https://npb.jp/bis/eng/players/21225137.html>Matsuba Takahiro</a>,3,2,1,0,0,0,0,72,19.0,14,1,12,2,0,1,0,3,3,1.42,3.05,3.41,0.84,192,99,94,-1.63,1.4%,16.7%,2.8%,13.9%,34,L,"<img src=""https://www.yakyucosmo.com/wp-content/uploads/2025/04/Dragons.jpg"" alt="""" width=""10"" height=""10"" class=""alignnone size-full wp-image-6225"" />",<a href=https://npb.jp/bis/eng/teams/index_d.html>Chunichi</a>,CL
,<a href=https://npb.jp/bis/eng/players/61865157.html>Matsuyama Shinya</a>,8,0,0,6,1,0,0,32,8.0,9,0,8,0,0,0,0,2,2,2.25,1.16,2.30,1.12,121,38,64,1.09,0.0%,25.0%,0.0%,25.0%,25,R,"<img src=""https://www.yakyucosmo.com/wp-content/uploads/2025/04/Dragons.jpg"" alt="""" width=""10"" height=""10"" class=""alignnone size-full wp-image-6225"" />",<a href=https://npb.jp/bis/eng/teams/index_d.html>Chunichi</a>,CL
,<a href=https://npb.jp/bis/eng/players/93295157.html>Mejia Humberto</a>,2,1,1,0,0,0,0,52,13.0,12,4,6,1,0,0,0,7,7,4.85,6.47,3.84,1.00,56,210,106,-1.62,7.7%,11.5%,1.9%,9.6%,28,R,"<img src=""https://www.yakyucosmo.com/wp-content/uploads/2025/04/Dragons.jpg"" alt="""" width=""10"" height=""10"" class=""alignnone size-full wp-image-6225"" />",<a href=https://npb.jp/bis/eng/teams/index_d.html>Chunichi</a>,CL
,<a href=https://npb.jp/bis/eng/players/13915150.html>Muller Kyle</a>,3,0,1,0,0,0,0,64,15.2,14,1,19,4,0,0,1,8,8,4.60,2.33,2.46,1.15,59,75,68,2.27,1.6%,29.7%,6.2%,23.5%,27,L,"<img src=""https://www.yakyucosmo.com/wp-content/uploads/2025/04/Dragons.jpg"" alt="""" width=""10"" height=""10"" class=""alignnone size-full wp-image-6225"" />",<a href=https://npb.jp/bis/eng/teams/index_d.html>Chunichi</a>,CL
,<a href=https://npb.jp/bis/eng/players/11515133.html>Ohno Yudai</a>,2,0,1,0,0,0,0,43,11.0,10,0,7,1,0,0,0,4,2,1.64,2.16,3.40,1.00,166,70,94,-0.52,0.0%,16.3%,2.3%,14.0%,36,L,"<img src=""https://www.yakyucosmo.com/wp-content/uploads/2025/04/Dragons.jpg"" alt="""" width=""10"" height=""10"" class=""alignnone size-full wp-image-6225"" />",<a href=https://npb.jp/bis/eng/teams/index_d.html>Chunichi</a>,CL
,<a href=https://npb.jp/bis/eng/players/11915130.html>Saitoh Kohki</a>,6,0,0,0,4,0,0,20,5.1,3,0,3,2,0,0,0,0,0,0.00,3.16,4.30,0.94,999,102,119,-3.16,0.0%,15.0%,10.0%,5.0%,28,L,"<img src=""https://www.yakyucosmo.com/wp-content/uploads/2025/04/Dragons.jpg"" alt="""" width=""10"" height=""10"" class=""alignnone size-full wp-image-6225"" />",<a href=https://npb.jp/bis/eng/teams/index_d.html>Chunichi</a>,CL
,<a href=https://npb.jp/bis/eng/players/01905136.html>Shimizu Tatsuya</a>,6,0,0,0,5,0,0,26,6.0,5,0,4,4,1,1,0,1,1,1.50,4.33,4.80,1.50,181,140,133,-2.83,0.0%,15.4%,15.4%,0.0%,25,R,"<img src=""https://www.yakyucosmo.com/wp-content/uploads/2025/04/Dragons.jpg"" alt="""" width=""10"" height=""10"" class=""alignnone size-full wp-image-6225"" />",<a href=https://npb.jp/bis/eng/teams/index_d.html>Chunichi</a>,CL
,<a href=https://npb.jp/bis/eng/players/91995139.html>Sobue Daisuke</a>,5,0,0,0,1,0,0,22,6.0,5,0,2,2,0,0,0,0,0,0.00,3.49,4.80,1.17,999,113,133,-3.49,0.0%,9.1%,9.1%,0.0%,37,R,"<img src=""https://www.yakyucosmo.com/wp-content/uploads/2025/04/Dragons.jpg"" alt="""" width=""10"" height=""10"" class=""alignnone size-full wp-image-6225"" />",<a href=https://npb.jp/bis/eng/teams/index_d.html>Chunichi</a>,CL
,<a href=https://npb.jp/bis/eng/players/61265153.html>Takahashi Hiroto</a>,3,0,2,0,0,0,0,73,17.0,20,0,14,3,0,1,1,11,10,5.29,2.22,3.29,1.35,51,72,91,3.07,0.0%,19.2%,4.1%,15.1%,22,R,"<img src=""https://www.yakyucosmo.com/wp-content/uploads/2025/04/Dragons.jpg"" alt="""" width=""10"" height=""10"" class=""alignnone size-full wp-image-6225"" />",<a href=https://npb.jp/bis/eng/teams/index_d.html>Chunichi</a>,CL
,<a href=https://npb.jp/bis/eng/players/63165134.html>Yanagi Yuya</a>,3,1,1,0,0,0,0,76,20.0,14,0,17,3,0,2,0,2,2,0.90,2.21,2.96,0.85,302,72,82,-1.31,0.0%,22.4%,3.9%,18.5%,31,R,"<img src=""https://www.yakyucosmo.com/wp-content/uploads/2025/04/Dragons.jpg"" alt="""" width=""10"" height=""10"" class=""alignnone size-full wp-image-6225"" />",<a href=https://npb.jp/bis/eng/teams/index_d.html>Chunichi</a>,CL
,<a href=https://npb.jp/bis/eng/players/01105153.html>Abe Shota</a>,2,0,0,0,0,0,0,9,1.2,4,0,1,0,0,0,0,1,1,5.40,1.96,3.69,2.40,53,60,102,3.44,0.0%,11.1%,0.0%,11.1%,32,R,"<img src=""https://www.yakyucosmo.com/wp-content/uploads/2025/04/Buffaloes.jpg"" alt="""" width=""10"" height=""10"" class=""alignnone size-full wp-image-6222"" />",<a href=https://npb.jp/bis/eng/teams/index_b.html>ORIX</a>,PL
,<a href=https://npb.jp/bis/eng/players/43545159.html>Espinoza Anderson</a>,3,0,0,0,0,0,0,77,18.1,16,0,19,7,0,0,0,5,5,2.45,2.23,3.24,1.25,117,69,90,0.22,0.0%,24.7%,9.1%,15.6%,27,R,"<img src=""https://www.yakyucosmo.com/wp-content/uploads/2025/04/Buffaloes.jpg"" alt="""" width=""10"" height=""10"" class=""alignnone size-full wp-image-6222"" />",<a href=https://npb.jp/bis/eng/teams/index_b.html>ORIX</a>,PL
,<a href=https://npb.jp/bis/eng/players/81285112.html>Hirano Yoshihisa</a>,3,0,1,1,0,0,0,14,2.1,5,1,1,2,0,0,0,4,4,15.43,10.44,5.51,3.00,19,321,153,4.99,7.1%,7.1%,14.3%,-7.2%,41,R,"<img src=""https://www.yakyucosmo.com/wp-content/uploads/2025/04/Buffaloes.jpg"" alt="""" width=""10"" height=""10"" class=""alignnone size-full wp-image-6222"" />",<a href=https://npb.jp/bis/eng/teams/index_b.html>ORIX</a>,PL
,<a href=https://npb.jp/bis/eng/players/31335132.html>Iguchi Kazutomo</a>,2,0,0,0,0,0,0,9,1.2,4,0,1,0,0,0,1,2,1,5.40,1.96,3.69,2.40,53,60,102,3.44,0.0%,11.1%,0.0%,11.1%,31,R,"<img src=""https://www.yakyucosmo.com/wp-content/uploads/2025/04/Buffaloes.jpg"" alt="""" width=""10"" height=""10"" class=""alignnone size-full wp-image-6222"" />",<a href=https://npb.jp/bis/eng/teams/index_b.html>ORIX</a>,PL
,<a href=https://npb.jp/bis/eng/players/01505150.html>Katayama Raiku</a>,1,0,0,0,0,0,0,10,2.0,4,0,1,0,0,0,0,1,1,4.50,2.16,3.80,2.00,64,66,105,2.34,0.0%,10.0%,0.0%,10.0%,22,R,"<img src=""https://www.yakyucosmo.com/wp-content/uploads/2025/04/Buffaloes.jpg"" alt="""" width=""10"" height=""10"" class=""alignnone size-full wp-image-6222"" />",<a href=https://npb.jp/bis/eng/teams/index_b.html>ORIX</a>,PL
,<a href=https://npb.jp/bis/eng/players/41745153.html>Kawase Kento</a>,3,0,0,0,0,0,0,22,5.0,7,0,4,1,0,0,0,2,2,3.60,2.16,3.44,1.60,80,66,95,1.44,0.0%,18.2%,4.5%,13.7%,23,R,"<img src=""https://www.yakyucosmo.com/wp-content/uploads/2025/04/Buffaloes.jpg"" alt="""" width=""10"" height=""10"" class=""alignnone size-full wp-image-6222"" />",<a href=https://npb.jp/bis/eng/teams/index_b.html>ORIX</a>,PL
,<a href=https://npb.jp/bis/eng/players/41745159.html>Kotajima Seiryu</a>,8,0,1,0,3,0,0,36,8.0,8,0,7,4,1,0,0,4,4,4.50,2.91,3.97,1.50,64,89,110,1.59,0.0%,19.4%,11.1%,8.3%,26,R,"<img src=""https://www.yakyucosmo.com/wp-content/uploads/2025/04/Buffaloes.jpg"" alt="""" width=""10"" height=""10"" class=""alignnone size-full wp-image-6222"" />",<a href=https://npb.jp/bis/eng/teams/index_b.html>ORIX</a>,PL
,<a href=https://npb.jp/bis/eng/players/71775139.html>Kuri Allen</a>,3,2,0,0,0,0,0,87,22.0,18,1,16,8,0,0,0,3,3,1.23,3.39,3.88,1.18,233,104,107,-2.16,1.1%,18.4%,9.2%,9.2%,33,R,"<img src=""https://www.yakyucosmo.com/wp-content/uploads/2025/04/Buffaloes.jpg"" alt="""" width=""10"" height=""10"" class=""alignnone size-full wp-image-6222"" />",<a href=https://npb.jp/bis/eng/teams/index_b.html>ORIX</a>,PL
,<a href=https://npb.jp/bis/eng/players/43945159.html>Machado Andres</a>,8,1,0,5,2,0,0,31,8.0,5,0,9,2,0,0,0,1,1,1.13,1.66,2.54,0.88,254,51,70,-0.53,0.0%,29.0%,6.5%,22.5%,32,R,"<img src=""https://www.yakyucosmo.com/wp-content/uploads/2025/04/Buffaloes.jpg"" alt="""" width=""10"" height=""10"" class=""alignnone size-full wp-image-6222"" />",<a href=https://npb.jp/bis/eng/teams/index_b.html>ORIX</a>,PL
,<a href=https://npb.jp/bis/eng/players/71875151.html>Miyagi Hiroya</a>,3,2,0,0,0,0,0,88,24.0,14,2,22,2,0,0,0,5,5,1.88,2.66,2.53,0.67,153,82,70,-0.78,2.3%,25.0%,2.3%,22.7%,23,L,"<img src=""https://www.yakyucosmo.com/wp-content/uploads/2025/04/Buffaloes.jpg"" alt="""" width=""10"" height=""10"" class=""alignnone size-full wp-image-6222"" />",<a href=https://npb.jp/bis/eng/teams/index_b.html>ORIX</a>,PL
,<a href=https://npb.jp/bis/eng/players/33335155.html>Mukunoki Ren</a>,1,0,1,0,0,0,0,23,5.0,6,0,1,3,0,0,0,3,1,1.80,4.56,5.67,1.80,159,140,157,-2.76,0.0%,4.3%,13.0%,-8.7%,25,R,"<img src=""https://www.yakyucosmo.com/wp-content/uploads/2025/04/Buffaloes.jpg"" alt="""" width=""10"" height=""10"" class=""alignnone size-full wp-image-6222"" />",<a href=https://npb.jp/bis/eng/teams/index_b.html>ORIX</a>,PL
,<a href=https://npb.jp/bis/eng/players/13215157.html>Perdomo Luis</a>,7,0,0,0,6,0,0,27,7.0,5,0,2,3,1,0,0,0,0,0.00,3.87,5.17,1.14,999,119,143,-3.87,0.0%,7.4%,11.1%,-3.7%,32,R,"<img src=""https://www.yakyucosmo.com/wp-content/uploads/2025/04/Buffaloes.jpg"" alt="""" width=""10"" height=""10"" class=""alignnone size-full wp-image-6222"" />",<a href=https://npb.jp/bis/eng/teams/index_b.html>ORIX</a>,PL
,<a href=https://npb.jp/bis/eng/players/81985157.html>Sotani Ryuhei</a>,3,1,1,0,0,0,0,74,17.0,18,1,14,6,1,0,0,6,4,2.12,3.34,3.72,1.41,135,103,103,-1.22,1.4%,18.9%,8.1%,10.8%,24,L,"<img src=""https://www.yakyucosmo.com/wp-content/uploads/2025/04/Buffaloes.jpg"" alt="""" width=""10"" height=""10"" class=""alignnone size-full wp-image-6222"" />",<a href=https://npb.jp/bis/eng/teams/index_b.html>ORIX</a>,PL
,<a href=https://npb.jp/bis/eng/players/61965136.html>Suzuki Hiroshi</a>,8,0,0,0,3,0,0,28,6.1,8,0,3,2,0,0,0,3,3,4.26,3.16,4.44,1.58,67,97,123,1.10,0.0%,10.7%,7.1%,3.6%,28,R,"<img src=""https://www.yakyucosmo.com/wp-content/uploads/2025/04/Buffaloes.jpg"" alt="""" width=""10"" height=""10"" class=""alignnone size-full wp-image-6222"" />",<a href=https://npb.jp/bis/eng/teams/index_b.html>ORIX</a>,PL
,<a href=https://npb.jp/bis/eng/players/41045136.html>Tajima Daiki</a>,1,1,0,0,0,0,0,21,5.0,7,0,3,0,0,0,0,0,0,0.00,1.96,3.37,1.40,999,60,93,-1.96,0.0%,14.3%,0.0%,14.3%,28,L,"<img src=""https://www.yakyucosmo.com/wp-content/uploads/2025/04/Buffaloes.jpg"" alt="""" width=""10"" height=""10"" class=""alignnone size-full wp-image-6222"" />",<a href=https://npb.jp/bis/eng/teams/index_b.html>ORIX</a>,PL
,<a href=https://npb.jp/bis/eng/players/61065159.html>Takashima Taito</a>,3,2,0,0,0,0,0,63,15.0,15,1,7,4,0,0,0,3,3,1.80,3.89,4.32,1.27,159,120,120,-2.09,1.6%,11.1%,6.3%,4.8%,25,R,"<img src=""https://www.yakyucosmo.com/wp-content/uploads/2025/04/Buffaloes.jpg"" alt="""" width=""10"" height=""10"" class=""alignnone size-full wp-image-6222"" />",<a href=https://npb.jp/bis/eng/teams/index_b.html>ORIX</a>,PL
,<a href=https://npb.jp/bis/eng/players/61465131.html>Yamada Nobuyoshi</a>,7,1,1,0,3,0,0,27,6.0,6,0,5,4,0,0,0,2,2,3.00,3.49,4.43,1.67,96,107,123,-0.49,0.0%,18.5%,14.8%,3.7%,33,L,"<img src=""https://www.yakyucosmo.com/wp-content/uploads/2025/04/Buffaloes.jpg"" alt="""" width=""10"" height=""10"" class=""alignnone size-full wp-image-6222"" />",<a href=https://npb.jp/bis/eng/teams/index_b.html>ORIX</a>,PL
,<a href=https://npb.jp/bis/eng/players/33335134.html>Yamazaki Soichiro</a>,3,1,0,0,0,0,0,14,2.2,5,0,4,1,0,0,0,3,3,10.13,1.28,2.66,2.25,28,39,74,8.85,0.0%,28.6%,7.1%,21.5%,27,R,"<img src=""https://www.yakyucosmo.com/wp-content/uploads/2025/04/Buffaloes.jpg"" alt="""" width=""10"" height=""10"" class=""alignnone size-full wp-image-6222"" />",<a href=https://npb.jp/bis/eng/teams/index_b.html>ORIX</a>,PL
,<a href=https://npb.jp/bis/eng/players/93995155.html>Guerrero Tayron</a>,5,1,1,1,1,0,0,20,5.0,3,1,9,2,0,0,0,2,2,3.60,3.36,1.30,1.00,83,99,36,0.24,5.0%,45.0%,10.0%,35.0%,34,R,"<img src=""https://www.yakyucosmo.com/wp-content/uploads/2025/04/Marines.jpg"" alt="""" width=""10"" height=""10"" class=""alignnone size-full wp-image-6240"" />",<a href=https://npb.jp/bis/eng/teams/index_m.html>Lotte</a>,PL
,<a href=https://npb.jp/bis/eng/players/61165139.html>Ishikawa Shuta</a>,2,0,0,0,0,0,0,27,6.1,6,1,3,1,0,1,0,2,2,2.84,5.21,4.06,1.11,106,153,112,-2.37,3.7%,11.1%,3.7%,7.4%,33,R,"<img src=""https://www.yakyucosmo.com/wp-content/uploads/2025/04/Marines.jpg"" alt="""" width=""10"" height=""10"" class=""alignnone size-full wp-image-6240"" />",<a href=https://npb.jp/bis/eng/teams/index_m.html>Lotte</a>,PL
,<a href=https://npb.jp/bis/eng/players/91595157.html>Kikuchi Riku</a>,6,0,0,0,0,0,0,30,7.0,7,1,7,2,0,0,0,2,2,2.57,3.87,3.13,1.29,117,114,87,-1.30,3.3%,23.3%,6.7%,16.6%,25,R,"<img src=""https://www.yakyucosmo.com/wp-content/uploads/2025/04/Marines.jpg"" alt="""" width=""10"" height=""10"" class=""alignnone size-full wp-image-6240"" />",<a href=https://npb.jp/bis/eng/teams/index_m.html>Lotte</a>,PL
,<a href=https://npb.jp/bis/eng/players/71775159.html>Kimura Yuto</a>,3,1,0,0,0,0,0,18,6.0,0,0,4,0,0,0,0,0,0,0.00,1.83,2.58,0.00,999,54,71,-1.83,0.0%,22.2%,0.0%,22.2%,20,R,"<img src=""https://www.yakyucosmo.com/wp-content/uploads/2025/04/Marines.jpg"" alt="""" width=""10"" height=""10"" class=""alignnone size-full wp-image-6240"" />",<a href=https://npb.jp/bis/eng/teams/index_m.html>Lotte</a>,PL
,<a href=https://npb.jp/bis/eng/players/71675135.html>Masuda Naoya</a>,3,0,0,1,0,0,0,15,3.0,5,1,2,0,0,0,0,2,2,6.00,6.16,3.47,1.67,50,181,96,-0.16,6.7%,13.3%,0.0%,13.3%,35,R,"<img src=""https://www.yakyucosmo.com/wp-content/uploads/2025/04/Marines.jpg"" alt="""" width=""10"" height=""10"" class=""alignnone size-full wp-image-6240"" />",<a href=https://npb.jp/bis/eng/teams/index_m.html>Lotte</a>,PL
,<a href=https://npb.jp/bis/eng/players/31635153.html>Nakamori Shunsuke</a>,4,1,1,0,0,0,0,31,8.0,6,1,7,1,0,0,0,3,3,3.38,3.41,2.86,0.88,89,100,79,-0.03,3.2%,22.6%,3.2%,19.4%,23,R,"<img src=""https://www.yakyucosmo.com/wp-content/uploads/2025/04/Marines.jpg"" alt="""" width=""10"" height=""10"" class=""alignnone size-full wp-image-6240"" />",<a href=https://npb.jp/bis/eng/teams/index_m.html>Lotte</a>,PL
,<a href=https://npb.jp/bis/eng/players/01205118.html>Nishino Yuji</a>,2,0,1,0,0,0,0,49,12.0,12,0,3,2,0,1,0,3,3,2.25,3.41,4.60,1.17,133,100,127,-1.16,0.0%,6.1%,4.1%,2.0%,34,R,"<img src=""https://www.yakyucosmo.com/wp-content/uploads/2025/04/Marines.jpg"" alt="""" width=""10"" height=""10"" class=""alignnone size-full wp-image-6240"" />",<a href=https://npb.jp/bis/eng/teams/index_m.html>Lotte</a>,PL
,<a href=https://npb.jp/bis/eng/players/11515138.html>Ojima Kazuya</a>,3,1,1,0,0,0,0,74,17.0,17,1,14,7,0,1,0,8,5,2.65,3.69,3.85,1.41,113,108,107,-1.04,1.4%,18.9%,9.5%,9.4%,28,L,"<img src=""https://www.yakyucosmo.com/wp-content/uploads/2025/04/Marines.jpg"" alt="""" width=""10"" height=""10"" class=""alignnone size-full wp-image-6240"" />",<a href=https://npb.jp/bis/eng/teams/index_m.html>Lotte</a>,PL
,<a href=https://npb.jp/bis/eng/players/51555130.html>Ono Fumiya</a>,6,0,1,0,0,0,0,27,6.0,3,1,7,4,0,0,0,3,1,1.50,4.99,3.69,1.17,200,147,102,-3.49,3.7%,25.9%,14.8%,11.1%,28,R,"<img src=""https://www.yakyucosmo.com/wp-content/uploads/2025/04/Marines.jpg"" alt="""" width=""10"" height=""10"" class=""alignnone size-full wp-image-6240"" />",<a href=https://npb.jp/bis/eng/teams/index_m.html>Lotte</a>,PL
,<a href=https://npb.jp/bis/eng/players/81985133.html>Sawamura Hirokazu</a>,2,0,0,0,0,0,0,10,2.0,2,0,0,2,0,0,1,1,1,4.50,6.16,6.80,2.00,67,181,188,-1.66,0.0%,0.0%,20.0%,-20.0%,37,R,"<img src=""https://www.yakyucosmo.com/wp-content/uploads/2025/04/Marines.jpg"" alt="""" width=""10"" height=""10"" class=""alignnone size-full wp-image-6240"" />",<a href=https://npb.jp/bis/eng/teams/index_m.html>Lotte</a>,PL
,<a href=https://npb.jp/bis/eng/players/71275153.html>Suzuki Shota</a>,5,0,0,1,2,0,0,23,5.0,7,0,5,1,0,0,0,1,1,1.80,1.76,3.06,1.60,167,52,85,0.04,0.0%,21.7%,4.3%,17.4%,26,L,"<img src=""https://www.yakyucosmo.com/wp-content/uploads/2025/04/Marines.jpg"" alt="""" width=""10"" height=""10"" class=""alignnone size-full wp-image-6240"" />",<a href=https://npb.jp/bis/eng/teams/index_m.html>Lotte</a>,PL
,<a href=https://npb.jp/bis/eng/players/31035157.html>Takano Shuta</a>,2,0,0,0,2,0,0,21,5.2,4,0,8,0,0,0,0,0,0,0.00,0.34,0.99,0.71,999,10,27,-0.34,0.0%,38.1%,0.0%,38.1%,26,L,"<img src=""https://www.yakyucosmo.com/wp-content/uploads/2025/04/Marines.jpg"" alt="""" width=""10"" height=""10"" class=""alignnone size-full wp-image-6240"" />",<a href=https://npb.jp/bis/eng/teams/index_m.html>Lotte</a>,PL
,<a href=https://npb.jp/bis/eng/players/01005157.html>Tanaka Haruya</a>,2,1,1,0,0,0,0,51,12.0,11,1,15,3,0,1,0,2,2,1.50,2.74,2.45,1.17,200,81,68,-1.24,2.0%,29.4%,5.9%,23.5%,21,R,"<img src=""https://www.yakyucosmo.com/wp-content/uploads/2025/04/Marines.jpg"" alt="""" width=""10"" height=""10"" class=""alignnone size-full wp-image-6240"" />",<a href=https://npb.jp/bis/eng/teams/index_m.html>Lotte</a>,PL
,<a href=https://npb.jp/bis/eng/players/71275134.html>Taneichi Atsuki</a>,3,1,1,0,0,0,0,80,18.1,19,1,11,6,0,0,1,12,8,3.93,3.65,4.18,1.36,76,107,116,0.28,1.2%,13.8%,7.5%,6.3%,26,R,"<img src=""https://www.yakyucosmo.com/wp-content/uploads/2025/04/Marines.jpg"" alt="""" width=""10"" height=""10"" class=""alignnone size-full wp-image-6240"" />",<a href=https://npb.jp/bis/eng/teams/index_m.html>Lotte</a>,PL
,<a href=https://npb.jp/bis/eng/players/33035150.html>Voth Austin</a>,2,0,1,0,0,0,0,43,9.0,14,1,9,4,0,0,1,7,7,7.00,3.94,3.64,2.00,43,116,101,3.06,2.3%,20.9%,9.3%,11.6%,33,R,"<img src=""https://www.yakyucosmo.com/wp-content/uploads/2025/04/Marines.jpg"" alt="""" width=""10"" height=""10"" class=""alignnone size-full wp-image-6240"" />",<a href=https://npb.jp/bis/eng/teams/index_m.html>Lotte</a>,PL
,<a href=https://npb.jp/bis/eng/players/23125151.html>Yokoyama Rikuto</a>,5,0,0,0,1,0,0,21,4.2,7,0,4,0,0,0,0,3,2,3.86,1.44,2.90,1.50,78,42,80,2.42,0.0%,19.0%,0.0%,19.0%,23,R,"<img src=""https://www.yakyucosmo.com/wp-content/uploads/2025/04/Marines.jpg"" alt="""" width=""10"" height=""10"" class=""alignnone size-full wp-image-6240"" />",<a href=https://npb.jp/bis/eng/teams/index_m.html>Lotte</a>,PL
,<a href=https://npb.jp/bis/eng/players/51155130.html>Arihara Kohei</a>,3,0,2,0,0,0,0,79,17.0,24,2,8,5,0,1,0,16,16,8.47,4.81,4.42,1.71,35,142,122,3.66,2.5%,10.1%,6.3%,3.8%,32,R,"<img src=""https://www.yakyucosmo.com/wp-content/uploads/2025/04/Hawks.jpg"" alt="""" width=""10"" height=""10"" class=""alignnone size-full wp-image-6220"" /> ",<a href=https://npb.jp/bis/eng/teams/index_h.html>SoftBank</a>,PL
,<a href=https://npb.jp/bis/eng/players/51655130.html>Fujii Kouya</a>,5,0,1,0,2,0,0,20,5.0,5,1,6,1,0,0,0,2,2,3.60,3.96,2.30,1.20,83,117,64,-0.36,5.0%,30.0%,5.0%,25.0%,28,R,"<img src=""https://www.yakyucosmo.com/wp-content/uploads/2025/04/Hawks.jpg"" alt="""" width=""10"" height=""10"" class=""alignnone size-full wp-image-6220"" /> ",<a href=https://npb.jp/bis/eng/teams/index_h.html>SoftBank</a>,PL
,<a href=https://npb.jp/bis/eng/players/33435157.html>Hernandez Darwinzon</a>,6,0,2,0,2,0,0,24,4.2,9,0,4,2,0,0,0,6,6,11.57,2.73,3.97,2.36,26,81,110,8.84,0.0%,16.7%,8.3%,8.4%,28,L,"<img src=""https://www.yakyucosmo.com/wp-content/uploads/2025/04/Hawks.jpg"" alt="""" width=""10"" height=""10"" class=""alignnone size-full wp-image-6220"" /> ",<a href=https://npb.jp/bis/eng/teams/index_h.html>SoftBank</a>,PL
,<a href=https://npb.jp/bis/eng/players/51355159.html>Iwai Shunsuke</a>,1,0,0,0,0,0,0,10,2.0,3,0,0,0,0,1,0,1,1,4.50,4.66,4.80,1.50,66,138,133,-0.16,0.0%,0.0%,0.0%,0.0%,23,R,"<img src=""https://www.yakyucosmo.com/wp-content/uploads/2025/04/Hawks.jpg"" alt="""" width=""10"" height=""10"" class=""alignnone size-full wp-image-6220"" /> ",<a href=https://npb.jp/bis/eng/teams/index_h.html>SoftBank</a>,PL
,<a href=https://npb.jp/bis/eng/players/71875157.html>Maeda Jun</a>,3,0,1,0,0,0,0,64,15.1,13,1,7,4,0,1,0,3,2,1.17,4.07,4.33,1.11,255,120,120,-2.90,1.6%,10.9%,6.2%,4.7%,25,L,"<img src=""https://www.yakyucosmo.com/wp-content/uploads/2025/04/Hawks.jpg"" alt="""" width=""10"" height=""10"" class=""alignnone size-full wp-image-6220"" /> ",<a href=https://npb.jp/bis/eng/teams/index_h.html>SoftBank</a>,PL
,<a href=https://npb.jp/bis/eng/players/41845157.html>Matsumoto Haru</a>,4,0,0,0,1,0,0,23,5.2,4,0,8,1,0,1,2,0,0,0.00,1.39,1.76,0.88,999,41,49,-1.39,0.0%,34.8%,4.3%,30.5%,24,L,"<img src=""https://www.yakyucosmo.com/wp-content/uploads/2025/04/Hawks.jpg"" alt="""" width=""10"" height=""10"" class=""alignnone size-full wp-image-6220"" /> ",<a href=https://npb.jp/bis/eng/teams/index_h.html>SoftBank</a>,PL
,<a href=https://npb.jp/bis/eng/players/61665130.html>Matsumoto Yuki</a>,6,0,0,0,5,0,0,24,6.0,4,0,6,2,1,1,1,1,1,1.50,2.66,3.13,1.00,199,79,87,-1.16,0.0%,25.0%,8.3%,16.7%,29,R,"<img src=""https://www.yakyucosmo.com/wp-content/uploads/2025/04/Hawks.jpg"" alt="""" width=""10"" height=""10"" class=""alignnone size-full wp-image-6220"" /> ",<a href=https://npb.jp/bis/eng/teams/index_h.html>SoftBank</a>,PL
,<a href=https://npb.jp/bis/eng/players/63965134.html>Moinelo Livan</a>,3,2,0,0,0,0,0,70,19.0,11,2,22,2,0,2,0,2,2,0.95,2.84,1.94,0.68,314,84,54,-1.89,2.9%,31.4%,2.9%,28.5%,29,L,"<img src=""https://www.yakyucosmo.com/wp-content/uploads/2025/04/Hawks.jpg"" alt="""" width=""10"" height=""10"" class=""alignnone size-full wp-image-6220"" /> ",<a href=https://npb.jp/bis/eng/teams/index_h.html>SoftBank</a>,PL
,<a href=https://npb.jp/bis/eng/players/61365136.html>Ogata Shuto</a>,6,0,0,0,1,0,0,24,4.1,8,1,3,2,0,0,0,4,4,8.31,6.16,4.38,2.31,36,182,121,2.15,4.2%,12.5%,8.3%,4.2%,26,R,"<img src=""https://www.yakyucosmo.com/wp-content/uploads/2025/04/Hawks.jpg"" alt="""" width=""10"" height=""10"" class=""alignnone size-full wp-image-6220"" /> ",<a href=https://npb.jp/bis/eng/teams/index_h.html>SoftBank</a>,PL
,<a href=https://npb.jp/bis/eng/players/01305157.html>Ohtsu Ryosuke</a>,1,0,0,0,0,0,0,21,4.1,7,1,2,1,0,0,0,5,4,8.31,5.93,4.32,1.85,36,175,120,2.38,4.8%,9.5%,4.8%,4.7%,26,R,"<img src=""https://www.yakyucosmo.com/wp-content/uploads/2025/04/Hawks.jpg"" alt="""" width=""10"" height=""10"" class=""alignnone size-full wp-image-6220"" /> ",<a href=https://npb.jp/bis/eng/teams/index_h.html>SoftBank</a>,PL
,<a href=https://npb.jp/bis/eng/players/11515159.html>Ohyama Ryo</a>,6,0,0,0,0,0,0,34,7.2,9,0,5,2,0,0,0,1,1,1.17,2.64,3.92,1.43,255,78,109,-1.47,0.0%,14.7%,5.9%,8.8%,23,R,"<img src=""https://www.yakyucosmo.com/wp-content/uploads/2025/04/Hawks.jpg"" alt="""" width=""10"" height=""10"" class=""alignnone size-full wp-image-6220"" /> ",<a href=https://npb.jp/bis/eng/teams/index_h.html>SoftBank</a>,PL
,<a href=https://npb.jp/bis/eng/players/01505151.html>Ohzeki Tomohisa</a>,3,1,0,0,0,0,0,68,18.0,8,2,11,5,0,1,0,5,5,2.50,4.38,3.92,0.72,119,129,109,-1.88,2.9%,16.2%,7.4%,8.8%,27,L,"<img src=""https://www.yakyucosmo.com/wp-content/uploads/2025/04/Hawks.jpg"" alt="""" width=""10"" height=""10"" class=""alignnone size-full wp-image-6220"" /> ",<a href=https://npb.jp/bis/eng/teams/index_h.html>SoftBank</a>,PL
,<a href=https://npb.jp/bis/eng/players/13415155.html>Osuna Roberto</a>,8,1,1,1,2,0,0,39,8.0,12,1,4,1,1,2,0,7,7,7.88,4.91,4.03,1.62,38,145,112,2.97,2.6%,10.3%,2.6%,7.7%,30,R,"<img src=""https://www.yakyucosmo.com/wp-content/uploads/2025/04/Hawks.jpg"" alt="""" width=""10"" height=""10"" class=""alignnone size-full wp-image-6220"" /> ",<a href=https://npb.jp/bis/eng/teams/index_h.html>SoftBank</a>,PL
,<a href=https://npb.jp/bis/eng/players/91995138.html>Sugiyama Kazuki</a>,8,0,1,1,3,0,0,34,8.0,6,1,8,5,0,0,2,3,2,2.25,4.66,3.92,1.38,133,138,109,-2.41,2.9%,23.5%,14.7%,8.8%,27,R,"<img src=""https://www.yakyucosmo.com/wp-content/uploads/2025/04/Hawks.jpg"" alt="""" width=""10"" height=""10"" class=""alignnone size-full wp-image-6220"" /> ",<a href=https://npb.jp/bis/eng/teams/index_h.html>SoftBank</a>,PL
,<a href=https://npb.jp/bis/eng/players/81285151.html>Tsumori Yuki</a>,6,1,0,0,0,0,0,35,8.0,6,0,6,3,1,2,0,1,1,1.13,3.53,3.94,1.12,264,104,109,-2.40,0.0%,17.1%,8.6%,8.5%,27,R,"<img src=""https://www.yakyucosmo.com/wp-content/uploads/2025/04/Hawks.jpg"" alt="""" width=""10"" height=""10"" class=""alignnone size-full wp-image-6220"" /> ",<a href=https://npb.jp/bis/eng/teams/index_h.html>SoftBank</a>,PL
,<a href=https://npb.jp/bis/eng/players/51355135.html>Uwasawa Naoyuki</a>,3,1,1,0,0,0,0,66,16.0,17,2,12,4,0,0,0,8,6,3.38,4.03,3.59,1.31,88,119,99,-0.65,3.0%,18.2%,6.1%,12.1%,31,R,"<img src=""https://www.yakyucosmo.com/wp-content/uploads/2025/04/Hawks.jpg"" alt="""" width=""10"" height=""10"" class=""alignnone size-full wp-image-6220"" /> ",<a href=https://npb.jp/bis/eng/teams/index_h.html>SoftBank</a>,PL
,<a href=https://npb.jp/bis/eng/players/11515150.html>Ehara Masahiro</a>,6,0,1,0,0,0,0,28,6.0,7,0,5,3,0,0,0,1,0,0.00,2.99,4.09,1.67,999,93,113,-2.99,0.0%,17.9%,10.7%,7.2%,24,R,"<img src=""https://www.yakyucosmo.com/wp-content/uploads/2025/04/Eagles.jpg"" alt="""" width=""10"" height=""10"" class=""alignnone size-full wp-image-6218"" />",<a href=https://npb.jp/bis/eng/teams/index_e.html>Rakuten</a>,PL
,<a href=https://npb.jp/bis/eng/players/61665134.html>Fujihira Shoma</a>,5,0,0,0,4,0,0,18,5.0,2,1,5,1,1,0,0,1,1,1.80,4.36,2.58,0.60,158,135,71,-2.56,5.6%,27.8%,5.6%,22.2%,26,R,"<img src=""https://www.yakyucosmo.com/wp-content/uploads/2025/04/Eagles.jpg"" alt="""" width=""10"" height=""10"" class=""alignnone size-full wp-image-6218"" />",<a href=https://npb.jp/bis/eng/teams/index_e.html>Rakuten</a>,PL
,<a href=https://npb.jp/bis/eng/players/71875153.html>Fujii Masaru</a>,2,0,0,0,0,0,0,47,11.1,8,1,10,5,0,1,0,3,2,1.59,4.13,3.74,1.15,179,128,104,-2.54,2.1%,21.3%,10.6%,10.7%,28,L,"<img src=""https://www.yakyucosmo.com/wp-content/uploads/2025/04/Eagles.jpg"" alt="""" width=""10"" height=""10"" class=""alignnone size-full wp-image-6218"" />",<a href=https://npb.jp/bis/eng/teams/index_e.html>Rakuten</a>,PL
,<a href=https://npb.jp/bis/eng/players/31835153.html>Hayakawa Takahisa</a>,3,1,1,0,0,0,0,74,18.2,14,3,12,5,0,1,3,7,6,2.89,4.93,3.85,1.02,98,153,107,-2.04,4.1%,16.2%,6.8%,9.4%,26,L,"<img src=""https://www.yakyucosmo.com/wp-content/uploads/2025/04/Eagles.jpg"" alt="""" width=""10"" height=""10"" class=""alignnone size-full wp-image-6218"" />",<a href=https://npb.jp/bis/eng/teams/index_e.html>Rakuten</a>,PL
,<a href=https://npb.jp/bis/eng/players/21525139.html>Kajiya Ren</a>,5,0,0,0,0,0,0,20,4.2,5,0,4,2,0,0,0,1,1,1.93,2.73,3.80,1.50,147,85,105,-0.80,0.0%,20.0%,10.0%,10.0%,33,R,"<img src=""https://www.yakyucosmo.com/wp-content/uploads/2025/04/Eagles.jpg"" alt="""" width=""10"" height=""10"" class=""alignnone size-full wp-image-6218"" />",<a href=https://npb.jp/bis/eng/teams/index_e.html>Rakuten</a>,PL
,<a href=https://npb.jp/bis/eng/players/01505118.html>Karashima Wataru</a>,2,0,2,0,0,0,0,32,6.0,15,1,1,1,0,0,0,7,7,10.50,5.49,4.80,2.67,27,170,133,5.01,3.1%,3.1%,3.1%,0.0%,34,L,"<img src=""https://www.yakyucosmo.com/wp-content/uploads/2025/04/Eagles.jpg"" alt="""" width=""10"" height=""10"" class=""alignnone size-full wp-image-6218"" />",<a href=https://npb.jp/bis/eng/teams/index_e.html>Rakuten</a>,PL
,<a href=https://npb.jp/bis/eng/players/91795114.html>Kishi Takayuki</a>,3,1,1,0,0,0,0,73,16.2,20,2,12,3,0,1,0,12,12,6.48,4.00,3.57,1.38,44,124,99,2.48,2.7%,16.4%,4.1%,12.3%,40,R,"<img src=""https://www.yakyucosmo.com/wp-content/uploads/2025/04/Eagles.jpg"" alt="""" width=""10"" height=""10"" class=""alignnone size-full wp-image-6218"" />",<a href=https://npb.jp/bis/eng/teams/index_e.html>Rakuten</a>,PL
,<a href=https://npb.jp/bis/eng/players/21725159.html>Koja Tatsuki</a>,3,1,1,0,0,1,1,75,19.0,13,1,10,4,0,1,0,5,5,2.37,3.58,4.00,0.89,120,111,111,-1.21,1.3%,13.3%,5.3%,8.0%,23,L,"<img src=""https://www.yakyucosmo.com/wp-content/uploads/2025/04/Eagles.jpg"" alt="""" width=""10"" height=""10"" class=""alignnone size-full wp-image-6218"" />",<a href=https://npb.jp/bis/eng/teams/index_e.html>Rakuten</a>,PL
,<a href=https://npb.jp/bis/eng/players/21725139.html>Konno Ryuta</a>,6,0,0,0,2,0,0,25,6.1,4,2,5,2,0,0,0,2,2,2.84,6.63,3.60,0.95,100,206,100,-3.79,8.0%,20.0%,8.0%,12.0%,30,R,"<img src=""https://www.yakyucosmo.com/wp-content/uploads/2025/04/Eagles.jpg"" alt="""" width=""10"" height=""10"" class=""alignnone size-full wp-image-6218"" />",<a href=https://npb.jp/bis/eng/teams/index_e.html>Rakuten</a>,PL
,<a href=https://npb.jp/bis/eng/players/73175159.html>Matsuda Takuma</a>,1,0,0,0,0,0,0,3,1.0,0,0,0,1,0,0,0,0,0,0.00,6.16,8.13,1.00,999,191,225,-6.16,0.0%,0.0%,33.3%,-33.3%,23,R,"<img src=""https://www.yakyucosmo.com/wp-content/uploads/2025/04/Eagles.jpg"" alt="""" width=""10"" height=""10"" class=""alignnone size-full wp-image-6218"" />",<a href=https://npb.jp/bis/eng/teams/index_e.html>Rakuten</a>,PL
,<a href=https://npb.jp/bis/eng/players/13115155.html>Matsui Tomotaka</a>,4,1,1,0,1,0,0,46,10.0,15,1,4,5,0,0,0,6,6,5.40,5.16,5.02,2.00,53,160,139,0.24,2.2%,8.7%,10.9%,-2.2%,25,R,"<img src=""https://www.yakyucosmo.com/wp-content/uploads/2025/04/Eagles.jpg"" alt="""" width=""10"" height=""10"" class=""alignnone size-full wp-image-6218"" />",<a href=https://npb.jp/bis/eng/teams/index_e.html>Rakuten</a>,PL
,<a href=https://npb.jp/bis/eng/players/13315155.html>Miyamori Satoshi</a>,1,0,0,0,0,0,0,13,2.0,5,0,1,3,0,0,0,4,4,18.00,6.66,6.34,4.00,16,207,176,11.34,0.0%,7.7%,23.1%,-15.4%,27,R,"<img src=""https://www.yakyucosmo.com/wp-content/uploads/2025/04/Eagles.jpg"" alt="""" width=""10"" height=""10"" class=""alignnone size-full wp-image-6218"" />",<a href=https://npb.jp/bis/eng/teams/index_e.html>Rakuten</a>,PL
,<a href=https://npb.jp/bis/eng/players/61465155.html>Nishigaki Masaya</a>,5,0,0,0,0,0,0,32,7.1,7,0,7,1,0,2,0,1,1,1.23,2.48,2.92,1.09,231,77,81,-1.25,0.0%,21.9%,3.1%,18.8%,26,R,"<img src=""https://www.yakyucosmo.com/wp-content/uploads/2025/04/Eagles.jpg"" alt="""" width=""10"" height=""10"" class=""alignnone size-full wp-image-6218"" />",<a href=https://npb.jp/bis/eng/teams/index_e.html>Rakuten</a>,PL
,<a href=https://npb.jp/bis/eng/players/41445134.html>Nishiguchi Naoto</a>,5,0,0,0,3,0,0,17,4.1,3,0,8,2,0,0,0,0,0,0.00,0.85,1.27,1.15,999,26,35,-0.85,0.0%,47.1%,11.8%,35.3%,28,R,"<img src=""https://www.yakyucosmo.com/wp-content/uploads/2025/04/Eagles.jpg"" alt="""" width=""10"" height=""10"" class=""alignnone size-full wp-image-6218"" />",<a href=https://npb.jp/bis/eng/teams/index_e.html>Rakuten</a>,PL
,<a href=https://npb.jp/bis/eng/players/51055137.html>Norimoto Takahiro</a>,6,2,1,3,0,0,0,26,5.2,7,0,5,3,0,0,0,3,3,4.76,2.98,4.03,1.76,60,93,112,1.78,0.0%,19.2%,11.5%,7.7%,34,R,"<img src=""https://www.yakyucosmo.com/wp-content/uploads/2025/04/Eagles.jpg"" alt="""" width=""10"" height=""10"" class=""alignnone size-full wp-image-6218"" />",<a href=https://npb.jp/bis/eng/teams/index_e.html>Rakuten</a>,PL
,<a href=https://npb.jp/bis/eng/players/01905138.html>Suzuki Sora</a>,6,0,1,1,3,0,0,25,5.2,5,0,7,3,0,0,0,2,2,3.18,2.28,3.20,1.41,89,71,89,0.90,0.0%,28.0%,12.0%,16.0%,28,L,"<img src=""https://www.yakyucosmo.com/wp-content/uploads/2025/04/Eagles.jpg"" alt="""" width=""10"" height=""10"" class=""alignnone size-full wp-image-6218"" />",<a href=https://npb.jp/bis/eng/teams/index_e.html>Rakuten</a>,PL
,<a href=https://npb.jp/bis/eng/players/31235151.html>Takinaka Ryota</a>,1,1,0,0,0,0,0,21,5.0,4,0,2,1,0,1,0,1,1,1.80,3.56,4.32,1.00,158,111,120,-1.76,0.0%,9.5%,4.8%,4.7%,30,R,"<img src=""https://www.yakyucosmo.com/wp-content/uploads/2025/04/Eagles.jpg"" alt="""" width=""10"" height=""10"" class=""alignnone size-full wp-image-6218"" />",<a href=https://npb.jp/bis/eng/teams/index_e.html>Rakuten</a>,PL
,<a href=https://npb.jp/bis/eng/players/13015155.html>Turley Nik</a>,2,0,0,0,0,0,0,7,1.1,2,0,1,1,0,0,0,1,1,6.75,3.91,4.80,2.25,42,121,133,2.84,0.0%,14.3%,14.3%,0.0%,35,L,"<img src=""https://www.yakyucosmo.com/wp-content/uploads/2025/04/Eagles.jpg"" alt="""" width=""10"" height=""10"" class=""alignnone size-full wp-image-6218"" />",<a href=https://npb.jp/bis/eng/teams/index_e.html>Rakuten</a>,PL
,<a href=https://npb.jp/bis/eng/players/51555153.html>Uchi Seiryu</a>,3,0,0,1,0,0,0,26,5.2,6,0,3,3,0,0,0,2,2,3.18,3.69,4.80,1.59,89,115,133,-0.51,0.0%,11.5%,11.5%,0.0%,23,R,"<img src=""https://www.yakyucosmo.com/wp-content/uploads/2025/04/Eagles.jpg"" alt="""" width=""10"" height=""10"" class=""alignnone size-full wp-image-6218"" />",<a href=https://npb.jp/bis/eng/teams/index_e.html>Rakuten</a>,PL
,<a href=https://npb.jp/bis/eng/players/33035159.html>Yajure Miguel</a>,1,0,0,0,0,0,0,8,2.0,2,0,2,0,0,0,0,0,0,0.00,1.16,2.30,1.00,999,36,64,-1.16,0.0%,25.0%,0.0%,25.0%,27,R,"<img src=""https://www.yakyucosmo.com/wp-content/uploads/2025/04/Eagles.jpg"" alt="""" width=""10"" height=""10"" class=""alignnone size-full wp-image-6218"" />",<a href=https://npb.jp/bis/eng/teams/index_e.html>Rakuten</a>,PL
,<a href=https://npb.jp/bis/eng/players/51655155.html>Hada Shinnosuke</a>,4,0,1,0,0,0,0,19,3.0,6,0,2,4,0,1,1,4,4,12.00,6.83,5.85,3.33,24,208,162,5.17,0.0%,10.5%,21.1%,-10.6%,21,L,"<img src=""https://www.yakyucosmo.com/wp-content/uploads/2025/04/Lions.jpg"" alt="""" width=""10"" height=""10"" class=""alignnone size-full wp-image-6219"" />",<a href=https://npb.jp/bis/eng/teams/index_l.html>Seibu</a>,PL
,<a href=https://npb.jp/bis/eng/players/31335134.html>Imai Tatsuya</a>,3,1,1,0,0,1,0,88,24.0,13,2,17,6,0,0,0,2,2,0.75,3.58,3.55,0.79,386,109,98,-2.83,2.3%,19.3%,6.8%,12.5%,27,R,"<img src=""https://www.yakyucosmo.com/wp-content/uploads/2025/04/Lions.jpg"" alt="""" width=""10"" height=""10"" class=""alignnone size-full wp-image-6219"" />",<a href=https://npb.jp/bis/eng/teams/index_l.html>Seibu</a>,PL
,<a href=https://npb.jp/bis/eng/players/51555138.html>Kaino Hiroshi</a>,5,0,1,0,1,0,0,21,4.2,3,1,3,3,0,1,0,2,2,3.86,7.23,4.80,1.29,75,220,133,-3.37,4.8%,14.3%,14.3%,0.0%,28,R,"<img src=""https://www.yakyucosmo.com/wp-content/uploads/2025/04/Lions.jpg"" alt="""" width=""10"" height=""10"" class=""alignnone size-full wp-image-6219"" />",<a href=https://npb.jp/bis/eng/teams/index_l.html>Seibu</a>,PL
,<a href=https://npb.jp/bis/eng/players/21725155.html>Kuroda Masaya</a>,3,0,0,0,0,0,0,17,3.0,5,0,4,3,0,0,0,3,3,9.00,3.49,4.21,2.67,32,106,117,5.51,0.0%,23.5%,17.6%,5.9%,21,R,"<img src=""https://www.yakyucosmo.com/wp-content/uploads/2025/04/Lions.jpg"" alt="""" width=""10"" height=""10"" class=""alignnone size-full wp-image-6219"" />",<a href=https://npb.jp/bis/eng/teams/index_l.html>Seibu</a>,PL
,<a href=https://npb.jp/bis/eng/players/51755134.html>Kuroki Yuta</a>,5,1,0,0,0,0,0,20,4.1,5,0,1,2,0,0,1,5,5,10.38,4.08,5.30,1.62,28,124,147,6.30,0.0%,5.0%,10.0%,-5.0%,30,R,"<img src=""https://www.yakyucosmo.com/wp-content/uploads/2025/04/Lions.jpg"" alt="""" width=""10"" height=""10"" class=""alignnone size-full wp-image-6219"" />",<a href=https://npb.jp/bis/eng/teams/index_l.html>Seibu</a>,PL
,<a href=https://npb.jp/bis/eng/players/73975150.html>Ramirez Emmanuel</a>,6,0,0,0,0,0,0,26,6.0,6,1,5,2,0,0,0,2,2,3.00,4.66,3.65,1.33,97,142,101,-1.66,3.8%,19.2%,7.7%,11.5%,30,R,"<img src=""https://www.yakyucosmo.com/wp-content/uploads/2025/04/Lions.jpg"" alt="""" width=""10"" height=""10"" class=""alignnone size-full wp-image-6219"" />",<a href=https://npb.jp/bis/eng/teams/index_l.html>Seibu</a>,PL
,<a href=https://npb.jp/bis/eng/players/41945155.html>Sato Shunsuke</a>,5,0,1,0,3,0,0,20,4.1,5,0,2,2,0,1,0,2,2,4.15,4.31,4.80,1.62,70,131,133,-0.16,0.0%,10.0%,10.0%,0.0%,25,L,"<img src=""https://www.yakyucosmo.com/wp-content/uploads/2025/04/Lions.jpg"" alt="""" width=""10"" height=""10"" class=""alignnone size-full wp-image-6219"" />",<a href=https://npb.jp/bis/eng/teams/index_l.html>Seibu</a>,PL
,<a href=https://npb.jp/bis/eng/players/71075155.html>Sugai Shinya</a>,2,2,0,0,0,0,0,50,12.2,6,0,9,8,0,0,0,0,0,0.00,3.63,4.60,1.11,999,110,127,-3.63,0.0%,18.0%,16.0%,2.0%,22,L,"<img src=""https://www.yakyucosmo.com/wp-content/uploads/2025/04/Lions.jpg"" alt="""" width=""10"" height=""10"" class=""alignnone size-full wp-image-6219"" />",<a href=https://npb.jp/bis/eng/teams/index_l.html>Seibu</a>,PL
,<a href=https://npb.jp/bis/eng/players/21025155.html>Sumida Chihiro</a>,2,2,0,0,0,0,0,54,15.0,9,0,10,2,0,0,0,2,2,1.20,2.23,3.32,0.73,242,68,92,-1.03,0.0%,18.5%,3.7%,14.8%,25,L,"<img src=""https://www.yakyucosmo.com/wp-content/uploads/2025/04/Lions.jpg"" alt="""" width=""10"" height=""10"" class=""alignnone size-full wp-image-6219"" />",<a href=https://npb.jp/bis/eng/teams/index_l.html>Seibu</a>,PL
,<a href=https://npb.jp/bis/eng/players/31035136.html>Taira Kaima</a>,6,0,0,3,2,0,0,28,6.0,6,0,6,3,0,1,0,2,2,3.00,3.16,3.73,1.50,97,96,103,-0.16,0.0%,21.4%,10.7%,10.7%,25,R,"<img src=""https://www.yakyucosmo.com/wp-content/uploads/2025/04/Lions.jpg"" alt="""" width=""10"" height=""10"" class=""alignnone size-full wp-image-6219"" />",<a href=https://npb.jp/bis/eng/teams/index_l.html>Seibu</a>,PL
,<a href=https://npb.jp/bis/eng/players/71075130.html>Takahashi Kona</a>,3,0,2,0,0,0,0,72,17.0,15,2,8,6,0,1,1,8,7,3.71,4.98,4.52,1.24,78,152,125,-1.27,2.8%,11.1%,8.3%,2.8%,28,R,"<img src=""https://www.yakyucosmo.com/wp-content/uploads/2025/04/Lions.jpg"" alt="""" width=""10"" height=""10"" class=""alignnone size-full wp-image-6219"" />",<a href=https://npb.jp/bis/eng/teams/index_l.html>Seibu</a>,PL
,<a href=https://npb.jp/bis/eng/players/91395159.html>Ueda Taiga</a>,2,0,0,0,0,0,0,45,10.2,12,1,3,2,0,1,0,2,2,1.69,4.66,4.58,1.31,171,142,127,-2.97,2.2%,6.7%,4.4%,2.3%,23,R,"<img src=""https://www.yakyucosmo.com/wp-content/uploads/2025/04/Lions.jpg"" alt="""" width=""10"" height=""10"" class=""alignnone size-full wp-image-6219"" />",<a href=https://npb.jp/bis/eng/teams/index_l.html>Seibu</a>,PL
,<a href=https://npb.jp/bis/eng/players/53155138.html>Watanabe Yutaro</a>,3,1,1,0,0,0,0,69,16.1,17,1,7,4,0,0,1,11,8,4.41,3.83,4.37,1.29,66,117,121,0.58,1.4%,10.1%,5.8%,4.3%,24,R,"<img src=""https://www.yakyucosmo.com/wp-content/uploads/2025/04/Lions.jpg"" alt="""" width=""10"" height=""10"" class=""alignnone size-full wp-image-6219"" />",<a href=https://npb.jp/bis/eng/teams/index_l.html>Seibu</a>,PL
,<a href=https://npb.jp/bis/eng/players/53555150.html>Wingenter Trey</a>,6,0,1,0,3,0,0,24,6.0,4,0,10,2,0,0,0,1,1,1.50,0.83,1.47,1.00,193,25,41,0.67,0.0%,41.7%,8.3%,33.4%,31,R,"<img src=""https://www.yakyucosmo.com/wp-content/uploads/2025/04/Lions.jpg"" alt="""" width=""10"" height=""10"" class=""alignnone size-full wp-image-6219"" />",<a href=https://npb.jp/bis/eng/teams/index_l.html>Seibu</a>,PL
,<a href=https://npb.jp/bis/eng/players/43345157.html>Yamada Haruto</a>,3,0,0,0,0,0,0,11,2.2,3,0,2,0,0,0,0,0,0,0.00,1.66,2.98,1.13,999,51,83,-1.66,0.0%,18.2%,0.0%,18.2%,21,R,"<img src=""https://www.yakyucosmo.com/wp-content/uploads/2025/04/Lions.jpg"" alt="""" width=""10"" height=""10"" class=""alignnone size-full wp-image-6219"" />",<a href=https://npb.jp/bis/eng/teams/index_l.html>Seibu</a>,PL
,<a href=https://npb.jp/bis/eng/players/21025137.html>Fukutani Koji</a>,6,1,0,0,1,0,0,28,6.0,9,2,3,1,0,0,1,5,2,3.00,6.99,4.09,1.67,101,204,113,-3.99,7.1%,10.7%,3.6%,7.1%,34,R,"<img src=""https://www.yakyucosmo.com/wp-content/uploads/2025/04/Fighters.jpg"" alt="""" width=""10"" height=""10"" class=""alignnone size-full wp-image-6217"" />",<a href=https://npb.jp/bis/eng/teams/index_f.html>Nipponham</a>,PL
,<a href=https://npb.jp/bis/eng/players/01105134.html>Ikeda Takahide</a>,5,0,1,0,3,0,0,20,5.0,5,0,2,0,0,0,1,1,1,1.80,2.36,3.80,1.00,168,69,105,-0.56,0.0%,10.0%,0.0%,10.0%,30,R,"<img src=""https://www.yakyucosmo.com/wp-content/uploads/2025/04/Fighters.jpg"" alt="""" width=""10"" height=""10"" class=""alignnone size-full wp-image-6217"" />",<a href=https://npb.jp/bis/eng/teams/index_f.html>Nipponham</a>,PL
,<a href=https://npb.jp/bis/eng/players/51355153.html>Itoh Hiromi</a>,3,2,1,0,0,1,0,84,21.0,18,4,25,3,0,0,1,10,10,4.29,3.68,2.18,1.00,70,108,60,0.61,4.8%,29.8%,3.6%,26.2%,27,R,"<img src=""https://www.yakyucosmo.com/wp-content/uploads/2025/04/Fighters.jpg"" alt="""" width=""10"" height=""10"" class=""alignnone size-full wp-image-6217"" />",<a href=https://npb.jp/bis/eng/teams/index_f.html>Nipponham</a>,PL
,<a href=https://npb.jp/bis/eng/players/51555157.html>Kanemura Shoma</a>,3,1,1,0,0,1,1,79,19.0,18,1,9,6,0,0,1,5,5,2.37,3.84,4.42,1.26,127,112,122,-1.47,1.3%,11.4%,7.6%,3.8%,24,R,"<img src=""https://www.yakyucosmo.com/wp-content/uploads/2025/04/Fighters.jpg"" alt="""" width=""10"" height=""10"" class=""alignnone size-full wp-image-6217"" />",<a href=https://npb.jp/bis/eng/teams/index_f.html>Nipponham</a>,PL
,<a href=https://npb.jp/bis/eng/players/41545132.html>Katoh Takayuki</a>,3,1,1,0,0,0,0,70,16.2,18,0,4,0,0,0,0,4,3,1.62,2.68,4.23,1.08,186,78,117,-1.06,0.0%,5.7%,0.0%,5.7%,33,L,"<img src=""https://www.yakyucosmo.com/wp-content/uploads/2025/04/Fighters.jpg"" alt="""" width=""10"" height=""10"" class=""alignnone size-full wp-image-6217"" />",<a href=https://npb.jp/bis/eng/teams/index_f.html>Nipponham</a>,PL
,<a href=https://npb.jp/bis/eng/players/81785151.html>Kawano Ryusei</a>,6,0,0,0,4,0,0,18,4.2,1,0,5,2,0,2,1,0,0,0.00,3.59,3.13,0.64,999,105,87,-3.59,0.0%,27.8%,11.1%,16.7%,27,L,"<img src=""https://www.yakyucosmo.com/wp-content/uploads/2025/04/Fighters.jpg"" alt="""" width=""10"" height=""10"" class=""alignnone size-full wp-image-6217"" />",<a href=https://npb.jp/bis/eng/teams/index_f.html>Nipponham</a>,PL
,<a href=https://npb.jp/bis/eng/players/51755155.html>Kitayama Koki</a>,2,2,0,0,0,0,0,47,11.0,8,0,12,7,0,1,0,1,1,0.82,3.16,3.74,1.36,368,92,104,-2.34,0.0%,25.5%,14.9%,10.6%,26,R,"<img src=""https://www.yakyucosmo.com/wp-content/uploads/2025/04/Fighters.jpg"" alt="""" width=""10"" height=""10"" class=""alignnone size-full wp-image-6217"" />",<a href=https://npb.jp/bis/eng/teams/index_f.html>Nipponham</a>,PL
,<a href=https://npb.jp/bis/eng/players/61665151.html>Matsuoka Koki</a>,3,0,0,0,0,0,0,22,4.0,8,1,5,2,0,0,0,4,3,6.75,5.41,3.44,2.50,45,158,95,1.34,4.5%,22.7%,9.1%,13.6%,24,R,"<img src=""https://www.yakyucosmo.com/wp-content/uploads/2025/04/Fighters.jpg"" alt="""" width=""10"" height=""10"" class=""alignnone size-full wp-image-6217"" />",<a href=https://npb.jp/bis/eng/teams/index_f.html>Nipponham</a>,PL
,<a href=https://npb.jp/bis/eng/players/41445116.html>Miyanishi Naoki</a>,5,0,0,0,2,0,0,17,4.1,3,0,0,1,0,0,1,1,1,2.08,3.85,5.39,0.92,145,113,149,-1.77,0.0%,0.0%,5.9%,-5.9%,40,L,"<img src=""https://www.yakyucosmo.com/wp-content/uploads/2025/04/Fighters.jpg"" alt="""" width=""10"" height=""10"" class=""alignnone size-full wp-image-6217"" />",<a href=https://npb.jp/bis/eng/teams/index_f.html>Nipponham</a>,PL
,<a href=https://npb.jp/bis/eng/players/41245138.html>Nabatame Tsubasa</a>,4,0,0,0,0,0,0,13,4.1,1,0,1,0,0,0,0,0,0,0.00,2.70,4.03,0.23,999,79,112,-2.70,0.0%,7.7%,0.0%,7.7%,30,R,"<img src=""https://www.yakyucosmo.com/wp-content/uploads/2025/04/Fighters.jpg"" alt="""" width=""10"" height=""10"" class=""alignnone size-full wp-image-6217"" />",<a href=https://npb.jp/bis/eng/teams/index_f.html>Nipponham</a>,PL
,<a href=https://npb.jp/bis/eng/players/21725138.html>Saito Yukiya</a>,4,0,0,1,0,0,0,22,5.0,4,0,2,4,0,0,1,2,2,3.60,4.76,5.71,1.60,84,139,158,-1.16,0.0%,9.1%,18.2%,-9.1%,30,R,"<img src=""https://www.yakyucosmo.com/wp-content/uploads/2025/04/Fighters.jpg"" alt="""" width=""10"" height=""10"" class=""alignnone size-full wp-image-6217"" />",<a href=https://npb.jp/bis/eng/teams/index_f.html>Nipponham</a>,PL
,<a href=https://npb.jp/bis/eng/players/61765139.html>Sugiura Toshihiro</a>,7,1,0,0,0,0,0,25,6.1,5,1,6,2,0,0,0,2,2,2.84,4.26,3.20,1.11,106,125,89,-1.42,4.0%,24.0%,8.0%,16.0%,33,R,"<img src=""https://www.yakyucosmo.com/wp-content/uploads/2025/04/Fighters.jpg"" alt="""" width=""10"" height=""10"" class=""alignnone size-full wp-image-6217"" />",<a href=https://npb.jp/bis/eng/teams/index_f.html>Nipponham</a>,PL
,<a href=https://npb.jp/bis/eng/players/31235134.html>Tanaka Seigi</a>,3,0,0,2,1,0,0,9,3.0,0,0,4,0,0,0,0,0,0,0.00,0.49,0.36,0.00,999,14,10,-0.49,0.0%,44.4%,0.0%,44.4%,30,R,"<img src=""https://www.yakyucosmo.com/wp-content/uploads/2025/04/Fighters.jpg"" alt="""" width=""10"" height=""10"" class=""alignnone size-full wp-image-6217"" />",<a href=https://npb.jp/bis/eng/teams/index_f.html>Nipponham</a>,PL
,<a href=https://npb.jp/bis/eng/players/33735151.html>VerHagen Drew</a>,3,1,2,0,0,0,0,61,14.0,16,2,8,3,0,0,0,10,10,6.43,4.52,3.98,1.36,47,132,110,1.91,3.3%,13.1%,4.9%,8.2%,34,R,"<img src=""https://www.yakyucosmo.com/wp-content/uploads/2025/04/Fighters.jpg"" alt="""" width=""10"" height=""10"" class=""alignnone size-full wp-image-6217"" />",<a href=https://npb.jp/bis/eng/teams/index_f.html>Nipponham</a>,PL
,<a href=https://npb.jp/bis/eng/players/03105136.html>Yamamoto Takumi</a>,4,0,0,0,0,0,0,24,4.2,6,0,6,4,0,0,0,5,4,7.71,3.16,3.97,2.14,39,92,110,4.55,0.0%,25.0%,16.7%,8.3%,25,R,"<img src=""https://www.yakyucosmo.com/wp-content/uploads/2025/04/Fighters.jpg"" alt="""" width=""10"" height=""10"" class=""alignnone size-full wp-image-6217"" />",<a href=https://npb.jp/bis/eng/teams/index_f.html>Nipponham</a>,PL
,<a href=https://npb.jp/bis/eng/players/21825130.html>Yamasaki Sachiya</a>,2,0,1,0,0,0,0,53,14.0,10,0,5,2,0,0,0,3,2,1.29,2.87,4.23,0.86,234,84,117,-1.58,0.0%,9.4%,3.8%,5.6%,32,L,"<img src=""https://www.yakyucosmo.com/wp-content/uploads/2025/04/Fighters.jpg"" alt="""" width=""10"" height=""10"" class=""alignnone size-full wp-image-6217"" />",<a href=https://npb.jp/bis/eng/teams/index_f.html>Nipponham</a>,PL
,<a href=https://npb.jp/bis/eng/players/63365155.html>Yanagawa Taisei</a>,4,0,0,0,1,0,0,16,4.0,2,0,5,2,0,0,0,1,1,2.25,2.16,2.92,1.00,134,63,81,0.09,0.0%,31.2%,12.5%,18.7%,21,R,"<img src=""https://www.yakyucosmo.com/wp-content/uploads/2025/04/Fighters.jpg"" alt="""" width=""10"" height=""10"" class=""alignnone size-full wp-image-6217"" />",<a href=https://npb.jp/bis/eng/teams/index_f.html>Nipponham</a>,PL
