#,Team,G,W,L,T,PCT,GB,RS,RA,Diff,XPCT,Home,Road,vs G,vs T,vs DB,vs C,vs D,vs S
,<a href=https://npb.jp/bis/eng/teams/index_g.html>Yomiuri Giants</a>,3,3,0,0,1.000,--,21,5,16,0.933,3-0,--,--,--,--,--,--,3-0
,<a href=https://npb.jp/bis/eng/teams/index_t.html>Hanshin Tigers</a>,3,2,1,0,0.667,1.0,7,4,3,0.736,--,2-1,--,--,--,2-1,--,--
,<a href=https://npb.jp/bis/eng/teams/index_db.html>DeNA BayStars</a>,3,2,1,0,0.667,1.0,7,2,5,0.908,2-1,--,--,--,--,--,2-1,--
,<a href=https://npb.jp/bis/eng/teams/index_c.html>Hiroshima Carp</a>,3,1,2,0,0.333,2.0,4,7,-3,0.264,1-2,--,--,1-2,--,--,--,--
,<a href=https://npb.jp/bis/eng/teams/index_d.html>Chunichi Dragons</a>,3,1,2,0,0.333,2.0,2,7,-5,0.092,--,1-2,--,--,1-2,--,--,--
,<a href=https://npb.jp/bis/eng/teams/index_s.html>Yakult Swallows</a>,3,0,3,0,0.000,3.0,5,21,-16,0.067,--,0-3,0-3,--,--,--,--,--
