#,,Team,G,W,L,T,PCT,GB,RS,RA,Diff,XPCT,Home,Road,vs F,vs B,vs H,vs L,vs E,vs M,Inter
,"<img src=""https://www.yakyucosmo.com/wp-content/uploads/2025/04/Fighters.jpg"" alt="""" width=""10"" height=""10"" class=""alignnone size-full wp-image-6217"" />",<a href=https://npb.jp/bis/eng/teams/index_f.html>Nipponham Fighters</a>,68,40,26,2,0.606,--,238,182,56,0.620,19-17,21-9(2),--,5-6(1),6-4,5-3,7-3(1),6-4,11-6
,"<img src=""https://www.yakyucosmo.com/wp-content/uploads/2025/04/Buffaloes.jpg"" alt="""" width=""10"" height=""10"" class=""alignnone size-full wp-image-6222"" />",<a href=https://npb.jp/bis/eng/teams/index_b.html>ORIX Buffaloes</a>,66,35,28,3,0.556,3.5,234,237,-3,0.494,18-14(2),17-14(1),6-5(1),--,2-5(2),4-7,6-2,7-2,10-7
,"<img src=""https://www.yakyucosmo.com/wp-content/uploads/2025/04/Hawks.jpg"" alt="""" width=""10"" height=""10"" class=""alignnone size-full wp-image-6220"" /> ",<a href=https://npb.jp/bis/eng/teams/index_h.html>SoftBank Hawks</a>,67,35,29,3,0.547,4.0,252,200,52,0.604,17-16(2),18-13(1),4-6,5-2(2),--,6-6,4-7,5-3,11-5(1)
,"<img src=""https://www.yakyucosmo.com/wp-content/uploads/2025/04/Lions.jpg"" alt="""" width=""10"" height=""10"" class=""alignnone size-full wp-image-6219"" />",<a href=https://npb.jp/bis/eng/teams/index_l.html>Seibu Lions</a>,67,36,31,0,0.537,4.5,181,174,7,0.518,22-13,14-18,3-5,7-4,6-6,--,5-4,6-4,9-8
,"<img src=""https://www.yakyucosmo.com/wp-content/uploads/2025/04/Eagles.jpg"" alt="""" width=""10"" height=""10"" class=""alignnone size-full wp-image-6218"" />",<a href=https://npb.jp/bis/eng/teams/index_e.html>Rakuten Eagles</a>,67,32,33,2,0.492,7.5,183,205,-22,0.448,16-17(1),16-16(1),3-7(1),2-6,7-4,4-5,--,7-4,9-7(1)
,"<img src=""https://www.yakyucosmo.com/wp-content/uploads/2025/04/Marines.jpg"" alt="""" width=""10"" height=""10"" class=""alignnone size-full wp-image-6240"" />",<a href=https://npb.jp/bis/eng/teams/index_m.html>Lotte Marines</a>,64,25,39,0,0.391,14.0,168,227,-59,0.366,14-14,11-25,4-6,2-7,3-5,4-6,4-7,--,8-8
