Rank,Player,G,PA,AB,R,H,2B,3B,HR,TB,RBI,SB,CS,SH,SF,SO,BB,IBB,HP,GDP,AVG,OBP,SLG,OPS,OPS+,ISO,BABIP,TTO%,K%,BB%,BB/K,wSB,Age,Pos,B,,Team,League
,<a href=https://npb.jp/bis/eng/players/71075138.html>Chikamoto Koji</a>,91,418,377,48,109,15,2,3,137,23,23,5,0,2,54,38,1,1,1,0.289,0.354,0.363,0.717,130,0.074,0.329,22.7%,12.9%,9.1%,0.70,1.9,30,8,L,"<img src=""https://www.yakyucosmo.com/wp-content/uploads/2025/04/Tigers.jpg"" alt="""" width=""10"" height=""10"" class=""alignnone size-full wp-image-6224"" />",<a href=https://npb.jp/bis/eng/teams/index_t.html>Hanshin</a>,CL
,<a href=https://npb.jp/bis/eng/players/43145157.html>Morishita Shota</a>,91,402,353,54,92,12,1,16,154,60,4,2,0,3,57,36,4,10,13,0.261,0.343,0.436,0.779,149,0.175,0.269,27.1%,14.2%,9.0%,0.63,-0.3,24,9,R,"<img src=""https://www.yakyucosmo.com/wp-content/uploads/2025/04/Tigers.jpg"" alt="""" width=""10"" height=""10"" class=""alignnone size-full wp-image-6224"" />",<a href=https://npb.jp/bis/eng/teams/index_t.html>Hanshin</a>,CL
,<a href=https://npb.jp/bis/eng/players/41445153.html>Nakano Takumu</a>,91,406,335,45,97,10,2,0,111,19,14,3,31,2,50,35,1,3,4,0.290,0.360,0.331,0.691,123,0.041,0.338,20.9%,12.3%,8.6%,0.70,1.1,29,4,L,"<img src=""https://www.yakyucosmo.com/wp-content/uploads/2025/04/Tigers.jpg"" alt="""" width=""10"" height=""10"" class=""alignnone size-full wp-image-6224"" />",<a href=https://npb.jp/bis/eng/teams/index_t.html>Hanshin</a>,CL
,<a href=https://npb.jp/bis/eng/players/21325134.html>Ohyama Yusuke</a>,91,379,335,26,88,14,1,5,119,44,4,1,0,2,58,41,2,1,12,0.263,0.343,0.355,0.698,124,0.092,0.303,27.4%,15.3%,10.8%,0.71,0.1,30,3,R,"<img src=""https://www.yakyucosmo.com/wp-content/uploads/2025/04/Tigers.jpg"" alt="""" width=""10"" height=""10"" class=""alignnone size-full wp-image-6224"" />",<a href=https://npb.jp/bis/eng/teams/index_t.html>Hanshin</a>,CL
,<a href=https://npb.jp/bis/eng/players/41045153.html>Sato Teruaki</a>,90,385,347,53,100,21,4,26,207,65,8,2,0,1,103,37,6,0,4,0.288,0.356,0.597,0.953,203,0.309,0.338,43.1%,26.8%,9.6%,0.36,0.5,26,5,L,"<img src=""https://www.yakyucosmo.com/wp-content/uploads/2025/04/Tigers.jpg"" alt="""" width=""10"" height=""10"" class=""alignnone size-full wp-image-6224"" />",<a href=https://npb.jp/bis/eng/teams/index_t.html>Hanshin</a>,CL
,<a href=https://npb.jp/bis/eng/players/43745150.html>Fabian Sandro</a>,89,373,353,41,100,19,0,11,152,45,2,3,0,2,58,13,3,5,5,0.283,0.316,0.431,0.747,129,0.148,0.311,22.0%,15.5%,3.5%,0.22,-0.9,27,7,R,"<img src=""https://www.yakyucosmo.com/wp-content/uploads/2025/04/Carp.jpg"" alt="""" width=""10"" height=""10"" class=""alignnone size-full wp-image-6223"" />",<a href=https://npb.jp/bis/eng/teams/index_c.html>Hiroshima</a>,CL
,<a href=https://npb.jp/bis/eng/players/61565135.html>Kikuchi Ryosuke</a>,75,275,248,17,58,9,0,2,73,20,5,2,14,1,45,11,0,1,5,0.234,0.268,0.294,0.562,74,0.060,0.277,21.1%,16.4%,4.0%,0.24,0.0,35,4,R,"<img src=""https://www.yakyucosmo.com/wp-content/uploads/2025/04/Carp.jpg"" alt="""" width=""10"" height=""10"" class=""alignnone size-full wp-image-6223"" />",<a href=https://npb.jp/bis/eng/teams/index_c.html>Hiroshima</a>,CL
,<a href=https://npb.jp/bis/eng/players/01705138.html>Kozono Kaito</a>,88,375,341,33,99,18,3,2,129,28,9,4,2,1,31,29,5,2,5,0.290,0.349,0.378,0.727,124,0.088,0.314,16.5%,8.3%,7.7%,0.94,-0.1,25,5,L,"<img src=""https://www.yakyucosmo.com/wp-content/uploads/2025/04/Carp.jpg"" alt="""" width=""10"" height=""10"" class=""alignnone size-full wp-image-6223"" />",<a href=https://npb.jp/bis/eng/teams/index_c.html>Hiroshima</a>,CL
,<a href=https://npb.jp/bis/eng/players/51055155.html>Suekane Shota</a>,80,322,293,27,72,9,3,7,108,40,2,3,0,2,64,26,0,1,1,0.246,0.307,0.369,0.676,108,0.123,0.290,30.1%,19.9%,8.1%,0.41,-0.9,29,9,R,"<img src=""https://www.yakyucosmo.com/wp-content/uploads/2025/04/Carp.jpg"" alt="""" width=""10"" height=""10"" class=""alignnone size-full wp-image-6223"" />",<a href=https://npb.jp/bis/eng/teams/index_c.html>Hiroshima</a>,CL
,<a href=https://npb.jp/bis/eng/players/93395153.html>Yano Masaya</a>,80,278,238,18,51,6,1,1,62,17,1,3,13,1,57,23,1,3,1,0.214,0.291,0.261,0.552,72,0.047,0.276,29.1%,20.5%,8.3%,0.40,-1.0,26,6,L,"<img src=""https://www.yakyucosmo.com/wp-content/uploads/2025/04/Carp.jpg"" alt="""" width=""10"" height=""10"" class=""alignnone size-full wp-image-6223"" />",<a href=https://npb.jp/bis/eng/teams/index_c.html>Hiroshima</a>,CL
,<a href=https://npb.jp/bis/eng/players/13115153.html>Maki Shugo</a>,89,376,349,45,96,22,0,15,163,46,3,4,0,1,72,16,5,10,6,0.275,0.324,0.467,0.791,145,0.192,0.308,27.4%,19.1%,4.3%,0.22,-1.0,27,4,R,"<img src=""https://www.yakyucosmo.com/wp-content/uploads/2025/04/BayStars.jpg"" alt="""" width=""10"" height=""10"" class=""alignnone size-full wp-image-6228"" />",<a href=https://npb.jp/bis/eng/teams/index_db.html>DeNA</a>,CL
,<a href=https://npb.jp/bis/eng/players/91995134.html>Sano Keita</a>,87,356,326,24,88,15,0,7,124,41,0,0,0,2,39,26,1,2,6,0.270,0.326,0.380,0.706,120,0.110,0.287,20.2%,11.0%,7.3%,0.67,-0.3,30,3,L,"<img src=""https://www.yakyucosmo.com/wp-content/uploads/2025/04/BayStars.jpg"" alt="""" width=""10"" height=""10"" class=""alignnone size-full wp-image-6228"" />",<a href=https://npb.jp/bis/eng/teams/index_db.html>DeNA</a>,CL
,<a href=https://npb.jp/bis/eng/players/61165159.html>Izuguchi Yuta</a>,80,343,305,31,86,12,0,4,110,19,4,4,6,1,41,29,1,2,4,0.282,0.347,0.361,0.708,125,0.079,0.314,21.6%,12.0%,8.5%,0.71,-0.9,26,6,L,"<img src=""https://www.yakyucosmo.com/wp-content/uploads/2025/04/Giants.jpg"" alt="""" width=""10"" height=""10"" class=""alignnone size-full wp-image-6227"" />",<a href=https://npb.jp/bis/eng/teams/index_g.html>Yomiuri</a>,CL
,<a href=https://npb.jp/bis/eng/players/73375134.html>Yoshikawa Naoki</a>,88,379,336,28,92,13,3,3,120,26,7,2,1,3,53,35,0,4,6,0.274,0.347,0.357,0.704,124,0.083,0.314,24.0%,14.0%,9.2%,0.66,0.2,30,4,L,"<img src=""https://www.yakyucosmo.com/wp-content/uploads/2025/04/Giants.jpg"" alt="""" width=""10"" height=""10"" class=""alignnone size-full wp-image-6227"" />",<a href=https://npb.jp/bis/eng/teams/index_g.html>Yomiuri</a>,CL
,<a href=https://npb.jp/bis/eng/players/23525153.html>Osuna Jose</a>,84,353,318,20,83,14,0,5,112,39,2,1,0,3,41,31,6,1,7,0.261,0.326,0.352,0.678,104,0.091,0.284,21.8%,11.6%,8.8%,0.76,-0.2,32,3,R,"<img src=""https://www.yakyucosmo.com/wp-content/uploads/2025/04/Swallows.jpg"" alt="""" width=""10"" height=""10"" class=""alignnone size-full wp-image-6226"" />",<a href=https://npb.jp/bis/eng/teams/index_s.html>Yakult</a>,CL
,<a href=https://npb.jp/bis/eng/players/91895133.html>Yamada Tetsuto</a>,76,264,239,13,51,9,0,5,75,22,2,0,0,1,46,22,2,2,6,0.213,0.284,0.314,0.598,81,0.101,0.243,27.7%,17.4%,8.3%,0.48,0.2,32,4,R,"<img src=""https://www.yakyucosmo.com/wp-content/uploads/2025/04/Swallows.jpg"" alt="""" width=""10"" height=""10"" class=""alignnone size-full wp-image-6226"" />",<a href=https://npb.jp/bis/eng/teams/index_s.html>Yakult</a>,CL
,<a href=https://npb.jp/bis/eng/players/81585151.html>Okabayashi Yuki</a>,89,398,358,44,104,18,5,2,138,20,14,3,2,2,36,35,7,1,1,0.291,0.354,0.385,0.739,143,0.094,0.317,18.3%,9.0%,8.8%,0.97,1.1,23,8,L,"<img src=""https://www.yakyucosmo.com/wp-content/uploads/2025/04/Dragons.jpg"" alt="""" width=""10"" height=""10"" class=""alignnone size-full wp-image-6225"" />",<a href=https://npb.jp/bis/eng/teams/index_d.html>Chunichi</a>,CL
,<a href=https://npb.jp/bis/eng/players/91395139.html>Uebayashi Seiji</a>,87,335,312,31,82,12,3,11,133,32,19,4,4,1,60,16,7,2,0,0.263,0.302,0.426,0.728,137,0.163,0.293,26.0%,17.9%,4.8%,0.27,1.7,29,9,L,"<img src=""https://www.yakyucosmo.com/wp-content/uploads/2025/04/Dragons.jpg"" alt="""" width=""10"" height=""10"" class=""alignnone size-full wp-image-6225"" />",<a href=https://npb.jp/bis/eng/teams/index_d.html>Chunichi</a>,CL
,<a href=https://npb.jp/bis/eng/players/91995151.html>Kurebayashi Kotaro</a>,75,296,268,18,64,10,1,5,91,28,0,2,0,4,37,21,2,3,6,0.239,0.297,0.340,0.637,102,0.101,0.257,21.3%,12.5%,7.1%,0.57,-0.9,23,6,R,"<img src=""https://www.yakyucosmo.com/wp-content/uploads/2025/04/Buffaloes.jpg"" alt="""" width=""10"" height=""10"" class=""alignnone size-full wp-image-6222"" />",<a href=https://npb.jp/bis/eng/teams/index_b.html>ORIX</a>,PL
,<a href=https://npb.jp/bis/eng/players/51255138.html>Nakagawa Keita</a>,74,284,264,36,72,17,1,8,115,41,7,2,3,2,36,15,1,0,7,0.273,0.310,0.436,0.746,136,0.163,0.288,20.8%,12.7%,5.3%,0.42,0.4,29,8,R,"<img src=""https://www.yakyucosmo.com/wp-content/uploads/2025/04/Buffaloes.jpg"" alt="""" width=""10"" height=""10"" class=""alignnone size-full wp-image-6222"" />",<a href=https://npb.jp/bis/eng/teams/index_b.html>ORIX</a>,PL
,<a href=https://npb.jp/bis/eng/players/71475132.html>Nishikawa Ryoma</a>,69,293,277,26,87,20,1,4,121,31,4,1,4,1,42,9,1,2,4,0.314,0.339,0.437,0.776,146,0.123,0.358,18.8%,14.3%,3.1%,0.21,0.2,30,7,L,"<img src=""https://www.yakyucosmo.com/wp-content/uploads/2025/04/Buffaloes.jpg"" alt="""" width=""10"" height=""10"" class=""alignnone size-full wp-image-6222"" />",<a href=https://npb.jp/bis/eng/teams/index_b.html>ORIX</a>,PL
,<a href=https://npb.jp/bis/eng/players/91395138.html>Ohta Ryo</a>,65,294,263,25,80,7,0,5,102,29,0,2,5,1,60,22,3,3,6,0.304,0.363,0.388,0.751,139,0.084,0.377,29.6%,20.4%,7.5%,0.37,-0.9,24,4,R,"<img src=""https://www.yakyucosmo.com/wp-content/uploads/2025/04/Buffaloes.jpg"" alt="""" width=""10"" height=""10"" class=""alignnone size-full wp-image-6222"" />",<a href=https://npb.jp/bis/eng/teams/index_b.html>ORIX</a>,PL
,<a href=https://npb.jp/bis/eng/players/61965132.html>Sugimoto Yutaro</a>,76,298,261,29,72,13,1,8,111,33,1,0,0,6,75,27,0,4,6,0.276,0.346,0.425,0.771,144,0.149,0.348,36.9%,25.2%,9.1%,0.36,-0.1,34,9,R,"<img src=""https://www.yakyucosmo.com/wp-content/uploads/2025/04/Buffaloes.jpg"" alt="""" width=""10"" height=""10"" class=""alignnone size-full wp-image-6222"" />",<a href=https://npb.jp/bis/eng/teams/index_b.html>ORIX</a>,PL
,<a href=https://npb.jp/bis/eng/players/81085138.html>Tongu Yuma</a>,82,342,302,24,76,14,0,8,114,37,1,0,0,4,47,33,2,3,7,0.252,0.327,0.377,0.704,123,0.125,0.271,25.7%,13.7%,9.6%,0.70,-0.1,28,3,R,"<img src=""https://www.yakyucosmo.com/wp-content/uploads/2025/04/Buffaloes.jpg"" alt="""" width=""10"" height=""10"" class=""alignnone size-full wp-image-6222"" />",<a href=https://npb.jp/bis/eng/teams/index_b.html>ORIX</a>,PL
,<a href=https://npb.jp/bis/eng/players/41645136.html>Fujioka Yudai</a>,71,275,238,20,59,14,1,3,84,14,0,0,5,3,50,29,1,0,6,0.248,0.326,0.353,0.679,110,0.105,0.298,29.8%,18.2%,10.5%,0.58,-0.2,31,4,L,"<img src=""https://www.yakyucosmo.com/wp-content/uploads/2025/04/Marines.jpg"" alt="""" width=""10"" height=""10"" class=""alignnone size-full wp-image-6240"" />",<a href=https://npb.jp/bis/eng/teams/index_m.html>Lotte</a>,PL
,<a href=https://npb.jp/bis/eng/players/31635138.html>Fujiwara Kyota</a>,77,319,288,26,79,7,4,3,103,18,10,3,3,0,53,23,2,5,3,0.274,0.339,0.358,0.697,116,0.084,0.328,24.8%,16.6%,7.2%,0.43,0.5,25,8,L,"<img src=""https://www.yakyucosmo.com/wp-content/uploads/2025/04/Marines.jpg"" alt="""" width=""10"" height=""10"" class=""alignnone size-full wp-image-6240"" />",<a href=https://npb.jp/bis/eng/teams/index_m.html>Lotte</a>,PL
,<a href=https://npb.jp/bis/eng/players/51455159.html>Terachi Ryusei</a>,70,269,252,24,68,10,0,5,93,22,0,0,1,1,41,9,1,6,5,0.270,0.310,0.369,0.679,110,0.099,0.304,20.4%,15.2%,3.3%,0.22,-0.2,19,2,L,"<img src=""https://www.yakyucosmo.com/wp-content/uploads/2025/04/Marines.jpg"" alt="""" width=""10"" height=""10"" class=""alignnone size-full wp-image-6240"" />",<a href=https://npb.jp/bis/eng/teams/index_m.html>Lotte</a>,PL
,<a href=https://npb.jp/bis/eng/players/11215116.html>Nakamura Akira</a>,76,312,272,24,66,5,2,1,78,22,1,2,4,3,30,32,1,1,5,0.243,0.321,0.287,0.608,90,0.044,0.266,20.2%,9.6%,10.3%,1.07,-0.7,35,3,L,"<img src=""https://www.yakyucosmo.com/wp-content/uploads/2025/04/Hawks.jpg"" alt="""" width=""10"" height=""10"" class=""alignnone size-full wp-image-6220"" /> ",<a href=https://npb.jp/bis/eng/teams/index_h.html>SoftBank</a>,PL
,<a href=https://npb.jp/bis/eng/players/21925136.html>Shuto Ukyo</a>,64,286,257,34,79,11,2,2,100,27,26,3,1,0,46,25,2,3,5,0.307,0.375,0.389,0.764,137,0.082,0.368,25.5%,16.1%,8.7%,0.54,3.2,29,8,L,"<img src=""https://www.yakyucosmo.com/wp-content/uploads/2025/04/Hawks.jpg"" alt="""" width=""10"" height=""10"" class=""alignnone size-full wp-image-6220"" /> ",<a href=https://npb.jp/bis/eng/teams/index_h.html>SoftBank</a>,PL
,<a href=https://npb.jp/bis/eng/players/21425139.html>Yamakawa Hotaka</a>,79,306,276,30,57,6,0,15,108,42,0,0,0,3,81,24,3,3,5,0.207,0.275,0.391,0.666,105,0.184,0.230,39.2%,26.5%,7.8%,0.30,-0.2,33,DH,R,"<img src=""https://www.yakyucosmo.com/wp-content/uploads/2025/04/Hawks.jpg"" alt="""" width=""10"" height=""10"" class=""alignnone size-full wp-image-6220"" /> ",<a href=https://npb.jp/bis/eng/teams/index_h.html>SoftBank</a>,PL
,<a href=https://npb.jp/bis/eng/players/73175151.html>Yanagimachi Tatsuru</a>,78,306,259,27,76,10,1,3,97,27,2,2,3,0,67,40,0,4,6,0.293,0.396,0.375,0.771,140,0.082,0.386,35.9%,21.9%,13.1%,0.60,-0.6,28,9,L,"<img src=""https://www.yakyucosmo.com/wp-content/uploads/2025/04/Hawks.jpg"" alt="""" width=""10"" height=""10"" class=""alignnone size-full wp-image-6220"" /> ",<a href=https://npb.jp/bis/eng/teams/index_h.html>SoftBank</a>,PL
,<a href=https://npb.jp/bis/eng/players/51155118.html>Asamura Hideto</a>,72,294,246,20,59,10,1,5,86,24,1,0,0,1,63,42,4,5,8,0.240,0.361,0.350,0.711,132,0.110,0.302,37.4%,21.4%,14.3%,0.67,-0.1,34,3,R,"<img src=""https://www.yakyucosmo.com/wp-content/uploads/2025/04/Eagles.jpg"" alt="""" width=""10"" height=""10"" class=""alignnone size-full wp-image-6218"" />",<a href=https://npb.jp/bis/eng/teams/index_e.html>Rakuten</a>,PL
,<a href=https://npb.jp/bis/eng/players/61965151.html>Kobukata Hiroto</a>,84,307,260,25,61,5,1,1,71,13,25,5,11,1,53,34,0,1,1,0.235,0.324,0.273,0.597,95,0.038,0.290,28.7%,17.3%,11.1%,0.64,2.4,29,4,L,"<img src=""https://www.yakyucosmo.com/wp-content/uploads/2025/04/Eagles.jpg"" alt="""" width=""10"" height=""10"" class=""alignnone size-full wp-image-6218"" />",<a href=https://npb.jp/bis/eng/teams/index_e.html>Rakuten</a>,PL
,<a href=https://npb.jp/bis/eng/players/53155150.html>Muneyama Rui</a>,77,308,290,15,73,14,3,3,102,22,4,0,0,6,52,11,2,1,5,0.252,0.276,0.352,0.628,103,0.100,0.290,21.4%,16.9%,3.6%,0.21,0.5,22,6,L,"<img src=""https://www.yakyucosmo.com/wp-content/uploads/2025/04/Eagles.jpg"" alt="""" width=""10"" height=""10"" class=""alignnone size-full wp-image-6218"" />",<a href=https://npb.jp/bis/eng/teams/index_e.html>Rakuten</a>,PL
,<a href=https://npb.jp/bis/eng/players/41845132.html>Murabayashi Itsuki</a>,83,329,308,20,97,7,0,3,113,31,4,2,3,2,60,13,2,3,6,0.315,0.347,0.367,0.714,133,0.052,0.381,23.1%,18.2%,4.0%,0.22,-0.3,27,5,R,"<img src=""https://www.yakyucosmo.com/wp-content/uploads/2025/04/Eagles.jpg"" alt="""" width=""10"" height=""10"" class=""alignnone size-full wp-image-6218"" />",<a href=https://npb.jp/bis/eng/teams/index_e.html>Rakuten</a>,PL
,<a href=https://npb.jp/bis/eng/players/11015138.html>Tatsumi Ryosuke</a>,73,275,247,20,62,9,2,4,87,21,14,0,0,3,62,18,0,7,8,0.251,0.316,0.352,0.668,117,0.101,0.315,30.5%,22.5%,6.5%,0.29,2.2,28,8,L,"<img src=""https://www.yakyucosmo.com/wp-content/uploads/2025/04/Eagles.jpg"" alt="""" width=""10"" height=""10"" class=""alignnone size-full wp-image-6218"" />",<a href=https://npb.jp/bis/eng/teams/index_e.html>Rakuten</a>,PL
,<a href=https://npb.jp/bis/eng/players/81685153.html>Hasegawa Shinya</a>,87,327,293,34,66,13,3,6,103,29,5,2,4,4,41,23,1,3,6,0.225,0.285,0.352,0.637,100,0.127,0.240,21.4%,12.5%,7.0%,0.56,0.0,23,9,R,"<img src=""https://www.yakyucosmo.com/wp-content/uploads/2025/04/Lions.jpg"" alt="""" width=""10"" height=""10"" class=""alignnone size-full wp-image-6219"" />",<a href=https://npb.jp/bis/eng/teams/index_l.html>Seibu</a>,PL
,<a href=https://npb.jp/bis/eng/players/53755150.html>Nevin Tyler</a>,89,368,329,30,95,20,0,10,145,40,2,1,0,4,49,28,3,7,7,0.289,0.353,0.441,0.794,149,0.152,0.310,23.6%,13.3%,7.6%,0.57,-0.3,28,3,R,"<img src=""https://www.yakyucosmo.com/wp-content/uploads/2025/04/Lions.jpg"" alt="""" width=""10"" height=""10"" class=""alignnone size-full wp-image-6219"" />",<a href=https://npb.jp/bis/eng/teams/index_l.html>Seibu</a>,PL
,<a href=https://npb.jp/bis/eng/players/51455136.html>Nishikawa Manaya</a>,89,395,360,40,92,16,1,4,122,18,18,5,2,2,52,26,1,5,2,0.256,0.313,0.339,0.652,105,0.083,0.288,20.8%,13.2%,6.6%,0.50,1.1,26,8,L,"<img src=""https://www.yakyucosmo.com/wp-content/uploads/2025/04/Lions.jpg"" alt="""" width=""10"" height=""10"" class=""alignnone size-full wp-image-6219"" />",<a href=https://npb.jp/bis/eng/teams/index_l.html>Seibu</a>,PL
,<a href=https://npb.jp/bis/eng/players/41545136.html>Kiyomiya Kotaro</a>,86,362,332,39,89,18,0,8,131,39,4,1,0,3,47,26,0,1,5,0.268,0.320,0.395,0.715,118,0.127,0.289,22.4%,13.0%,7.2%,0.55,0.1,26,5,L,"<img src=""https://www.yakyucosmo.com/wp-content/uploads/2025/04/Fighters.jpg"" alt="""" width=""10"" height=""10"" class=""alignnone size-full wp-image-6217"" />",<a href=https://npb.jp/bis/eng/teams/index_f.html>Nipponham</a>,PL
,<a href=https://npb.jp/bis/eng/players/11815138.html>Mannami Chusei</a>,86,329,296,34,68,20,1,16,138,40,1,1,0,0,86,32,6,1,5,0.230,0.307,0.466,0.773,134,0.236,0.268,40.7%,26.1%,9.7%,0.37,-0.3,25,9,R,"<img src=""https://www.yakyucosmo.com/wp-content/uploads/2025/04/Fighters.jpg"" alt="""" width=""10"" height=""10"" class=""alignnone size-full wp-image-6217"" />",<a href=https://npb.jp/bis/eng/teams/index_f.html>Nipponham</a>,PL
,<a href=https://npb.jp/bis/eng/players/73075159.html>Reyes Franmil</a>,83,340,305,40,86,13,0,20,159,57,0,0,0,1,76,34,2,0,6,0.282,0.353,0.521,0.874,164,0.239,0.314,38.2%,22.4%,10.0%,0.45,-0.2,29,DH,R,"<img src=""https://www.yakyucosmo.com/wp-content/uploads/2025/04/Fighters.jpg"" alt="""" width=""10"" height=""10"" class=""alignnone size-full wp-image-6217"" />",<a href=https://npb.jp/bis/eng/teams/index_f.html>Nipponham</a>,PL
