#,,Team,G,W,L,T,PCT,GB,RS,RA,Diff,XPCT,Home,Road,vs F,vs B,vs H,vs L,vs E,vs M,Inter
,"<img src=""https://www.yakyucosmo.com/wp-content/uploads/2025/04/Fighters.jpg"" alt="""" width=""10"" height=""10"" class=""alignnone size-full wp-image-6217"" />",<a href=https://npb.jp/bis/eng/teams/index_f.html>Nipponham Fighters</a>,78,45,31,2,0.592,--,277,207,70,0.630,22-17,23-14(2),--,5-6(1),6-7,7-4,10-3(1),6-4,11-7
,"<img src=""https://www.yakyucosmo.com/wp-content/uploads/2025/04/Buffaloes.jpg"" alt="""" width=""10"" height=""10"" class=""alignnone size-full wp-image-6222"" />",<a href=https://npb.jp/bis/eng/teams/index_b.html>ORIX Buffaloes</a>,75,42,30,3,0.583,1.0,280,265,15,0.525,22-16(2),20-14(1),6-5(1),--,2-5(2),6-7,8-3,9-3,11-7
,"<img src=""https://www.yakyucosmo.com/wp-content/uploads/2025/04/Hawks.jpg"" alt="""" width=""10"" height=""10"" class=""alignnone size-full wp-image-6220"" /> ",<a href=https://npb.jp/bis/eng/teams/index_h.html>SoftBank Hawks</a>,77,43,31,3,0.581,1.0,277,217,60,0.610,22-17(2),21-14(1),7-6,5-2(2),--,8-7,4-7,7-4,12-5(1)
,"<img src=""https://www.yakyucosmo.com/wp-content/uploads/2025/04/Lions.jpg"" alt="""" width=""10"" height=""10"" class=""alignnone size-full wp-image-6219"" />",<a href=https://npb.jp/bis/eng/teams/index_l.html>Seibu Lions</a>,76,39,37,0,0.513,6.0,199,199,0,0.500,23-17,16-20,4-7,7-6,7-8,--,5-4,6-4,10-8
,"<img src=""https://www.yakyucosmo.com/wp-content/uploads/2025/04/Eagles.jpg"" alt="""" width=""10"" height=""10"" class=""alignnone size-full wp-image-6218"" />",<a href=https://npb.jp/bis/eng/teams/index_e.html>Rakuten Eagles</a>,76,34,40,2,0.459,10.0,211,262,-51,0.402,17-18(1),17-22(1),3-10(1),3-8,7-4,4-5,--,8-5,9-8(1)
,"<img src=""https://www.yakyucosmo.com/wp-content/uploads/2025/04/Marines.jpg"" alt="""" width=""10"" height=""10"" class=""alignnone size-full wp-image-6240"" />",<a href=https://npb.jp/bis/eng/teams/index_m.html>Lotte Marines</a>,74,30,44,0,0.405,14.0,214,271,-57,0.394,16-16,14-28,4-6,3-9,4-7,4-6,5-8,--,10-8
