Pitcher,G,W,L,SV,HLD,CG,SHO,BF,IP,H,HR,SO,BB,IBB,HB,WP,R,ER,ERA,FIP,kwERA,WHIP,ERA+,FIP-,kwERA-,Diff,HR%,K%,BB%,K-BB%,Team,League
Akiyama Takumi,2,0,1,0,0,0,0,46,9.2,16,1,7,1,0,0,0,8,8,7.45,3.24,3.50,1.76,42,92,97,4.21,2.2%,15.2%,2.2%,13.0%,<a href=https://npb.jp/bis/eng/teams/index_t.html>Hanshin</a>,CL
Aoyagi Koyo,18,8,6,0,0,0,0,439,100.1,102,6,64,38,2,9,3,54,51,4.57,3.94,4.21,1.40,69,112,116,0.63,1.4%,14.6%,8.7%,5.9%,<a href=https://npb.jp/bis/eng/teams/index_t.html>Hanshin</a>,CL
Baba Kosuke,19,2,1,0,3,0,0,89,22.0,17,2,22,8,0,0,0,8,6,2.45,3.31,3.23,1.14,129,94,89,-0.86,2.2%,24.7%,9.0%,15.7%,<a href=https://npb.jp/bis/eng/teams/index_t.html>Hanshin</a>,CL
Beasley Jeremy,18,1,2,0,0,0,0,170,41.0,35,1,43,13,0,1,2,12,10,2.20,2.28,3.04,1.17,144,65,84,-0.08,0.6%,25.3%,7.6%,17.7%,<a href=https://npb.jp/bis/eng/teams/index_t.html>Hanshin</a>,CL
Brewer Colten,13,0,1,0,2,0,0,50,11.1,6,1,14,6,1,0,1,5,3,2.38,3.30,3.20,1.06,133,93,88,-0.92,2.0%,28.0%,12.0%,16.0%,<a href=https://npb.jp/bis/eng/teams/index_t.html>Hanshin</a>,CL
Hamachi Masumi,30,3,1,0,6,0,0,121,27.2,32,6,23,6,0,0,0,18,18,5.86,4.84,3.40,1.37,54,137,94,1.02,5.0%,19.0%,5.0%,14.0%,<a href=https://npb.jp/bis/eng/teams/index_t.html>Hanshin</a>,CL
Ishii Daichi,44,1,1,0,19,0,0,165,40.0,43,2,29,8,1,1,0,8,6,1.35,2.91,3.53,1.27,234,82,98,-1.56,1.2%,17.6%,4.8%,12.8%,<a href=https://npb.jp/bis/eng/teams/index_t.html>Hanshin</a>,CL
Itoh Masashi,21,10,5,0,0,3,2,572,146.2,120,8,91,21,2,4,3,40,39,2.39,3.02,3.58,0.96,132,85,99,-0.63,1.4%,15.9%,3.7%,12.2%,<a href=https://npb.jp/bis/eng/teams/index_t.html>Hanshin</a>,CL
Iwasada Yuta,50,1,0,0,24,0,0,177,43.1,36,2,30,12,1,2,0,15,13,2.70,3.22,3.78,1.11,117,91,104,-0.52,1.1%,16.9%,6.8%,10.1%,<a href=https://npb.jp/bis/eng/teams/index_t.html>Hanshin</a>,CL
Iwazaki Suguru,60,3,3,35,12,0,0,217,56.0,32,3,62,14,0,2,0,13,11,1.77,2.38,2.59,0.82,178,67,72,-0.61,1.4%,28.6%,6.5%,22.1%,<a href=https://npb.jp/bis/eng/teams/index_t.html>Hanshin</a>,CL
Kajiya Ren,51,1,5,1,16,0,0,161,38.2,34,3,32,13,0,2,6,12,11,2.56,3.55,3.62,1.22,123,100,100,-0.99,1.9%,19.9%,8.1%,11.8%,<a href=https://npb.jp/bis/eng/teams/index_t.html>Hanshin</a>,CL
Keller Kyle,27,1,0,1,8,0,0,118,26.1,22,1,28,16,2,1,3,7,5,1.71,3.34,3.78,1.44,185,95,104,-1.63,0.8%,23.7%,13.6%,10.1%,<a href=https://npb.jp/bis/eng/teams/index_t.html>Hanshin</a>,CL
Kirishiki Takuma,27,2,0,0,14,0,0,158,40.1,28,1,40,12,1,0,0,10,8,1.79,2.27,3.03,0.99,176,64,84,-0.48,0.6%,25.3%,7.6%,17.7%,<a href=https://npb.jp/bis/eng/teams/index_t.html>Hanshin</a>,CL
Kobayashi Keisuke,1,0,0,0,0,0,0,4,1.0,1,0,1,0,0,0,0,0,0,0.00,1.04,2.30,1.00,999,29,64,-1.04,0.0%,25.0%,0.0%,25.0%,<a href=https://npb.jp/bis/eng/teams/index_t.html>Hanshin</a>,CL
Mombetsu Keito,2,0,0,0,0,0,0,37,8.0,13,0,5,1,0,0,0,3,3,3.38,2.16,3.72,1.75,93,61,103,1.22,0.0%,13.5%,2.7%,10.8%,<a href=https://npb.jp/bis/eng/teams/index_t.html>Hanshin</a>,CL
Murakami Shoki,22,10,6,0,1,2,1,532,144.1,92,9,137,15,0,1,0,30,28,1.75,2.28,2.51,0.74,180,65,69,-0.53,1.7%,25.8%,2.8%,23.0%,<a href=https://npb.jp/bis/eng/teams/index_t.html>Hanshin</a>,CL
Nishi Junya,17,5,2,0,0,1,0,316,72.1,79,9,45,28,0,3,0,33,31,3.86,4.70,4.26,1.48,82,133,118,-0.84,2.8%,14.2%,8.9%,5.3%,<a href=https://npb.jp/bis/eng/teams/index_t.html>Hanshin</a>,CL
Nishi Yuki,18,8,5,0,0,2,1,452,108.1,106,8,56,24,2,8,0,47,43,3.57,3.85,4.09,1.20,88,109,113,-0.28,1.8%,12.4%,5.3%,7.1%,<a href=https://npb.jp/bis/eng/teams/index_t.html>Hanshin</a>,CL
Ohtake Koutaro,21,12,2,0,0,1,1,513,131.2,122,10,82,12,0,3,0,36,33,2.26,3.12,3.44,1.02,140,88,95,-0.86,1.9%,16.0%,2.3%,13.7%,<a href=https://npb.jp/bis/eng/teams/index_t.html>Hanshin</a>,CL
Okadome Hidetaka,8,1,0,0,0,0,0,25,7.0,5,0,6,1,0,0,0,1,1,1.29,1.75,2.80,0.86,245,50,77,-0.46,0.0%,24.0%,4.0%,20.0%,<a href=https://npb.jp/bis/eng/teams/index_t.html>Hanshin</a>,CL
Oyokawa Masaki,33,3,1,0,7,0,0,147,36.1,28,2,40,14,3,2,1,10,9,2.23,2.87,3.03,1.16,142,81,84,-0.64,1.4%,27.2%,9.5%,17.7%,<a href=https://npb.jp/bis/eng/teams/index_t.html>Hanshin</a>,CL
Saiki Hiroto,19,8,5,0,1,1,1,473,118.2,88,8,107,36,1,2,3,29,24,1.82,3.07,3.30,1.04,174,87,91,-1.25,1.7%,22.6%,7.6%,15.0%,<a href=https://npb.jp/bis/eng/teams/index_t.html>Hanshin</a>,CL
Shimamoto Hiroya,35,4,2,0,15,0,0,100,26.2,19,0,20,3,1,1,0,6,5,1.69,1.99,3.10,0.83,187,56,86,-0.30,0.0%,20.0%,3.0%,17.0%,<a href=https://npb.jp/bis/eng/teams/index_t.html>Hanshin</a>,CL
Tomida Ren,9,1,2,0,0,0,0,66,16.0,14,2,10,5,0,0,0,11,8,4.50,4.35,4.04,1.19,70,123,112,0.15,3.0%,15.2%,7.6%,7.6%,<a href=https://npb.jp/bis/eng/teams/index_t.html>Hanshin</a>,CL
Yuasa Atsuki,15,0,2,8,3,0,0,67,14.1,15,3,15,8,0,0,0,8,7,4.40,5.34,3.76,1.60,72,151,104,-0.94,4.5%,22.4%,11.9%,10.5%,<a href=https://npb.jp/bis/eng/teams/index_t.html>Hanshin</a>,CL
Aduwa Makoto,14,1,0,0,1,0,0,67,16.2,15,1,13,2,0,1,0,6,6,3.24,2.80,3.16,1.02,96,80,87,0.44,1.5%,19.4%,3.0%,16.4%,<a href=https://npb.jp/bis/eng/teams/index_c.html>Hiroshima</a>,CL
Anderson Drew,21,4,1,0,2,0,0,181,45.0,30,2,39,17,0,2,1,12,11,2.20,3.15,3.58,1.04,141,91,99,-0.95,1.1%,21.5%,9.4%,12.1%,<a href=https://npb.jp/bis/eng/teams/index_c.html>Hiroshima</a>,CL
Corniel Robert,8,1,4,0,0,0,0,191,42.1,46,2,23,18,0,2,3,25,24,5.10,3.98,4.54,1.51,61,114,125,1.12,1.0%,12.0%,9.4%,2.6%,<a href=https://npb.jp/bis/eng/teams/index_c.html>Hiroshima</a>,CL
Endoh Atsushi,8,1,5,0,0,1,1,174,41.0,36,7,22,15,0,2,0,20,20,4.39,5.43,4.40,1.24,71,156,122,-1.04,4.0%,12.6%,8.6%,4.0%,<a href=https://npb.jp/bis/eng/teams/index_c.html>Hiroshima</a>,CL
Horie Atsuya,8,0,0,0,2,0,0,33,7.0,10,1,10,3,0,0,0,4,4,5.14,3.32,2.68,1.86,61,95,74,1.82,3.0%,30.3%,9.1%,21.2%,<a href=https://npb.jp/bis/eng/teams/index_c.html>Hiroshima</a>,CL
Ichioka Ryuji,1,0,0,0,0,0,0,1,0.1,0,0,1,0,0,0,0,0,0,0.00,-2.96,-5.20,0.00,999,-85,-144,2.96,0.0%,100.0%,0.0%,100.0%,<a href=https://npb.jp/bis/eng/teams/index_c.html>Hiroshima</a>,CL
Kawano Kei,8,0,1,0,0,0,0,60,12.1,19,6,11,5,0,1,2,13,13,9.49,9.04,3.80,1.95,33,260,105,0.45,10.0%,18.3%,8.3%,10.0%,<a href=https://npb.jp/bis/eng/teams/index_c.html>Hiroshima</a>,CL
Kemna Makoto,24,2,0,0,1,0,0,113,26.2,24,1,25,13,0,0,2,12,11,3.71,3.11,3.74,1.39,84,89,103,0.60,0.9%,22.1%,11.5%,10.6%,<a href=https://npb.jp/bis/eng/teams/index_c.html>Hiroshima</a>,CL
Kuri Aren,26,8,8,0,0,3,3,706,174.1,142,8,129,49,7,10,2,58,49,2.53,3.17,3.67,1.10,123,91,101,-0.64,1.1%,18.3%,6.9%,11.4%,<a href=https://npb.jp/bis/eng/teams/index_c.html>Hiroshima</a>,CL
Kuribayashi Ryoji,55,3,7,18,15,0,0,210,52.1,42,4,51,19,2,1,2,18,17,2.92,3.23,3.28,1.17,107,93,91,-0.31,1.9%,24.3%,9.0%,15.3%,<a href=https://npb.jp/bis/eng/teams/index_c.html>Hiroshima</a>,CL
Kurohara Takumi,5,0,1,0,0,0,0,69,12.2,21,1,13,10,0,0,2,15,15,10.66,4.38,4.37,2.45,29,126,121,6.28,1.4%,18.8%,14.5%,4.3%,<a href=https://npb.jp/bis/eng/teams/index_c.html>Hiroshima</a>,CL
Masuda Takehisa,8,1,0,0,0,0,0,43,11.0,8,1,12,3,0,0,1,2,2,1.64,2.86,2.71,1.00,190,82,75,-1.22,2.3%,27.9%,7.0%,20.9%,<a href=https://npb.jp/bis/eng/teams/index_c.html>Hiroshima</a>,CL
Matsumoto Ryuya,13,0,3,1,8,0,0,50,10.1,13,2,6,7,1,0,0,6,5,4.35,6.42,5.00,1.94,72,184,138,-2.07,4.0%,12.0%,14.0%,-2.0%,<a href=https://npb.jp/bis/eng/teams/index_c.html>Hiroshima</a>,CL
Mori Shohei,12,4,2,0,0,0,0,224,51.2,58,7,38,10,0,1,0,29,26,4.53,3.97,3.55,1.32,69,114,98,0.56,3.1%,17.0%,4.5%,12.5%,<a href=https://npb.jp/bis/eng/teams/index_c.html>Hiroshima</a>,CL
Morishita Masato,20,9,6,0,0,3,1,544,131.2,127,10,94,36,1,2,3,49,44,3.01,3.46,3.73,1.24,103,99,103,-0.45,1.8%,17.3%,6.6%,10.7%,<a href=https://npb.jp/bis/eng/teams/index_c.html>Hiroshima</a>,CL
Moriura Daisuke,13,0,0,0,0,0,0,57,11.2,11,1,8,12,0,0,2,8,8,6.17,5.87,5.50,1.97,50,169,152,0.30,1.8%,14.0%,21.1%,-7.1%,<a href=https://npb.jp/bis/eng/teams/index_c.html>Hiroshima</a>,CL
Nakamura Yuta,5,0,0,0,0,0,0,31,7.0,9,1,3,1,0,0,0,5,1,1.29,4.47,4.15,1.43,241,128,115,-3.18,3.2%,9.7%,3.2%,6.5%,<a href=https://npb.jp/bis/eng/teams/index_c.html>Hiroshima</a>,CL
Nakazaki Shota,35,1,0,0,7,0,0,132,33.0,25,1,24,6,1,2,0,13,10,2.73,2.70,3.44,0.94,114,78,95,0.03,0.8%,18.2%,4.5%,13.7%,<a href=https://npb.jp/bis/eng/teams/index_c.html>Hiroshima</a>,CL
Nomura Yusuke,6,1,1,0,0,0,0,130,31.0,30,1,14,4,1,1,0,9,4,1.16,3.04,4.03,1.10,268,87,111,-1.88,0.8%,10.8%,3.1%,7.7%,<a href=https://npb.jp/bis/eng/teams/index_c.html>Hiroshima</a>,CL
Ohmichi Haruki,48,3,1,0,10,0,0,213,49.2,44,2,49,23,3,3,0,15,15,2.72,3.16,3.58,1.35,114,91,99,-0.44,0.9%,23.0%,10.8%,12.2%,<a href=https://npb.jp/bis/eng/teams/index_c.html>Hiroshima</a>,CL
Ohsera Daichi,23,6,11,0,0,0,0,539,129.2,117,15,103,33,4,4,2,53,52,3.61,3.81,3.50,1.16,86,109,97,-0.20,2.8%,19.1%,6.1%,13.0%,<a href=https://npb.jp/bis/eng/teams/index_c.html>Hiroshima</a>,CL
Shimauchi Sotaro,62,3,3,2,39,0,0,235,58.1,50,3,64,17,0,0,4,17,15,2.31,2.39,2.80,1.15,135,69,77,-0.08,1.3%,27.2%,7.2%,20.0%,<a href=https://npb.jp/bis/eng/teams/index_c.html>Hiroshima</a>,CL
Tamamura Shogo,9,3,1,0,0,0,0,199,45.1,52,9,44,11,0,2,0,28,25,4.96,4.54,3.14,1.39,63,130,87,0.42,4.5%,22.1%,5.5%,16.6%,<a href=https://npb.jp/bis/eng/teams/index_c.html>Hiroshima</a>,CL
Tokoda Hiroki,24,11,7,0,0,2,2,636,156.0,144,13,86,28,1,5,3,46,38,2.19,3.65,3.89,1.10,142,105,107,-1.46,2.0%,13.5%,4.4%,9.1%,<a href=https://npb.jp/bis/eng/teams/index_c.html>Hiroshima</a>,CL
Tone Chiaki,24,1,0,0,5,0,0,103,21.1,22,3,11,16,1,0,0,14,11,4.64,6.08,5.29,1.78,67,175,146,-1.44,2.9%,10.7%,15.5%,-4.8%,<a href=https://npb.jp/bis/eng/teams/index_c.html>Hiroshima</a>,CL
Turley Nik,44,7,1,1,22,0,0,174,41.1,39,1,42,15,2,2,2,10,8,1.74,2.55,3.25,1.31,179,73,90,-0.81,0.6%,24.1%,8.6%,15.5%,<a href=https://npb.jp/bis/eng/teams/index_c.html>Hiroshima</a>,CL
Yabuta Kazuki,3,0,0,0,0,0,0,21,4.0,5,1,2,3,0,2,1,4,4,9.00,9.04,5.28,2.00,35,260,146,-0.04,4.8%,9.5%,14.3%,-4.8%,<a href=https://npb.jp/bis/eng/teams/index_c.html>Hiroshima</a>,CL
Yasaki Takuya,54,4,2,24,10,0,0,221,51.1,48,5,38,24,5,0,0,17,16,2.81,4.23,4.17,1.40,111,122,115,-1.42,2.3%,17.2%,10.9%,6.3%,<a href=https://npb.jp/bis/eng/teams/index_c.html>Hiroshima</a>,CL
Azuma Katsuki,24,16,3,0,0,4,2,665,172.1,149,14,133,15,2,1,1,40,38,1.98,2.83,3.03,0.95,163,79,84,-0.85,2.1%,20.0%,2.3%,17.7%,<a href=https://npb.jp/bis/eng/teams/index_db.html>DeNA</a>,CL
Bauer Trevor,19,10,4,0,0,2,0,534,130.2,119,14,130,31,2,4,3,44,40,2.76,3.24,2.95,1.15,117,90,81,-0.48,2.6%,24.3%,5.8%,18.5%,<a href=https://npb.jp/bis/eng/teams/index_db.html>DeNA</a>,CL
Escobar Edwin,40,2,1,0,11,0,0,138,31.2,28,6,30,16,1,2,1,18,16,4.55,5.31,3.79,1.39,71,147,105,-0.76,4.3%,21.7%,11.6%,10.1%,<a href=https://npb.jp/bis/eng/teams/index_db.html>DeNA</a>,CL
Gsellman Robert,13,3,5,0,0,0,0,292,64.2,72,6,43,33,0,4,1,35,32,4.45,4.63,4.46,1.62,72,128,123,-0.18,2.1%,14.7%,11.3%,3.4%,<a href=https://npb.jp/bis/eng/teams/index_db.html>DeNA</a>,CL
Hamaguchi Haruhiro,14,3,7,0,0,1,0,304,68.0,71,6,56,35,1,0,1,42,34,4.50,4.08,4.11,1.56,72,113,114,0.42,2.0%,18.4%,11.5%,6.9%,<a href=https://npb.jp/bis/eng/teams/index_db.html>DeNA</a>,CL
Imanaga Shota,22,7,4,0,0,2,0,596,148.0,132,17,174,24,4,4,2,46,46,2.80,2.75,2.28,1.05,115,76,63,0.05,2.9%,29.2%,4.0%,25.2%,<a href=https://npb.jp/bis/eng/teams/index_db.html>DeNA</a>,CL
Irie Taisei,32,1,1,0,7,0,0,136,30.0,29,0,32,16,0,2,1,11,9,2.70,2.70,3.62,1.50,119,75,100,0.00,0.0%,23.5%,11.8%,11.7%,<a href=https://npb.jp/bis/eng/teams/index_db.html>DeNA</a>,CL
Ise Hiromu,58,4,6,2,33,0,0,212,50.1,54,6,43,16,2,0,0,21,18,3.22,3.83,3.53,1.39,100,106,98,-0.61,2.8%,20.3%,7.5%,12.8%,<a href=https://npb.jp/bis/eng/teams/index_db.html>DeNA</a>,CL
Ishida Kenta,23,4,9,0,0,0,0,500,118.0,127,12,99,30,1,5,3,56,52,3.97,3.57,3.42,1.33,81,99,94,0.40,2.4%,19.8%,6.0%,13.8%,<a href=https://npb.jp/bis/eng/teams/index_db.html>DeNA</a>,CL
Ishikawa Tatsuya,28,0,0,0,3,0,0,124,32.0,19,2,34,10,1,2,3,9,7,1.97,2.85,2.86,0.91,164,79,79,-0.88,1.6%,27.4%,8.1%,19.3%,<a href=https://npb.jp/bis/eng/teams/index_db.html>DeNA</a>,CL
Kamichatani Taiga,46,5,3,0,4,0,0,270,64.0,53,3,54,26,4,4,3,21,15,2.11,3.37,3.76,1.23,153,93,104,-1.26,1.1%,20.0%,9.6%,10.4%,<a href=https://npb.jp/bis/eng/teams/index_db.html>DeNA</a>,CL
Kasahara Shotaro,2,0,2,0,0,0,0,36,6.0,10,0,5,7,0,0,0,6,3,4.50,4.87,5.36,2.83,72,135,148,-0.37,0.0%,13.9%,19.4%,-5.5%,<a href=https://npb.jp/bis/eng/teams/index_db.html>DeNA</a>,CL
Mishima Kazuki,27,3,1,0,6,0,0,108,22.1,33,3,17,7,1,2,2,12,12,4.84,4.47,3.87,1.79,67,124,107,0.37,2.8%,15.7%,6.5%,9.2%,<a href=https://npb.jp/bis/eng/teams/index_db.html>DeNA</a>,CL
Miura Ginji,1,0,0,0,0,0,0,8,1.0,4,0,0,1,1,0,0,4,4,36.00,6.04,6.05,5.00,9,168,167,29.96,0.0%,0.0%,12.5%,-12.5%,<a href=https://npb.jp/bis/eng/teams/index_db.html>DeNA</a>,CL
Miyagi Daita,11,0,0,0,3,0,0,66,16.1,14,2,16,2,0,1,0,7,7,3.86,3.22,2.68,0.98,83,89,74,0.64,3.0%,24.2%,3.0%,21.2%,<a href=https://npb.jp/bis/eng/teams/index_db.html>DeNA</a>,CL
Miyaguni Ryosuke,2,0,0,0,0,0,0,21,4.0,7,1,3,1,0,0,0,4,3,6.75,5.54,3.85,2.00,48,154,106,1.21,4.8%,14.3%,4.8%,9.5%,<a href=https://npb.jp/bis/eng/teams/index_db.html>DeNA</a>,CL
Morihara Kohei,46,2,1,17,10,0,0,171,42.2,34,2,34,11,0,2,0,12,11,2.32,2.97,3.45,1.05,139,82,95,-0.65,1.2%,19.9%,6.4%,13.5%,<a href=https://npb.jp/bis/eng/teams/index_db.html>DeNA</a>,CL
Nakagawa Koh,9,0,1,0,0,0,0,41,10.2,9,2,10,3,0,0,0,3,3,2.53,4.44,3.09,1.13,127,123,85,-1.91,4.9%,24.4%,7.3%,17.1%,<a href=https://npb.jp/bis/eng/teams/index_db.html>DeNA</a>,CL
Ohnuki Shinichi,13,5,4,0,0,1,1,304,76.1,57,6,55,18,2,4,0,27,25,2.95,3.48,3.58,0.98,109,97,99,-0.53,2.0%,18.1%,5.9%,12.2%,<a href=https://npb.jp/bis/eng/teams/index_db.html>DeNA</a>,CL
Sakamoto Yuya,13,0,1,0,0,0,0,111,25.0,27,2,13,12,0,2,1,16,16,5.76,4.72,4.71,1.56,56,131,130,1.04,1.8%,11.7%,10.8%,0.9%,<a href=https://npb.jp/bis/eng/teams/index_db.html>DeNA</a>,CL
Taira Kentaro,11,4,4,0,0,0,0,246,59.1,58,5,61,13,2,0,1,23,23,3.49,2.73,2.85,1.20,92,76,79,0.76,2.0%,24.8%,5.3%,19.5%,<a href=https://npb.jp/bis/eng/teams/index_db.html>DeNA</a>,CL
Tanaka Kenjiro,11,0,0,0,1,0,0,46,11.0,12,1,9,2,0,0,1,5,5,4.09,3.13,3.28,1.27,79,87,91,0.96,2.2%,19.6%,4.3%,15.3%,<a href=https://npb.jp/bis/eng/teams/index_db.html>DeNA</a>,CL
Wendelken J.B.,61,2,2,3,33,0,0,243,59.2,40,1,53,22,4,3,3,12,11,1.66,2.74,3.52,1.04,194,76,97,-1.08,0.4%,21.8%,9.1%,12.7%,<a href=https://npb.jp/bis/eng/teams/index_db.html>DeNA</a>,CL
Yamasaki Yasuaki,49,3,7,20,8,0,0,189,45.1,48,7,54,8,0,1,1,22,22,4.37,3.26,2.37,1.24,74,90,65,1.11,3.7%,28.6%,4.2%,24.4%,<a href=https://npb.jp/bis/eng/teams/index_db.html>DeNA</a>,CL
Akahoshi Yuji,12,5,5,0,0,0,0,281,69.0,70,5,64,13,1,4,0,27,26,3.39,2.86,2.99,1.20,95,80,83,0.53,1.8%,22.8%,4.6%,18.2%,<a href=https://npb.jp/bis/eng/teams/index_g.html>Yomiuri</a>,CL
Baldonado Alberto,21,2,1,0,7,0,0,87,21.1,15,2,21,10,0,0,0,5,4,1.69,3.69,3.54,1.17,190,103,98,-2.00,2.3%,24.1%,11.5%,12.6%,<a href=https://npb.jp/bis/eng/teams/index_g.html>Yomiuri</a>,CL
Beede Tyler,30,0,6,1,7,0,0,220,49.2,51,5,36,21,3,4,0,23,22,3.99,4.41,4.12,1.45,80,123,114,-0.42,2.3%,16.4%,9.5%,6.9%,<a href=https://npb.jp/bis/eng/teams/index_g.html>Yomiuri</a>,CL
Funabasama Hiromasa,36,3,1,0,8,0,0,118,30.0,21,3,33,8,2,3,2,9,9,2.70,3.24,2.68,0.97,119,90,74,-0.54,2.5%,28.0%,6.8%,21.2%,<a href=https://npb.jp/bis/eng/teams/index_g.html>Yomiuri</a>,CL
Griffin Foster,20,6,5,0,0,1,0,493,121.0,101,8,115,29,1,6,2,41,37,2.75,2.86,3.06,1.07,117,80,85,-0.11,1.6%,23.3%,5.9%,17.4%,<a href=https://npb.jp/bis/eng/teams/index_g.html>Yomiuri</a>,CL
Heinai Ryuta,11,0,1,0,1,0,0,60,13.2,14,3,8,7,0,0,0,6,6,3.95,6.26,4.63,1.54,81,175,128,-2.31,5.0%,13.3%,11.7%,1.6%,<a href=https://npb.jp/bis/eng/teams/index_g.html>Yomiuri</a>,CL
Horioka Hayato,3,0,0,0,0,0,0,19,3.1,6,2,4,3,0,0,0,5,5,13.50,11.14,4.27,2.70,24,311,118,2.36,10.5%,21.1%,15.8%,5.3%,<a href=https://npb.jp/bis/eng/teams/index_g.html>Yomiuri</a>,CL
Hotta Kenshin,3,0,0,0,0,0,0,16,3.1,2,1,5,4,0,0,0,3,3,8.10,7.54,4.18,1.80,40,210,115,0.56,6.2%,31.2%,25.0%,6.2%,<a href=https://npb.jp/bis/eng/teams/index_g.html>Yomiuri</a>,CL
Imamura Nobutaka,24,0,0,0,2,0,0,119,26.0,29,1,13,11,1,1,1,12,11,3.81,3.92,4.63,1.54,84,109,128,-0.11,0.8%,10.9%,9.2%,1.7%,<a href=https://npb.jp/bis/eng/teams/index_g.html>Yomiuri</a>,CL
Inoue Haruto,4,0,1,0,0,0,0,60,12.1,21,2,11,3,0,1,0,15,15,10.95,4.33,3.47,1.95,29,121,96,6.62,3.3%,18.3%,5.0%,13.3%,<a href=https://npb.jp/bis/eng/teams/index_g.html>Yomiuri</a>,CL
Kagiya Yohei,13,2,0,1,2,0,0,48,11.1,10,1,11,5,0,0,0,4,4,3.18,3.57,3.55,1.32,101,100,98,-0.39,2.1%,22.9%,10.4%,12.5%,<a href=https://npb.jp/bis/eng/teams/index_g.html>Yomiuri</a>,CL
Kikuchi Taiki,50,4,4,1,11,0,0,193,47.2,40,4,55,16,1,1,0,19,18,3.40,2.89,2.78,1.17,94,81,77,0.51,2.1%,28.5%,8.3%,20.2%,<a href=https://npb.jp/bis/eng/teams/index_g.html>Yomiuri</a>,CL
Kitamura Takumi,1,0,0,0,0,0,0,4,1.0,1,1,0,0,0,0,0,1,1,9.00,16.04,4.80,1.00,36,447,133,-7.04,25.0%,0.0%,0.0%,0.0%,<a href=https://npb.jp/bis/eng/teams/index_g.html>Yomiuri</a>,CL
Kuwahara Takuya,5,0,0,0,1,0,0,27,5.0,7,0,4,3,0,2,0,5,5,9.00,4.44,4.43,2.00,36,124,122,4.56,0.0%,14.8%,11.1%,3.7%,<a href=https://npb.jp/bis/eng/teams/index_g.html>Yomiuri</a>,CL
Lopez Yoan,8,0,1,0,0,0,0,34,6.2,6,1,2,7,0,0,2,4,3,4.05,7.54,6.27,1.95,79,210,173,-3.49,2.9%,5.9%,20.6%,-14.7%,<a href=https://npb.jp/bis/eng/teams/index_g.html>Yomiuri</a>,CL
Matsui Hayate,8,1,1,0,2,0,0,85,19.1,18,3,17,8,1,0,0,8,7,3.26,4.54,3.74,1.34,98,127,103,-1.28,3.5%,20.0%,9.4%,10.6%,<a href=https://npb.jp/bis/eng/teams/index_g.html>Yomiuri</a>,CL
Mendez Yohander,16,5,5,0,0,0,0,347,87.0,57,7,72,33,0,5,3,21,20,2.07,3.74,3.68,1.03,155,104,102,-1.67,2.0%,20.7%,9.5%,11.2%,<a href=https://npb.jp/bis/eng/teams/index_g.html>Yomiuri</a>,CL
Mikami Tomoya,22,0,1,0,7,0,0,73,15.2,18,1,9,8,0,4,0,8,8,4.60,5.02,4.66,1.66,70,140,129,-0.42,1.4%,12.3%,11.0%,1.3%,<a href=https://npb.jp/bis/eng/teams/index_g.html>Yomiuri</a>,CL
Nakagawa Kota,44,1,4,14,17,0,0,172,43.1,37,3,38,9,1,1,0,10,10,2.08,2.88,3.11,1.06,154,80,86,-0.80,1.7%,22.1%,5.2%,16.9%,<a href=https://npb.jp/bis/eng/teams/index_g.html>Yomiuri</a>,CL
Naoe Daisuke,16,0,1,0,6,0,0,58,14.0,7,2,11,9,0,0,1,7,6,3.86,5.25,4.46,1.14,83,146,123,-1.39,3.4%,19.0%,15.5%,3.5%,<a href=https://npb.jp/bis/eng/teams/index_g.html>Yomiuri</a>,CL
Ohe Ryusei,32,4,0,0,6,0,0,89,22.0,15,3,16,10,0,2,1,10,10,4.09,4.99,4.13,1.14,78,139,114,-0.90,3.4%,18.0%,11.2%,6.8%,<a href=https://npb.jp/bis/eng/teams/index_g.html>Yomiuri</a>,CL
Ota Taisei,27,3,0,14,1,0,0,116,26.0,26,4,34,11,0,1,1,13,13,4.50,3.81,2.82,1.42,71,106,78,0.69,3.4%,29.3%,9.5%,19.8%,<a href=https://npb.jp/bis/eng/teams/index_g.html>Yomiuri</a>,CL
Shiroki Yamato,13,0,0,0,0,0,0,76,16.2,23,2,15,6,0,2,0,10,10,5.40,4.24,3.62,1.74,59,118,100,1.16,2.6%,19.7%,7.9%,11.8%,<a href=https://npb.jp/bis/eng/teams/index_g.html>Yomiuri</a>,CL
Sugano Tomoyuki,14,4,8,0,0,0,0,315,77.2,70,10,54,15,0,3,0,30,29,3.36,4.02,3.56,1.09,95,112,98,-0.66,3.2%,17.1%,4.8%,12.3%,<a href=https://npb.jp/bis/eng/teams/index_g.html>Yomiuri</a>,CL
Suzuki Kohei,33,1,1,0,13,0,0,123,27.1,24,6,26,14,0,3,5,20,20,6.59,5.85,3.82,1.39,49,163,106,0.74,4.9%,21.1%,11.4%,9.7%,<a href=https://npb.jp/bis/eng/teams/index_g.html>Yomiuri</a>,CL
Takagi Kyosuke,1,0,0,0,0,0,0,8,2.0,1,0,1,0,0,1,0,0,0,0.00,3.54,3.55,0.50,999,99,98,-3.54,0.0%,12.5%,0.0%,12.5%,<a href=https://npb.jp/bis/eng/teams/index_g.html>Yomiuri</a>,CL
Takahashi Yuki,6,0,1,0,0,0,0,68,14.0,18,2,9,8,0,2,1,9,8,5.14,5.75,4.65,1.86,62,160,128,-0.61,2.9%,13.2%,11.8%,1.4%,<a href=https://npb.jp/bis/eng/teams/index_g.html>Yomiuri</a>,CL
Takanashi Yuhei,55,2,1,0,23,0,0,185,43.0,32,7,49,19,3,4,0,21,20,4.19,4.48,3.18,1.19,77,125,88,-0.29,3.8%,26.5%,10.3%,16.2%,<a href=https://npb.jp/bis/eng/teams/index_g.html>Yomiuri</a>,CL
Tanaka Chiharu,30,2,3,0,3,0,0,148,32.2,30,4,41,19,0,0,1,22,20,5.51,3.86,3.31,1.50,58,108,91,1.65,2.7%,27.7%,12.8%,14.9%,<a href=https://npb.jp/bis/eng/teams/index_g.html>Yomiuri</a>,CL
Tanaka Toyoki,15,0,1,0,3,0,0,43,11.0,8,2,8,4,0,0,0,6,5,4.09,5.04,3.87,1.09,78,141,107,-0.95,4.7%,18.6%,9.3%,9.3%,<a href=https://npb.jp/bis/eng/teams/index_g.html>Yomiuri</a>,CL
Togo Shosei,24,12,5,0,0,4,2,676,170.0,141,14,141,39,0,3,2,49,45,2.38,3.19,3.29,1.06,135,89,91,-0.81,2.1%,20.9%,5.8%,15.1%,<a href=https://npb.jp/bis/eng/teams/index_g.html>Yomiuri</a>,CL
Yamasaki Iori,23,10,5,0,0,3,1,586,149.0,119,10,106,25,3,7,3,46,45,2.72,3.13,3.42,0.97,118,87,94,-0.41,1.7%,18.1%,4.3%,13.8%,<a href=https://npb.jp/bis/eng/teams/index_g.html>Yomiuri</a>,CL
Yokogawa Kai,20,4,8,0,0,0,0,348,84.1,79,10,46,24,0,4,2,38,37,3.95,4.48,4.17,1.22,81,125,115,-0.53,2.9%,13.2%,6.9%,6.3%,<a href=https://npb.jp/bis/eng/teams/index_g.html>Yomiuri</a>,CL
Espinal Raynel,3,0,0,0,0,0,0,20,5.0,1,1,4,5,0,0,0,3,3,5.40,7.04,5.30,1.20,63,186,146,-1.64,5.0%,20.0%,25.0%,-5.0%,<a href=https://npb.jp/bis/eng/teams/index_s.html>Yakult</a>,CL
Hasegawa Hiroki,1,0,0,0,0,0,0,12,2.0,3,1,1,3,0,0,0,3,3,13.50,13.04,6.47,3.00,25,345,179,0.46,8.3%,8.3%,25.0%,-16.7%,<a href=https://npb.jp/bis/eng/teams/index_s.html>Yakult</a>,CL
Hoshi Tomoya,47,2,2,0,20,0,0,161,40.0,34,4,48,16,4,1,2,15,15,3.38,3.21,2.81,1.25,100,85,78,0.17,2.5%,29.8%,9.9%,19.9%,<a href=https://npb.jp/bis/eng/teams/index_s.html>Yakult</a>,CL
Ichikawa Yuta,4,0,2,0,0,0,0,65,14.0,14,4,7,5,0,4,1,14,13,8.36,7.68,4.49,1.36,40,203,124,0.68,6.2%,10.8%,7.7%,3.1%,<a href=https://npb.jp/bis/eng/teams/index_s.html>Yakult</a>,CL
Ishikawa Masanori,13,2,5,0,0,0,0,267,63.1,75,11,22,6,0,0,1,32,28,3.98,4.88,4.20,1.28,85,129,116,-0.90,4.1%,8.2%,2.2%,6.0%,<a href=https://npb.jp/bis/eng/teams/index_s.html>Yakult</a>,CL
Ishiyama Taichi,50,3,6,0,24,0,0,208,47.0,51,3,41,13,3,3,1,27,23,4.40,3.14,3.45,1.36,77,83,95,1.26,1.4%,19.7%,6.2%,13.5%,<a href=https://npb.jp/bis/eng/teams/index_s.html>Yakult</a>,CL
Kanakubo Yuto,1,0,0,0,0,0,0,16,4.0,0,0,2,3,0,2,0,0,0,0.00,5.79,5.42,0.75,999,153,150,-5.79,0.0%,12.5%,18.8%,-6.3%,<a href=https://npb.jp/bis/eng/teams/index_s.html>Yakult</a>,CL
Kizawa Naofumi,56,2,3,0,20,0,0,227,53.0,42,3,49,26,2,5,2,19,16,2.72,3.68,3.79,1.28,124,97,105,-0.96,1.3%,21.6%,11.5%,10.1%,<a href=https://npb.jp/bis/eng/teams/index_s.html>Yakult</a>,CL
Konno Ryuta,26,1,0,0,2,0,0,133,31.0,31,4,13,10,1,2,1,13,13,3.77,5.04,4.57,1.32,90,133,126,-1.27,3.0%,9.8%,7.5%,2.3%,<a href=https://npb.jp/bis/eng/teams/index_s.html>Yakult</a>,CL
Kozawa Reiji,29,6,4,0,2,1,1,411,101.1,83,10,83,29,1,9,1,38,34,3.02,3.81,3.49,1.11,112,101,96,-0.79,2.4%,20.2%,7.1%,13.1%,<a href=https://npb.jp/bis/eng/teams/index_s.html>Yakult</a>,CL
Kubo Takuma,5,0,0,0,1,0,0,22,3.0,8,2,1,3,1,1,0,3,2,6.00,15.04,5.71,3.67,56,398,158,-9.04,9.1%,4.5%,13.6%,-9.1%,<a href=https://npb.jp/bis/eng/teams/index_s.html>Yakult</a>,CL
Maruyama Shota,22,0,0,0,0,0,0,117,26.2,20,3,25,16,2,2,1,12,12,4.05,4.65,4.03,1.35,83,123,111,-0.60,2.6%,21.4%,13.7%,7.7%,<a href=https://npb.jp/bis/eng/teams/index_s.html>Yakult</a>,CL
Narita Kakeru,3,0,0,0,0,0,0,17,3.1,4,0,2,1,0,2,1,2,2,5.40,4.54,4.21,1.50,63,120,116,0.86,0.0%,11.8%,5.9%,5.9%,<a href=https://npb.jp/bis/eng/teams/index_s.html>Yakult</a>,CL
Ogawa Yasuhiro,23,10,8,0,0,0,0,579,144.0,124,14,86,33,2,4,2,60,54,3.38,3.88,3.88,1.09,100,103,107,-0.50,2.4%,14.9%,5.7%,9.2%,<a href=https://npb.jp/bis/eng/teams/index_s.html>Yakult</a>,CL
Ohnishi Hiroki,46,2,2,0,6,0,0,226,55.0,53,3,35,12,3,3,2,23,22,3.60,3.29,3.78,1.18,94,87,104,0.31,1.3%,15.5%,5.3%,10.2%,<a href=https://npb.jp/bis/eng/teams/index_s.html>Yakult</a>,CL
Onaka Yuya,11,0,1,0,0,0,0,72,15.2,21,2,8,7,0,1,1,9,9,5.17,5.21,4.66,1.79,65,138,129,-0.04,2.8%,11.1%,9.7%,1.4%,<a href=https://npb.jp/bis/eng/teams/index_s.html>Yakult</a>,CL
Peters Dillon,18,6,5,0,0,0,0,415,100.2,99,8,66,21,3,5,1,41,36,3.22,3.53,3.72,1.19,105,93,103,-0.31,1.9%,15.9%,5.1%,10.8%,<a href=https://npb.jp/bis/eng/teams/index_s.html>Yakult</a>,CL
Rodriguez Elvin,7,1,5,0,0,0,0,145,33.0,33,5,23,13,2,1,3,20,15,4.09,4.89,4.11,1.39,83,129,114,-0.80,3.4%,15.9%,9.0%,6.9%,<a href=https://npb.jp/bis/eng/teams/index_s.html>Yakult</a>,CL
Sakaguchi Kousuke,13,0,2,0,2,0,0,73,16.1,19,0,17,6,2,0,1,7,6,3.31,2.06,3.29,1.53,102,54,91,1.25,0.0%,23.3%,8.2%,15.1%,<a href=https://npb.jp/bis/eng/teams/index_s.html>Yakult</a>,CL
Shimizu Noboru,56,1,8,0,38,0,0,220,54.1,50,6,47,6,2,2,1,20,18,2.98,3.18,2.94,1.03,113,84,81,-0.20,2.7%,21.4%,2.7%,18.7%,<a href=https://npb.jp/bis/eng/teams/index_s.html>Yakult</a>,CL
Sneed Cy,23,7,8,0,0,2,2,569,135.0,133,15,103,36,2,3,2,61,55,3.67,3.82,3.62,1.25,92,101,100,-0.15,2.6%,18.1%,6.3%,11.8%,<a href=https://npb.jp/bis/eng/teams/index_s.html>Yakult</a>,CL
Taguchi Kazuto,50,3,5,33,6,0,0,193,48.1,39,2,55,13,1,0,1,11,10,1.86,2.11,2.62,1.08,182,56,72,-0.25,1.0%,28.5%,6.7%,21.8%,<a href=https://npb.jp/bis/eng/teams/index_s.html>Yakult</a>,CL
Takahashi Keiji,20,4,9,0,0,0,0,445,101.2,104,20,94,47,3,6,3,53,52,4.60,5.31,3.74,1.49,73,140,103,-0.71,4.5%,21.1%,10.6%,10.5%,<a href=https://npb.jp/bis/eng/teams/index_s.html>Yakult</a>,CL
Takanashi Hirotoshi,15,0,3,0,1,0,0,170,40.1,42,6,30,10,1,1,1,23,21,4.69,4.30,3.62,1.29,72,114,100,0.39,3.5%,17.6%,5.9%,11.7%,<a href=https://npb.jp/bis/eng/teams/index_s.html>Yakult</a>,CL
Umeno Yugo,5,0,0,0,0,0,0,36,8.0,9,1,4,4,0,0,1,3,3,3.38,5.16,4.80,1.62,100,136,133,-1.78,2.8%,11.1%,11.1%,0.0%,<a href=https://npb.jp/bis/eng/teams/index_s.html>Yakult</a>,CL
Yamamoto Daiki,42,2,0,0,9,0,0,148,35.1,32,4,26,13,4,3,2,11,10,2.55,4.40,3.92,1.27,133,116,108,-1.85,2.7%,17.6%,8.8%,8.8%,<a href=https://npb.jp/bis/eng/teams/index_s.html>Yakult</a>,CL
Yamano Taichi,5,1,3,0,0,0,0,112,26.0,25,2,15,11,2,1,0,13,12,4.15,4.27,4.44,1.38,81,113,123,-0.12,1.8%,13.4%,9.8%,3.6%,<a href=https://npb.jp/bis/eng/teams/index_s.html>Yakult</a>,CL
Yoshimura Kojiro,12,4,2,0,0,0,0,257,60.1,66,9,46,14,0,2,1,31,29,4.33,4.25,3.55,1.33,78,112,98,0.08,3.5%,17.9%,5.4%,12.5%,<a href=https://npb.jp/bis/eng/teams/index_s.html>Yakult</a>,CL
Feliz Michael,19,1,0,0,9,0,0,65,14.1,9,1,16,11,1,2,0,5,5,3.14,4.43,4.03,1.40,94,134,111,-1.29,1.5%,24.6%,16.9%,7.7%,<a href=https://npb.jp/bis/eng/teams/index_d.html>Chunichi</a>,CL
Fujishima Kento,56,1,1,4,14,0,0,196,50.2,34,1,46,14,1,1,1,10,6,1.07,2.37,3.17,0.95,276,72,88,-1.30,0.5%,23.5%,7.1%,16.4%,<a href=https://npb.jp/bis/eng/teams/index_d.html>Chunichi</a>,CL
Fuku Hiroto,29,1,0,0,12,0,0,76,17.2,12,1,15,8,2,1,0,8,5,2.55,3.60,3.88,1.13,116,109,107,-1.05,1.3%,19.7%,10.5%,9.2%,<a href=https://npb.jp/bis/eng/teams/index_d.html>Chunichi</a>,CL
Fukushima Shota,4,0,0,0,0,0,0,20,3.1,8,0,2,1,0,1,1,5,5,13.50,3.64,4.30,2.70,22,110,119,9.86,0.0%,10.0%,5.0%,5.0%,<a href=https://npb.jp/bis/eng/teams/index_d.html>Chunichi</a>,CL
Fukutani Koji,14,3,4,0,0,0,0,241,54.0,72,6,36,11,0,1,1,34,31,5.17,3.81,3.76,1.54,57,115,104,1.36,2.5%,14.9%,4.6%,10.3%,<a href=https://npb.jp/bis/eng/teams/index_d.html>Chunichi</a>,CL
Hashimoto Yuki,13,1,0,0,0,0,0,64,15.1,9,0,9,10,0,3,1,2,2,1.17,4.41,4.96,1.24,252,134,137,-3.24,0.0%,14.1%,15.6%,-1.5%,<a href=https://npb.jp/bis/eng/teams/index_d.html>Chunichi</a>,CL
Katsuno Akiyoshi,50,5,2,1,20,0,0,201,49.1,33,2,49,22,4,2,1,11,11,2.01,3.04,3.46,1.11,147,92,96,-1.03,1.0%,24.4%,10.9%,13.5%,<a href=https://npb.jp/bis/eng/teams/index_d.html>Chunichi</a>,CL
Kondo Ren,1,0,0,0,0,0,0,16,1.0,8,0,1,4,0,1,0,10,8,72.00,16.04,6.68,12.00,4,486,185,55.96,0.0%,6.2%,25.0%,-18.8%,<a href=https://npb.jp/bis/eng/teams/index_d.html>Chunichi</a>,CL
Martinez Raidel,48,3,1,32,9,0,0,173,46.2,31,1,62,4,0,0,0,4,2,0.39,0.92,1.45,0.75,757,28,40,-0.53,0.6%,35.8%,2.3%,33.5%,<a href=https://npb.jp/bis/eng/teams/index_d.html>Chunichi</a>,CL
Matsuba Takahiro,11,1,4,0,0,0,0,232,57.2,55,1,20,14,1,1,1,23,21,3.28,3.35,4.54,1.20,90,101,125,-0.07,0.4%,8.6%,6.0%,2.6%,<a href=https://npb.jp/bis/eng/teams/index_d.html>Chunichi</a>,CL
Matsuyama Shinya,36,1,1,0,17,0,0,146,35.1,23,0,50,14,1,6,4,6,5,1.27,1.90,2.33,1.05,232,58,64,-0.63,0.0%,34.2%,9.6%,24.6%,<a href=https://npb.jp/bis/eng/teams/index_d.html>Chunichi</a>,CL
Mejia Humberto,8,3,1,0,0,0,0,179,44.1,31,3,20,18,0,2,1,11,11,2.23,4.37,4.69,1.11,132,132,130,-2.14,1.7%,11.2%,10.1%,1.1%,<a href=https://npb.jp/bis/eng/teams/index_d.html>Chunichi</a>,CL
Nakachi Reia,9,2,5,0,0,0,0,194,43.1,41,6,37,25,1,0,0,24,24,4.98,4.86,4.18,1.52,59,147,115,0.12,3.1%,19.1%,12.9%,6.2%,<a href=https://npb.jp/bis/eng/teams/index_d.html>Chunichi</a>,CL
Neo Akira,2,0,0,0,0,0,0,51,12.2,9,0,4,8,0,0,0,5,1,0.71,4.30,5.58,1.34,416,130,154,-3.59,0.0%,7.8%,15.7%,-7.9%,<a href=https://npb.jp/bis/eng/teams/index_d.html>Chunichi</a>,CL
Ogasawara Shinnosuke,25,7,12,0,0,1,1,665,160.2,153,14,134,41,1,4,3,69,64,3.59,3.34,3.40,1.21,82,101,94,0.25,2.1%,20.2%,6.2%,14.0%,<a href=https://npb.jp/bis/eng/teams/index_d.html>Chunichi</a>,CL
Ohno Yudai,1,0,1,0,0,0,0,26,7.0,3,0,3,1,0,0,0,1,0,0.00,2.61,4.03,0.57,999,79,111,-2.61,0.0%,11.5%,3.8%,7.7%,<a href=https://npb.jp/bis/eng/teams/index_d.html>Chunichi</a>,CL
Okano Yuichiro,15,0,0,0,0,0,0,92,22.0,22,3,19,2,0,3,1,14,14,5.73,3.76,2.95,1.09,52,114,81,1.97,3.3%,20.7%,2.2%,18.5%,<a href=https://npb.jp/bis/eng/teams/index_d.html>Chunichi</a>,CL
Saitoh Kohki,31,2,0,0,11,0,0,100,24.2,18,0,24,10,1,1,1,3,2,0.73,2.43,3.40,1.14,404,74,94,-1.70,0.0%,24.0%,10.0%,14.0%,<a href=https://npb.jp/bis/eng/teams/index_d.html>Chunichi</a>,CL
Shimizu Tatsuya,50,3,3,0,25,0,0,198,46.2,34,3,54,30,1,1,4,16,16,3.09,3.55,3.59,1.37,96,107,99,-0.46,1.5%,27.3%,15.2%,12.1%,<a href=https://npb.jp/bis/eng/teams/index_d.html>Chunichi</a>,CL
Sobue Daisuke,45,3,5,0,13,0,0,168,40.1,39,4,35,8,0,1,0,16,16,3.57,3.26,3.19,1.17,83,99,88,0.31,2.4%,20.8%,4.8%,16.0%,<a href=https://npb.jp/bis/eng/teams/index_d.html>Chunichi</a>,CL
Sunada Yoshiki,18,0,1,0,1,0,0,60,13.2,12,1,12,7,1,0,1,7,7,4.61,3.77,3.97,1.39,64,114,110,0.84,1.7%,20.0%,11.7%,8.3%,<a href=https://npb.jp/bis/eng/teams/index_d.html>Chunichi</a>,CL
Suzuki Hiroshi,9,1,2,0,1,0,0,106,24.1,23,1,5,12,1,2,0,12,11,4.07,4.89,5.46,1.44,73,148,151,-0.82,0.9%,4.7%,11.3%,-6.6%,<a href=https://npb.jp/bis/eng/teams/index_d.html>Chunichi</a>,CL
Tajima Shinji,32,1,2,0,10,0,0,127,29.2,24,3,31,17,0,1,0,16,16,4.85,4.08,3.70,1.38,61,124,102,0.77,2.4%,24.4%,13.4%,11.0%,<a href=https://npb.jp/bis/eng/teams/index_d.html>Chunichi</a>,CL
Takahashi Hiroto,25,7,11,0,0,1,1,621,146.0,129,6,145,51,0,9,8,52,41,2.53,2.82,3.29,1.23,117,85,91,-0.29,1.0%,23.3%,8.2%,15.1%,<a href=https://npb.jp/bis/eng/teams/index_d.html>Chunichi</a>,CL
Tanimoto Keisuke,7,0,0,0,0,0,0,28,5.1,5,1,2,6,0,0,0,8,5,8.44,8.10,6.23,2.06,35,245,172,0.34,3.6%,7.1%,21.4%,-14.3%,<a href=https://npb.jp/bis/eng/teams/index_d.html>Chunichi</a>,CL
Ueda Kotaro,13,0,0,0,0,0,0,93,20.0,22,0,15,9,0,0,0,13,10,4.50,2.89,4.15,1.55,66,88,115,1.61,0.0%,16.1%,9.7%,6.4%,<a href=https://npb.jp/bis/eng/teams/index_d.html>Chunichi</a>,CL
Umetsu Kodai,3,1,1,0,0,0,0,71,19.0,9,2,11,5,0,2,0,3,2,0.95,4.35,3.95,0.74,311,132,109,-3.40,2.8%,15.5%,7.0%,8.5%,<a href=https://npb.jp/bis/eng/teams/index_d.html>Chunichi</a>,CL
Wakui Hideaki,21,5,13,0,0,0,0,479,111.0,116,9,89,30,1,2,1,53,49,3.97,3.35,3.57,1.32,74,101,99,0.62,1.9%,18.6%,6.3%,12.3%,<a href=https://npb.jp/bis/eng/teams/index_d.html>Chunichi</a>,CL
Yamamoto Takumi,14,0,1,0,0,0,0,61,13.0,17,1,11,5,0,0,0,11,8,5.54,3.50,3.82,1.69,53,106,106,2.04,1.6%,18.0%,8.2%,9.8%,<a href=https://npb.jp/bis/eng/teams/index_d.html>Chunichi</a>,CL
Yanagi Yuya,24,4,11,0,0,2,0,636,158.1,126,6,105,47,1,4,2,46,43,2.44,3.17,3.89,1.09,121,96,107,-0.73,0.9%,16.5%,7.4%,9.1%,<a href=https://npb.jp/bis/eng/teams/index_d.html>Chunichi</a>,CL
Abe Shota,49,3,5,1,21,0,0,193,46.2,37,4,42,12,1,5,1,17,14,2.70,3.44,3.25,1.05,115,99,90,-0.74,2.1%,21.8%,6.2%,15.6%,<a href=https://npb.jp/bis/eng/teams/index_b.html>ORIX</a>,PL
Azuma Kohei,10,6,0,0,0,0,0,209,52.1,45,2,40,9,0,5,1,14,12,2.06,2.81,3.32,1.03,150,81,92,-0.75,1.0%,19.1%,4.3%,14.8%,<a href=https://npb.jp/bis/eng/teams/index_b.html>ORIX</a>,PL
Cotton Jharel,7,1,1,0,1,0,0,84,18.1,24,4,22,4,0,1,2,13,12,5.89,4.29,2.66,1.53,53,124,73,1.60,4.8%,26.2%,4.8%,21.4%,<a href=https://npb.jp/bis/eng/teams/index_b.html>ORIX</a>,PL
Higa Motoki,31,2,0,0,6,0,0,83,20.0,21,3,10,2,0,2,0,5,5,2.25,4.59,3.84,1.15,138,133,106,-2.34,3.6%,12.0%,2.4%,9.6%,<a href=https://npb.jp/bis/eng/teams/index_b.html>ORIX</a>,PL
Hirano Yoshihisa,42,3,2,29,5,0,0,167,40.0,36,1,24,13,0,0,1,5,5,1.13,3.14,4.14,1.23,274,91,114,-2.01,0.6%,14.4%,7.8%,6.6%,<a href=https://npb.jp/bis/eng/teams/index_b.html>ORIX</a>,PL
Honda Hitomi,28,2,1,0,7,0,0,145,32.2,36,5,34,12,2,0,2,23,23,6.34,4.05,3.28,1.47,49,117,91,2.29,3.4%,23.4%,8.3%,15.1%,<a href=https://npb.jp/bis/eng/teams/index_b.html>ORIX</a>,PL
Kogita Atsuya,38,4,0,0,7,0,0,193,49.1,37,4,37,13,0,0,1,16,12,2.19,3.38,3.56,1.01,141,98,98,-1.19,2.1%,19.2%,6.7%,12.5%,<a href=https://npb.jp/bis/eng/teams/index_b.html>ORIX</a>,PL
Kondoh Taisuke,12,0,1,0,0,0,0,57,12.1,12,1,16,8,0,1,0,7,7,5.11,3.69,3.40,1.62,61,107,94,1.42,1.8%,28.1%,14.0%,14.1%,<a href=https://npb.jp/bis/eng/teams/index_b.html>ORIX</a>,PL
Kuroki Yuta,12,1,5,0,0,0,0,122,26.0,33,2,20,16,0,1,1,20,19,6.58,4.46,4.47,1.88,47,129,123,2.12,1.6%,16.4%,13.1%,3.3%,<a href=https://npb.jp/bis/eng/teams/index_b.html>ORIX</a>,PL
Mae Yuito,2,0,0,0,0,0,0,8,2.0,1,0,2,1,0,0,0,0,0,0.00,2.54,3.55,1.00,999,73,98,-2.54,0.0%,25.0%,12.5%,12.5%,<a href=https://npb.jp/bis/eng/teams/index_b.html>ORIX</a>,PL
Miyagi Hiroya,22,10,4,0,0,3,3,575,146.2,107,7,122,31,1,5,1,38,37,2.27,2.73,3.22,0.94,136,79,89,-0.46,1.2%,21.2%,5.4%,15.8%,<a href=https://npb.jp/bis/eng/teams/index_b.html>ORIX</a>,PL
Muranishi Ryota,7,0,1,0,0,0,0,52,11.2,11,1,6,5,0,1,0,8,8,6.17,4.67,4.61,1.37,50,135,127,1.50,1.9%,11.5%,9.6%,1.9%,<a href=https://npb.jp/bis/eng/teams/index_b.html>ORIX</a>,PL
Nix Jacob,2,0,1,0,0,0,0,30,6.0,7,2,5,6,0,0,0,7,7,10.50,8.70,5.13,2.17,29,251,142,1.80,6.7%,16.7%,20.0%,-3.3%,<a href=https://npb.jp/bis/eng/teams/index_b.html>ORIX</a>,PL
Ono Taiki,5,0,0,0,0,0,0,35,6.0,6,0,0,10,0,1,0,4,4,6.00,8.54,7.66,2.67,52,247,212,-2.54,0.0%,0.0%,28.6%,-28.6%,<a href=https://npb.jp/bis/eng/teams/index_b.html>ORIX</a>,PL
Saito Kyosuke,1,0,0,0,0,0,0,17,4.0,2,0,3,2,0,2,0,0,0,0.00,4.54,4.21,1.00,999,131,116,-4.54,0.0%,17.6%,11.8%,5.8%,<a href=https://npb.jp/bis/eng/teams/index_b.html>ORIX</a>,PL
Sotani Ryuhei,10,1,2,0,0,0,0,138,32.2,33,0,27,15,0,1,2,16,14,3.86,2.85,3.93,1.47,80,82,109,1.01,0.0%,19.6%,10.9%,8.7%,<a href=https://npb.jp/bis/eng/teams/index_b.html>ORIX</a>,PL
Tajima Daiki,13,6,4,0,0,0,0,338,81.2,73,9,64,18,0,2,2,31,28,3.09,3.64,3.44,1.11,100,105,95,-0.55,2.7%,18.9%,5.3%,13.6%,<a href=https://npb.jp/bis/eng/teams/index_b.html>ORIX</a>,PL
Takeyasu Daichi,2,0,2,0,0,0,0,26,4.1,12,0,1,3,0,1,0,5,5,10.38,5.34,5.57,3.46,30,154,154,5.04,0.0%,3.8%,11.5%,-7.7%,<a href=https://npb.jp/bis/eng/teams/index_b.html>ORIX</a>,PL
Udagawa Yuki,46,4,0,2,20,0,0,192,45.2,22,3,52,30,1,2,4,9,9,1.77,3.72,3.65,1.14,175,107,101,-1.95,1.6%,27.1%,15.6%,11.5%,<a href=https://npb.jp/bis/eng/teams/index_b.html>ORIX</a>,PL
Urushihara Taisei,16,0,0,0,1,0,0,99,21.0,23,1,10,12,1,3,4,11,7,3.00,4.85,5.00,1.67,103,140,138,-1.85,1.0%,10.1%,12.1%,-2.0%,<a href=https://npb.jp/bis/eng/teams/index_b.html>ORIX</a>,PL
Waguespack Jacob,31,4,7,2,4,0,0,201,43.2,44,4,67,26,0,1,2,30,28,5.77,3.01,2.76,1.60,54,87,76,2.76,2.0%,33.3%,12.9%,20.4%,<a href=https://npb.jp/bis/eng/teams/index_b.html>ORIX</a>,PL
Yamada Nobuyoshi,32,0,0,0,6,0,0,121,31.1,23,1,29,10,0,1,0,4,4,1.15,2.65,3.23,1.05,269,77,89,-1.50,0.8%,24.0%,8.3%,15.7%,<a href=https://npb.jp/bis/eng/teams/index_b.html>ORIX</a>,PL
Yamamoto Yoshinobu,23,16,6,0,0,2,1,636,164.0,117,2,169,28,0,6,1,27,22,1.21,1.76,2.58,0.88,256,51,71,-0.55,0.3%,26.6%,4.4%,22.2%,<a href=https://npb.jp/bis/eng/teams/index_b.html>ORIX</a>,PL
Yamaoka Taisuke,31,2,1,3,8,0,0,390,94.0,75,4,97,33,2,3,7,26,24,2.30,2.68,3.16,1.15,135,77,87,-0.38,1.0%,24.9%,8.5%,16.4%,<a href=https://npb.jp/bis/eng/teams/index_b.html>ORIX</a>,PL
Yamasaki Sachiya,23,11,5,0,0,0,0,537,130.1,127,7,80,24,0,5,0,48,47,3.25,3.18,3.76,1.16,95,92,104,0.07,1.3%,14.9%,4.5%,10.4%,<a href=https://npb.jp/bis/eng/teams/index_b.html>ORIX</a>,PL
Yamashita Shunpeita,16,9,3,0,0,0,0,383,95.0,71,2,101,30,0,4,4,21,17,1.61,2.26,2.95,1.06,192,65,81,-0.65,0.5%,26.4%,7.8%,18.6%,<a href=https://npb.jp/bis/eng/teams/index_b.html>ORIX</a>,PL
Yamazaki Soichiro,53,1,1,9,27,0,0,211,52.0,42,3,60,18,0,0,0,12,12,2.08,2.52,2.81,1.15,149,73,78,-0.44,1.4%,28.4%,8.5%,19.9%,<a href=https://npb.jp/bis/eng/teams/index_b.html>ORIX</a>,PL
Yokoyama Kaede,4,0,1,0,0,0,0,18,3.2,4,0,3,4,0,0,0,3,3,7.36,4.67,5.36,2.18,42,135,148,2.69,0.0%,16.7%,22.2%,-5.5%,<a href=https://npb.jp/bis/eng/teams/index_b.html>ORIX</a>,PL
Yoshida Ryo,19,0,0,0,4,0,0,79,16.2,16,1,12,10,0,1,0,8,6,3.24,4.36,4.55,1.56,96,126,126,-1.12,1.3%,15.2%,12.7%,2.5%,<a href=https://npb.jp/bis/eng/teams/index_b.html>ORIX</a>,PL
Azuma Yusuke,36,0,1,0,11,0,0,141,34.0,29,3,28,12,0,1,4,11,11,2.91,3.68,3.67,1.21,113,100,101,-0.77,2.1%,19.9%,8.5%,11.4%,<a href=https://npb.jp/bis/eng/teams/index_m.html>Lotte</a>,PL
Castillo Luis,12,3,3,0,1,0,0,200,49.0,52,2,34,3,0,2,1,18,17,3.12,2.49,3.25,1.12,106,67,90,0.63,1.0%,17.0%,1.5%,15.5%,<a href=https://npb.jp/bis/eng/teams/index_m.html>Lotte</a>,PL
Hirohata Atsuya,8,1,1,0,0,0,0,50,11.0,14,1,11,5,1,0,0,7,7,5.73,3.58,3.60,1.73,58,97,99,2.15,2.0%,22.0%,10.0%,12.0%,<a href=https://npb.jp/bis/eng/teams/index_m.html>Lotte</a>,PL
Iwashita Daiki,27,1,0,0,3,0,0,130,30.2,25,2,28,14,3,1,3,11,10,2.93,3.53,3.72,1.27,113,96,103,-0.60,1.5%,21.5%,10.8%,10.7%,<a href=https://npb.jp/bis/eng/teams/index_m.html>Lotte</a>,PL
Karakawa Yuki,6,0,1,0,1,0,0,37,7.2,15,1,2,1,0,0,0,6,6,7.04,4.60,4.53,2.09,47,125,125,2.44,2.7%,5.4%,2.7%,2.7%,<a href=https://npb.jp/bis/eng/teams/index_m.html>Lotte</a>,PL
Kikuchi Riku,1,0,1,0,0,0,0,22,4.0,7,1,0,3,0,0,2,4,1,2.25,8.54,6.16,2.50,147,231,170,-6.29,4.5%,0.0%,13.6%,-13.6%,<a href=https://npb.jp/bis/eng/teams/index_m.html>Lotte</a>,PL
Kuniyoshi Yuki,3,0,0,0,0,0,0,13,3.2,1,0,2,2,0,0,0,0,0,0.00,3.58,4.80,0.82,999,97,133,-3.58,0.0%,15.4%,15.4%,0.0%,<a href=https://npb.jp/bis/eng/teams/index_m.html>Lotte</a>,PL
Masuda Naoya,58,2,5,36,13,0,0,222,53.1,49,9,54,14,1,1,4,23,22,3.71,4.05,3.00,1.18,89,110,83,-0.34,4.1%,24.3%,6.3%,18.0%,<a href=https://npb.jp/bis/eng/teams/index_m.html>Lotte</a>,PL
Mercedes CC,22,4,8,1,0,0,0,483,116.1,111,8,58,36,0,2,3,46,43,3.33,3.91,4.34,1.26,99,106,120,-0.58,1.7%,12.0%,7.5%,4.5%,<a href=https://npb.jp/bis/eng/teams/index_m.html>Lotte</a>,PL
Mima Manabu,18,3,9,0,0,0,0,429,98.1,106,13,67,32,1,3,1,55,52,4.76,4.46,3.98,1.40,69,121,110,0.30,3.0%,15.6%,7.5%,8.1%,<a href=https://npb.jp/bis/eng/teams/index_m.html>Lotte</a>,PL
Mori Ryotaro,7,1,4,0,0,0,0,153,33.0,41,3,29,10,0,2,0,23,22,6.00,3.55,3.56,1.55,55,96,98,2.45,2.0%,19.0%,6.5%,12.5%,<a href=https://npb.jp/bis/eng/teams/index_m.html>Lotte</a>,PL
Motomae Fumiya,1,0,0,0,0,0,0,22,5.0,4,1,5,4,0,0,0,2,2,3.60,6.04,4.35,1.60,92,164,120,-2.44,4.5%,22.7%,18.2%,4.5%,<a href=https://npb.jp/bis/eng/teams/index_m.html>Lotte</a>,PL
Nakamori Shunsuke,13,3,2,0,0,0,0,86,20.1,17,2,10,8,2,3,1,8,8,3.54,4.96,4.57,1.23,93,134,126,-1.42,2.3%,11.6%,9.3%,2.3%,<a href=https://npb.jp/bis/eng/teams/index_m.html>Lotte</a>,PL
Nakamura Toshiya,17,3,1,0,0,0,0,99,23.1,22,0,19,6,0,1,1,6,6,2.31,2.31,3.49,1.20,143,63,96,0.00,0.0%,19.2%,6.1%,13.1%,<a href=https://npb.jp/bis/eng/teams/index_m.html>Lotte</a>,PL
Nishimura Takahiro,44,4,0,0,14,0,0,174,43.1,28,2,41,16,0,1,3,7,6,1.25,2.92,3.36,1.02,264,79,93,-1.67,1.1%,23.6%,9.2%,14.4%,<a href=https://npb.jp/bis/eng/teams/index_m.html>Lotte</a>,PL
Nishino Yuji,18,8,5,0,0,1,0,464,117.0,109,4,92,23,0,4,1,39,35,2.69,2.60,3.31,1.13,123,70,91,0.09,0.9%,19.8%,5.0%,14.8%,<a href=https://npb.jp/bis/eng/teams/index_m.html>Lotte</a>,PL
Ojima Kazuya,25,10,6,0,0,0,0,657,158.1,143,14,114,57,0,6,2,64,61,3.47,3.94,3.93,1.26,95,107,109,-0.47,2.1%,17.4%,8.7%,8.7%,<a href=https://npb.jp/bis/eng/teams/index_m.html>Lotte</a>,PL
Ono Fumiya,10,0,1,0,4,0,0,41,9.2,9,0,6,3,0,1,2,5,5,4.66,3.04,4.07,1.24,71,82,112,1.62,0.0%,14.6%,7.3%,7.3%,<a href=https://npb.jp/bis/eng/teams/index_m.html>Lotte</a>,PL
Onuma Kenta,4,0,0,0,0,0,0,34,7.0,9,1,4,3,0,1,0,7,7,9.00,5.47,4.51,1.71,37,148,125,3.53,2.9%,11.8%,8.8%,3.0%,<a href=https://npb.jp/bis/eng/teams/index_m.html>Lotte</a>,PL
Perdomo Luis,53,1,3,1,41,0,0,209,50.2,49,1,41,15,0,0,1,15,12,2.13,2.56,3.56,1.26,155,69,98,-0.43,0.5%,19.6%,7.2%,12.4%,<a href=https://npb.jp/bis/eng/teams/index_m.html>Lotte</a>,PL
Sakamoto Koshiro,51,1,0,0,16,0,0,209,47.2,46,5,48,22,3,2,2,18,17,3.21,3.90,3.56,1.43,103,106,98,-0.69,2.4%,23.0%,10.5%,12.5%,<a href=https://npb.jp/bis/eng/teams/index_m.html>Lotte</a>,PL
Sasaki Chihaya,2,0,0,0,0,0,0,15,3.0,6,0,0,0,0,1,0,2,1,3.00,4.04,4.80,2.00,110,109,133,-1.04,0.0%,0.0%,0.0%,0.0%,<a href=https://npb.jp/bis/eng/teams/index_m.html>Lotte</a>,PL
Sasaki Roki,15,7,4,0,0,0,0,345,91.0,51,1,135,17,0,5,12,19,18,1.78,0.94,1.38,0.75,185,25,38,0.84,0.3%,39.1%,4.9%,34.2%,<a href=https://npb.jp/bis/eng/teams/index_m.html>Lotte</a>,PL
Sawada Keisuke,17,2,0,2,6,0,0,63,16.2,11,1,18,6,0,0,0,2,2,1.08,2.74,2.90,1.02,306,74,80,-1.66,1.6%,28.6%,9.5%,19.1%,<a href=https://npb.jp/bis/eng/teams/index_m.html>Lotte</a>,PL
Sawamura Hirokazu,34,4,3,3,14,0,0,148,33.0,33,6,24,18,2,1,0,18,18,4.91,5.67,4.39,1.55,67,154,121,-0.76,4.1%,16.2%,12.2%,4.0%,<a href=https://npb.jp/bis/eng/teams/index_m.html>Lotte</a>,PL
Suzuki Shota,13,0,0,0,0,0,0,67,16.1,12,2,13,7,0,0,0,8,5,2.76,4.32,3.90,1.16,120,117,108,-1.56,3.0%,19.4%,10.4%,9.0%,<a href=https://npb.jp/bis/eng/teams/index_m.html>Lotte</a>,PL
Takano Shuta,7,0,0,0,0,0,0,45,11.0,9,1,8,5,0,0,1,4,2,1.64,4.13,4.13,1.27,201,112,114,-2.49,2.2%,17.8%,11.1%,6.7%,<a href=https://npb.jp/bis/eng/teams/index_m.html>Lotte</a>,PL
Taneichi Atsuki,23,10,7,0,0,0,0,571,136.2,124,12,157,45,1,7,3,56,52,3.42,3.02,2.84,1.24,97,82,78,0.40,2.1%,27.5%,7.9%,19.6%,<a href=https://npb.jp/bis/eng/teams/index_m.html>Lotte</a>,PL
Tojo Taiki,11,0,0,1,2,0,0,45,9.2,12,1,10,5,0,0,1,9,8,7.45,3.86,3.69,1.76,44,105,102,3.59,2.2%,22.2%,11.1%,11.1%,<a href=https://npb.jp/bis/eng/teams/index_m.html>Lotte</a>,PL
Yagi Akira,3,0,0,0,0,0,0,20,3.0,9,1,2,2,0,0,0,6,6,18.00,8.04,4.80,3.67,18,218,133,9.96,5.0%,10.0%,10.0%,0.0%,<a href=https://npb.jp/bis/eng/teams/index_m.html>Lotte</a>,PL
Yokoyama Rikuto,38,2,3,1,8,0,0,172,39.1,41,3,42,18,2,1,3,25,23,5.26,3.34,3.40,1.50,63,90,94,1.92,1.7%,24.4%,10.5%,13.9%,<a href=https://npb.jp/bis/eng/teams/index_m.html>Lotte</a>,PL
Arihara Kohei,17,10,5,0,0,1,1,490,120.2,105,13,74,25,1,7,1,40,31,2.31,4.01,3.80,1.08,139,112,105,-1.70,2.7%,15.1%,5.1%,10.0%,<a href=https://npb.jp/bis/eng/teams/index_h.html>SoftBank</a>,PL
Bandoh Yugo,30,5,4,0,1,0,0,349,83.0,73,5,58,34,0,3,1,32,28,3.04,3.76,4.11,1.29,105,105,114,-0.72,1.4%,16.6%,9.7%,6.9%,<a href=https://npb.jp/bis/eng/teams/index_h.html>SoftBank</a>,PL
Fujii Kouya,34,5,3,0,9,0,0,288,69.2,46,3,84,33,1,7,1,21,18,2.33,2.91,3.03,1.13,138,81,84,-0.58,1.0%,29.2%,11.5%,17.7%,<a href=https://npb.jp/bis/eng/teams/index_h.html>SoftBank</a>,PL
Furukawa Yuri,9,0,0,0,0,0,0,42,10.0,12,3,11,1,0,0,0,5,5,4.50,5.04,2.42,1.30,71,141,67,-0.54,7.1%,26.2%,2.4%,23.8%,<a href=https://npb.jp/bis/eng/teams/index_h.html>SoftBank</a>,PL
Gunkel Joe,5,0,1,0,0,0,0,80,17.0,21,3,11,5,0,2,0,14,11,5.82,5.27,4.05,1.53,55,147,112,0.55,3.8%,13.8%,6.2%,7.6%,<a href=https://npb.jp/bis/eng/teams/index_h.html>SoftBank</a>,PL
Hernandez Darwinzon,1,0,0,0,0,0,0,7,0.2,3,1,1,1,0,1,0,2,2,27.00,28.54,4.80,6.00,12,796,133,-1.54,14.3%,14.3%,14.3%,0.0%,<a href=https://npb.jp/bis/eng/teams/index_h.html>SoftBank</a>,PL
Higashihama Nao,17,6,7,0,0,0,0,428,99.2,114,6,73,24,0,0,1,50,50,4.52,3.08,3.66,1.38,71,86,101,1.44,1.4%,17.1%,5.6%,11.5%,<a href=https://npb.jp/bis/eng/teams/index_h.html>SoftBank</a>,PL
Ishikawa Shuta,23,4,8,0,0,1,1,550,125.2,108,15,119,61,2,8,3,63,58,4.15,4.34,3.75,1.34,77,121,104,-0.19,2.7%,21.6%,11.1%,10.5%,<a href=https://npb.jp/bis/eng/teams/index_h.html>SoftBank</a>,PL
Izumi Keisuke,3,0,0,0,0,0,0,17,2.2,4,1,2,3,0,2,0,5,5,16.88,12.04,5.39,2.63,19,336,149,4.84,5.9%,11.8%,17.6%,-5.8%,<a href=https://npb.jp/bis/eng/teams/index_h.html>SoftBank</a>,PL
Kaino Hiroshi,46,3,1,2,8,0,0,172,42.2,33,2,39,13,0,2,0,12,12,2.53,2.87,3.29,1.08,127,80,91,-0.34,1.2%,22.7%,7.6%,15.1%,<a href=https://npb.jp/bis/eng/teams/index_h.html>SoftBank</a>,PL
Kasaya Shunsuke,8,0,0,0,0,0,0,47,11.1,8,0,11,8,0,0,0,2,2,1.59,3.21,4.16,1.41,202,89,115,-1.62,0.0%,23.4%,17.0%,6.4%,<a href=https://npb.jp/bis/eng/teams/index_h.html>SoftBank</a>,PL
Kayama Shinya,23,1,0,0,7,0,0,56,12.0,16,1,7,6,0,1,0,7,7,5.25,4.70,4.62,1.83,61,131,128,0.55,1.8%,12.5%,10.7%,1.8%,<a href=https://npb.jp/bis/eng/teams/index_h.html>SoftBank</a>,PL
Matayoshi Katsuki,32,2,2,0,10,0,0,113,28.0,21,2,15,10,0,2,1,7,7,2.25,4.18,4.36,1.11,142,117,120,-1.93,1.8%,13.3%,8.8%,4.5%,<a href=https://npb.jp/bis/eng/teams/index_h.html>SoftBank</a>,PL
Matsumoto Haru,3,0,1,0,0,0,0,31,6.1,8,0,4,3,0,1,0,5,5,7.11,3.67,4.48,1.74,45,102,124,3.44,0.0%,12.9%,9.7%,3.2%,<a href=https://npb.jp/bis/eng/teams/index_h.html>SoftBank</a>,PL
Matsumoto Yuki,53,2,2,0,25,0,0,189,47.0,32,5,60,17,1,0,1,16,14,2.68,2.95,2.52,1.04,120,82,70,-0.27,2.6%,31.7%,9.0%,22.7%,<a href=https://npb.jp/bis/eng/teams/index_h.html>SoftBank</a>,PL
Moinelo Livan,27,3,0,5,13,0,0,97,27.2,11,0,37,5,2,0,0,3,3,0.98,0.90,1.50,0.58,327,25,41,0.08,0.0%,38.1%,5.2%,32.9%,<a href=https://npb.jp/bis/eng/teams/index_h.html>SoftBank</a>,PL
Mori Yuito,6,2,3,0,0,0,0,126,29.1,28,2,27,9,0,0,0,15,15,4.60,3.00,3.37,1.26,70,84,93,1.60,1.6%,21.4%,7.1%,14.3%,<a href=https://npb.jp/bis/eng/teams/index_h.html>SoftBank</a>,PL
Ogata Shuto,12,0,1,0,0,0,0,75,18.0,18,3,15,3,0,1,0,11,8,4.00,4.20,3.20,1.17,80,117,88,-0.20,4.0%,20.0%,4.0%,16.0%,<a href=https://npb.jp/bis/eng/teams/index_h.html>SoftBank</a>,PL
Ohtsu Ryosuke,46,2,0,0,13,0,0,164,40.2,34,5,21,11,1,2,1,14,11,2.43,4.56,4.19,1.11,132,127,116,-2.13,3.0%,12.8%,6.7%,6.1%,<a href=https://npb.jp/bis/eng/teams/index_h.html>SoftBank</a>,PL
Ohzeki Tomohisa,17,5,7,0,0,2,1,427,104.2,86,11,76,35,0,6,1,36,34,2.92,4.13,3.84,1.16,110,115,106,-1.21,2.6%,17.8%,8.2%,9.6%,<a href=https://npb.jp/bis/eng/teams/index_h.html>SoftBank</a>,PL
Osuna Roberto,49,3,2,26,12,0,0,170,49.0,28,3,42,6,1,0,0,5,5,0.92,2.49,2.68,0.69,349,69,74,-1.57,1.8%,24.7%,3.5%,21.2%,<a href=https://npb.jp/bis/eng/teams/index_h.html>SoftBank</a>,PL
Shiino Arata,11,0,1,0,0,0,0,73,16.1,17,1,17,9,2,0,1,9,7,3.86,3.40,3.70,1.59,83,95,102,0.46,1.4%,23.3%,12.3%,11.0%,<a href=https://npb.jp/bis/eng/teams/index_h.html>SoftBank</a>,PL
Stewart Jr. Carter,14,3,6,0,0,0,0,344,77.1,70,7,67,42,1,1,3,31,29,3.38,4.15,4.07,1.45,95,116,112,-0.77,2.0%,19.5%,12.2%,7.3%,<a href=https://npb.jp/bis/eng/teams/index_h.html>SoftBank</a>,PL
Takahashi Rei,5,0,2,0,0,0,0,63,11.2,23,3,2,6,0,1,0,14,14,10.80,7.84,5.43,2.49,30,219,150,2.96,4.8%,3.2%,9.5%,-6.3%,<a href=https://npb.jp/bis/eng/teams/index_h.html>SoftBank</a>,PL
Takeda Shota,29,1,2,0,2,0,0,197,46.0,45,1,38,19,0,2,1,20,20,3.91,3.04,3.84,1.39,82,85,106,0.87,0.5%,19.3%,9.6%,9.7%,<a href=https://npb.jp/bis/eng/teams/index_h.html>SoftBank</a>,PL
Taura Fumimaru,45,2,1,0,7,0,0,150,34.0,31,1,28,12,1,7,3,9,9,2.38,3.45,3.73,1.26,135,96,103,-1.07,0.7%,18.7%,8.0%,10.7%,<a href=https://npb.jp/bis/eng/teams/index_h.html>SoftBank</a>,PL
Tsumori Yuki,56,4,4,0,22,0,0,202,48.2,37,4,44,21,2,3,0,20,19,3.51,3.78,3.66,1.19,91,105,101,-0.27,2.0%,21.8%,10.4%,11.4%,<a href=https://npb.jp/bis/eng/teams/index_h.html>SoftBank</a>,PL
Wada Tsuyoshi,21,8,6,0,0,0,0,414,100.0,89,10,85,29,0,3,0,39,36,3.24,3.60,3.45,1.18,99,100,95,-0.36,2.4%,20.5%,7.0%,13.5%,<a href=https://npb.jp/bis/eng/teams/index_h.html>SoftBank</a>,PL
Anraku Tomohiro,57,3,2,0,10,0,0,214,47.1,48,2,32,18,1,8,4,16,16,3.04,3.88,4.15,1.39,102,112,115,-0.84,0.9%,15.0%,8.4%,6.6%,<a href=https://npb.jp/bis/eng/teams/index_e.html>Rakuten</a>,PL
Banuelos Manny,1,0,0,0,0,0,0,8,0.2,4,0,0,2,0,0,0,6,6,81.00,12.04,7.30,9.00,4,348,202,68.96,0.0%,0.0%,25.0%,-25.0%,<a href=https://npb.jp/bis/eng/teams/index_e.html>Rakuten</a>,PL
Fujihira Shoma,11,2,4,0,0,0,0,231,50.2,50,5,42,27,0,1,5,30,25,4.44,4.32,4.15,1.52,70,125,115,0.12,2.2%,18.2%,11.7%,6.5%,<a href=https://npb.jp/bis/eng/teams/index_e.html>Rakuten</a>,PL
Fujii Masaru,10,3,0,0,0,0,0,148,35.1,28,1,24,18,0,0,1,12,9,2.29,3.57,4.39,1.30,135,103,121,-1.28,0.7%,16.2%,12.2%,4.0%,<a href=https://npb.jp/bis/eng/teams/index_e.html>Rakuten</a>,PL
Hayakawa Takahisa,17,6,7,0,0,0,0,413,96.2,102,13,78,27,0,2,0,42,37,3.44,4.07,3.57,1.33,90,118,99,-0.63,3.1%,18.9%,6.5%,12.4%,<a href=https://npb.jp/bis/eng/teams/index_e.html>Rakuten</a>,PL
Ishibashi Ryota,2,0,0,0,0,0,0,18,3.1,8,1,2,1,0,0,0,7,7,18.90,6.64,4.24,2.70,16,192,117,12.26,5.6%,11.1%,5.6%,5.5%,<a href=https://npb.jp/bis/eng/teams/index_e.html>Rakuten</a>,PL
Itoh Mao,25,1,0,0,3,0,0,98,22.0,18,1,9,14,0,3,2,11,8,3.27,5.13,5.31,1.45,95,148,147,-1.86,1.0%,9.2%,14.3%,-5.1%,<a href=https://npb.jp/bis/eng/teams/index_e.html>Rakuten</a>,PL
Karashima Wataru,10,1,5,0,0,0,0,224,51.1,57,7,24,16,0,1,1,27,26,4.56,4.87,4.44,1.42,68,141,123,-0.31,3.1%,10.7%,7.1%,3.6%,<a href=https://npb.jp/bis/eng/teams/index_e.html>Rakuten</a>,PL
Kishi Takayuki,20,9,5,0,0,1,1,506,120.1,123,10,76,20,0,3,2,44,41,3.07,3.43,3.69,1.19,101,99,102,-0.36,2.0%,15.0%,4.0%,11.0%,<a href=https://npb.jp/bis/eng/teams/index_e.html>Rakuten</a>,PL
Komago Ryuji,4,0,0,0,0,0,0,23,4.0,4,0,3,6,0,0,1,4,4,9.00,6.04,6.10,2.50,34,174,169,2.96,0.0%,13.0%,26.1%,-13.1%,<a href=https://npb.jp/bis/eng/teams/index_e.html>Rakuten</a>,PL
Matsui Tomotaka,6,1,2,0,0,0,0,78,18.2,15,0,13,8,1,0,1,9,8,3.86,2.93,4.16,1.23,80,85,115,0.93,0.0%,16.7%,10.3%,6.4%,<a href=https://npb.jp/bis/eng/teams/index_e.html>Rakuten</a>,PL
Matsui Yuki,59,2,3,39,8,0,0,222,57.1,38,3,72,13,2,0,2,14,10,1.57,1.89,2.14,0.89,197,55,59,-0.32,1.4%,32.4%,5.9%,26.5%,<a href=https://npb.jp/bis/eng/teams/index_e.html>Rakuten</a>,PL
Miyamori Satoshi,24,0,2,0,3,0,0,106,21.0,30,2,15,14,0,0,1,18,18,7.71,4.85,4.71,2.10,40,140,130,2.86,1.9%,14.2%,13.2%,1.0%,<a href=https://npb.jp/bis/eng/teams/index_e.html>Rakuten</a>,PL
Nishigaki Masaya,1,0,0,0,0,0,0,4,0.1,1,0,0,1,0,1,0,3,3,81.00,21.04,7.30,6.00,4,608,202,59.96,0.0%,0.0%,25.0%,-25.0%,<a href=https://npb.jp/bis/eng/teams/index_e.html>Rakuten</a>,PL
Nishiguchi Naoto,26,0,4,0,7,0,0,109,23.2,32,4,18,9,0,0,1,14,12,4.56,4.85,3.97,1.73,68,140,110,-0.29,3.7%,16.5%,8.3%,8.2%,<a href=https://npb.jp/bis/eng/teams/index_e.html>Rakuten</a>,PL
Norimoto Takahiro,24,8,8,0,0,0,0,636,155.0,134,7,111,44,0,1,5,57,45,2.61,3.06,3.75,1.15,119,88,104,-0.45,1.1%,17.5%,6.9%,10.6%,<a href=https://npb.jp/bis/eng/teams/index_e.html>Rakuten</a>,PL
Sakai Tomohito,47,5,3,1,20,0,0,184,42.1,36,1,30,25,2,0,1,17,14,2.98,3.70,4.53,1.44,104,107,125,-0.72,0.5%,16.3%,13.6%,2.7%,<a href=https://npb.jp/bis/eng/teams/index_e.html>Rakuten</a>,PL
Shiomi Takahiro,1,0,1,0,0,0,0,17,4.0,4,2,4,1,0,0,0,4,4,9.00,8.29,3.04,1.25,34,239,84,0.71,11.8%,23.5%,5.9%,17.6%,<a href=https://npb.jp/bis/eng/teams/index_e.html>Rakuten</a>,PL
Shoji Kosei,19,5,3,0,0,0,0,460,109.2,90,6,93,48,0,5,3,43,41,3.36,3.50,3.82,1.26,92,101,106,-0.14,1.3%,20.2%,10.4%,9.8%,<a href=https://npb.jp/bis/eng/teams/index_e.html>Rakuten</a>,PL
Sung Chia-Hao,49,2,1,0,16,0,0,188,46.2,41,5,35,11,0,0,3,16,15,2.89,3.64,3.52,1.11,107,105,97,-0.75,2.7%,18.6%,5.9%,12.7%,<a href=https://npb.jp/bis/eng/teams/index_e.html>Rakuten</a>,PL
Suzuki Sora,61,1,1,1,22,0,0,195,43.2,37,5,47,25,3,3,4,18,16,3.30,4.30,3.67,1.42,94,124,101,-1.00,2.6%,24.1%,12.8%,11.3%,<a href=https://npb.jp/bis/eng/teams/index_e.html>Rakuten</a>,PL
Takada Koichi,7,0,0,0,0,0,0,44,9.2,14,0,6,2,0,0,2,4,2,1.86,2.42,3.89,1.66,166,70,107,-0.56,0.0%,13.6%,4.5%,9.1%,<a href=https://npb.jp/bis/eng/teams/index_e.html>Rakuten</a>,PL
Takinaka Ryota,8,2,4,0,0,0,0,179,42.1,45,3,18,11,0,1,4,20,18,3.83,3.96,4.41,1.32,81,114,122,-0.13,1.7%,10.1%,6.1%,4.0%,<a href=https://npb.jp/bis/eng/teams/index_e.html>Rakuten</a>,PL
Tanaka Masahiro,24,7,11,0,0,0,0,600,139.1,156,15,81,38,0,5,5,79,76,4.91,4.20,4.08,1.39,63,121,113,0.71,2.5%,13.5%,6.3%,7.2%,<a href=https://npb.jp/bis/eng/teams/index_e.html>Rakuten</a>,PL
Tsurusaki Taisei,7,0,0,0,0,0,0,38,9.2,11,1,7,0,0,0,0,2,2,1.86,2.93,2.96,1.14,166,85,82,-1.07,2.6%,18.4%,0.0%,18.4%,<a href=https://npb.jp/bis/eng/teams/index_e.html>Rakuten</a>,PL
Uchi Seiryu,53,4,2,0,7,0,0,222,55.1,38,5,35,17,2,1,1,17,14,2.28,3.92,3.99,0.99,136,113,110,-1.64,2.3%,15.8%,7.7%,8.1%,<a href=https://npb.jp/bis/eng/teams/index_e.html>Rakuten</a>,PL
Watanabe Shota,51,8,3,1,25,0,0,197,48.2,30,1,41,20,3,2,3,15,13,2.40,2.98,3.73,1.03,129,86,103,-0.58,0.5%,20.8%,10.2%,10.6%,<a href=https://npb.jp/bis/eng/teams/index_e.html>Rakuten</a>,PL
Yuge Hayato,12,0,0,0,0,0,0,47,9.2,12,1,5,4,1,2,0,7,6,5.59,5.21,4.59,1.66,55,150,127,0.38,2.1%,10.6%,8.5%,2.1%,<a href=https://npb.jp/bis/eng/teams/index_e.html>Rakuten</a>,PL
Aoyama Minato,39,0,1,3,1,0,0,186,45.2,32,4,34,23,0,0,5,15,15,2.96,4.20,4.21,1.20,107,119,116,-1.24,2.2%,18.3%,12.4%,5.9%,<a href=https://npb.jp/bis/eng/teams/index_l.html>Seibu</a>,PL
Cho Yaku,5,0,0,0,0,0,0,25,5.0,10,2,3,1,0,0,0,5,5,9.00,7.64,4.00,2.20,35,216,110,1.36,8.0%,12.0%,4.0%,8.0%,<a href=https://npb.jp/bis/eng/teams/index_l.html>Seibu</a>,PL
Enns Dietrich,12,1,10,0,0,0,0,236,54.0,53,6,30,23,0,5,1,37,31,5.17,4.93,4.50,1.41,61,140,124,0.24,2.5%,12.7%,9.7%,3.0%,<a href=https://npb.jp/bis/eng/teams/index_l.html>Seibu</a>,PL
Hirai Katsunori,54,4,3,0,28,0,0,222,53.0,46,3,29,22,3,1,1,15,15,2.55,3.98,4.48,1.28,124,113,124,-1.43,1.4%,13.1%,9.9%,3.2%,<a href=https://npb.jp/bis/eng/teams/index_l.html>Seibu</a>,PL
Honda Keisuke,25,0,1,0,2,0,0,148,34.2,34,2,29,15,0,0,1,7,6,1.56,3.41,3.85,1.41,202,97,106,-1.85,1.4%,19.6%,10.1%,9.5%,<a href=https://npb.jp/bis/eng/teams/index_l.html>Seibu</a>,PL
Imai Tatsuya,19,10,5,0,0,2,1,533,133.0,87,11,130,61,0,8,4,38,34,2.30,3.71,3.51,1.11,137,105,97,-1.41,2.1%,24.4%,11.4%,13.0%,<a href=https://npb.jp/bis/eng/teams/index_l.html>Seibu</a>,PL
Kriske Brooks,14,0,0,7,2,0,0,56,14.0,6,1,13,9,1,0,3,3,3,1.93,4.04,4.09,1.07,164,114,113,-2.11,1.8%,23.2%,16.1%,7.1%,<a href=https://npb.jp/bis/eng/teams/index_l.html>Seibu</a>,PL
Kumon Katsuhiko,7,1,1,0,0,0,0,25,4.2,7,0,1,5,0,0,0,5,5,9.64,5.82,6.40,2.57,33,165,177,3.82,0.0%,4.0%,20.0%,-16.0%,<a href=https://npb.jp/bis/eng/teams/index_l.html>Seibu</a>,PL
Mameda Taishi,16,0,0,1,6,0,0,62,15.1,8,0,12,7,0,1,0,1,1,0.59,3.04,3.99,0.98,535,86,110,-2.45,0.0%,19.4%,11.3%,8.1%,<a href=https://npb.jp/bis/eng/teams/index_l.html>Seibu</a>,PL
Masuda Tatsushi,40,4,4,19,6,0,0,169,38.0,44,5,27,7,0,2,0,24,23,5.45,4.04,3.62,1.34,58,114,100,1.41,3.0%,16.0%,4.1%,11.9%,<a href=https://npb.jp/bis/eng/teams/index_l.html>Seibu</a>,PL
Matsumoto Wataru,20,6,8,0,0,1,0,496,116.2,102,14,89,48,1,5,3,48,45,3.47,4.43,3.97,1.29,91,125,110,-0.96,2.8%,17.9%,9.7%,8.2%,<a href=https://npb.jp/bis/eng/teams/index_l.html>Seibu</a>,PL
Miyagawa Tetsu,4,1,2,0,0,0,0,83,16.1,23,3,9,13,0,2,1,13,13,7.16,7.08,5.28,2.20,44,200,146,0.08,3.6%,10.8%,15.7%,-4.9%,<a href=https://npb.jp/bis/eng/teams/index_l.html>Seibu</a>,PL
Mizukami Yoshinobu,23,0,2,1,5,0,0,75,17.0,12,1,13,14,0,0,0,4,4,2.12,4.74,4.93,1.53,149,134,136,-2.62,1.3%,17.3%,18.7%,-1.4%,<a href=https://npb.jp/bis/eng/teams/index_l.html>Seibu</a>,PL
Moriwaki Ryosuke,31,2,1,3,12,0,0,117,27.2,22,1,26,15,0,0,1,8,6,1.95,3.25,3.86,1.34,162,92,107,-1.30,0.9%,22.2%,12.8%,9.4%,<a href=https://npb.jp/bis/eng/teams/index_l.html>Seibu</a>,PL
Omagari Ren,10,0,0,0,0,0,0,50,10.0,14,0,5,8,0,0,2,8,6,5.40,4.44,5.40,2.20,58,126,149,0.96,0.0%,10.0%,16.0%,-6.0%,<a href=https://npb.jp/bis/eng/teams/index_l.html>Seibu</a>,PL
Sasaki Takeru,21,0,1,0,4,0,0,83,20.2,14,0,13,8,1,1,0,5,2,0.87,3.09,4.20,1.06,363,87,116,-2.22,0.0%,15.7%,9.6%,6.1%,<a href=https://npb.jp/bis/eng/teams/index_l.html>Seibu</a>,PL
Sato Shunsuke,47,1,2,0,18,0,0,167,39.2,35,1,27,16,2,0,2,15,11,2.50,3.21,4.14,1.29,126,91,114,-0.71,0.6%,16.2%,9.6%,6.6%,<a href=https://npb.jp/bis/eng/teams/index_l.html>Seibu</a>,PL
Sumida Chihiro,22,9,10,0,0,2,1,554,131.0,123,11,128,41,0,7,2,52,50,3.44,3.27,3.23,1.25,92,93,89,0.17,2.0%,23.1%,7.4%,15.7%,<a href=https://npb.jp/bis/eng/teams/index_l.html>Seibu</a>,PL
Taira Kaima,23,11,7,0,0,0,0,611,150.0,115,10,153,55,2,5,0,47,40,2.40,3.06,3.20,1.13,132,87,88,-0.66,1.6%,25.0%,9.0%,16.0%,<a href=https://npb.jp/bis/eng/teams/index_l.html>Seibu</a>,PL
Takahashi Bo,28,0,1,0,0,0,0,151,36.0,20,1,27,19,0,7,2,12,12,3.00,4.06,4.27,1.08,105,115,118,-1.06,0.7%,17.9%,12.6%,5.3%,<a href=https://npb.jp/bis/eng/teams/index_l.html>Seibu</a>,PL
Takahashi Kona,23,10,8,0,0,4,2,626,155.0,123,8,120,47,1,7,7,47,38,2.21,3.20,3.63,1.10,143,91,100,-0.99,1.3%,19.2%,7.5%,11.7%,<a href=https://npb.jp/bis/eng/teams/index_l.html>Seibu</a>,PL
Tamura Ichiro,24,2,1,1,6,0,0,93,23.2,14,1,20,8,0,0,4,4,4,1.52,2.91,3.51,0.93,208,82,97,-1.39,1.1%,21.5%,8.6%,12.9%,<a href=https://npb.jp/bis/eng/teams/index_l.html>Seibu</a>,PL
Tinoco Jesus,38,0,3,0,8,0,0,160,35.0,33,1,29,20,2,3,0,13,11,2.83,3.72,4.24,1.51,112,105,117,-0.89,0.6%,18.1%,12.5%,5.6%,<a href=https://npb.jp/bis/eng/teams/index_l.html>Seibu</a>,PL
Watanabe Yutaro,2,1,0,0,0,0,0,42,11.0,7,0,4,5,0,0,0,1,1,0.82,3.67,5.04,1.09,385,104,139,-2.85,0.0%,9.5%,11.9%,-2.4%,<a href=https://npb.jp/bis/eng/teams/index_l.html>Seibu</a>,PL
Yoza Kaito,15,2,6,0,0,1,1,340,83.0,72,9,39,21,0,5,1,38,34,3.69,4.45,4.27,1.12,86,126,118,-0.76,2.6%,11.5%,6.2%,5.3%,<a href=https://npb.jp/bis/eng/teams/index_l.html>Seibu</a>,PL
Fukuda Suguru,29,1,0,0,3,0,0,100,26.1,11,0,19,10,0,2,4,0,0,0.00,2.96,3.90,0.80,999,85,108,-2.96,0.0%,19.0%,10.0%,9.0%,<a href=https://npb.jp/bis/eng/teams/index_f.html>Nipponham</a>,PL
Hasegawa Takehiro,9,0,0,0,0,0,0,35,8.1,8,0,5,3,0,1,0,1,1,1.08,3.28,4.23,1.32,290,94,117,-2.20,0.0%,14.3%,8.6%,5.7%,<a href=https://npb.jp/bis/eng/teams/index_f.html>Nipponham</a>,PL
Hori Mizuki,5,1,0,0,0,0,0,21,4.0,9,3,3,1,0,0,0,4,4,9.00,12.04,3.85,2.50,35,344,106,-3.04,14.3%,14.3%,4.8%,9.5%,<a href=https://npb.jp/bis/eng/teams/index_f.html>Nipponham</a>,PL
Iguchi Kazutomo,5,0,0,0,0,0,0,23,5.0,6,0,2,3,0,0,1,3,3,5.40,4.04,5.23,1.80,58,115,144,1.36,0.0%,8.7%,13.0%,-4.3%,<a href=https://npb.jp/bis/eng/teams/index_f.html>Nipponham</a>,PL
Ikeda Takahide,51,1,5,0,25,0,0,195,50.1,33,5,45,12,0,2,1,18,16,2.86,3.37,3.11,0.89,109,96,86,-0.51,2.6%,23.1%,6.2%,16.9%,<a href=https://npb.jp/bis/eng/teams/index_f.html>Nipponham</a>,PL
Ishikawa Naoya,16,0,0,1,3,0,0,67,15.1,17,1,12,4,0,1,3,10,10,5.87,3.30,3.61,1.37,53,94,100,2.57,1.5%,17.9%,6.0%,11.9%,<a href=https://npb.jp/bis/eng/teams/index_f.html>Nipponham</a>,PL
Itoh Hiromi,24,7,10,0,0,3,1,649,153.1,147,11,134,41,0,8,2,64,59,3.46,3.18,3.37,1.23,90,91,93,0.28,1.7%,20.6%,6.3%,14.3%,<a href=https://npb.jp/bis/eng/teams/index_f.html>Nipponham</a>,PL
Kanemura Shoma,4,2,1,0,0,0,0,97,25.0,18,0,23,5,0,0,2,7,5,1.80,1.80,2.94,0.92,174,51,81,0.00,0.0%,23.7%,5.2%,18.5%,<a href=https://npb.jp/bis/eng/teams/index_f.html>Nipponham</a>,PL
Katoh Takayuki,24,7,9,0,0,3,1,648,163.1,162,14,83,16,2,1,2,59,52,2.87,3.45,3.77,1.09,109,99,104,-0.58,2.2%,12.8%,2.5%,10.3%,<a href=https://npb.jp/bis/eng/teams/index_f.html>Nipponham</a>,PL
Kawano Ryusei,50,1,4,0,20,0,0,164,42.1,30,1,35,9,0,3,0,9,8,1.70,2.54,3.21,0.92,184,73,89,-0.84,0.6%,21.3%,5.5%,15.8%,<a href=https://npb.jp/bis/eng/teams/index_f.html>Nipponham</a>,PL
Kitaura Ryuji,12,0,0,0,0,0,0,47,11.2,12,1,11,2,0,0,0,4,4,3.09,2.78,2.89,1.20,101,79,80,0.31,2.1%,23.4%,4.3%,19.1%,<a href=https://npb.jp/bis/eng/teams/index_f.html>Nipponham</a>,PL
Kitayama Koki,14,6,5,0,0,0,0,273,66.0,49,9,58,34,1,0,1,26,25,3.41,4.60,3.92,1.26,92,132,108,-1.19,3.3%,21.2%,12.5%,8.7%,<a href=https://npb.jp/bis/eng/teams/index_f.html>Nipponham</a>,PL
Marvel James,8,2,2,0,0,0,0,93,21.2,21,1,12,9,0,1,0,9,6,2.49,3.91,4.48,1.38,126,112,124,-1.42,1.1%,12.9%,9.7%,3.2%,<a href=https://npb.jp/bis/eng/teams/index_f.html>Nipponham</a>,PL
Menez Conner,12,0,2,0,0,0,0,116,25.2,24,1,19,14,0,2,1,13,9,3.16,3.93,4.37,1.48,99,112,121,-0.77,0.9%,16.4%,12.1%,4.3%,<a href=https://npb.jp/bis/eng/teams/index_f.html>Nipponham</a>,PL
Miyanishi Naoki,31,1,3,1,13,0,0,111,23.2,29,3,24,10,3,3,1,7,7,2.66,4.30,3.54,1.65,118,123,98,-1.64,2.7%,21.6%,9.0%,12.6%,<a href=https://npb.jp/bis/eng/teams/index_f.html>Nipponham</a>,PL
Miyauchi Haruki,15,1,0,0,1,0,0,78,16.2,23,1,18,5,1,0,0,12,12,6.48,2.56,3.13,1.68,48,73,86,3.92,1.3%,23.1%,6.4%,16.7%,<a href=https://npb.jp/bis/eng/teams/index_f.html>Nipponham</a>,PL
Nabatame Tsubasa,5,0,1,0,0,0,0,35,8.1,5,0,5,4,0,2,2,3,2,2.16,4.00,4.51,1.08,145,114,125,-1.84,0.0%,14.3%,11.4%,2.9%,<a href=https://npb.jp/bis/eng/teams/index_f.html>Nipponham</a>,PL
Nemoto Haruka,5,3,1,0,0,0,0,105,25.0,12,2,23,14,0,3,0,8,8,2.88,4.28,3.94,1.04,109,122,109,-1.40,1.9%,21.9%,13.3%,8.6%,<a href=https://npb.jp/bis/eng/teams/index_f.html>Nipponham</a>,PL
Ponce Cody,10,4,5,0,0,0,0,237,51.2,59,3,43,17,0,3,2,27,21,3.66,3.29,3.70,1.47,85,94,102,0.37,1.3%,18.1%,7.2%,10.9%,<a href=https://npb.jp/bis/eng/teams/index_f.html>Nipponham</a>,PL
Rodriguez Bryan,37,1,7,0,12,0,0,163,35.1,42,5,20,20,3,0,1,21,20,5.09,5.44,4.80,1.75,61,156,133,-0.35,3.1%,12.3%,12.3%,0.0%,<a href=https://npb.jp/bis/eng/teams/index_f.html>Nipponham</a>,PL
Saitoh Koki,4,1,0,0,0,0,0,15,3.1,5,2,3,0,0,0,0,4,4,10.80,9.04,2.80,1.50,29,258,77,1.76,13.3%,20.0%,0.0%,20.0%,<a href=https://npb.jp/bis/eng/teams/index_f.html>Nipponham</a>,PL
Sugiura Toshihiro,24,0,1,0,0,0,0,99,22.2,22,4,22,10,1,2,1,9,7,2.78,4.98,3.59,1.41,112,142,99,-2.20,4.0%,22.2%,10.1%,12.1%,<a href=https://npb.jp/bis/eng/teams/index_f.html>Nipponham</a>,PL
Suzuki Kenya,24,6,4,0,1,0,0,273,65.0,59,3,23,21,0,3,0,24,19,2.63,4.04,4.73,1.23,119,115,131,-1.41,1.1%,8.4%,7.7%,0.7%,<a href=https://npb.jp/bis/eng/teams/index_f.html>Nipponham</a>,PL
Tamai Taisho,50,0,2,2,10,0,0,162,37.2,43,3,21,7,1,3,3,14,11,2.63,3.75,3.94,1.33,119,107,109,-1.12,1.9%,13.0%,4.3%,8.7%,<a href=https://npb.jp/bis/eng/teams/index_f.html>Nipponham</a>,PL
Tanaka Eito,2,0,0,0,0,0,0,41,8.1,8,1,4,7,0,1,0,5,5,5.40,6.52,5.53,1.80,58,186,153,-1.12,2.4%,9.8%,17.1%,-7.3%,<a href=https://npb.jp/bis/eng/teams/index_f.html>Nipponham</a>,PL
Tanaka Seigi,47,2,3,25,8,0,0,194,46.1,43,6,46,13,0,0,0,18,18,3.50,3.58,3.10,1.21,89,102,86,-0.08,3.1%,23.7%,6.7%,17.0%,<a href=https://npb.jp/bis/eng/teams/index_f.html>Nipponham</a>,PL
Tateno Kazuaki,4,0,1,0,0,0,0,29,6.0,10,2,7,1,0,0,1,4,4,6.00,5.54,2.73,1.83,52,158,75,0.46,6.9%,24.1%,3.4%,20.7%,<a href=https://npb.jp/bis/eng/teams/index_f.html>Nipponham</a>,PL
Uehara Kenta,19,4,7,0,0,0,0,424,101.1,101,7,74,22,1,4,0,40,31,2.75,3.24,3.57,1.21,114,93,99,-0.49,1.7%,17.5%,5.2%,12.3%,<a href=https://npb.jp/bis/eng/teams/index_f.html>Nipponham</a>,PL
Uwasawa Naoyuki,24,9,9,0,0,2,2,696,170.0,152,14,124,41,0,5,5,66,56,2.96,3.46,3.61,1.14,106,99,100,-0.50,2.0%,17.8%,5.9%,11.9%,<a href=https://npb.jp/bis/eng/teams/index_f.html>Nipponham</a>,PL
Yamamoto Takumi,26,0,0,0,3,0,0,97,24.0,23,2,19,6,0,0,1,4,4,1.50,3.29,3.46,1.21,208,94,96,-1.79,2.1%,19.6%,6.2%,13.4%,<a href=https://npb.jp/bis/eng/teams/index_f.html>Nipponham</a>,PL
Yazawa Kota,2,0,0,0,0,0,0,7,2.0,1,0,3,0,0,0,0,0,0,0.00,0.04,0.51,0.50,999,1,14,-0.04,0.0%,42.9%,0.0%,42.9%,<a href=https://npb.jp/bis/eng/teams/index_f.html>Nipponham</a>,PL
Yoshida Kosei,3,0,0,0,0,0,0,15,3.0,5,1,2,2,1,0,0,3,3,9.00,8.04,4.80,2.33,35,230,133,0.96,6.7%,13.3%,13.3%,0.0%,<a href=https://npb.jp/bis/eng/teams/index_f.html>Nipponham</a>,PL
