#,,Team,G,W,L,T,PCT,GB,RS,RA,Diff,XPCT,Home,Road,vs D,vs B,vs H,vs T,vs C,vs V,Inter
,"<img src=""https://www.yakyucosmo.com/wp-content/uploads/2025/04/Dragons.jpg"" alt="""" width=""10"" height=""10"" class=""alignnone size-full wp-image-6225"" />",<a href=https://npb.jp/bis/eng/teams/index_d.html>Chunichi Dragons</a>,68,39,25,4,0.609,--,287,205,82,0.649,20-9(1),19-16(3),--,5-5(2),8-4,10-7(2),8-8,8-1,--
,"<img src=""https://www.yakyucosmo.com/wp-content/uploads/2025/04/Buffaloes.jpg"" alt="""" width=""10"" height=""10"" class=""alignnone size-full wp-image-6222"" />",<a href=https://npb.jp/bis/eng/teams/index_b.html>ORIX Buffaloes</a>,76,38,28,10,0.576,2.0,290,233,57,0.599,20-15(4),18-13(6),5-5(2),--,9-8(2),4-3(3),8-9(2),11-3(1),1-0
,"<img src=""https://www.yakyucosmo.com/wp-content/uploads/2025/04/Hawks.jpg"" alt="""" width=""10"" height=""10"" class=""alignnone size-full wp-image-6220"" /> ",<a href=https://npb.jp/bis/eng/teams/index_h.html>SoftBank Hawks</a>,74,40,31,3,0.563,2.5,313,250,63,0.601,24-18(1),16-13(2),4-8,8-9(2),--,7-9,10-2(1),9-3,2-0
,"<img src=""https://www.yakyucosmo.com/wp-content/uploads/2025/04/Tigers.jpg"" alt="""" width=""10"" height=""10"" class=""alignnone size-full wp-image-6224"" />",<a href=https://npb.jp/bis/eng/teams/index_t.html>Hanshin Tigers</a>,77,38,33,6,0.535,4.5,290,277,13,0.521,20-16(5),18-17(1),7-10(2),3-4(3),9-7,--,7-6(1),10-5,2-1
,"<img src=""https://www.yakyucosmo.com/wp-content/uploads/2025/04/Carp.jpg"" alt="""" width=""10"" height=""10"" class=""alignnone size-full wp-image-6223"" />",<a href=https://npb.jp/bis/eng/teams/index_c.html>Hiroshima Carp</a>,75,32,39,4,0.451,10.5,259,328,-69,0.394,16-20(2),16-19(2),8-8,9-8(2),2-10(1),6-7(1),--,7-6,--
,"<img src=""https://www.yakyucosmo.com/wp-content/uploads/2025/04/Ventures.jpg"" alt="""" width=""10"" height=""10"" class=""alignnone size-full wp-image-6297"" />",<a href=https://hayateventures.jp/>HAYATE Ventures</a>,71,21,49,1,0.300,21.0,180,332,-152,0.246,11-18(1),10-31,1-8,3-11(1),3-9,5-10,6-7,--,3-4
