#,,Team,G,W,L,T,PCT,GB,RS,RA,Diff,XPCT,Home,Road,vs G,vs M,vs L,vs F,vs E,vs DB,vs A,vs S,Inter
,"<img src=""https://www.yakyucosmo.com/wp-content/uploads/2025/04/Giants.jpg"" alt="""" width=""10"" height=""10"" class=""alignnone size-full wp-image-6227"" />",<a href=https://npb.jp/bis/eng/teams/index_g.html>Yomiuri Giants</a>,87,53,32,2,0.624,--,374,252,122,0.673,23-13(2),30-19,--,7-7,7-4(1),10-4,3-5(1),7-4,7-4,10-3,2-1
,"<img src=""https://www.yakyucosmo.com/wp-content/uploads/2025/04/Marines.jpg"" alt="""" width=""10"" height=""10"" class=""alignnone size-full wp-image-6240"" />",<a href=https://npb.jp/bis/eng/teams/index_m.html>Lotte Marines</a>,86,52,32,2,0.619,0.5,396,291,105,0.637,24-16(1),28-16(1),7-7,--,6-5(1),4-2(1),11-6,7-6,9-2,7-3,1-1
,"<img src=""https://www.yakyucosmo.com/wp-content/uploads/2025/04/Lions.jpg"" alt="""" width=""10"" height=""10"" class=""alignnone size-full wp-image-6219"" />",<a href=https://npb.jp/bis/eng/teams/index_l.html>Seibu Lions</a>,83,48,33,2,0.593,3.0,346,273,73,0.607,23-13,25-20(2),4-7(1),5-6(1),--,6-6,5-4,10-4,8-5,10-1,--
,"<img src=""https://www.yakyucosmo.com/wp-content/uploads/2025/04/Fighters.jpg"" alt="""" width=""10"" height=""10"" class=""alignnone size-full wp-image-6217"" />",<a href=https://npb.jp/bis/eng/teams/index_f.html>Nipponham Fighters</a>,83,42,40,1,0.512,9.5,324,308,16,0.523,25-17(1),17-23,4-10,2-4(1),6-6,--,8-7,9-2,5-6,7-4,1-1
,"<img src=""https://www.yakyucosmo.com/wp-content/uploads/2025/04/Eagles.jpg"" alt="""" width=""10"" height=""10"" class=""alignnone size-full wp-image-6218"" />",<a href=https://npb.jp/bis/eng/teams/index_e.html>Rakuten Eagles</a>,91,46,44,1,0.511,9.5,350,363,-13,0.483,29-20,17-24(1),5-3(1),6-11,4-5,7-8,--,8-8,7-3,9-6,--
,"<img src=""https://www.yakyucosmo.com/wp-content/uploads/2025/04/BayStars.jpg"" alt="""" width=""10"" height=""10"" class=""alignnone size-full wp-image-6228"" />",<a href=https://npb.jp/bis/eng/teams/index_db.html>DeNA BayStars</a>,94,39,54,1,0.419,18.0,374,415,-41,0.453,20-26(1),19-28,4-7,6-7,4-10,2-9,8-8,--,6-6,8-5(1),1-2
,"<img src=""https://www.yakyucosmo.com/wp-content/uploads/2025/04/Albirex.jpg"" alt="""" width=""10"" height=""10"" class=""alignnone size-full wp-image-6298"" />",<a href=https://www.niigata-albirex-bc.jp/>Oisix Albirex</a>,85,35,50,0,0.412,18.0,298,417,-119,0.351,22-23,13-27,4-7,2-9,5-8,6-5,3-7,6-6,--,7-3,2-5
,"<img src=""https://www.yakyucosmo.com/wp-content/uploads/2025/04/Swallows.jpg"" alt="""" width=""10"" height=""10"" class=""alignnone size-full wp-image-6226"" />",<a href=https://npb.jp/bis/eng/teams/index_s.html>Yakult Swallows</a>,85,26,58,1,0.310,26.5,230,356,-126,0.310,12-34,14-24(1),3-10,3-7,1-10,4-7,6-9,5-8(1),3-7,--,1-0
