#,,Team,G,W,L,T,PCT,GB,RS,RA,Diff,XPCT,Home,Road,vs M,vs G,vs L,vs F,vs E,vs A,vs DB,vs S,Inter
,"<img src=""https://www.yakyucosmo.com/wp-content/uploads/2025/04/Marines.jpg"" alt="""" width=""10"" height=""10"" class=""alignnone size-full wp-image-6240"" />",<a href=https://npb.jp/bis/eng/teams/index_m.html>Lotte Marines</a>,69,42,25,2,0.627,--,321,236,85,0.637,21-13(1),21-12(1),--,7-5,6-5(1),1-2(1),9-3,8-0,5-6,5-3,1-1
,"<img src=""https://www.yakyucosmo.com/wp-content/uploads/2025/04/Giants.jpg"" alt="""" width=""10"" height=""10"" class=""alignnone size-full wp-image-6227"" />",<a href=https://npb.jp/bis/eng/teams/index_g.html>Yomiuri Giants</a>,70,41,28,1,0.594,2.0,282,210,72,0.632,15-13(1),26-15,5-7,--,5-3,7-4,2-4(1),7-4,7-3,6-2,2-1
,"<img src=""https://www.yakyucosmo.com/wp-content/uploads/2025/04/Lions.jpg"" alt="""" width=""10"" height=""10"" class=""alignnone size-full wp-image-6219"" />",<a href=https://npb.jp/bis/eng/teams/index_l.html>Seibu Lions</a>,67,39,27,1,0.591,2.5,278,218,60,0.609,17-11,22-16(1),5-6(1),3-5,--,3-4,5-4,5-5,8-2,10-1,--
,"<img src=""https://www.yakyucosmo.com/wp-content/uploads/2025/04/Fighters.jpg"" alt="""" width=""10"" height=""10"" class=""alignnone size-full wp-image-6217"" />",<a href=https://npb.jp/bis/eng/teams/index_f.html>Nipponham Fighters</a>,64,37,26,1,0.587,3.0,264,209,55,0.605,20-12(1),17-14,2-1(1),4-7,4-3,--,7-5,3-4,9-2,7-3,1-1
,"<img src=""https://www.yakyucosmo.com/wp-content/uploads/2025/04/Eagles.jpg"" alt="""" width=""10"" height=""10"" class=""alignnone size-full wp-image-6218"" />",<a href=https://npb.jp/bis/eng/teams/index_e.html>Rakuten Eagles</a>,70,34,35,1,0.493,9.0,251,274,-23,0.460,24-16,10-19(1),3-9,4-2(1),4-5,5-7,--,7-3,5-5,6-4,--
,"<img src=""https://www.yakyucosmo.com/wp-content/uploads/2025/04/Albirex.jpg"" alt="""" width=""10"" height=""10"" class=""alignnone size-full wp-image-6298"" />",<a href=https://www.niigata-albirex-bc.jp/>Oisix Albirex</a>,69,28,41,0,0.406,15.0,227,344,-117,0.318,17-19,11-22,0-8,4-7,5-5,4-3,3-7,--,5-4,6-2,1-5
,"<img src=""https://www.yakyucosmo.com/wp-content/uploads/2025/04/BayStars.jpg"" alt="""" width=""10"" height=""10"" class=""alignnone size-full wp-image-6228"" />",<a href=https://npb.jp/bis/eng/teams/index_db.html>DeNA BayStars</a>,73,29,43,1,0.403,15.5,294,323,-29,0.457,14-22(1),15-21,6-5,3-7,2-8,2-9,5-5,4-5,--,7-4(1),--
,"<img src=""https://www.yakyucosmo.com/wp-content/uploads/2025/04/Swallows.jpg"" alt="""" width=""10"" height=""10"" class=""alignnone size-full wp-image-6226"" />",<a href=https://npb.jp/bis/eng/teams/index_s.html>Yakult Swallows</a>,67,19,47,1,0.288,22.5,173,270,-97,0.307,7-29,12-18(1),3-5,2-6,1-10,3-7,4-6,2-6,4-7(1),--,--
