Rank,Pitcher,G,W,L,SV,CG,SHO,BF,IP,H,HR,SO,BB,IBB,HB,WP,R,ER,ERA,FIP,kwERA,WHIP,ERA+,FIP-,kwERA-,Diff,HR%,K%,BB%,K-BB%,Age,T,Team,League
,<a href=https://npb.jp/bis/eng/players/03905157.html>Beasley Jeremy</a>,2,0,0,0,0,0,34,9.0,7,0,14,1,0,0,0,0,0,0.00,0.68,0.98,0.89,999,19,25,-0.68,0.0%,41.2%,2.9%,38.3%,29,R,<a href=https://npb.jp/bis/eng/teams/index_t.html>Hanshin</a>,WL
,<a href=https://npb.jp/bis/eng/players/83085159.html>Betances Jose</a>,1,0,0,0,0,0,3,1.0,0,0,0,0,0,0,0,0,0,0.00,3.46,4.80,0.00,999,95,124,-3.46,0.0%,0.0%,0.0%,0.0%,25,R,<a href=https://npb.jp/bis/eng/teams/index_t.html>Hanshin</a>,WL
,<a href=https://npb.jp/bis/eng/players/13715150.html>Duplantier Jon</a>,2,1,0,0,0,0,33,8.2,6,0,14,2,0,0,0,0,0,0.00,0.92,1.16,0.92,999,25,30,-0.92,0.0%,42.4%,6.1%,36.3%,30,R,<a href=https://npb.jp/bis/eng/teams/index_t.html>Hanshin</a>,WL
,<a href=https://npb.jp/bis/eng/players/31635134.html>Hatake Seishu</a>,4,0,0,0,0,0,19,3.1,7,1,2,3,1,0,2,4,3,8.10,8.86,5.33,3.00,37,244,138,-0.76,5.3%,10.5%,15.8%,-5.3%,31,R,<a href=https://npb.jp/bis/eng/teams/index_t.html>Hanshin</a>,WL
,<a href=https://npb.jp/bis/eng/players/57955159.html>Hayakawa Daiki</a>,3,1,0,0,0,0,48,11.2,9,1,5,6,0,0,1,6,6,4.63,5.26,5.01,1.29,65,145,130,-0.63,2.1%,10.4%,12.5%,-2.1%,25,R,<a href=https://npb.jp/bis/eng/teams/index_t.html>Hanshin</a>,WL
,<a href=https://npb.jp/bis/eng/players/71375150.html>Ihara Takato</a>,1,0,0,0,0,0,3,1.0,0,0,1,0,0,0,0,0,0,0.00,1.46,1.47,0.00,999,40,38,-1.46,0.0%,33.3%,0.0%,33.3%,24,L,<a href=https://npb.jp/bis/eng/teams/index_t.html>Hanshin</a>,WL
,<a href=https://npb.jp/bis/eng/players/71375153.html>Itoh Masashi</a>,2,0,0,0,0,0,45,11.0,12,0,4,2,0,0,0,2,2,1.64,3.28,4.36,1.27,184,90,113,-1.64,0.0%,8.9%,4.4%,4.5%,29,L,<a href=https://npb.jp/bis/eng/teams/index_t.html>Hanshin</a>,WL
,<a href=https://npb.jp/bis/eng/players/31335155.html>Itoh Ryo</a>,3,1,2,0,0,0,51,12.2,8,0,11,4,0,2,0,6,6,4.26,3.14,3.43,0.95,71,86,89,1.12,0.0%,21.6%,7.8%,13.8%,25,L,<a href=https://npb.jp/bis/eng/teams/index_t.html>Hanshin</a>,WL
,<a href=https://npb.jp/bis/eng/players/51355139.html>Iwasada Yuta</a>,7,1,0,0,0,0,29,7.0,3,0,6,4,0,0,1,0,0,0.00,3.46,4.11,1.00,999,95,106,-3.46,0.0%,20.7%,13.8%,6.9%,33,L,<a href=https://npb.jp/bis/eng/teams/index_t.html>Hanshin</a>,WL
,<a href=https://npb.jp/bis/eng/players/11715138.html>Kawahara Riku</a>,5,1,1,0,0,0,14,4.0,1,0,2,2,0,0,0,3,3,6.75,3.96,4.80,0.75,45,109,124,2.79,0.0%,14.3%,14.3%,0.0%,24,L,<a href=https://npb.jp/bis/eng/teams/index_t.html>Hanshin</a>,WL
,<a href=https://npb.jp/bis/eng/players/31935150.html>Kesamaru Yuhki</a>,1,0,0,0,0,0,8,0.2,3,0,0,1,0,0,0,3,1,13.50,7.96,6.05,6.00,22,219,157,5.54,0.0%,0.0%,12.5%,-12.5%,19,R,<a href=https://npb.jp/bis/eng/teams/index_t.html>Hanshin</a>,WL
,<a href=https://npb.jp/bis/eng/players/41745150.html>Kinoshita Rito</a>,5,0,0,0,0,0,15,4.1,2,0,4,1,0,0,1,1,1,2.08,2.31,2.80,0.69,145,64,73,-0.23,0.0%,26.7%,6.7%,20.0%,24,R,<a href=https://npb.jp/bis/eng/teams/index_t.html>Hanshin</a>,WL
,<a href=https://npb.jp/bis/eng/players/93195159.html>Matsubara Kai</a>,2,0,0,0,0,0,14,2.2,3,0,1,2,0,1,3,2,2,6.75,6.09,5.51,1.88,45,168,143,0.66,0.0%,7.1%,14.3%,-7.2%,25,R,<a href=https://npb.jp/bis/eng/teams/index_t.html>Hanshin</a>,WL
,<a href=https://npb.jp/bis/eng/players/03305155.html>Moriki Daichi</a>,2,0,0,0,0,0,17,1.1,7,0,1,3,0,3,2,9,9,60.75,15.46,5.98,7.50,5,425,155,45.29,0.0%,5.9%,17.6%,-11.7%,22,R,<a href=https://npb.jp/bis/eng/teams/index_t.html>Hanshin</a>,WL
,<a href=https://npb.jp/bis/eng/players/13315153.html>Murakami Shoki</a>,1,0,0,0,0,0,18,5.0,3,0,2,0,0,0,0,0,0,0.00,2.66,3.69,0.60,999,73,96,-2.66,0.0%,11.1%,0.0%,11.1%,27,R,<a href=https://npb.jp/bis/eng/teams/index_t.html>Hanshin</a>,WL
,<a href=https://npb.jp/bis/eng/players/71275118.html>Nishi Yuki</a>,2,0,0,0,0,0,36,9.0,7,0,5,0,0,1,0,1,1,1.00,2.68,3.41,0.78,301,74,88,-1.68,0.0%,13.9%,0.0%,13.9%,34,R,<a href=https://npb.jp/bis/eng/teams/index_t.html>Hanshin</a>,WL
,<a href=https://npb.jp/bis/eng/players/41345136.html>Ohtake Koutaro</a>,2,1,0,0,0,0,18,4.0,6,0,1,0,0,0,0,2,2,4.50,2.96,4.24,1.50,67,81,110,1.54,0.0%,5.6%,0.0%,5.6%,30,L,<a href=https://npb.jp/bis/eng/teams/index_t.html>Hanshin</a>,WL
,<a href=https://npb.jp/bis/eng/players/41745134.html>Saiki Hiroto</a>,1,0,1,0,0,0,21,5.0,6,0,3,0,0,0,0,1,1,1.80,2.26,3.37,1.20,167,62,87,-0.46,0.0%,14.3%,0.0%,14.3%,26,R,<a href=https://npb.jp/bis/eng/teams/index_t.html>Hanshin</a>,WL
,<a href=https://npb.jp/bis/eng/players/81085153.html>Satoh Ren</a>,5,1,1,0,0,0,25,5.0,2,0,7,8,0,0,0,1,1,1.80,5.46,5.20,2.00,167,150,135,-3.66,0.0%,28.0%,32.0%,-4.0%,27,R,<a href=https://npb.jp/bis/eng/teams/index_t.html>Hanshin</a>,WL
,<a href=https://npb.jp/bis/eng/players/21925159.html>Shiiba Tsuyoshi</a>,5,0,0,0,0,0,14,3.1,2,0,3,2,0,1,2,0,0,0.00,4.36,4.09,1.20,999,120,106,-4.36,0.0%,21.4%,14.3%,7.1%,23,R,<a href=https://npb.jp/bis/eng/teams/index_t.html>Hanshin</a>,WL
,<a href=https://npb.jp/bis/eng/players/51055133.html>Shimamoto Hiroya</a>,7,0,0,0,0,0,23,7.0,2,0,3,0,0,0,0,0,0,0.00,2.60,3.50,0.29,999,72,91,-2.60,0.0%,13.0%,0.0%,13.0%,32,L,<a href=https://npb.jp/bis/eng/teams/index_t.html>Hanshin</a>,WL
,<a href=https://npb.jp/bis/eng/players/51255157.html>Tomida Ren</a>,1,0,0,0,0,0,16,5.0,1,0,5,0,0,0,0,0,0,0.00,1.46,1.67,0.20,999,40,43,-1.46,0.0%,31.2%,0.0%,31.2%,23,L,<a href=https://npb.jp/bis/eng/teams/index_t.html>Hanshin</a>,WL
,<a href=https://npb.jp/bis/eng/players/11415159.html>Tsuda Junya</a>,1,0,0,0,0,0,20,4.1,4,1,4,5,0,0,0,5,4,8.31,8.08,5.30,2.08,36,222,137,0.23,5.0%,20.0%,25.0%,-5.0%,23,R,<a href=https://npb.jp/bis/eng/teams/index_t.html>Hanshin</a>,WL
,<a href=https://npb.jp/bis/eng/players/11315138.html>Urushihara Taisei</a>,7,1,0,3,0,0,26,7.0,2,0,5,2,0,0,0,2,0,0.00,2.89,3.65,0.57,999,80,95,-2.89,0.0%,19.2%,7.7%,11.5%,28,R,<a href=https://npb.jp/bis/eng/teams/index_t.html>Hanshin</a>,WL
,<a href=https://npb.jp/bis/eng/players/41845138.html>Yuasa Atsuki</a>,3,0,1,0,0,0,16,3.0,3,0,3,3,0,0,0,3,1,3.00,4.46,4.80,2.00,100,123,124,-1.46,0.0%,18.8%,18.8%,0.0%,25,R,<a href=https://npb.jp/bis/eng/teams/index_t.html>Hanshin</a>,WL
,<a href=https://npb.jp/bis/eng/players/51155159.html>Akatsuka Kento</a>,5,0,0,0,0,0,23,5.0,4,1,3,5,0,0,1,2,2,3.60,7.86,5.67,1.80,79,228,147,-4.26,4.3%,13.0%,21.7%,-8.7%,23,R,<a href=https://npb.jp/bis/eng/teams/index_c.html>Hiroshima</a>,WL
,<a href=https://npb.jp/bis/eng/players/33735150.html>Dominguez Johan</a>,2,1,1,0,0,0,38,9.1,7,1,11,3,0,0,0,3,3,2.89,3.46,2.69,1.07,99,101,70,-0.57,2.6%,28.9%,7.9%,21.0%,29,R,<a href=https://npb.jp/bis/eng/teams/index_c.html>Hiroshima</a>,WL
,<a href=https://npb.jp/bis/eng/players/71375136.html>Endoh Atsushi</a>,4,0,0,0,0,0,13,4.0,0,0,4,2,0,0,0,0,0,0.00,2.96,3.26,0.50,999,86,84,-2.96,0.0%,30.8%,15.4%,15.4%,26,R,<a href=https://npb.jp/bis/eng/teams/index_c.html>Hiroshima</a>,WL
,<a href=https://npb.jp/bis/eng/players/51655157.html>Hasebe Ginji</a>,4,0,0,0,0,0,15,4.0,3,0,2,0,0,0,0,0,0,0.00,2.46,3.47,0.75,999,72,90,-2.46,0.0%,13.3%,0.0%,13.3%,26,L,<a href=https://npb.jp/bis/eng/teams/index_c.html>Hiroshima</a>,WL
,<a href=https://npb.jp/bis/eng/players/41645157.html>Hidaka Atsumi</a>,2,1,1,0,0,0,39,9.0,11,0,2,1,0,1,0,6,6,6.00,3.68,4.54,1.33,48,107,118,2.32,0.0%,5.1%,2.6%,2.5%,20,R,<a href=https://npb.jp/bis/eng/teams/index_c.html>Hiroshima</a>,WL
,<a href=https://npb.jp/bis/eng/players/71575157.html>Kawano Kei</a>,3,0,0,0,0,0,15,3.0,4,0,0,1,0,0,0,3,3,9.00,4.46,5.47,1.67,32,130,142,4.54,0.0%,0.0%,6.7%,-6.7%,23,R,<a href=https://npb.jp/bis/eng/teams/index_c.html>Hiroshima</a>,WL
,<a href=https://npb.jp/bis/eng/players/71775136.html>Kemna Makoto</a>,4,0,0,1,0,0,17,4.0,3,0,2,2,0,1,0,1,1,2.25,4.71,4.80,1.25,127,137,124,-2.46,0.0%,11.8%,11.8%,0.0%,30,R,<a href=https://npb.jp/bis/eng/teams/index_c.html>Hiroshima</a>,WL
,<a href=https://npb.jp/bis/eng/players/61965153.html>Kobayashi Tatsuto</a>,3,0,0,1,0,0,13,3.0,2,0,2,2,0,0,0,2,2,6.00,4.13,4.80,1.33,48,120,124,1.87,0.0%,15.4%,15.4%,0.0%,22,R,<a href=https://npb.jp/bis/eng/teams/index_c.html>Hiroshima</a>,WL
,<a href=https://npb.jp/bis/eng/players/91895157.html>Masuda Takehisa</a>,5,0,0,0,0,0,18,5.0,4,0,2,2,0,1,0,0,0,0.00,4.46,4.80,1.20,999,130,124,-4.46,0.0%,11.1%,11.1%,0.0%,26,R,<a href=https://npb.jp/bis/eng/teams/index_c.html>Hiroshima</a>,WL
,<a href=https://npb.jp/bis/eng/players/73175155.html>Matsumoto Ryuya</a>,3,0,0,0,0,0,9,2.1,1,0,0,0,0,0,1,0,0,0.00,3.46,4.80,0.43,999,101,124,-3.46,0.0%,0.0%,0.0%,0.0%,25,R,<a href=https://npb.jp/bis/eng/teams/index_c.html>Hiroshima</a>,WL
,<a href=https://npb.jp/bis/eng/players/41545153.html>Ohmichi Haruki</a>,3,0,0,0,0,0,10,3.0,0,0,3,2,0,0,0,0,0,0.00,3.46,3.80,0.67,999,101,98,-3.46,0.0%,30.0%,20.0%,10.0%,26,R,<a href=https://npb.jp/bis/eng/teams/index_c.html>Hiroshima</a>,WL
,<a href=https://npb.jp/bis/eng/players/61365139.html>Ohsera Daichi</a>,1,0,1,0,0,0,24,4.1,10,1,5,0,0,0,0,8,8,16.62,4.15,2.72,2.31,17,121,70,12.47,4.2%,20.8%,0.0%,20.8%,34,R,<a href=https://npb.jp/bis/eng/teams/index_c.html>Hiroshima</a>,WL
,<a href=https://npb.jp/bis/eng/players/61765157.html>Saitoh Yuta</a>,6,1,0,0,0,0,37,7.2,7,0,6,5,0,1,2,4,2,2.35,4.24,4.53,1.57,121,123,117,-1.89,0.0%,16.2%,13.5%,2.7%,21,R,<a href=https://npb.jp/bis/eng/teams/index_c.html>Hiroshima</a>,WL
,<a href=https://npb.jp/bis/eng/players/71075150.html>Sato Ryunosuke</a>,1,0,1,0,0,0,26,5.2,6,0,3,2,0,0,0,3,3,4.76,3.46,4.42,1.41,60,101,115,1.30,0.0%,11.5%,7.7%,3.8%,22,L,<a href=https://npb.jp/bis/eng/teams/index_c.html>Hiroshima</a>,WL
,<a href=https://npb.jp/bis/eng/players/71075159.html>Sugihara Mirai</a>,1,0,0,0,0,0,6,0.2,2,0,0,1,0,1,0,1,1,13.50,12.46,6.47,4.50,21,362,168,1.04,0.0%,0.0%,16.7%,-16.7%,19,L,<a href=https://npb.jp/bis/eng/teams/index_c.html>Hiroshima</a>,WL
,<a href=https://npb.jp/bis/eng/players/51055159.html>Sugita Takeru</a>,1,0,0,0,0,0,27,6.0,8,0,1,1,0,1,0,3,3,4.50,4.13,4.80,1.50,63,120,124,0.37,0.0%,3.7%,3.7%,0.0%,23,R,<a href=https://npb.jp/bis/eng/teams/index_c.html>Hiroshima</a>,WL
,<a href=https://npb.jp/bis/eng/players/41045159.html>Taka Taichi</a>,2,0,1,0,0,0,42,8.0,11,1,7,3,0,2,1,11,10,11.25,5.21,3.85,1.75,25,151,100,6.04,2.4%,16.7%,7.1%,9.6%,23,L,<a href=https://npb.jp/bis/eng/teams/index_c.html>Hiroshima</a>,WL
,<a href=https://npb.jp/bis/eng/players/01005134.html>Takahashi Kouya</a>,1,0,0,0,0,0,7,2.0,1,0,4,0,0,0,0,0,0,0.00,-0.54,-0.91,0.50,999,-16,-24,0.54,0.0%,57.1%,0.0%,57.1%,26,L,<a href=https://npb.jp/bis/eng/teams/index_c.html>Hiroshima</a>,WL
,<a href=https://npb.jp/bis/eng/players/31235159.html>Takita Kazuki</a>,4,1,0,0,0,0,33,9.0,4,0,9,3,0,0,0,0,0,0.00,2.46,2.98,0.78,999,72,77,-2.46,0.0%,27.3%,9.1%,18.2%,23,L,<a href=https://npb.jp/bis/eng/teams/index_c.html>Hiroshima</a>,WL
,<a href=https://npb.jp/bis/eng/players/41245151.html>Tamamura Shogo</a>,2,0,2,0,0,0,50,10.0,15,1,10,1,0,1,2,9,5,4.50,3.36,3.00,1.60,63,98,78,1.14,2.0%,20.0%,2.0%,18.0%,24,L,<a href=https://npb.jp/bis/eng/teams/index_c.html>Hiroshima</a>,WL
,<a href=https://npb.jp/bis/eng/players/81085157.html>Tsuji Taiga</a>,2,0,1,0,0,0,15,2.0,5,1,0,3,0,1,0,7,7,31.50,15.96,6.80,4.00,9,464,176,15.54,6.7%,0.0%,20.0%,-20.0%,20,L,<a href=https://npb.jp/bis/eng/teams/index_c.html>Hiroshima</a>,WL
,<a href=https://npb.jp/bis/eng/players/31435159.html>Tsunehiro Hayato</a>,1,0,1,0,0,0,21,6.0,2,0,5,1,0,0,1,1,1,1.50,2.29,2.90,0.50,190,67,75,-0.79,0.0%,23.8%,4.8%,19.0%,23,R,<a href=https://npb.jp/bis/eng/teams/index_c.html>Hiroshima</a>,WL
,<a href=https://npb.jp/bis/eng/players/33235157.html>Bauer Trevor</a>,1,0,0,0,0,0,18,5.0,3,0,7,0,0,0,0,1,1,1.80,0.66,0.91,0.60,160,19,24,1.14,0.0%,38.9%,0.0%,38.9%,34,R,<a href=https://npb.jp/bis/eng/teams/index_db.html>DeNA</a>,EL
,<a href=https://npb.jp/bis/eng/players/43545151.html>Diaz Yofrec</a>,2,0,0,0,0,0,12,2.0,5,0,2,1,0,0,1,3,3,13.50,2.96,3.97,3.00,21,85,103,10.54,0.0%,16.7%,8.3%,8.4%,26,L,<a href=https://npb.jp/bis/eng/teams/index_db.html>DeNA</a>,EL
,<a href=https://npb.jp/bis/eng/players/71675134.html>Hamachi Masumi</a>,3,0,0,0,0,0,14,3.0,5,0,3,0,0,0,0,2,2,6.00,1.46,2.66,1.67,48,42,69,4.54,0.0%,21.4%,0.0%,21.4%,27,R,<a href=https://npb.jp/bis/eng/teams/index_db.html>DeNA</a>,EL
,<a href=https://npb.jp/bis/eng/players/31635157.html>Hashimoto Tatsuya</a>,2,0,0,0,0,0,6,1.1,2,0,2,1,0,0,1,2,2,13.50,2.71,3.13,2.25,21,78,81,10.79,0.0%,33.3%,16.7%,16.6%,24,R,<a href=https://npb.jp/bis/eng/teams/index_db.html>DeNA</a>,EL
,<a href=https://npb.jp/bis/eng/players/71875134.html>Horioka Hayato</a>,1,0,1,0,0,0,6,1.0,2,1,1,1,0,0,0,1,1,9.00,17.46,4.80,3.00,32,502,124,-8.46,16.7%,16.7%,16.7%,0.0%,26,R,<a href=https://npb.jp/bis/eng/teams/index_db.html>DeNA</a>,EL
,<a href=https://npb.jp/bis/eng/players/61365153.html>Irie Taisei</a>,2,0,1,0,0,0,12,2.0,6,1,2,0,0,0,0,4,4,18.00,7.96,3.13,3.00,16,229,81,10.04,8.3%,16.7%,0.0%,16.7%,26,R,<a href=https://npb.jp/bis/eng/teams/index_db.html>DeNA</a>,EL
,<a href=https://npb.jp/bis/eng/players/81385153.html>Iwata Masaki</a>,2,0,0,0,0,0,4,1.1,1,0,1,0,0,0,0,0,0,0.00,1.96,2.30,0.75,999,56,60,-1.96,0.0%,25.0%,0.0%,25.0%,27,L,<a href=https://npb.jp/bis/eng/teams/index_db.html>DeNA</a>,EL
,<a href=https://npb.jp/bis/eng/players/43745159.html>Jackson Andre</a>,1,0,1,0,0,0,20,5.0,3,0,2,3,0,0,0,2,2,3.60,4.46,5.30,1.20,80,128,137,-0.86,0.0%,10.0%,15.0%,-5.0%,29,R,<a href=https://npb.jp/bis/eng/teams/index_db.html>DeNA</a>,EL
,<a href=https://npb.jp/bis/eng/players/01505130.html>Kasaya Shunsuke</a>,1,0,0,0,0,0,2,0.1,0,0,0,0,0,1,0,0,0,0.00,12.46,4.80,0.00,999,359,124,-12.46,0.0%,0.0%,0.0%,0.0%,28,L,<a href=https://npb.jp/bis/eng/teams/index_db.html>DeNA</a>,EL
,<a href=https://npb.jp/bis/eng/players/01705157.html>Konno Ryuto</a>,1,0,0,0,0,0,2,0.2,0,0,0,0,0,0,0,0,0,0.00,3.46,4.80,0.00,999,100,124,-3.46,0.0%,0.0%,0.0%,0.0%,20,R,<a href=https://npb.jp/bis/eng/teams/index_db.html>DeNA</a>,EL
,<a href=https://npb.jp/bis/eng/players/31935155.html>Kozono Kenta</a>,2,0,0,0,0,0,25,8.0,1,0,9,0,0,0,0,0,0,0.00,1.21,1.20,0.12,999,35,31,-1.21,0.0%,36.0%,0.0%,36.0%,22,R,<a href=https://npb.jp/bis/eng/teams/index_db.html>DeNA</a>,EL
,<a href=https://npb.jp/bis/eng/players/11715134.html>Kyoyama Masaya</a>,2,0,0,0,0,0,12,1.1,4,0,1,3,0,1,0,3,3,20.25,10.96,6.47,5.25,14,315,168,9.29,0.0%,8.3%,25.0%,-16.7%,26,R,<a href=https://npb.jp/bis/eng/teams/index_db.html>DeNA</a>,EL
,<a href=https://npb.jp/bis/eng/players/33235155.html>Marcelino Hansel</a>,2,0,0,0,0,0,7,2.0,1,0,4,1,0,0,0,0,0,0.00,0.96,0.51,1.00,999,28,13,-0.96,0.0%,57.1%,14.3%,42.8%,23,R,<a href=https://npb.jp/bis/eng/teams/index_db.html>DeNA</a>,EL
,<a href=https://npb.jp/bis/eng/players/23125159.html>Matsumoto Ryoto</a>,3,0,0,0,0,0,13,3.0,3,1,3,0,0,1,0,2,2,6.00,6.79,2.49,1.00,48,195,65,-0.79,7.7%,23.1%,0.0%,23.1%,23,R,<a href=https://npb.jp/bis/eng/teams/index_db.html>DeNA</a>,EL
,<a href=https://npb.jp/bis/eng/players/93195153.html>Matsumoto Ryunosuke</a>,1,0,0,0,0,0,20,6.0,2,0,8,0,0,0,0,0,0,0.00,0.79,0.80,0.33,999,23,21,-0.79,0.0%,40.0%,0.0%,40.0%,22,L,<a href=https://npb.jp/bis/eng/teams/index_db.html>DeNA</a>,EL
,<a href=https://npb.jp/bis/eng/players/41245137.html>Mishima Kazuki</a>,4,0,0,1,0,0,24,6.0,4,1,5,2,0,0,0,2,2,3.00,4.96,3.55,1.00,96,143,92,-1.96,4.2%,20.8%,8.3%,12.5%,35,R,<a href=https://npb.jp/bis/eng/teams/index_db.html>DeNA</a>,EL
,<a href=https://npb.jp/bis/eng/players/51855138.html>Miyagi Daita</a>,1,0,0,0,0,0,3,1.0,0,0,0,0,0,0,0,0,0,0.00,3.46,4.80,0.00,999,100,124,-3.46,0.0%,0.0%,0.0%,0.0%,24,R,<a href=https://npb.jp/bis/eng/teams/index_db.html>DeNA</a>,EL
,<a href=https://npb.jp/bis/eng/players/01405139.html>Mori Yuito</a>,3,0,1,0,0,0,17,4.2,3,0,2,1,0,0,1,1,0,0.00,3.25,4.21,0.86,999,94,109,-3.25,0.0%,11.8%,5.9%,5.9%,33,R,<a href=https://npb.jp/bis/eng/teams/index_db.html>DeNA</a>,EL
,<a href=https://npb.jp/bis/eng/players/93195134.html>Morihara Kohei</a>,1,0,0,0,0,0,3,1.0,0,0,0,0,0,0,0,0,0,0.00,3.46,4.80,0.00,999,100,124,-3.46,0.0%,0.0%,0.0%,0.0%,33,R,<a href=https://npb.jp/bis/eng/teams/index_db.html>DeNA</a>,EL
,<a href=https://npb.jp/bis/eng/players/63165157.html>Morishita Ryudai</a>,1,0,0,0,0,0,9,2.0,0,0,2,3,0,0,0,0,0,0.00,5.96,5.91,1.50,999,172,153,-5.96,0.0%,22.2%,33.3%,-11.1%,20,L,<a href=https://npb.jp/bis/eng/teams/index_db.html>DeNA</a>,EL
,<a href=https://npb.jp/bis/eng/players/21425153.html>Nakagawa Hayate</a>,1,0,0,0,0,0,3,1.0,0,0,2,0,0,0,0,0,0,0.00,-0.54,-1.87,0.00,999,-16,-48,0.54,0.0%,66.7%,0.0%,66.7%,26,R,<a href=https://npb.jp/bis/eng/teams/index_db.html>DeNA</a>,EL
,<a href=https://npb.jp/bis/eng/players/21225136.html>Nakagawa Koh</a>,1,0,0,0,0,0,3,1.0,1,0,0,0,0,0,0,0,0,0.00,3.46,4.80,1.00,999,100,124,-3.46,0.0%,0.0%,0.0%,0.0%,25,R,<a href=https://npb.jp/bis/eng/teams/index_db.html>DeNA</a>,EL
,<a href=https://npb.jp/bis/eng/players/01305138.html>Ohnuki Shinichi</a>,1,0,1,0,0,0,14,3.0,5,0,1,0,0,0,0,2,1,3.00,2.79,4.09,1.67,96,80,106,0.21,0.0%,7.1%,0.0%,7.1%,31,R,<a href=https://npb.jp/bis/eng/teams/index_db.html>DeNA</a>,EL
,<a href=https://npb.jp/bis/eng/players/11015151.html>Sakamoto Yuya</a>,2,0,0,0,0,0,7,2.0,1,0,1,0,0,0,0,0,0,0.00,2.46,3.37,0.50,999,71,87,-2.46,0.0%,14.3%,0.0%,14.3%,27,L,<a href=https://npb.jp/bis/eng/teams/index_db.html>DeNA</a>,EL
,<a href=https://npb.jp/bis/eng/players/71975134.html>Sasaki Chihaya</a>,1,1,0,0,0,0,6,1.0,3,0,2,0,0,0,0,0,0,0.00,-0.54,1.47,3.00,999,-16,38,0.54,0.0%,33.3%,0.0%,33.3%,31,R,<a href=https://npb.jp/bis/eng/teams/index_db.html>DeNA</a>,EL
,<a href=https://npb.jp/bis/eng/players/81985159.html>Shoji Haruto</a>,2,0,0,0,0,0,34,9.0,6,0,4,3,0,0,0,2,1,1.00,3.57,4.51,1.00,288,103,117,-2.57,0.0%,11.8%,8.8%,3.0%,24,L,<a href=https://npb.jp/bis/eng/teams/index_db.html>DeNA</a>,EL
,<a href=https://npb.jp/bis/eng/players/01905139.html>Taira Kentaro</a>,1,0,0,0,0,0,20,5.0,3,0,5,1,0,0,0,2,0,0.00,2.06,2.80,0.80,999,59,73,-2.06,0.0%,25.0%,5.0%,20.0%,29,R,<a href=https://npb.jp/bis/eng/teams/index_db.html>DeNA</a>,EL
,<a href=https://npb.jp/bis/eng/players/91295159.html>Takeda Riku</a>,1,0,0,0,0,0,7,1.0,2,0,1,1,0,0,0,2,0,0.00,4.46,4.80,3.00,999,128,124,-4.46,0.0%,14.3%,14.3%,0.0%,20,L,<a href=https://npb.jp/bis/eng/teams/index_db.html>DeNA</a>,EL
,<a href=https://npb.jp/bis/eng/players/11415150.html>Takeda Yu</a>,1,0,0,0,0,0,8,1.1,3,0,2,1,0,0,0,1,1,6.75,2.71,3.55,3.00,43,78,92,4.04,0.0%,25.0%,12.5%,12.5%,25,R,<a href=https://npb.jp/bis/eng/teams/index_db.html>DeNA</a>,EL
,<a href=https://npb.jp/bis/eng/players/81285155.html>Tokuyama Souma</a>,3,0,1,0,0,0,15,2.0,3,0,2,6,0,0,0,3,3,13.50,10.46,7.47,4.50,21,301,194,3.04,0.0%,13.3%,40.0%,-26.7%,26,R,<a href=https://npb.jp/bis/eng/teams/index_db.html>DeNA</a>,EL
,<a href=https://npb.jp/bis/eng/players/63365150.html>Wakamatsu Naoki</a>,2,0,0,0,0,0,7,2.0,1,0,2,0,0,0,0,0,0,0.00,1.46,1.94,0.50,999,42,50,-1.46,0.0%,28.6%,0.0%,28.6%,25,R,<a href=https://npb.jp/bis/eng/teams/index_db.html>DeNA</a>,EL
,<a href=https://npb.jp/bis/eng/players/03505159.html>Wick Rowan</a>,2,0,1,0,0,0,11,2.0,3,0,3,2,0,0,0,3,2,9.00,3.46,3.89,2.50,32,100,101,5.54,0.0%,27.3%,18.2%,9.1%,32,R,<a href=https://npb.jp/bis/eng/teams/index_db.html>DeNA</a>,EL
,<a href=https://npb.jp/bis/eng/players/33535157.html>Yoshino Teruki</a>,2,1,1,0,0,0,43,8.1,15,0,7,3,0,1,1,10,10,10.80,3.22,3.87,2.16,27,93,100,7.58,0.0%,16.3%,7.0%,9.3%,26,R,<a href=https://npb.jp/bis/eng/teams/index_db.html>DeNA</a>,EL
,<a href=https://npb.jp/bis/eng/players/51155155.html>Akahoshi Yuji</a>,2,1,0,0,0,0,11,3.0,1,0,2,1,0,0,0,0,0,0.00,3.13,3.89,0.67,999,91,101,-3.13,0.0%,18.2%,9.1%,9.1%,25,R,<a href=https://npb.jp/bis/eng/teams/index_g.html>Yomiuri</a>,EL
,<a href=https://npb.jp/bis/eng/players/41445136.html>Baba Kosuke</a>,5,0,0,1,0,0,20,5.0,3,1,2,2,0,0,0,2,2,3.60,6.46,4.80,1.00,79,189,124,-2.86,5.0%,10.0%,10.0%,0.0%,30,R,<a href=https://npb.jp/bis/eng/teams/index_g.html>Yomiuri</a>,EL
,<a href=https://npb.jp/bis/eng/players/21825153.html>Heinai Ryuta</a>,2,0,0,0,0,0,9,2.0,3,0,1,0,0,0,0,0,0,0.00,2.46,3.69,1.50,999,72,96,-2.46,0.0%,11.1%,0.0%,11.1%,26,R,<a href=https://npb.jp/bis/eng/teams/index_g.html>Yomiuri</a>,EL
,<a href=https://npb.jp/bis/eng/players/31335135.html>Imamura Nobutaka</a>,4,1,0,1,0,0,26,6.0,7,0,8,1,0,1,0,2,1,1.50,1.79,2.11,1.33,189,52,55,-0.29,0.0%,30.8%,3.8%,27.0%,31,L,<a href=https://npb.jp/bis/eng/teams/index_g.html>Yomiuri</a>,EL
,<a href=https://npb.jp/bis/eng/players/51355151.html>Inoue Haruto</a>,1,0,0,0,0,0,10,3.0,2,0,1,0,0,0,0,0,0,0.00,2.79,3.80,0.67,999,82,98,-2.79,0.0%,10.0%,0.0%,10.0%,24,L,<a href=https://npb.jp/bis/eng/teams/index_g.html>Yomiuri</a>,EL
,<a href=https://npb.jp/bis/eng/players/73975155.html>Keller Kyle</a>,2,0,0,0,0,0,6,2.0,0,0,1,0,0,0,0,0,0,0.00,2.46,3.13,0.00,999,72,81,-2.46,0.0%,16.7%,0.0%,16.7%,32,R,<a href=https://npb.jp/bis/eng/teams/index_g.html>Yomiuri</a>,EL
,<a href=https://npb.jp/bis/eng/players/33135159.html>Mataki Teppei</a>,3,1,0,0,0,0,61,15.0,14,0,6,4,0,0,0,3,2,1.20,3.46,4.47,1.20,236,101,116,-2.26,0.0%,9.8%,6.6%,3.2%,26,L,<a href=https://npb.jp/bis/eng/teams/index_g.html>Yomiuri</a>,EL
,<a href=https://npb.jp/bis/eng/players/01805157.html>Matsui Hayate</a>,4,1,1,0,0,0,34,8.0,7,0,5,1,0,3,0,4,4,4.50,3.71,3.62,1.00,63,108,94,0.79,0.0%,14.7%,2.9%,11.8%,24,R,<a href=https://npb.jp/bis/eng/teams/index_g.html>Yomiuri</a>,EL
,<a href=https://npb.jp/bis/eng/players/13115150.html>Miyahara Shunsuke</a>,2,0,0,0,0,0,8,2.0,1,0,0,2,0,0,1,0,0,0.00,6.46,7.30,1.50,999,189,189,-6.46,0.0%,0.0%,25.0%,-25.0%,22,L,<a href=https://npb.jp/bis/eng/teams/index_g.html>Yomiuri</a>,EL
,<a href=https://npb.jp/bis/eng/players/43345159.html>Morita Shunya</a>,1,0,0,0,0,0,13,3.0,4,0,2,1,0,0,0,1,1,3.00,3.13,4.03,1.67,95,91,104,-0.13,0.0%,15.4%,7.7%,7.7%,28,L,<a href=https://npb.jp/bis/eng/teams/index_g.html>Yomiuri</a>,EL
,<a href=https://npb.jp/bis/eng/players/81285132.html>Nakagawa Kota</a>,5,0,1,0,0,0,18,5.0,3,1,3,0,0,0,0,2,2,3.60,4.86,3.13,0.60,79,142,81,-1.26,5.6%,16.7%,0.0%,16.7%,31,L,<a href=https://npb.jp/bis/eng/teams/index_g.html>Yomiuri</a>,EL
,<a href=https://npb.jp/bis/eng/players/31635159.html>Nishidate Yuhi</a>,2,1,0,0,0,0,36,9.0,7,0,7,1,0,0,1,1,1,1.00,2.24,3.13,0.89,284,65,81,-1.24,0.0%,19.4%,2.8%,16.6%,23,R,<a href=https://npb.jp/bis/eng/teams/index_g.html>Yomiuri</a>,EL
,<a href=https://npb.jp/bis/eng/players/71375134.html>Ohe Ryusei</a>,3,0,0,0,0,0,22,5.0,5,0,3,2,0,0,1,2,1,1.80,3.46,4.35,1.40,158,101,113,-1.66,0.0%,13.6%,9.1%,4.5%,26,L,<a href=https://npb.jp/bis/eng/teams/index_g.html>Yomiuri</a>,EL
,<a href=https://npb.jp/bis/eng/players/01005136.html>Takahashi Rei</a>,2,1,0,0,0,0,29,6.0,8,1,3,2,0,2,0,8,7,10.50,6.63,4.46,1.67,27,194,116,3.87,3.4%,10.3%,6.9%,3.4%,29,R,<a href=https://npb.jp/bis/eng/teams/index_g.html>Yomiuri</a>,EL
,<a href=https://npb.jp/bis/eng/players/91095134.html>Takanashi Yuhei</a>,1,0,0,0,0,0,3,1.0,0,0,1,0,0,0,0,0,0,0.00,1.46,1.47,0.00,999,43,38,-1.46,0.0%,33.3%,0.0%,33.3%,32,L,<a href=https://npb.jp/bis/eng/teams/index_g.html>Yomiuri</a>,EL
,<a href=https://npb.jp/bis/eng/players/41045157.html>Tamura Tomoki</a>,2,1,1,0,0,0,19,4.0,3,0,4,3,0,0,0,2,0,0.00,3.71,4.27,1.50,999,108,111,-3.71,0.0%,21.1%,15.8%,5.3%,21,R,<a href=https://npb.jp/bis/eng/teams/index_g.html>Yomiuri</a>,EL
,<a href=https://npb.jp/bis/eng/players/11215114.html>Tanaka Masahiro</a>,2,0,0,0,0,0,42,9.0,10,0,3,4,0,0,0,2,1,1.00,4.13,5.04,1.56,284,121,131,-3.13,0.0%,7.1%,9.5%,-2.4%,36,R,<a href=https://npb.jp/bis/eng/teams/index_g.html>Yomiuri</a>,EL
,<a href=https://npb.jp/bis/eng/players/91495153.html>Toda Natsuki</a>,4,1,0,0,0,0,31,8.0,6,0,7,2,0,0,0,2,1,1.13,2.46,3.19,1.00,251,72,83,-1.33,0.0%,22.6%,6.5%,16.1%,24,R,<a href=https://npb.jp/bis/eng/teams/index_g.html>Yomiuri</a>,EL
,<a href=https://npb.jp/bis/eng/players/03305153.html>Yamasaki Iori</a>,1,0,0,0,0,0,16,4.0,5,0,3,0,0,0,0,1,1,2.25,1.96,2.92,1.25,126,57,76,0.29,0.0%,18.8%,0.0%,18.8%,26,R,<a href=https://npb.jp/bis/eng/teams/index_g.html>Yomiuri</a>,EL
,<a href=https://npb.jp/bis/eng/players/81885138.html>Yokogawa Kai</a>,1,1,0,0,0,0,27,7.0,6,0,4,1,0,0,0,0,0,0.00,2.75,3.69,1.00,999,80,96,-2.75,0.0%,14.8%,3.7%,11.1%,24,L,<a href=https://npb.jp/bis/eng/teams/index_g.html>Yomiuri</a>,EL
,<a href=https://npb.jp/bis/eng/players/73075150.html>Avila Pedro</a>,2,0,0,0,0,0,22,4.0,3,0,2,6,0,1,0,1,1,2.25,7.71,6.62,2.25,133,214,172,-5.46,0.0%,9.1%,27.3%,-18.2%,28,R,<a href=https://npb.jp/bis/eng/teams/index_s.html>Yakult</a>,EL
,<a href=https://npb.jp/bis/eng/players/31635132.html>Hara Juri</a>,2,0,0,0,0,0,10,2.0,5,0,0,0,0,0,0,2,2,9.00,3.46,4.80,2.50,33,96,124,5.54,0.0%,0.0%,0.0%,0.0%,31,R,<a href=https://npb.jp/bis/eng/teams/index_s.html>Yakult</a>,EL
,<a href=https://npb.jp/bis/eng/players/11815150.html>Hirosawa Yu</a>,1,0,0,0,0,0,4,1.0,2,0,0,0,0,0,0,0,0,0.00,3.46,4.80,2.00,999,96,124,-3.46,0.0%,0.0%,0.0%,0.0%,24,R,<a href=https://npb.jp/bis/eng/teams/index_s.html>Yakult</a>,EL
,<a href=https://npb.jp/bis/eng/players/11815134.html>Hoshi Tomoya</a>,3,0,0,0,0,0,12,3.0,2,0,2,2,0,0,0,0,0,0.00,4.13,4.80,1.33,999,115,124,-4.13,0.0%,16.7%,16.7%,0.0%,31,R,<a href=https://npb.jp/bis/eng/teams/index_s.html>Yakult</a>,EL
,<a href=https://npb.jp/bis/eng/players/11315115.html>Ishikawa Masanori</a>,1,1,0,0,0,0,19,5.0,4,2,5,1,0,0,0,2,2,3.60,7.26,2.69,1.00,83,202,70,-3.66,10.5%,26.3%,5.3%,21.0%,45,L,<a href=https://npb.jp/bis/eng/teams/index_s.html>Yakult</a>,EL
,<a href=https://npb.jp/bis/eng/players/01705132.html>Kozawa Reiji</a>,2,1,0,0,0,0,7,2.0,1,0,1,0,0,0,0,0,0,0.00,2.46,3.37,0.50,999,68,87,-2.46,0.0%,14.3%,0.0%,14.3%,27,R,<a href=https://npb.jp/bis/eng/teams/index_s.html>Yakult</a>,EL
,<a href=https://npb.jp/bis/eng/players/93995150.html>Lambert Peter</a>,2,0,1,1,0,0,28,8.0,2,0,7,2,0,0,1,1,0,0.00,2.46,3.01,0.50,999,68,78,-2.46,0.0%,25.0%,7.1%,17.9%,28,R,<a href=https://npb.jp/bis/eng/teams/index_s.html>Yakult</a>,EL
,<a href=https://npb.jp/bis/eng/players/43145153.html>Maruyama Shota</a>,3,0,1,0,0,0,14,2.1,4,0,1,2,0,0,1,3,2,7.71,5.17,5.51,2.57,39,144,143,2.54,0.0%,7.1%,14.3%,-7.2%,26,R,<a href=https://npb.jp/bis/eng/teams/index_s.html>Yakult</a>,EL
,<a href=https://npb.jp/bis/eng/players/51855151.html>Miyagawa Tetsu</a>,2,0,0,0,0,0,10,2.0,2,1,2,2,0,0,0,3,3,13.50,10.96,4.80,2.00,22,305,124,2.54,10.0%,20.0%,20.0%,0.0%,29,R,<a href=https://npb.jp/bis/eng/teams/index_s.html>Yakult</a>,EL
,<a href=https://npb.jp/bis/eng/players/71475157.html>Nishihama Yuhsei</a>,2,0,0,0,0,0,7,2.0,1,0,3,0,0,0,0,0,0,0.00,0.46,0.51,0.50,999,13,13,-0.46,0.0%,42.9%,0.0%,42.9%,22,R,<a href=https://npb.jp/bis/eng/teams/index_s.html>Yakult</a>,EL
,<a href=https://npb.jp/bis/eng/players/61265138.html>Numata Shohei</a>,3,0,0,0,0,0,11,3.0,2,0,0,0,0,0,0,0,0,0.00,3.46,4.80,0.67,999,96,124,-3.46,0.0%,0.0%,0.0%,0.0%,25,R,<a href=https://npb.jp/bis/eng/teams/index_s.html>Yakult</a>,EL
,<a href=https://npb.jp/bis/eng/players/11515137.html>Ogawa Yasuhiro</a>,2,1,0,0,0,0,37,11.0,5,0,8,0,0,0,0,0,0,0.00,2.01,2.64,0.45,999,56,68,-2.01,0.0%,21.6%,0.0%,21.6%,35,R,<a href=https://npb.jp/bis/eng/teams/index_s.html>Yakult</a>,EL
,<a href=https://npb.jp/bis/eng/players/41545151.html>Ohnishi Hiroki</a>,4,0,0,2,0,0,14,4.0,2,1,1,1,0,0,0,2,2,4.50,6.96,4.80,0.75,66,193,124,-2.46,7.1%,7.1%,7.1%,0.0%,27,R,<a href=https://npb.jp/bis/eng/teams/index_s.html>Yakult</a>,EL
,<a href=https://npb.jp/bis/eng/players/81785157.html>Sakamoto Takumi</a>,2,0,1,0,0,0,12,3.0,2,0,0,1,0,0,1,1,1,3.00,4.46,5.63,1.00,99,124,146,-1.46,0.0%,0.0%,8.3%,-8.3%,20,L,<a href=https://npb.jp/bis/eng/teams/index_s.html>Yakult</a>,EL
,<a href=https://npb.jp/bis/eng/players/61965155.html>Satoh Takuma</a>,2,0,0,0,0,0,6,1.1,1,0,3,0,0,0,1,0,0,0.00,-1.04,-0.20,0.75,999,-29,-5,1.04,0.0%,50.0%,0.0%,50.0%,25,L,<a href=https://npb.jp/bis/eng/teams/index_s.html>Yakult</a>,EL
,<a href=https://npb.jp/bis/eng/players/77575159.html>Shimokawa Shunsuke</a>,1,0,0,0,0,0,18,5.0,4,0,4,1,0,0,0,0,0,0.00,2.46,3.13,1.00,999,68,81,-2.46,0.0%,22.2%,5.6%,16.6%,25,R,<a href=https://npb.jp/bis/eng/teams/index_s.html>Yakult</a>,EL
,<a href=https://npb.jp/bis/eng/players/51755136.html>Suzuki Kohei</a>,1,0,1,0,0,0,18,4.0,4,1,4,2,0,0,0,4,4,9.00,6.21,3.69,1.50,33,173,96,2.79,5.6%,22.2%,11.1%,11.1%,31,R,<a href=https://npb.jp/bis/eng/teams/index_s.html>Yakult</a>,EL
,<a href=https://npb.jp/bis/eng/players/21925139.html>Takanashi Hirotoshi</a>,2,0,0,0,0,0,39,9.2,8,0,13,2,0,0,0,1,1,0.93,1.39,1.98,1.03,321,39,51,-0.46,0.0%,33.3%,5.1%,28.2%,34,R,<a href=https://npb.jp/bis/eng/teams/index_s.html>Yakult</a>,EL
,<a href=https://npb.jp/bis/eng/players/91295155.html>Takeyama Hyuga</a>,2,0,1,0,0,0,14,3.0,1,0,3,4,0,0,0,1,1,3.00,5.46,5.51,1.67,99,152,143,-2.46,0.0%,21.4%,28.6%,-7.2%,21,R,<a href=https://npb.jp/bis/eng/teams/index_s.html>Yakult</a>,EL
,<a href=https://npb.jp/bis/eng/players/63365153.html>Yamano Taichi</a>,2,1,0,0,0,0,26,8.0,4,0,7,1,0,0,0,0,0,0.00,2.08,2.49,0.62,999,58,65,-2.08,0.0%,26.9%,3.8%,23.1%,26,L,<a href=https://npb.jp/bis/eng/teams/index_s.html>Yakult</a>,EL
,<a href=https://npb.jp/bis/eng/players/33535155.html>Yamashita Hikaru</a>,1,0,0,0,0,0,3,1.0,0,0,1,0,0,0,0,0,0,0.00,1.46,1.47,0.00,999,41,38,-1.46,0.0%,33.3%,0.0%,33.3%,25,L,<a href=https://npb.jp/bis/eng/teams/index_s.html>Yakult</a>,EL
,<a href=https://npb.jp/bis/eng/players/71575134.html>Yasaki Takuya</a>,2,0,0,1,0,0,12,2.0,5,0,0,1,0,0,0,4,4,18.00,4.96,5.63,3.00,17,138,146,13.04,0.0%,0.0%,8.3%,-8.3%,30,R,<a href=https://npb.jp/bis/eng/teams/index_s.html>Yakult</a>,EL
,<a href=https://npb.jp/bis/eng/players/21625134.html>Fujishima Kento</a>,3,0,0,0,0,0,11,2.1,1,0,2,1,0,0,1,3,0,0.00,3.03,3.89,0.86,999,85,101,-3.03,0.0%,18.2%,9.1%,9.1%,27,R,<a href=https://npb.jp/bis/eng/teams/index_d.html>Chunichi</a>,WL
,<a href=https://npb.jp/bis/eng/players/41645132.html>Fuku Hiroto</a>,4,0,0,1,0,0,10,3.2,0,0,2,0,0,0,0,0,0,0.00,2.37,2.80,0.00,999,67,73,-2.37,0.0%,20.0%,0.0%,20.0%,33,L,<a href=https://npb.jp/bis/eng/teams/index_d.html>Chunichi</a>,WL
,<a href=https://npb.jp/bis/eng/players/31835159.html>Fukuda Konosuke</a>,2,0,0,1,0,0,26,5.1,4,0,6,6,0,0,0,3,3,5.06,4.59,4.80,1.88,58,129,124,0.47,0.0%,23.1%,23.1%,0.0%,19,L,<a href=https://npb.jp/bis/eng/teams/index_d.html>Chunichi</a>,WL
,<a href=https://npb.jp/bis/eng/players/51655159.html>Habu Shohta</a>,2,0,0,0,0,0,47,11.0,11,0,6,6,0,0,1,3,3,2.45,4.01,4.80,1.55,120,113,124,-1.56,0.0%,12.8%,12.8%,0.0%,24,R,<a href=https://npb.jp/bis/eng/teams/index_d.html>Chunichi</a>,WL
,<a href=https://npb.jp/bis/eng/players/21425151.html>Hashimoto Yuki</a>,1,0,0,0,0,0,3,1.0,0,0,1,0,0,0,0,0,0,0.00,1.46,1.47,0.00,999,41,38,-1.46,0.0%,33.3%,0.0%,33.3%,27,L,<a href=https://npb.jp/bis/eng/teams/index_d.html>Chunichi</a>,WL
,<a href=https://npb.jp/bis/eng/players/21125136.html>Ishikawa Sho</a>,3,0,0,0,0,0,16,3.2,4,0,1,2,0,0,0,2,2,4.91,4.55,5.42,1.64,60,128,140,0.36,0.0%,6.2%,12.5%,-6.3%,25,R,<a href=https://npb.jp/bis/eng/teams/index_d.html>Chunichi</a>,WL
,<a href=https://npb.jp/bis/eng/players/61165157.html>Itoh Mao</a>,4,1,0,0,0,0,18,4.0,1,0,4,5,0,0,1,1,1,2.25,5.21,5.36,1.50,131,147,139,-2.96,0.0%,22.2%,27.8%,-5.6%,24,R,<a href=https://npb.jp/bis/eng/teams/index_d.html>Chunichi</a>,WL
,<a href=https://npb.jp/bis/eng/players/31335116.html>Iwasaki Sho</a>,1,0,0,1,0,0,5,1.0,2,0,1,0,0,0,0,0,0,0.00,1.46,2.80,2.00,999,41,73,-1.46,0.0%,20.0%,0.0%,20.0%,35,R,<a href=https://npb.jp/bis/eng/teams/index_d.html>Chunichi</a>,WL
,<a href=https://npb.jp/bis/eng/players/61565150.html>Kanemaru Yumeto</a>,1,0,0,0,0,0,3,1.0,0,0,1,0,0,0,0,0,0,0.00,1.46,1.47,0.00,999,41,38,-1.46,0.0%,33.3%,0.0%,33.3%,22,L,<a href=https://npb.jp/bis/eng/teams/index_d.html>Chunichi</a>,WL
,<a href=https://npb.jp/bis/eng/players/21525138.html>Katsuno Akiyoshi</a>,2,0,0,0,0,0,8,2.0,1,0,1,1,0,0,0,0,0,0.00,3.96,4.80,1.00,999,112,124,-3.96,0.0%,12.5%,12.5%,0.0%,28,R,<a href=https://npb.jp/bis/eng/teams/index_d.html>Chunichi</a>,WL
,<a href=https://npb.jp/bis/eng/players/11015153.html>Kondo Ren</a>,3,2,0,0,0,0,11,3.1,1,0,3,0,0,0,0,1,0,0.00,1.66,2.07,0.30,999,47,54,-1.66,0.0%,27.3%,0.0%,27.3%,26,L,<a href=https://npb.jp/bis/eng/teams/index_d.html>Chunichi</a>,WL
,<a href=https://npb.jp/bis/eng/players/13015150.html>Marte Yunior</a>,1,0,0,0,0,0,4,1.0,1,0,3,0,0,0,0,0,0,0.00,-2.54,-2.70,1.00,999,-72,-70,2.54,0.0%,75.0%,0.0%,75.0%,30,R,<a href=https://npb.jp/bis/eng/teams/index_d.html>Chunichi</a>,WL
,<a href=https://npb.jp/bis/eng/players/33935150.html>Martinez Randy</a>,1,0,1,0,0,0,12,2.0,2,0,0,4,0,1,0,3,3,13.50,10.96,8.13,3.00,22,309,211,2.54,0.0%,0.0%,33.3%,-33.3%,21,L,<a href=https://npb.jp/bis/eng/teams/index_d.html>Chunichi</a>,WL
,<a href=https://npb.jp/bis/eng/players/21225137.html>Matsuba Takahiro</a>,1,0,0,0,0,0,7,2.0,3,0,0,0,0,0,0,0,0,0.00,3.46,4.80,1.50,999,98,124,-3.46,0.0%,0.0%,0.0%,0.0%,34,L,<a href=https://npb.jp/bis/eng/teams/index_d.html>Chunichi</a>,WL
,<a href=https://npb.jp/bis/eng/players/93295157.html>Mejia Humberto</a>,2,1,0,0,0,0,47,11.0,9,1,9,4,0,1,1,2,2,1.64,4.37,3.74,1.18,179,123,97,-2.73,2.1%,19.1%,8.5%,10.6%,28,R,<a href=https://npb.jp/bis/eng/teams/index_d.html>Chunichi</a>,WL
,<a href=https://npb.jp/bis/eng/players/23125155.html>Miura Mizuki</a>,1,1,0,0,0,0,25,7.0,3,0,3,2,0,0,1,1,1,1.29,3.46,4.40,0.71,228,98,114,-2.17,0.0%,12.0%,8.0%,4.0%,25,L,<a href=https://npb.jp/bis/eng/teams/index_d.html>Chunichi</a>,WL
,<a href=https://npb.jp/bis/eng/players/33335157.html>Moriyama Akio</a>,2,0,0,0,0,0,12,3.0,3,0,1,1,0,0,0,1,1,3.00,3.79,4.80,1.33,98,107,124,-0.79,0.0%,8.3%,8.3%,0.0%,20,L,<a href=https://npb.jp/bis/eng/teams/index_d.html>Chunichi</a>,WL
,<a href=https://npb.jp/bis/eng/players/41245157.html>Nakachi Reia</a>,2,2,0,0,0,0,52,12.1,8,0,11,7,0,0,1,1,1,0.73,3.38,4.03,1.22,402,95,104,-2.65,0.0%,21.2%,13.5%,7.7%,24,R,<a href=https://npb.jp/bis/eng/teams/index_d.html>Chunichi</a>,WL
,<a href=https://npb.jp/bis/eng/players/81285138.html>Neo Akira</a>,4,1,0,0,0,0,16,3.2,3,0,2,1,0,1,0,0,0,0.00,4.01,4.18,1.09,999,113,108,-4.01,0.0%,12.5%,6.2%,6.3%,25,R,<a href=https://npb.jp/bis/eng/teams/index_d.html>Chunichi</a>,WL
,<a href=https://npb.jp/bis/eng/players/41445157.html>Nonaka Tento</a>,1,0,0,0,0,0,10,2.0,3,0,0,1,0,0,0,1,1,4.50,4.96,5.80,2.00,65,140,150,-0.46,0.0%,0.0%,10.0%,-10.0%,20,L,<a href=https://npb.jp/bis/eng/teams/index_d.html>Chunichi</a>,WL
,<a href=https://npb.jp/bis/eng/players/11515133.html>Ohno Yudai</a>,1,0,1,0,0,0,30,7.0,9,2,2,1,0,0,0,5,5,6.43,7.03,4.47,1.43,46,198,116,-0.60,6.7%,6.7%,3.3%,3.4%,36,L,<a href=https://npb.jp/bis/eng/teams/index_d.html>Chunichi</a>,WL
,<a href=https://npb.jp/bis/eng/players/11515131.html>Okada Toshiya</a>,2,1,0,0,0,0,40,11.0,9,0,7,1,0,0,0,0,0,0.00,2.46,3.30,0.91,999,69,85,-2.46,0.0%,17.5%,2.5%,15.0%,33,L,<a href=https://npb.jp/bis/eng/teams/index_d.html>Chunichi</a>,WL
,<a href=https://npb.jp/bis/eng/players/51355134.html>Umeno Yugo</a>,5,0,0,1,0,0,18,5.0,2,0,6,2,0,0,0,0,0,0.00,2.26,2.58,0.80,999,64,67,-2.26,0.0%,33.3%,11.1%,22.2%,26,R,<a href=https://npb.jp/bis/eng/teams/index_d.html>Chunichi</a>,WL
,<a href=https://npb.jp/bis/eng/players/31635110.html>Wakui Hideaki</a>,1,1,0,0,0,0,22,6.0,2,0,3,2,0,0,0,0,0,0.00,3.46,4.35,0.67,999,98,113,-3.46,0.0%,13.6%,9.1%,4.5%,39,R,<a href=https://npb.jp/bis/eng/teams/index_d.html>Chunichi</a>,WL
,<a href=https://npb.jp/bis/eng/players/63965150.html>Walters Nash</a>,4,0,0,2,0,0,17,4.0,4,0,5,1,0,0,0,1,1,2.25,1.71,2.45,1.25,131,48,63,0.54,0.0%,29.4%,5.9%,23.5%,28,R,<a href=https://npb.jp/bis/eng/teams/index_d.html>Chunichi</a>,WL
,<a href=https://npb.jp/bis/eng/players/63165134.html>Yanagi Yuya</a>,1,1,0,0,0,0,20,6.0,2,0,7,0,0,0,0,0,0,0.00,1.13,1.30,0.33,999,32,34,-1.13,0.0%,35.0%,0.0%,35.0%,31,R,<a href=https://npb.jp/bis/eng/teams/index_d.html>Chunichi</a>,WL
,<a href=https://npb.jp/bis/eng/players/93395150.html>Yoshida Seiya</a>,1,0,0,0,0,0,29,6.2,6,0,5,2,0,0,2,5,5,6.75,2.86,3.77,1.20,44,81,98,3.89,0.0%,17.2%,6.9%,10.3%,23,L,<a href=https://npb.jp/bis/eng/teams/index_d.html>Chunichi</a>,WL
,<a href=https://npb.jp/bis/eng/players/01105153.html>Abe Shota</a>,6,0,0,1,0,0,23,6.0,5,1,1,0,0,0,3,3,3,4.50,5.29,4.37,0.83,61,160,113,-0.79,4.3%,4.3%,0.0%,4.3%,32,R,<a href=https://npb.jp/bis/eng/teams/index_b.html>ORIX</a>,WL
,<a href=https://npb.jp/bis/eng/players/71175159.html>Ashida Taketo</a>,2,1,0,0,0,0,26,7.0,6,0,4,1,0,0,0,1,1,1.29,2.75,3.65,1.00,213,83,95,-1.46,0.0%,15.4%,3.8%,11.6%,25,R,<a href=https://npb.jp/bis/eng/teams/index_b.html>ORIX</a>,WL
,<a href=https://npb.jp/bis/eng/players/71175136.html>Azuma Kohei</a>,2,0,0,0,0,0,24,5.0,6,0,6,1,0,0,0,3,2,3.60,1.66,2.72,1.40,76,50,70,1.94,0.0%,25.0%,4.2%,20.8%,25,R,<a href=https://npb.jp/bis/eng/teams/index_b.html>ORIX</a>,WL
,<a href=https://npb.jp/bis/eng/players/43545159.html>Espinoza Anderson</a>,1,0,0,0,0,0,17,4.0,4,0,3,2,0,0,0,0,0,0.00,3.46,4.21,1.50,999,104,109,-3.46,0.0%,17.6%,11.8%,5.8%,27,R,<a href=https://npb.jp/bis/eng/teams/index_b.html>ORIX</a>,WL
,<a href=https://npb.jp/bis/eng/players/61765159.html>Gonda Ryusei</a>,5,1,0,0,0,0,21,5.2,1,0,7,2,0,1,1,0,0,0.00,2.58,2.42,0.53,999,78,63,-2.58,0.0%,33.3%,9.5%,23.8%,25,R,<a href=https://npb.jp/bis/eng/teams/index_b.html>ORIX</a>,WL
,<a href=https://npb.jp/bis/eng/players/61665136.html>Honda Hitomi</a>,5,0,0,0,0,0,25,5.0,6,0,6,4,0,0,1,5,3,5.40,3.46,4.00,2.00,51,104,104,1.94,0.0%,24.0%,16.0%,8.0%,25,R,<a href=https://npb.jp/bis/eng/teams/index_b.html>ORIX</a>,WL
,<a href=https://npb.jp/bis/eng/players/31835132.html>Honda Keisuke</a>,2,0,0,0,0,0,9,2.0,3,0,0,0,0,0,0,1,1,4.50,3.46,4.80,1.50,61,104,124,1.04,0.0%,0.0%,0.0%,0.0%,32,R,<a href=https://npb.jp/bis/eng/teams/index_b.html>ORIX</a>,WL
,<a href=https://npb.jp/bis/eng/players/31335132.html>Iguchi Kazutomo</a>,7,0,0,0,0,0,22,5.2,3,0,2,0,0,2,0,1,0,0.00,3.81,3.89,0.53,999,115,101,-3.81,0.0%,9.1%,0.0%,9.1%,31,R,<a href=https://npb.jp/bis/eng/teams/index_b.html>ORIX</a>,WL
,<a href=https://npb.jp/bis/eng/players/31335157.html>Iriyama Kaito</a>,3,0,0,0,0,0,17,3.1,4,1,3,4,0,0,1,3,3,8.10,9.16,5.39,2.40,34,276,140,-1.06,5.9%,17.6%,23.5%,-5.9%,25,R,<a href=https://npb.jp/bis/eng/teams/index_b.html>ORIX</a>,WL
,<a href=https://npb.jp/bis/eng/players/01505150.html>Katayama Raiku</a>,2,0,0,0,0,0,25,7.0,3,0,5,1,0,0,0,1,1,1.29,2.46,3.20,0.57,213,74,83,-1.17,0.0%,20.0%,4.0%,16.0%,22,R,<a href=https://npb.jp/bis/eng/teams/index_b.html>ORIX</a>,WL
,<a href=https://npb.jp/bis/eng/players/41745153.html>Kawase Kento</a>,2,0,1,0,0,0,15,3.1,5,0,3,2,0,0,0,3,2,5.40,3.46,4.13,2.10,51,104,107,1.94,0.0%,20.0%,13.3%,6.7%,23,R,<a href=https://npb.jp/bis/eng/teams/index_b.html>ORIX</a>,WL
,<a href=https://npb.jp/bis/eng/players/63165159.html>Miyaguni Riku</a>,1,0,1,0,0,0,12,2.1,2,0,0,3,0,0,0,2,2,7.71,7.32,7.30,2.14,36,221,189,0.39,0.0%,0.0%,25.0%,-25.0%,19,R,<a href=https://npb.jp/bis/eng/teams/index_b.html>ORIX</a>,WL
,<a href=https://npb.jp/bis/eng/players/33335155.html>Mukunoki Ren</a>,1,0,0,0,0,0,3,1.0,0,0,1,0,0,0,0,0,0,0.00,1.46,1.47,0.00,999,44,38,-1.46,0.0%,33.3%,0.0%,33.3%,25,R,<a href=https://npb.jp/bis/eng/teams/index_b.html>ORIX</a>,WL
,<a href=https://npb.jp/bis/eng/players/41845151.html>Muranishi Ryota</a>,4,0,0,0,0,0,23,5.0,7,0,4,1,0,0,0,1,1,1.80,2.46,3.50,1.60,153,74,91,-0.66,0.0%,17.4%,4.3%,13.1%,28,R,<a href=https://npb.jp/bis/eng/teams/index_b.html>ORIX</a>,WL
,<a href=https://npb.jp/bis/eng/players/61365159.html>Ohe Kaito</a>,3,1,0,0,0,0,13,2.2,4,0,0,1,0,1,0,2,1,3.38,5.71,5.57,1.88,81,172,144,-2.33,0.0%,0.0%,7.7%,-7.7%,25,L,<a href=https://npb.jp/bis/eng/teams/index_b.html>ORIX</a>,WL
,<a href=https://npb.jp/bis/eng/players/81385134.html>Ono Taiki</a>,3,0,1,0,0,0,13,2.1,3,0,3,4,0,0,0,2,1,3.86,6.03,5.57,3.00,71,182,144,-2.17,0.0%,23.1%,30.8%,-7.7%,31,R,<a href=https://npb.jp/bis/eng/teams/index_b.html>ORIX</a>,WL
,<a href=https://npb.jp/bis/eng/players/21725157.html>Saiki Kaito</a>,6,0,1,2,0,0,21,5.1,2,0,5,4,2,0,0,3,2,3.38,3.84,4.32,1.13,81,116,112,-0.46,0.0%,23.8%,19.0%,4.8%,25,R,<a href=https://npb.jp/bis/eng/teams/index_b.html>ORIX</a>,WL
,<a href=https://npb.jp/bis/eng/players/41745157.html>Saito Kyosuke</a>,2,0,1,0,0,0,34,9.0,7,2,5,1,0,0,0,5,5,5.00,5.57,3.62,0.89,55,168,94,-0.57,5.9%,14.7%,2.9%,11.8%,20,R,<a href=https://npb.jp/bis/eng/teams/index_b.html>ORIX</a>,WL
,<a href=https://npb.jp/bis/eng/players/51055151.html>Satoh Kazuma</a>,3,2,0,0,0,0,69,17.0,11,0,12,9,0,1,0,2,2,1.06,3.81,4.37,1.18,259,115,113,-2.75,0.0%,17.4%,13.0%,4.4%,24,L,<a href=https://npb.jp/bis/eng/teams/index_b.html>ORIX</a>,WL
,<a href=https://npb.jp/bis/eng/players/81985157.html>Sotani Ryuhei</a>,1,0,0,0,0,0,22,6.0,1,0,6,2,0,0,0,0,0,0.00,2.46,2.98,0.50,999,74,77,-2.46,0.0%,27.3%,9.1%,18.2%,24,L,<a href=https://npb.jp/bis/eng/teams/index_b.html>ORIX</a>,WL
,<a href=https://npb.jp/bis/eng/players/61965136.html>Suzuki Hiroshi</a>,1,1,0,0,0,0,4,1.0,1,0,0,0,0,0,0,0,0,0.00,3.46,4.80,1.00,999,104,124,-3.46,0.0%,0.0%,0.0%,0.0%,28,R,<a href=https://npb.jp/bis/eng/teams/index_b.html>ORIX</a>,WL
,<a href=https://npb.jp/bis/eng/players/41045136.html>Tajima Daiki</a>,2,0,1,0,0,0,23,6.0,5,0,4,0,0,0,0,1,1,1.50,2.13,3.06,0.83,183,64,79,-0.63,0.0%,17.4%,0.0%,17.4%,28,L,<a href=https://npb.jp/bis/eng/teams/index_b.html>ORIX</a>,WL
,<a href=https://npb.jp/bis/eng/players/61065159.html>Takashima Taito</a>,1,0,0,0,0,0,6,1.0,1,0,1,1,0,0,0,0,0,0.00,4.46,4.80,2.00,999,134,124,-4.46,0.0%,16.7%,16.7%,0.0%,25,R,<a href=https://npb.jp/bis/eng/teams/index_b.html>ORIX</a>,WL
,<a href=https://npb.jp/bis/eng/players/61465150.html>Teranishi Naruki</a>,3,0,1,0,0,0,49,12.2,11,0,5,1,0,0,0,4,2,1.42,2.91,3.98,0.95,194,88,103,-1.49,0.0%,10.2%,2.0%,8.2%,22,R,<a href=https://npb.jp/bis/eng/teams/index_b.html>ORIX</a>,WL
,<a href=https://npb.jp/bis/eng/players/61065138.html>Tomiyama Ryoga</a>,4,0,0,0,0,0,17,3.1,2,0,2,4,0,0,0,3,1,2.70,5.86,5.98,1.80,102,177,155,-3.16,0.0%,11.8%,23.5%,-11.7%,28,L,<a href=https://npb.jp/bis/eng/teams/index_b.html>ORIX</a>,WL
,<a href=https://npb.jp/bis/eng/players/71475159.html>Toumatsu Kaisei</a>,1,0,0,0,0,0,3,1.0,0,0,0,0,0,0,0,0,0,0.00,3.46,4.80,0.00,999,104,124,-3.46,0.0%,0.0%,0.0%,0.0%,20,L,<a href=https://npb.jp/bis/eng/teams/index_b.html>ORIX</a>,WL
,<a href=https://npb.jp/bis/eng/players/61465131.html>Yamada Nobuyoshi</a>,1,0,0,0,0,0,6,1.0,1,0,1,2,0,0,0,0,0,0.00,7.46,6.47,3.00,999,225,168,-7.46,0.0%,16.7%,33.3%,-16.6%,33,L,<a href=https://npb.jp/bis/eng/teams/index_b.html>ORIX</a>,WL
,<a href=https://npb.jp/bis/eng/players/33335134.html>Yamazaki Soichiro</a>,1,0,0,1,0,0,3,1.0,0,0,1,1,0,0,0,0,0,0.00,4.46,4.80,1.00,999,134,124,-4.46,0.0%,33.3%,33.3%,0.0%,27,R,<a href=https://npb.jp/bis/eng/teams/index_b.html>ORIX</a>,WL
,<a href=https://npb.jp/bis/eng/players/03505155.html>Yokoyama Kaede</a>,1,0,0,0,0,0,4,1.0,0,0,0,0,0,0,0,0,0,0.00,3.46,4.80,0.00,999,104,124,-3.46,0.0%,0.0%,0.0%,0.0%,27,R,<a href=https://npb.jp/bis/eng/teams/index_b.html>ORIX</a>,WL
,<a href=https://npb.jp/bis/eng/players/21225139.html>Futaki Kota</a>,2,0,0,0,0,0,6,2.0,0,0,2,0,0,0,0,0,0,0.00,1.46,1.47,0.00,999,39,38,-1.46,0.0%,33.3%,0.0%,33.3%,29,R,<a href=https://npb.jp/bis/eng/teams/index_m.html>Lotte</a>,EL
,<a href=https://npb.jp/bis/eng/players/91695159.html>Hayasaka Oto</a>,1,0,0,0,0,0,4,1.0,3,0,0,0,0,0,0,1,1,9.00,3.46,4.80,3.00,34,93,124,5.54,0.0%,0.0%,0.0%,0.0%,19,R,<a href=https://npb.jp/bis/eng/teams/index_m.html>Lotte</a>,EL
,<a href=https://npb.jp/bis/eng/players/41645155.html>Hirohata Atsuya</a>,3,2,0,0,0,0,18,4.1,5,0,4,1,0,0,0,0,0,0.00,2.31,3.13,1.38,999,62,81,-2.31,0.0%,22.2%,5.6%,16.6%,27,R,<a href=https://npb.jp/bis/eng/teams/index_m.html>Lotte</a>,EL
,<a href=https://npb.jp/bis/eng/players/11315150.html>Ichijo Rikima</a>,1,0,0,0,0,0,3,1.0,0,0,2,0,0,0,0,0,0,0.00,-0.54,-1.87,0.00,999,-15,-48,0.54,0.0%,66.7%,0.0%,66.7%,22,R,<a href=https://npb.jp/bis/eng/teams/index_m.html>Lotte</a>,EL
,<a href=https://npb.jp/bis/eng/players/41145139.html>Ishikawa Ayumu</a>,1,1,0,0,0,0,22,5.0,5,1,2,1,0,1,0,2,1,1.80,6.46,4.35,1.20,171,174,113,-4.66,4.5%,9.1%,4.5%,4.6%,37,R,<a href=https://npb.jp/bis/eng/teams/index_m.html>Lotte</a>,EL
,<a href=https://npb.jp/bis/eng/players/61165139.html>Ishikawa Shuta</a>,1,1,0,0,0,0,20,5.0,4,0,1,0,0,0,0,2,2,3.60,3.06,4.30,0.80,85,83,111,0.54,0.0%,5.0%,0.0%,5.0%,33,R,<a href=https://npb.jp/bis/eng/teams/index_m.html>Lotte</a>,EL
,<a href=https://npb.jp/bis/eng/players/21525116.html>Karakawa Yuki</a>,2,0,0,0,0,0,43,9.1,14,0,9,0,0,0,0,2,2,1.93,1.53,2.71,1.50,159,41,70,0.40,0.0%,20.9%,0.0%,20.9%,35,R,<a href=https://npb.jp/bis/eng/teams/index_m.html>Lotte</a>,EL
,<a href=https://npb.jp/bis/eng/players/61765153.html>Kawamura Tokito</a>,1,0,0,0,0,0,14,4.0,2,0,1,3,0,0,0,0,0,0.00,5.21,6.23,1.25,999,141,161,-5.21,0.0%,7.1%,21.4%,-14.3%,28,R,<a href=https://npb.jp/bis/eng/teams/index_m.html>Lotte</a>,EL
,<a href=https://npb.jp/bis/eng/players/71775159.html>Kimura Yuto</a>,1,0,0,0,0,0,6,2.0,0,0,1,0,0,0,0,0,0,0.00,2.46,3.13,0.00,999,66,81,-2.46,0.0%,16.7%,0.0%,16.7%,20,R,<a href=https://npb.jp/bis/eng/teams/index_m.html>Lotte</a>,EL
,<a href=https://npb.jp/bis/eng/players/01705131.html>Kuniyoshi Yuki</a>,3,1,0,0,0,0,12,3.0,5,0,0,0,0,0,0,1,1,3.00,3.46,4.80,1.67,102,93,124,-0.46,0.0%,0.0%,0.0%,0.0%,33,R,<a href=https://npb.jp/bis/eng/teams/index_m.html>Lotte</a>,EL
,<a href=https://npb.jp/bis/eng/players/71475155.html>Nagashimada Kirato</a>,1,0,0,0,0,0,5,1.0,1,0,0,0,0,0,0,0,0,0.00,3.46,4.80,1.00,999,93,124,-3.46,0.0%,0.0%,0.0%,0.0%,21,R,<a href=https://npb.jp/bis/eng/teams/index_m.html>Lotte</a>,EL
,<a href=https://npb.jp/bis/eng/players/31635153.html>Nakamori Shunsuke</a>,1,0,0,1,0,0,10,3.0,0,0,2,0,0,0,0,0,0,0.00,2.13,2.80,0.00,999,57,73,-2.13,0.0%,20.0%,0.0%,20.0%,23,R,<a href=https://npb.jp/bis/eng/teams/index_m.html>Lotte</a>,EL
,<a href=https://npb.jp/bis/eng/players/11615153.html>Nakamura Ryota</a>,1,0,0,0,0,0,11,2.0,4,0,3,0,0,0,0,3,2,9.00,0.46,2.07,2.00,34,12,54,8.54,0.0%,27.3%,0.0%,27.3%,27,R,<a href=https://npb.jp/bis/eng/teams/index_m.html>Lotte</a>,EL
,<a href=https://npb.jp/bis/eng/players/01205138.html>Nakamura Toshiya</a>,3,0,0,0,0,0,22,5.0,6,0,4,1,0,0,0,2,1,1.80,2.46,3.44,1.40,171,66,89,-0.66,0.0%,18.2%,4.5%,13.7%,28,L,<a href=https://npb.jp/bis/eng/teams/index_m.html>Lotte</a>,EL
,<a href=https://npb.jp/bis/eng/players/91495136.html>Nishimura Takahiro</a>,2,0,0,0,0,0,8,2.0,1,0,3,0,0,0,0,0,0,0.00,0.46,1.05,0.50,999,12,27,-0.46,0.0%,37.5%,0.0%,37.5%,32,R,<a href=https://npb.jp/bis/eng/teams/index_m.html>Lotte</a>,EL
,<a href=https://npb.jp/bis/eng/players/01205118.html>Nishino Yuji</a>,1,0,0,0,0,0,16,4.0,4,0,7,1,0,0,0,1,1,2.25,0.71,1.05,1.25,136,19,27,1.54,0.0%,43.8%,6.2%,37.6%,34,R,<a href=https://npb.jp/bis/eng/teams/index_m.html>Lotte</a>,EL
,<a href=https://npb.jp/bis/eng/players/41745138.html>Sakamoto Koshiro</a>,3,0,0,2,0,0,11,3.0,2,0,5,0,0,0,0,0,0,0.00,0.13,0.25,0.67,999,4,6,-0.13,0.0%,45.5%,0.0%,45.5%,30,L,<a href=https://npb.jp/bis/eng/teams/index_m.html>Lotte</a>,EL
,<a href=https://npb.jp/bis/eng/players/03905150.html>Sammons Bryan</a>,2,1,0,0,0,0,37,9.0,8,1,10,1,0,0,0,2,2,2.00,3.02,2.37,1.00,153,82,61,-1.02,2.7%,27.0%,2.7%,24.3%,30,L,<a href=https://npb.jp/bis/eng/teams/index_m.html>Lotte</a>,EL
,<a href=https://npb.jp/bis/eng/players/81985133.html>Sawamura Hirokazu</a>,4,0,0,0,0,0,15,4.0,2,0,2,1,0,0,0,0,0,0.00,3.21,4.13,0.75,999,87,107,-3.21,0.0%,13.3%,6.7%,6.6%,37,R,<a href=https://npb.jp/bis/eng/teams/index_m.html>Lotte</a>,EL
,<a href=https://npb.jp/bis/eng/players/31035157.html>Takano Shuta</a>,1,1,0,0,0,0,6,2.0,0,0,2,0,0,0,0,0,0,0.00,1.46,1.47,0.00,999,39,38,-1.46,0.0%,33.3%,0.0%,33.3%,26,L,<a href=https://npb.jp/bis/eng/teams/index_m.html>Lotte</a>,EL
,<a href=https://npb.jp/bis/eng/players/21225155.html>Tanaka Fuki</a>,1,0,0,0,0,0,3,1.0,0,0,1,0,0,0,0,0,0,0.00,1.46,1.47,0.00,999,39,38,-1.46,0.0%,33.3%,0.0%,33.3%,21,R,<a href=https://npb.jp/bis/eng/teams/index_m.html>Lotte</a>,EL
,<a href=https://npb.jp/bis/eng/players/01005157.html>Tanaka Haruya</a>,2,1,0,0,0,0,41,11.2,5,0,14,2,0,0,0,0,0,0.00,1.57,1.87,0.60,999,42,48,-1.57,0.0%,34.1%,4.9%,29.2%,21,R,<a href=https://npb.jp/bis/eng/teams/index_m.html>Lotte</a>,EL
,<a href=https://npb.jp/bis/eng/players/23325155.html>Yagi Akira</a>,3,0,0,0,0,0,17,5.0,2,0,3,0,0,1,0,3,1,1.80,2.86,3.04,0.40,171,77,79,-1.06,0.0%,17.6%,0.0%,17.6%,28,R,<a href=https://npb.jp/bis/eng/teams/index_m.html>Lotte</a>,EL
,<a href=https://npb.jp/bis/eng/players/83385157.html>Yoshikawa Yuto</a>,2,0,0,0,0,0,20,4.2,4,0,3,2,0,0,0,2,2,3.86,3.46,4.30,1.29,80,93,111,0.40,0.0%,15.0%,10.0%,5.0%,20,L,<a href=https://npb.jp/bis/eng/teams/index_m.html>Lotte</a>,EL
,<a href=https://npb.jp/bis/eng/players/21425138.html>Bandoh Yugo</a>,3,0,0,0,0,0,46,11.1,11,0,6,3,0,0,0,6,6,4.76,3.20,4.15,1.24,62,90,108,1.56,0.0%,13.0%,6.5%,6.5%,29,R,<a href=https://npb.jp/bis/eng/teams/index_h.html>SoftBank</a>,WL
,<a href=https://npb.jp/bis/eng/players/51655130.html>Fujii Kouya</a>,1,0,0,0,0,0,5,1.0,1,0,3,1,0,0,0,0,0,0.00,0.46,0.80,2.00,999,13,21,-0.46,0.0%,60.0%,20.0%,40.0%,28,R,<a href=https://npb.jp/bis/eng/teams/index_h.html>SoftBank</a>,WL
,<a href=https://npb.jp/bis/eng/players/51655134.html>Hamaguchi Haruhiro</a>,3,1,0,1,0,0,16,3.2,5,0,2,1,0,0,0,1,1,2.45,3.19,4.18,1.64,120,90,108,-0.74,0.0%,12.5%,6.2%,6.3%,30,L,<a href=https://npb.jp/bis/eng/teams/index_h.html>SoftBank</a>,WL
,<a href=https://npb.jp/bis/eng/players/01005137.html>Higashihama Nao</a>,2,1,1,0,0,0,48,12.0,10,0,8,2,0,0,0,1,0,0.00,2.63,3.55,1.00,999,74,92,-2.63,0.0%,16.7%,4.2%,12.5%,35,R,<a href=https://npb.jp/bis/eng/teams/index_h.html>SoftBank</a>,WL
,<a href=https://npb.jp/bis/eng/players/91395153.html>Itoh Yusuke</a>,2,1,1,0,0,0,46,12.0,3,1,3,9,0,0,1,3,2,1.50,6.29,6.10,1.00,196,177,158,-4.79,2.2%,6.5%,19.6%,-13.1%,28,R,<a href=https://npb.jp/bis/eng/teams/index_h.html>SoftBank</a>,WL
,<a href=https://npb.jp/bis/eng/players/51355159.html>Iwai Shunsuke</a>,3,0,0,0,0,0,11,3.0,2,0,7,1,0,0,0,1,1,3.00,-0.21,-0.65,1.00,98,-6,-17,3.21,0.0%,63.6%,9.1%,54.5%,23,R,<a href=https://npb.jp/bis/eng/teams/index_h.html>SoftBank</a>,WL
,<a href=https://npb.jp/bis/eng/players/21325150.html>Iwasaki Shunsuke</a>,3,0,1,1,0,0,11,2.1,2,0,1,1,1,0,0,2,1,3.86,3.89,4.80,1.29,76,110,124,-0.03,0.0%,9.1%,9.1%,0.0%,22,R,<a href=https://npb.jp/bis/eng/teams/index_h.html>SoftBank</a>,WL
,<a href=https://npb.jp/bis/eng/players/61165155.html>Izaki Sanshiro</a>,2,0,0,0,0,0,9,2.2,2,0,1,0,0,0,0,0,0,0.00,2.71,3.69,0.75,999,76,96,-2.71,0.0%,11.1%,0.0%,11.1%,21,R,<a href=https://npb.jp/bis/eng/teams/index_h.html>SoftBank</a>,WL
,<a href=https://npb.jp/bis/eng/players/31735150.html>Kawaguchi Toya</a>,3,0,0,0,0,0,12,3.0,1,0,3,2,0,0,0,0,0,0.00,3.46,3.97,1.00,999,98,103,-3.46,0.0%,25.0%,16.7%,8.3%,25,R,<a href=https://npb.jp/bis/eng/teams/index_h.html>SoftBank</a>,WL
,<a href=https://npb.jp/bis/eng/players/41545157.html>Kimura Hikaru</a>,3,0,0,0,0,0,14,3.2,2,0,2,1,0,0,0,0,0,0.00,3.19,4.09,0.82,999,90,106,-3.19,0.0%,14.3%,7.1%,7.2%,24,R,<a href=https://npb.jp/bis/eng/teams/index_h.html>SoftBank</a>,WL
,<a href=https://npb.jp/bis/eng/players/71775155.html>Kimura Taisei</a>,3,0,0,0,0,0,14,4.0,0,0,3,3,0,0,0,0,0,0.00,4.21,4.80,0.75,999,119,124,-4.21,0.0%,21.4%,21.4%,0.0%,21,L,<a href=https://npb.jp/bis/eng/teams/index_h.html>SoftBank</a>,WL
,<a href=https://npb.jp/bis/eng/players/13115159.html>Maeda Yugo</a>,3,1,2,0,0,0,70,18.0,16,0,9,1,0,0,0,4,3,1.50,2.63,3.66,0.94,196,74,95,-1.13,0.0%,12.9%,1.4%,11.5%,19,L,<a href=https://npb.jp/bis/eng/teams/index_h.html>SoftBank</a>,WL
,<a href=https://npb.jp/bis/eng/players/61265139.html>Matayoshi Katsuki</a>,2,0,1,0,0,0,26,6.0,9,0,3,1,0,0,0,4,4,6.00,2.96,4.03,1.67,49,83,104,3.04,0.0%,11.5%,3.8%,7.7%,34,R,<a href=https://npb.jp/bis/eng/teams/index_h.html>SoftBank</a>,WL
,<a href=https://npb.jp/bis/eng/players/41845157.html>Matsumoto Haru</a>,1,0,0,0,0,0,3,1.0,0,0,0,0,0,0,0,0,0,0.00,3.46,4.80,0.00,999,98,124,-3.46,0.0%,0.0%,0.0%,0.0%,24,L,<a href=https://npb.jp/bis/eng/teams/index_h.html>SoftBank</a>,WL
,<a href=https://npb.jp/bis/eng/players/13315159.html>Miyasato Yuwa</a>,2,0,0,0,0,0,10,2.0,1,0,1,2,0,1,0,0,0,0.00,6.96,5.80,1.50,999,196,150,-6.96,0.0%,10.0%,20.0%,-10.0%,23,R,<a href=https://npb.jp/bis/eng/teams/index_h.html>SoftBank</a>,WL
,<a href=https://npb.jp/bis/eng/players/73175157.html>Miyazaki Hayato</a>,2,0,0,0,0,0,9,3.0,0,0,2,0,0,0,0,0,0,0.00,2.13,2.58,0.00,999,60,67,-2.13,0.0%,22.2%,0.0%,22.2%,25,L,<a href=https://npb.jp/bis/eng/teams/index_h.html>SoftBank</a>,WL
,<a href=https://npb.jp/bis/eng/players/73375159.html>Murata Kenichi</a>,3,1,1,0,0,0,65,15.1,20,0,5,5,0,0,0,8,8,4.70,3.79,4.80,1.63,63,107,124,0.91,0.0%,7.7%,7.7%,0.0%,23,R,<a href=https://npb.jp/bis/eng/teams/index_h.html>SoftBank</a>,WL
,<a href=https://npb.jp/bis/eng/players/61365136.html>Ogata Shuto</a>,1,0,0,0,0,0,3,1.0,0,0,2,0,0,0,0,0,0,0.00,-0.54,-1.87,0.00,999,-15,-48,0.54,0.0%,66.7%,0.0%,66.7%,26,R,<a href=https://npb.jp/bis/eng/teams/index_h.html>SoftBank</a>,WL
,<a href=https://npb.jp/bis/eng/players/01505153.html>Ohshiro Shinno</a>,2,0,0,0,0,0,11,2.1,3,0,0,1,0,1,0,2,1,3.86,6.03,5.71,1.71,76,170,148,-2.17,0.0%,0.0%,9.1%,-9.1%,22,L,<a href=https://npb.jp/bis/eng/teams/index_h.html>SoftBank</a>,WL
,<a href=https://npb.jp/bis/eng/players/21325155.html>Ohtake Fuga</a>,2,0,0,0,0,0,13,3.0,1,0,3,3,0,0,1,3,3,9.00,4.46,4.80,1.33,33,126,124,4.54,0.0%,23.1%,23.1%,0.0%,25,R,<a href=https://npb.jp/bis/eng/teams/index_h.html>SoftBank</a>,WL
,<a href=https://npb.jp/bis/eng/players/01305157.html>Ohtsu Ryosuke</a>,2,2,0,0,1,1,57,15.1,11,0,10,1,0,1,0,2,2,1.17,2.55,3.22,0.78,251,72,83,-1.38,0.0%,17.5%,1.8%,15.7%,26,R,<a href=https://npb.jp/bis/eng/teams/index_h.html>SoftBank</a>,WL
,<a href=https://npb.jp/bis/eng/players/11515159.html>Ohyama Ryo</a>,2,0,0,0,0,0,13,3.0,2,0,4,2,0,0,0,0,0,0.00,2.79,3.26,1.33,999,79,84,-2.79,0.0%,30.8%,15.4%,15.4%,23,R,<a href=https://npb.jp/bis/eng/teams/index_h.html>SoftBank</a>,WL
,<a href=https://npb.jp/bis/eng/players/71575150.html>Okada Koichiro</a>,1,0,0,0,0,0,11,2.0,5,0,1,0,0,0,0,2,2,9.00,2.46,3.89,2.50,33,69,101,6.54,0.0%,9.1%,0.0%,9.1%,23,R,<a href=https://npb.jp/bis/eng/teams/index_h.html>SoftBank</a>,WL
,<a href=https://npb.jp/bis/eng/players/91995138.html>Sugiyama Kazuki</a>,1,0,0,0,0,0,3,1.0,0,0,0,0,0,0,0,0,0,0.00,3.46,4.80,0.00,999,98,124,-3.46,0.0%,0.0%,0.0%,0.0%,27,R,<a href=https://npb.jp/bis/eng/teams/index_h.html>SoftBank</a>,WL
,<a href=https://npb.jp/bis/eng/players/51055136.html>Taura Fumimaru</a>,1,0,0,0,0,0,7,1.0,4,0,1,0,0,0,0,3,3,27.00,1.46,3.37,4.00,11,41,87,25.54,0.0%,14.3%,0.0%,14.3%,25,L,<a href=https://npb.jp/bis/eng/teams/index_h.html>SoftBank</a>,WL
,<a href=https://npb.jp/bis/eng/players/81285151.html>Tsumori Yuki</a>,1,1,0,0,0,0,5,1.0,1,0,1,1,0,0,0,0,0,0.00,4.46,4.80,2.00,999,126,124,-4.46,0.0%,20.0%,20.0%,0.0%,27,R,<a href=https://npb.jp/bis/eng/teams/index_h.html>SoftBank</a>,WL
,<a href=https://npb.jp/bis/eng/players/71875153.html>Fujii Masaru</a>,1,0,0,0,0,0,18,3.2,5,0,0,1,0,1,0,2,2,4.91,5.10,5.36,1.64,59,146,139,-0.19,0.0%,0.0%,5.6%,-5.6%,28,L,<a href=https://npb.jp/bis/eng/teams/index_e.html>Rakuten</a>,EL
,<a href=https://npb.jp/bis/eng/players/01605157.html>Hayashi Yuki</a>,4,0,0,0,0,0,17,3.1,4,0,3,2,0,0,1,1,0,0.00,3.46,4.21,1.80,999,99,109,-3.46,0.0%,17.6%,11.8%,5.8%,23,L,<a href=https://npb.jp/bis/eng/teams/index_e.html>Rakuten</a>,EL
,<a href=https://npb.jp/bis/eng/players/01605159.html>Hinata Naoki</a>,1,0,1,0,0,0,8,1.0,4,1,2,1,0,0,0,2,2,18.00,15.46,3.55,5.00,16,443,92,2.54,12.5%,25.0%,12.5%,12.5%,19,R,<a href=https://npb.jp/bis/eng/teams/index_e.html>Rakuten</a>,EL
,<a href=https://npb.jp/bis/eng/players/21525139.html>Kajiya Ren</a>,3,1,0,0,0,0,13,3.0,3,0,2,1,0,0,0,2,2,6.00,3.13,4.03,1.33,48,90,104,2.87,0.0%,15.4%,7.7%,7.7%,33,R,<a href=https://npb.jp/bis/eng/teams/index_e.html>Rakuten</a>,EL
,<a href=https://npb.jp/bis/eng/players/91795114.html>Kishi Takayuki</a>,1,0,0,0,0,0,6,2.0,1,0,3,0,0,0,0,0,0,0.00,0.46,-0.20,0.50,999,13,-5,-0.46,0.0%,50.0%,0.0%,50.0%,40,R,<a href=https://npb.jp/bis/eng/teams/index_e.html>Rakuten</a>,EL
,<a href=https://npb.jp/bis/eng/players/31735157.html>Koga Kosei</a>,2,0,0,0,0,0,34,8.0,9,0,3,4,0,0,0,2,2,2.25,4.21,5.09,1.62,129,121,132,-1.96,0.0%,8.8%,11.8%,-3.0%,20,L,<a href=https://npb.jp/bis/eng/teams/index_e.html>Rakuten</a>,EL
,<a href=https://npb.jp/bis/eng/players/21725159.html>Koja Tatsuki</a>,1,0,0,0,0,0,12,3.0,5,0,3,0,0,0,0,2,2,6.00,1.46,2.30,1.67,48,42,60,4.54,0.0%,25.0%,0.0%,25.0%,23,L,<a href=https://npb.jp/bis/eng/teams/index_e.html>Rakuten</a>,EL
,<a href=https://npb.jp/bis/eng/players/71775157.html>Komago Ryuji</a>,2,0,0,0,0,0,11,2.0,4,0,5,1,0,0,0,3,3,13.50,-0.04,1.16,2.50,21,-1,30,13.54,0.0%,45.5%,9.1%,36.4%,27,R,<a href=https://npb.jp/bis/eng/teams/index_e.html>Rakuten</a>,EL
,<a href=https://npb.jp/bis/eng/players/73175159.html>Matsuda Takuma</a>,1,0,0,0,0,0,22,5.2,4,0,2,0,0,0,0,0,0,0.00,2.75,3.89,0.71,999,79,101,-2.75,0.0%,9.1%,0.0%,9.1%,23,R,<a href=https://npb.jp/bis/eng/teams/index_e.html>Rakuten</a>,EL
,<a href=https://npb.jp/bis/eng/players/13315155.html>Miyamori Satoshi</a>,2,0,0,0,0,0,6,2.0,0,0,2,0,0,0,0,0,0,0.00,1.46,1.47,0.00,999,42,38,-1.46,0.0%,33.3%,0.0%,33.3%,27,R,<a href=https://npb.jp/bis/eng/teams/index_e.html>Rakuten</a>,EL
,<a href=https://npb.jp/bis/eng/players/31635150.html>Nakagomi Haruto</a>,3,0,0,0,0,0,16,4.0,3,0,7,1,0,0,0,1,1,2.25,0.71,1.05,1.00,129,20,27,1.54,0.0%,43.8%,6.2%,37.6%,23,R,<a href=https://npb.jp/bis/eng/teams/index_e.html>Rakuten</a>,EL
,<a href=https://npb.jp/bis/eng/players/41345159.html>Ohuchi Seiya</a>,2,0,1,0,0,0,34,8.0,7,1,4,2,0,0,0,4,3,3.38,4.84,4.21,1.12,86,139,109,-1.46,2.9%,11.8%,5.9%,5.9%,19,R,<a href=https://npb.jp/bis/eng/teams/index_e.html>Rakuten</a>,EL
,<a href=https://npb.jp/bis/eng/players/11915159.html>Sakai Haruto</a>,1,0,0,0,0,0,3,1.0,0,0,1,0,0,0,0,0,0,0.00,1.46,1.47,0.00,999,42,38,-1.46,0.0%,33.3%,0.0%,33.3%,20,R,<a href=https://npb.jp/bis/eng/teams/index_e.html>Rakuten</a>,EL
,<a href=https://npb.jp/bis/eng/players/81985155.html>Shibata Daichi</a>,3,0,0,0,0,0,16,3.1,3,0,2,2,0,2,0,1,1,2.70,5.86,4.80,1.50,107,168,124,-3.16,0.0%,12.5%,12.5%,0.0%,27,R,<a href=https://npb.jp/bis/eng/teams/index_e.html>Rakuten</a>,EL
,<a href=https://npb.jp/bis/eng/players/21925157.html>Shoji Kosei</a>,2,0,0,0,0,0,37,8.0,7,0,8,5,0,1,0,3,3,3.38,3.71,3.99,1.50,86,106,103,-0.33,0.0%,21.6%,13.5%,8.1%,24,R,<a href=https://npb.jp/bis/eng/teams/index_e.html>Rakuten</a>,EL
,<a href=https://npb.jp/bis/eng/players/61065155.html>Tai Katsutoshi</a>,2,0,0,2,0,0,11,2.0,1,0,0,4,0,0,0,0,0,0.00,9.46,8.44,2.50,999,271,219,-9.46,0.0%,0.0%,36.4%,-36.4%,21,L,<a href=https://npb.jp/bis/eng/teams/index_e.html>Rakuten</a>,EL
,<a href=https://npb.jp/bis/eng/players/31235151.html>Takinaka Ryota</a>,2,0,1,0,0,0,35,7.0,14,0,2,1,0,0,0,8,8,10.29,3.32,4.51,2.14,28,95,117,6.97,0.0%,5.7%,2.9%,2.8%,30,R,<a href=https://npb.jp/bis/eng/teams/index_e.html>Rakuten</a>,EL
,<a href=https://npb.jp/bis/eng/players/11415151.html>Tsurusaki Taisei</a>,4,1,1,0,0,0,24,5.0,5,1,7,3,0,0,0,7,1,1.80,5.06,3.13,1.60,161,145,81,-3.26,4.2%,29.2%,12.5%,16.7%,27,R,<a href=https://npb.jp/bis/eng/teams/index_e.html>Rakuten</a>,EL
,<a href=https://npb.jp/bis/eng/players/43745138.html>Wang Yan-Cheng</a>,2,0,1,0,0,0,16,3.0,7,0,4,1,0,0,0,3,3,9.00,1.79,2.92,2.67,32,51,76,7.21,0.0%,25.0%,6.2%,18.8%,24,L,<a href=https://npb.jp/bis/eng/teams/index_e.html>Rakuten</a>,EL
,<a href=https://npb.jp/bis/eng/players/23525157.html>Watanabe Shota</a>,4,1,1,0,0,0,15,3.1,2,0,3,3,0,0,0,1,1,2.70,4.36,4.80,1.50,107,125,124,-1.66,0.0%,20.0%,20.0%,0.0%,24,R,<a href=https://npb.jp/bis/eng/teams/index_e.html>Rakuten</a>,EL
,<a href=https://npb.jp/bis/eng/players/33035159.html>Yajure Miguel</a>,2,0,1,0,0,0,32,8.2,5,0,8,2,0,0,0,2,2,2.08,2.31,2.92,0.81,139,66,76,-0.23,0.0%,25.0%,6.2%,18.8%,27,R,<a href=https://npb.jp/bis/eng/teams/index_e.html>Rakuten</a>,EL
,<a href=https://npb.jp/bis/eng/players/61865138.html>Yuge Hayato</a>,1,0,0,0,0,0,8,1.0,3,0,0,2,0,0,0,4,3,27.00,9.46,7.30,5.00,11,271,189,17.54,0.0%,0.0%,25.0%,-25.0%,31,L,<a href=https://npb.jp/bis/eng/teams/index_e.html>Rakuten</a>,EL
,<a href=https://npb.jp/bis/eng/players/61465151.html>Hamaya Shota</a>,1,0,0,0,0,0,6,1.0,2,0,2,1,0,0,0,1,1,9.00,2.46,3.13,3.00,34,67,81,6.54,0.0%,33.3%,16.7%,16.6%,26,L,<a href=https://npb.jp/bis/eng/teams/index_l.html>Seibu</a>,EL
,<a href=https://npb.jp/bis/eng/players/91695134.html>Hirai Katsunori</a>,3,0,0,0,0,0,18,4.2,3,0,7,1,0,0,0,1,1,1.93,1.10,1.47,0.86,158,30,38,0.83,0.0%,38.9%,5.6%,33.3%,33,R,<a href=https://npb.jp/bis/eng/teams/index_l.html>Seibu</a>,EL
,<a href=https://npb.jp/bis/eng/players/11315159.html>Itogawa Ryota</a>,3,0,0,0,0,0,68,17.1,13,1,14,3,0,1,0,5,5,2.60,3.29,3.18,0.92,117,89,82,-0.69,1.5%,20.6%,4.4%,16.2%,27,R,<a href=https://npb.jp/bis/eng/teams/index_l.html>Seibu</a>,EL
,<a href=https://npb.jp/bis/eng/players/61565159.html>Kawashimo Masahiro</a>,2,2,0,0,0,0,45,11.0,9,0,10,8,0,0,0,2,2,1.64,3.82,4.36,1.55,186,104,113,-2.18,0.0%,22.2%,17.8%,4.4%,20,L,<a href=https://npb.jp/bis/eng/teams/index_l.html>Seibu</a>,EL
,<a href=https://npb.jp/bis/eng/players/23025159.html>Lopez Victor</a>,3,0,0,0,0,0,22,5.0,5,0,2,1,0,1,0,3,1,1.80,3.86,4.35,1.20,170,105,113,-2.06,0.0%,9.1%,4.5%,4.6%,25,R,<a href=https://npb.jp/bis/eng/teams/index_l.html>Seibu</a>,EL
,<a href=https://npb.jp/bis/eng/players/23125153.html>Mameda Taishi</a>,3,0,0,0,0,0,18,4.0,2,1,6,3,0,0,0,2,2,4.50,5.96,3.13,1.25,68,162,81,-1.46,5.6%,33.3%,16.7%,16.6%,22,R,<a href=https://npb.jp/bis/eng/teams/index_l.html>Seibu</a>,EL
,<a href=https://npb.jp/bis/eng/players/81685138.html>Matsumoto Wataru</a>,1,0,0,0,0,0,7,2.0,0,0,0,1,0,0,0,0,0,0.00,4.96,6.23,0.50,999,135,161,-4.96,0.0%,0.0%,14.3%,-14.3%,28,R,<a href=https://npb.jp/bis/eng/teams/index_l.html>Seibu</a>,EL
,<a href=https://npb.jp/bis/eng/players/33335159.html>Miyazawa Taisei</a>,1,1,0,0,0,0,5,1.0,1,0,1,1,0,0,0,0,0,0.00,4.46,4.80,2.00,999,121,124,-4.46,0.0%,20.0%,20.0%,0.0%,26,R,<a href=https://npb.jp/bis/eng/teams/index_l.html>Seibu</a>,EL
,<a href=https://npb.jp/bis/eng/players/63165153.html>Mizukami Yoshinobu</a>,3,0,0,0,0,0,18,4.0,5,0,4,0,0,1,1,1,1,2.25,2.21,2.58,1.25,136,60,67,0.04,0.0%,22.2%,0.0%,22.2%,26,R,<a href=https://npb.jp/bis/eng/teams/index_l.html>Seibu</a>,EL
,<a href=https://npb.jp/bis/eng/players/71875138.html>Moriwaki Ryosuke</a>,3,0,1,0,0,0,21,4.0,7,1,1,2,0,0,0,4,4,9.00,7.71,5.28,2.25,34,209,137,1.29,4.8%,4.8%,9.5%,-4.7%,32,R,<a href=https://npb.jp/bis/eng/teams/index_l.html>Seibu</a>,EL
,<a href=https://npb.jp/bis/eng/players/71075139.html>Nakamura Yuta</a>,3,0,0,0,0,0,15,4.0,2,0,5,2,0,0,0,0,0,0.00,2.46,2.80,1.00,999,67,73,-2.46,0.0%,33.3%,13.3%,20.0%,29,R,<a href=https://npb.jp/bis/eng/teams/index_l.html>Seibu</a>,EL
,<a href=https://npb.jp/bis/eng/players/21525153.html>Omagari Ren</a>,4,0,0,0,0,0,28,7.0,5,0,8,2,1,0,0,2,1,1.29,2.03,2.66,1.00,237,55,69,-0.74,0.0%,28.6%,7.1%,21.5%,27,R,<a href=https://npb.jp/bis/eng/teams/index_l.html>Seibu</a>,EL
,<a href=https://npb.jp/bis/eng/players/61065150.html>Shinohara Hibiki</a>,2,1,1,0,0,0,33,8.0,8,0,9,0,0,0,0,3,2,2.25,1.21,2.07,1.00,136,33,54,1.04,0.0%,27.3%,0.0%,27.3%,18,R,<a href=https://npb.jp/bis/eng/teams/index_l.html>Seibu</a>,EL
,<a href=https://npb.jp/bis/eng/players/71075155.html>Sugai Shinya</a>,1,0,1,0,0,0,12,3.0,2,0,1,1,0,0,0,2,2,6.00,3.79,4.80,1.00,51,103,124,2.21,0.0%,8.3%,8.3%,0.0%,22,L,<a href=https://npb.jp/bis/eng/teams/index_l.html>Seibu</a>,EL
,<a href=https://npb.jp/bis/eng/players/91095159.html>Sugiyama Haruki</a>,2,0,2,0,0,0,46,9.0,15,1,5,5,0,0,0,13,11,11.00,5.46,4.80,2.22,28,148,124,5.54,2.2%,10.9%,10.9%,0.0%,19,L,<a href=https://npb.jp/bis/eng/teams/index_l.html>Seibu</a>,EL
,<a href=https://npb.jp/bis/eng/players/21025155.html>Sumida Chihiro</a>,1,0,0,0,0,0,10,3.0,0,0,3,1,0,0,0,0,0,0.00,2.46,2.80,0.33,999,67,73,-2.46,0.0%,30.0%,10.0%,20.0%,25,L,<a href=https://npb.jp/bis/eng/teams/index_l.html>Seibu</a>,EL
,<a href=https://npb.jp/bis/eng/players/01205134.html>Tamura Ichiro</a>,4,0,1,2,0,0,20,5.0,1,0,1,3,2,0,0,2,0,0.00,4.86,5.80,0.80,999,132,150,-4.86,0.0%,5.0%,15.0%,-10.0%,30,R,<a href=https://npb.jp/bis/eng/teams/index_l.html>Seibu</a>,EL
,<a href=https://npb.jp/bis/eng/players/91395159.html>Ueda Taiga</a>,1,0,0,0,0,0,14,3.0,6,0,0,0,0,0,0,2,1,3.00,3.46,4.80,2.00,102,94,124,-0.46,0.0%,0.0%,0.0%,0.0%,23,R,<a href=https://npb.jp/bis/eng/teams/index_l.html>Seibu</a>,EL
,<a href=https://npb.jp/bis/eng/players/21325151.html>Uema Towa</a>,2,1,0,0,0,0,43,12.0,7,0,3,1,0,0,0,1,1,0.75,3.21,4.33,0.67,407,87,112,-2.46,0.0%,7.0%,2.3%,4.7%,24,R,<a href=https://npb.jp/bis/eng/teams/index_l.html>Seibu</a>,EL
,<a href=https://npb.jp/bis/eng/players/43345157.html>Yamada Haruto</a>,1,0,0,0,0,0,4,1.0,1,0,0,1,0,0,0,0,0,0.00,6.46,7.30,2.00,999,175,189,-6.46,0.0%,0.0%,25.0%,-25.0%,21,R,<a href=https://npb.jp/bis/eng/teams/index_l.html>Seibu</a>,EL
,<a href=https://npb.jp/bis/eng/players/51155150.html>Asari Tamon</a>,3,0,0,0,0,0,17,4.0,3,0,4,2,0,0,1,2,2,4.50,2.96,3.62,1.25,68,80,94,1.54,0.0%,23.5%,11.8%,11.7%,22,R,<a href=https://npb.jp/bis/eng/teams/index_f.html>Nipponham</a>,EL
,<a href=https://npb.jp/bis/eng/players/81685155.html>Fukushima Ren</a>,2,0,0,0,0,0,40,10.0,7,0,12,2,0,0,0,4,1,0.90,1.66,2.30,0.90,341,45,60,-0.76,0.0%,30.0%,5.0%,25.0%,22,R,<a href=https://npb.jp/bis/eng/teams/index_f.html>Nipponham</a>,EL
,<a href=https://npb.jp/bis/eng/players/93595150.html>Gu Lin Ruei-Yang</a>,1,1,0,0,0,0,16,4.0,3,0,4,1,0,0,0,1,1,2.25,2.21,2.92,1.00,136,60,76,0.04,0.0%,25.0%,6.2%,18.8%,25,R,<a href=https://npb.jp/bis/eng/teams/index_f.html>Nipponham</a>,EL
,<a href=https://npb.jp/bis/eng/players/51855134.html>Hori Mizuki</a>,3,0,0,0,0,0,11,3.0,2,0,4,0,0,0,0,0,0,0.00,0.79,1.16,0.67,999,21,30,-0.79,0.0%,36.4%,0.0%,36.4%,27,L,<a href=https://npb.jp/bis/eng/teams/index_f.html>Nipponham</a>,EL
,<a href=https://npb.jp/bis/eng/players/61865159.html>Hosono Haruki</a>,2,0,1,0,0,0,38,8.2,12,0,11,1,0,0,0,2,1,1.04,1.27,2.17,1.50,295,34,56,-0.23,0.0%,28.9%,2.6%,26.3%,23,L,<a href=https://npb.jp/bis/eng/teams/index_f.html>Nipponham</a>,EL
,<a href=https://npb.jp/bis/eng/players/01505136.html>Kitaura Ryuji</a>,2,1,0,0,0,0,4,1.1,0,0,2,0,0,0,0,0,0,0.00,0.46,-0.20,0.00,999,12,-5,-0.46,0.0%,50.0%,0.0%,50.0%,25,L,<a href=https://npb.jp/bis/eng/teams/index_f.html>Nipponham</a>,EL
,<a href=https://npb.jp/bis/eng/players/51755155.html>Kitayama Koki</a>,2,0,0,0,0,0,36,9.2,5,0,9,2,0,0,1,1,1,0.93,2.22,2.86,0.72,330,60,74,-1.29,0.0%,25.0%,5.6%,19.4%,26,R,<a href=https://npb.jp/bis/eng/teams/index_f.html>Nipponham</a>,EL
,<a href=https://npb.jp/bis/eng/players/61765155.html>Kuroyanagi Kyosuke</a>,1,0,0,0,0,0,18,4.0,4,0,5,2,0,0,0,1,1,2.25,2.46,3.13,1.50,136,66,81,-0.21,0.0%,27.8%,11.1%,16.7%,22,R,<a href=https://npb.jp/bis/eng/teams/index_f.html>Nipponham</a>,EL
,<a href=https://npb.jp/bis/eng/players/03105153.html>Matsumoto Ryodai</a>,3,0,0,0,0,0,12,3.0,2,0,4,2,0,0,0,0,0,0.00,2.79,3.13,1.33,999,75,81,-2.79,0.0%,33.3%,16.7%,16.6%,23,R,<a href=https://npb.jp/bis/eng/teams/index_f.html>Nipponham</a>,EL
,<a href=https://npb.jp/bis/eng/players/33135155.html>Matsuura Keito</a>,3,0,0,1,0,0,11,2.1,4,0,4,0,0,0,0,0,0,0.00,0.03,1.16,1.71,999,1,30,-0.03,0.0%,36.4%,0.0%,36.4%,21,L,<a href=https://npb.jp/bis/eng/teams/index_f.html>Nipponham</a>,EL
,<a href=https://npb.jp/bis/eng/players/53155157.html>Miyauchi Haruki</a>,2,0,0,0,0,0,8,2.0,2,0,2,0,0,0,0,0,0,0.00,1.46,2.30,1.00,999,39,60,-1.46,0.0%,25.0%,0.0%,25.0%,29,R,<a href=https://npb.jp/bis/eng/teams/index_f.html>Nipponham</a>,EL
,<a href=https://npb.jp/bis/eng/players/41245138.html>Nabatame Tsubasa</a>,1,0,0,0,0,0,4,1.0,1,0,2,0,0,0,0,0,0,0.00,-0.54,-0.20,1.00,999,-15,-5,0.54,0.0%,50.0%,0.0%,50.0%,30,R,<a href=https://npb.jp/bis/eng/teams/index_f.html>Nipponham</a>,EL
,<a href=https://npb.jp/bis/eng/players/81285157.html>Nakayama Terukazu</a>,2,0,0,0,0,0,13,1.2,3,0,1,3,0,1,0,3,1,5.40,9.46,6.34,3.60,57,255,164,-4.06,0.0%,7.7%,23.1%,-15.4%,26,R,<a href=https://npb.jp/bis/eng/teams/index_f.html>Nipponham</a>,EL
,<a href=https://npb.jp/bis/eng/players/41645153.html>Nemoto Haruka</a>,2,0,0,1,0,0,13,4.0,1,0,4,0,0,0,0,0,0,0.00,1.46,1.72,0.25,999,39,45,-1.46,0.0%,30.8%,0.0%,30.8%,22,L,<a href=https://npb.jp/bis/eng/teams/index_f.html>Nipponham</a>,EL
,<a href=https://npb.jp/bis/eng/players/41945138.html>Seimiya Kotaro</a>,1,0,0,0,0,0,4,0.0,1,0,0,3,0,0,1,2,2,,,12.30,,0,,319,,0.0%,0.0%,75.0%,-75.0%,25,R,<a href=https://npb.jp/bis/eng/teams/index_f.html>Nipponham</a>,EL
,<a href=https://npb.jp/bis/eng/players/83785159.html>Sun Yi-Lei</a>,2,0,0,0,0,0,9,3.0,0,0,2,1,0,0,0,0,0,0.00,3.13,3.69,0.33,999,84,96,-3.13,0.0%,22.2%,11.1%,11.1%,20,R,<a href=https://npb.jp/bis/eng/teams/index_f.html>Nipponham</a>,EL
,<a href=https://npb.jp/bis/eng/players/91295134.html>Tamai Taisho</a>,2,0,0,0,0,0,9,2.1,1,0,1,0,0,1,0,0,0,0.00,3.89,3.69,0.43,999,105,96,-3.89,0.0%,11.1%,0.0%,11.1%,33,R,<a href=https://npb.jp/bis/eng/teams/index_f.html>Nipponham</a>,EL
,<a href=https://npb.jp/bis/eng/players/01205155.html>Tatsu Kota</a>,1,0,0,0,0,0,15,5.0,1,0,6,0,0,0,0,0,0,0.00,1.06,0.80,0.20,999,29,21,-1.06,0.0%,40.0%,0.0%,40.0%,21,R,<a href=https://npb.jp/bis/eng/teams/index_f.html>Nipponham</a>,EL
,<a href=https://npb.jp/bis/eng/players/41345132.html>Uehara Kenta</a>,3,1,1,1,0,0,16,3.0,6,0,5,1,0,0,1,2,2,6.00,1.13,2.30,2.33,51,31,60,4.87,0.0%,31.2%,6.2%,25.0%,31,L,<a href=https://npb.jp/bis/eng/teams/index_f.html>Nipponham</a>,EL
,<a href=https://npb.jp/bis/eng/players/63365157.html>Yamamoto Kodai</a>,1,0,0,0,0,0,3,1.0,0,0,0,0,0,0,0,0,0,0.00,3.46,4.80,0.00,999,93,124,-3.46,0.0%,0.0%,0.0%,0.0%,26,L,<a href=https://npb.jp/bis/eng/teams/index_f.html>Nipponham</a>,EL
,<a href=https://npb.jp/bis/eng/players/21825130.html>Yamasaki Sachiya</a>,1,0,0,0,0,0,23,6.0,5,1,6,0,0,0,0,1,1,1.50,3.63,2.19,0.83,205,98,57,-2.13,4.3%,26.1%,0.0%,26.1%,32,L,<a href=https://npb.jp/bis/eng/teams/index_f.html>Nipponham</a>,EL
,<a href=https://npb.jp/bis/eng/players/13315150.html>Yamashiro Kotaro</a>,3,1,1,0,0,0,18,4.0,3,0,5,3,0,0,0,2,2,4.50,3.21,3.69,1.50,68,87,96,1.29,0.0%,27.8%,16.7%,11.1%,22,R,<a href=https://npb.jp/bis/eng/teams/index_f.html>Nipponham</a>,EL
,<a href=https://npb.jp/bis/eng/players/63365155.html>Yanagawa Taisei</a>,3,1,0,0,0,0,11,3.0,1,0,6,1,0,0,0,0,0,0.00,0.46,0.25,0.67,999,12,6,-0.46,0.0%,54.5%,9.1%,45.4%,21,R,<a href=https://npb.jp/bis/eng/teams/index_f.html>Nipponham</a>,EL
,<a href=https://npb.jp/bis/eng/players/93795159.html>Zabala Aneurys</a>,2,0,1,0,0,0,9,2.0,3,0,2,1,0,0,0,2,2,9.00,2.96,3.69,2.00,34,80,96,6.04,0.0%,22.2%,11.1%,11.1%,28,R,<a href=https://npb.jp/bis/eng/teams/index_f.html>Nipponham</a>,EL
,Escobar Edwin,4,0,0,0,0,0,21,4.0,9,0,2,0,0,0,0,5,5,11.25,2.46,3.85,2.25,24,77,100,8.79,0.0%,9.5%,0.0%,9.5%,33,L,Oisix,EL
,Hiwatashi Shuta,4,0,0,0,0,0,22,5.0,7,0,3,2,0,0,0,1,1,1.80,3.46,4.35,1.80,147,108,113,-1.66,0.0%,13.6%,9.1%,4.5%,24,R,Oisix,EL
,Kasahara Shotaro,2,0,1,0,0,0,46,10.1,12,3,6,3,0,1,1,5,5,4.35,7.23,4.15,1.45,61,226,108,-2.88,6.5%,13.0%,6.5%,6.5%,30,L,Oisix,EL
,Kobayashi Jui,1,0,1,0,0,0,18,4.0,5,0,2,2,0,0,0,2,2,4.50,3.96,4.80,1.75,59,124,124,0.54,0.0%,11.1%,11.1%,0.0%,24,R,Oisix,EL
,Kobayashi Keisuke,2,0,0,0,0,0,12,2.0,4,0,2,1,0,0,0,5,3,13.50,2.96,3.97,2.50,20,93,103,10.54,0.0%,16.7%,8.3%,8.4%,32,R,Oisix,EL
,Makino Kenshin,3,2,0,0,0,0,76,17.0,19,0,13,7,0,0,0,3,2,1.06,3.17,4.01,1.53,250,99,104,-2.11,0.0%,17.1%,9.2%,7.9%,25,L,Oisix,EL
,Meguro Koya,1,0,0,0,0,0,3,1.0,0,0,0,0,0,0,0,0,0,0.00,3.46,4.80,0.00,999,108,124,-3.46,0.0%,0.0%,0.0%,0.0%,23,L,Oisix,EL
,Mikami Tomoya,5,1,2,0,0,0,23,4.0,9,0,5,2,0,0,0,9,8,18.00,2.46,3.50,2.75,15,77,91,15.54,0.0%,21.7%,8.7%,13.0%,36,R,Oisix,EL
,Namba Shu,3,0,0,0,0,0,19,5.0,3,0,4,1,0,0,0,0,0,0.00,2.46,3.22,0.80,999,77,83,-2.46,0.0%,21.1%,5.3%,15.8%,22,R,Oisix,EL
,Nishimura Riku,4,0,1,0,0,0,20,3.1,9,1,3,2,0,0,0,6,6,16.20,7.36,4.30,3.30,16,231,111,8.84,5.0%,15.0%,10.0%,5.0%,24,R,Oisix,EL
,Noto Syuto,3,1,0,0,0,0,73,18.0,11,0,16,8,0,0,1,3,1,0.50,3.02,3.70,1.06,529,95,96,-2.52,0.0%,21.9%,11.0%,10.9%,23,R,Oisix,EL
,Suzuki Hayato,1,0,0,0,0,0,3,1.0,0,0,0,0,0,0,0,0,0,0.00,3.46,4.80,0.00,999,108,124,-3.46,0.0%,0.0%,0.0%,0.0%,24,R,Oisix,EL
,Takada Takuto,1,0,0,0,0,0,17,3.0,6,1,0,2,0,0,0,4,4,12.00,9.79,5.98,2.67,22,307,155,2.21,5.9%,0.0%,11.8%,-11.8%,22,L,Oisix,EL
,Uemura Tomoki,6,0,1,4,0,0,28,5.1,4,0,5,9,1,0,1,1,1,1.69,6.65,6.23,2.44,157,208,161,-4.96,0.0%,17.9%,32.1%,-14.2%,25,R,Oisix,EL
,Yabuta Kazuki,2,0,1,0,0,0,54,11.1,17,0,7,4,0,0,0,7,7,5.56,3.28,4.24,1.85,48,103,110,2.28,0.0%,13.0%,7.4%,5.6%,32,R,Oisix,EL
,Hamamoto Ken,6,0,0,1,0,0,30,6.0,6,0,5,7,0,0,0,6,6,9.00,5.29,5.47,2.17,34,145,142,3.71,0.0%,16.7%,23.3%,-6.6%,22,R,HAYATE,WL
,Ikeya Sohta,5,1,0,0,0,0,28,7.1,6,0,6,3,0,0,0,0,0,0.00,3.05,3.73,1.23,999,84,97,-3.05,0.0%,21.4%,10.7%,10.7%,25,L,HAYATE,WL
,Kasashima Naoki,2,0,1,0,0,0,47,11.0,10,1,9,3,0,0,0,5,0,0.00,3.82,3.52,1.18,999,105,91,-3.82,2.1%,19.1%,6.4%,12.7%,22,R,HAYATE,WL
,Kurahashi Dojin,5,0,0,0,0,0,21,5.2,3,0,5,2,0,0,0,0,0,0.00,2.75,3.37,0.88,999,75,87,-2.75,0.0%,23.8%,9.5%,14.3%,22,R,HAYATE,WL
,Noguchi Wataru,2,0,2,0,0,0,51,7.0,17,1,2,13,0,0,2,17,17,21.86,10.32,6.96,4.29,14,283,180,11.54,2.0%,3.9%,25.5%,-21.6%,23,R,HAYATE,WL
,Nomura Yuhki,5,0,1,0,0,0,26,5.0,9,0,2,2,0,0,0,7,7,12.60,3.86,4.80,2.20,24,106,124,8.74,0.0%,7.7%,7.7%,0.0%,25,R,HAYATE,WL
,Nozato Keishiro,6,1,0,0,0,0,25,6.0,5,0,3,1,0,1,0,1,1,1.50,3.46,4.00,1.00,202,95,104,-1.96,0.0%,12.0%,4.0%,8.0%,23,R,HAYATE,WL
,Ohbae Kohshi,2,0,1,0,0,0,23,4.0,5,0,1,6,0,0,0,3,3,6.75,7.46,6.97,2.75,45,204,181,-0.71,0.0%,4.3%,26.1%,-21.8%,19,R,HAYATE,WL
,Oishi Wataru,2,0,1,0,0,0,45,10.0,14,0,3,4,0,0,0,5,4,3.60,4.06,5.02,1.80,84,111,130,-0.46,0.0%,6.7%,8.9%,-2.2%,23,L,HAYATE,WL
,Okuda Kanata,1,0,1,0,0,0,25,4.0,11,0,1,3,0,0,0,7,7,15.75,5.21,5.60,3.50,19,143,145,10.54,0.0%,4.0%,12.0%,-8.0%,24,L,HAYATE,WL
,Satoh Hiroki,3,0,2,0,0,0,73,18.0,14,0,9,9,0,0,3,5,5,2.50,3.96,4.80,1.28,121,108,124,-1.46,0.0%,12.3%,12.3%,0.0%,26,L,HAYATE,WL
,Shohji Aoba,1,0,0,0,0,0,4,1.0,0,0,3,0,0,0,0,0,0,0.00,-2.54,-2.70,0.00,999,-70,-70,2.54,0.0%,75.0%,0.0%,75.0%,24,L,HAYATE,WL
,Takatori Shonosuke,2,1,0,0,0,0,47,11.0,14,0,5,3,0,1,0,3,3,2.45,3.64,4.37,1.55,123,100,113,-1.19,0.0%,10.6%,6.4%,4.2%,23,R,HAYATE,WL
,Takeuchi Keito,4,0,1,0,0,0,25,6.2,4,1,5,1,0,0,0,4,2,2.70,4.36,3.20,0.75,112,119,83,-1.66,4.0%,20.0%,4.0%,16.0%,26,R,HAYATE,WL
,Tanaka Kenjiro,5,1,0,1,0,0,23,6.0,5,0,6,0,0,0,0,1,1,1.50,1.46,2.19,0.83,202,40,57,0.04,0.0%,26.1%,0.0%,26.1%,35,L,HAYATE,WL
,Yamada Ryu,2,0,0,2,0,0,9,2.0,1,0,2,2,0,0,0,0,0,0.00,4.46,4.80,1.50,999,122,124,-4.46,0.0%,22.2%,22.2%,0.0%,20,R,HAYATE,WL
,Yamada Ryusei,3,0,0,0,0,0,40,11.0,4,0,4,5,0,0,2,1,1,0.82,4.10,5.05,0.82,369,112,131,-3.28,0.0%,10.0%,12.5%,-2.5%,19,R,HAYATE,WL
