#,,Team,G,W,L,T,PCT,GB,RS,RA,Diff,XPCT,Home,Road,vs G,vs L,vs M,vs F,vs E,vs DB,vs A,vs S,Inter
,🐰,<a href=https://npb.jp/bis/eng/teams/index_g.html>Yomiuri Giants</a>,126,80,44,2,0.645,--,576,353,223,0.710,36-22(2),44-22,--,11-6(1),10-9,12-8,10-6(1),8-6,13-4,14-4,2-1
,🦁,<a href=https://npb.jp/bis/eng/teams/index_l.html>Seibu Lions</a>,121,69,49,3,0.585,8.0,503,381,122,0.624,38-19(1),31-30(2),6-11(1),--,10-6(1),9-8,6-5,12-8,12-5(1),13-5,1-1
,⚓,<a href=https://npb.jp/bis/eng/teams/index_m.html>Lotte Marines</a>,121,64,55,2,0.538,13.5,485,449,36,0.535,29-28(1),35-27(1),9-10,6-10(1),--,6-4(1),15-7,11-10,9-6,7-7,1-1
,🦊,<a href=https://npb.jp/bis/eng/teams/index_f.html>Nipponham Fighters</a>,117,60,55,2,0.522,15.5,460,433,27,0.528,32-28(1),28-27(1),8-12,8-9,4-6(1),--,9-9,14-3,7-8,9-7(1),1-1
,🦅 ,<a href=https://npb.jp/bis/eng/teams/index_e.html>Rakuten Eagles</a>,127,62,63,2,0.496,18.5,494,527,-33,0.470,35-27(1),27-36(1),6-10(1),5-6,7-15,9-9,--,9-10(1),12-6,14-7,--
,⭐,<a href=https://npb.jp/bis/eng/teams/index_db.html>DeNA BayStars</a>,130,57,71,2,0.445,25.0,520,550,-30,0.474,29-35(1),28-36(1),6-8,8-12,10-11,3-14,10-9(1),--,9-7,10-8(1),1-2
,🦢,<a href=https://www.niigata-albirex-bc.jp/>Oisix Albirex</a>,121,47,73,1,0.392,31.0,415,593,-178,0.342,28-34,19-39(1),4-13,5-12(1),6-9,8-7,6-12,7-9,--,8-5,3-6
,🐧,<a href=https://npb.jp/bis/eng/teams/index_s.html>Yakult Swallows</a>,123,45,76,2,0.372,33.5,353,496,-143,0.349,21-41(1),24-35(1),4-14,5-13,7-7,7-9(1),7-14,8-10(1),5-8,--,2-1
