#,Team,G,W,L,T,PCT,GB,RS,RA,Diff,XPCT,Home,Road,vs D,vs T,vs H,vs B,vs C,vs V
,<a href=https://npb.jp/bis/eng/teams/index_d.html>Chunichi Dragons</a>,19,13,4,2,0.765,--,86,52,34,0.715,7-3(1),6-1(1),--,3-2(1),4-1,1-1(1),2-0,3-0
,<a href=https://npb.jp/bis/eng/teams/index_t.html>Hanshin Tigers</a>,20,10,8,2,0.556,3.5,69,65,4,0.527,6-4(1),4-4(1),2-3(1),--,2-1,1-1(1),3-2,2-1
,<a href=https://npb.jp/bis/eng/teams/index_h.html>SoftBank Hawks</a>,19,10,9,0,0.526,4.0,88,56,32,0.696,5-5,5-4,1-4,1-2,--,2-1,3-0,3-2
,<a href=https://npb.jp/bis/eng/teams/index_b.html>ORIX Buffaloes</a>,20,8,9,3,0.471,5.0,53,59,-6,0.451,5-3(1),3-6(2),1-1(1),1-1(1),1-2,--,1-4(1),4-1
,<a href=https://npb.jp/bis/eng/teams/index_c.html>Hiroshima Carp</a>,18,7,10,1,0.412,6.0,46,75,-29,0.290,4-6(1),3-4,0-2,2-3,0-3,4-1(1),--,1-1
,HAYATE Ventures,18,5,13,0,0.278,8.5,41,76,-35,0.244,1-4,4-9,0-3,1-2,2-3,1-4,1-1,--
