#,,Team,G,W,L,T,PCT,GB,RS,RA,Diff,XPCT,Home,Road,vs M,vs G,vs L,vs F,vs E,vs DB,vs A,vs S,Inter
,"<img src=""https://www.yakyucosmo.com/wp-content/uploads/2025/04/Marines.jpg"" alt="""" width=""10"" height=""10"" class=""alignnone size-full wp-image-6240"" />",<a href=https://npb.jp/bis/eng/teams/index_m.html>Lotte Marines</a>,80,50,28,2,0.641,--,379,268,111,0.653,23-16(1),27-12(1),--,7-5,6-5(1),3-2(1),11-6,7-6,8-0,7-3,1-1
,"<img src=""https://www.yakyucosmo.com/wp-content/uploads/2025/04/Giants.jpg"" alt="""" width=""10"" height=""10"" class=""alignnone size-full wp-image-6227"" />",<a href=https://npb.jp/bis/eng/teams/index_g.html>Yomiuri Giants</a>,81,49,30,2,0.620,1.5,339,244,95,0.646,21-13(2),28-17,5-7,--,7-4(1),10-4,3-5(1),7-3,7-4,8-2,2-1
,"<img src=""https://www.yakyucosmo.com/wp-content/uploads/2025/04/Lions.jpg"" alt="""" width=""10"" height=""10"" class=""alignnone size-full wp-image-6219"" />",<a href=https://npb.jp/bis/eng/teams/index_l.html>Seibu Lions</a>,78,46,30,2,0.605,3.0,332,255,77,0.618,21-12,25-18(2),5-6(1),4-7(1),--,6-4,5-4,8-3,8-5,10-1,--
,"<img src=""https://www.yakyucosmo.com/wp-content/uploads/2025/04/Fighters.jpg"" alt="""" width=""10"" height=""10"" class=""alignnone size-full wp-image-6217"" />",<a href=https://npb.jp/bis/eng/teams/index_f.html>Nipponham Fighters</a>,77,39,37,1,0.513,10.0,296,279,17,0.527,22-15(1),17-22,2-3(1),4-10,4-6,--,7-5,9-2,5-6,7-4,1-1
,"<img src=""https://www.yakyucosmo.com/wp-content/uploads/2025/04/Eagles.jpg"" alt="""" width=""10"" height=""10"" class=""alignnone size-full wp-image-6218"" />",<a href=https://npb.jp/bis/eng/teams/index_e.html>Rakuten Eagles</a>,85,43,41,1,0.512,10.0,306,333,-27,0.461,29-20,14-21(1),6-11,5-3(1),4-5,5-7,--,7-6,7-3,9-6,--
,"<img src=""https://www.yakyucosmo.com/wp-content/uploads/2025/04/BayStars.jpg"" alt="""" width=""10"" height=""10"" class=""alignnone size-full wp-image-6228"" />",<a href=https://npb.jp/bis/eng/teams/index_db.html>DeNA BayStars</a>,87,35,51,1,0.407,19.0,349,383,-34,0.458,17-25(1),18-26,6-7,3-7,3-8,2-9,6-7,--,6-6,8-5(1),1-2
,"<img src=""https://www.yakyucosmo.com/wp-content/uploads/2025/04/Albirex.jpg"" alt="""" width=""10"" height=""10"" class=""alignnone size-full wp-image-6298"" />",<a href=https://www.niigata-albirex-bc.jp/>Oisix Albirex</a>,79,31,48,0,0.392,19.5,272,398,-126,0.333,19-22,12-26,0-8,4-7,5-8,6-5,3-7,6-6,--,6-2,1-5
,"<img src=""https://www.yakyucosmo.com/wp-content/uploads/2025/04/Swallows.jpg"" alt="""" width=""10"" height=""10"" class=""alignnone size-full wp-image-6226"" />",<a href=https://npb.jp/bis/eng/teams/index_s.html>Yakult Swallows</a>,79,23,55,1,0.295,27.0,214,320,-106,0.324,10-31,13-24(1),3-7,2-8,1-10,4-7,6-9,5-8(1),2-6,--,--
