#,,Team,G,W,L,T,PCT,GB,RS,RA,Diff,XPCT,Home,Road,vs D,vs H,vs B,vs T,vs C,vs V,Inter
,"<img src=""https://www.yakyucosmo.com/wp-content/uploads/2025/04/Dragons.jpg"" alt="""" width=""10"" height=""10"" class=""alignnone size-full wp-image-6225"" />",<a href=https://npb.jp/bis/eng/teams/index_d.html>Chunichi Dragons</a>,48,31,14,3,0.689,--,222,137,85,0.708,15-5(1),16-9(2),--,6-2,5-4(2),8-2(1),6-5,6-1,--
,"<img src=""https://www.yakyucosmo.com/wp-content/uploads/2025/04/Hawks.jpg"" alt="""" width=""10"" height=""10"" class=""alignnone size-full wp-image-6220"" /> ",<a href=https://npb.jp/bis/eng/teams/index_h.html>SoftBank Hawks</a>,49,27,21,1,0.563,5.5,217,170,47,0.610,16-11(1),11-10,2-6,--,6-5,5-5,8-2(1),6-3,--
,"<img src=""https://www.yakyucosmo.com/wp-content/uploads/2025/04/Buffaloes.jpg"" alt="""" width=""10"" height=""10"" class=""alignnone size-full wp-image-6222"" />",<a href=https://npb.jp/bis/eng/teams/index_b.html>ORIX Buffaloes</a>,52,23,22,7,0.511,8.0,180,174,6,0.516,14-11(2),9-11(5),4-5(2),5-6,--,2-3(3),3-6(2),8-2,1-0
,"<img src=""https://www.yakyucosmo.com/wp-content/uploads/2025/04/Tigers.jpg"" alt="""" width=""10"" height=""10"" class=""alignnone size-full wp-image-6224"" />",<a href=https://npb.jp/bis/eng/teams/index_t.html>Hanshin Tigers</a>,50,21,25,4,0.457,10.5,181,209,-28,0.435,10-13(3),11-12(1),2-8(1),5-5,3-2(3),--,6-5,3-4,2-1
,"<img src=""https://www.yakyucosmo.com/wp-content/uploads/2025/04/Carp.jpg"" alt="""" width=""10"" height=""10"" class=""alignnone size-full wp-image-6223"" />",<a href=https://npb.jp/bis/eng/teams/index_c.html>Hiroshima Carp</a>,52,22,27,3,0.449,11.0,179,223,-44,0.401,12-12(2),10-15(1),5-6,2-8(1),6-3(2),5-6,--,4-4,--
,"<img src=""https://www.yakyucosmo.com/wp-content/uploads/2025/04/Ventures.jpg"" alt="""" width=""10"" height=""10"" class=""alignnone size-full wp-image-6297"" />",<a href=https://hayateventures.jp/>HAYATE Ventures</a>,48,17,31,0,0.354,15.5,133,218,-85,0.288,10-13,7-18,1-6,3-6,2-8,4-3,4-4,--,3-4
