#,,Team,G,W,L,T,PCT,GB,RS,RA,Diff,XPCT,Home,Road,vs D,vs H,vs T,vs B,vs C,vs V,Inter
,"<img src=""https://www.yakyucosmo.com/wp-content/uploads/2025/04/Dragons.jpg"" alt="""" width=""10"" height=""10"" class=""alignnone size-full wp-image-6225"" />",<a href=https://npb.jp/bis/eng/teams/index_d.html>Chunichi Dragons</a>,77,46,26,5,0.639,--,329,225,104,0.667,22-10(1),24-16(4),--,9-4,10-7(2),8-5(2),10-8(1),9-2,--
,"<img src=""https://www.yakyucosmo.com/wp-content/uploads/2025/04/Hawks.jpg"" alt="""" width=""10"" height=""10"" class=""alignnone size-full wp-image-6220"" /> ",<a href=https://npb.jp/bis/eng/teams/index_h.html>SoftBank Hawks</a>,81,45,33,3,0.577,4.0,345,276,69,0.601,29-19(1),16-14(2),4-9,--,7-9,11-9(2),12-3(1),9-3,2-0
,"<img src=""https://www.yakyucosmo.com/wp-content/uploads/2025/04/Tigers.jpg"" alt="""" width=""10"" height=""10"" class=""alignnone size-full wp-image-6224"" />",<a href=https://npb.jp/bis/eng/teams/index_t.html>Hanshin Tigers</a>,85,43,36,6,0.544,6.5,336,301,35,0.550,22-17(5),21-19(1),7-10(2),9-7,--,4-6(3),10-7(1),11-5,2-1
,"<img src=""https://www.yakyucosmo.com/wp-content/uploads/2025/04/Buffaloes.jpg"" alt="""" width=""10"" height=""10"" class=""alignnone size-full wp-image-6222"" />",<a href=https://npb.jp/bis/eng/teams/index_b.html>ORIX Buffaloes</a>,86,40,36,10,0.526,8.0,318,278,40,0.561,22-20(4),18-16(6),5-8(2),9-11(2),6-4(3),--,8-9(2),11-4(1),1-0
,"<img src=""https://www.yakyucosmo.com/wp-content/uploads/2025/04/Carp.jpg"" alt="""" width=""10"" height=""10"" class=""alignnone size-full wp-image-6223"" />",<a href=https://npb.jp/bis/eng/teams/index_c.html>Hiroshima Carp</a>,85,34,46,5,0.425,16.0,285,384,-99,0.367,16-23(3),18-23(2),8-10(1),3-12(1),7-10(1),9-8(2),--,7-6,--
,"<img src=""https://www.yakyucosmo.com/wp-content/uploads/2025/04/Ventures.jpg"" alt="""" width=""10"" height=""10"" class=""alignnone size-full wp-image-6297"" />",<a href=https://hayateventures.jp/>HAYATE Ventures</a>,78,25,52,1,0.325,23.5,193,349,-156,0.253,13-20(1),12-32,2-9,3-9,5-11,4-11(1),6-7,--,5-5
