Rank,Player,G,PA,AB,R,H,2B,3B,HR,TB,RBI,SB,CS,SH,SF,SO,BB,IBB,HP,GDP,AVG,OBP,SLG,OPS,OPS+,ISO,BABIP,TTO%,K%,BB%,BB/K,wSB,Age,Pos,B,,Team,League
,<a href=https://npb.jp/bis/eng/players/23325159.html>Momosaki Aoi</a>,79,265,238,28,70,15,1,1,90,21,3,3,3,1,54,19,0,4,5,0.294,0.355,0.378,0.733,129,0.084,0.375,27.9%,20.4%,7.2%,0.35,-0.6,19,4,R,"<img src=""https://www.yakyucosmo.com/wp-content/uploads/2025/04/Tigers.jpg"" alt="""" width=""10"" height=""10"" class=""alignnone size-full wp-image-6224"" />",<a href=https://npb.jp/bis/eng/teams/index_t.html>Hanshin</a>,WL
,<a href=https://npb.jp/bis/eng/players/41845155.html>Maekawa Seita</a>,70,256,222,23,63,7,2,0,74,20,2,2,7,4,20,23,0,0,9,0.284,0.345,0.333,0.678,108,0.049,0.306,16.8%,7.8%,9.0%,1.15,-0.4,22,4,R,"<img src=""https://www.yakyucosmo.com/wp-content/uploads/2025/04/Carp.jpg"" alt="""" width=""10"" height=""10"" class=""alignnone size-full wp-image-6223"" />",<a href=https://npb.jp/bis/eng/teams/index_c.html>Hiroshima</a>,WL
,<a href=https://npb.jp/bis/eng/players/31335159.html>Inoue Kento</a>,61,265,242,29,62,10,3,8,102,40,5,3,2,4,44,13,0,4,2,0.256,0.300,0.421,0.721,116,0.165,0.278,24.5%,16.6%,4.9%,0.30,-0.2,25,5,L,"<img src=""https://www.yakyucosmo.com/wp-content/uploads/2025/04/BayStars.jpg"" alt="""" width=""10"" height=""10"" class=""alignnone size-full wp-image-6228"" />",<a href=https://npb.jp/bis/eng/teams/index_db.html>DeNA</a>,EL
,<a href=https://npb.jp/bis/eng/players/21525150.html>Kato Hibiki</a>,79,312,285,32,63,16,0,4,91,27,3,4,3,1,41,22,0,1,4,0.221,0.278,0.319,0.597,80,0.098,0.245,21.5%,13.1%,7.1%,0.54,-0.9,23,UTL,R,"<img src=""https://www.yakyucosmo.com/wp-content/uploads/2025/04/BayStars.jpg"" alt="""" width=""10"" height=""10"" class=""alignnone size-full wp-image-6228"" />",<a href=https://npb.jp/bis/eng/teams/index_db.html>DeNA</a>,EL
,<a href=https://npb.jp/bis/eng/players/41545138.html>Katsumata Atsushi</a>,68,250,235,27,62,9,1,3,82,20,4,1,2,2,30,9,0,2,9,0.264,0.294,0.349,0.643,93,0.085,0.289,16.8%,12.0%,3.6%,0.30,0.3,25,7,L,"<img src=""https://www.yakyucosmo.com/wp-content/uploads/2025/04/BayStars.jpg"" alt="""" width=""10"" height=""10"" class=""alignnone size-full wp-image-6228"" />",<a href=https://npb.jp/bis/eng/teams/index_db.html>DeNA</a>,EL
,<a href=https://npb.jp/bis/eng/players/31935139.html>Sekine Taiki</a>,61,247,216,19,58,9,1,1,72,24,8,3,11,2,17,17,0,1,3,0.269,0.322,0.333,0.655,97,0.064,0.285,14.2%,6.9%,6.9%,1.00,0.3,30,8,L,"<img src=""https://www.yakyucosmo.com/wp-content/uploads/2025/04/BayStars.jpg"" alt="""" width=""10"" height=""10"" class=""alignnone size-full wp-image-6228"" />",<a href=https://npb.jp/bis/eng/teams/index_db.html>DeNA</a>,EL
,<a href=https://npb.jp/bis/eng/players/13015153.html>Tima Julian</a>,70,259,245,23,52,13,0,6,83,28,0,0,0,2,59,12,0,0,9,0.212,0.247,0.339,0.586,74,0.127,0.253,29.7%,22.8%,4.6%,0.20,-0.1,20,3,R,"<img src=""https://www.yakyucosmo.com/wp-content/uploads/2025/04/Giants.jpg"" alt="""" width=""10"" height=""10"" class=""alignnone size-full wp-image-6227"" />",<a href=https://npb.jp/bis/eng/teams/index_g.html>Yomiuri</a>,EL
,<a href=https://npb.jp/bis/eng/players/11615157.html>Hashimoto Seiya</a>,63,230,212,23,54,10,2,0,68,24,4,4,1,2,26,15,0,0,7,0.255,0.301,0.321,0.622,90,0.066,0.287,17.8%,11.3%,6.5%,0.58,-0.7,24,7,L,"<img src=""https://www.yakyucosmo.com/wp-content/uploads/2025/04/Swallows.jpg"" alt="""" width=""10"" height=""10"" class=""alignnone size-full wp-image-6226"" />",<a href=https://npb.jp/bis/eng/teams/index_s.html>Yakult</a>,EL
,<a href=https://npb.jp/bis/eng/players/01505157.html>Kitamura Keigo</a>,71,254,225,14,52,10,0,2,68,10,1,0,2,1,40,19,0,7,7,0.231,0.310,0.302,0.612,87,0.071,0.272,24.0%,15.7%,7.5%,0.47,0.1,24,UTL,R,"<img src=""https://www.yakyucosmo.com/wp-content/uploads/2025/04/Swallows.jpg"" alt="""" width=""10"" height=""10"" class=""alignnone size-full wp-image-6226"" />",<a href=https://npb.jp/bis/eng/teams/index_s.html>Yakult</a>,EL
,<a href=https://npb.jp/bis/eng/players/91495157.html>Nishimura Ruito</a>,65,229,210,20,45,11,0,2,62,16,2,6,0,2,57,17,0,0,4,0.214,0.271,0.295,0.566,73,0.081,0.281,33.2%,24.9%,7.4%,0.30,-1.7,20,5,L,"<img src=""https://www.yakyucosmo.com/wp-content/uploads/2025/04/Swallows.jpg"" alt="""" width=""10"" height=""10"" class=""alignnone size-full wp-image-6226"" />",<a href=https://npb.jp/bis/eng/teams/index_s.html>Yakult</a>,EL
,<a href=https://npb.jp/bis/eng/players/71675157.html>Hama Shonosuke</a>,65,235,208,29,51,9,6,0,72,15,10,5,2,1,47,24,1,0,6,0.245,0.322,0.346,0.668,100,0.101,0.315,30.2%,20.0%,10.2%,0.51,-0.0,25,8,L,"<img src=""https://www.yakyucosmo.com/wp-content/uploads/2025/04/Dragons.jpg"" alt="""" width=""10"" height=""10"" class=""alignnone size-full wp-image-6225"" />",<a href=https://npb.jp/bis/eng/teams/index_d.html>Chunichi</a>,WL
,<a href=https://npb.jp/bis/eng/players/41545159.html>Kawakami Rii</a>,81,314,259,36,60,10,2,1,77,31,14,6,0,6,69,42,0,7,6,0.232,0.347,0.297,0.644,94,0.065,0.303,35.7%,22.0%,13.4%,0.61,0.2,24,3,R,"<img src=""https://www.yakyucosmo.com/wp-content/uploads/2025/04/Dragons.jpg"" alt="""" width=""10"" height=""10"" class=""alignnone size-full wp-image-6225"" />",<a href=https://npb.jp/bis/eng/teams/index_d.html>Chunichi</a>,WL
,<a href=https://npb.jp/bis/eng/players/71375155.html>Ukai Kosuke</a>,59,241,212,33,61,15,2,5,95,33,7,2,0,0,43,24,0,5,4,0.288,0.373,0.448,0.821,145,0.160,0.341,29.9%,17.8%,10.0%,0.56,0.4,26,7,R,"<img src=""https://www.yakyucosmo.com/wp-content/uploads/2025/04/Dragons.jpg"" alt="""" width=""10"" height=""10"" class=""alignnone size-full wp-image-6225"" />",<a href=https://npb.jp/bis/eng/teams/index_d.html>Chunichi</a>,WL
,<a href=https://npb.jp/bis/eng/players/61065157.html>Chano Tokumasa</a>,80,271,247,28,75,2,1,0,79,13,18,7,4,2,29,17,0,1,2,0.304,0.348,0.320,0.668,110,0.016,0.341,17.0%,10.7%,6.3%,0.59,0.6,25,9,L,"<img src=""https://www.yakyucosmo.com/wp-content/uploads/2025/04/Buffaloes.jpg"" alt="""" width=""10"" height=""10"" class=""alignnone size-full wp-image-6222"" />",<a href=https://npb.jp/bis/eng/teams/index_b.html>ORIX</a>,WL
,<a href=https://npb.jp/bis/eng/players/91295157.html>Naito Ho</a>,81,313,283,19,69,8,1,3,88,28,0,0,0,1,43,27,1,2,13,0.244,0.313,0.311,0.624,96,0.067,0.277,23.3%,13.7%,8.6%,0.63,-0.1,20,3,R,"<img src=""https://www.yakyucosmo.com/wp-content/uploads/2025/04/Buffaloes.jpg"" alt="""" width=""10"" height=""10"" class=""alignnone size-full wp-image-6222"" />",<a href=https://npb.jp/bis/eng/teams/index_b.html>ORIX</a>,WL
,<a href=https://npb.jp/bis/eng/players/53155159.html>Matsuishi Shinya</a>,67,229,199,26,48,4,1,0,54,12,4,5,12,1,40,15,0,2,5,0.241,0.300,0.271,0.571,69,0.030,0.300,24.0%,17.5%,6.6%,0.38,-1.1,19,6,R,"<img src=""https://www.yakyucosmo.com/wp-content/uploads/2025/04/Marines.jpg"" alt="""" width=""10"" height=""10"" class=""alignnone size-full wp-image-6240"" />",<a href=https://npb.jp/bis/eng/teams/index_m.html>Lotte</a>,EL
,<a href=https://npb.jp/bis/eng/players/81885150.html>Miyazaki Ryusei</a>,68,259,228,39,62,10,5,4,94,32,4,0,0,1,58,26,0,4,3,0.272,0.355,0.412,0.767,124,0.140,0.347,34.0%,22.4%,10.0%,0.45,0.6,24,4,L,"<img src=""https://www.yakyucosmo.com/wp-content/uploads/2025/04/Marines.jpg"" alt="""" width=""10"" height=""10"" class=""alignnone size-full wp-image-6240"" />",<a href=https://npb.jp/bis/eng/teams/index_m.html>Lotte</a>,EL
,<a href=https://npb.jp/bis/eng/players/91895138.html>Yamaguchi Koki</a>,70,277,222,39,54,10,2,11,101,53,2,0,0,7,55,41,1,7,3,0.243,0.368,0.455,0.823,140,0.212,0.264,38.6%,19.9%,14.8%,0.75,0.2,24,UTL,R,"<img src=""https://www.yakyucosmo.com/wp-content/uploads/2025/04/Marines.jpg"" alt="""" width=""10"" height=""10"" class=""alignnone size-full wp-image-6240"" />",<a href=https://npb.jp/bis/eng/teams/index_m.html>Lotte</a>,EL
,<a href=https://npb.jp/bis/eng/players/61665159.html>Hirose Ryuta</a>,59,246,214,26,53,6,2,0,63,12,2,1,1,0,39,29,0,2,11,0.248,0.343,0.294,0.637,94,0.046,0.303,27.6%,15.9%,11.8%,0.74,-0.1,24,UTL,R,"<img src=""https://www.yakyucosmo.com/wp-content/uploads/2025/04/Hawks.jpg"" alt="""" width=""10"" height=""10"" class=""alignnone size-full wp-image-6220"" /> ",<a href=https://npb.jp/bis/eng/teams/index_h.html>SoftBank</a>,WL
,<a href=https://npb.jp/bis/eng/players/11315157.html>Ikhine Itua</a>,71,275,236,29,54,6,4,3,77,27,17,6,3,2,68,30,0,4,3,0.229,0.324,0.326,0.650,98,0.097,0.305,36.7%,24.7%,10.9%,0.44,0.8,20,6,L,"<img src=""https://www.yakyucosmo.com/wp-content/uploads/2025/04/Hawks.jpg"" alt="""" width=""10"" height=""10"" class=""alignnone size-full wp-image-6220"" /> ",<a href=https://npb.jp/bis/eng/teams/index_h.html>SoftBank</a>,WL
,<a href=https://npb.jp/bis/eng/players/01305153.html>Inoue Tomoya</a>,65,276,249,32,62,12,2,2,84,35,2,0,1,3,55,18,0,5,7,0.249,0.309,0.337,0.646,96,0.088,0.308,27.2%,19.9%,6.5%,0.33,0.2,22,3,R,"<img src=""https://www.yakyucosmo.com/wp-content/uploads/2025/04/Hawks.jpg"" alt="""" width=""10"" height=""10"" class=""alignnone size-full wp-image-6220"" /> ",<a href=https://npb.jp/bis/eng/teams/index_h.html>SoftBank</a>,WL
,<a href=https://npb.jp/bis/eng/players/91095153.html>Sasagawa Yoshiyasu</a>,69,293,263,44,70,8,2,9,109,45,8,4,0,4,70,23,0,3,1,0.266,0.328,0.414,0.742,125,0.148,0.324,34.8%,23.9%,7.8%,0.33,-0.1,23,9,L,"<img src=""https://www.yakyucosmo.com/wp-content/uploads/2025/04/Hawks.jpg"" alt="""" width=""10"" height=""10"" class=""alignnone size-full wp-image-6220"" /> ",<a href=https://npb.jp/bis/eng/teams/index_h.html>SoftBank</a>,WL
,<a href=https://npb.jp/bis/eng/players/01205150.html>Shoji Yudai</a>,60,242,211,23,45,5,0,0,50,17,7,4,4,2,47,24,0,1,3,0.213,0.294,0.237,0.531,62,0.024,0.271,29.3%,19.4%,9.9%,0.51,-0.2,22,6,L,"<img src=""https://www.yakyucosmo.com/wp-content/uploads/2025/04/Hawks.jpg"" alt="""" width=""10"" height=""10"" class=""alignnone size-full wp-image-6220"" /> ",<a href=https://npb.jp/bis/eng/teams/index_h.html>SoftBank</a>,WL
,<a href=https://npb.jp/bis/eng/players/41345153.html>Irie Daiki</a>,72,282,267,29,69,8,2,2,87,28,3,1,2,4,39,6,0,3,7,0.258,0.279,0.326,0.605,84,0.068,0.291,16.7%,13.8%,2.1%,0.15,0.1,23,4,R,"<img src=""https://www.yakyucosmo.com/wp-content/uploads/2025/04/Eagles.jpg"" alt="""" width=""10"" height=""10"" class=""alignnone size-full wp-image-6218"" />",<a href=https://npb.jp/bis/eng/teams/index_e.html>Rakuten</a>,EL
,<a href=https://npb.jp/bis/eng/players/43545155.html>Yoshino Soshi</a>,68,260,237,31,60,19,3,2,91,22,2,0,0,3,63,15,0,5,8,0.253,0.308,0.384,0.692,110,0.131,0.331,30.8%,24.2%,5.8%,0.24,0.2,21,8,R,"<img src=""https://www.yakyucosmo.com/wp-content/uploads/2025/04/Eagles.jpg"" alt="""" width=""10"" height=""10"" class=""alignnone size-full wp-image-6218"" />",<a href=https://npb.jp/bis/eng/teams/index_e.html>Rakuten</a>,EL
,<a href=https://npb.jp/bis/eng/players/03305150.html>Yoshinoh Tsubasa</a>,68,251,222,29,51,9,1,3,71,23,2,0,0,1,63,25,0,3,5,0.230,0.315,0.320,0.635,93,0.090,0.306,36.3%,25.1%,10.0%,0.40,0.2,22,9,L,"<img src=""https://www.yakyucosmo.com/wp-content/uploads/2025/04/Eagles.jpg"" alt="""" width=""10"" height=""10"" class=""alignnone size-full wp-image-6218"" />",<a href=https://npb.jp/bis/eng/teams/index_e.html>Rakuten</a>,EL
,<a href=https://npb.jp/bis/eng/players/61665157.html>Hiruma Takuya</a>,58,226,204,23,51,10,1,2,69,14,6,0,3,0,39,17,0,2,3,0.250,0.314,0.338,0.652,93,0.088,0.301,25.7%,17.3%,7.5%,0.44,0.9,24,9,L,"<img src=""https://www.yakyucosmo.com/wp-content/uploads/2025/04/Lions.jpg"" alt="""" width=""10"" height=""10"" class=""alignnone size-full wp-image-6219"" />",<a href=https://npb.jp/bis/eng/teams/index_l.html>Seibu</a>,EL
,<a href=https://npb.jp/bis/eng/players/93395159.html>Murata Reon</a>,72,288,268,27,74,22,0,4,108,27,1,0,0,3,62,14,0,3,10,0.276,0.316,0.403,0.719,111,0.127,0.341,27.8%,21.5%,4.9%,0.23,0.1,23,3,R,"<img src=""https://www.yakyucosmo.com/wp-content/uploads/2025/04/Lions.jpg"" alt="""" width=""10"" height=""10"" class=""alignnone size-full wp-image-6219"" />",<a href=https://npb.jp/bis/eng/teams/index_l.html>Seibu</a>,EL
,<a href=https://npb.jp/bis/eng/players/01105155.html>Arizono Naoki</a>,70,277,242,47,72,10,3,14,130,47,2,0,0,2,58,31,1,2,10,0.298,0.379,0.537,0.916,163,0.239,0.337,37.2%,20.9%,11.2%,0.53,0.2,22,5,R,"<img src=""https://www.yakyucosmo.com/wp-content/uploads/2025/04/Fighters.jpg"" alt="""" width=""10"" height=""10"" class=""alignnone size-full wp-image-6217"" />",<a href=https://npb.jp/bis/eng/teams/index_f.html>Nipponham</a>,EL
,Chinen Taisei,81,331,312,48,94,11,5,8,139,44,4,7,0,3,36,14,0,2,2,0.301,0.332,0.446,0.778,148,0.145,0.317,17.5%,10.9%,4.2%,0.39,-1.8,25,8,L,"<img src=""https://www.yakyucosmo.com/wp-content/uploads/2025/04/Albirex.jpg"" alt="""" width=""10"" height=""10"" class=""alignnone size-full wp-image-6298"" />",<a href=https://www.niigata-albirex-bc.jp/>Oisix</a>,EL
,Konishi Keiji,71,226,203,13,36,8,1,2,52,18,0,0,11,3,66,6,0,3,6,0.177,0.209,0.256,0.465,45,0.079,0.246,32.7%,29.2%,2.7%,0.09,-0.1,27,3,R,"<img src=""https://www.yakyucosmo.com/wp-content/uploads/2025/04/Albirex.jpg"" alt="""" width=""10"" height=""10"" class=""alignnone size-full wp-image-6298"" />",<a href=https://www.niigata-albirex-bc.jp/>Oisix</a>,EL
,Okawa Yodai,72,304,278,28,79,17,3,5,117,34,0,0,0,0,58,23,0,3,8,0.284,0.345,0.421,0.766,145,0.137,0.344,28.3%,19.1%,7.6%,0.40,-0.1,25,7,R,"<img src=""https://www.yakyucosmo.com/wp-content/uploads/2025/04/Albirex.jpg"" alt="""" width=""10"" height=""10"" class=""alignnone size-full wp-image-6298"" />",<a href=https://www.niigata-albirex-bc.jp/>Oisix</a>,EL
,Sonobe Keita,72,281,260,27,69,7,1,1,81,24,4,0,2,1,45,12,0,6,5,0.265,0.312,0.312,0.624,98,0.047,0.316,20.6%,16.0%,4.3%,0.27,0.6,25,5,R,"<img src=""https://www.yakyucosmo.com/wp-content/uploads/2025/04/Albirex.jpg"" alt="""" width=""10"" height=""10"" class=""alignnone size-full wp-image-6298"" />",<a href=https://www.niigata-albirex-bc.jp/>Oisix</a>,EL
,Takayama Shun,65,263,226,18,65,7,0,0,72,27,0,0,0,2,34,35,0,0,10,0.288,0.380,0.319,0.699,124,0.031,0.335,26.2%,12.9%,13.3%,1.03,-0.2,32,DH,L,"<img src=""https://www.yakyucosmo.com/wp-content/uploads/2025/04/Albirex.jpg"" alt="""" width=""10"" height=""10"" class=""alignnone size-full wp-image-6298"" />",<a href=https://www.niigata-albirex-bc.jp/>Oisix</a>,EL
,Kuramoto Toshihiko,78,306,280,17,82,8,2,0,94,27,2,0,0,2,37,20,0,4,7,0.293,0.346,0.336,0.682,102,0.043,0.335,18.6%,12.1%,6.5%,0.54,0.2,34,5,L,"<img src=""https://www.yakyucosmo.com/wp-content/uploads/2025/04/Ventures.jpg"" alt="""" width=""10"" height=""10"" class=""alignnone size-full wp-image-6297"" />",<a href=https://hayateventures.jp/>HAYATE</a>,WL
,Masuda Shoma,63,249,220,19,55,9,0,0,64,18,7,8,6,2,37,18,0,3,5,0.250,0.313,0.291,0.604,79,0.041,0.297,22.1%,14.9%,7.2%,0.49,-1.6,27,9,R,"<img src=""https://www.yakyucosmo.com/wp-content/uploads/2025/04/Ventures.jpg"" alt="""" width=""10"" height=""10"" class=""alignnone size-full wp-image-6297"" />",<a href=https://hayateventures.jp/>HAYATE</a>,WL
,Nakamura Raiya,83,330,296,29,66,9,2,2,85,21,0,0,3,2,54,23,0,6,8,0.223,0.291,0.287,0.578,72,0.064,0.264,23.9%,16.4%,7.0%,0.43,-0.1,25,6,L,"<img src=""https://www.yakyucosmo.com/wp-content/uploads/2025/04/Ventures.jpg"" alt="""" width=""10"" height=""10"" class=""alignnone size-full wp-image-6297"" />",<a href=https://hayateventures.jp/>HAYATE</a>,WL
,Nishikawa Ryosuke,64,230,214,12,41,9,1,1,55,17,0,0,1,2,55,10,0,3,10,0.192,0.236,0.257,0.493,47,0.065,0.250,28.7%,23.9%,4.3%,0.18,-0.1,23,3,R,"<img src=""https://www.yakyucosmo.com/wp-content/uploads/2025/04/Ventures.jpg"" alt="""" width=""10"" height=""10"" class=""alignnone size-full wp-image-6297"" />",<a href=https://hayateventures.jp/>HAYATE</a>,WL
,Shinohara Reo,75,290,264,20,57,11,0,0,68,18,10,8,8,1,60,11,0,6,3,0.216,0.262,0.258,0.520,55,0.042,0.278,24.5%,20.7%,3.8%,0.18,-1.0,24,8,R,"<img src=""https://www.yakyucosmo.com/wp-content/uploads/2025/04/Ventures.jpg"" alt="""" width=""10"" height=""10"" class=""alignnone size-full wp-image-6297"" />",<a href=https://hayateventures.jp/>HAYATE</a>,WL
,Suzuki Shohei,76,320,297,23,85,9,1,1,99,18,7,2,2,3,30,17,0,1,4,0.286,0.324,0.333,0.657,95,0.047,0.312,15.0%,9.4%,5.3%,0.57,0.4,27,7,L,"<img src=""https://www.yakyucosmo.com/wp-content/uploads/2025/04/Ventures.jpg"" alt="""" width=""10"" height=""10"" class=""alignnone size-full wp-image-6297"" />",<a href=https://hayateventures.jp/>HAYATE</a>,WL
,Watsuji Daiki,81,288,267,25,72,3,1,1,80,14,2,2,4,1,24,16,1,0,3,0.270,0.310,0.300,0.610,81,0.030,0.292,14.2%,8.3%,5.6%,0.67,-0.5,25,4,L,"<img src=""https://www.yakyucosmo.com/wp-content/uploads/2025/04/Ventures.jpg"" alt="""" width=""10"" height=""10"" class=""alignnone size-full wp-image-6297"" />",<a href=https://hayateventures.jp/>HAYATE</a>,WL
