#,,Team,G,W,L,T,PCT,GB,RS,RA,Diff,XPCT,Home,Road,vs D,vs H,vs T,vs B,vs C,vs V,Inter
,🐉,<a href=https://npb.jp/bis/eng/teams/index_d.html>Chunichi Dragons</a>,120,66,47,7,0.584,--,514,401,113,0.612,38-23(1),28-24(6),--,14-8,14-13(3),10-11(2),13-9(2),14-5,1-1
,🪶,<a href=https://npb.jp/bis/eng/teams/index_h.html>SoftBank Hawks</a>,127,71,51,5,0.582,--,582,429,153,0.636,42-28(1),29-23(4),8-14,--,11-13,14-14(3),18-5(2),18-5,2-0
,🐯,<a href=https://npb.jp/bis/eng/teams/index_t.html>Hanshin Tigers</a>,127,66,48,13,0.579,0.5,505,447,58,0.556,32-22(12),34-26(1),13-14(3),13-11,--,8-8(7),16-9(3),14-5,2-1
,🐃,<a href=https://npb.jp/bis/eng/teams/index_b.html>ORIX Buffaloes</a>,133,65,51,17,0.560,2.5,514,432,82,0.579,31-30(6),34-21(11),11-10(2),14-14(3),8-8(7),--,12-13(3),19-6(2),1-0
,🎏,<a href=https://npb.jp/bis/eng/teams/index_c.html>Hiroshima Carp</a>,126,49,67,10,0.422,18.5,422,552,-130,0.380,20-33(5),29-34(5),9-13(2),5-18(2),9-16(3),13-12(3),--,13-7,0-1
,✌️,<a href=https://hayateventures.jp/>HAYATE Ventures</a>,123,35,86,2,0.289,35.0,285,585,-300,0.211,17-38(2),18-48,5-14,5-18,5-14,6-19(2),7-13,--,7-8
