Rank,Pitcher,G,W,L,SV,CG,SHO,BF,IP,H,HR,SO,BB,IBB,HB,WP,R,ER,ERA,FIP,kwERA,WHIP,ERA+,FIP-,kwERA-,Diff,HR%,K%,BB%,K-BB%,Age,T,,Team,League
,<a href=https://npb.jp/bis/eng/players/31935155.html>Kozono Kenta</a>,14,6,3,0,0,0,321,79.0,58,5,57,30,0,2,2,23,17,1.94,4.19,3.96,1.11,169,107,103,-2.25,1.6%,17.8%,9.3%,8.4%,22,R,"<img src=""https://www.yakyucosmo.com/wp-content/uploads/2025/04/BayStars.jpg"" alt="""" width=""10"" height=""10"" class=""alignnone size-full wp-image-6228"" />",<a href=https://npb.jp/bis/eng/teams/index_db.html>DeNA</a>,EL
,<a href=https://npb.jp/bis/eng/players/43345159.html>Morita Shunya</a>,14,6,5,0,0,0,308,72.2,74,2,52,20,0,7,1,33,29,3.59,3.63,3.76,1.29,93,91,98,-0.04,0.6%,16.9%,6.5%,10.4%,28,L,"<img src=""https://www.yakyucosmo.com/wp-content/uploads/2025/04/Giants.jpg"" alt="""" width=""10"" height=""10"" class=""alignnone size-full wp-image-6227"" />",<a href=https://npb.jp/bis/eng/teams/index_g.html>Yomiuri</a>,EL
,<a href=https://npb.jp/bis/eng/players/93295157.html>Mejia Humberto</a>,14,6,5,0,0,0,309,78.0,62,2,50,19,0,5,5,23,21,2.42,3.57,3.80,1.04,137,91,99,-1.15,0.6%,16.2%,6.1%,10.0%,28,R,"<img src=""https://www.yakyucosmo.com/wp-content/uploads/2025/04/Dragons.jpg"" alt="""" width=""10"" height=""10"" class=""alignnone size-full wp-image-6225"" />",<a href=https://npb.jp/bis/eng/teams/index_d.html>Chunichi</a>,WL
,<a href=https://npb.jp/bis/eng/players/61765153.html>Kawamura Tokito</a>,14,4,4,0,0,0,305,72.0,77,1,38,15,0,2,3,27,24,3.00,3.43,4.05,1.28,115,84,105,-0.43,0.3%,12.5%,4.9%,7.5%,28,R,"<img src=""https://www.yakyucosmo.com/wp-content/uploads/2025/04/Marines.jpg"" alt="""" width=""10"" height=""10"" class=""alignnone size-full wp-image-6240"" />",<a href=https://npb.jp/bis/eng/teams/index_m.html>Lotte</a>,EL
,<a href=https://npb.jp/bis/eng/players/21425138.html>Bandoh Yugo</a>,15,5,2,0,0,0,310,74.2,77,1,40,15,0,2,0,27,23,2.77,3.38,3.99,1.23,116,88,104,-0.61,0.3%,12.9%,4.8%,8.1%,29,R,"<img src=""https://www.yakyucosmo.com/wp-content/uploads/2025/04/Hawks.jpg"" alt="""" width=""10"" height=""10"" class=""alignnone size-full wp-image-6220"" /> ",<a href=https://npb.jp/bis/eng/teams/index_h.html>SoftBank</a>,WL
,<a href=https://npb.jp/bis/eng/players/43745138.html>Wang Yan-Cheng</a>,16,7,4,0,0,0,346,81.0,85,2,61,26,0,6,4,37,32,3.56,3.59,3.79,1.37,90,94,98,-0.03,0.6%,17.6%,7.5%,10.1%,24,L,"<img src=""https://www.yakyucosmo.com/wp-content/uploads/2025/04/Eagles.jpg"" alt="""" width=""10"" height=""10"" class=""alignnone size-full wp-image-6218"" />",<a href=https://npb.jp/bis/eng/teams/index_e.html>Rakuten</a>,EL
,<a href=https://npb.jp/bis/eng/players/11315159.html>Itogawa Ryota</a>,21,3,1,0,0,0,281,67.0,65,3,52,14,0,3,4,24,22,2.96,3.38,3.45,1.18,115,84,90,-0.42,1.1%,18.5%,5.0%,13.5%,27,R,"<img src=""https://www.yakyucosmo.com/wp-content/uploads/2025/04/Lions.jpg"" alt="""" width=""10"" height=""10"" class=""alignnone size-full wp-image-6219"" />",<a href=https://npb.jp/bis/eng/teams/index_l.html>Seibu</a>,EL
,<a href=https://npb.jp/bis/eng/players/81685138.html>Matsumoto Wataru</a>,14,4,2,0,0,0,294,72.2,69,1,50,14,0,2,0,23,21,2.60,3.06,3.58,1.14,131,75,93,-0.46,0.3%,17.0%,4.8%,12.2%,28,R,"<img src=""https://www.yakyucosmo.com/wp-content/uploads/2025/04/Lions.jpg"" alt="""" width=""10"" height=""10"" class=""alignnone size-full wp-image-6219"" />",<a href=https://npb.jp/bis/eng/teams/index_l.html>Seibu</a>,EL
,Makino Kenshin,22,4,2,0,1,1,368,84.1,94,6,65,27,0,1,2,36,25,2.67,3.97,3.77,1.43,110,114,98,-1.30,1.6%,17.7%,7.3%,10.3%,25,L,"<img src=""https://www.yakyucosmo.com/wp-content/uploads/2025/04/Albirex.jpg"" alt="""" width=""10"" height=""10"" class=""alignnone size-full wp-image-6298"" />",<a href=https://www.niigata-albirex-bc.jp/>Oisix</a>,EL
,Noto Syuto,18,10,2,0,0,0,460,108.0,99,3,82,42,0,1,4,34,29,2.42,3.63,3.93,1.31,121,104,102,-1.21,0.7%,17.8%,9.1%,8.7%,23,R,"<img src=""https://www.yakyucosmo.com/wp-content/uploads/2025/04/Albirex.jpg"" alt="""" width=""10"" height=""10"" class=""alignnone size-full wp-image-6298"" />",<a href=https://www.niigata-albirex-bc.jp/>Oisix</a>,EL
,Yabuta Kazuki,16,2,6,0,0,0,397,87.0,109,8,43,35,0,0,4,54,47,4.86,5.01,4.60,1.66,60,143,119,-0.15,2.0%,10.8%,8.8%,2.0%,32,R,"<img src=""https://www.yakyucosmo.com/wp-content/uploads/2025/04/Albirex.jpg"" alt="""" width=""10"" height=""10"" class=""alignnone size-full wp-image-6298"" />",<a href=https://www.niigata-albirex-bc.jp/>Oisix</a>,EL
,Kasashima Naoki,16,3,5,0,0,0,370,88.1,80,3,62,26,0,5,1,34,24,2.45,3.68,3.83,1.20,138,91,99,-1.23,0.8%,16.8%,7.0%,9.7%,22,R,"<img src=""https://www.yakyucosmo.com/wp-content/uploads/2025/04/Ventures.jpg"" alt="""" width=""10"" height=""10"" class=""alignnone size-full wp-image-6297"" />",<a href=https://hayateventures.jp/>HAYATE</a>,WL
,Okuda Kanata,16,2,8,0,0,0,345,78.1,104,1,28,18,0,0,3,38,36,4.14,3.73,4.51,1.56,82,93,117,0.41,0.3%,8.1%,5.2%,2.9%,24,L,"<img src=""https://www.yakyucosmo.com/wp-content/uploads/2025/04/Ventures.jpg"" alt="""" width=""10"" height=""10"" class=""alignnone size-full wp-image-6297"" />",<a href=https://hayateventures.jp/>HAYATE</a>,WL
