#,,Team,G,W,L,T,PCT,GB,RS,RA,Diff,XPCT,Home,Road,vs D,vs H,vs B,vs T,vs C,vs V,Inter
,"<img src=""https://www.yakyucosmo.com/wp-content/uploads/2025/04/Dragons.jpg"" alt="""" width=""10"" height=""10"" class=""alignnone size-full wp-image-6225"" />",<a href=https://npb.jp/bis/eng/teams/index_d.html>Chunichi Dragons</a>,50,31,15,4,0.674,--,225,141,84,0.702,15-5(1),16-10(3),--,6-2,5-4(2),8-3(2),6-5,6-1,--
,"<img src=""https://www.yakyucosmo.com/wp-content/uploads/2025/04/Hawks.jpg"" alt="""" width=""10"" height=""10"" class=""alignnone size-full wp-image-6220"" /> ",<a href=https://npb.jp/bis/eng/teams/index_h.html>SoftBank Hawks</a>,51,28,21,2,0.571,4.5,231,174,57,0.627,16-11(1),12-10(1),2-6,--,7-5(1),5-5,8-2(1),6-3,--
,"<img src=""https://www.yakyucosmo.com/wp-content/uploads/2025/04/Buffaloes.jpg"" alt="""" width=""10"" height=""10"" class=""alignnone size-full wp-image-6222"" />",<a href=https://npb.jp/bis/eng/teams/index_b.html>ORIX Buffaloes</a>,54,23,23,8,0.500,8.0,184,188,-4,0.490,14-12(3),9-11(5),4-5(2),5-7(1),--,2-3(3),3-6(2),8-2,1-0
,"<img src=""https://www.yakyucosmo.com/wp-content/uploads/2025/04/Tigers.jpg"" alt="""" width=""10"" height=""10"" class=""alignnone size-full wp-image-6224"" />",<a href=https://npb.jp/bis/eng/teams/index_t.html>Hanshin Tigers</a>,52,22,25,5,0.468,9.5,185,212,-27,0.438,11-13(4),11-12(1),3-8(2),5-5,3-2(3),--,6-5,3-4,2-1
,"<img src=""https://www.yakyucosmo.com/wp-content/uploads/2025/04/Carp.jpg"" alt="""" width=""10"" height=""10"" class=""alignnone size-full wp-image-6223"" />",<a href=https://npb.jp/bis/eng/teams/index_c.html>Hiroshima Carp</a>,52,22,27,3,0.449,10.5,179,223,-44,0.401,12-12(2),10-15(1),5-6,2-8(1),6-3(2),5-6,--,4-4,--
,"<img src=""https://www.yakyucosmo.com/wp-content/uploads/2025/04/Ventures.jpg"" alt="""" width=""10"" height=""10"" class=""alignnone size-full wp-image-6297"" />",<a href=https://hayateventures.jp/>HAYATE Ventures</a>,48,17,31,0,0.354,15.0,133,218,-85,0.288,10-13,7-18,1-6,3-6,2-8,4-3,4-4,--,3-4
