#,,Team,PA,AB,R,H,2B,3B,HR,TB,RBI,SB,CS,SH,SF,SO,BB,IBB,HP,GDP,AVG,OBP,SLG,OPS,OPS+,ISO,BABIP,TTO%,K%,BB%,BB/K,wSB,League
,"<img src=""https://www.yakyucosmo.com/wp-content/uploads/2025/04/Tigers.jpg"" alt="""" width=""10"" height=""10"" class=""alignnone size-full wp-image-6224"" />",<a href=https://npb.jp/bis/eng/teams/index_t.html>Hanshin Tigers</a>,3585,3128,378,783,138,17,33,1054,354,64,27,53,23,589,329,5,52,73,0.250,0.330,0.337,0.667,108,0.087,0.297,26.5%,16.4%,9.2%,0.56,0.4,WL
,"<img src=""https://www.yakyucosmo.com/wp-content/uploads/2025/04/Carp.jpg"" alt="""" width=""10"" height=""10"" class=""alignnone size-full wp-image-6223"" />",<a href=https://npb.jp/bis/eng/teams/index_c.html>Hiroshima Carp</a>,3456,3072,309,744,114,17,37,1003,275,39,23,46,27,639,275,2,36,102,0.242,0.309,0.326,0.636,95,0.084,0.292,27.5%,18.5%,8.0%,0.43,-2.4,WL
,"<img src=""https://www.yakyucosmo.com/wp-content/uploads/2025/04/BayStars.jpg"" alt="""" width=""10"" height=""10"" class=""alignnone size-full wp-image-6228"" />",<a href=https://npb.jp/bis/eng/teams/index_db.html>DeNA BayStars</a>,3529,3133,370,801,142,18,48,1123,344,77,35,40,26,579,295,1,34,80,0.256,0.324,0.358,0.682,105,0.103,0.297,26.1%,16.4%,8.4%,0.51,0.0,EL
,"<img src=""https://www.yakyucosmo.com/wp-content/uploads/2025/04/Giants.jpg"" alt="""" width=""10"" height=""10"" class=""alignnone size-full wp-image-6227"" />",<a href=https://npb.jp/bis/eng/teams/index_g.html>Yomiuri Giants</a>,3224,2869,373,738,122,12,45,1019,350,91,29,51,24,581,252,2,28,53,0.257,0.321,0.355,0.676,101,0.098,0.306,27.2%,18.0%,7.8%,0.43,4.5,EL
,"<img src=""https://www.yakyucosmo.com/wp-content/uploads/2025/04/Swallows.jpg"" alt="""" width=""10"" height=""10"" class=""alignnone size-full wp-image-6226"" />",<a href=https://npb.jp/bis/eng/teams/index_s.html>Yakult Swallows</a>,3026,2704,221,574,97,13,26,775,203,36,30,27,11,605,247,0,37,56,0.212,0.286,0.287,0.573,75,0.074,0.263,29.0%,20.0%,8.2%,0.41,-5.0,EL
,"<img src=""https://www.yakyucosmo.com/wp-content/uploads/2025/04/Dragons.jpg"" alt="""" width=""10"" height=""10"" class=""alignnone size-full wp-image-6225"" />",<a href=https://npb.jp/bis/eng/teams/index_d.html>Chunichi Dragons</a>,3244,2846,364,730,132,29,33,1019,336,81,44,23,27,627,310,2,38,65,0.257,0.335,0.358,0.693,107,0.102,0.315,29.9%,19.3%,9.6%,0.49,-2.2,WL
,"<img src=""https://www.yakyucosmo.com/wp-content/uploads/2025/04/Buffaloes.jpg"" alt="""" width=""10"" height=""10"" class=""alignnone size-full wp-image-6222"" />",<a href=https://npb.jp/bis/eng/teams/index_b.html>ORIX Buffaloes</a>,3591,3105,343,779,90,25,18,973,316,86,35,48,30,567,376,3,32,80,0.251,0.335,0.313,0.648,104,0.062,0.298,26.8%,15.8%,10.5%,0.66,1.3,WL
,"<img src=""https://www.yakyucosmo.com/wp-content/uploads/2025/04/Marines.jpg"" alt="""" width=""10"" height=""10"" class=""alignnone size-full wp-image-6240"" />",<a href=https://npb.jp/bis/eng/teams/index_m.html>Lotte Marines</a>,3307,2908,394,783,149,20,53,1131,375,48,21,36,25,578,293,3,45,71,0.269,0.343,0.389,0.732,114,0.120,0.317,27.9%,17.5%,8.9%,0.51,-0.2,EL
,"<img src=""https://www.yakyucosmo.com/wp-content/uploads/2025/04/Hawks.jpg"" alt="""" width=""10"" height=""10"" class=""alignnone size-full wp-image-6220"" /> ",<a href=https://npb.jp/bis/eng/teams/index_h.html>SoftBank Hawks</a>,3412,2990,382,769,128,24,35,1050,356,71,36,23,31,628,318,0,50,52,0.257,0.335,0.351,0.687,109,0.094,0.311,28.8%,18.4%,9.3%,0.51,-1.4,WL
,"<img src=""https://www.yakyucosmo.com/wp-content/uploads/2025/04/Eagles.jpg"" alt="""" width=""10"" height=""10"" class=""alignnone size-full wp-image-6218"" />",<a href=https://npb.jp/bis/eng/teams/index_e.html>Rakuten Eagles</a>,3408,3067,350,775,137,28,26,1046,310,93,26,22,31,623,254,3,34,80,0.253,0.314,0.341,0.655,99,0.088,0.306,26.5%,18.3%,7.5%,0.41,5.8,EL
,"<img src=""https://www.yakyucosmo.com/wp-content/uploads/2025/04/Lions.jpg"" alt="""" width=""10"" height=""10"" class=""alignnone size-full wp-image-6219"" />",<a href=https://npb.jp/bis/eng/teams/index_l.html>Seibu Lions</a>,3158,2836,346,727,138,19,51,1056,324,63,15,34,19,577,240,1,29,68,0.256,0.319,0.372,0.691,104,0.116,0.304,27.5%,18.3%,7.6%,0.42,4.5,EL
,"<img src=""https://www.yakyucosmo.com/wp-content/uploads/2025/04/Fighters.jpg"" alt="""" width=""10"" height=""10"" class=""alignnone size-full wp-image-6217"" />",<a href=https://npb.jp/bis/eng/teams/index_f.html>Nipponham Fighters</a>,3023,2688,323,690,124,26,49,1013,303,52,20,41,27,563,244,1,23,82,0.257,0.321,0.377,0.698,103,0.120,0.305,28.3%,18.6%,8.1%,0.43,1.0,EL
,"<img src=""https://www.yakyucosmo.com/wp-content/uploads/2025/04/Albirex.jpg"" alt="""" width=""10"" height=""10"" class=""alignnone size-full wp-image-6298"" />",<a href=https://www.niigata-albirex-bc.jp/>Oisix Albirex</a>,3152,2803,295,700,106,17,27,921,270,29,20,68,23,557,231,0,27,58,0.250,0.311,0.329,0.639,103,0.079,0.300,25.9%,17.7%,7.3%,0.41,-3.0,EL
,"<img src=""https://www.yakyucosmo.com/wp-content/uploads/2025/04/Ventures.jpg"" alt="""" width=""10"" height=""10"" class=""alignnone size-full wp-image-6297"" />",<a href=https://hayateventures.jp/>HAYATE Ventures</a>,3105,2809,209,651,92,11,7,786,191,34,24,42,19,526,197,2,38,63,0.232,0.289,0.280,0.569,69,0.048,0.281,23.5%,16.9%,6.3%,0.37,-3.4,WL
,,League Average,3301,2926,333,732,122,20,35,998,308,62,28,40,24,588,276,2,36,70,0.250,0.320,0.341,0.661,100,0.091,0.300,27.2%,17.8%,8.4%,0.47,-0.0,
