#,,Team,G,W,L,T,PCT,GB,RS,RA,Diff,XPCT,Home,Road,vs M,vs G,vs L,vs E,vs F,vs DB,vs A,vs S,Inter
,"<img src=""https://www.yakyucosmo.com/wp-content/uploads/2025/04/Marines.jpg"" alt="""" width=""10"" height=""10"" class=""alignnone size-full wp-image-6240"" />",<a href=https://npb.jp/bis/eng/teams/index_m.html>Lotte Marines</a>,81,50,29,2,0.633,--,385,275,110,0.649,23-16(1),27-13(1),--,7-5,6-5(1),11-6,3-2(1),7-6,8-1,7-3,1-1
,"<img src=""https://www.yakyucosmo.com/wp-content/uploads/2025/04/Giants.jpg"" alt="""" width=""10"" height=""10"" class=""alignnone size-full wp-image-6227"" />",<a href=https://npb.jp/bis/eng/teams/index_g.html>Yomiuri Giants</a>,82,50,30,2,0.625,0.5,353,244,109,0.663,21-13(2),29-17,5-7,--,7-4(1),3-5(1),10-4,7-3,7-4,9-2,2-1
,"<img src=""https://www.yakyucosmo.com/wp-content/uploads/2025/04/Lions.jpg"" alt="""" width=""10"" height=""10"" class=""alignnone size-full wp-image-6219"" />",<a href=https://npb.jp/bis/eng/teams/index_l.html>Seibu Lions</a>,79,47,30,2,0.610,2.0,333,255,78,0.620,22-12,25-18(2),5-6(1),4-7(1),--,5-4,6-4,9-3,8-5,10-1,--
,"<img src=""https://www.yakyucosmo.com/wp-content/uploads/2025/04/Eagles.jpg"" alt="""" width=""10"" height=""10"" class=""alignnone size-full wp-image-6218"" />",<a href=https://npb.jp/bis/eng/teams/index_e.html>Rakuten Eagles</a>,86,44,41,1,0.518,9.0,316,337,-21,0.471,29-20,15-21(1),6-11,5-3(1),4-5,--,6-7,7-6,7-3,9-6,--
,"<img src=""https://www.yakyucosmo.com/wp-content/uploads/2025/04/Fighters.jpg"" alt="""" width=""10"" height=""10"" class=""alignnone size-full wp-image-6217"" />",<a href=https://npb.jp/bis/eng/teams/index_f.html>Nipponham Fighters</a>,78,39,38,1,0.506,10.0,300,289,11,0.517,22-16(1),17-22,2-3(1),4-10,4-6,7-6,--,9-2,5-6,7-4,1-1
,"<img src=""https://www.yakyucosmo.com/wp-content/uploads/2025/04/BayStars.jpg"" alt="""" width=""10"" height=""10"" class=""alignnone size-full wp-image-6228"" />",<a href=https://npb.jp/bis/eng/teams/index_db.html>DeNA BayStars</a>,88,35,52,1,0.402,19.0,349,384,-35,0.456,17-25(1),18-27,6-7,3-7,3-9,6-7,2-9,--,6-6,8-5(1),1-2
,"<img src=""https://www.yakyucosmo.com/wp-content/uploads/2025/04/Albirex.jpg"" alt="""" width=""10"" height=""10"" class=""alignnone size-full wp-image-6298"" />",<a href=https://www.niigata-albirex-bc.jp/>Oisix Albirex</a>,80,32,48,0,0.400,18.5,279,404,-125,0.337,20-22,12-26,1-8,4-7,5-8,3-7,6-5,6-6,--,6-2,1-5
,"<img src=""https://www.yakyucosmo.com/wp-content/uploads/2025/04/Swallows.jpg"" alt="""" width=""10"" height=""10"" class=""alignnone size-full wp-image-6226"" />",<a href=https://npb.jp/bis/eng/teams/index_s.html>Yakult Swallows</a>,80,23,56,1,0.291,27.0,214,334,-120,0.307,10-32,13-24(1),3-7,2-9,1-10,6-9,4-7,5-8(1),2-6,--,--
