Rank,Pitcher,G,W,L,SV,CG,SHO,BF,IP,H,HR,SO,BB,IBB,HB,WP,R,ER,ERA,FIP,kwERA,WHIP,ERA+,FIP-,kwERA-,Diff,HR%,K%,BB%,K-BB%,Age,T,,Team,League
,<a href=https://npb.jp/bis/eng/players/57955159.html>Hayakawa Daiki</a>,9,4,1,0,0,0,194,46.1,39,4,29,14,0,3,1,17,15,2.91,4.54,4.03,1.14,100,130,105,-1.63,2.1%,14.9%,7.2%,7.7%,25,R,"<img src=""https://www.yakyucosmo.com/wp-content/uploads/2025/04/Tigers.jpg"" alt="""" width=""10"" height=""10"" class=""alignnone size-full wp-image-6224"" />",<a href=https://npb.jp/bis/eng/teams/index_t.html>Hanshin</a>,WL
,<a href=https://npb.jp/bis/eng/players/31335155.html>Itoh Ryo</a>,9,2,5,0,0,0,195,45.0,42,3,29,18,0,2,1,20,19,3.80,4.48,4.24,1.33,76,128,110,-0.68,1.5%,14.9%,9.2%,5.6%,25,L,"<img src=""https://www.yakyucosmo.com/wp-content/uploads/2025/04/Tigers.jpg"" alt="""" width=""10"" height=""10"" class=""alignnone size-full wp-image-6224"" />",<a href=https://npb.jp/bis/eng/teams/index_t.html>Hanshin</a>,WL
,<a href=https://npb.jp/bis/eng/players/71075150.html>Sato Ryunosuke</a>,8,1,1,0,0,0,188,43.0,42,1,24,21,0,1,3,19,18,3.77,4.29,4.64,1.47,81,116,121,-0.52,0.5%,12.8%,11.2%,1.6%,22,L,"<img src=""https://www.yakyucosmo.com/wp-content/uploads/2025/04/Carp.jpg"" alt="""" width=""10"" height=""10"" class=""alignnone size-full wp-image-6223"" />",<a href=https://npb.jp/bis/eng/teams/index_c.html>Hiroshima</a>,WL
,<a href=https://npb.jp/bis/eng/players/31435159.html>Tsunehiro Hayato</a>,9,1,6,0,0,0,206,45.1,50,1,32,19,0,2,9,31,22,4.37,3.83,4.17,1.52,70,104,109,0.54,0.5%,15.5%,9.2%,6.3%,23,R,"<img src=""https://www.yakyucosmo.com/wp-content/uploads/2025/04/Carp.jpg"" alt="""" width=""10"" height=""10"" class=""alignnone size-full wp-image-6223"" />",<a href=https://npb.jp/bis/eng/teams/index_c.html>Hiroshima</a>,WL
,<a href=https://npb.jp/bis/eng/players/31935155.html>Kozono Kenta</a>,9,4,1,0,0,0,206,54.0,32,4,38,16,0,1,1,9,9,1.50,4.07,3.73,0.89,209,108,97,-2.57,1.9%,18.4%,7.8%,10.7%,22,R,"<img src=""https://www.yakyucosmo.com/wp-content/uploads/2025/04/BayStars.jpg"" alt="""" width=""10"" height=""10"" class=""alignnone size-full wp-image-6228"" />",<a href=https://npb.jp/bis/eng/teams/index_db.html>DeNA</a>,EL
,<a href=https://npb.jp/bis/eng/players/81985159.html>Shoji Haruto</a>,10,2,3,0,0,0,205,47.2,48,4,32,16,0,3,0,16,13,2.45,4.51,4.02,1.34,128,119,105,-2.06,2.0%,15.6%,7.8%,7.8%,24,L,"<img src=""https://www.yakyucosmo.com/wp-content/uploads/2025/04/BayStars.jpg"" alt="""" width=""10"" height=""10"" class=""alignnone size-full wp-image-6228"" />",<a href=https://npb.jp/bis/eng/teams/index_db.html>DeNA</a>,EL
,<a href=https://npb.jp/bis/eng/players/33135159.html>Mataki Teppei</a>,10,3,2,0,1,0,234,59.1,56,3,41,9,0,2,0,18,17,2.58,3.40,3.43,1.10,123,89,89,-0.82,1.3%,17.5%,3.8%,13.7%,26,L,"<img src=""https://www.yakyucosmo.com/wp-content/uploads/2025/04/Giants.jpg"" alt="""" width=""10"" height=""10"" class=""alignnone size-full wp-image-6227"" />",<a href=https://npb.jp/bis/eng/teams/index_g.html>Yomiuri</a>,EL
,<a href=https://npb.jp/bis/eng/players/93295157.html>Mejia Humberto</a>,8,4,1,0,0,0,182,47.0,32,2,25,11,0,3,1,9,9,1.72,3.95,4.03,0.91,184,103,105,-2.23,1.1%,13.7%,6.0%,7.7%,28,R,"<img src=""https://www.yakyucosmo.com/wp-content/uploads/2025/04/Dragons.jpg"" alt="""" width=""10"" height=""10"" class=""alignnone size-full wp-image-6225"" />",<a href=https://npb.jp/bis/eng/teams/index_d.html>Chunichi</a>,WL
,<a href=https://npb.jp/bis/eng/players/93395150.html>Yoshida Seiya</a>,7,2,3,0,0,0,178,41.0,42,2,28,13,0,1,3,22,21,4.61,3.86,3.96,1.34,69,101,103,0.75,1.1%,15.7%,7.3%,8.4%,23,L,"<img src=""https://www.yakyucosmo.com/wp-content/uploads/2025/04/Dragons.jpg"" alt="""" width=""10"" height=""10"" class=""alignnone size-full wp-image-6225"" />",<a href=https://npb.jp/bis/eng/teams/index_d.html>Chunichi</a>,WL
,<a href=https://npb.jp/bis/eng/players/21525116.html>Karakawa Yuki</a>,9,3,3,0,0,0,176,41.1,53,1,28,6,0,0,0,15,14,3.05,2.96,3.55,1.43,109,74,92,0.09,0.6%,15.9%,3.4%,12.5%,35,R,"<img src=""https://www.yakyucosmo.com/wp-content/uploads/2025/04/Marines.jpg"" alt="""" width=""10"" height=""10"" class=""alignnone size-full wp-image-6240"" />",<a href=https://npb.jp/bis/eng/teams/index_m.html>Lotte</a>,EL
,<a href=https://npb.jp/bis/eng/players/61765153.html>Kawamura Tokito</a>,8,3,3,0,0,0,169,43.0,33,0,20,8,0,1,2,10,8,1.67,3.27,4.09,0.95,200,81,106,-1.60,0.0%,11.8%,4.7%,7.1%,28,R,"<img src=""https://www.yakyucosmo.com/wp-content/uploads/2025/04/Marines.jpg"" alt="""" width=""10"" height=""10"" class=""alignnone size-full wp-image-6240"" />",<a href=https://npb.jp/bis/eng/teams/index_m.html>Lotte</a>,EL
,<a href=https://npb.jp/bis/eng/players/21425138.html>Bandoh Yugo</a>,9,3,0,0,0,0,205,48.2,53,0,24,9,0,2,0,18,15,2.77,3.26,4.07,1.27,112,87,106,-0.49,0.0%,11.7%,4.4%,7.3%,29,R,"<img src=""https://www.yakyucosmo.com/wp-content/uploads/2025/04/Hawks.jpg"" alt="""" width=""10"" height=""10"" class=""alignnone size-full wp-image-6220"" /> ",<a href=https://npb.jp/bis/eng/teams/index_h.html>SoftBank</a>,WL
,<a href=https://npb.jp/bis/eng/players/11315159.html>Itogawa Ryota</a>,10,3,1,0,0,0,202,48.1,48,3,32,12,0,1,2,16,16,2.98,3.86,3.81,1.24,110,97,99,-0.88,1.5%,15.8%,5.9%,9.9%,27,R,"<img src=""https://www.yakyucosmo.com/wp-content/uploads/2025/04/Lions.jpg"" alt="""" width=""10"" height=""10"" class=""alignnone size-full wp-image-6219"" />",<a href=https://npb.jp/bis/eng/teams/index_l.html>Seibu</a>,EL
,Kasahara Shotaro,9,0,4,0,0,0,196,43.2,51,3,22,18,0,1,2,26,21,4.33,4.76,4.60,1.58,67,137,120,-0.43,1.5%,11.2%,9.2%,2.0%,30,L,"<img src=""https://www.yakyucosmo.com/wp-content/uploads/2025/04/Albirex.jpg"" alt="""" width=""10"" height=""10"" class=""alignnone size-full wp-image-6298"" />",<a href=https://www.niigata-albirex-bc.jp/>Oisix</a>,EL
,Makino Kenshin,10,3,2,0,1,1,268,61.2,67,4,44,19,0,1,2,24,18,2.63,3.96,3.87,1.39,110,114,101,-1.33,1.5%,16.4%,7.1%,9.3%,25,L,"<img src=""https://www.yakyucosmo.com/wp-content/uploads/2025/04/Albirex.jpg"" alt="""" width=""10"" height=""10"" class=""alignnone size-full wp-image-6298"" />",<a href=https://www.niigata-albirex-bc.jp/>Oisix</a>,EL
,Noto Syuto,11,6,1,0,0,0,268,63.2,50,1,54,30,0,1,1,19,15,2.12,3.54,3.90,1.26,136,102,102,-1.42,0.4%,20.1%,11.2%,9.0%,23,R,"<img src=""https://www.yakyucosmo.com/wp-content/uploads/2025/04/Albirex.jpg"" alt="""" width=""10"" height=""10"" class=""alignnone size-full wp-image-6298"" />",<a href=https://www.niigata-albirex-bc.jp/>Oisix</a>,EL
,Yabuta Kazuki,9,1,2,0,0,0,212,47.2,53,2,25,16,0,0,2,27,20,3.78,4.07,4.38,1.45,76,117,114,-0.29,0.9%,11.8%,7.5%,4.2%,32,R,"<img src=""https://www.yakyucosmo.com/wp-content/uploads/2025/04/Albirex.jpg"" alt="""" width=""10"" height=""10"" class=""alignnone size-full wp-image-6298"" />",<a href=https://www.niigata-albirex-bc.jp/>Oisix</a>,EL
,Kasashima Naoki,9,2,3,0,0,0,209,49.1,43,3,38,17,0,2,1,23,15,2.74,3.97,3.80,1.22,120,101,99,-1.23,1.4%,18.2%,8.1%,10.0%,22,R,"<img src=""https://www.yakyucosmo.com/wp-content/uploads/2025/04/Ventures.jpg"" alt="""" width=""10"" height=""10"" class=""alignnone size-full wp-image-6297"" />",<a href=https://hayateventures.jp/>HAYATE</a>,WL
,Okuda Kanata,8,2,5,0,0,0,183,41.0,54,1,16,11,0,0,1,20,19,4.17,3.91,4.53,1.59,79,99,118,0.26,0.5%,8.7%,6.0%,2.7%,24,L,"<img src=""https://www.yakyucosmo.com/wp-content/uploads/2025/04/Ventures.jpg"" alt="""" width=""10"" height=""10"" class=""alignnone size-full wp-image-6297"" />",<a href=https://hayateventures.jp/>HAYATE</a>,WL
,<a href=https://npb.jp/bis/eng/players/53555155.html>Yamada Ryusei</a>,9,2,2,0,0,0,182,45.1,31,1,36,21,0,0,2,10,9,1.79,3.66,3.98,1.15,183,93,104,-1.87,0.5%,19.8%,11.5%,8.2%,24,R,"<img src=""https://www.yakyucosmo.com/wp-content/uploads/2025/04/Ventures.jpg"" alt="""" width=""10"" height=""10"" class=""alignnone size-full wp-image-6297"" />",<a href=https://hayateventures.jp/>HAYATE</a>,WL
