#,,Team,G,W,L,T,PCT,GB,RS,RA,Diff,XPCT,Home,Road,vs D,vs H,vs T,vs B,vs C,vs V,Inter
,"<img src=""https://www.yakyucosmo.com/wp-content/uploads/2025/04/Dragons.jpg"" alt="""" width=""10"" height=""10"" class=""alignnone size-full wp-image-6225"" />",<a href=https://npb.jp/bis/eng/teams/index_d.html>Chunichi Dragons</a>,24,15,7,2,0.682,--,108,69,39,0.694,7-3(1),8-4(1),--,4-1,3-2(1),2-3(1),3-1,3-0,--
,"<img src=""https://www.yakyucosmo.com/wp-content/uploads/2025/04/Hawks.jpg"" alt="""" width=""10"" height=""10"" class=""alignnone size-full wp-image-6220"" /> ",<a href=https://npb.jp/bis/eng/teams/index_h.html>SoftBank Hawks</a>,24,14,10,0,0.583,2.0,112,71,41,0.697,7-5,7-5,1-4,--,1-2,4-2,5-0,3-2,--
,"<img src=""https://www.yakyucosmo.com/wp-content/uploads/2025/04/Tigers.jpg"" alt="""" width=""10"" height=""10"" class=""alignnone size-full wp-image-6224"" />",<a href=https://npb.jp/bis/eng/teams/index_t.html>Hanshin Tigers</a>,22,11,9,2,0.550,3.0,79,74,5,0.530,6-4(1),5-5(1),2-3(1),2-1,--,1-1(1),3-2,3-2,--
,"<img src=""https://www.yakyucosmo.com/wp-content/uploads/2025/04/Buffaloes.jpg"" alt="""" width=""10"" height=""10"" class=""alignnone size-full wp-image-6222"" />",<a href=https://npb.jp/bis/eng/teams/index_b.html>ORIX Buffaloes</a>,26,11,12,3,0.478,4.5,73,80,-7,0.458,8-6(1),3-6(2),3-2(1),2-4,1-1(1),--,1-4(1),4-1,--
,"<img src=""https://www.yakyucosmo.com/wp-content/uploads/2025/04/Carp.jpg"" alt="""" width=""10"" height=""10"" class=""alignnone size-full wp-image-6223"" />",<a href=https://npb.jp/bis/eng/teams/index_c.html>Hiroshima Carp</a>,22,8,13,1,0.381,6.5,58,100,-42,0.270,5-7(1),3-6,1-3,0-5,2-3,4-1(1),--,1-1,--
,"<img src=""https://www.yakyucosmo.com/wp-content/uploads/2025/04/Ventures.jpg"" alt="""" width=""10"" height=""10"" class=""alignnone size-full wp-image-6297"" />",<a href=https://hayateventures.jp/>HAYATE Ventures</a>,23,7,16,0,0.304,8.5,53,101,-48,0.235,3-7,4-9,0-3,2-3,2-3,1-4,1-1,--,1-2
