#,,Team,G,W,L,T,PCT,GB,RS,RA,Diff,XPCT,Home,Road,vs H,vs D,vs T,vs B,vs C,vs V,Inter
,"<img src=""https://www.yakyucosmo.com/wp-content/uploads/2025/04/Hawks.jpg"" alt="""" width=""10"" height=""10"" class=""alignnone size-full wp-image-6220"" /> ",<a href=https://npb.jp/bis/eng/teams/index_h.html>SoftBank Hawks</a>,90,51,35,4,0.593,--,384,291,93,0.624,32-20(1),19-15(3),--,6-10,7-9,11-9(2),14-3(2),11-4,2-0
,"<img src=""https://www.yakyucosmo.com/wp-content/uploads/2025/04/Dragons.jpg"" alt="""" width=""10"" height=""10"" class=""alignnone size-full wp-image-6225"" />",<a href=https://npb.jp/bis/eng/teams/index_d.html>Chunichi Dragons</a>,89,49,35,5,0.583,1.0,371,278,93,0.629,24-16(1),25-19(4),10-6,--,11-9(2),8-8(2),10-8(1),10-4,--
,"<img src=""https://www.yakyucosmo.com/wp-content/uploads/2025/04/Tigers.jpg"" alt="""" width=""10"" height=""10"" class=""alignnone size-full wp-image-6224"" />",<a href=https://npb.jp/bis/eng/teams/index_t.html>Hanshin Tigers</a>,94,48,39,7,0.552,3.5,386,337,49,0.562,23-18(6),25-21(1),9-7,9-11(2),--,6-7(4),11-8(1),11-5,2-1
,"<img src=""https://www.yakyucosmo.com/wp-content/uploads/2025/04/Buffaloes.jpg"" alt="""" width=""10"" height=""10"" class=""alignnone size-full wp-image-6222"" />",<a href=https://npb.jp/bis/eng/teams/index_b.html>ORIX Buffaloes</a>,98,45,41,12,0.523,6.0,365,322,43,0.557,23-24(5),22-17(7),9-11(2),8-8(2),7-6(4),--,8-11(3),12-5(1),1-0
,"<img src=""https://www.yakyucosmo.com/wp-content/uploads/2025/04/Carp.jpg"" alt="""" width=""10"" height=""10"" class=""alignnone size-full wp-image-6223"" />",<a href=https://npb.jp/bis/eng/teams/index_c.html>Hiroshima Carp</a>,95,37,51,7,0.420,15.0,311,428,-117,0.358,17-27(4),20-24(3),3-14(2),8-10(1),8-11(1),11-8(3),--,7-7,0-1
,"<img src=""https://www.yakyucosmo.com/wp-content/uploads/2025/04/Ventures.jpg"" alt="""" width=""10"" height=""10"" class=""alignnone size-full wp-image-6297"" />",<a href=https://hayateventures.jp/>HAYATE Ventures</a>,90,31,58,1,0.348,21.5,224,402,-178,0.255,16-23(1),15-35,4-11,4-10,5-11,5-12(1),7-7,--,6-7
