Rank,Player,G,PA,AB,R,H,2B,3B,HR,TB,RBI,SB,CS,SH,SF,SO,BB,IBB,HP,GDP,AVG,OBP,SLG,OPS,OPS+,ISO,BABIP,TTO%,K%,BB%,BB/K,wSB,Age,Pos,B,,Team,League
,<a href=https://npb.jp/bis/eng/players/23325159.html>Momosaki Aoi</a>,79,265,238,28,70,15,1,1,90,21,3,3,3,1,54,19,0,4,5,0.294,0.355,0.378,0.733,130,0.084,0.375,27.9%,20.4%,7.2%,0.35,-0.6,19,4,R,"<img src=""https://www.yakyucosmo.com/wp-content/uploads/2025/04/Tigers.jpg"" alt="""" width=""10"" height=""10"" class=""alignnone size-full wp-image-6224"" />",<a href=https://npb.jp/bis/eng/teams/index_t.html>Hanshin</a>,WL
,<a href=https://npb.jp/bis/eng/players/41845155.html>Maekawa Seita</a>,71,261,226,23,63,7,2,0,74,20,2,2,8,4,21,23,0,0,9,0.279,0.340,0.327,0.667,105,0.048,0.301,16.9%,8.0%,8.8%,1.10,-0.4,22,4,R,"<img src=""https://www.yakyucosmo.com/wp-content/uploads/2025/04/Carp.jpg"" alt="""" width=""10"" height=""10"" class=""alignnone size-full wp-image-6223"" />",<a href=https://npb.jp/bis/eng/teams/index_c.html>Hiroshima</a>,WL
,<a href=https://npb.jp/bis/eng/players/31335159.html>Inoue Kento</a>,63,273,249,30,66,11,3,8,107,42,5,4,2,4,45,13,0,5,2,0.265,0.310,0.430,0.740,122,0.165,0.290,24.2%,16.5%,4.8%,0.29,-0.6,25,5,L,"<img src=""https://www.yakyucosmo.com/wp-content/uploads/2025/04/BayStars.jpg"" alt="""" width=""10"" height=""10"" class=""alignnone size-full wp-image-6228"" />",<a href=https://npb.jp/bis/eng/teams/index_db.html>DeNA</a>,EL
,<a href=https://npb.jp/bis/eng/players/21525150.html>Kato Hibiki</a>,81,316,289,32,64,16,0,4,92,27,3,4,3,1,41,22,0,1,4,0.221,0.278,0.318,0.596,79,0.097,0.245,21.2%,13.0%,7.0%,0.54,-0.9,23,UTL,R,"<img src=""https://www.yakyucosmo.com/wp-content/uploads/2025/04/BayStars.jpg"" alt="""" width=""10"" height=""10"" class=""alignnone size-full wp-image-6228"" />",<a href=https://npb.jp/bis/eng/teams/index_db.html>DeNA</a>,EL
,<a href=https://npb.jp/bis/eng/players/41545138.html>Katsumata Atsushi</a>,70,256,238,27,62,9,1,3,82,20,4,1,3,2,30,10,0,2,9,0.261,0.294,0.345,0.639,92,0.084,0.285,16.8%,11.7%,3.9%,0.33,0.3,25,7,L,"<img src=""https://www.yakyucosmo.com/wp-content/uploads/2025/04/BayStars.jpg"" alt="""" width=""10"" height=""10"" class=""alignnone size-full wp-image-6228"" />",<a href=https://npb.jp/bis/eng/teams/index_db.html>DeNA</a>,EL
,<a href=https://npb.jp/bis/eng/players/13015153.html>Tima Julian</a>,72,267,252,23,54,14,0,6,86,28,0,0,0,2,60,13,0,0,9,0.214,0.251,0.341,0.592,76,0.127,0.255,29.6%,22.5%,4.9%,0.22,-0.1,20,3,R,"<img src=""https://www.yakyucosmo.com/wp-content/uploads/2025/04/Giants.jpg"" alt="""" width=""10"" height=""10"" class=""alignnone size-full wp-image-6227"" />",<a href=https://npb.jp/bis/eng/teams/index_g.html>Yomiuri</a>,EL
,<a href=https://npb.jp/bis/eng/players/11615157.html>Hashimoto Seiya</a>,65,238,219,24,55,10,2,0,69,24,4,4,1,2,27,16,0,0,7,0.251,0.300,0.315,0.615,88,0.064,0.284,18.1%,11.3%,6.7%,0.59,-0.7,24,7,L,"<img src=""https://www.yakyucosmo.com/wp-content/uploads/2025/04/Swallows.jpg"" alt="""" width=""10"" height=""10"" class=""alignnone size-full wp-image-6226"" />",<a href=https://npb.jp/bis/eng/teams/index_s.html>Yakult</a>,EL
,<a href=https://npb.jp/bis/eng/players/01505157.html>Kitamura Keigo</a>,72,257,226,14,53,10,0,2,69,10,2,0,2,1,40,21,0,7,7,0.235,0.318,0.305,0.623,91,0.070,0.276,24.5%,15.6%,8.2%,0.53,0.2,24,UTL,R,"<img src=""https://www.yakyucosmo.com/wp-content/uploads/2025/04/Swallows.jpg"" alt="""" width=""10"" height=""10"" class=""alignnone size-full wp-image-6226"" />",<a href=https://npb.jp/bis/eng/teams/index_s.html>Yakult</a>,EL
,<a href=https://npb.jp/bis/eng/players/91495157.html>Nishimura Ruito</a>,67,232,213,20,45,11,0,2,62,16,2,6,0,2,57,17,0,0,4,0.211,0.267,0.291,0.558,70,0.080,0.276,32.8%,24.6%,7.3%,0.30,-1.7,20,5,L,"<img src=""https://www.yakyucosmo.com/wp-content/uploads/2025/04/Swallows.jpg"" alt="""" width=""10"" height=""10"" class=""alignnone size-full wp-image-6226"" />",<a href=https://npb.jp/bis/eng/teams/index_s.html>Yakult</a>,EL
,<a href=https://npb.jp/bis/eng/players/71675157.html>Hama Shonosuke</a>,67,244,217,29,51,9,6,0,72,15,10,5,2,1,49,24,1,0,6,0.235,0.310,0.332,0.642,92,0.097,0.302,29.9%,20.1%,9.8%,0.49,-0.0,25,8,L,"<img src=""https://www.yakyucosmo.com/wp-content/uploads/2025/04/Dragons.jpg"" alt="""" width=""10"" height=""10"" class=""alignnone size-full wp-image-6225"" />",<a href=https://npb.jp/bis/eng/teams/index_d.html>Chunichi</a>,WL
,<a href=https://npb.jp/bis/eng/players/41545159.html>Kawakami Rii</a>,83,322,266,39,62,11,3,1,82,35,14,6,0,6,70,43,0,7,6,0.233,0.348,0.308,0.656,97,0.075,0.303,35.4%,21.7%,13.4%,0.61,0.2,24,3,R,"<img src=""https://www.yakyucosmo.com/wp-content/uploads/2025/04/Dragons.jpg"" alt="""" width=""10"" height=""10"" class=""alignnone size-full wp-image-6225"" />",<a href=https://npb.jp/bis/eng/teams/index_d.html>Chunichi</a>,WL
,<a href=https://npb.jp/bis/eng/players/71375155.html>Ukai Kosuke</a>,59,241,212,33,61,15,2,5,95,33,7,2,0,0,43,24,0,5,4,0.288,0.373,0.448,0.821,145,0.160,0.341,29.9%,17.8%,10.0%,0.56,0.4,26,7,R,"<img src=""https://www.yakyucosmo.com/wp-content/uploads/2025/04/Dragons.jpg"" alt="""" width=""10"" height=""10"" class=""alignnone size-full wp-image-6225"" />",<a href=https://npb.jp/bis/eng/teams/index_d.html>Chunichi</a>,WL
,<a href=https://npb.jp/bis/eng/players/61065157.html>Chano Tokumasa</a>,82,280,253,28,75,2,1,0,79,13,18,7,6,2,29,18,0,1,2,0.296,0.343,0.312,0.655,106,0.016,0.332,16.8%,10.4%,6.4%,0.62,0.6,25,9,L,"<img src=""https://www.yakyucosmo.com/wp-content/uploads/2025/04/Buffaloes.jpg"" alt="""" width=""10"" height=""10"" class=""alignnone size-full wp-image-6222"" />",<a href=https://npb.jp/bis/eng/teams/index_b.html>ORIX</a>,WL
,<a href=https://npb.jp/bis/eng/players/91295157.html>Naito Ho</a>,83,319,289,19,70,8,1,3,89,30,0,0,0,1,45,27,1,2,13,0.242,0.310,0.308,0.618,94,0.066,0.277,23.5%,14.1%,8.5%,0.60,-0.1,20,3,R,"<img src=""https://www.yakyucosmo.com/wp-content/uploads/2025/04/Buffaloes.jpg"" alt="""" width=""10"" height=""10"" class=""alignnone size-full wp-image-6222"" />",<a href=https://npb.jp/bis/eng/teams/index_b.html>ORIX</a>,WL
,<a href=https://npb.jp/bis/eng/players/53155159.html>Matsuishi Shinya</a>,69,234,204,26,49,4,1,0,55,12,4,5,12,1,42,15,0,2,5,0.240,0.297,0.270,0.567,68,0.030,0.301,24.4%,17.9%,6.4%,0.36,-1.1,19,6,R,"<img src=""https://www.yakyucosmo.com/wp-content/uploads/2025/04/Marines.jpg"" alt="""" width=""10"" height=""10"" class=""alignnone size-full wp-image-6240"" />",<a href=https://npb.jp/bis/eng/teams/index_m.html>Lotte</a>,EL
,<a href=https://npb.jp/bis/eng/players/81885150.html>Miyazaki Ryusei</a>,68,259,228,39,62,10,5,4,94,32,4,0,0,1,58,26,0,4,3,0.272,0.355,0.412,0.767,124,0.140,0.347,34.0%,22.4%,10.0%,0.45,0.6,24,4,L,"<img src=""https://www.yakyucosmo.com/wp-content/uploads/2025/04/Marines.jpg"" alt="""" width=""10"" height=""10"" class=""alignnone size-full wp-image-6240"" />",<a href=https://npb.jp/bis/eng/teams/index_m.html>Lotte</a>,EL
,<a href=https://npb.jp/bis/eng/players/91895138.html>Yamaguchi Koki</a>,72,285,230,39,57,11,2,11,105,53,2,1,0,7,57,41,1,7,3,0.248,0.368,0.457,0.825,141,0.209,0.272,38.2%,20.0%,14.4%,0.72,-0.1,24,UTL,R,"<img src=""https://www.yakyucosmo.com/wp-content/uploads/2025/04/Marines.jpg"" alt="""" width=""10"" height=""10"" class=""alignnone size-full wp-image-6240"" />",<a href=https://npb.jp/bis/eng/teams/index_m.html>Lotte</a>,EL
,<a href=https://npb.jp/bis/eng/players/61665159.html>Hirose Ryuta</a>,61,254,220,28,55,6,2,0,65,13,2,1,1,0,41,31,0,2,11,0.250,0.348,0.295,0.643,96,0.045,0.307,28.3%,16.1%,12.2%,0.76,-0.1,24,UTL,R,"<img src=""https://www.yakyucosmo.com/wp-content/uploads/2025/04/Hawks.jpg"" alt="""" width=""10"" height=""10"" class=""alignnone size-full wp-image-6220"" /> ",<a href=https://npb.jp/bis/eng/teams/index_h.html>SoftBank</a>,WL
,<a href=https://npb.jp/bis/eng/players/11315157.html>Ikhine Itua</a>,73,283,244,29,57,8,4,3,82,29,17,6,3,2,70,30,0,4,3,0.234,0.325,0.336,0.661,101,0.102,0.312,36.4%,24.7%,10.6%,0.43,0.8,20,6,L,"<img src=""https://www.yakyucosmo.com/wp-content/uploads/2025/04/Hawks.jpg"" alt="""" width=""10"" height=""10"" class=""alignnone size-full wp-image-6220"" /> ",<a href=https://npb.jp/bis/eng/teams/index_h.html>SoftBank</a>,WL
,<a href=https://npb.jp/bis/eng/players/01305153.html>Inoue Tomoya</a>,65,276,249,32,62,12,2,2,84,35,2,0,1,3,55,18,0,5,7,0.249,0.309,0.337,0.646,96,0.088,0.308,27.2%,19.9%,6.5%,0.33,0.2,22,3,R,"<img src=""https://www.yakyucosmo.com/wp-content/uploads/2025/04/Hawks.jpg"" alt="""" width=""10"" height=""10"" class=""alignnone size-full wp-image-6220"" /> ",<a href=https://npb.jp/bis/eng/teams/index_h.html>SoftBank</a>,WL
,<a href=https://npb.jp/bis/eng/players/91095153.html>Sasagawa Yoshiyasu</a>,71,301,271,45,74,9,2,9,114,46,9,4,0,4,72,23,0,3,3,0.273,0.332,0.421,0.753,129,0.148,0.335,34.6%,23.9%,7.6%,0.32,0.1,23,9,L,"<img src=""https://www.yakyucosmo.com/wp-content/uploads/2025/04/Hawks.jpg"" alt="""" width=""10"" height=""10"" class=""alignnone size-full wp-image-6220"" /> ",<a href=https://npb.jp/bis/eng/teams/index_h.html>SoftBank</a>,WL
,<a href=https://npb.jp/bis/eng/players/01205150.html>Shoji Yudai</a>,60,242,211,23,45,5,0,0,50,17,7,4,4,2,47,24,0,1,3,0.213,0.294,0.237,0.531,62,0.024,0.271,29.3%,19.4%,9.9%,0.51,-0.2,22,6,L,"<img src=""https://www.yakyucosmo.com/wp-content/uploads/2025/04/Hawks.jpg"" alt="""" width=""10"" height=""10"" class=""alignnone size-full wp-image-6220"" /> ",<a href=https://npb.jp/bis/eng/teams/index_h.html>SoftBank</a>,WL
,<a href=https://npb.jp/bis/eng/players/41345153.html>Irie Daiki</a>,74,287,272,29,69,8,2,2,87,29,3,1,2,4,40,6,0,3,7,0.254,0.274,0.320,0.594,80,0.066,0.286,16.7%,13.9%,2.1%,0.15,0.1,23,4,R,"<img src=""https://www.yakyucosmo.com/wp-content/uploads/2025/04/Eagles.jpg"" alt="""" width=""10"" height=""10"" class=""alignnone size-full wp-image-6218"" />",<a href=https://npb.jp/bis/eng/teams/index_e.html>Rakuten</a>,EL
,<a href=https://npb.jp/bis/eng/players/43545155.html>Yoshino Soshi</a>,68,260,237,31,60,19,3,2,91,22,2,0,0,3,63,15,0,5,8,0.253,0.308,0.384,0.692,110,0.131,0.331,30.8%,24.2%,5.8%,0.24,0.2,21,8,R,"<img src=""https://www.yakyucosmo.com/wp-content/uploads/2025/04/Eagles.jpg"" alt="""" width=""10"" height=""10"" class=""alignnone size-full wp-image-6218"" />",<a href=https://npb.jp/bis/eng/teams/index_e.html>Rakuten</a>,EL
,<a href=https://npb.jp/bis/eng/players/03305150.html>Yoshinoh Tsubasa</a>,70,256,227,29,51,9,1,3,71,24,3,0,0,1,64,25,0,3,5,0.225,0.309,0.313,0.622,89,0.088,0.298,35.9%,25.0%,9.8%,0.39,0.4,22,9,L,"<img src=""https://www.yakyucosmo.com/wp-content/uploads/2025/04/Eagles.jpg"" alt="""" width=""10"" height=""10"" class=""alignnone size-full wp-image-6218"" />",<a href=https://npb.jp/bis/eng/teams/index_e.html>Rakuten</a>,EL
,<a href=https://npb.jp/bis/eng/players/61665157.html>Hiruma Takuya</a>,60,235,211,24,53,11,1,2,72,15,6,0,3,0,39,18,0,3,3,0.251,0.319,0.341,0.660,95,0.090,0.300,25.1%,16.6%,7.7%,0.46,0.9,24,9,L,"<img src=""https://www.yakyucosmo.com/wp-content/uploads/2025/04/Lions.jpg"" alt="""" width=""10"" height=""10"" class=""alignnone size-full wp-image-6219"" />",<a href=https://npb.jp/bis/eng/teams/index_l.html>Seibu</a>,EL
,<a href=https://npb.jp/bis/eng/players/93395159.html>Murata Reon</a>,72,288,268,27,74,22,0,4,108,27,1,0,0,3,62,14,0,3,10,0.276,0.316,0.403,0.719,111,0.127,0.341,27.8%,21.5%,4.9%,0.23,0.1,23,3,R,"<img src=""https://www.yakyucosmo.com/wp-content/uploads/2025/04/Lions.jpg"" alt="""" width=""10"" height=""10"" class=""alignnone size-full wp-image-6219"" />",<a href=https://npb.jp/bis/eng/teams/index_l.html>Seibu</a>,EL
,<a href=https://npb.jp/bis/eng/players/01105155.html>Arizono Naoki</a>,71,281,246,48,75,10,3,14,133,48,2,0,0,2,58,31,1,2,10,0.305,0.384,0.541,0.925,166,0.236,0.347,36.7%,20.6%,11.0%,0.53,0.2,22,5,R,"<img src=""https://www.yakyucosmo.com/wp-content/uploads/2025/04/Fighters.jpg"" alt="""" width=""10"" height=""10"" class=""alignnone size-full wp-image-6217"" />",<a href=https://npb.jp/bis/eng/teams/index_f.html>Nipponham</a>,EL
,Chinen Taisei,83,340,319,50,96,12,5,8,142,45,4,7,0,3,36,16,0,2,2,0.301,0.335,0.445,0.780,149,0.144,0.317,17.6%,10.6%,4.7%,0.44,-1.8,25,8,L,"<img src=""https://www.yakyucosmo.com/wp-content/uploads/2025/04/Albirex.jpg"" alt="""" width=""10"" height=""10"" class=""alignnone size-full wp-image-6298"" />",<a href=https://www.niigata-albirex-bc.jp/>Oisix</a>,EL
,Konishi Keiji,73,234,210,14,37,9,1,2,54,20,0,0,11,4,68,6,0,3,6,0.176,0.206,0.257,0.463,44,0.081,0.243,32.5%,29.1%,2.6%,0.09,-0.1,27,3,R,"<img src=""https://www.yakyucosmo.com/wp-content/uploads/2025/04/Albirex.jpg"" alt="""" width=""10"" height=""10"" class=""alignnone size-full wp-image-6298"" />",<a href=https://www.niigata-albirex-bc.jp/>Oisix</a>,EL
,Okawa Yodai,74,312,286,28,81,18,3,5,120,37,0,0,0,0,60,23,0,3,9,0.283,0.343,0.420,0.763,144,0.137,0.344,28.2%,19.2%,7.4%,0.38,-0.1,25,7,R,"<img src=""https://www.yakyucosmo.com/wp-content/uploads/2025/04/Albirex.jpg"" alt="""" width=""10"" height=""10"" class=""alignnone size-full wp-image-6298"" />",<a href=https://www.niigata-albirex-bc.jp/>Oisix</a>,EL
,Sonobe Keita,73,282,261,27,70,7,1,1,82,24,4,0,2,1,45,12,0,6,5,0.268,0.314,0.314,0.628,100,0.046,0.319,20.6%,16.0%,4.3%,0.27,0.6,25,5,R,"<img src=""https://www.yakyucosmo.com/wp-content/uploads/2025/04/Albirex.jpg"" alt="""" width=""10"" height=""10"" class=""alignnone size-full wp-image-6298"" />",<a href=https://www.niigata-albirex-bc.jp/>Oisix</a>,EL
,Takayama Shun,66,268,230,18,65,7,0,0,72,27,0,0,0,2,35,36,0,0,10,0.283,0.377,0.313,0.690,121,0.030,0.330,26.5%,13.1%,13.4%,1.03,-0.2,32,DH,L,"<img src=""https://www.yakyucosmo.com/wp-content/uploads/2025/04/Albirex.jpg"" alt="""" width=""10"" height=""10"" class=""alignnone size-full wp-image-6298"" />",<a href=https://www.niigata-albirex-bc.jp/>Oisix</a>,EL
,Kuramoto Toshihiko,79,309,283,17,82,8,2,0,94,27,2,0,0,2,38,20,0,4,7,0.290,0.343,0.332,0.675,100,0.042,0.332,18.8%,12.3%,6.5%,0.53,0.2,34,5,L,"<img src=""https://www.yakyucosmo.com/wp-content/uploads/2025/04/Ventures.jpg"" alt="""" width=""10"" height=""10"" class=""alignnone size-full wp-image-6297"" />",<a href=https://hayateventures.jp/>HAYATE</a>,WL
,Masuda Shoma,65,257,226,19,57,9,0,0,66,19,8,8,6,2,39,20,0,3,5,0.252,0.319,0.292,0.611,82,0.040,0.302,23.0%,15.2%,7.8%,0.51,-1.4,27,9,R,"<img src=""https://www.yakyucosmo.com/wp-content/uploads/2025/04/Ventures.jpg"" alt="""" width=""10"" height=""10"" class=""alignnone size-full wp-image-6297"" />",<a href=https://hayateventures.jp/>HAYATE</a>,WL
,Nakamura Raiya,85,338,304,30,68,9,2,2,87,21,0,0,3,2,56,23,0,6,9,0.224,0.290,0.286,0.576,71,0.062,0.266,24.0%,16.6%,6.8%,0.41,-0.1,25,6,L,"<img src=""https://www.yakyucosmo.com/wp-content/uploads/2025/04/Ventures.jpg"" alt="""" width=""10"" height=""10"" class=""alignnone size-full wp-image-6297"" />",<a href=https://hayateventures.jp/>HAYATE</a>,WL
,Nishikawa Ryosuke,66,238,221,13,42,9,1,1,56,17,0,0,1,2,57,11,0,3,10,0.190,0.236,0.253,0.489,46,0.063,0.248,29.0%,23.9%,4.6%,0.19,-0.1,23,3,R,"<img src=""https://www.yakyucosmo.com/wp-content/uploads/2025/04/Ventures.jpg"" alt="""" width=""10"" height=""10"" class=""alignnone size-full wp-image-6297"" />",<a href=https://hayateventures.jp/>HAYATE</a>,WL
,Shinohara Reo,77,293,266,20,57,11,0,0,68,18,10,8,8,1,61,12,0,6,3,0.214,0.263,0.256,0.519,55,0.042,0.277,24.9%,20.8%,4.1%,0.20,-1.0,24,8,R,"<img src=""https://www.yakyucosmo.com/wp-content/uploads/2025/04/Ventures.jpg"" alt="""" width=""10"" height=""10"" class=""alignnone size-full wp-image-6297"" />",<a href=https://hayateventures.jp/>HAYATE</a>,WL
,Suzuki Shohei,78,326,301,23,85,9,1,1,99,18,8,2,2,3,30,19,0,1,4,0.282,0.324,0.329,0.653,94,0.047,0.308,15.3%,9.2%,5.8%,0.63,0.5,27,7,L,"<img src=""https://www.yakyucosmo.com/wp-content/uploads/2025/04/Ventures.jpg"" alt="""" width=""10"" height=""10"" class=""alignnone size-full wp-image-6297"" />",<a href=https://hayateventures.jp/>HAYATE</a>,WL
,Watsuji Daiki,83,295,273,26,74,3,2,1,84,14,4,2,5,1,26,16,1,0,3,0.271,0.310,0.308,0.618,83,0.037,0.296,14.6%,8.8%,5.4%,0.62,-0.1,25,4,L,"<img src=""https://www.yakyucosmo.com/wp-content/uploads/2025/04/Ventures.jpg"" alt="""" width=""10"" height=""10"" class=""alignnone size-full wp-image-6297"" />",<a href=https://hayateventures.jp/>HAYATE</a>,WL
