#,,Team,G,W,L,T,PCT,GB,RS,RA,Diff,XPCT,Home,Road,vs M,vs G,vs L,vs F,vs E,vs DB,vs A,vs S,Inter
,"<img src=""https://www.yakyucosmo.com/wp-content/uploads/2025/04/Marines.jpg"" alt="""" width=""10"" height=""10"" class=""alignnone size-full wp-image-6240"" />",<a href=https://npb.jp/bis/eng/teams/index_m.html>Lotte Marines</a>,76,48,26,2,0.649,--,367,258,109,0.656,23-14(1),25-12(1),--,7-5,6-5(1),3-2(1),11-4,5-6,8-0,7-3,1-1
,"<img src=""https://www.yakyucosmo.com/wp-content/uploads/2025/04/Giants.jpg"" alt="""" width=""10"" height=""10"" class=""alignnone size-full wp-image-6227"" />",<a href=https://npb.jp/bis/eng/teams/index_g.html>Yomiuri Giants</a>,77,46,30,1,0.605,3.0,319,239,80,0.629,18-13(1),28-17,5-7,--,6-4,8-4,3-5(1),7-3,7-4,8-2,2-1
,"<img src=""https://www.yakyucosmo.com/wp-content/uploads/2025/04/Lions.jpg"" alt="""" width=""10"" height=""10"" class=""alignnone size-full wp-image-6219"" />",<a href=https://npb.jp/bis/eng/teams/index_l.html>Seibu Lions</a>,74,44,29,1,0.603,3.5,318,244,74,0.619,21-12,23-17(1),5-6(1),4-6,--,6-4,5-4,8-3,6-5,10-1,--
,"<img src=""https://www.yakyucosmo.com/wp-content/uploads/2025/04/Fighters.jpg"" alt="""" width=""10"" height=""10"" class=""alignnone size-full wp-image-6217"" />",<a href=https://npb.jp/bis/eng/teams/index_f.html>Nipponham Fighters</a>,72,39,32,1,0.549,7.5,291,252,39,0.565,22-14(1),17-18,2-3(1),4-8,4-6,--,7-5,9-2,5-4,7-3,1-1
,"<img src=""https://www.yakyucosmo.com/wp-content/uploads/2025/04/Eagles.jpg"" alt="""" width=""10"" height=""10"" class=""alignnone size-full wp-image-6218"" />",<a href=https://npb.jp/bis/eng/teams/index_e.html>Rakuten Eagles</a>,78,37,40,1,0.481,12.5,274,314,-40,0.438,25-19,12-21(1),4-11,5-3(1),4-5,5-7,--,5-5,7-3,7-6,--
,"<img src=""https://www.yakyucosmo.com/wp-content/uploads/2025/04/BayStars.jpg"" alt="""" width=""10"" height=""10"" class=""alignnone size-full wp-image-6228"" />",<a href=https://npb.jp/bis/eng/teams/index_db.html>DeNA BayStars</a>,80,33,46,1,0.418,17.5,331,360,-29,0.462,17-23(1),16-23,6-5,3-7,3-8,2-9,5-5,--,6-6,7-4(1),1-2
,"<img src=""https://www.yakyucosmo.com/wp-content/uploads/2025/04/Albirex.jpg"" alt="""" width=""10"" height=""10"" class=""alignnone size-full wp-image-6298"" />",<a href=https://www.niigata-albirex-bc.jp/>Oisix Albirex</a>,75,29,46,0,0.387,19.5,259,384,-125,0.327,17-20,12-26,0-8,4-7,5-6,4-5,3-7,6-6,--,6-2,1-5
,"<img src=""https://www.yakyucosmo.com/wp-content/uploads/2025/04/Swallows.jpg"" alt="""" width=""10"" height=""10"" class=""alignnone size-full wp-image-6226"" />",<a href=https://npb.jp/bis/eng/teams/index_s.html>Yakult Swallows</a>,74,21,52,1,0.288,26.5,191,292,-101,0.315,9-30,12-22(1),3-7,2-8,1-10,3-7,6-7,4-7(1),2-6,--,--
