Rank,Pitcher,G,W,L,SV,CG,SHO,BF,IP,H,HR,SO,BB,IBB,HB,WP,R,ER,ERA,FIP,kwERA,WHIP,ERA+,FIP-,kwERA-,Diff,HR%,K%,BB%,K-BB%,Age,T,Team,League
,<a href=https://npb.jp/bis/eng/players/03905157.html>Beasley Jeremy</a>,2,0,0,0,0,0,34,9.0,7,0,14,1,0,0,0,0,0,0.00,0.68,0.98,0.89,999,20,26,-0.68,0.0%,41.2%,2.9%,38.3%,29,R,<a href=https://npb.jp/bis/eng/teams/index_t.html>Hanshin</a>,WL
,<a href=https://npb.jp/bis/eng/players/13715150.html>Duplantier Jon</a>,2,1,0,0,0,0,33,8.2,6,0,14,2,0,0,0,0,0,0.00,0.92,1.16,0.92,999,26,31,-0.92,0.0%,42.4%,6.1%,36.3%,30,R,<a href=https://npb.jp/bis/eng/teams/index_t.html>Hanshin</a>,WL
,<a href=https://npb.jp/bis/eng/players/31635134.html>Hatake Seishu</a>,4,0,0,0,0,0,19,3.1,7,1,2,3,1,0,2,4,3,8.10,8.86,5.33,3.00,33,254,143,-0.76,5.3%,10.5%,15.8%,-5.3%,31,R,<a href=https://npb.jp/bis/eng/teams/index_t.html>Hanshin</a>,WL
,Hayakawa Daiki,2,0,0,0,0,0,24,6.0,5,0,2,3,0,0,0,2,2,3.00,4.29,5.22,1.33,89,123,140,-1.29,0.0%,8.3%,12.5%,-4.2%,25,R,<a href=https://npb.jp/bis/eng/teams/index_t.html>Hanshin</a>,WL
,<a href=https://npb.jp/bis/eng/players/71375150.html>Ihara Takato</a>,1,0,0,0,0,0,3,1.0,0,0,1,0,0,0,0,0,0,0.00,1.46,1.47,0.00,999,42,39,-1.46,0.0%,33.3%,0.0%,33.3%,24,L,<a href=https://npb.jp/bis/eng/teams/index_t.html>Hanshin</a>,WL
,<a href=https://npb.jp/bis/eng/players/71375153.html>Itoh Masashi</a>,2,0,0,0,0,0,45,11.0,12,0,4,2,0,0,0,2,2,1.64,3.28,4.36,1.27,163,94,117,-1.64,0.0%,8.9%,4.4%,4.5%,29,L,<a href=https://npb.jp/bis/eng/teams/index_t.html>Hanshin</a>,WL
,<a href=https://npb.jp/bis/eng/players/31335155.html>Itoh Ryo</a>,2,0,2,0,0,0,32,6.2,7,0,7,4,0,1,0,6,6,8.10,3.61,3.86,1.65,33,104,103,4.49,0.0%,21.9%,12.5%,9.4%,25,L,<a href=https://npb.jp/bis/eng/teams/index_t.html>Hanshin</a>,WL
,<a href=https://npb.jp/bis/eng/players/51355139.html>Iwasada Yuta</a>,6,1,0,0,0,0,24,6.0,2,0,6,3,0,0,1,0,0,0.00,2.96,3.55,0.83,999,85,95,-2.96,0.0%,25.0%,12.5%,12.5%,33,L,<a href=https://npb.jp/bis/eng/teams/index_t.html>Hanshin</a>,WL
,<a href=https://npb.jp/bis/eng/players/11715138.html>Kawahara Riku</a>,5,1,1,0,0,0,14,4.0,1,0,2,2,0,0,0,3,3,6.75,3.96,4.80,0.75,40,114,129,2.79,0.0%,14.3%,14.3%,0.0%,24,L,<a href=https://npb.jp/bis/eng/teams/index_t.html>Hanshin</a>,WL
,<a href=https://npb.jp/bis/eng/players/31935150.html>Kesamaru Yuhki</a>,1,0,0,0,0,0,8,0.2,3,0,0,1,0,0,0,3,1,13.50,7.96,6.05,6.00,20,229,162,5.54,0.0%,0.0%,12.5%,-12.5%,19,R,<a href=https://npb.jp/bis/eng/teams/index_t.html>Hanshin</a>,WL
,<a href=https://npb.jp/bis/eng/players/41745150.html>Kinoshita Rito</a>,4,0,0,0,0,0,14,4.0,2,0,4,1,0,0,1,1,1,2.25,2.21,2.66,0.75,119,63,71,0.04,0.0%,28.6%,7.1%,21.5%,24,R,<a href=https://npb.jp/bis/eng/teams/index_t.html>Hanshin</a>,WL
,<a href=https://npb.jp/bis/eng/players/93195159.html>Matsubara Kai</a>,1,0,0,0,0,0,10,1.2,3,0,1,2,0,0,3,2,2,10.80,5.86,5.80,3.00,25,168,155,4.94,0.0%,10.0%,20.0%,-10.0%,25,R,<a href=https://npb.jp/bis/eng/teams/index_t.html>Hanshin</a>,WL
,<a href=https://npb.jp/bis/eng/players/03305155.html>Moriki Daichi</a>,2,0,0,0,0,0,17,1.1,7,0,1,3,0,3,2,9,9,60.75,15.46,5.98,7.50,4,444,160,45.29,0.0%,5.9%,17.6%,-11.7%,22,R,<a href=https://npb.jp/bis/eng/teams/index_t.html>Hanshin</a>,WL
,<a href=https://npb.jp/bis/eng/players/13315153.html>Murakami Shoki</a>,1,0,0,0,0,0,18,5.0,3,0,2,0,0,0,0,0,0,0.00,2.66,3.69,0.60,999,76,99,-2.66,0.0%,11.1%,0.0%,11.1%,27,R,<a href=https://npb.jp/bis/eng/teams/index_t.html>Hanshin</a>,WL
,<a href=https://npb.jp/bis/eng/players/71275118.html>Nishi Yuki</a>,2,0,0,0,0,0,36,9.0,7,0,5,0,0,1,0,1,1,1.00,2.68,3.41,0.78,268,77,91,-1.68,0.0%,13.9%,0.0%,13.9%,34,R,<a href=https://npb.jp/bis/eng/teams/index_t.html>Hanshin</a>,WL
,<a href=https://npb.jp/bis/eng/players/41345136.html>Ohtake Koutaro</a>,2,1,0,0,0,0,18,4.0,6,0,1,0,0,0,0,2,2,4.50,2.96,4.24,1.50,59,85,114,1.54,0.0%,5.6%,0.0%,5.6%,30,L,<a href=https://npb.jp/bis/eng/teams/index_t.html>Hanshin</a>,WL
,<a href=https://npb.jp/bis/eng/players/41745134.html>Saiki Hiroto</a>,1,0,1,0,0,0,21,5.0,6,0,3,0,0,0,0,1,1,1.80,2.26,3.37,1.20,149,65,90,-0.46,0.0%,14.3%,0.0%,14.3%,26,R,<a href=https://npb.jp/bis/eng/teams/index_t.html>Hanshin</a>,WL
,<a href=https://npb.jp/bis/eng/players/81085153.html>Satoh Ren</a>,4,1,1,0,0,0,21,4.0,2,0,5,7,0,0,0,1,1,2.25,6.21,5.75,2.25,119,178,154,-3.96,0.0%,23.8%,33.3%,-9.5%,27,R,<a href=https://npb.jp/bis/eng/teams/index_t.html>Hanshin</a>,WL
,<a href=https://npb.jp/bis/eng/players/21925159.html>Shiiba Tsuyoshi</a>,5,0,0,0,0,0,14,3.1,2,0,3,2,0,1,2,0,0,0.00,4.36,4.09,1.20,999,125,110,-4.36,0.0%,21.4%,14.3%,7.1%,23,R,<a href=https://npb.jp/bis/eng/teams/index_t.html>Hanshin</a>,WL
,<a href=https://npb.jp/bis/eng/players/51055133.html>Shimamoto Hiroya</a>,6,0,0,0,0,0,20,6.0,2,0,3,0,0,0,0,0,0,0.00,2.46,3.30,0.33,999,71,88,-2.46,0.0%,15.0%,0.0%,15.0%,32,L,<a href=https://npb.jp/bis/eng/teams/index_t.html>Hanshin</a>,WL
,<a href=https://npb.jp/bis/eng/players/51255157.html>Tomida Ren</a>,1,0,0,0,0,0,16,5.0,1,0,5,0,0,0,0,0,0,0.00,1.46,1.67,0.20,999,42,45,-1.46,0.0%,31.2%,0.0%,31.2%,23,L,<a href=https://npb.jp/bis/eng/teams/index_t.html>Hanshin</a>,WL
,<a href=https://npb.jp/bis/eng/players/11415159.html>Tsuda Junya</a>,1,0,0,0,0,0,20,4.1,4,1,4,5,0,0,0,5,4,8.31,8.08,5.30,2.08,32,232,142,0.23,5.0%,20.0%,25.0%,-5.0%,23,R,<a href=https://npb.jp/bis/eng/teams/index_t.html>Hanshin</a>,WL
,<a href=https://npb.jp/bis/eng/players/11315138.html>Urushihara Taisei</a>,6,1,0,3,0,0,22,6.0,1,0,4,2,0,0,0,2,0,0.00,3.13,3.89,0.50,999,90,104,-3.13,0.0%,18.2%,9.1%,9.1%,28,R,<a href=https://npb.jp/bis/eng/teams/index_t.html>Hanshin</a>,WL
,<a href=https://npb.jp/bis/eng/players/41845138.html>Yuasa Atsuki</a>,3,0,1,0,0,0,16,3.0,3,0,3,3,0,0,0,3,1,3.00,4.46,4.80,2.00,89,128,129,-1.46,0.0%,18.8%,18.8%,0.0%,25,R,<a href=https://npb.jp/bis/eng/teams/index_t.html>Hanshin</a>,WL
,<a href=https://npb.jp/bis/eng/players/51155159.html>Akatsuka Kento</a>,4,0,0,0,0,0,18,4.0,4,1,3,3,0,0,0,2,2,4.50,7.46,4.80,1.75,56,226,129,-2.96,5.6%,16.7%,16.7%,0.0%,23,R,<a href=https://npb.jp/bis/eng/teams/index_c.html>Hiroshima</a>,WL
,<a href=https://npb.jp/bis/eng/players/33735150.html>Dominguez Johan</a>,2,1,1,0,0,0,38,9.1,7,1,11,3,0,0,0,3,3,2.89,3.46,2.69,1.07,88,105,72,-0.57,2.6%,28.9%,7.9%,21.0%,29,R,<a href=https://npb.jp/bis/eng/teams/index_c.html>Hiroshima</a>,WL
,<a href=https://npb.jp/bis/eng/players/71375136.html>Endoh Atsushi</a>,3,0,0,0,0,0,9,3.0,0,0,1,1,0,0,0,0,0,0.00,3.79,4.80,0.33,999,115,129,-3.79,0.0%,11.1%,11.1%,0.0%,26,R,<a href=https://npb.jp/bis/eng/teams/index_c.html>Hiroshima</a>,WL
,<a href=https://npb.jp/bis/eng/players/51655157.html>Hasebe Ginji</a>,4,0,0,0,0,0,15,4.0,3,0,2,0,0,0,0,0,0,0.00,2.46,3.47,0.75,999,75,93,-2.46,0.0%,13.3%,0.0%,13.3%,26,L,<a href=https://npb.jp/bis/eng/teams/index_c.html>Hiroshima</a>,WL
,<a href=https://npb.jp/bis/eng/players/41645157.html>Hidaka Atsumi</a>,1,1,0,0,0,0,20,6.0,1,0,1,0,0,1,0,1,1,1.50,3.63,4.30,0.17,169,110,115,-2.13,0.0%,5.0%,0.0%,5.0%,20,R,<a href=https://npb.jp/bis/eng/teams/index_c.html>Hiroshima</a>,WL
,<a href=https://npb.jp/bis/eng/players/71575157.html>Kawano Kei</a>,1,0,0,0,0,0,3,1.0,0,0,0,0,0,0,0,0,0,0.00,3.46,4.80,0.00,999,105,129,-3.46,0.0%,0.0%,0.0%,0.0%,23,R,<a href=https://npb.jp/bis/eng/teams/index_c.html>Hiroshima</a>,WL
,<a href=https://npb.jp/bis/eng/players/71775136.html>Kemna Makoto</a>,3,0,0,1,0,0,14,3.0,3,0,2,2,0,1,0,1,1,3.00,5.13,4.80,1.67,84,156,129,-2.13,0.0%,14.3%,14.3%,0.0%,30,R,<a href=https://npb.jp/bis/eng/teams/index_c.html>Hiroshima</a>,WL
,<a href=https://npb.jp/bis/eng/players/61965153.html>Kobayashi Tatsuto</a>,2,0,0,1,0,0,6,2.0,0,0,0,0,0,0,0,0,0,0.00,3.46,4.80,0.00,999,105,129,-3.46,0.0%,0.0%,0.0%,0.0%,22,R,<a href=https://npb.jp/bis/eng/teams/index_c.html>Hiroshima</a>,WL
,<a href=https://npb.jp/bis/eng/players/91895157.html>Masuda Takehisa</a>,4,0,0,0,0,0,13,4.0,4,0,2,0,0,1,0,0,0,0.00,3.21,3.26,1.00,999,97,87,-3.21,0.0%,15.4%,0.0%,15.4%,26,R,<a href=https://npb.jp/bis/eng/teams/index_c.html>Hiroshima</a>,WL
,<a href=https://npb.jp/bis/eng/players/73175155.html>Matsumoto Ryuya</a>,2,0,0,0,0,0,5,1.1,1,0,0,0,0,0,0,0,0,0.00,3.46,4.80,0.75,999,105,129,-3.46,0.0%,0.0%,0.0%,0.0%,25,R,<a href=https://npb.jp/bis/eng/teams/index_c.html>Hiroshima</a>,WL
,<a href=https://npb.jp/bis/eng/players/41545153.html>Ohmichi Haruki</a>,2,0,0,0,0,0,7,2.0,0,0,1,2,0,0,0,0,0,0.00,5.46,6.23,1.00,999,166,167,-5.46,0.0%,14.3%,28.6%,-14.3%,26,R,<a href=https://npb.jp/bis/eng/teams/index_c.html>Hiroshima</a>,WL
,<a href=https://npb.jp/bis/eng/players/61365139.html>Ohsera Daichi</a>,1,0,1,0,0,0,24,4.1,10,1,5,0,0,0,0,8,8,16.62,4.15,2.72,2.31,15,126,73,12.47,4.2%,20.8%,0.0%,20.8%,34,R,<a href=https://npb.jp/bis/eng/teams/index_c.html>Hiroshima</a>,WL
,<a href=https://npb.jp/bis/eng/players/61765157.html>Saitoh Yuta</a>,5,1,0,0,0,0,30,5.2,6,0,5,5,0,1,1,4,2,3.18,4.87,4.80,1.94,80,148,129,-1.69,0.0%,16.7%,16.7%,0.0%,21,R,<a href=https://npb.jp/bis/eng/teams/index_c.html>Hiroshima</a>,WL
,<a href=https://npb.jp/bis/eng/players/71075150.html>Sato Ryunosuke</a>,1,0,1,0,0,0,26,5.2,6,0,3,2,0,0,0,3,3,4.76,3.46,4.42,1.41,53,105,118,1.30,0.0%,11.5%,7.7%,3.8%,22,L,<a href=https://npb.jp/bis/eng/teams/index_c.html>Hiroshima</a>,WL
,<a href=https://npb.jp/bis/eng/players/71075159.html>Sugihara Mirai</a>,1,0,0,0,0,0,6,0.2,2,0,0,1,0,1,0,1,1,13.50,12.46,6.47,4.50,19,378,173,1.04,0.0%,0.0%,16.7%,-16.7%,19,L,<a href=https://npb.jp/bis/eng/teams/index_c.html>Hiroshima</a>,WL
,<a href=https://npb.jp/bis/eng/players/51055159.html>Sugita Takeru</a>,1,0,0,0,0,0,27,6.0,8,0,1,1,0,1,0,3,3,4.50,4.13,4.80,1.50,56,125,129,0.37,0.0%,3.7%,3.7%,0.0%,23,R,<a href=https://npb.jp/bis/eng/teams/index_c.html>Hiroshima</a>,WL
,<a href=https://npb.jp/bis/eng/players/41045159.html>Taka Taichi</a>,1,0,0,0,0,0,23,6.0,3,0,5,1,0,0,0,0,0,0.00,2.29,3.06,0.67,999,69,82,-2.29,0.0%,21.7%,4.3%,17.4%,23,L,<a href=https://npb.jp/bis/eng/teams/index_c.html>Hiroshima</a>,WL
,<a href=https://npb.jp/bis/eng/players/01005134.html>Takahashi Kouya</a>,1,0,0,0,0,0,7,2.0,1,0,4,0,0,0,0,0,0,0.00,-0.54,-0.91,0.50,999,-16,-24,0.54,0.0%,57.1%,0.0%,57.1%,26,L,<a href=https://npb.jp/bis/eng/teams/index_c.html>Hiroshima</a>,WL
,<a href=https://npb.jp/bis/eng/players/31235159.html>Takita Kazuki</a>,3,1,0,0,0,0,29,8.0,3,0,9,3,0,0,0,0,0,0.00,2.34,2.73,0.75,999,71,73,-2.34,0.0%,31.0%,10.3%,20.7%,23,L,<a href=https://npb.jp/bis/eng/teams/index_c.html>Hiroshima</a>,WL
,<a href=https://npb.jp/bis/eng/players/41245151.html>Tamamura Shogo</a>,2,0,2,0,0,0,50,10.0,15,1,10,1,0,1,2,9,5,4.50,3.36,3.00,1.60,56,102,80,1.14,2.0%,20.0%,2.0%,18.0%,24,L,<a href=https://npb.jp/bis/eng/teams/index_c.html>Hiroshima</a>,WL
,<a href=https://npb.jp/bis/eng/players/81085157.html>Tsuji Taiga</a>,2,0,1,0,0,0,15,2.0,5,1,0,3,0,1,0,7,7,31.50,15.96,6.80,4.00,8,484,182,15.54,6.7%,0.0%,20.0%,-20.0%,20,L,<a href=https://npb.jp/bis/eng/teams/index_c.html>Hiroshima</a>,WL
,<a href=https://npb.jp/bis/eng/players/31435159.html>Tsunehiro Hayato</a>,1,0,1,0,0,0,21,6.0,2,0,5,1,0,0,1,1,1,1.50,2.29,2.90,0.50,169,69,78,-0.79,0.0%,23.8%,4.8%,19.0%,23,R,<a href=https://npb.jp/bis/eng/teams/index_c.html>Hiroshima</a>,WL
,<a href=https://npb.jp/bis/eng/players/33235157.html>Bauer Trevor</a>,1,0,0,0,0,0,18,5.0,3,0,7,0,0,0,0,1,1,1.80,0.66,0.91,0.60,142,20,24,1.14,0.0%,38.9%,0.0%,38.9%,34,R,<a href=https://npb.jp/bis/eng/teams/index_db.html>DeNA</a>,EL
,<a href=https://npb.jp/bis/eng/players/43545151.html>Diaz Yofrec</a>,2,0,0,0,0,0,12,2.0,5,0,2,1,0,0,1,3,3,13.50,2.96,3.97,3.00,19,89,106,10.54,0.0%,16.7%,8.3%,8.4%,26,L,<a href=https://npb.jp/bis/eng/teams/index_db.html>DeNA</a>,EL
,<a href=https://npb.jp/bis/eng/players/71675134.html>Hamachi Masumi</a>,2,0,0,0,0,0,8,2.0,2,0,1,0,0,0,0,1,1,4.50,2.46,3.55,1.00,57,74,95,2.04,0.0%,12.5%,0.0%,12.5%,27,R,<a href=https://npb.jp/bis/eng/teams/index_db.html>DeNA</a>,EL
,<a href=https://npb.jp/bis/eng/players/31635157.html>Hashimoto Tatsuya</a>,2,0,0,0,0,0,6,1.1,2,0,2,1,0,0,1,2,2,13.50,2.71,3.13,2.25,19,81,84,10.79,0.0%,33.3%,16.7%,16.6%,24,R,<a href=https://npb.jp/bis/eng/teams/index_db.html>DeNA</a>,EL
,<a href=https://npb.jp/bis/eng/players/71875134.html>Horioka Hayato</a>,1,0,1,0,0,0,6,1.0,2,1,1,1,0,0,0,1,1,9.00,17.46,4.80,3.00,28,524,129,-8.46,16.7%,16.7%,16.7%,0.0%,26,R,<a href=https://npb.jp/bis/eng/teams/index_db.html>DeNA</a>,EL
,<a href=https://npb.jp/bis/eng/players/61365153.html>Irie Taisei</a>,2,0,1,0,0,0,12,2.0,6,1,2,0,0,0,0,4,4,18.00,7.96,3.13,3.00,14,239,84,10.04,8.3%,16.7%,0.0%,16.7%,26,R,<a href=https://npb.jp/bis/eng/teams/index_db.html>DeNA</a>,EL
,<a href=https://npb.jp/bis/eng/players/81385153.html>Iwata Masaki</a>,1,0,0,0,0,0,1,0.1,0,0,1,0,0,0,0,0,0,0.00,-2.54,-5.20,0.00,999,-76,-139,2.54,0.0%,100.0%,0.0%,100.0%,27,L,<a href=https://npb.jp/bis/eng/teams/index_db.html>DeNA</a>,EL
,<a href=https://npb.jp/bis/eng/players/43745159.html>Jackson Andre</a>,1,0,1,0,0,0,20,5.0,3,0,2,3,0,0,0,2,2,3.60,4.46,5.30,1.20,71,134,142,-0.86,0.0%,10.0%,15.0%,-5.0%,29,R,<a href=https://npb.jp/bis/eng/teams/index_db.html>DeNA</a>,EL
,<a href=https://npb.jp/bis/eng/players/01505130.html>Kasaya Shunsuke</a>,1,0,0,0,0,0,2,0.1,0,0,0,0,0,1,0,0,0,0.00,12.46,4.80,0.00,999,374,129,-12.46,0.0%,0.0%,0.0%,0.0%,28,L,<a href=https://npb.jp/bis/eng/teams/index_db.html>DeNA</a>,EL
,<a href=https://npb.jp/bis/eng/players/01705157.html>Konno Ryuto</a>,1,0,0,0,0,0,2,0.2,0,0,0,0,0,0,0,0,0,0.00,3.46,4.80,0.00,999,104,129,-3.46,0.0%,0.0%,0.0%,0.0%,20,R,<a href=https://npb.jp/bis/eng/teams/index_db.html>DeNA</a>,EL
,<a href=https://npb.jp/bis/eng/players/31935155.html>Kozono Kenta</a>,1,0,0,0,0,0,18,6.0,0,0,6,0,0,0,0,0,0,0.00,1.46,1.47,0.00,999,44,39,-1.46,0.0%,33.3%,0.0%,33.3%,22,R,<a href=https://npb.jp/bis/eng/teams/index_db.html>DeNA</a>,EL
,<a href=https://npb.jp/bis/eng/players/11715134.html>Kyoyama Masaya</a>,2,0,0,0,0,0,12,1.1,4,0,1,3,0,1,0,3,3,20.25,10.96,6.47,5.25,13,329,173,9.29,0.0%,8.3%,25.0%,-16.7%,26,R,<a href=https://npb.jp/bis/eng/teams/index_db.html>DeNA</a>,EL
,<a href=https://npb.jp/bis/eng/players/33235155.html>Marcelino Hansel</a>,2,0,0,0,0,0,7,2.0,1,0,4,1,0,0,0,0,0,0.00,0.96,0.51,1.00,999,29,14,-0.96,0.0%,57.1%,14.3%,42.8%,23,R,<a href=https://npb.jp/bis/eng/teams/index_db.html>DeNA</a>,EL
,<a href=https://npb.jp/bis/eng/players/23125159.html>Matsumoto Ryoto</a>,2,0,0,0,0,0,8,2.0,1,0,2,0,0,1,0,0,0,0.00,2.96,2.30,0.50,999,89,62,-2.96,0.0%,25.0%,0.0%,25.0%,23,R,<a href=https://npb.jp/bis/eng/teams/index_db.html>DeNA</a>,EL
,<a href=https://npb.jp/bis/eng/players/93195153.html>Matsumoto Ryunosuke</a>,1,0,0,0,0,0,20,6.0,2,0,8,0,0,0,0,0,0,0.00,0.79,0.80,0.33,999,24,21,-0.79,0.0%,40.0%,0.0%,40.0%,22,L,<a href=https://npb.jp/bis/eng/teams/index_db.html>DeNA</a>,EL
,<a href=https://npb.jp/bis/eng/players/41245137.html>Mishima Kazuki</a>,4,0,0,1,0,0,24,6.0,4,1,5,2,0,0,0,2,2,3.00,4.96,3.55,1.00,85,149,95,-1.96,4.2%,20.8%,8.3%,12.5%,35,R,<a href=https://npb.jp/bis/eng/teams/index_db.html>DeNA</a>,EL
,<a href=https://npb.jp/bis/eng/players/51855138.html>Miyagi Daita</a>,1,0,0,0,0,0,3,1.0,0,0,0,0,0,0,0,0,0,0.00,3.46,4.80,0.00,999,104,129,-3.46,0.0%,0.0%,0.0%,0.0%,24,R,<a href=https://npb.jp/bis/eng/teams/index_db.html>DeNA</a>,EL
,<a href=https://npb.jp/bis/eng/players/01405139.html>Mori Yuito</a>,2,0,1,0,0,0,14,3.2,2,0,2,1,0,0,1,1,0,0.00,3.19,4.09,0.82,999,96,110,-3.19,0.0%,14.3%,7.1%,7.2%,33,R,<a href=https://npb.jp/bis/eng/teams/index_db.html>DeNA</a>,EL
,<a href=https://npb.jp/bis/eng/players/93195134.html>Morihara Kohei</a>,1,0,0,0,0,0,3,1.0,0,0,0,0,0,0,0,0,0,0.00,3.46,4.80,0.00,999,104,129,-3.46,0.0%,0.0%,0.0%,0.0%,33,R,<a href=https://npb.jp/bis/eng/teams/index_db.html>DeNA</a>,EL
,<a href=https://npb.jp/bis/eng/players/63165157.html>Morishita Ryudai</a>,1,0,0,0,0,0,9,2.0,0,0,2,3,0,0,0,0,0,0.00,5.96,5.91,1.50,999,179,158,-5.96,0.0%,22.2%,33.3%,-11.1%,20,L,<a href=https://npb.jp/bis/eng/teams/index_db.html>DeNA</a>,EL
,<a href=https://npb.jp/bis/eng/players/21425153.html>Nakagawa Hayate</a>,1,0,0,0,0,0,3,1.0,0,0,2,0,0,0,0,0,0,0.00,-0.54,-1.87,0.00,999,-16,-50,0.54,0.0%,66.7%,0.0%,66.7%,26,R,<a href=https://npb.jp/bis/eng/teams/index_db.html>DeNA</a>,EL
,<a href=https://npb.jp/bis/eng/players/21225136.html>Nakagawa Koh</a>,1,0,0,0,0,0,3,1.0,1,0,0,0,0,0,0,0,0,0.00,3.46,4.80,1.00,999,104,129,-3.46,0.0%,0.0%,0.0%,0.0%,25,R,<a href=https://npb.jp/bis/eng/teams/index_db.html>DeNA</a>,EL
,<a href=https://npb.jp/bis/eng/players/01305138.html>Ohnuki Shinichi</a>,1,0,1,0,0,0,14,3.0,5,0,1,0,0,0,0,2,1,3.00,2.79,4.09,1.67,85,84,110,0.21,0.0%,7.1%,0.0%,7.1%,31,R,<a href=https://npb.jp/bis/eng/teams/index_db.html>DeNA</a>,EL
,<a href=https://npb.jp/bis/eng/players/11015151.html>Sakamoto Yuya</a>,2,0,0,0,0,0,7,2.0,1,0,1,0,0,0,0,0,0,0.00,2.46,3.37,0.50,999,74,90,-2.46,0.0%,14.3%,0.0%,14.3%,27,L,<a href=https://npb.jp/bis/eng/teams/index_db.html>DeNA</a>,EL
,<a href=https://npb.jp/bis/eng/players/71975134.html>Sasaki Chihaya</a>,1,1,0,0,0,0,6,1.0,3,0,2,0,0,0,0,0,0,0.00,-0.54,1.47,3.00,999,-16,39,0.54,0.0%,33.3%,0.0%,33.3%,31,R,<a href=https://npb.jp/bis/eng/teams/index_db.html>DeNA</a>,EL
,<a href=https://npb.jp/bis/eng/players/81985159.html>Shoji Haruto</a>,2,0,0,0,0,0,34,9.0,6,0,4,3,0,0,0,2,1,1.00,3.57,4.51,1.00,256,107,121,-2.57,0.0%,11.8%,8.8%,3.0%,24,L,<a href=https://npb.jp/bis/eng/teams/index_db.html>DeNA</a>,EL
,<a href=https://npb.jp/bis/eng/players/01905139.html>Taira Kentaro</a>,1,0,0,0,0,0,20,5.0,3,0,5,1,0,0,0,2,0,0.00,2.06,2.80,0.80,999,62,75,-2.06,0.0%,25.0%,5.0%,20.0%,29,R,<a href=https://npb.jp/bis/eng/teams/index_db.html>DeNA</a>,EL
,<a href=https://npb.jp/bis/eng/players/91295159.html>Takeda Riku</a>,1,0,0,0,0,0,7,1.0,2,0,1,1,0,0,0,2,0,0.00,4.46,4.80,3.00,999,134,129,-4.46,0.0%,14.3%,14.3%,0.0%,20,L,<a href=https://npb.jp/bis/eng/teams/index_db.html>DeNA</a>,EL
,<a href=https://npb.jp/bis/eng/players/11415150.html>Takeda Yu</a>,1,0,0,0,0,0,8,1.1,3,0,2,1,0,0,0,1,1,6.75,2.71,3.55,3.00,38,81,95,4.04,0.0%,25.0%,12.5%,12.5%,25,R,<a href=https://npb.jp/bis/eng/teams/index_db.html>DeNA</a>,EL
,<a href=https://npb.jp/bis/eng/players/81285155.html>Tokuyama Souma</a>,3,0,1,0,0,0,15,2.0,3,0,2,6,0,0,0,3,3,13.50,10.46,7.47,4.50,19,314,200,3.04,0.0%,13.3%,40.0%,-26.7%,26,R,<a href=https://npb.jp/bis/eng/teams/index_db.html>DeNA</a>,EL
,<a href=https://npb.jp/bis/eng/players/63365150.html>Wakamatsu Naoki</a>,1,0,0,0,0,0,4,1.0,1,0,1,0,0,0,0,0,0,0.00,1.46,2.30,1.00,999,44,62,-1.46,0.0%,25.0%,0.0%,25.0%,25,R,<a href=https://npb.jp/bis/eng/teams/index_db.html>DeNA</a>,EL
,<a href=https://npb.jp/bis/eng/players/03505159.html>Wick Rowan</a>,1,0,0,0,0,0,5,1.0,2,0,1,0,0,0,0,1,0,0.00,1.46,2.80,2.00,999,44,75,-1.46,0.0%,20.0%,0.0%,20.0%,32,R,<a href=https://npb.jp/bis/eng/teams/index_db.html>DeNA</a>,EL
,<a href=https://npb.jp/bis/eng/players/33535157.html>Yoshino Teruki</a>,2,1,1,0,0,0,43,8.1,15,0,7,3,0,1,1,10,10,10.80,3.22,3.87,2.16,24,97,104,7.58,0.0%,16.3%,7.0%,9.3%,26,R,<a href=https://npb.jp/bis/eng/teams/index_db.html>DeNA</a>,EL
,<a href=https://npb.jp/bis/eng/players/51155155.html>Akahoshi Yuji</a>,2,1,0,0,0,0,11,3.0,1,0,2,1,0,0,0,0,0,0.00,3.13,3.89,0.67,999,95,104,-3.13,0.0%,18.2%,9.1%,9.1%,25,R,<a href=https://npb.jp/bis/eng/teams/index_g.html>Yomiuri</a>,EL
,<a href=https://npb.jp/bis/eng/players/41445136.html>Baba Kosuke</a>,4,0,0,1,0,0,13,4.0,0,0,2,1,0,0,0,0,0,0.00,3.21,4.03,0.25,999,98,108,-3.21,0.0%,15.4%,7.7%,7.7%,30,R,<a href=https://npb.jp/bis/eng/teams/index_g.html>Yomiuri</a>,EL
,<a href=https://npb.jp/bis/eng/players/21825153.html>Heinai Ryuta</a>,1,0,0,0,0,0,4,1.0,1,0,1,0,0,0,0,0,0,0.00,1.46,2.30,1.00,999,45,62,-1.46,0.0%,25.0%,0.0%,25.0%,26,R,<a href=https://npb.jp/bis/eng/teams/index_g.html>Yomiuri</a>,EL
,<a href=https://npb.jp/bis/eng/players/31335135.html>Imamura Nobutaka</a>,3,0,0,1,0,0,18,4.0,5,0,5,0,0,1,0,1,1,2.25,1.71,2.02,1.25,112,52,54,0.54,0.0%,27.8%,0.0%,27.8%,31,L,<a href=https://npb.jp/bis/eng/teams/index_g.html>Yomiuri</a>,EL
,<a href=https://npb.jp/bis/eng/players/51355151.html>Inoue Haruto</a>,1,0,0,0,0,0,10,3.0,2,0,1,0,0,0,0,0,0,0.00,2.79,3.80,0.67,999,85,102,-2.79,0.0%,10.0%,0.0%,10.0%,24,L,<a href=https://npb.jp/bis/eng/teams/index_g.html>Yomiuri</a>,EL
,<a href=https://npb.jp/bis/eng/players/73975155.html>Keller Kyle</a>,1,0,0,0,0,0,3,1.0,0,0,0,0,0,0,0,0,0,0.00,3.46,4.80,0.00,999,105,129,-3.46,0.0%,0.0%,0.0%,0.0%,32,R,<a href=https://npb.jp/bis/eng/teams/index_g.html>Yomiuri</a>,EL
,<a href=https://npb.jp/bis/eng/players/33135159.html>Mataki Teppei</a>,2,1,0,0,0,0,42,10.0,9,0,3,3,0,0,0,2,2,1.80,3.76,4.80,1.20,140,115,129,-1.96,0.0%,7.1%,7.1%,0.0%,26,L,<a href=https://npb.jp/bis/eng/teams/index_g.html>Yomiuri</a>,EL
,<a href=https://npb.jp/bis/eng/players/01805157.html>Matsui Hayate</a>,4,1,1,0,0,0,34,8.0,7,0,5,1,0,3,0,4,4,4.50,3.71,3.62,1.00,56,113,97,0.79,0.0%,14.7%,2.9%,11.8%,24,R,<a href=https://npb.jp/bis/eng/teams/index_g.html>Yomiuri</a>,EL
,<a href=https://npb.jp/bis/eng/players/13115150.html>Miyahara Shunsuke</a>,2,0,0,0,0,0,8,2.0,1,0,0,2,0,0,1,0,0,0.00,6.46,7.30,1.50,999,197,196,-6.46,0.0%,0.0%,25.0%,-25.0%,22,L,<a href=https://npb.jp/bis/eng/teams/index_g.html>Yomiuri</a>,EL
,<a href=https://npb.jp/bis/eng/players/43345159.html>Morita Shunya</a>,1,0,0,0,0,0,13,3.0,4,0,2,1,0,0,0,1,1,3.00,3.13,4.03,1.67,84,95,108,-0.13,0.0%,15.4%,7.7%,7.7%,28,L,<a href=https://npb.jp/bis/eng/teams/index_g.html>Yomiuri</a>,EL
,<a href=https://npb.jp/bis/eng/players/81285132.html>Nakagawa Kota</a>,5,0,1,0,0,0,18,5.0,3,1,3,0,0,0,0,2,2,3.60,4.86,3.13,0.60,70,148,84,-1.26,5.6%,16.7%,0.0%,16.7%,31,L,<a href=https://npb.jp/bis/eng/teams/index_g.html>Yomiuri</a>,EL
,<a href=https://npb.jp/bis/eng/players/31635159.html>Nishidate Yuhi</a>,2,1,0,0,0,0,36,9.0,7,0,7,1,0,0,1,1,1,1.00,2.24,3.13,0.89,252,68,84,-1.24,0.0%,19.4%,2.8%,16.6%,23,R,<a href=https://npb.jp/bis/eng/teams/index_g.html>Yomiuri</a>,EL
,<a href=https://npb.jp/bis/eng/players/71375134.html>Ohe Ryusei</a>,3,0,0,0,0,0,22,5.0,5,0,3,2,0,0,1,2,1,1.80,3.46,4.35,1.40,140,105,117,-1.66,0.0%,13.6%,9.1%,4.5%,26,L,<a href=https://npb.jp/bis/eng/teams/index_g.html>Yomiuri</a>,EL
,<a href=https://npb.jp/bis/eng/players/01005136.html>Takahashi Rei</a>,2,1,0,0,0,0,29,6.0,8,1,3,2,0,2,0,8,7,10.50,6.63,4.46,1.67,24,202,120,3.87,3.4%,10.3%,6.9%,3.4%,29,R,<a href=https://npb.jp/bis/eng/teams/index_g.html>Yomiuri</a>,EL
,<a href=https://npb.jp/bis/eng/players/91095134.html>Takanashi Yuhei</a>,1,0,0,0,0,0,3,1.0,0,0,1,0,0,0,0,0,0,0.00,1.46,1.47,0.00,999,45,39,-1.46,0.0%,33.3%,0.0%,33.3%,32,L,<a href=https://npb.jp/bis/eng/teams/index_g.html>Yomiuri</a>,EL
,<a href=https://npb.jp/bis/eng/players/41045157.html>Tamura Tomoki</a>,2,1,1,0,0,0,19,4.0,3,0,4,3,0,0,0,2,0,0.00,3.71,4.27,1.50,999,113,114,-3.71,0.0%,21.1%,15.8%,5.3%,21,R,<a href=https://npb.jp/bis/eng/teams/index_g.html>Yomiuri</a>,EL
,<a href=https://npb.jp/bis/eng/players/11215114.html>Tanaka Masahiro</a>,2,0,0,0,0,0,42,9.0,10,0,3,4,0,0,0,2,1,1.00,4.13,5.04,1.56,252,126,135,-3.13,0.0%,7.1%,9.5%,-2.4%,36,R,<a href=https://npb.jp/bis/eng/teams/index_g.html>Yomiuri</a>,EL
,<a href=https://npb.jp/bis/eng/players/91495153.html>Toda Natsuki</a>,4,1,0,0,0,0,31,8.0,6,0,7,2,0,0,0,2,1,1.13,2.46,3.19,1.00,223,75,86,-1.33,0.0%,22.6%,6.5%,16.1%,24,R,<a href=https://npb.jp/bis/eng/teams/index_g.html>Yomiuri</a>,EL
,<a href=https://npb.jp/bis/eng/players/03305153.html>Yamasaki Iori</a>,1,0,0,0,0,0,16,4.0,5,0,3,0,0,0,0,1,1,2.25,1.96,2.92,1.25,112,60,78,0.29,0.0%,18.8%,0.0%,18.8%,26,R,<a href=https://npb.jp/bis/eng/teams/index_g.html>Yomiuri</a>,EL
,<a href=https://npb.jp/bis/eng/players/81885138.html>Yokogawa Kai</a>,1,1,0,0,0,0,27,7.0,6,0,4,1,0,0,0,0,0,0.00,2.75,3.69,1.00,999,84,99,-2.75,0.0%,14.8%,3.7%,11.1%,24,L,<a href=https://npb.jp/bis/eng/teams/index_g.html>Yomiuri</a>,EL
,<a href=https://npb.jp/bis/eng/players/73075150.html>Avila Pedro</a>,2,0,0,0,0,0,22,4.0,3,0,2,6,0,1,0,1,1,2.25,7.71,6.62,2.25,118,224,177,-5.46,0.0%,9.1%,27.3%,-18.2%,28,R,<a href=https://npb.jp/bis/eng/teams/index_s.html>Yakult</a>,EL
,<a href=https://npb.jp/bis/eng/players/31635132.html>Hara Juri</a>,2,0,0,0,0,0,10,2.0,5,0,0,0,0,0,0,2,2,9.00,3.46,4.80,2.50,29,100,129,5.54,0.0%,0.0%,0.0%,0.0%,31,R,<a href=https://npb.jp/bis/eng/teams/index_s.html>Yakult</a>,EL
,<a href=https://npb.jp/bis/eng/players/11815150.html>Hirosawa Yu</a>,1,0,0,0,0,0,4,1.0,2,0,0,0,0,0,0,0,0,0.00,3.46,4.80,2.00,999,100,129,-3.46,0.0%,0.0%,0.0%,0.0%,24,R,<a href=https://npb.jp/bis/eng/teams/index_s.html>Yakult</a>,EL
,<a href=https://npb.jp/bis/eng/players/11815134.html>Hoshi Tomoya</a>,2,0,0,0,0,0,8,2.0,0,0,2,2,0,0,0,0,0,0.00,4.46,4.80,1.00,999,129,129,-4.46,0.0%,25.0%,25.0%,0.0%,31,R,<a href=https://npb.jp/bis/eng/teams/index_s.html>Yakult</a>,EL
,<a href=https://npb.jp/bis/eng/players/11315115.html>Ishikawa Masanori</a>,1,1,0,0,0,0,19,5.0,4,2,5,1,0,0,0,2,2,3.60,7.26,2.69,1.00,74,210,72,-3.66,10.5%,26.3%,5.3%,21.0%,45,L,<a href=https://npb.jp/bis/eng/teams/index_s.html>Yakult</a>,EL
,<a href=https://npb.jp/bis/eng/players/01705132.html>Kozawa Reiji</a>,2,1,0,0,0,0,7,2.0,1,0,1,0,0,0,0,0,0,0.00,2.46,3.37,0.50,999,71,90,-2.46,0.0%,14.3%,0.0%,14.3%,27,R,<a href=https://npb.jp/bis/eng/teams/index_s.html>Yakult</a>,EL
,<a href=https://npb.jp/bis/eng/players/93995150.html>Lambert Peter</a>,1,0,0,1,0,0,10,3.0,1,0,4,0,0,0,0,0,0,0.00,0.79,0.80,0.33,999,23,21,-0.79,0.0%,40.0%,0.0%,40.0%,28,R,<a href=https://npb.jp/bis/eng/teams/index_s.html>Yakult</a>,EL
,<a href=https://npb.jp/bis/eng/players/43145153.html>Maruyama Shota</a>,3,0,1,0,0,0,14,2.1,4,0,1,2,0,0,1,3,2,7.71,5.17,5.51,2.57,34,150,148,2.54,0.0%,7.1%,14.3%,-7.2%,26,R,<a href=https://npb.jp/bis/eng/teams/index_s.html>Yakult</a>,EL
,<a href=https://npb.jp/bis/eng/players/51855151.html>Miyagawa Tetsu</a>,2,0,0,0,0,0,10,2.0,2,1,2,2,0,0,0,3,3,13.50,10.96,4.80,2.00,20,318,129,2.54,10.0%,20.0%,20.0%,0.0%,29,R,<a href=https://npb.jp/bis/eng/teams/index_s.html>Yakult</a>,EL
,Nishihama Yuhsei,2,0,0,0,0,0,7,2.0,1,0,3,0,0,0,0,0,0,0.00,0.46,0.51,0.50,999,13,14,-0.46,0.0%,42.9%,0.0%,42.9%,22,R,<a href=https://npb.jp/bis/eng/teams/index_s.html>Yakult</a>,EL
,<a href=https://npb.jp/bis/eng/players/61265138.html>Numata Shohei</a>,3,0,0,0,0,0,11,3.0,2,0,0,0,0,0,0,0,0,0.00,3.46,4.80,0.67,999,100,129,-3.46,0.0%,0.0%,0.0%,0.0%,25,R,<a href=https://npb.jp/bis/eng/teams/index_s.html>Yakult</a>,EL
,<a href=https://npb.jp/bis/eng/players/11515137.html>Ogawa Yasuhiro</a>,2,1,0,0,0,0,37,11.0,5,0,8,0,0,0,0,0,0,0.00,2.01,2.64,0.45,999,58,71,-2.01,0.0%,21.6%,0.0%,21.6%,35,R,<a href=https://npb.jp/bis/eng/teams/index_s.html>Yakult</a>,EL
,<a href=https://npb.jp/bis/eng/players/41545151.html>Ohnishi Hiroki</a>,3,0,0,2,0,0,9,3.0,0,0,1,1,0,0,0,0,0,0.00,3.79,4.80,0.33,999,110,129,-3.79,0.0%,11.1%,11.1%,0.0%,27,R,<a href=https://npb.jp/bis/eng/teams/index_s.html>Yakult</a>,EL
,<a href=https://npb.jp/bis/eng/players/81785157.html>Sakamoto Takumi</a>,1,0,1,0,0,0,5,1.0,2,0,0,0,0,0,1,1,1,9.00,3.46,4.80,2.00,29,100,129,5.54,0.0%,0.0%,0.0%,0.0%,20,L,<a href=https://npb.jp/bis/eng/teams/index_s.html>Yakult</a>,EL
,<a href=https://npb.jp/bis/eng/players/61965155.html>Satoh Takuma</a>,2,0,0,0,0,0,6,1.1,1,0,3,0,0,0,1,0,0,0.00,-1.04,-0.20,0.75,999,-30,-5,1.04,0.0%,50.0%,0.0%,50.0%,25,L,<a href=https://npb.jp/bis/eng/teams/index_s.html>Yakult</a>,EL
,Shimokawa Shunsuke,1,0,0,0,0,0,18,5.0,4,0,4,1,0,0,0,0,0,0.00,2.46,3.13,1.00,999,71,84,-2.46,0.0%,22.2%,5.6%,16.6%,25,R,<a href=https://npb.jp/bis/eng/teams/index_s.html>Yakult</a>,EL
,<a href=https://npb.jp/bis/eng/players/51755136.html>Suzuki Kohei</a>,1,0,1,0,0,0,18,4.0,4,1,4,2,0,0,0,4,4,9.00,6.21,3.69,1.50,29,180,99,2.79,5.6%,22.2%,11.1%,11.1%,31,R,<a href=https://npb.jp/bis/eng/teams/index_s.html>Yakult</a>,EL
,<a href=https://npb.jp/bis/eng/players/21925139.html>Takanashi Hirotoshi</a>,2,0,0,0,0,0,39,9.2,8,0,13,2,0,0,0,1,1,0.93,1.39,1.98,1.03,285,40,53,-0.46,0.0%,33.3%,5.1%,28.2%,34,R,<a href=https://npb.jp/bis/eng/teams/index_s.html>Yakult</a>,EL
,<a href=https://npb.jp/bis/eng/players/91295155.html>Takeyama Hyuga</a>,2,0,1,0,0,0,14,3.0,1,0,3,4,0,0,0,1,1,3.00,5.46,5.51,1.67,88,158,148,-2.46,0.0%,21.4%,28.6%,-7.2%,21,R,<a href=https://npb.jp/bis/eng/teams/index_s.html>Yakult</a>,EL
,<a href=https://npb.jp/bis/eng/players/63365153.html>Yamano Taichi</a>,2,1,0,0,0,0,26,8.0,4,0,7,1,0,0,0,0,0,0.00,2.08,2.49,0.62,999,60,67,-2.08,0.0%,26.9%,3.8%,23.1%,26,L,<a href=https://npb.jp/bis/eng/teams/index_s.html>Yakult</a>,EL
,<a href=https://npb.jp/bis/eng/players/33535155.html>Yamashita Hikaru</a>,1,0,0,0,0,0,3,1.0,0,0,1,0,0,0,0,0,0,0.00,1.46,1.47,0.00,999,42,39,-1.46,0.0%,33.3%,0.0%,33.3%,25,L,<a href=https://npb.jp/bis/eng/teams/index_s.html>Yakult</a>,EL
,<a href=https://npb.jp/bis/eng/players/71575134.html>Yasaki Takuya</a>,2,0,0,1,0,0,12,2.0,5,0,0,1,0,0,0,4,4,18.00,4.96,5.63,3.00,15,144,151,13.04,0.0%,0.0%,8.3%,-8.3%,30,R,<a href=https://npb.jp/bis/eng/teams/index_s.html>Yakult</a>,EL
,<a href=https://npb.jp/bis/eng/players/21625134.html>Fujishima Kento</a>,3,0,0,0,0,0,11,2.1,1,0,2,1,0,0,1,3,0,0.00,3.03,3.89,0.86,999,89,104,-3.03,0.0%,18.2%,9.1%,9.1%,27,R,<a href=https://npb.jp/bis/eng/teams/index_d.html>Chunichi</a>,WL
,<a href=https://npb.jp/bis/eng/players/41645132.html>Fuku Hiroto</a>,4,0,0,1,0,0,10,3.2,0,0,2,0,0,0,0,0,0,0.00,2.37,2.80,0.00,999,70,75,-2.37,0.0%,20.0%,0.0%,20.0%,33,L,<a href=https://npb.jp/bis/eng/teams/index_d.html>Chunichi</a>,WL
,<a href=https://npb.jp/bis/eng/players/31835159.html>Fukuda Konosuke</a>,1,0,0,0,0,0,14,2.1,3,0,3,4,0,0,0,3,3,11.57,6.03,5.51,3.00,23,177,148,5.54,0.0%,21.4%,28.6%,-7.2%,19,L,<a href=https://npb.jp/bis/eng/teams/index_d.html>Chunichi</a>,WL
,<a href=https://npb.jp/bis/eng/players/51655159.html>Habu Shohta</a>,2,0,0,0,0,0,47,11.0,11,0,6,6,0,0,1,3,3,2.45,4.01,4.80,1.55,107,118,129,-1.56,0.0%,12.8%,12.8%,0.0%,24,R,<a href=https://npb.jp/bis/eng/teams/index_d.html>Chunichi</a>,WL
,<a href=https://npb.jp/bis/eng/players/21425151.html>Hashimoto Yuki</a>,1,0,0,0,0,0,3,1.0,0,0,1,0,0,0,0,0,0,0.00,1.46,1.47,0.00,999,43,39,-1.46,0.0%,33.3%,0.0%,33.3%,27,L,<a href=https://npb.jp/bis/eng/teams/index_d.html>Chunichi</a>,WL
,<a href=https://npb.jp/bis/eng/players/21125136.html>Ishikawa Sho</a>,2,0,0,0,0,0,13,2.2,4,0,1,2,0,0,0,2,2,6.75,4.96,5.57,2.25,39,146,149,1.79,0.0%,7.7%,15.4%,-7.7%,25,R,<a href=https://npb.jp/bis/eng/teams/index_d.html>Chunichi</a>,WL
,<a href=https://npb.jp/bis/eng/players/61165157.html>Itoh Mao</a>,4,1,0,0,0,0,18,4.0,1,0,4,5,0,0,1,1,1,2.25,5.21,5.36,1.50,116,153,144,-2.96,0.0%,22.2%,27.8%,-5.6%,24,R,<a href=https://npb.jp/bis/eng/teams/index_d.html>Chunichi</a>,WL
,<a href=https://npb.jp/bis/eng/players/31335116.html>Iwasaki Sho</a>,1,0,0,1,0,0,5,1.0,2,0,1,0,0,0,0,0,0,0.00,1.46,2.80,2.00,999,43,75,-1.46,0.0%,20.0%,0.0%,20.0%,35,R,<a href=https://npb.jp/bis/eng/teams/index_d.html>Chunichi</a>,WL
,<a href=https://npb.jp/bis/eng/players/61565150.html>Kanemaru Yumeto</a>,1,0,0,0,0,0,3,1.0,0,0,1,0,0,0,0,0,0,0.00,1.46,1.47,0.00,999,43,39,-1.46,0.0%,33.3%,0.0%,33.3%,22,L,<a href=https://npb.jp/bis/eng/teams/index_d.html>Chunichi</a>,WL
,<a href=https://npb.jp/bis/eng/players/21525138.html>Katsuno Akiyoshi</a>,2,0,0,0,0,0,8,2.0,1,0,1,1,0,0,0,0,0,0.00,3.96,4.80,1.00,999,117,129,-3.96,0.0%,12.5%,12.5%,0.0%,28,R,<a href=https://npb.jp/bis/eng/teams/index_d.html>Chunichi</a>,WL
,<a href=https://npb.jp/bis/eng/players/11015153.html>Kondo Ren</a>,2,2,0,0,0,0,7,2.1,0,0,1,0,0,0,0,1,0,0.00,2.60,3.37,0.00,999,77,90,-2.60,0.0%,14.3%,0.0%,14.3%,26,L,<a href=https://npb.jp/bis/eng/teams/index_d.html>Chunichi</a>,WL
,<a href=https://npb.jp/bis/eng/players/13015150.html>Marte Yunior</a>,1,0,0,0,0,0,4,1.0,1,0,3,0,0,0,0,0,0,0.00,-2.54,-2.70,1.00,999,-75,-72,2.54,0.0%,75.0%,0.0%,75.0%,30,R,<a href=https://npb.jp/bis/eng/teams/index_d.html>Chunichi</a>,WL
,<a href=https://npb.jp/bis/eng/players/33935150.html>Martinez Randy</a>,1,0,1,0,0,0,12,2.0,2,0,0,4,0,1,0,3,3,13.50,10.96,8.13,3.00,19,322,218,2.54,0.0%,0.0%,33.3%,-33.3%,21,L,<a href=https://npb.jp/bis/eng/teams/index_d.html>Chunichi</a>,WL
,<a href=https://npb.jp/bis/eng/players/21225137.html>Matsuba Takahiro</a>,1,0,0,0,0,0,7,2.0,3,0,0,0,0,0,0,0,0,0.00,3.46,4.80,1.50,999,102,129,-3.46,0.0%,0.0%,0.0%,0.0%,34,L,<a href=https://npb.jp/bis/eng/teams/index_d.html>Chunichi</a>,WL
,<a href=https://npb.jp/bis/eng/players/93295157.html>Mejia Humberto</a>,2,1,0,0,0,0,47,11.0,9,1,9,4,0,1,1,2,2,1.64,4.37,3.74,1.18,159,129,100,-2.73,2.1%,19.1%,8.5%,10.6%,28,R,<a href=https://npb.jp/bis/eng/teams/index_d.html>Chunichi</a>,WL
,<a href=https://npb.jp/bis/eng/players/23125155.html>Miura Mizuki</a>,1,1,0,0,0,0,25,7.0,3,0,3,2,0,0,1,1,1,1.29,3.46,4.40,0.71,202,102,118,-2.17,0.0%,12.0%,8.0%,4.0%,25,L,<a href=https://npb.jp/bis/eng/teams/index_d.html>Chunichi</a>,WL
,<a href=https://npb.jp/bis/eng/players/33335157.html>Moriyama Akio</a>,2,0,0,0,0,0,12,3.0,3,0,1,1,0,0,0,1,1,3.00,3.79,4.80,1.33,87,112,129,-0.79,0.0%,8.3%,8.3%,0.0%,20,L,<a href=https://npb.jp/bis/eng/teams/index_d.html>Chunichi</a>,WL
,<a href=https://npb.jp/bis/eng/players/41245157.html>Nakachi Reia</a>,1,1,0,0,0,0,29,6.1,7,0,9,3,0,0,1,1,1,1.42,2.04,2.73,1.58,184,60,73,-0.62,0.0%,31.0%,10.3%,20.7%,24,R,<a href=https://npb.jp/bis/eng/teams/index_d.html>Chunichi</a>,WL
,<a href=https://npb.jp/bis/eng/players/81285138.html>Neo Akira</a>,4,1,0,0,0,0,16,3.2,3,0,2,1,0,1,0,0,0,0.00,4.01,4.18,1.09,999,118,112,-4.01,0.0%,12.5%,6.2%,6.3%,25,R,<a href=https://npb.jp/bis/eng/teams/index_d.html>Chunichi</a>,WL
,<a href=https://npb.jp/bis/eng/players/41445157.html>Nonaka Tento</a>,1,0,0,0,0,0,10,2.0,3,0,0,1,0,0,0,1,1,4.50,4.96,5.80,2.00,58,146,155,-0.46,0.0%,0.0%,10.0%,-10.0%,20,L,<a href=https://npb.jp/bis/eng/teams/index_d.html>Chunichi</a>,WL
,<a href=https://npb.jp/bis/eng/players/11515133.html>Ohno Yudai</a>,1,0,1,0,0,0,30,7.0,9,2,2,1,0,0,0,5,5,6.43,7.03,4.47,1.43,41,207,120,-0.60,6.7%,6.7%,3.3%,3.4%,36,L,<a href=https://npb.jp/bis/eng/teams/index_d.html>Chunichi</a>,WL
,<a href=https://npb.jp/bis/eng/players/11515131.html>Okada Toshiya</a>,1,0,0,0,0,0,19,5.0,5,0,2,0,0,0,0,0,0,0.00,2.66,3.75,1.00,999,78,101,-2.66,0.0%,10.5%,0.0%,10.5%,33,L,<a href=https://npb.jp/bis/eng/teams/index_d.html>Chunichi</a>,WL
,<a href=https://npb.jp/bis/eng/players/51355134.html>Umeno Yugo</a>,4,0,0,1,0,0,13,4.0,1,0,6,1,0,0,0,0,0,0.00,1.21,0.95,0.50,999,36,25,-1.21,0.0%,46.2%,7.7%,38.5%,26,R,<a href=https://npb.jp/bis/eng/teams/index_d.html>Chunichi</a>,WL
,<a href=https://npb.jp/bis/eng/players/31635110.html>Wakui Hideaki</a>,1,1,0,0,0,0,22,6.0,2,0,3,2,0,0,0,0,0,0.00,3.46,4.35,0.67,999,102,117,-3.46,0.0%,13.6%,9.1%,4.5%,39,R,<a href=https://npb.jp/bis/eng/teams/index_d.html>Chunichi</a>,WL
,<a href=https://npb.jp/bis/eng/players/63965150.html>Walters Nash</a>,4,0,0,2,0,0,17,4.0,4,0,5,1,0,0,0,1,1,2.25,1.71,2.45,1.25,116,50,66,0.54,0.0%,29.4%,5.9%,23.5%,28,R,<a href=https://npb.jp/bis/eng/teams/index_d.html>Chunichi</a>,WL
,<a href=https://npb.jp/bis/eng/players/63165134.html>Yanagi Yuya</a>,1,1,0,0,0,0,20,6.0,2,0,7,0,0,0,0,0,0,0.00,1.13,1.30,0.33,999,33,35,-1.13,0.0%,35.0%,0.0%,35.0%,31,R,<a href=https://npb.jp/bis/eng/teams/index_d.html>Chunichi</a>,WL
,<a href=https://npb.jp/bis/eng/players/93395150.html>Yoshida Seiya</a>,1,0,0,0,0,0,29,6.2,6,0,5,2,0,0,2,5,5,6.75,2.86,3.77,1.20,39,84,101,3.89,0.0%,17.2%,6.9%,10.3%,23,L,<a href=https://npb.jp/bis/eng/teams/index_d.html>Chunichi</a>,WL
,<a href=https://npb.jp/bis/eng/players/01105153.html>Abe Shota</a>,5,0,0,1,0,0,20,5.0,5,1,1,0,0,0,3,3,3,5.40,5.66,4.30,1.00,45,178,115,-0.26,5.0%,5.0%,0.0%,5.0%,32,R,<a href=https://npb.jp/bis/eng/teams/index_b.html>ORIX</a>,WL
,<a href=https://npb.jp/bis/eng/players/71175159.html>Ashida Taketo</a>,1,1,0,0,0,0,14,4.0,2,0,2,1,0,0,0,0,0,0.00,3.21,4.09,0.75,999,101,110,-3.21,0.0%,14.3%,7.1%,7.2%,25,R,<a href=https://npb.jp/bis/eng/teams/index_b.html>ORIX</a>,WL
,<a href=https://npb.jp/bis/eng/players/71175136.html>Azuma Kohei</a>,2,0,0,0,0,0,24,5.0,6,0,6,1,0,0,0,3,2,3.60,1.66,2.72,1.40,68,52,73,1.94,0.0%,25.0%,4.2%,20.8%,25,R,<a href=https://npb.jp/bis/eng/teams/index_b.html>ORIX</a>,WL
,<a href=https://npb.jp/bis/eng/players/43545159.html>Espinoza Anderson</a>,1,0,0,0,0,0,17,4.0,4,0,3,2,0,0,0,0,0,0.00,3.46,4.21,1.50,999,109,113,-3.46,0.0%,17.6%,11.8%,5.8%,27,R,<a href=https://npb.jp/bis/eng/teams/index_b.html>ORIX</a>,WL
,<a href=https://npb.jp/bis/eng/players/61765159.html>Gonda Ryusei</a>,4,0,0,0,0,0,17,4.2,0,0,6,2,0,1,0,0,0,0.00,2.82,2.45,0.43,999,89,66,-2.82,0.0%,35.3%,11.8%,23.5%,25,R,<a href=https://npb.jp/bis/eng/teams/index_b.html>ORIX</a>,WL
,<a href=https://npb.jp/bis/eng/players/61665136.html>Honda Hitomi</a>,4,0,0,0,0,0,22,4.0,6,0,5,4,0,0,1,5,3,6.75,3.96,4.35,2.50,36,125,117,2.79,0.0%,22.7%,18.2%,4.5%,25,R,<a href=https://npb.jp/bis/eng/teams/index_b.html>ORIX</a>,WL
,<a href=https://npb.jp/bis/eng/players/31835132.html>Honda Keisuke</a>,2,0,0,0,0,0,9,2.0,3,0,0,0,0,0,0,1,1,4.50,3.46,4.80,1.50,54,109,129,1.04,0.0%,0.0%,0.0%,0.0%,32,R,<a href=https://npb.jp/bis/eng/teams/index_b.html>ORIX</a>,WL
,<a href=https://npb.jp/bis/eng/players/31335132.html>Iguchi Kazutomo</a>,5,0,0,0,0,0,17,4.0,3,0,1,0,0,2,0,1,0,0.00,4.46,4.21,0.75,999,140,113,-4.46,0.0%,5.9%,0.0%,5.9%,31,R,<a href=https://npb.jp/bis/eng/teams/index_b.html>ORIX</a>,WL
,<a href=https://npb.jp/bis/eng/players/31335157.html>Iriyama Kaito</a>,2,0,0,0,0,0,9,2.2,1,0,3,1,0,0,0,0,0,0.00,2.33,2.58,0.75,999,73,69,-2.33,0.0%,33.3%,11.1%,22.2%,25,R,<a href=https://npb.jp/bis/eng/teams/index_b.html>ORIX</a>,WL
,<a href=https://npb.jp/bis/eng/players/01505150.html>Katayama Raiku</a>,2,0,0,0,0,0,25,7.0,3,0,5,1,0,0,0,1,1,1.29,2.46,3.20,0.57,189,77,86,-1.17,0.0%,20.0%,4.0%,16.0%,22,R,<a href=https://npb.jp/bis/eng/teams/index_b.html>ORIX</a>,WL
,<a href=https://npb.jp/bis/eng/players/41745153.html>Kawase Kento</a>,2,0,1,0,0,0,15,3.1,5,0,3,2,0,0,0,3,2,5.40,3.46,4.13,2.10,45,109,111,1.94,0.0%,20.0%,13.3%,6.7%,23,R,<a href=https://npb.jp/bis/eng/teams/index_b.html>ORIX</a>,WL
,<a href=https://npb.jp/bis/eng/players/63165159.html>Miyaguni Riku</a>,1,0,1,0,0,0,12,2.1,2,0,0,3,0,0,0,2,2,7.71,7.32,7.30,2.14,32,230,196,0.39,0.0%,0.0%,25.0%,-25.0%,19,R,<a href=https://npb.jp/bis/eng/teams/index_b.html>ORIX</a>,WL
,<a href=https://npb.jp/bis/eng/players/33335155.html>Mukunoki Ren</a>,1,0,0,0,0,0,3,1.0,0,0,1,0,0,0,0,0,0,0.00,1.46,1.47,0.00,999,46,39,-1.46,0.0%,33.3%,0.0%,33.3%,25,R,<a href=https://npb.jp/bis/eng/teams/index_b.html>ORIX</a>,WL
,<a href=https://npb.jp/bis/eng/players/41845151.html>Muranishi Ryota</a>,3,0,0,0,0,0,17,4.0,4,0,2,1,0,0,0,1,1,2.25,3.21,4.21,1.25,109,101,113,-0.96,0.0%,11.8%,5.9%,5.9%,28,R,<a href=https://npb.jp/bis/eng/teams/index_b.html>ORIX</a>,WL
,<a href=https://npb.jp/bis/eng/players/61365159.html>Ohe Kaito</a>,2,0,0,0,0,0,8,2.0,2,0,0,1,0,0,0,1,0,0.00,4.96,6.05,1.50,999,156,162,-4.96,0.0%,0.0%,12.5%,-12.5%,25,L,<a href=https://npb.jp/bis/eng/teams/index_b.html>ORIX</a>,WL
,<a href=https://npb.jp/bis/eng/players/81385134.html>Ono Taiki</a>,3,0,1,0,0,0,13,2.1,3,0,3,4,0,0,0,2,1,3.86,6.03,5.57,3.00,63,190,149,-2.17,0.0%,23.1%,30.8%,-7.7%,31,R,<a href=https://npb.jp/bis/eng/teams/index_b.html>ORIX</a>,WL
,<a href=https://npb.jp/bis/eng/players/21725157.html>Saiki Kaito</a>,5,0,1,1,0,0,18,4.1,2,0,4,4,2,0,0,3,2,4.15,4.38,4.80,1.38,59,138,129,-0.23,0.0%,22.2%,22.2%,0.0%,25,R,<a href=https://npb.jp/bis/eng/teams/index_b.html>ORIX</a>,WL
,<a href=https://npb.jp/bis/eng/players/41745157.html>Saito Kyosuke</a>,2,0,1,0,0,0,34,9.0,7,2,5,1,0,0,0,5,5,5.00,5.57,3.62,0.89,49,175,97,-0.57,5.9%,14.7%,2.9%,11.8%,20,R,<a href=https://npb.jp/bis/eng/teams/index_b.html>ORIX</a>,WL
,<a href=https://npb.jp/bis/eng/players/51055151.html>Satoh Kazuma</a>,3,2,0,0,0,0,69,17.0,11,0,12,9,0,1,0,2,2,1.06,3.81,4.37,1.18,230,120,117,-2.75,0.0%,17.4%,13.0%,4.4%,24,L,<a href=https://npb.jp/bis/eng/teams/index_b.html>ORIX</a>,WL
,<a href=https://npb.jp/bis/eng/players/81985157.html>Sotani Ryuhei</a>,1,0,0,0,0,0,22,6.0,1,0,6,2,0,0,0,0,0,0.00,2.46,2.98,0.50,999,77,80,-2.46,0.0%,27.3%,9.1%,18.2%,24,L,<a href=https://npb.jp/bis/eng/teams/index_b.html>ORIX</a>,WL
,<a href=https://npb.jp/bis/eng/players/61965136.html>Suzuki Hiroshi</a>,1,1,0,0,0,0,4,1.0,1,0,0,0,0,0,0,0,0,0.00,3.46,4.80,1.00,999,109,129,-3.46,0.0%,0.0%,0.0%,0.0%,28,R,<a href=https://npb.jp/bis/eng/teams/index_b.html>ORIX</a>,WL
,<a href=https://npb.jp/bis/eng/players/41045136.html>Tajima Daiki</a>,2,0,1,0,0,0,23,6.0,5,0,4,0,0,0,0,1,1,1.50,2.13,3.06,0.83,163,67,82,-0.63,0.0%,17.4%,0.0%,17.4%,28,L,<a href=https://npb.jp/bis/eng/teams/index_b.html>ORIX</a>,WL
,<a href=https://npb.jp/bis/eng/players/61065159.html>Takashima Taito</a>,1,0,0,0,0,0,6,1.0,1,0,1,1,0,0,0,0,0,0.00,4.46,4.80,2.00,999,140,129,-4.46,0.0%,16.7%,16.7%,0.0%,25,R,<a href=https://npb.jp/bis/eng/teams/index_b.html>ORIX</a>,WL
,<a href=https://npb.jp/bis/eng/players/61465150.html>Teranishi Naruki</a>,2,0,1,0,0,0,29,7.1,7,0,3,1,0,0,0,4,2,2.45,3.05,4.11,1.09,100,96,110,-0.60,0.0%,10.3%,3.4%,6.9%,22,R,<a href=https://npb.jp/bis/eng/teams/index_b.html>ORIX</a>,WL
,<a href=https://npb.jp/bis/eng/players/61065138.html>Tomiyama Ryoga</a>,2,0,0,0,0,0,12,1.2,2,0,0,4,0,0,0,3,1,5.40,10.66,8.13,3.60,45,335,218,-5.26,0.0%,0.0%,33.3%,-33.3%,28,L,<a href=https://npb.jp/bis/eng/teams/index_b.html>ORIX</a>,WL
,<a href=https://npb.jp/bis/eng/players/71475159.html>Toumatsu Kaisei</a>,1,0,0,0,0,0,3,1.0,0,0,0,0,0,0,0,0,0,0.00,3.46,4.80,0.00,999,109,129,-3.46,0.0%,0.0%,0.0%,0.0%,20,L,<a href=https://npb.jp/bis/eng/teams/index_b.html>ORIX</a>,WL
,<a href=https://npb.jp/bis/eng/players/61465131.html>Yamada Nobuyoshi</a>,1,0,0,0,0,0,6,1.0,1,0,1,2,0,0,0,0,0,0.00,7.46,6.47,3.00,999,235,173,-7.46,0.0%,16.7%,33.3%,-16.6%,33,L,<a href=https://npb.jp/bis/eng/teams/index_b.html>ORIX</a>,WL
,<a href=https://npb.jp/bis/eng/players/33335134.html>Yamazaki Soichiro</a>,1,0,0,1,0,0,3,1.0,0,0,1,1,0,0,0,0,0,0.00,4.46,4.80,1.00,999,140,129,-4.46,0.0%,33.3%,33.3%,0.0%,27,R,<a href=https://npb.jp/bis/eng/teams/index_b.html>ORIX</a>,WL
,<a href=https://npb.jp/bis/eng/players/03505155.html>Yokoyama Kaede</a>,1,0,0,0,0,0,4,1.0,0,0,0,0,0,0,0,0,0,0.00,3.46,4.80,0.00,999,109,129,-3.46,0.0%,0.0%,0.0%,0.0%,27,R,<a href=https://npb.jp/bis/eng/teams/index_b.html>ORIX</a>,WL
,<a href=https://npb.jp/bis/eng/players/21225139.html>Futaki Kota</a>,2,0,0,0,0,0,6,2.0,0,0,2,0,0,0,0,0,0,0.00,1.46,1.47,0.00,999,41,39,-1.46,0.0%,33.3%,0.0%,33.3%,29,R,<a href=https://npb.jp/bis/eng/teams/index_m.html>Lotte</a>,EL
,<a href=https://npb.jp/bis/eng/players/91695159.html>Hayasaka Oto</a>,1,0,0,0,0,0,4,1.0,3,0,0,0,0,0,0,1,1,9.00,3.46,4.80,3.00,30,97,129,5.54,0.0%,0.0%,0.0%,0.0%,19,R,<a href=https://npb.jp/bis/eng/teams/index_m.html>Lotte</a>,EL
,<a href=https://npb.jp/bis/eng/players/41645155.html>Hirohata Atsuya</a>,3,2,0,0,0,0,18,4.1,5,0,4,1,0,0,0,0,0,0.00,2.31,3.13,1.38,999,65,84,-2.31,0.0%,22.2%,5.6%,16.6%,27,R,<a href=https://npb.jp/bis/eng/teams/index_m.html>Lotte</a>,EL
,<a href=https://npb.jp/bis/eng/players/11315150.html>Ichijo Rikima</a>,1,0,0,0,0,0,3,1.0,0,0,2,0,0,0,0,0,0,0.00,-0.54,-1.87,0.00,999,-15,-50,0.54,0.0%,66.7%,0.0%,66.7%,22,R,<a href=https://npb.jp/bis/eng/teams/index_m.html>Lotte</a>,EL
,<a href=https://npb.jp/bis/eng/players/41145139.html>Ishikawa Ayumu</a>,1,1,0,0,0,0,22,5.0,5,1,2,1,0,1,0,2,1,1.80,6.46,4.35,1.20,152,182,117,-4.66,4.5%,9.1%,4.5%,4.6%,37,R,<a href=https://npb.jp/bis/eng/teams/index_m.html>Lotte</a>,EL
,<a href=https://npb.jp/bis/eng/players/61165139.html>Ishikawa Shuta</a>,1,1,0,0,0,0,20,5.0,4,0,1,0,0,0,0,2,2,3.60,3.06,4.30,0.80,76,86,115,0.54,0.0%,5.0%,0.0%,5.0%,33,R,<a href=https://npb.jp/bis/eng/teams/index_m.html>Lotte</a>,EL
,<a href=https://npb.jp/bis/eng/players/21525116.html>Karakawa Yuki</a>,2,0,0,0,0,0,43,9.1,14,0,9,0,0,0,0,2,2,1.93,1.53,2.71,1.50,141,43,73,0.40,0.0%,20.9%,0.0%,20.9%,35,R,<a href=https://npb.jp/bis/eng/teams/index_m.html>Lotte</a>,EL
,<a href=https://npb.jp/bis/eng/players/61765153.html>Kawamura Tokito</a>,1,0,0,0,0,0,14,4.0,2,0,1,3,0,0,0,0,0,0.00,5.21,6.23,1.25,999,147,167,-5.21,0.0%,7.1%,21.4%,-14.3%,28,R,<a href=https://npb.jp/bis/eng/teams/index_m.html>Lotte</a>,EL
,<a href=https://npb.jp/bis/eng/players/71775159.html>Kimura Yuto</a>,1,0,0,0,0,0,6,2.0,0,0,1,0,0,0,0,0,0,0.00,2.46,3.13,0.00,999,69,84,-2.46,0.0%,16.7%,0.0%,16.7%,20,R,<a href=https://npb.jp/bis/eng/teams/index_m.html>Lotte</a>,EL
,<a href=https://npb.jp/bis/eng/players/01705131.html>Kuniyoshi Yuki</a>,3,1,0,0,0,0,12,3.0,5,0,0,0,0,0,0,1,1,3.00,3.46,4.80,1.67,91,97,129,-0.46,0.0%,0.0%,0.0%,0.0%,33,R,<a href=https://npb.jp/bis/eng/teams/index_m.html>Lotte</a>,EL
,<a href=https://npb.jp/bis/eng/players/71475155.html>Nagashimada Kirato</a>,1,0,0,0,0,0,5,1.0,1,0,0,0,0,0,0,0,0,0.00,3.46,4.80,1.00,999,97,129,-3.46,0.0%,0.0%,0.0%,0.0%,21,R,<a href=https://npb.jp/bis/eng/teams/index_m.html>Lotte</a>,EL
,<a href=https://npb.jp/bis/eng/players/31635153.html>Nakamori Shunsuke</a>,1,0,0,1,0,0,10,3.0,0,0,2,0,0,0,0,0,0,0.00,2.13,2.80,0.00,999,60,75,-2.13,0.0%,20.0%,0.0%,20.0%,23,R,<a href=https://npb.jp/bis/eng/teams/index_m.html>Lotte</a>,EL
,<a href=https://npb.jp/bis/eng/players/11615153.html>Nakamura Ryota</a>,1,0,0,0,0,0,11,2.0,4,0,3,0,0,0,0,3,2,9.00,0.46,2.07,2.00,30,13,55,8.54,0.0%,27.3%,0.0%,27.3%,27,R,<a href=https://npb.jp/bis/eng/teams/index_m.html>Lotte</a>,EL
,<a href=https://npb.jp/bis/eng/players/01205138.html>Nakamura Toshiya</a>,3,0,0,0,0,0,22,5.0,6,0,4,1,0,0,0,2,1,1.80,2.46,3.44,1.40,152,69,92,-0.66,0.0%,18.2%,4.5%,13.7%,28,L,<a href=https://npb.jp/bis/eng/teams/index_m.html>Lotte</a>,EL
,<a href=https://npb.jp/bis/eng/players/91495136.html>Nishimura Takahiro</a>,2,0,0,0,0,0,8,2.0,1,0,3,0,0,0,0,0,0,0.00,0.46,1.05,0.50,999,13,28,-0.46,0.0%,37.5%,0.0%,37.5%,32,R,<a href=https://npb.jp/bis/eng/teams/index_m.html>Lotte</a>,EL
,<a href=https://npb.jp/bis/eng/players/01205118.html>Nishino Yuji</a>,1,0,0,0,0,0,16,4.0,4,0,7,1,0,0,0,1,1,2.25,0.71,1.05,1.25,121,20,28,1.54,0.0%,43.8%,6.2%,37.6%,34,R,<a href=https://npb.jp/bis/eng/teams/index_m.html>Lotte</a>,EL
,<a href=https://npb.jp/bis/eng/players/41745138.html>Sakamoto Koshiro</a>,2,0,0,1,0,0,6,2.0,0,0,4,0,0,0,0,0,0,0.00,-0.54,-1.87,0.00,999,-15,-50,0.54,0.0%,66.7%,0.0%,66.7%,30,L,<a href=https://npb.jp/bis/eng/teams/index_m.html>Lotte</a>,EL
,<a href=https://npb.jp/bis/eng/players/03905150.html>Sammons Bryan</a>,1,0,0,0,0,0,19,4.0,6,1,7,0,0,0,0,2,2,4.50,3.21,1.12,1.50,61,90,30,1.29,5.3%,36.8%,0.0%,36.8%,30,L,<a href=https://npb.jp/bis/eng/teams/index_m.html>Lotte</a>,EL
,<a href=https://npb.jp/bis/eng/players/81985133.html>Sawamura Hirokazu</a>,3,0,0,0,0,0,10,3.0,1,0,2,0,0,0,0,0,0,0.00,2.13,2.80,0.33,999,60,75,-2.13,0.0%,20.0%,0.0%,20.0%,37,R,<a href=https://npb.jp/bis/eng/teams/index_m.html>Lotte</a>,EL
,<a href=https://npb.jp/bis/eng/players/31035157.html>Takano Shuta</a>,1,1,0,0,0,0,6,2.0,0,0,2,0,0,0,0,0,0,0.00,1.46,1.47,0.00,999,41,39,-1.46,0.0%,33.3%,0.0%,33.3%,26,L,<a href=https://npb.jp/bis/eng/teams/index_m.html>Lotte</a>,EL
,<a href=https://npb.jp/bis/eng/players/21225155.html>Tanaka Fuki</a>,1,0,0,0,0,0,3,1.0,0,0,1,0,0,0,0,0,0,0.00,1.46,1.47,0.00,999,41,39,-1.46,0.0%,33.3%,0.0%,33.3%,21,R,<a href=https://npb.jp/bis/eng/teams/index_m.html>Lotte</a>,EL
,<a href=https://npb.jp/bis/eng/players/01005157.html>Tanaka Haruya</a>,2,1,0,0,0,0,41,11.2,5,0,14,2,0,0,0,0,0,0.00,1.57,1.87,0.60,999,44,50,-1.57,0.0%,34.1%,4.9%,29.2%,21,R,<a href=https://npb.jp/bis/eng/teams/index_m.html>Lotte</a>,EL
,<a href=https://npb.jp/bis/eng/players/23325155.html>Yagi Akira</a>,2,0,0,0,0,0,10,3.0,1,0,0,0,0,1,0,3,1,3.00,4.46,4.80,0.33,91,126,129,-1.46,0.0%,0.0%,0.0%,0.0%,28,R,<a href=https://npb.jp/bis/eng/teams/index_m.html>Lotte</a>,EL
,<a href=https://npb.jp/bis/eng/players/83385157.html>Yoshikawa Yuto</a>,2,0,0,0,0,0,20,4.2,4,0,3,2,0,0,0,2,2,3.86,3.46,4.30,1.29,71,97,115,0.40,0.0%,15.0%,10.0%,5.0%,20,L,<a href=https://npb.jp/bis/eng/teams/index_m.html>Lotte</a>,EL
,<a href=https://npb.jp/bis/eng/players/21425138.html>Bandoh Yugo</a>,3,0,0,0,0,0,46,11.1,11,0,6,3,0,0,0,6,6,4.76,3.20,4.15,1.24,55,94,111,1.56,0.0%,13.0%,6.5%,6.5%,29,R,<a href=https://npb.jp/bis/eng/teams/index_h.html>SoftBank</a>,WL
,<a href=https://npb.jp/bis/eng/players/51655130.html>Fujii Kouya</a>,1,0,0,0,0,0,5,1.0,1,0,3,1,0,0,0,0,0,0.00,0.46,0.80,2.00,999,14,21,-0.46,0.0%,60.0%,20.0%,40.0%,28,R,<a href=https://npb.jp/bis/eng/teams/index_h.html>SoftBank</a>,WL
,<a href=https://npb.jp/bis/eng/players/51655134.html>Hamaguchi Haruhiro</a>,3,1,0,1,0,0,16,3.2,5,0,2,1,0,0,0,1,1,2.45,3.19,4.18,1.64,107,94,112,-0.74,0.0%,12.5%,6.2%,6.3%,30,L,<a href=https://npb.jp/bis/eng/teams/index_h.html>SoftBank</a>,WL
,<a href=https://npb.jp/bis/eng/players/01005137.html>Higashihama Nao</a>,2,1,1,0,0,0,48,12.0,10,0,8,2,0,0,0,1,0,0.00,2.63,3.55,1.00,999,77,95,-2.63,0.0%,16.7%,4.2%,12.5%,35,R,<a href=https://npb.jp/bis/eng/teams/index_h.html>SoftBank</a>,WL
,<a href=https://npb.jp/bis/eng/players/91395153.html>Itoh Yusuke</a>,2,1,1,0,0,0,46,12.0,3,1,3,9,0,0,1,3,2,1.50,6.29,6.10,1.00,174,185,164,-4.79,2.2%,6.5%,19.6%,-13.1%,28,R,<a href=https://npb.jp/bis/eng/teams/index_h.html>SoftBank</a>,WL
,<a href=https://npb.jp/bis/eng/players/51355159.html>Iwai Shunsuke</a>,2,0,0,0,0,0,8,2.0,2,0,4,1,0,0,0,1,1,4.50,0.96,1.05,1.50,58,28,28,3.54,0.0%,50.0%,12.5%,37.5%,23,R,<a href=https://npb.jp/bis/eng/teams/index_h.html>SoftBank</a>,WL
,<a href=https://npb.jp/bis/eng/players/21325150.html>Iwasaki Shunsuke</a>,3,0,1,1,0,0,11,2.1,2,0,1,1,1,0,0,2,1,3.86,3.89,4.80,1.29,68,114,129,-0.03,0.0%,9.1%,9.1%,0.0%,22,R,<a href=https://npb.jp/bis/eng/teams/index_h.html>SoftBank</a>,WL
,<a href=https://npb.jp/bis/eng/players/61165155.html>Izaki Sanshiro</a>,1,0,0,0,0,0,4,1.0,1,0,0,0,0,0,0,0,0,0.00,3.46,4.80,1.00,999,102,129,-3.46,0.0%,0.0%,0.0%,0.0%,21,R,<a href=https://npb.jp/bis/eng/teams/index_h.html>SoftBank</a>,WL
,<a href=https://npb.jp/bis/eng/players/31735150.html>Kawaguchi Toya</a>,2,0,0,0,0,0,8,2.0,1,0,1,1,0,0,0,0,0,0.00,3.96,4.80,1.00,999,117,129,-3.96,0.0%,12.5%,12.5%,0.0%,25,R,<a href=https://npb.jp/bis/eng/teams/index_h.html>SoftBank</a>,WL
,<a href=https://npb.jp/bis/eng/players/41545157.html>Kimura Hikaru</a>,3,0,0,0,0,0,14,3.2,2,0,2,1,0,0,0,0,0,0.00,3.19,4.09,0.82,999,94,110,-3.19,0.0%,14.3%,7.1%,7.2%,24,R,<a href=https://npb.jp/bis/eng/teams/index_h.html>SoftBank</a>,WL
,<a href=https://npb.jp/bis/eng/players/71775155.html>Kimura Taisei</a>,3,0,0,0,0,0,14,4.0,0,0,3,3,0,0,0,0,0,0.00,4.21,4.80,0.75,999,124,129,-4.21,0.0%,21.4%,21.4%,0.0%,21,L,<a href=https://npb.jp/bis/eng/teams/index_h.html>SoftBank</a>,WL
,<a href=https://npb.jp/bis/eng/players/13115159.html>Maeda Yugo</a>,3,1,2,0,0,0,70,18.0,16,0,9,1,0,0,0,4,3,1.50,2.63,3.66,0.94,174,77,98,-1.13,0.0%,12.9%,1.4%,11.5%,19,L,<a href=https://npb.jp/bis/eng/teams/index_h.html>SoftBank</a>,WL
,<a href=https://npb.jp/bis/eng/players/61265139.html>Matayoshi Katsuki</a>,1,0,0,0,0,0,9,3.0,2,0,2,0,0,0,0,0,0,0.00,2.13,2.58,0.67,999,63,69,-2.13,0.0%,22.2%,0.0%,22.2%,34,R,<a href=https://npb.jp/bis/eng/teams/index_h.html>SoftBank</a>,WL
,<a href=https://npb.jp/bis/eng/players/41845157.html>Matsumoto Haru</a>,1,0,0,0,0,0,3,1.0,0,0,0,0,0,0,0,0,0,0.00,3.46,4.80,0.00,999,102,129,-3.46,0.0%,0.0%,0.0%,0.0%,24,L,<a href=https://npb.jp/bis/eng/teams/index_h.html>SoftBank</a>,WL
,<a href=https://npb.jp/bis/eng/players/13315159.html>Miyasato Yuwa</a>,2,0,0,0,0,0,10,2.0,1,0,1,2,0,1,0,0,0,0.00,6.96,5.80,1.50,999,205,155,-6.96,0.0%,10.0%,20.0%,-10.0%,23,R,<a href=https://npb.jp/bis/eng/teams/index_h.html>SoftBank</a>,WL
,<a href=https://npb.jp/bis/eng/players/73175157.html>Miyazaki Hayato</a>,1,0,0,0,0,0,3,1.0,0,0,1,0,0,0,0,0,0,0.00,1.46,1.47,0.00,999,43,39,-1.46,0.0%,33.3%,0.0%,33.3%,25,L,<a href=https://npb.jp/bis/eng/teams/index_h.html>SoftBank</a>,WL
,<a href=https://npb.jp/bis/eng/players/73375159.html>Murata Kenichi</a>,2,1,0,0,0,0,41,10.0,12,0,2,3,0,0,0,4,4,3.60,3.96,5.04,1.50,73,117,135,-0.36,0.0%,4.9%,7.3%,-2.4%,23,R,<a href=https://npb.jp/bis/eng/teams/index_h.html>SoftBank</a>,WL
,<a href=https://npb.jp/bis/eng/players/61365136.html>Ogata Shuto</a>,1,0,0,0,0,0,3,1.0,0,0,2,0,0,0,0,0,0,0.00,-0.54,-1.87,0.00,999,-16,-50,0.54,0.0%,66.7%,0.0%,66.7%,26,R,<a href=https://npb.jp/bis/eng/teams/index_h.html>SoftBank</a>,WL
,<a href=https://npb.jp/bis/eng/players/01505153.html>Ohshiro Shinno</a>,2,0,0,0,0,0,11,2.1,3,0,0,1,0,1,0,2,1,3.86,6.03,5.71,1.71,68,177,153,-2.17,0.0%,0.0%,9.1%,-9.1%,22,L,<a href=https://npb.jp/bis/eng/teams/index_h.html>SoftBank</a>,WL
,<a href=https://npb.jp/bis/eng/players/21325155.html>Ohtake Fuga</a>,2,0,0,0,0,0,13,3.0,1,0,3,3,0,0,1,3,3,9.00,4.46,4.80,1.33,29,131,129,4.54,0.0%,23.1%,23.1%,0.0%,25,R,<a href=https://npb.jp/bis/eng/teams/index_h.html>SoftBank</a>,WL
,<a href=https://npb.jp/bis/eng/players/01305157.html>Ohtsu Ryosuke</a>,2,2,0,0,1,1,57,15.1,11,0,10,1,0,1,0,2,2,1.17,2.55,3.22,0.78,223,75,86,-1.38,0.0%,17.5%,1.8%,15.7%,26,R,<a href=https://npb.jp/bis/eng/teams/index_h.html>SoftBank</a>,WL
,<a href=https://npb.jp/bis/eng/players/11515159.html>Ohyama Ryo</a>,2,0,0,0,0,0,13,3.0,2,0,4,2,0,0,0,0,0,0.00,2.79,3.26,1.33,999,82,87,-2.79,0.0%,30.8%,15.4%,15.4%,23,R,<a href=https://npb.jp/bis/eng/teams/index_h.html>SoftBank</a>,WL
,<a href=https://npb.jp/bis/eng/players/91995138.html>Sugiyama Kazuki</a>,1,0,0,0,0,0,3,1.0,0,0,0,0,0,0,0,0,0,0.00,3.46,4.80,0.00,999,102,129,-3.46,0.0%,0.0%,0.0%,0.0%,27,R,<a href=https://npb.jp/bis/eng/teams/index_h.html>SoftBank</a>,WL
,<a href=https://npb.jp/bis/eng/players/81285151.html>Tsumori Yuki</a>,1,1,0,0,0,0,5,1.0,1,0,1,1,0,0,0,0,0,0.00,4.46,4.80,2.00,999,131,129,-4.46,0.0%,20.0%,20.0%,0.0%,27,R,<a href=https://npb.jp/bis/eng/teams/index_h.html>SoftBank</a>,WL
,<a href=https://npb.jp/bis/eng/players/71875153.html>Fujii Masaru</a>,1,0,0,0,0,0,18,3.2,5,0,0,1,0,1,0,2,2,4.91,5.10,5.36,1.64,52,152,144,-0.19,0.0%,0.0%,5.6%,-5.6%,28,L,<a href=https://npb.jp/bis/eng/teams/index_e.html>Rakuten</a>,EL
,<a href=https://npb.jp/bis/eng/players/01605157.html>Hayashi Yuki</a>,3,0,0,0,0,0,12,2.1,3,0,3,1,0,0,0,1,0,0.00,2.17,3.13,1.71,999,65,84,-2.17,0.0%,25.0%,8.3%,16.7%,23,L,<a href=https://npb.jp/bis/eng/teams/index_e.html>Rakuten</a>,EL
,<a href=https://npb.jp/bis/eng/players/01605159.html>Hinata Naoki</a>,1,0,1,0,0,0,8,1.0,4,1,2,1,0,0,0,2,2,18.00,15.46,3.55,5.00,14,462,95,2.54,12.5%,25.0%,12.5%,12.5%,19,R,<a href=https://npb.jp/bis/eng/teams/index_e.html>Rakuten</a>,EL
,<a href=https://npb.jp/bis/eng/players/21525139.html>Kajiya Ren</a>,3,1,0,0,0,0,13,3.0,3,0,2,1,0,0,0,2,2,6.00,3.13,4.03,1.33,43,93,108,2.87,0.0%,15.4%,7.7%,7.7%,33,R,<a href=https://npb.jp/bis/eng/teams/index_e.html>Rakuten</a>,EL
,<a href=https://npb.jp/bis/eng/players/91795114.html>Kishi Takayuki</a>,1,0,0,0,0,0,6,2.0,1,0,3,0,0,0,0,0,0,0.00,0.46,-0.20,0.50,999,14,-5,-0.46,0.0%,50.0%,0.0%,50.0%,40,R,<a href=https://npb.jp/bis/eng/teams/index_e.html>Rakuten</a>,EL
,<a href=https://npb.jp/bis/eng/players/31735157.html>Koga Kosei</a>,2,0,0,0,0,0,34,8.0,9,0,3,4,0,0,0,2,2,2.25,4.21,5.09,1.62,114,126,136,-1.96,0.0%,8.8%,11.8%,-3.0%,20,L,<a href=https://npb.jp/bis/eng/teams/index_e.html>Rakuten</a>,EL
,<a href=https://npb.jp/bis/eng/players/21725159.html>Koja Tatsuki</a>,1,0,0,0,0,0,12,3.0,5,0,3,0,0,0,0,2,2,6.00,1.46,2.30,1.67,43,44,62,4.54,0.0%,25.0%,0.0%,25.0%,23,L,<a href=https://npb.jp/bis/eng/teams/index_e.html>Rakuten</a>,EL
,<a href=https://npb.jp/bis/eng/players/71775157.html>Komago Ryuji</a>,1,0,0,0,0,0,7,1.0,3,0,2,1,0,0,0,3,3,27.00,2.46,3.37,4.00,10,73,90,24.54,0.0%,28.6%,14.3%,14.3%,27,R,<a href=https://npb.jp/bis/eng/teams/index_e.html>Rakuten</a>,EL
,<a href=https://npb.jp/bis/eng/players/73175159.html>Matsuda Takuma</a>,1,0,0,0,0,0,22,5.2,4,0,2,0,0,0,0,0,0,0.00,2.75,3.89,0.71,999,82,104,-2.75,0.0%,9.1%,0.0%,9.1%,23,R,<a href=https://npb.jp/bis/eng/teams/index_e.html>Rakuten</a>,EL
,<a href=https://npb.jp/bis/eng/players/13315155.html>Miyamori Satoshi</a>,2,0,0,0,0,0,6,2.0,0,0,2,0,0,0,0,0,0,0.00,1.46,1.47,0.00,999,44,39,-1.46,0.0%,33.3%,0.0%,33.3%,27,R,<a href=https://npb.jp/bis/eng/teams/index_e.html>Rakuten</a>,EL
,<a href=https://npb.jp/bis/eng/players/31635150.html>Nakagomi Haruto</a>,3,0,0,0,0,0,16,4.0,3,0,7,1,0,0,0,1,1,2.25,0.71,1.05,1.00,114,21,28,1.54,0.0%,43.8%,6.2%,37.6%,23,R,<a href=https://npb.jp/bis/eng/teams/index_e.html>Rakuten</a>,EL
,<a href=https://npb.jp/bis/eng/players/41345159.html>Ohuchi Seiya</a>,1,0,0,0,0,0,8,2.0,2,1,0,0,0,0,0,1,1,4.50,9.96,4.80,1.00,57,298,129,-5.46,12.5%,0.0%,0.0%,0.0%,19,R,<a href=https://npb.jp/bis/eng/teams/index_e.html>Rakuten</a>,EL
,<a href=https://npb.jp/bis/eng/players/11915159.html>Sakai Haruto</a>,1,0,0,0,0,0,3,1.0,0,0,1,0,0,0,0,0,0,0.00,1.46,1.47,0.00,999,44,39,-1.46,0.0%,33.3%,0.0%,33.3%,20,R,<a href=https://npb.jp/bis/eng/teams/index_e.html>Rakuten</a>,EL
,<a href=https://npb.jp/bis/eng/players/81985155.html>Shibata Daichi</a>,3,0,0,0,0,0,16,3.1,3,0,2,2,0,2,0,1,1,2.70,5.86,4.80,1.50,95,175,129,-3.16,0.0%,12.5%,12.5%,0.0%,27,R,<a href=https://npb.jp/bis/eng/teams/index_e.html>Rakuten</a>,EL
,<a href=https://npb.jp/bis/eng/players/21925157.html>Shoji Kosei</a>,2,0,0,0,0,0,37,8.0,7,0,8,5,0,1,0,3,3,3.38,3.71,3.99,1.50,76,111,107,-0.33,0.0%,21.6%,13.5%,8.1%,24,R,<a href=https://npb.jp/bis/eng/teams/index_e.html>Rakuten</a>,EL
,<a href=https://npb.jp/bis/eng/players/61065155.html>Tai Katsutoshi</a>,2,0,0,2,0,0,11,2.0,1,0,0,4,0,0,0,0,0,0.00,9.46,8.44,2.50,999,283,226,-9.46,0.0%,0.0%,36.4%,-36.4%,21,L,<a href=https://npb.jp/bis/eng/teams/index_e.html>Rakuten</a>,EL
,<a href=https://npb.jp/bis/eng/players/31235151.html>Takinaka Ryota</a>,2,0,1,0,0,0,35,7.0,14,0,2,1,0,0,0,8,8,10.29,3.32,4.51,2.14,25,99,121,6.97,0.0%,5.7%,2.9%,2.8%,30,R,<a href=https://npb.jp/bis/eng/teams/index_e.html>Rakuten</a>,EL
,<a href=https://npb.jp/bis/eng/players/11415151.html>Tsurusaki Taisei</a>,4,1,1,0,0,0,24,5.0,5,1,7,3,0,0,0,7,1,1.80,5.06,3.13,1.60,143,151,84,-3.26,4.2%,29.2%,12.5%,16.7%,27,R,<a href=https://npb.jp/bis/eng/teams/index_e.html>Rakuten</a>,EL
,<a href=https://npb.jp/bis/eng/players/43745138.html>Wang Yan-Cheng</a>,2,0,1,0,0,0,16,3.0,7,0,4,1,0,0,0,3,3,9.00,1.79,2.92,2.67,29,53,78,7.21,0.0%,25.0%,6.2%,18.8%,24,L,<a href=https://npb.jp/bis/eng/teams/index_e.html>Rakuten</a>,EL
,<a href=https://npb.jp/bis/eng/players/23525157.html>Watanabe Shota</a>,4,1,1,0,0,0,15,3.1,2,0,3,3,0,0,0,1,1,2.70,4.36,4.80,1.50,95,130,129,-1.66,0.0%,20.0%,20.0%,0.0%,24,R,<a href=https://npb.jp/bis/eng/teams/index_e.html>Rakuten</a>,EL
,<a href=https://npb.jp/bis/eng/players/33035159.html>Yajure Miguel</a>,2,0,1,0,0,0,32,8.2,5,0,8,2,0,0,0,2,2,2.08,2.31,2.92,0.81,124,69,78,-0.23,0.0%,25.0%,6.2%,18.8%,27,R,<a href=https://npb.jp/bis/eng/teams/index_e.html>Rakuten</a>,EL
,<a href=https://npb.jp/bis/eng/players/61865138.html>Yuge Hayato</a>,1,0,0,0,0,0,8,1.0,3,0,0,2,0,0,0,4,3,27.00,9.46,7.30,5.00,10,283,196,17.54,0.0%,0.0%,25.0%,-25.0%,31,L,<a href=https://npb.jp/bis/eng/teams/index_e.html>Rakuten</a>,EL
,<a href=https://npb.jp/bis/eng/players/61465151.html>Hamaya Shota</a>,1,0,0,0,0,0,6,1.0,2,0,2,1,0,0,0,1,1,9.00,2.46,3.13,3.00,30,70,84,6.54,0.0%,33.3%,16.7%,16.6%,26,L,<a href=https://npb.jp/bis/eng/teams/index_l.html>Seibu</a>,EL
,<a href=https://npb.jp/bis/eng/players/91695134.html>Hirai Katsunori</a>,3,0,0,0,0,0,18,4.2,3,0,7,1,0,0,0,1,1,1.93,1.10,1.47,0.86,141,31,39,0.83,0.0%,38.9%,5.6%,33.3%,33,R,<a href=https://npb.jp/bis/eng/teams/index_l.html>Seibu</a>,EL
,<a href=https://npb.jp/bis/eng/players/11315159.html>Itogawa Ryota</a>,2,0,0,0,0,0,45,11.1,8,0,8,3,0,1,0,3,3,2.38,3.11,3.69,0.97,114,88,99,-0.73,0.0%,17.8%,6.7%,11.1%,27,R,<a href=https://npb.jp/bis/eng/teams/index_l.html>Seibu</a>,EL
,<a href=https://npb.jp/bis/eng/players/61565159.html>Kawashimo Masahiro</a>,2,2,0,0,0,0,45,11.0,9,0,10,8,0,0,0,2,2,1.64,3.82,4.36,1.55,166,108,117,-2.18,0.0%,22.2%,17.8%,4.4%,20,L,<a href=https://npb.jp/bis/eng/teams/index_l.html>Seibu</a>,EL
,<a href=https://npb.jp/bis/eng/players/23025159.html>Lopez Victor</a>,2,0,0,0,0,0,17,4.0,3,0,2,1,0,0,0,2,0,0.00,3.21,4.21,1.00,999,91,113,-3.21,0.0%,11.8%,5.9%,5.9%,25,R,<a href=https://npb.jp/bis/eng/teams/index_l.html>Seibu</a>,EL
,<a href=https://npb.jp/bis/eng/players/23125153.html>Mameda Taishi</a>,3,0,0,0,0,0,18,4.0,2,1,6,3,0,0,0,2,2,4.50,5.96,3.13,1.25,60,169,84,-1.46,5.6%,33.3%,16.7%,16.6%,22,R,<a href=https://npb.jp/bis/eng/teams/index_l.html>Seibu</a>,EL
,<a href=https://npb.jp/bis/eng/players/81685138.html>Matsumoto Wataru</a>,1,0,0,0,0,0,7,2.0,0,0,0,1,0,0,0,0,0,0.00,4.96,6.23,0.50,999,140,167,-4.96,0.0%,0.0%,14.3%,-14.3%,28,R,<a href=https://npb.jp/bis/eng/teams/index_l.html>Seibu</a>,EL
,<a href=https://npb.jp/bis/eng/players/33335159.html>Miyazawa Taisei</a>,1,1,0,0,0,0,5,1.0,1,0,1,1,0,0,0,0,0,0.00,4.46,4.80,2.00,999,126,129,-4.46,0.0%,20.0%,20.0%,0.0%,26,R,<a href=https://npb.jp/bis/eng/teams/index_l.html>Seibu</a>,EL
,<a href=https://npb.jp/bis/eng/players/63165153.html>Mizukami Yoshinobu</a>,3,0,0,0,0,0,18,4.0,5,0,4,0,0,1,1,1,1,2.25,2.21,2.58,1.25,121,63,69,0.04,0.0%,22.2%,0.0%,22.2%,26,R,<a href=https://npb.jp/bis/eng/teams/index_l.html>Seibu</a>,EL
,<a href=https://npb.jp/bis/eng/players/71875138.html>Moriwaki Ryosuke</a>,3,0,1,0,0,0,21,4.0,7,1,1,2,0,0,0,4,4,9.00,7.71,5.28,2.25,30,218,142,1.29,4.8%,4.8%,9.5%,-4.7%,32,R,<a href=https://npb.jp/bis/eng/teams/index_l.html>Seibu</a>,EL
,<a href=https://npb.jp/bis/eng/players/71075139.html>Nakamura Yuta</a>,3,0,0,0,0,0,15,4.0,2,0,5,2,0,0,0,0,0,0.00,2.46,2.80,1.00,999,70,75,-2.46,0.0%,33.3%,13.3%,20.0%,29,R,<a href=https://npb.jp/bis/eng/teams/index_l.html>Seibu</a>,EL
,<a href=https://npb.jp/bis/eng/players/21525153.html>Omagari Ren</a>,3,0,0,0,0,0,21,5.0,4,0,6,2,1,0,0,2,1,1.80,2.26,2.90,1.20,151,64,78,-0.46,0.0%,28.6%,9.5%,19.1%,27,R,<a href=https://npb.jp/bis/eng/teams/index_l.html>Seibu</a>,EL
,<a href=https://npb.jp/bis/eng/players/61065150.html>Shinohara Hibiki</a>,2,1,1,0,0,0,33,8.0,8,0,9,0,0,0,0,3,2,2.25,1.21,2.07,1.00,121,34,55,1.04,0.0%,27.3%,0.0%,27.3%,18,R,<a href=https://npb.jp/bis/eng/teams/index_l.html>Seibu</a>,EL
,<a href=https://npb.jp/bis/eng/players/71075155.html>Sugai Shinya</a>,1,0,1,0,0,0,12,3.0,2,0,1,1,0,0,0,2,2,6.00,3.79,4.80,1.00,45,107,129,2.21,0.0%,8.3%,8.3%,0.0%,22,L,<a href=https://npb.jp/bis/eng/teams/index_l.html>Seibu</a>,EL
,<a href=https://npb.jp/bis/eng/players/91095159.html>Sugiyama Haruki</a>,2,0,2,0,0,0,46,9.0,15,1,5,5,0,0,0,13,11,11.00,5.46,4.80,2.22,25,155,129,5.54,2.2%,10.9%,10.9%,0.0%,19,L,<a href=https://npb.jp/bis/eng/teams/index_l.html>Seibu</a>,EL
,<a href=https://npb.jp/bis/eng/players/21025155.html>Sumida Chihiro</a>,1,0,0,0,0,0,10,3.0,0,0,3,1,0,0,0,0,0,0.00,2.46,2.80,0.33,999,70,75,-2.46,0.0%,30.0%,10.0%,20.0%,25,L,<a href=https://npb.jp/bis/eng/teams/index_l.html>Seibu</a>,EL
,<a href=https://npb.jp/bis/eng/players/01205134.html>Tamura Ichiro</a>,3,0,0,2,0,0,14,4.0,1,0,1,1,1,0,0,0,0,0.00,3.71,4.80,0.50,999,105,129,-3.71,0.0%,7.1%,7.1%,0.0%,30,R,<a href=https://npb.jp/bis/eng/teams/index_l.html>Seibu</a>,EL
,<a href=https://npb.jp/bis/eng/players/91395159.html>Ueda Taiga</a>,1,0,0,0,0,0,14,3.0,6,0,0,0,0,0,0,2,1,3.00,3.46,4.80,2.00,91,98,129,-0.46,0.0%,0.0%,0.0%,0.0%,23,R,<a href=https://npb.jp/bis/eng/teams/index_l.html>Seibu</a>,EL
,<a href=https://npb.jp/bis/eng/players/21325151.html>Uema Towa</a>,2,1,0,0,0,0,43,12.0,7,0,3,1,0,0,0,1,1,0.75,3.21,4.33,0.67,362,91,116,-2.46,0.0%,7.0%,2.3%,4.7%,24,R,<a href=https://npb.jp/bis/eng/teams/index_l.html>Seibu</a>,EL
,<a href=https://npb.jp/bis/eng/players/43345157.html>Yamada Haruto</a>,1,0,0,0,0,0,4,1.0,1,0,0,1,0,0,0,0,0,0.00,6.46,7.30,2.00,999,183,196,-6.46,0.0%,0.0%,25.0%,-25.0%,21,R,<a href=https://npb.jp/bis/eng/teams/index_l.html>Seibu</a>,EL
,<a href=https://npb.jp/bis/eng/players/51155150.html>Asari Tamon</a>,2,0,0,0,0,0,8,2.0,0,0,2,1,0,0,0,0,0,0.00,2.96,3.55,0.50,999,83,95,-2.96,0.0%,25.0%,12.5%,12.5%,22,R,<a href=https://npb.jp/bis/eng/teams/index_f.html>Nipponham</a>,EL
,<a href=https://npb.jp/bis/eng/players/81685155.html>Fukushima Ren</a>,2,0,0,0,0,0,40,10.0,7,0,12,2,0,0,0,4,1,0.90,1.66,2.30,0.90,303,47,62,-0.76,0.0%,30.0%,5.0%,25.0%,22,R,<a href=https://npb.jp/bis/eng/teams/index_f.html>Nipponham</a>,EL
,<a href=https://npb.jp/bis/eng/players/93595150.html>Gu Lin Ruei-Yang</a>,1,1,0,0,0,0,16,4.0,3,0,4,1,0,0,0,1,1,2.25,2.21,2.92,1.00,121,62,78,0.04,0.0%,25.0%,6.2%,18.8%,25,R,<a href=https://npb.jp/bis/eng/teams/index_f.html>Nipponham</a>,EL
,<a href=https://npb.jp/bis/eng/players/51855134.html>Hori Mizuki</a>,3,0,0,0,0,0,11,3.0,2,0,4,0,0,0,0,0,0,0.00,0.79,1.16,0.67,999,22,31,-0.79,0.0%,36.4%,0.0%,36.4%,27,L,<a href=https://npb.jp/bis/eng/teams/index_f.html>Nipponham</a>,EL
,<a href=https://npb.jp/bis/eng/players/61865159.html>Hosono Haruki</a>,2,0,1,0,0,0,38,8.2,12,0,11,1,0,0,0,2,1,1.04,1.27,2.17,1.50,262,36,58,-0.23,0.0%,28.9%,2.6%,26.3%,23,L,<a href=https://npb.jp/bis/eng/teams/index_f.html>Nipponham</a>,EL
,<a href=https://npb.jp/bis/eng/players/01505136.html>Kitaura Ryuji</a>,2,1,0,0,0,0,4,1.1,0,0,2,0,0,0,0,0,0,0.00,0.46,-0.20,0.00,999,13,-5,-0.46,0.0%,50.0%,0.0%,50.0%,25,L,<a href=https://npb.jp/bis/eng/teams/index_f.html>Nipponham</a>,EL
,<a href=https://npb.jp/bis/eng/players/51755155.html>Kitayama Koki</a>,2,0,0,0,0,0,36,9.2,5,0,9,2,0,0,1,1,1,0.93,2.22,2.86,0.72,293,63,77,-1.29,0.0%,25.0%,5.6%,19.4%,26,R,<a href=https://npb.jp/bis/eng/teams/index_f.html>Nipponham</a>,EL
,<a href=https://npb.jp/bis/eng/players/61765155.html>Kuroyanagi Kyosuke</a>,1,0,0,0,0,0,18,4.0,4,0,5,2,0,0,0,1,1,2.25,2.46,3.13,1.50,121,69,84,-0.21,0.0%,27.8%,11.1%,16.7%,22,R,<a href=https://npb.jp/bis/eng/teams/index_f.html>Nipponham</a>,EL
,<a href=https://npb.jp/bis/eng/players/03105153.html>Matsumoto Ryodai</a>,3,0,0,0,0,0,12,3.0,2,0,4,2,0,0,0,0,0,0.00,2.79,3.13,1.33,999,79,84,-2.79,0.0%,33.3%,16.7%,16.6%,23,R,<a href=https://npb.jp/bis/eng/teams/index_f.html>Nipponham</a>,EL
,<a href=https://npb.jp/bis/eng/players/33135155.html>Matsuura Keito</a>,2,0,0,0,0,0,6,1.1,2,0,4,0,0,0,0,0,0,0.00,-2.54,-1.87,1.50,999,-72,-50,2.54,0.0%,66.7%,0.0%,66.7%,21,L,<a href=https://npb.jp/bis/eng/teams/index_f.html>Nipponham</a>,EL
,<a href=https://npb.jp/bis/eng/players/53155157.html>Miyauchi Haruki</a>,1,0,0,0,0,0,4,1.0,1,0,0,0,0,0,0,0,0,0.00,3.46,4.80,1.00,999,97,129,-3.46,0.0%,0.0%,0.0%,0.0%,29,R,<a href=https://npb.jp/bis/eng/teams/index_f.html>Nipponham</a>,EL
,<a href=https://npb.jp/bis/eng/players/41245138.html>Nabatame Tsubasa</a>,1,0,0,0,0,0,4,1.0,1,0,2,0,0,0,0,0,0,0.00,-0.54,-0.20,1.00,999,-15,-5,0.54,0.0%,50.0%,0.0%,50.0%,30,R,<a href=https://npb.jp/bis/eng/teams/index_f.html>Nipponham</a>,EL
,<a href=https://npb.jp/bis/eng/players/81285157.html>Nakayama Terukazu</a>,2,0,0,0,0,0,13,1.2,3,0,1,3,0,1,0,3,1,5.40,9.46,6.34,3.60,51,266,170,-4.06,0.0%,7.7%,23.1%,-15.4%,26,R,<a href=https://npb.jp/bis/eng/teams/index_f.html>Nipponham</a>,EL
,<a href=https://npb.jp/bis/eng/players/41645153.html>Nemoto Haruka</a>,1,0,0,1,0,0,10,3.0,1,0,4,0,0,0,0,0,0,0.00,0.79,0.80,0.33,999,22,21,-0.79,0.0%,40.0%,0.0%,40.0%,22,L,<a href=https://npb.jp/bis/eng/teams/index_f.html>Nipponham</a>,EL
,<a href=https://npb.jp/bis/eng/players/41945138.html>Seimiya Kotaro</a>,1,0,0,0,0,0,4,0.0,1,0,0,3,0,0,1,2,2,,,12.30,,0,,330,,0.0%,0.0%,75.0%,-75.0%,25,R,<a href=https://npb.jp/bis/eng/teams/index_f.html>Nipponham</a>,EL
,<a href=https://npb.jp/bis/eng/players/83785159.html>Sun Yi-Lei</a>,1,0,0,0,0,0,6,2.0,0,0,1,1,0,0,0,0,0,0.00,3.96,4.80,0.50,999,112,129,-3.96,0.0%,16.7%,16.7%,0.0%,20,R,<a href=https://npb.jp/bis/eng/teams/index_f.html>Nipponham</a>,EL
,<a href=https://npb.jp/bis/eng/players/91295134.html>Tamai Taisho</a>,2,0,0,0,0,0,9,2.1,1,0,1,0,0,1,0,0,0,0.00,3.89,3.69,0.43,999,110,99,-3.89,0.0%,11.1%,0.0%,11.1%,33,R,<a href=https://npb.jp/bis/eng/teams/index_f.html>Nipponham</a>,EL
,<a href=https://npb.jp/bis/eng/players/01205155.html>Tatsu Kota</a>,1,0,0,0,0,0,15,5.0,1,0,6,0,0,0,0,0,0,0.00,1.06,0.80,0.20,999,30,21,-1.06,0.0%,40.0%,0.0%,40.0%,21,R,<a href=https://npb.jp/bis/eng/teams/index_f.html>Nipponham</a>,EL
,<a href=https://npb.jp/bis/eng/players/41345132.html>Uehara Kenta</a>,3,1,1,1,0,0,16,3.0,6,0,5,1,0,0,1,2,2,6.00,1.13,2.30,2.33,45,32,62,4.87,0.0%,31.2%,6.2%,25.0%,31,L,<a href=https://npb.jp/bis/eng/teams/index_f.html>Nipponham</a>,EL
,<a href=https://npb.jp/bis/eng/players/63365157.html>Yamamoto Kodai</a>,1,0,0,0,0,0,3,1.0,0,0,0,0,0,0,0,0,0,0.00,3.46,4.80,0.00,999,97,129,-3.46,0.0%,0.0%,0.0%,0.0%,26,L,<a href=https://npb.jp/bis/eng/teams/index_f.html>Nipponham</a>,EL
,<a href=https://npb.jp/bis/eng/players/21825130.html>Yamasaki Sachiya</a>,1,0,0,0,0,0,23,6.0,5,1,6,0,0,0,0,1,1,1.50,3.63,2.19,0.83,182,102,59,-2.13,4.3%,26.1%,0.0%,26.1%,32,L,<a href=https://npb.jp/bis/eng/teams/index_f.html>Nipponham</a>,EL
,<a href=https://npb.jp/bis/eng/players/13315150.html>Yamashiro Kotaro</a>,2,0,1,0,0,0,15,3.0,3,0,4,3,0,0,0,2,2,6.00,3.79,4.13,2.00,45,107,111,2.21,0.0%,26.7%,20.0%,6.7%,22,R,<a href=https://npb.jp/bis/eng/teams/index_f.html>Nipponham</a>,EL
,<a href=https://npb.jp/bis/eng/players/63365155.html>Yanagawa Taisei</a>,2,1,0,0,0,0,8,2.0,1,0,4,1,0,0,0,0,0,0.00,0.96,1.05,1.00,999,27,28,-0.96,0.0%,50.0%,12.5%,37.5%,21,R,<a href=https://npb.jp/bis/eng/teams/index_f.html>Nipponham</a>,EL
,<a href=https://npb.jp/bis/eng/players/93795159.html>Zabala Aneurys</a>,1,0,1,0,0,0,4,1.0,2,0,2,0,0,0,0,1,1,9.00,-0.54,-0.20,2.00,30,-15,-5,9.54,0.0%,50.0%,0.0%,50.0%,28,R,<a href=https://npb.jp/bis/eng/teams/index_f.html>Nipponham</a>,EL
