#,,Team,G,W,L,T,PCT,GB,RS,RA,Diff,XPCT,Home,Road,vs G,vs M,vs L,vs F,vs E,vs DB,vs A,vs S,Inter
,"<img src=""https://www.yakyucosmo.com/wp-content/uploads/2025/04/Giants.jpg"" alt="""" width=""10"" height=""10"" class=""alignnone size-full wp-image-6227"" />",<a href=https://npb.jp/bis/eng/teams/index_g.html>Yomiuri Giants</a>,50,31,18,1,0.633,--,223,149,74,0.677,12-8(1),19-10,--,4-4,5-3,6-3,2-4(1),6-1,4-1,2-1,2-1
,"<img src=""https://www.yakyucosmo.com/wp-content/uploads/2025/04/Marines.jpg"" alt="""" width=""10"" height=""10"" class=""alignnone size-full wp-image-6240"" />",<a href=https://npb.jp/bis/eng/teams/index_m.html>Lotte Marines</a>,49,28,19,2,0.596,2.0,215,162,53,0.627,13-11(1),15-8(1),4-4,--,4-4(1),0-0(1),7-2,3-5,4-0,5-3,1-1
,"<img src=""https://www.yakyucosmo.com/wp-content/uploads/2025/04/Lions.jpg"" alt="""" width=""10"" height=""10"" class=""alignnone size-full wp-image-6219"" />",<a href=https://npb.jp/bis/eng/teams/index_l.html>Seibu Lions</a>,48,27,20,1,0.574,3.0,211,163,48,0.616,12-8,15-12(1),3-5,4-4(1),--,3-1,0-3,6-1,5-5,6-1,--
,"<img src=""https://www.yakyucosmo.com/wp-content/uploads/2025/04/Fighters.jpg"" alt="""" width=""10"" height=""10"" class=""alignnone size-full wp-image-6217"" />",<a href=https://npb.jp/bis/eng/teams/index_f.html>Nipponham Fighters</a>,46,25,20,1,0.556,4.0,165,146,19,0.556,13-11(1),12-9,3-6,0-0(1),1-3,--,6-3,6-2,2-3,6-2,1-1
,"<img src=""https://www.yakyucosmo.com/wp-content/uploads/2025/04/Eagles.jpg"" alt="""" width=""10"" height=""10"" class=""alignnone size-full wp-image-6218"" />",<a href=https://npb.jp/bis/eng/teams/index_e.html>Rakuten Eagles</a>,50,25,24,1,0.510,6.0,160,180,-20,0.446,17-11,8-13(1),4-2(1),2-7,3-0,3-6,--,4-4,6-1,3-4,--
,"<img src=""https://www.yakyucosmo.com/wp-content/uploads/2025/04/BayStars.jpg"" alt="""" width=""10"" height=""10"" class=""alignnone size-full wp-image-6228"" />",<a href=https://npb.jp/bis/eng/teams/index_db.html>DeNA BayStars</a>,51,20,30,1,0.400,11.5,197,219,-22,0.452,12-15(1),8-15,1-6,5-3,1-6,2-6,4-4,--,3-3,4-2(1),--
,"<img src=""https://www.yakyucosmo.com/wp-content/uploads/2025/04/Albirex.jpg"" alt="""" width=""10"" height=""10"" class=""alignnone size-full wp-image-6298"" />",<a href=https://www.niigata-albirex-bc.jp/>Oisix Albirex</a>,48,19,29,0,0.396,11.5,148,227,-79,0.314,10-12,9-17,1-4,0-4,5-5,3-2,1-6,3-3,--,5-2,1-3
,"<img src=""https://www.yakyucosmo.com/wp-content/uploads/2025/04/Swallows.jpg"" alt="""" width=""10"" height=""10"" class=""alignnone size-full wp-image-6226"" />",<a href=https://npb.jp/bis/eng/teams/index_s.html>Yakult Swallows</a>,47,15,31,1,0.326,14.5,127,181,-54,0.343,6-18,9-13(1),1-2,3-5,1-6,2-6,4-3,2-4(1),2-5,--,--
