#,Team,G,W,L,T,PCT,GB,RS,RA,Diff,XPCT,Home,Road,vs D,vs T,vs H,vs B,vs C,vs V
,<a href=https://npb.jp/bis/eng/teams/index_d.html>Chunichi Dragons</a>,14,11,2,1,0.846,--,73,33,40,0.810,6-2(1),5-0,--,2-1,3-0,1-1(1),2-0,3-0
,<a href=https://npb.jp/bis/eng/teams/index_t.html>Hanshin Tigers</a>,15,8,6,1,0.571,3.5,50,51,-1,0.491,5-3,3-3(1),1-2,--,2-1,1-1(1),2-1,2-1
,<a href=https://npb.jp/bis/eng/teams/index_h.html>SoftBank Hawks</a>,15,8,7,0,0.533,4.0,75,42,33,0.743,4-4,4-3,0-3,1-2,--,2-1,3-0,2-1
,<a href=https://npb.jp/bis/eng/teams/index_b.html>ORIX Buffaloes</a>,15,6,7,2,0.462,5.0,44,46,-2,0.480,3-3(1),3-4(1),1-1(1),1-1(1),1-2,--,1-2,2-1
,<a href=https://npb.jp/bis/eng/teams/index_c.html>Hiroshima Carp</a>,13,4,9,0,0.308,7.0,30,64,-34,0.200,1-5,3-4,0-2,1-2,0-3,2-1,--,1-1
,HAYATE Ventures,14,4,10,0,0.286,7.5,0,0,0,nan,1-4,3-6,0-3,1-2,1-2,1-2,1-1,--
