#,,Team,G,W,L,T,PCT,GB,RS,RA,Diff,XPCT,Home,Road,vs D,vs H,vs T,vs B,vs C,vs V,Inter
,"<img src=""https://www.yakyucosmo.com/wp-content/uploads/2025/04/Dragons.jpg"" alt="""" width=""10"" height=""10"" class=""alignnone size-full wp-image-6225"" />",<a href=https://npb.jp/bis/eng/teams/index_d.html>Chunichi Dragons</a>,76,45,26,5,0.634,--,320,222,98,0.661,21-10(1),24-16(4),--,8-4,10-7(2),8-5(2),10-8(1),9-2,--
,"<img src=""https://www.yakyucosmo.com/wp-content/uploads/2025/04/Hawks.jpg"" alt="""" width=""10"" height=""10"" class=""alignnone size-full wp-image-6220"" /> ",<a href=https://npb.jp/bis/eng/teams/index_h.html>SoftBank Hawks</a>,80,45,32,3,0.584,3.0,342,267,75,0.611,29-19(1),16-13(2),4-8,--,7-9,11-9(2),12-3(1),9-3,2-0
,"<img src=""https://www.yakyucosmo.com/wp-content/uploads/2025/04/Tigers.jpg"" alt="""" width=""10"" height=""10"" class=""alignnone size-full wp-image-6224"" />",<a href=https://npb.jp/bis/eng/teams/index_t.html>Hanshin Tigers</a>,84,42,36,6,0.538,6.5,327,299,28,0.541,22-17(5),20-19(1),7-10(2),9-7,--,4-6(3),9-7(1),11-5,2-1
,"<img src=""https://www.yakyucosmo.com/wp-content/uploads/2025/04/Buffaloes.jpg"" alt="""" width=""10"" height=""10"" class=""alignnone size-full wp-image-6222"" />",<a href=https://npb.jp/bis/eng/teams/index_b.html>ORIX Buffaloes</a>,85,40,35,10,0.533,7.0,318,277,41,0.563,22-19(4),18-16(6),5-8(2),9-11(2),6-4(3),--,8-9(2),11-3(1),1-0
,"<img src=""https://www.yakyucosmo.com/wp-content/uploads/2025/04/Carp.jpg"" alt="""" width=""10"" height=""10"" class=""alignnone size-full wp-image-6223"" />",<a href=https://npb.jp/bis/eng/teams/index_c.html>Hiroshima Carp</a>,84,34,45,5,0.430,15.0,283,375,-92,0.374,16-22(3),18-23(2),8-10(1),3-12(1),7-9(1),9-8(2),--,7-6,--
,"<img src=""https://www.yakyucosmo.com/wp-content/uploads/2025/04/Ventures.jpg"" alt="""" width=""10"" height=""10"" class=""alignnone size-full wp-image-6297"" />",<a href=https://hayateventures.jp/>HAYATE Ventures</a>,77,24,52,1,0.316,23.5,192,349,-157,0.251,13-20(1),11-32,2-9,3-9,5-11,3-11(1),6-7,--,5-5
