#,,Team,G,W,L,T,PCT,GB,RS,RA,Diff,XPCT,Home,Road,vs M,vs G,vs L,vs F,vs E,vs DB,vs A,vs S,Inter
,"<img src=""https://www.yakyucosmo.com/wp-content/uploads/2025/04/Marines.jpg"" alt="""" width=""10"" height=""10"" class=""alignnone size-full wp-image-6240"" />",<a href=https://npb.jp/bis/eng/teams/index_m.html>Lotte Marines</a>,82,51,29,2,0.638,--,389,277,112,0.651,23-16(1),28-13(1),--,7-5,6-5(1),3-2(1),11-6,7-6,9-1,7-3,1-1
,"<img src=""https://www.yakyucosmo.com/wp-content/uploads/2025/04/Giants.jpg"" alt="""" width=""10"" height=""10"" class=""alignnone size-full wp-image-6227"" />",<a href=https://npb.jp/bis/eng/teams/index_g.html>Yomiuri Giants</a>,83,50,31,2,0.617,1.5,354,246,108,0.661,21-13(2),29-18,5-7,--,7-4(1),10-4,3-5(1),7-3,7-4,9-3,2-1
,"<img src=""https://www.yakyucosmo.com/wp-content/uploads/2025/04/Lions.jpg"" alt="""" width=""10"" height=""10"" class=""alignnone size-full wp-image-6219"" />",<a href=https://npb.jp/bis/eng/teams/index_l.html>Seibu Lions</a>,80,48,30,2,0.615,2.0,339,260,79,0.619,23-12,25-18(2),5-6(1),4-7(1),--,6-4,5-4,10-3,8-5,10-1,--
,"<img src=""https://www.yakyucosmo.com/wp-content/uploads/2025/04/Fighters.jpg"" alt="""" width=""10"" height=""10"" class=""alignnone size-full wp-image-6217"" />",<a href=https://npb.jp/bis/eng/teams/index_f.html>Nipponham Fighters</a>,79,40,38,1,0.513,10.0,309,291,18,0.527,23-16(1),17-22,2-3(1),4-10,4-6,--,8-6,9-2,5-6,7-4,1-1
,"<img src=""https://www.yakyucosmo.com/wp-content/uploads/2025/04/Eagles.jpg"" alt="""" width=""10"" height=""10"" class=""alignnone size-full wp-image-6218"" />",<a href=https://npb.jp/bis/eng/teams/index_e.html>Rakuten Eagles</a>,87,44,42,1,0.512,10.0,318,346,-28,0.461,29-20,15-22(1),6-11,5-3(1),4-5,6-8,--,7-6,7-3,9-6,--
,"<img src=""https://www.yakyucosmo.com/wp-content/uploads/2025/04/BayStars.jpg"" alt="""" width=""10"" height=""10"" class=""alignnone size-full wp-image-6228"" />",<a href=https://npb.jp/bis/eng/teams/index_db.html>DeNA BayStars</a>,89,35,53,1,0.398,20.0,354,390,-36,0.456,17-25(1),18-28,6-7,3-7,3-10,2-9,6-7,--,6-6,8-5(1),1-2
,"<img src=""https://www.yakyucosmo.com/wp-content/uploads/2025/04/Albirex.jpg"" alt="""" width=""10"" height=""10"" class=""alignnone size-full wp-image-6298"" />",<a href=https://www.niigata-albirex-bc.jp/>Oisix Albirex</a>,81,32,49,0,0.395,19.5,281,408,-127,0.336,20-23,12-26,1-9,4-7,5-8,6-5,3-7,6-6,--,6-2,1-5
,"<img src=""https://www.yakyucosmo.com/wp-content/uploads/2025/04/Swallows.jpg"" alt="""" width=""10"" height=""10"" class=""alignnone size-full wp-image-6226"" />",<a href=https://npb.jp/bis/eng/teams/index_s.html>Yakult Swallows</a>,81,24,56,1,0.300,27.0,216,335,-119,0.309,11-32,13-24(1),3-7,3-9,1-10,4-7,6-9,5-8(1),2-6,--,--
