#,,Team,G,W,L,T,PCT,GB,RS,RA,Diff,XPCT,Home,Road,vs G,vs M,vs L,vs F,vs E,vs DB,vs A,vs S,Inter
,"<img src=""https://www.yakyucosmo.com/wp-content/uploads/2025/04/Giants.jpg"" alt="""" width=""10"" height=""10"" class=""alignnone size-full wp-image-6227"" />",<a href=https://npb.jp/bis/eng/teams/index_g.html>Yomiuri Giants</a>,89,54,33,2,0.621,--,384,258,126,0.674,23-13(2),31-20,--,7-7,7-4(1),10-5,3-5(1),8-4,7-4,10-3,2-1
,"<img src=""https://www.yakyucosmo.com/wp-content/uploads/2025/04/Marines.jpg"" alt="""" width=""10"" height=""10"" class=""alignnone size-full wp-image-6240"" />",<a href=https://npb.jp/bis/eng/teams/index_m.html>Lotte Marines</a>,90,53,35,2,0.602,1.5,405,310,95,0.620,25-19(1),28-16(1),7-7,--,6-5(1),4-4(1),11-6,8-7,9-2,7-3,1-1
,"<img src=""https://www.yakyucosmo.com/wp-content/uploads/2025/04/Lions.jpg"" alt="""" width=""10"" height=""10"" class=""alignnone size-full wp-image-6219"" />",<a href=https://npb.jp/bis/eng/teams/index_l.html>Seibu Lions</a>,85,49,34,2,0.590,3.0,357,279,78,0.611,24-14,25-20(2),4-7(1),5-6(1),--,6-6,5-4,10-4,8-5,11-2,--
,"<img src=""https://www.yakyucosmo.com/wp-content/uploads/2025/04/Fighters.jpg"" alt="""" width=""10"" height=""10"" class=""alignnone size-full wp-image-6217"" />",<a href=https://npb.jp/bis/eng/teams/index_f.html>Nipponham Fighters</a>,86,45,40,1,0.529,8.0,343,316,27,0.537,26-17(1),19-23,5-10,4-4(1),6-6,--,8-7,9-2,5-6,7-4,1-1
,"<img src=""https://www.yakyucosmo.com/wp-content/uploads/2025/04/Eagles.jpg"" alt="""" width=""10"" height=""10"" class=""alignnone size-full wp-image-6218"" />",<a href=https://npb.jp/bis/eng/teams/index_e.html>Rakuten Eagles</a>,93,48,44,1,0.522,8.5,359,367,-8,0.490,31-20,17-24(1),5-3(1),6-11,4-5,7-8,--,8-8,9-3,9-6,--
,"<img src=""https://www.yakyucosmo.com/wp-content/uploads/2025/04/BayStars.jpg"" alt="""" width=""10"" height=""10"" class=""alignnone size-full wp-image-6228"" />",<a href=https://npb.jp/bis/eng/teams/index_db.html>DeNA BayStars</a>,97,40,56,1,0.417,18.5,380,426,-46,0.448,20-27(1),20-29,4-8,7-8,4-10,2-9,8-8,--,6-6,8-5(1),1-2
,"<img src=""https://www.yakyucosmo.com/wp-content/uploads/2025/04/Albirex.jpg"" alt="""" width=""10"" height=""10"" class=""alignnone size-full wp-image-6298"" />",<a href=https://www.niigata-albirex-bc.jp/>Oisix Albirex</a>,87,35,52,0,0.402,19.0,302,426,-124,0.348,22-23,13-29,4-7,2-9,5-8,6-5,3-9,6-6,--,7-3,2-5
,"<img src=""https://www.yakyucosmo.com/wp-content/uploads/2025/04/Swallows.jpg"" alt="""" width=""10"" height=""10"" class=""alignnone size-full wp-image-6226"" />",<a href=https://npb.jp/bis/eng/teams/index_s.html>Yakult Swallows</a>,89,28,60,1,0.318,26.5,244,375,-131,0.313,12-34,16-26(1),3-10,3-7,2-11,4-7,6-9,5-8(1),3-7,--,2-1
