#,,Team,G,W,L,T,PCT,GB,RS,RA,Diff,XPCT,Home,Road,vs M,vs G,vs L,vs F,vs E,vs DB,vs A,vs S,Inter
,"<img src=""https://www.yakyucosmo.com/wp-content/uploads/2025/04/Marines.jpg"" alt="""" width=""10"" height=""10"" class=""alignnone size-full wp-image-6240"" />",<a href=https://npb.jp/bis/eng/teams/index_m.html>Lotte Marines</a>,75,48,25,2,0.658,--,364,252,112,0.662,23-13(1),25-12(1),--,7-5,6-5(1),3-2(1),11-3,5-6,8-0,7-3,1-1
,"<img src=""https://www.yakyucosmo.com/wp-content/uploads/2025/04/Giants.jpg"" alt="""" width=""10"" height=""10"" class=""alignnone size-full wp-image-6227"" />",<a href=https://npb.jp/bis/eng/teams/index_g.html>Yomiuri Giants</a>,76,45,30,1,0.600,4.0,315,236,79,0.629,17-13(1),28-17,5-7,--,6-4,7-4,3-5(1),7-3,7-4,8-2,2-1
,"<img src=""https://www.yakyucosmo.com/wp-content/uploads/2025/04/Lions.jpg"" alt="""" width=""10"" height=""10"" class=""alignnone size-full wp-image-6219"" />",<a href=https://npb.jp/bis/eng/teams/index_l.html>Seibu Lions</a>,73,43,29,1,0.597,4.5,308,240,68,0.612,21-12,22-17(1),5-6(1),4-6,--,6-4,5-4,8-3,5-5,10-1,--
,"<img src=""https://www.yakyucosmo.com/wp-content/uploads/2025/04/Fighters.jpg"" alt="""" width=""10"" height=""10"" class=""alignnone size-full wp-image-6217"" />",<a href=https://npb.jp/bis/eng/teams/index_f.html>Nipponham Fighters</a>,71,39,31,1,0.557,7.5,288,248,40,0.568,22-14(1),17-17,2-3(1),4-7,4-6,--,7-5,9-2,5-4,7-3,1-1
,"<img src=""https://www.yakyucosmo.com/wp-content/uploads/2025/04/Eagles.jpg"" alt="""" width=""10"" height=""10"" class=""alignnone size-full wp-image-6218"" />",<a href=https://npb.jp/bis/eng/teams/index_e.html>Rakuten Eagles</a>,76,36,39,1,0.480,13.0,267,303,-36,0.442,25-19,11-20(1),3-11,5-3(1),4-5,5-7,--,5-5,7-3,7-5,--
,"<img src=""https://www.yakyucosmo.com/wp-content/uploads/2025/04/BayStars.jpg"" alt="""" width=""10"" height=""10"" class=""alignnone size-full wp-image-6228"" />",<a href=https://npb.jp/bis/eng/teams/index_db.html>DeNA BayStars</a>,79,33,45,1,0.423,17.5,330,358,-28,0.463,17-23(1),16-22,6-5,3-7,3-8,2-9,5-5,--,6-6,7-4(1),1-1
,"<img src=""https://www.yakyucosmo.com/wp-content/uploads/2025/04/Albirex.jpg"" alt="""" width=""10"" height=""10"" class=""alignnone size-full wp-image-6298"" />",<a href=https://www.niigata-albirex-bc.jp/>Oisix Albirex</a>,74,29,45,0,0.392,19.5,255,374,-119,0.332,17-19,12-26,0-8,4-7,5-5,4-5,3-7,6-6,--,6-2,1-5
,"<img src=""https://www.yakyucosmo.com/wp-content/uploads/2025/04/Swallows.jpg"" alt="""" width=""10"" height=""10"" class=""alignnone size-full wp-image-6226"" />",<a href=https://npb.jp/bis/eng/teams/index_s.html>Yakult Swallows</a>,73,20,52,1,0.278,27.5,183,291,-108,0.300,8-30,12-22(1),3-7,2-8,1-10,3-7,5-7,4-7(1),2-6,--,--
