#,,Team,G,W,L,T,PCT,GB,RS,RA,Diff,XPCT,Home,Road,vs D,vs H,vs T,vs B,vs C,vs V,Inter
,"<img src=""https://www.yakyucosmo.com/wp-content/uploads/2025/04/Dragons.jpg"" alt="""" width=""10"" height=""10"" class=""alignnone size-full wp-image-6225"" />",<a href=https://npb.jp/bis/eng/teams/index_d.html>Chunichi Dragons</a>,79,47,27,5,0.635,--,336,232,104,0.663,23-11(1),24-16(4),--,10-5,10-7(2),8-5(2),10-8(1),9-2,--
,"<img src=""https://www.yakyucosmo.com/wp-content/uploads/2025/04/Hawks.jpg"" alt="""" width=""10"" height=""10"" class=""alignnone size-full wp-image-6220"" /> ",<a href=https://npb.jp/bis/eng/teams/index_h.html>SoftBank Hawks</a>,83,46,34,3,0.575,4.0,352,283,69,0.599,29-19(1),17-15(2),5-10,--,7-9,11-9(2),12-3(1),9-3,2-0
,"<img src=""https://www.yakyucosmo.com/wp-content/uploads/2025/04/Tigers.jpg"" alt="""" width=""10"" height=""10"" class=""alignnone size-full wp-image-6224"" />",<a href=https://npb.jp/bis/eng/teams/index_t.html>Hanshin Tigers</a>,87,44,37,6,0.543,6.5,352,308,44,0.561,22-17(5),22-20(1),7-10(2),9-7,--,4-6(3),11-8(1),11-5,2-1
,"<img src=""https://www.yakyucosmo.com/wp-content/uploads/2025/04/Buffaloes.jpg"" alt="""" width=""10"" height=""10"" class=""alignnone size-full wp-image-6222"" />",<a href=https://npb.jp/bis/eng/teams/index_b.html>ORIX Buffaloes</a>,88,41,37,10,0.526,8.0,321,281,40,0.561,23-21(4),18-16(6),5-8(2),9-11(2),6-4(3),--,8-9(2),12-5(1),1-0
,"<img src=""https://www.yakyucosmo.com/wp-content/uploads/2025/04/Carp.jpg"" alt="""" width=""10"" height=""10"" class=""alignnone size-full wp-image-6223"" />",<a href=https://npb.jp/bis/eng/teams/index_c.html>Hiroshima Carp</a>,87,35,47,5,0.427,16.0,292,400,-108,0.360,17-24(3),18-23(2),8-10(1),3-12(1),8-11(1),9-8(2),--,7-6,--
,"<img src=""https://www.yakyucosmo.com/wp-content/uploads/2025/04/Ventures.jpg"" alt="""" width=""10"" height=""10"" class=""alignnone size-full wp-image-6297"" />",<a href=https://hayateventures.jp/>HAYATE Ventures</a>,80,26,53,1,0.329,23.5,196,352,-156,0.255,13-20(1),13-33,2-9,3-9,5-11,5-12(1),6-7,--,5-5
