#,Team,G,W,L,T,PCT,GB,RS,RA,Diff,XPCT,Home,Road,vs M,vs G,vs F,vs L,vs S,vs A,vs E,vs DB
,<a href=https://npb.jp/bis/eng/teams/index_m.html>Lotte Marines</a>,13,10,1,2,0.909,--,70,41,29,0.727,6-1(1),4-0(1),--,--,0-0(1),2-0(1),1-0,2-0,3-0,2-1
,<a href=https://npb.jp/bis/eng/teams/index_g.html>Yomiuri Giants</a>,15,11,4,0,0.733,1.0,84,40,44,0.795,3-1,8-3,--,--,2-1,1-1,2-1,3-0,0-1,3-0
,<a href=https://npb.jp/bis/eng/teams/index_f.html>Nipponham Fighters</a>,13,6,6,1,0.500,4.5,34,36,-2,0.474,5-3(1),1-3,0-0(1),1-2,--,1-1,2-1,0-2,--,2-0
,<a href=https://npb.jp/bis/eng/teams/index_l.html>Seibu Lions</a>,15,6,8,1,0.429,5.5,45,51,-6,0.443,3-3,3-5(1),0-2(1),1-1,1-1,--,--,2-3,--,2-1
,<a href=https://npb.jp/bis/eng/teams/index_s.html>Yakult Swallows</a>,13,5,7,1,0.417,5.5,39,40,-1,0.488,3-3,2-4(1),0-1,1-2,1-2,--,--,--,3-2,0-0(1)
,Oisix Albirex,15,6,9,0,0.400,6.0,41,67,-26,0.289,5-2,1-7,0-2,0-3,2-0,3-2,--,--,1-1,0-1
,<a href=https://npb.jp/bis/eng/teams/index_e.html>Rakuten Eagles</a>,13,5,8,0,0.385,6.0,37,59,-22,0.299,3-5,2-3,0-3,1-0,--,--,2-3,1-1,--,1-1
,<a href=https://npb.jp/bis/eng/teams/index_db.html>DeNA BayStars</a>,15,4,10,1,0.286,7.5,57,73,-16,0.389,2-5(1),2-5,1-2,0-3,0-2,1-2,0-0(1),1-0,1-1,--
