#,,Team,G,W,L,T,PCT,GB,RS,RA,Diff,XPCT,Home,Road,vs D,vs H,vs T,vs B,vs C,vs V,Inter
,"<img src=""https://www.yakyucosmo.com/wp-content/uploads/2025/04/Dragons.jpg"" alt="""" width=""10"" height=""10"" class=""alignnone size-full wp-image-6225"" />",<a href=https://npb.jp/bis/eng/teams/index_d.html>Chunichi Dragons</a>,81,48,28,5,0.632,--,349,244,105,0.658,24-12(1),24-16(4),--,10-5,11-8(2),8-5(2),10-8(1),9-2,--
,"<img src=""https://www.yakyucosmo.com/wp-content/uploads/2025/04/Hawks.jpg"" alt="""" width=""10"" height=""10"" class=""alignnone size-full wp-image-6220"" /> ",<a href=https://npb.jp/bis/eng/teams/index_h.html>SoftBank Hawks</a>,85,48,34,3,0.585,3.0,369,286,83,0.615,31-19(1),17-15(2),5-10,--,7-9,11-9(2),12-3(1),11-3,2-0
,"<img src=""https://www.yakyucosmo.com/wp-content/uploads/2025/04/Tigers.jpg"" alt="""" width=""10"" height=""10"" class=""alignnone size-full wp-image-6224"" />",<a href=https://npb.jp/bis/eng/teams/index_t.html>Hanshin Tigers</a>,89,45,38,6,0.542,6.5,364,321,43,0.557,22-17(5),23-21(1),8-11(2),9-7,--,4-6(3),11-8(1),11-5,2-1
,"<img src=""https://www.yakyucosmo.com/wp-content/uploads/2025/04/Buffaloes.jpg"" alt="""" width=""10"" height=""10"" class=""alignnone size-full wp-image-6222"" />",<a href=https://npb.jp/bis/eng/teams/index_b.html>ORIX Buffaloes</a>,90,41,38,11,0.519,8.5,325,291,34,0.550,23-22(5),18-16(6),5-8(2),9-11(2),6-4(3),--,8-10(3),12-5(1),1-0
,"<img src=""https://www.yakyucosmo.com/wp-content/uploads/2025/04/Carp.jpg"" alt="""" width=""10"" height=""10"" class=""alignnone size-full wp-image-6223"" />",<a href=https://npb.jp/bis/eng/teams/index_c.html>Hiroshima Carp</a>,89,36,47,6,0.434,15.5,302,404,-102,0.370,17-24(3),19-23(3),8-10(1),3-12(1),8-11(1),10-8(3),--,7-6,--
,"<img src=""https://www.yakyucosmo.com/wp-content/uploads/2025/04/Ventures.jpg"" alt="""" width=""10"" height=""10"" class=""alignnone size-full wp-image-6297"" />",<a href=https://hayateventures.jp/>HAYATE Ventures</a>,82,26,55,1,0.321,24.5,199,369,-170,0.244,13-20(1),13-35,2-9,3-11,5-11,5-12(1),6-7,--,5-5
