#,,Team,G,W,L,T,PCT,GB,RS,RA,Diff,XPCT,Home,Road,vs D,vs H,vs T,vs B,vs C,vs V,Inter
,"<img src=""https://www.yakyucosmo.com/wp-content/uploads/2025/04/Dragons.jpg"" alt="""" width=""10"" height=""10"" class=""alignnone size-full wp-image-6225"" />",<a href=https://npb.jp/bis/eng/teams/index_d.html>Chunichi Dragons</a>,52,32,16,4,0.667,--,234,152,82,0.688,16-6(1),16-10(3),--,6-2,8-3(2),5-4(2),7-6,6-1,--
,"<img src=""https://www.yakyucosmo.com/wp-content/uploads/2025/04/Hawks.jpg"" alt="""" width=""10"" height=""10"" class=""alignnone size-full wp-image-6220"" /> ",<a href=https://npb.jp/bis/eng/teams/index_h.html>SoftBank Hawks</a>,53,28,23,2,0.549,5.5,232,179,53,0.616,16-13(1),12-10(1),2-6,--,5-7,7-5(1),8-2(1),6-3,--
,"<img src=""https://www.yakyucosmo.com/wp-content/uploads/2025/04/Tigers.jpg"" alt="""" width=""10"" height=""10"" class=""alignnone size-full wp-image-6224"" />",<a href=https://npb.jp/bis/eng/teams/index_t.html>Hanshin Tigers</a>,56,26,25,5,0.510,7.5,203,216,-13,0.472,13-13(4),13-12(1),3-8(2),7-5,--,3-2(3),6-5,5-4,2-1
,"<img src=""https://www.yakyucosmo.com/wp-content/uploads/2025/04/Buffaloes.jpg"" alt="""" width=""10"" height=""10"" class=""alignnone size-full wp-image-6222"" />",<a href=https://npb.jp/bis/eng/teams/index_b.html>ORIX Buffaloes</a>,58,25,25,8,0.500,8.0,196,197,-1,0.498,15-13(3),10-12(5),4-5(2),5-7(1),2-3(3),--,4-7(2),9-3,1-0
,"<img src=""https://www.yakyucosmo.com/wp-content/uploads/2025/04/Carp.jpg"" alt="""" width=""10"" height=""10"" class=""alignnone size-full wp-image-6223"" />",<a href=https://npb.jp/bis/eng/teams/index_c.html>Hiroshima Carp</a>,56,24,29,3,0.453,10.5,193,238,-45,0.405,13-13(2),11-16(1),6-7,2-8(1),5-6,7-4(2),--,4-4,--
,"<img src=""https://www.yakyucosmo.com/wp-content/uploads/2025/04/Ventures.jpg"" alt="""" width=""10"" height=""10"" class=""alignnone size-full wp-image-6297"" />",<a href=https://hayateventures.jp/>HAYATE Ventures</a>,52,18,34,0,0.346,16.0,142,237,-95,0.281,10-13,8-21,1-6,3-6,4-5,3-9,4-4,--,3-4
