#,,Team,G,W,L,T,PCT,GB,RS,RA,Diff,XPCT,Home,Road,vs M,vs G,vs L,vs F,vs E,vs DB,vs A,vs S,Inter
,"<img src=""https://www.yakyucosmo.com/wp-content/uploads/2025/04/Marines.jpg"" alt="""" width=""10"" height=""10"" class=""alignnone size-full wp-image-6240"" />",<a href=https://npb.jp/bis/eng/teams/index_m.html>Lotte Marines</a>,78,48,28,2,0.632,--,372,267,105,0.647,23-16(1),25-12(1),--,7-5,6-5(1),3-2(1),11-6,5-6,8-0,7-3,1-1
,"<img src=""https://www.yakyucosmo.com/wp-content/uploads/2025/04/Giants.jpg"" alt="""" width=""10"" height=""10"" class=""alignnone size-full wp-image-6227"" />",<a href=https://npb.jp/bis/eng/teams/index_g.html>Yomiuri Giants</a>,79,48,30,1,0.615,1.0,334,240,94,0.647,20-13(1),28-17,5-7,--,6-4,10-4,3-5(1),7-3,7-4,8-2,2-1
,"<img src=""https://www.yakyucosmo.com/wp-content/uploads/2025/04/Lions.jpg"" alt="""" width=""10"" height=""10"" class=""alignnone size-full wp-image-6219"" />",<a href=https://npb.jp/bis/eng/teams/index_l.html>Seibu Lions</a>,76,46,29,1,0.613,1.5,328,250,78,0.622,21-12,25-17(1),5-6(1),4-6,--,6-4,5-4,8-3,8-5,10-1,--
,"<img src=""https://www.yakyucosmo.com/wp-content/uploads/2025/04/Fighters.jpg"" alt="""" width=""10"" height=""10"" class=""alignnone size-full wp-image-6217"" />",<a href=https://npb.jp/bis/eng/teams/index_f.html>Nipponham Fighters</a>,74,39,34,1,0.534,7.5,292,267,25,0.541,22-14(1),17-20,2-3(1),4-10,4-6,--,7-5,9-2,5-4,7-3,1-1
,"<img src=""https://www.yakyucosmo.com/wp-content/uploads/2025/04/Eagles.jpg"" alt="""" width=""10"" height=""10"" class=""alignnone size-full wp-image-6218"" />",<a href=https://npb.jp/bis/eng/teams/index_e.html>Rakuten Eagles</a>,81,39,41,1,0.488,11.0,284,324,-40,0.440,25-20,14-21(1),6-11,5-3(1),4-5,5-7,--,5-6,7-3,7-6,--
,"<img src=""https://www.yakyucosmo.com/wp-content/uploads/2025/04/BayStars.jpg"" alt="""" width=""10"" height=""10"" class=""alignnone size-full wp-image-6228"" />",<a href=https://npb.jp/bis/eng/teams/index_db.html>DeNA BayStars</a>,83,35,47,1,0.427,16.0,347,371,-24,0.469,17-23(1),18-24,6-5,3-7,3-8,2-9,6-5,--,6-6,8-5(1),1-2
,"<img src=""https://www.yakyucosmo.com/wp-content/uploads/2025/04/Albirex.jpg"" alt="""" width=""10"" height=""10"" class=""alignnone size-full wp-image-6298"" />",<a href=https://www.niigata-albirex-bc.jp/>Oisix Albirex</a>,77,29,48,0,0.377,19.5,265,394,-129,0.326,17-22,12-26,0-8,4-7,5-8,4-5,3-7,6-6,--,6-2,1-5
,"<img src=""https://www.yakyucosmo.com/wp-content/uploads/2025/04/Swallows.jpg"" alt="""" width=""10"" height=""10"" class=""alignnone size-full wp-image-6226"" />",<a href=https://npb.jp/bis/eng/teams/index_s.html>Yakult Swallows</a>,76,22,53,1,0.293,25.5,201,303,-102,0.321,10-31,12-22(1),3-7,2-8,1-10,3-7,6-7,5-8(1),2-6,--,--
