Rank,Pitcher,G,W,L,SV,CG,SHO,BF,IP,H,HR,SO,BB,IBB,HB,WP,R,ER,ERA,FIP,kwERA,WHIP,ERA+,FIP-,kwERA-,Diff,HR%,K%,BB%,K-BB%,Age,T,,Team,League
,<a href=https://npb.jp/bis/eng/players/31335155.html>Itoh Ryo</a>,16,3,7,0,0,0,318,72.0,73,3,44,35,0,3,4,29,28,3.50,4.50,4.52,1.50,87,124,117,-1.00,0.9%,13.8%,11.0%,2.8%,25,L,"<img src=""https://www.yakyucosmo.com/wp-content/uploads/2025/04/Tigers.jpg"" alt="""" width=""10"" height=""10"" class=""alignnone size-full wp-image-6224"" />",<a href=https://npb.jp/bis/eng/teams/index_t.html>Hanshin</a>,WL
,<a href=https://npb.jp/bis/eng/players/31435159.html>Tsunehiro Hayato</a>,14,3,9,0,0,0,343,75.1,84,2,50,32,0,3,10,49,39,4.66,4.00,4.28,1.54,68,106,111,0.66,0.6%,14.6%,9.3%,5.2%,23,R,"<img src=""https://www.yakyucosmo.com/wp-content/uploads/2025/04/Carp.jpg"" alt="""" width=""10"" height=""10"" class=""alignnone size-full wp-image-6223"" />",<a href=https://npb.jp/bis/eng/teams/index_c.html>Hiroshima</a>,WL
,<a href=https://npb.jp/bis/eng/players/31935155.html>Kozono Kenta</a>,13,6,3,0,0,0,305,75.0,54,5,53,29,0,2,2,23,17,2.04,4.29,4.01,1.11,160,110,104,-2.25,1.6%,17.4%,9.5%,7.9%,22,R,"<img src=""https://www.yakyucosmo.com/wp-content/uploads/2025/04/BayStars.jpg"" alt="""" width=""10"" height=""10"" class=""alignnone size-full wp-image-6228"" />",<a href=https://npb.jp/bis/eng/teams/index_db.html>DeNA</a>,EL
,<a href=https://npb.jp/bis/eng/players/81985159.html>Shoji Haruto</a>,16,2,6,0,0,0,329,74.1,77,9,45,30,0,5,2,40,31,3.75,5.37,4.34,1.44,87,137,113,-1.62,2.7%,13.7%,9.1%,4.6%,24,L,"<img src=""https://www.yakyucosmo.com/wp-content/uploads/2025/04/BayStars.jpg"" alt="""" width=""10"" height=""10"" class=""alignnone size-full wp-image-6228"" />",<a href=https://npb.jp/bis/eng/teams/index_db.html>DeNA</a>,EL
,<a href=https://npb.jp/bis/eng/players/43345159.html>Morita Shunya</a>,14,6,5,0,0,0,308,72.2,74,2,52,20,0,7,1,33,29,3.59,3.63,3.76,1.29,93,91,98,-0.04,0.6%,16.9%,6.5%,10.4%,28,L,"<img src=""https://www.yakyucosmo.com/wp-content/uploads/2025/04/Giants.jpg"" alt="""" width=""10"" height=""10"" class=""alignnone size-full wp-image-6227"" />",<a href=https://npb.jp/bis/eng/teams/index_g.html>Yomiuri</a>,EL
,<a href=https://npb.jp/bis/eng/players/77575159.html>Shimokawa Shunsuke</a>,13,3,5,0,0,0,270,64.0,59,8,41,27,0,4,0,30,25,3.52,5.39,4.28,1.34,90,142,111,-1.87,3.0%,15.2%,10.0%,5.2%,25,R,"<img src=""https://www.yakyucosmo.com/wp-content/uploads/2025/04/Swallows.jpg"" alt="""" width=""10"" height=""10"" class=""alignnone size-full wp-image-6226"" />",<a href=https://npb.jp/bis/eng/teams/index_s.html>Yakult</a>,EL
,<a href=https://npb.jp/bis/eng/players/73175153.html>Matsukihira Yuta</a>,10,4,3,0,0,0,273,66.0,65,5,42,14,0,3,3,28,26,3.55,4.08,3.77,1.20,93,103,98,-0.53,1.8%,15.4%,5.1%,10.3%,22,R,"<img src=""https://www.yakyucosmo.com/wp-content/uploads/2025/04/Dragons.jpg"" alt="""" width=""10"" height=""10"" class=""alignnone size-full wp-image-6225"" />",<a href=https://npb.jp/bis/eng/teams/index_d.html>Chunichi</a>,WL
,<a href=https://npb.jp/bis/eng/players/93295157.html>Mejia Humberto</a>,14,6,5,0,0,0,309,78.0,62,2,50,19,0,5,5,23,21,2.42,3.57,3.80,1.04,136,90,98,-1.15,0.6%,16.2%,6.1%,10.0%,28,R,"<img src=""https://www.yakyucosmo.com/wp-content/uploads/2025/04/Dragons.jpg"" alt="""" width=""10"" height=""10"" class=""alignnone size-full wp-image-6225"" />",<a href=https://npb.jp/bis/eng/teams/index_d.html>Chunichi</a>,WL
,<a href=https://npb.jp/bis/eng/players/21425138.html>Bandoh Yugo</a>,14,5,1,0,0,0,294,71.2,70,1,36,15,0,2,0,25,21,2.64,3.48,4.09,1.19,121,91,106,-0.84,0.3%,12.2%,5.1%,7.1%,29,R,"<img src=""https://www.yakyucosmo.com/wp-content/uploads/2025/04/Hawks.jpg"" alt="""" width=""10"" height=""10"" class=""alignnone size-full wp-image-6220"" /> ",<a href=https://npb.jp/bis/eng/teams/index_h.html>SoftBank</a>,WL
,<a href=https://npb.jp/bis/eng/players/43745138.html>Wang Yan-Cheng</a>,15,7,3,0,0,0,325,76.0,81,2,57,22,0,6,3,33,28,3.32,3.54,3.72,1.36,96,92,97,-0.22,0.6%,17.5%,6.8%,10.8%,24,L,"<img src=""https://www.yakyucosmo.com/wp-content/uploads/2025/04/Eagles.jpg"" alt="""" width=""10"" height=""10"" class=""alignnone size-full wp-image-6218"" />",<a href=https://npb.jp/bis/eng/teams/index_e.html>Rakuten</a>,EL
,<a href=https://npb.jp/bis/eng/players/11315159.html>Itogawa Ryota</a>,19,3,1,0,0,0,269,64.0,62,3,49,13,0,3,4,24,22,3.09,3.42,3.46,1.17,110,84,90,-0.33,1.1%,18.2%,4.8%,13.4%,27,R,"<img src=""https://www.yakyucosmo.com/wp-content/uploads/2025/04/Lions.jpg"" alt="""" width=""10"" height=""10"" class=""alignnone size-full wp-image-6219"" />",<a href=https://npb.jp/bis/eng/teams/index_l.html>Seibu</a>,EL
,<a href=https://npb.jp/bis/eng/players/81685138.html>Matsumoto Wataru</a>,13,4,1,0,0,0,271,67.2,61,1,45,13,0,2,0,19,17,2.26,3.12,3.62,1.09,150,77,94,-0.86,0.4%,16.6%,4.8%,11.8%,28,R,"<img src=""https://www.yakyucosmo.com/wp-content/uploads/2025/04/Lions.jpg"" alt="""" width=""10"" height=""10"" class=""alignnone size-full wp-image-6219"" />",<a href=https://npb.jp/bis/eng/teams/index_l.html>Seibu</a>,EL
,Makino Kenshin,20,4,2,0,1,1,360,82.1,92,6,62,27,0,1,2,36,25,2.73,4.05,3.83,1.45,107,116,99,-1.32,1.7%,17.2%,7.5%,9.7%,25,L,"<img src=""https://www.yakyucosmo.com/wp-content/uploads/2025/04/Albirex.jpg"" alt="""" width=""10"" height=""10"" class=""alignnone size-full wp-image-6298"" />",<a href=https://www.niigata-albirex-bc.jp/>Oisix</a>,EL
,Noto Syuto,17,9,2,0,0,0,433,101.0,96,3,79,39,0,1,3,34,29,2.58,3.60,3.88,1.34,113,103,101,-1.02,0.7%,18.2%,9.0%,9.2%,23,R,"<img src=""https://www.yakyucosmo.com/wp-content/uploads/2025/04/Albirex.jpg"" alt="""" width=""10"" height=""10"" class=""alignnone size-full wp-image-6298"" />",<a href=https://www.niigata-albirex-bc.jp/>Oisix</a>,EL
,Yabuta Kazuki,15,2,5,0,0,0,376,82.0,104,7,42,34,0,0,4,50,43,4.72,4.92,4.59,1.68,62,141,119,-0.20,1.9%,11.2%,9.0%,2.1%,32,R,"<img src=""https://www.yakyucosmo.com/wp-content/uploads/2025/04/Albirex.jpg"" alt="""" width=""10"" height=""10"" class=""alignnone size-full wp-image-6298"" />",<a href=https://www.niigata-albirex-bc.jp/>Oisix</a>,EL
,Kasashima Naoki,15,3,5,0,0,0,358,85.1,76,3,61,25,0,5,1,33,23,2.43,3.68,3.79,1.18,139,91,98,-1.25,0.8%,17.0%,7.0%,10.1%,22,R,"<img src=""https://www.yakyucosmo.com/wp-content/uploads/2025/04/Ventures.jpg"" alt="""" width=""10"" height=""10"" class=""alignnone size-full wp-image-6297"" />",<a href=https://hayateventures.jp/>HAYATE</a>,WL
,Okuda Kanata,15,2,7,0,0,0,316,72.2,95,1,28,15,0,0,3,33,31,3.84,3.62,4.39,1.51,88,90,114,0.22,0.3%,8.9%,4.7%,4.1%,24,L,"<img src=""https://www.yakyucosmo.com/wp-content/uploads/2025/04/Ventures.jpg"" alt="""" width=""10"" height=""10"" class=""alignnone size-full wp-image-6297"" />",<a href=https://hayateventures.jp/>HAYATE</a>,WL
