#,Team,G,W,L,T,PCT,GB,RS,RA,Diff,XPCT,Home,Road,vs D,vs H,vs T,vs B,vs C,vs V
,<a href=https://npb.jp/bis/eng/teams/index_d.html>Chunichi Dragons</a>,13,10,2,1,0.833,--,66,33,33,0.780,5-2(1),5-0,--,2-0,2-1,1-1(1),2-0,3-0
,<a href=https://npb.jp/bis/eng/teams/index_h.html>SoftBank Hawks</a>,14,8,6,0,0.571,3.0,75,35,40,0.801,4-4,4-2,0-2,--,1-2,2-1,3-0,2-1
,<a href=https://npb.jp/bis/eng/teams/index_t.html>Hanshin Tigers</a>,14,7,6,1,0.538,3.5,42,47,-5,0.449,5-3,2-3(1),1-2,2-1,--,1-1(1),1-1,2-1
,<a href=https://npb.jp/bis/eng/teams/index_b.html>ORIX Buffaloes</a>,14,5,7,2,0.417,5.0,38,45,-7,0.423,2-3(1),3-4(1),1-1(1),1-2,1-1(1),--,1-2,1-1
,<a href=https://npb.jp/bis/eng/teams/index_c.html>Hiroshima Carp</a>,12,4,8,0,0.333,6.0,26,56,-30,0.197,1-4,3-4,0-2,0-3,1-1,2-1,--,1-1
,HAYATE Ventures,13,4,9,0,0.308,6.5,0,0,0,nan,1-4,3-5,0-3,1-2,1-2,1-1,1-1,--
