#,,Team,G,W,L,T,PCT,GB,RS,RA,Diff,XPCT,Home,Road,vs G,vs L,vs M,vs F,vs E,vs A,vs DB,vs S,Inter
,"<img src=""https://www.yakyucosmo.com/wp-content/uploads/2025/04/Giants.jpg"" alt="""" width=""10"" height=""10"" class=""alignnone size-full wp-image-6227"" />",<a href=https://npb.jp/bis/eng/teams/index_g.html>Yomiuri Giants</a>,51,32,18,1,0.640,--,224,149,75,0.678,12-8(1),20-10,--,5-3,4-4,6-3,2-4(1),4-1,7-1,2-1,2-1
,"<img src=""https://www.yakyucosmo.com/wp-content/uploads/2025/04/Lions.jpg"" alt="""" width=""10"" height=""10"" class=""alignnone size-full wp-image-6219"" />",<a href=https://npb.jp/bis/eng/teams/index_l.html>Seibu Lions</a>,49,28,20,1,0.583,3.0,216,166,50,0.618,13-8,15-12(1),3-5,--,4-4(1),3-1,1-3,5-5,6-1,6-1,--
,"<img src=""https://www.yakyucosmo.com/wp-content/uploads/2025/04/Marines.jpg"" alt="""" width=""10"" height=""10"" class=""alignnone size-full wp-image-6240"" />",<a href=https://npb.jp/bis/eng/teams/index_m.html>Lotte Marines</a>,50,28,20,2,0.583,3.0,216,167,49,0.616,13-11(1),15-9(1),4-4,4-4(1),--,0-1(1),7-2,4-0,3-5,5-3,1-1
,"<img src=""https://www.yakyucosmo.com/wp-content/uploads/2025/04/Fighters.jpg"" alt="""" width=""10"" height=""10"" class=""alignnone size-full wp-image-6217"" />",<a href=https://npb.jp/bis/eng/teams/index_f.html>Nipponham Fighters</a>,47,26,20,1,0.565,4.0,170,147,23,0.566,14-11(1),12-9,3-6,1-3,1-0(1),--,6-3,2-3,6-2,6-2,1-1
,"<img src=""https://www.yakyucosmo.com/wp-content/uploads/2025/04/Eagles.jpg"" alt="""" width=""10"" height=""10"" class=""alignnone size-full wp-image-6218"" />",<a href=https://npb.jp/bis/eng/teams/index_e.html>Rakuten Eagles</a>,51,25,25,1,0.500,7.0,163,185,-22,0.442,17-11,8-14(1),4-2(1),3-1,2-7,3-6,--,6-1,4-4,3-4,--
,"<img src=""https://www.yakyucosmo.com/wp-content/uploads/2025/04/Albirex.jpg"" alt="""" width=""10"" height=""10"" class=""alignnone size-full wp-image-6298"" />",<a href=https://www.niigata-albirex-bc.jp/>Oisix Albirex</a>,49,20,29,0,0.408,11.5,153,228,-75,0.325,10-12,10-17,1-4,5-5,0-4,3-2,1-6,--,3-3,6-2,1-3
,"<img src=""https://www.yakyucosmo.com/wp-content/uploads/2025/04/BayStars.jpg"" alt="""" width=""10"" height=""10"" class=""alignnone size-full wp-image-6228"" />",<a href=https://npb.jp/bis/eng/teams/index_db.html>DeNA BayStars</a>,52,20,31,1,0.392,12.5,197,220,-23,0.450,12-16(1),8-15,1-7,1-6,5-3,2-6,4-4,3-3,--,4-2(1),--
,"<img src=""https://www.yakyucosmo.com/wp-content/uploads/2025/04/Swallows.jpg"" alt="""" width=""10"" height=""10"" class=""alignnone size-full wp-image-6226"" />",<a href=https://npb.jp/bis/eng/teams/index_s.html>Yakult Swallows</a>,48,15,32,1,0.319,15.5,128,186,-58,0.335,6-19,9-13(1),1-2,1-6,3-5,2-6,4-3,2-6,2-4(1),--,--
