#,,Team,G,W,L,T,PCT,GB,RS,RA,Diff,XPCT,Home,Road,vs D,vs T,vs H,vs B,vs C,vs V,Inter
,"<img src=""https://www.yakyucosmo.com/wp-content/uploads/2025/04/Dragons.jpg"" alt="""" width=""10"" height=""10"" class=""alignnone size-full wp-image-6225"" />",<a href=https://npb.jp/bis/eng/teams/index_d.html>Chunichi Dragons</a>,27,18,7,2,0.720,--,125,71,54,0.738,10-3(1),8-4(1),--,3-2(1),5-1,2-3(1),3-1,5-0,--
,"<img src=""https://www.yakyucosmo.com/wp-content/uploads/2025/04/Tigers.jpg"" alt="""" width=""10"" height=""10"" class=""alignnone size-full wp-image-6224"" />",<a href=https://npb.jp/bis/eng/teams/index_t.html>Hanshin Tigers</a>,26,14,10,2,0.583,3.5,94,80,14,0.573,8-5(1),6-5(1),2-3(1),--,2-1,2-1(1),5-3,3-2,--
,"<img src=""https://www.yakyucosmo.com/wp-content/uploads/2025/04/Hawks.jpg"" alt="""" width=""10"" height=""10"" class=""alignnone size-full wp-image-6220"" /> ",<a href=https://npb.jp/bis/eng/teams/index_h.html>SoftBank Hawks</a>,28,15,13,0,0.536,4.5,122,86,36,0.655,8-7,7-6,1-5,1-2,--,5-4,5-0,3-2,--
,"<img src=""https://www.yakyucosmo.com/wp-content/uploads/2025/04/Buffaloes.jpg"" alt="""" width=""10"" height=""10"" class=""alignnone size-full wp-image-6222"" />",<a href=https://npb.jp/bis/eng/teams/index_b.html>ORIX Buffaloes</a>,30,13,14,3,0.481,6.0,85,96,-11,0.445,8-7(1),5-7(2),3-2(1),1-2(1),4-5,--,1-4(1),4-1,--
,"<img src=""https://www.yakyucosmo.com/wp-content/uploads/2025/04/Carp.jpg"" alt="""" width=""10"" height=""10"" class=""alignnone size-full wp-image-6223"" />",<a href=https://npb.jp/bis/eng/teams/index_c.html>Hiroshima Carp</a>,26,10,15,1,0.400,8.0,73,112,-39,0.314,6-7(1),4-8,1-3,3-5,0-5,4-1(1),--,2-1,--
,"<img src=""https://www.yakyucosmo.com/wp-content/uploads/2025/04/Ventures.jpg"" alt="""" width=""10"" height=""10"" class=""alignnone size-full wp-image-6297"" />",<a href=https://hayateventures.jp/>HAYATE Ventures</a>,26,7,19,0,0.269,11.5,58,124,-66,0.199,3-7,4-12,0-5,2-3,2-3,1-4,1-2,--,1-2
