#,,Team,G,W,L,T,PCT,GB,RS,RA,Diff,XPCT,Home,Road,vs D,vs H,vs T,vs B,vs C,vs V
,"<img src=""https://www.yakyucosmo.com/wp-content/uploads/2025/04/Dragons.jpg"" alt="""" width=""10"" height=""10"" class=""alignnone size-full wp-image-6225"" />",<a href=https://npb.jp/bis/eng/teams/index_d.html>Chunichi Dragons</a>,20,13,5,2,0.722,--,93,60,33,0.690,7-3(1),6-2(1),--,4-1,3-2(1),1-1(1),2-1,3-0
,"<img src=""https://www.yakyucosmo.com/wp-content/uploads/2025/04/Hawks.jpg"" alt="""" width=""10"" height=""10"" class=""alignnone size-full wp-image-6220"" /> ",<a href=https://npb.jp/bis/eng/teams/index_h.html>SoftBank Hawks</a>,22,13,9,0,0.591,2.0,104,64,40,0.709,7-5,6-4,1-4,--,1-2,3-1,5-0,3-2
,"<img src=""https://www.yakyucosmo.com/wp-content/uploads/2025/04/Tigers.jpg"" alt="""" width=""10"" height=""10"" class=""alignnone size-full wp-image-6224"" />",<a href=https://npb.jp/bis/eng/teams/index_t.html>Hanshin Tigers</a>,21,10,9,2,0.526,3.5,72,70,2,0.513,6-4(1),4-5(1),2-3(1),2-1,--,1-1(1),3-2,2-2
,"<img src=""https://www.yakyucosmo.com/wp-content/uploads/2025/04/Buffaloes.jpg"" alt="""" width=""10"" height=""10"" class=""alignnone size-full wp-image-6222"" />",<a href=https://npb.jp/bis/eng/teams/index_b.html>ORIX Buffaloes</a>,21,8,10,3,0.444,5.0,57,66,-9,0.433,5-4(1),3-6(2),1-1(1),1-3,1-1(1),--,1-4(1),4-1
,"<img src=""https://www.yakyucosmo.com/wp-content/uploads/2025/04/Carp.jpg"" alt="""" width=""10"" height=""10"" class=""alignnone size-full wp-image-6223"" />",<a href=https://npb.jp/bis/eng/teams/index_c.html>Hiroshima Carp</a>,21,8,12,1,0.400,6.0,58,91,-33,0.305,5-6(1),3-6,1-2,0-5,2-3,4-1(1),--,1-1
,"<img src=""https://www.yakyucosmo.com/wp-content/uploads/2025/04/Ventures.jpg"" alt="""" width=""10"" height=""10"" class=""alignnone size-full wp-image-6297"" />",<a href=https://hayateventures.jp/>HAYATE Ventures</a>,19,6,13,0,0.316,7.5,46,79,-33,0.271,2-4,4-9,0-3,2-3,2-2,1-4,1-1,--
