Rank,Player,G,PA,AB,R,H,2B,3B,HR,TB,RBI,SB,CS,SH,SF,SO,BB,IBB,HP,GDP,AVG,OBP,SLG,OPS,OPS+,ISO,BABIP,TTO%,K%,BB%,BB/K,Age,Pos,B,,Team,League
,<a href=https://npb.jp/bis/eng/players/33535150.html>Arnaez Jean</a>,16,59,53,4,15,3,0,0,18,3,0,0,0,0,9,5,0,1,0,0.283,0.356,0.340,0.696,117,0.057,0.341,23.7%,15.3%,8.5%,0.56,22,UTL,R,"<img src=""https://www.yakyucosmo.com/wp-content/uploads/2025/04/Tigers.jpg"" alt="""" width=""10"" height=""10"" class=""alignnone size-full wp-image-6224"" />",<a href=https://npb.jp/bis/eng/teams/index_t.html>Hanshin</a>,WL
,<a href=https://npb.jp/bis/eng/players/41145157.html>Itsubo Hinase</a>,20,85,78,10,22,3,0,1,28,6,3,2,1,0,3,5,0,1,2,0.282,0.333,0.359,0.692,117,0.077,0.284,10.6%,3.5%,5.9%,1.67,20,8,R,"<img src=""https://www.yakyucosmo.com/wp-content/uploads/2025/04/Tigers.jpg"" alt="""" width=""10"" height=""10"" class=""alignnone size-full wp-image-6224"" />",<a href=https://npb.jp/bis/eng/teams/index_t.html>Hanshin</a>,WL
,<a href=https://npb.jp/bis/eng/players/23325159.html>Momosaki Aoi</a>,20,61,52,8,17,4,0,0,21,7,1,0,0,1,8,8,0,0,2,0.327,0.410,0.404,0.814,153,0.077,0.378,26.2%,13.1%,13.1%,1.00,19,UTL,R,"<img src=""https://www.yakyucosmo.com/wp-content/uploads/2025/04/Tigers.jpg"" alt="""" width=""10"" height=""10"" class=""alignnone size-full wp-image-6224"" />",<a href=https://npb.jp/bis/eng/teams/index_t.html>Hanshin</a>,WL
,<a href=https://npb.jp/bis/eng/players/91095150.html>Sano Taiyo</a>,17,65,60,3,22,0,0,0,22,7,1,1,2,0,9,3,0,0,3,0.367,0.397,0.367,0.764,139,0.000,0.431,18.5%,13.8%,4.6%,0.33,23,UTL,R,"<img src=""https://www.yakyucosmo.com/wp-content/uploads/2025/04/Tigers.jpg"" alt="""" width=""10"" height=""10"" class=""alignnone size-full wp-image-6224"" />",<a href=https://npb.jp/bis/eng/teams/index_t.html>Hanshin</a>,WL
,<a href=https://npb.jp/bis/eng/players/51355157.html>Uchida Shodai</a>,16,63,56,2,8,0,0,0,8,1,0,1,1,0,9,5,0,1,3,0.143,0.226,0.143,0.369,17,0.000,0.170,22.2%,14.3%,7.9%,0.56,20,5,R,"<img src=""https://www.yakyucosmo.com/wp-content/uploads/2025/04/Carp.jpg"" alt="""" width=""10"" height=""10"" class=""alignnone size-full wp-image-6223"" />",<a href=https://npb.jp/bis/eng/teams/index_c.html>Hiroshima</a>,WL
,<a href=https://npb.jp/bis/eng/players/13515150.html>Watanabe Yuto</a>,19,67,63,3,17,4,0,0,21,5,0,0,0,0,11,3,0,1,3,0.270,0.313,0.333,0.646,108,0.063,0.327,20.9%,16.4%,4.5%,0.27,22,3,R,"<img src=""https://www.yakyucosmo.com/wp-content/uploads/2025/04/Carp.jpg"" alt="""" width=""10"" height=""10"" class=""alignnone size-full wp-image-6223"" />",<a href=https://npb.jp/bis/eng/teams/index_c.html>Hiroshima</a>,WL
,<a href=https://npb.jp/bis/eng/players/91195159.html>Ishikami Taiki</a>,19,83,69,9,21,3,0,0,24,8,3,1,1,2,10,10,0,1,2,0.304,0.390,0.348,0.738,136,0.044,0.344,24.1%,12.0%,12.0%,1.00,24,4,L,"<img src=""https://www.yakyucosmo.com/wp-content/uploads/2025/04/BayStars.jpg"" alt="""" width=""10"" height=""10"" class=""alignnone size-full wp-image-6228"" />",<a href=https://npb.jp/bis/eng/teams/index_db.html>DeNA</a>,EL
,<a href=https://npb.jp/bis/eng/players/21525150.html>Kato Hibiki</a>,17,72,68,5,18,4,0,0,22,4,2,2,0,0,13,4,0,0,1,0.265,0.306,0.324,0.630,102,0.059,0.327,23.6%,18.1%,5.6%,0.31,23,5,R,"<img src=""https://www.yakyucosmo.com/wp-content/uploads/2025/04/BayStars.jpg"" alt="""" width=""10"" height=""10"" class=""alignnone size-full wp-image-6228"" />",<a href=https://npb.jp/bis/eng/teams/index_db.html>DeNA</a>,EL
,<a href=https://npb.jp/bis/eng/players/41545138.html>Katsumata Atsushi</a>,19,80,77,10,23,5,1,2,36,6,2,1,0,0,10,2,0,1,3,0.299,0.325,0.468,0.793,153,0.169,0.323,17.5%,12.5%,2.5%,0.20,25,7,L,"<img src=""https://www.yakyucosmo.com/wp-content/uploads/2025/04/BayStars.jpg"" alt="""" width=""10"" height=""10"" class=""alignnone size-full wp-image-6228"" />",<a href=https://npb.jp/bis/eng/teams/index_db.html>DeNA</a>,EL
,<a href=https://npb.jp/bis/eng/players/31735134.html>Kuki Ryuhei</a>,17,57,46,7,17,4,1,0,23,5,2,0,0,0,10,11,0,0,1,0.370,0.491,0.500,0.991,217,0.130,0.472,36.8%,17.5%,19.3%,1.10,26,2,R,"<img src=""https://www.yakyucosmo.com/wp-content/uploads/2025/04/BayStars.jpg"" alt="""" width=""10"" height=""10"" class=""alignnone size-full wp-image-6228"" />",<a href=https://npb.jp/bis/eng/teams/index_db.html>DeNA</a>,EL
,<a href=https://npb.jp/bis/eng/players/91695138.html>Mashiko Kyosuke</a>,16,60,52,4,17,2,0,0,19,9,0,1,0,2,9,5,0,1,1,0.327,0.383,0.365,0.748,139,0.038,0.378,23.3%,15.0%,8.3%,0.56,24,3,R,"<img src=""https://www.yakyucosmo.com/wp-content/uploads/2025/04/BayStars.jpg"" alt="""" width=""10"" height=""10"" class=""alignnone size-full wp-image-6228"" />",<a href=https://npb.jp/bis/eng/teams/index_db.html>DeNA</a>,EL
,<a href=https://npb.jp/bis/eng/players/31935139.html>Sekine Taiki</a>,15,59,49,4,14,3,0,0,17,7,2,2,6,0,3,4,0,0,0,0.286,0.340,0.347,0.687,120,0.061,0.304,11.9%,5.1%,6.8%,1.33,30,8,L,"<img src=""https://www.yakyucosmo.com/wp-content/uploads/2025/04/BayStars.jpg"" alt="""" width=""10"" height=""10"" class=""alignnone size-full wp-image-6228"" />",<a href=https://npb.jp/bis/eng/teams/index_db.html>DeNA</a>,EL
,<a href=https://npb.jp/bis/eng/players/01605138.html>Masuda Riku</a>,20,68,65,6,22,1,0,0,23,9,0,0,0,1,7,1,0,1,1,0.338,0.353,0.354,0.707,128,0.016,0.373,11.8%,10.3%,1.5%,0.14,25,4,R,"<img src=""https://www.yakyucosmo.com/wp-content/uploads/2025/04/Giants.jpg"" alt="""" width=""10"" height=""10"" class=""alignnone size-full wp-image-6227"" />",<a href=https://npb.jp/bis/eng/teams/index_g.html>Yomiuri</a>,EL
,<a href=https://npb.jp/bis/eng/players/13015153.html>Tima Julian</a>,19,73,68,10,21,6,0,4,39,12,0,0,0,1,15,4,0,0,5,0.309,0.342,0.574,0.916,196,0.265,0.340,31.5%,20.5%,5.5%,0.27,20,3,R,"<img src=""https://www.yakyucosmo.com/wp-content/uploads/2025/04/Giants.jpg"" alt="""" width=""10"" height=""10"" class=""alignnone size-full wp-image-6227"" />",<a href=https://npb.jp/bis/eng/teams/index_g.html>Yomiuri</a>,EL
,<a href=https://npb.jp/bis/eng/players/11615157.html>Hashimoto Seiya</a>,19,73,67,8,20,4,0,0,24,9,2,3,0,0,8,6,0,0,3,0.299,0.356,0.358,0.714,125,0.059,0.339,19.2%,11.0%,8.2%,0.75,24,5,L,"<img src=""https://www.yakyucosmo.com/wp-content/uploads/2025/04/Swallows.jpg"" alt="""" width=""10"" height=""10"" class=""alignnone size-full wp-image-6226"" />",<a href=https://npb.jp/bis/eng/teams/index_s.html>Yakult</a>,EL
,<a href=https://npb.jp/bis/eng/players/51955157.html>Sawai Ren</a>,16,57,52,2,11,0,0,1,14,4,0,0,0,0,15,4,0,1,1,0.212,0.281,0.269,0.550,74,0.057,0.278,35.1%,26.3%,7.0%,0.27,25,9,L,"<img src=""https://www.yakyucosmo.com/wp-content/uploads/2025/04/Swallows.jpg"" alt="""" width=""10"" height=""10"" class=""alignnone size-full wp-image-6226"" />",<a href=https://npb.jp/bis/eng/teams/index_s.html>Yakult</a>,EL
,<a href=https://npb.jp/bis/eng/players/71675157.html>Hama Shonosuke</a>,22,87,77,8,19,5,0,0,24,6,5,1,0,0,13,10,1,0,0,0.247,0.333,0.312,0.645,104,0.065,0.297,26.4%,14.9%,11.5%,0.77,25,8,L,"<img src=""https://www.yakyucosmo.com/wp-content/uploads/2025/04/Dragons.jpg"" alt="""" width=""10"" height=""10"" class=""alignnone size-full wp-image-6225"" />",<a href=https://npb.jp/bis/eng/teams/index_d.html>Chunichi</a>,WL
,<a href=https://npb.jp/bis/eng/players/41545159.html>Kawakami Rii</a>,24,101,75,10,19,2,0,0,21,12,7,3,0,2,15,21,0,3,2,0.253,0.426,0.280,0.706,124,0.027,0.306,35.6%,14.9%,20.8%,1.40,24,3,R,"<img src=""https://www.yakyucosmo.com/wp-content/uploads/2025/04/Dragons.jpg"" alt="""" width=""10"" height=""10"" class=""alignnone size-full wp-image-6225"" />",<a href=https://npb.jp/bis/eng/teams/index_d.html>Chunichi</a>,WL
,<a href=https://npb.jp/bis/eng/players/71575159.html>Oda Gouki</a>,23,94,76,12,16,0,2,0,20,6,8,3,3,0,18,15,0,0,1,0.211,0.341,0.263,0.604,92,0.052,0.276,35.1%,19.1%,16.0%,0.83,24,9,L,"<img src=""https://www.yakyucosmo.com/wp-content/uploads/2025/04/Dragons.jpg"" alt="""" width=""10"" height=""10"" class=""alignnone size-full wp-image-6225"" />",<a href=https://npb.jp/bis/eng/teams/index_d.html>Chunichi</a>,WL
,<a href=https://npb.jp/bis/eng/players/81285159.html>Tsuda Keishi</a>,23,83,69,9,14,4,0,0,18,8,3,3,2,2,14,9,0,1,6,0.203,0.296,0.261,0.557,77,0.058,0.246,27.7%,16.9%,10.8%,0.64,22,UTL,R,"<img src=""https://www.yakyucosmo.com/wp-content/uploads/2025/04/Dragons.jpg"" alt="""" width=""10"" height=""10"" class=""alignnone size-full wp-image-6225"" />",<a href=https://npb.jp/bis/eng/teams/index_d.html>Chunichi</a>,WL
,<a href=https://npb.jp/bis/eng/players/71375155.html>Ukai Kosuke</a>,19,78,70,16,24,4,2,1,35,14,3,1,0,0,14,7,0,1,1,0.343,0.410,0.500,0.910,187,0.157,0.418,28.2%,17.9%,9.0%,0.50,26,7,R,"<img src=""https://www.yakyucosmo.com/wp-content/uploads/2025/04/Dragons.jpg"" alt="""" width=""10"" height=""10"" class=""alignnone size-full wp-image-6225"" />",<a href=https://npb.jp/bis/eng/teams/index_d.html>Chunichi</a>,WL
,<a href=https://npb.jp/bis/eng/players/61065157.html>Chano Tokumasa</a>,22,75,68,7,22,1,0,0,23,0,4,1,3,0,7,4,0,0,0,0.324,0.361,0.338,0.699,130,0.014,0.361,14.7%,9.3%,5.3%,0.57,25,9,L,"<img src=""https://www.yakyucosmo.com/wp-content/uploads/2025/04/Buffaloes.jpg"" alt="""" width=""10"" height=""10"" class=""alignnone size-full wp-image-6222"" />",<a href=https://npb.jp/bis/eng/teams/index_b.html>ORIX</a>,WL
,<a href=https://npb.jp/bis/eng/players/21925153.html>Gen Kendai</a>,23,78,65,7,15,2,0,0,17,5,2,0,2,2,11,9,1,0,3,0.231,0.316,0.262,0.578,89,0.031,0.268,25.6%,14.1%,11.5%,0.82,23,8,R,"<img src=""https://www.yakyucosmo.com/wp-content/uploads/2025/04/Buffaloes.jpg"" alt="""" width=""10"" height=""10"" class=""alignnone size-full wp-image-6222"" />",<a href=https://npb.jp/bis/eng/teams/index_b.html>ORIX</a>,WL
,<a href=https://npb.jp/bis/eng/players/91295157.html>Naito Ho</a>,26,107,93,4,26,3,1,1,34,9,0,0,0,1,9,13,1,0,3,0.280,0.364,0.366,0.730,140,0.086,0.298,21.5%,8.4%,12.1%,1.44,20,3,R,"<img src=""https://www.yakyucosmo.com/wp-content/uploads/2025/04/Buffaloes.jpg"" alt="""" width=""10"" height=""10"" class=""alignnone size-full wp-image-6222"" />",<a href=https://npb.jp/bis/eng/teams/index_b.html>ORIX</a>,WL
,<a href=https://npb.jp/bis/eng/players/01305155.html>Ohsato Kosei</a>,25,86,72,9,20,0,1,0,22,7,1,2,1,1,9,12,0,0,0,0.278,0.376,0.306,0.682,124,0.028,0.312,24.4%,10.5%,14.0%,1.33,25,4,L,"<img src=""https://www.yakyucosmo.com/wp-content/uploads/2025/04/Buffaloes.jpg"" alt="""" width=""10"" height=""10"" class=""alignnone size-full wp-image-6222"" />",<a href=https://npb.jp/bis/eng/teams/index_b.html>ORIX</a>,WL
,<a href=https://npb.jp/bis/eng/players/83385159.html>Yokoyama Seiya</a>,22,91,84,6,15,2,1,0,19,7,3,0,0,1,18,6,0,0,2,0.179,0.231,0.226,0.457,48,0.047,0.224,26.4%,19.8%,6.6%,0.33,19,6,L,"<img src=""https://www.yakyucosmo.com/wp-content/uploads/2025/04/Buffaloes.jpg"" alt="""" width=""10"" height=""10"" class=""alignnone size-full wp-image-6222"" />",<a href=https://npb.jp/bis/eng/teams/index_b.html>ORIX</a>,WL
,<a href=https://npb.jp/bis/eng/players/23925150.html>Acevedo Stiven</a>,16,66,59,13,23,8,0,4,43,10,1,0,0,0,7,5,0,2,3,0.390,0.455,0.729,1.184,262,0.339,0.396,24.2%,10.6%,7.6%,0.71,22,DH,R,"<img src=""https://www.yakyucosmo.com/wp-content/uploads/2025/04/Marines.jpg"" alt="""" width=""10"" height=""10"" class=""alignnone size-full wp-image-6240"" />",<a href=https://npb.jp/bis/eng/teams/index_m.html>Lotte</a>,EL
,<a href=https://npb.jp/bis/eng/players/21125155.html>Ikeda Raito</a>,21,87,75,14,20,3,1,2,31,10,1,0,0,0,12,11,0,1,2,0.267,0.368,0.413,0.781,141,0.146,0.295,28.7%,13.8%,12.6%,0.92,25,3,R,"<img src=""https://www.yakyucosmo.com/wp-content/uploads/2025/04/Marines.jpg"" alt="""" width=""10"" height=""10"" class=""alignnone size-full wp-image-6240"" />",<a href=https://npb.jp/bis/eng/teams/index_m.html>Lotte</a>,EL
,<a href=https://npb.jp/bis/eng/players/81885150.html>Miyazaki Ryusei</a>,21,95,82,8,20,3,1,0,25,15,0,0,0,0,23,10,0,3,2,0.244,0.347,0.305,0.652,102,0.061,0.339,34.7%,24.2%,10.5%,0.43,24,4,L,"<img src=""https://www.yakyucosmo.com/wp-content/uploads/2025/04/Marines.jpg"" alt="""" width=""10"" height=""10"" class=""alignnone size-full wp-image-6240"" />",<a href=https://npb.jp/bis/eng/teams/index_m.html>Lotte</a>,EL
,<a href=https://npb.jp/bis/eng/players/91895138.html>Yamaguchi Koki</a>,20,82,68,13,19,1,1,2,28,12,1,0,0,1,15,12,1,1,1,0.279,0.390,0.412,0.802,147,0.133,0.327,35.4%,18.3%,14.6%,0.80,24,7,R,"<img src=""https://www.yakyucosmo.com/wp-content/uploads/2025/04/Marines.jpg"" alt="""" width=""10"" height=""10"" class=""alignnone size-full wp-image-6240"" />",<a href=https://npb.jp/bis/eng/teams/index_m.html>Lotte</a>,EL
,<a href=https://npb.jp/bis/eng/players/33535153.html>Yamamoto Daito</a>,16,72,63,18,23,7,0,5,45,21,1,0,0,0,8,8,2,1,4,0.365,0.444,0.714,1.158,253,0.349,0.360,29.2%,11.1%,11.1%,1.00,22,9,R,"<img src=""https://www.yakyucosmo.com/wp-content/uploads/2025/04/Marines.jpg"" alt="""" width=""10"" height=""10"" class=""alignnone size-full wp-image-6240"" />",<a href=https://npb.jp/bis/eng/teams/index_m.html>Lotte</a>,EL
,<a href=https://npb.jp/bis/eng/players/61665159.html>Hirose Ryuta</a>,15,69,58,13,17,1,2,0,22,5,0,0,0,0,7,10,0,1,2,0.293,0.406,0.379,0.785,148,0.086,0.333,24.6%,10.1%,14.5%,1.43,24,UTL,R,"<img src=""https://www.yakyucosmo.com/wp-content/uploads/2025/04/Hawks.jpg"" alt="""" width=""10"" height=""10"" class=""alignnone size-full wp-image-6220"" /> ",<a href=https://npb.jp/bis/eng/teams/index_h.html>SoftBank</a>,WL
,<a href=https://npb.jp/bis/eng/players/11315157.html>Ikhine Itua</a>,19,64,52,6,9,1,1,1,15,6,3,1,1,0,22,9,0,2,0,0.173,0.317,0.288,0.605,92,0.115,0.276,50.0%,34.4%,14.1%,0.41,20,6,L,"<img src=""https://www.yakyucosmo.com/wp-content/uploads/2025/04/Hawks.jpg"" alt="""" width=""10"" height=""10"" class=""alignnone size-full wp-image-6220"" /> ",<a href=https://npb.jp/bis/eng/teams/index_h.html>SoftBank</a>,WL
,<a href=https://npb.jp/bis/eng/players/91095153.html>Sasagawa Yoshiyasu</a>,24,106,101,15,24,2,1,2,34,14,2,1,0,1,24,4,0,0,1,0.238,0.264,0.337,0.601,90,0.099,0.289,28.3%,22.6%,3.8%,0.17,23,7,L,"<img src=""https://www.yakyucosmo.com/wp-content/uploads/2025/04/Hawks.jpg"" alt="""" width=""10"" height=""10"" class=""alignnone size-full wp-image-6220"" /> ",<a href=https://npb.jp/bis/eng/teams/index_h.html>SoftBank</a>,WL
,<a href=https://npb.jp/bis/eng/players/91095151.html>Satoh Naoki</a>,19,77,67,9,20,4,0,2,30,10,4,2,1,0,17,9,0,0,0,0.299,0.382,0.448,0.830,162,0.149,0.375,36.4%,22.1%,11.7%,0.53,26,8,R,"<img src=""https://www.yakyucosmo.com/wp-content/uploads/2025/04/Hawks.jpg"" alt="""" width=""10"" height=""10"" class=""alignnone size-full wp-image-6220"" /> ",<a href=https://npb.jp/bis/eng/teams/index_h.html>SoftBank</a>,WL
,<a href=https://npb.jp/bis/eng/players/01205150.html>Shoji Yudai</a>,24,93,84,12,20,2,0,0,22,5,3,2,2,2,22,4,0,1,2,0.238,0.275,0.262,0.537,70,0.024,0.312,28.0%,23.7%,4.3%,0.18,22,4,L,"<img src=""https://www.yakyucosmo.com/wp-content/uploads/2025/04/Hawks.jpg"" alt="""" width=""10"" height=""10"" class=""alignnone size-full wp-image-6220"" /> ",<a href=https://npb.jp/bis/eng/teams/index_h.html>SoftBank</a>,WL
,<a href=https://npb.jp/bis/eng/players/31135159.html>Aono Takumi</a>,17,60,59,3,14,3,0,0,17,4,0,0,0,0,12,1,0,0,2,0.237,0.250,0.288,0.538,72,0.051,0.298,21.7%,20.0%,1.7%,0.08,19,5,R,"<img src=""https://www.yakyucosmo.com/wp-content/uploads/2025/04/Eagles.jpg"" alt="""" width=""10"" height=""10"" class=""alignnone size-full wp-image-6218"" />",<a href=https://npb.jp/bis/eng/teams/index_e.html>Rakuten</a>,EL
,<a href=https://npb.jp/bis/eng/players/41345153.html>Irie Daiki</a>,20,82,76,8,18,0,1,0,20,7,2,0,0,1,7,4,0,1,2,0.237,0.280,0.263,0.543,73,0.026,0.257,13.4%,8.5%,4.9%,0.57,23,UTL,R,"<img src=""https://www.yakyucosmo.com/wp-content/uploads/2025/04/Eagles.jpg"" alt="""" width=""10"" height=""10"" class=""alignnone size-full wp-image-6218"" />",<a href=https://npb.jp/bis/eng/teams/index_e.html>Rakuten</a>,EL
,<a href=https://npb.jp/bis/eng/players/21425159.html>Nakashima Daisuke</a>,13,59,58,9,19,1,1,2,28,4,5,0,0,1,5,0,0,0,0,0.328,0.322,0.483,0.805,157,0.155,0.327,11.9%,8.5%,0.0%,0.00,24,7,L,"<img src=""https://www.yakyucosmo.com/wp-content/uploads/2025/04/Eagles.jpg"" alt="""" width=""10"" height=""10"" class=""alignnone size-full wp-image-6218"" />",<a href=https://npb.jp/bis/eng/teams/index_e.html>Rakuten</a>,EL
,<a href=https://npb.jp/bis/eng/players/43545155.html>Yoshino Soshi</a>,22,93,86,11,21,9,0,1,33,8,2,0,0,2,22,4,0,1,1,0.244,0.280,0.384,0.664,111,0.140,0.308,29.0%,23.7%,4.3%,0.18,21,8,R,"<img src=""https://www.yakyucosmo.com/wp-content/uploads/2025/04/Eagles.jpg"" alt="""" width=""10"" height=""10"" class=""alignnone size-full wp-image-6218"" />",<a href=https://npb.jp/bis/eng/teams/index_e.html>Rakuten</a>,EL
,<a href=https://npb.jp/bis/eng/players/03305150.html>Yoshinoh Tsubasa</a>,22,89,76,9,20,4,1,1,29,10,1,0,0,1,21,12,0,0,1,0.263,0.360,0.382,0.742,136,0.119,0.345,38.2%,23.6%,13.5%,0.57,22,9,L,"<img src=""https://www.yakyucosmo.com/wp-content/uploads/2025/04/Eagles.jpg"" alt="""" width=""10"" height=""10"" class=""alignnone size-full wp-image-6218"" />",<a href=https://npb.jp/bis/eng/teams/index_e.html>Rakuten</a>,EL
,<a href=https://npb.jp/bis/eng/players/61665157.html>Hiruma Takuya</a>,18,72,67,5,16,4,0,0,20,3,3,0,2,0,13,2,0,1,1,0.239,0.271,0.299,0.570,78,0.060,0.296,20.8%,18.1%,2.8%,0.15,24,7,L,"<img src=""https://www.yakyucosmo.com/wp-content/uploads/2025/04/Lions.jpg"" alt="""" width=""10"" height=""10"" class=""alignnone size-full wp-image-6219"" />",<a href=https://npb.jp/bis/eng/teams/index_l.html>Seibu</a>,EL
,<a href=https://npb.jp/bis/eng/players/93395159.html>Murata Reon</a>,21,85,79,5,19,7,0,1,29,5,0,0,0,2,18,3,0,1,4,0.241,0.271,0.367,0.638,98,0.126,0.290,25.9%,21.2%,3.5%,0.17,23,3,R,"<img src=""https://www.yakyucosmo.com/wp-content/uploads/2025/04/Lions.jpg"" alt="""" width=""10"" height=""10"" class=""alignnone size-full wp-image-6219"" />",<a href=https://npb.jp/bis/eng/teams/index_l.html>Seibu</a>,EL
,<a href=https://npb.jp/bis/eng/players/01105155.html>Arizono Naoki</a>,18,69,60,12,15,1,0,3,25,8,0,0,0,1,20,8,0,0,1,0.250,0.333,0.417,0.750,131,0.167,0.316,44.9%,29.0%,11.6%,0.40,22,5,R,"<img src=""https://www.yakyucosmo.com/wp-content/uploads/2025/04/Fighters.jpg"" alt="""" width=""10"" height=""10"" class=""alignnone size-full wp-image-6217"" />",<a href=https://npb.jp/bis/eng/teams/index_f.html>Nipponham</a>,EL
,<a href=https://npb.jp/bis/eng/players/61865153.html>Hosokawa Ryohei</a>,15,58,42,4,10,0,2,0,14,6,5,1,3,1,10,12,0,0,0,0.238,0.400,0.333,0.733,127,0.095,0.303,37.9%,17.2%,20.7%,1.20,23,6,L,"<img src=""https://www.yakyucosmo.com/wp-content/uploads/2025/04/Fighters.jpg"" alt="""" width=""10"" height=""10"" class=""alignnone size-full wp-image-6217"" />",<a href=https://npb.jp/bis/eng/teams/index_f.html>Nipponham</a>,EL
,<a href=https://npb.jp/bis/eng/players/53355159.html>Myose Ryosuke</a>,14,54,49,1,9,1,0,1,13,2,0,0,0,0,15,5,0,0,0,0.184,0.259,0.265,0.524,63,0.081,0.242,38.9%,27.8%,9.3%,0.33,19,4,R,"<img src=""https://www.yakyucosmo.com/wp-content/uploads/2025/04/Fighters.jpg"" alt="""" width=""10"" height=""10"" class=""alignnone size-full wp-image-6217"" />",<a href=https://npb.jp/bis/eng/teams/index_f.html>Nipponham</a>,EL
,Asai Reo,16,55,50,4,13,5,0,0,18,2,0,1,0,0,11,5,0,0,0,0.260,0.327,0.360,0.687,130,0.100,0.333,29.1%,20.0%,9.1%,0.45,25,9,L,"<img src=""https://www.yakyucosmo.com/wp-content/uploads/2025/04/Albirex.jpg"" alt="""" width=""10"" height=""10"" class=""alignnone size-full wp-image-6298"" />",<a href=https://www.niigata-albirex-bc.jp/>Oisix</a>,EL
,Chinen Taisei,20,80,76,11,23,1,2,1,31,10,1,1,0,0,9,3,0,1,0,0.303,0.338,0.408,0.746,150,0.105,0.333,16.2%,11.2%,3.8%,0.33,25,8,L,"<img src=""https://www.yakyucosmo.com/wp-content/uploads/2025/04/Albirex.jpg"" alt="""" width=""10"" height=""10"" class=""alignnone size-full wp-image-6298"" />",<a href=https://www.niigata-albirex-bc.jp/>Oisix</a>,EL
,Fujiwara Daichi,17,62,57,4,14,0,0,1,17,1,1,0,4,0,8,1,0,0,1,0.246,0.259,0.298,0.557,85,0.052,0.271,16.1%,12.9%,1.6%,0.12,25,6,S,"<img src=""https://www.yakyucosmo.com/wp-content/uploads/2025/04/Albirex.jpg"" alt="""" width=""10"" height=""10"" class=""alignnone size-full wp-image-6298"" />",<a href=https://www.niigata-albirex-bc.jp/>Oisix</a>,EL
,Konishi Keiji,17,59,55,4,10,0,0,1,13,3,0,0,4,0,18,0,0,0,1,0.182,0.182,0.236,0.418,35,0.054,0.250,32.2%,30.5%,0.0%,0.00,27,3,R,"<img src=""https://www.yakyucosmo.com/wp-content/uploads/2025/04/Albirex.jpg"" alt="""" width=""10"" height=""10"" class=""alignnone size-full wp-image-6298"" />",<a href=https://www.niigata-albirex-bc.jp/>Oisix</a>,EL
,Okawa Yodai,17,72,67,2,14,1,0,0,15,6,0,0,0,0,15,5,0,0,1,0.209,0.264,0.224,0.488,61,0.015,0.269,27.8%,20.8%,6.9%,0.33,25,7,R,"<img src=""https://www.yakyucosmo.com/wp-content/uploads/2025/04/Albirex.jpg"" alt="""" width=""10"" height=""10"" class=""alignnone size-full wp-image-6298"" />",<a href=https://www.niigata-albirex-bc.jp/>Oisix</a>,EL
,Sonobe Keita,19,70,63,2,15,2,0,0,17,4,1,0,2,1,7,2,0,2,1,0.238,0.279,0.270,0.549,82,0.032,0.263,12.9%,10.0%,2.9%,0.29,25,5,R,"<img src=""https://www.yakyucosmo.com/wp-content/uploads/2025/04/Albirex.jpg"" alt="""" width=""10"" height=""10"" class=""alignnone size-full wp-image-6298"" />",<a href=https://www.niigata-albirex-bc.jp/>Oisix</a>,EL
,Takayama Shun,18,71,61,6,20,2,0,0,22,7,0,0,0,1,6,9,0,0,2,0.328,0.408,0.361,0.769,159,0.033,0.357,21.1%,8.5%,12.7%,1.50,32,DH,L,"<img src=""https://www.yakyucosmo.com/wp-content/uploads/2025/04/Albirex.jpg"" alt="""" width=""10"" height=""10"" class=""alignnone size-full wp-image-6298"" />",<a href=https://www.niigata-albirex-bc.jp/>Oisix</a>,EL
,Kuramoto Toshihiko,21,77,67,4,14,0,0,0,14,8,2,0,0,1,13,8,0,1,3,0.209,0.299,0.209,0.508,60,0.000,0.255,27.3%,16.9%,10.4%,0.62,34,5,L,"<img src=""https://www.yakyucosmo.com/wp-content/uploads/2025/04/Ventures.jpg"" alt="""" width=""10"" height=""10"" class=""alignnone size-full wp-image-6297"" />",<a href=https://hayateventures.jp/>HAYATE</a>,WL
,Masuda Shoma,21,86,74,8,16,2,0,0,18,4,2,4,3,0,10,6,0,3,0,0.216,0.301,0.243,0.544,71,0.027,0.250,18.6%,11.6%,7.0%,0.60,27,9,R,"<img src=""https://www.yakyucosmo.com/wp-content/uploads/2025/04/Ventures.jpg"" alt="""" width=""10"" height=""10"" class=""alignnone size-full wp-image-6297"" />",<a href=https://hayateventures.jp/>HAYATE</a>,WL
,Nakamura Raiya,23,87,77,7,15,2,0,0,17,6,0,0,2,1,13,7,0,0,4,0.195,0.259,0.221,0.480,51,0.026,0.231,23.0%,14.9%,8.0%,0.54,25,6,L,"<img src=""https://www.yakyucosmo.com/wp-content/uploads/2025/04/Ventures.jpg"" alt="""" width=""10"" height=""10"" class=""alignnone size-full wp-image-6297"" />",<a href=https://hayateventures.jp/>HAYATE</a>,WL
,Shiozaki Eita,23,83,75,7,19,4,1,0,25,6,1,0,0,1,20,6,0,1,1,0.253,0.313,0.333,0.646,101,0.080,0.339,31.3%,24.1%,7.2%,0.30,23,DH,L,"<img src=""https://www.yakyucosmo.com/wp-content/uploads/2025/04/Ventures.jpg"" alt="""" width=""10"" height=""10"" class=""alignnone size-full wp-image-6297"" />",<a href=https://hayateventures.jp/>HAYATE</a>,WL
,Suzuki Shohei,21,86,77,7,21,0,0,0,21,3,3,0,0,2,8,7,0,0,0,0.273,0.326,0.273,0.599,87,0.000,0.296,17.4%,9.3%,8.1%,0.88,27,7,L,"<img src=""https://www.yakyucosmo.com/wp-content/uploads/2025/04/Ventures.jpg"" alt="""" width=""10"" height=""10"" class=""alignnone size-full wp-image-6297"" />",<a href=https://hayateventures.jp/>HAYATE</a>,WL
