#,,Team,G,W,L,T,PCT,GB,RS,RA,Diff,XPCT,Home,Road,vs D,vs H,vs T,vs B,vs C,vs V,Inter
,"<img src=""https://www.yakyucosmo.com/wp-content/uploads/2025/04/Dragons.jpg"" alt="""" width=""10"" height=""10"" class=""alignnone size-full wp-image-6225"" />",<a href=https://npb.jp/bis/eng/teams/index_d.html>Chunichi Dragons</a>,87,49,33,5,0.598,--,367,271,96,0.635,24-15(1),25-18(4),--,10-5,11-9(2),8-7(2),10-8(1),10-4,--
,"<img src=""https://www.yakyucosmo.com/wp-content/uploads/2025/04/Hawks.jpg"" alt="""" width=""10"" height=""10"" class=""alignnone size-full wp-image-6220"" /> ",<a href=https://npb.jp/bis/eng/teams/index_h.html>SoftBank Hawks</a>,89,50,35,4,0.588,0.5,382,290,92,0.623,31-20(1),19-15(3),5-10,--,7-9,11-9(2),14-3(2),11-4,2-0
,"<img src=""https://www.yakyucosmo.com/wp-content/uploads/2025/04/Tigers.jpg"" alt="""" width=""10"" height=""10"" class=""alignnone size-full wp-image-6224"" />",<a href=https://npb.jp/bis/eng/teams/index_t.html>Hanshin Tigers</a>,93,47,39,7,0.547,4.0,378,337,41,0.552,23-18(6),24-21(1),9-11(2),9-7,--,5-7(4),11-8(1),11-5,2-1
,"<img src=""https://www.yakyucosmo.com/wp-content/uploads/2025/04/Buffaloes.jpg"" alt="""" width=""10"" height=""10"" class=""alignnone size-full wp-image-6222"" />",<a href=https://npb.jp/bis/eng/teams/index_b.html>ORIX Buffaloes</a>,96,44,40,12,0.524,6.0,360,311,49,0.567,23-23(5),21-17(7),7-8(2),9-11(2),7-5(4),--,8-11(3),12-5(1),1-0
,"<img src=""https://www.yakyucosmo.com/wp-content/uploads/2025/04/Carp.jpg"" alt="""" width=""10"" height=""10"" class=""alignnone size-full wp-image-6223"" />",<a href=https://npb.jp/bis/eng/teams/index_c.html>Hiroshima Carp</a>,94,37,50,7,0.425,14.5,310,422,-112,0.363,17-26(4),20-24(3),8-10(1),3-14(2),8-11(1),11-8(3),--,7-6,0-1
,"<img src=""https://www.yakyucosmo.com/wp-content/uploads/2025/04/Ventures.jpg"" alt="""" width=""10"" height=""10"" class=""alignnone size-full wp-image-6297"" />",<a href=https://hayateventures.jp/>HAYATE Ventures</a>,88,30,57,1,0.345,21.5,215,396,-181,0.246,16-22(1),14-35,4-10,4-11,5-11,5-12(1),6-7,--,6-6
