#,,Team,G,W,L,T,PCT,GB,RS,RA,Diff,XPCT,Home,Road,vs D,vs H,vs B,vs T,vs C,vs V,Inter
,"<img src=""https://www.yakyucosmo.com/wp-content/uploads/2025/04/Dragons.jpg"" alt="""" width=""10"" height=""10"" class=""alignnone size-full wp-image-6225"" />",<a href=https://npb.jp/bis/eng/teams/index_d.html>Chunichi Dragons</a>,71,42,25,4,0.627,--,305,216,89,0.653,20-9(1),22-16(3),--,8-4,8-5(2),10-7(2),8-8,8-1,--
,"<img src=""https://www.yakyucosmo.com/wp-content/uploads/2025/04/Hawks.jpg"" alt="""" width=""10"" height=""10"" class=""alignnone size-full wp-image-6220"" /> ",<a href=https://npb.jp/bis/eng/teams/index_h.html>SoftBank Hawks</a>,74,40,31,3,0.563,4.0,313,250,63,0.601,24-18(1),16-13(2),4-8,--,8-9(2),7-9,10-2(1),9-3,2-0
,"<img src=""https://www.yakyucosmo.com/wp-content/uploads/2025/04/Buffaloes.jpg"" alt="""" width=""10"" height=""10"" class=""alignnone size-full wp-image-6222"" />",<a href=https://npb.jp/bis/eng/teams/index_b.html>ORIX Buffaloes</a>,79,38,31,10,0.551,5.0,301,251,50,0.582,20-18(4),18-13(6),5-8(2),9-8(2),--,4-3(3),8-9(2),11-3(1),1-0
,"<img src=""https://www.yakyucosmo.com/wp-content/uploads/2025/04/Tigers.jpg"" alt="""" width=""10"" height=""10"" class=""alignnone size-full wp-image-6224"" />",<a href=https://npb.jp/bis/eng/teams/index_t.html>Hanshin Tigers</a>,80,40,34,6,0.541,5.5,310,287,23,0.535,22-17(5),18-17(1),7-10(2),9-7,3-4(3),--,9-7(1),10-5,2-1
,"<img src=""https://www.yakyucosmo.com/wp-content/uploads/2025/04/Carp.jpg"" alt="""" width=""10"" height=""10"" class=""alignnone size-full wp-image-6223"" />",<a href=https://npb.jp/bis/eng/teams/index_c.html>Hiroshima Carp</a>,78,33,41,4,0.446,12.5,269,348,-79,0.384,16-20(2),17-21(2),8-8,2-10(1),9-8(2),7-9(1),--,7-6,--
,"<img src=""https://www.yakyucosmo.com/wp-content/uploads/2025/04/Ventures.jpg"" alt="""" width=""10"" height=""10"" class=""alignnone size-full wp-image-6297"" />",<a href=https://hayateventures.jp/>HAYATE Ventures</a>,74,23,50,1,0.315,22.0,188,341,-153,0.252,13-19(1),10-31,1-8,3-9,3-11(1),5-10,6-7,--,5-5
