Rank,Player,Age,Pos,Inn,TZR,TZR/143,RngR,ARM,DPR,ErrR,Pos Adj,Framing,Blocking,Team,League
,Suzuki Shohei,27,7,107.2,2.0,23.9,1.4,0.4,,0.2,-1.0,,,HAYATE,WL
,<a href=https://npb.jp/bis/eng/players/01305155.html>Ohsato Kosei</a>,25,3,7.1,0.6,105.8,0.5,,0.0,0.1,-0.1,,,<a href=https://npb.jp/bis/eng/teams/index_b.html>ORIX</a>,WL
,<a href=https://npb.jp/bis/eng/players/01305155.html>Ohsato Kosei</a>,25,4,81.0,1.6,25.4,0.9,,0.7,0.0,0.2,,,<a href=https://npb.jp/bis/eng/teams/index_b.html>ORIX</a>,WL
,<a href=https://npb.jp/bis/eng/players/01305155.html>Ohsato Kosei</a>,25,5,1.1,0.0,0.0,0.0,,0.0,0.0,0.0,,,<a href=https://npb.jp/bis/eng/teams/index_b.html>ORIX</a>,WL
,<a href=https://npb.jp/bis/eng/players/01305155.html>Ohsato Kosei</a>,25,6,9.0,0.3,42.9,0.1,,0.1,0.1,0.1,,,<a href=https://npb.jp/bis/eng/teams/index_b.html>ORIX</a>,WL
,<a href=https://npb.jp/bis/eng/players/41145157.html>Itsubo Hinase</a>,20,8,101.0,0.8,10.2,1.2,-0.4,,0.0,0.3,,,<a href=https://npb.jp/bis/eng/teams/index_t.html>Hanshin</a>,WL
,<a href=https://npb.jp/bis/eng/players/61965139.html>Tanaka Kosuke</a>,35,6,53.0,1.2,29.1,0.4,,0.1,0.7,0.4,,,<a href=https://npb.jp/bis/eng/teams/index_c.html>Hiroshima</a>,WL
,<a href=https://npb.jp/bis/eng/players/31335131.html>Imamiya Kenta</a>,33,6,29.0,-1.0,-44.4,-1.4,,0.2,0.2,0.2,,,<a href=https://npb.jp/bis/eng/teams/index_h.html>SoftBank</a>,WL
,<a href=https://npb.jp/bis/eng/players/21625157.html>Higuchi Seishu</a>,26,4,19.0,0.7,47.4,0.5,,0.1,0.2,0.1,,,<a href=https://npb.jp/bis/eng/teams/index_d.html>Chunichi</a>,WL
,<a href=https://npb.jp/bis/eng/players/21625157.html>Higuchi Seishu</a>,26,7,2.0,0.3,193.0,0.3,0.0,,0.0,0.0,,,<a href=https://npb.jp/bis/eng/teams/index_d.html>Chunichi</a>,WL
,石見 颯真,石見 颯真,4,8.0,0.7,112.6,0.5,,0.1,0.1,0.0,,,<a href=https://npb.jp/bis/eng/teams/index_h.html>SoftBank</a>,WL
,石見 颯真,石見 颯真,6,3.0,0.0,0.0,0.0,,0.0,0.0,0.0,,,<a href=https://npb.jp/bis/eng/teams/index_h.html>SoftBank</a>,WL
,石見 颯真,石見 颯真,DH,4.0,,,,,,,0.0,,,<a href=https://npb.jp/bis/eng/teams/index_h.html>SoftBank</a>,WL
,<a href=https://npb.jp/bis/eng/players/31335137.html>Uemoto Takashi</a>,34,4,8.0,-0.4,-64.4,-0.5,,0.1,0.0,0.0,,,<a href=https://npb.jp/bis/eng/teams/index_c.html>Hiroshima</a>,WL
,<a href=https://npb.jp/bis/eng/players/31335137.html>Uemoto Takashi</a>,34,6,30.0,-2.8,-120.1,-1.5,,-0.3,-1.0,0.2,,,<a href=https://npb.jp/bis/eng/teams/index_c.html>Hiroshima</a>,WL
,<a href=https://npb.jp/bis/eng/players/31335137.html>Uemoto Takashi</a>,34,DH,1.0,,,,,,,0.0,,,<a href=https://npb.jp/bis/eng/teams/index_c.html>Hiroshima</a>,WL
,<a href=https://npb.jp/bis/eng/players/51555159.html>Okumura Koichi</a>,25,7,8.0,-0.5,-80.4,-0.6,0.1,,0.0,-0.1,,,<a href=https://npb.jp/bis/eng/teams/index_l.html>Seibu</a>,EL
,<a href=https://npb.jp/bis/eng/players/51555159.html>Okumura Koichi</a>,25,8,51.0,-1.2,-30.3,-1.1,-0.2,,0.0,0.2,,,<a href=https://npb.jp/bis/eng/teams/index_l.html>Seibu</a>,EL
,<a href=https://npb.jp/bis/eng/players/51555159.html>Okumura Koichi</a>,25,9,18.0,-0.2,-14.3,0.1,-0.2,,0.0,-0.1,,,<a href=https://npb.jp/bis/eng/teams/index_l.html>Seibu</a>,EL
,Chinen Taisei,25,8,61.1,-1.2,-25.2,-0.8,-0.5,,0.0,0.2,,,Oisix,EL
,Chinen Taisei,25,9,25.0,1.0,51.5,1.0,0.0,,0.0,-0.1,,,Oisix,EL
,<a href=https://npb.jp/bis/eng/players/53355159.html>Myose Ryosuke</a>,19,4,60.0,-2.0,-42.9,-1.3,,-0.3,-0.3,0.2,,,<a href=https://npb.jp/bis/eng/teams/index_f.html>Nipponham</a>,EL
,宮崎 竜成,宮崎 竜成,4,45.0,3.4,97.2,3.4,,0.1,-0.1,0.1,,,<a href=https://npb.jp/bis/eng/teams/index_m.html>Lotte</a>,EL
,宮崎 竜成,宮崎 竜成,6,49.0,-1.9,-49.9,-0.2,,-0.4,-1.3,0.4,,,<a href=https://npb.jp/bis/eng/teams/index_m.html>Lotte</a>,EL
,<a href=https://npb.jp/bis/eng/players/61165159.html>Izuguchi Yuta</a>,26,4,5.0,1.1,283.1,0.8,,0.1,0.1,0.0,,,<a href=https://npb.jp/bis/eng/teams/index_g.html>Yomiuri</a>,EL
,<a href=https://npb.jp/bis/eng/players/61165159.html>Izuguchi Yuta</a>,26,6,42.0,1.7,52.1,0.6,,0.4,0.8,0.3,,,<a href=https://npb.jp/bis/eng/teams/index_g.html>Yomiuri</a>,EL
,<a href=https://npb.jp/bis/eng/players/43545155.html>Yoshino Soshi</a>,21,8,52.0,-1.4,-34.6,-0.8,-0.7,,0.0,0.2,,,<a href=https://npb.jp/bis/eng/teams/index_e.html>Rakuten</a>,EL
,<a href=https://npb.jp/bis/eng/players/43545155.html>Yoshino Soshi</a>,21,9,28.0,0.8,36.8,0.6,0.2,,0.0,-0.1,,,<a href=https://npb.jp/bis/eng/teams/index_e.html>Rakuten</a>,EL
,<a href=https://npb.jp/bis/eng/players/43545155.html>Yoshino Soshi</a>,21,DH,8.0,,,,,,,-0.1,,,<a href=https://npb.jp/bis/eng/teams/index_e.html>Rakuten</a>,EL
,<a href=https://npb.jp/bis/eng/players/21925132.html>Shigenobu Shinnosuke</a>,32,7,4.0,-0.4,-128.7,-0.1,-0.3,,0.0,0.0,,,<a href=https://npb.jp/bis/eng/teams/index_g.html>Yomiuri</a>,EL
,<a href=https://npb.jp/bis/eng/players/21925132.html>Shigenobu Shinnosuke</a>,32,8,25.0,2.2,113.3,2.0,0.2,,0.0,0.1,,,<a href=https://npb.jp/bis/eng/teams/index_g.html>Yomiuri</a>,EL
,<a href=https://npb.jp/bis/eng/players/21925132.html>Shigenobu Shinnosuke</a>,32,9,9.0,-0.4,-57.2,-0.4,0.0,,0.0,0.0,,,<a href=https://npb.jp/bis/eng/teams/index_g.html>Yomiuri</a>,EL
,<a href=https://npb.jp/bis/eng/players/51555155.html>Kajiwara Kouki</a>,25,8,9.0,-0.3,-42.9,-0.2,-0.1,,0.0,0.0,,,<a href=https://npb.jp/bis/eng/teams/index_db.html>DeNA</a>,EL
,<a href=https://npb.jp/bis/eng/players/51555155.html>Kajiwara Kouki</a>,25,9,14.0,-0.2,-18.4,-0.2,0.0,,0.0,-0.1,,,<a href=https://npb.jp/bis/eng/teams/index_db.html>DeNA</a>,EL
,<a href=https://npb.jp/bis/eng/players/51355155.html>Iwata Yukihiro</a>,27,8,40.0,-0.9,-29.0,-0.9,0.0,,0.0,0.1,,,<a href=https://npb.jp/bis/eng/teams/index_s.html>Yakult</a>,EL
,<a href=https://npb.jp/bis/eng/players/11215116.html>Nakamura Akira</a>,35,DH,5.0,,,,,,,-0.1,,,<a href=https://npb.jp/bis/eng/teams/index_h.html>SoftBank</a>,WL
,<a href=https://npb.jp/bis/eng/players/31635138.html>Fujiwara Kyota</a>,25,8,14.0,0.1,9.2,0.1,0.0,,0.0,0.0,,,<a href=https://npb.jp/bis/eng/teams/index_m.html>Lotte</a>,EL
,<a href=https://npb.jp/bis/eng/players/31635138.html>Fujiwara Kyota</a>,25,9,5.0,0.1,25.7,-0.4,0.5,,0.0,0.0,,,<a href=https://npb.jp/bis/eng/teams/index_m.html>Lotte</a>,EL
,Shinoda Taisei,25,8,30.0,0.2,8.6,0.1,0.0,,0.0,0.1,,,Oisix,EL
,Nakazawa Hideaki,23,2,66.1,-2.6,-50.5,,-2.2,,-0.3,0.9,-1.9,0.1,Oisix,EL
,モイセエフ ニキータ,モイセエフ ニキータ,8,29.0,-0.6,-26.6,-0.2,-0.4,,0.0,0.1,,,<a href=https://npb.jp/bis/eng/teams/index_s.html>Yakult</a>,EL
,モイセエフ ニキータ,モイセエフ ニキータ,9,18.0,1.8,128.7,1.8,0.0,,0.0,-0.1,,,<a href=https://npb.jp/bis/eng/teams/index_s.html>Yakult</a>,EL
,モイセエフ ニキータ,モイセエフ ニキータ,DH,0.1,,,,,,,0.0,,,<a href=https://npb.jp/bis/eng/teams/index_s.html>Yakult</a>,EL
,<a href=https://npb.jp/bis/eng/players/83185159.html>Miyazaki Kazuki</a>,23,7,31.0,0.9,37.4,0.2,0.6,,0.0,-0.3,,,<a href=https://npb.jp/bis/eng/teams/index_f.html>Nipponham</a>,EL
,<a href=https://npb.jp/bis/eng/players/83185159.html>Miyazaki Kazuki</a>,23,8,9.0,-0.4,-57.2,-0.5,0.1,,0.0,0.0,,,<a href=https://npb.jp/bis/eng/teams/index_f.html>Nipponham</a>,EL
,<a href=https://npb.jp/bis/eng/players/83185159.html>Miyazaki Kazuki</a>,23,9,28.0,1.4,64.4,1.3,0.1,,0.0,-0.1,,,<a href=https://npb.jp/bis/eng/teams/index_f.html>Nipponham</a>,EL
,<a href=https://npb.jp/bis/eng/players/21925155.html>Sasahara Misaki</a>,21,7,8.0,0.3,48.3,0.3,0.0,,0.0,-0.1,,,<a href=https://npb.jp/bis/eng/teams/index_g.html>Yomiuri</a>,EL
,<a href=https://npb.jp/bis/eng/players/21925155.html>Sasahara Misaki</a>,21,8,25.0,-0.4,-20.6,-0.4,0.0,,0.0,0.1,,,<a href=https://npb.jp/bis/eng/teams/index_g.html>Yomiuri</a>,EL
,<a href=https://npb.jp/bis/eng/players/21925155.html>Sasahara Misaki</a>,21,9,11.0,1.3,152.1,1.2,0.1,,0.0,0.0,,,<a href=https://npb.jp/bis/eng/teams/index_g.html>Yomiuri</a>,EL
,<a href=https://npb.jp/bis/eng/players/71675157.html>Hama Shonosuke</a>,25,7,18.0,0.7,50.1,0.7,0.0,,0.0,-0.2,,,<a href=https://npb.jp/bis/eng/teams/index_d.html>Chunichi</a>,WL
,<a href=https://npb.jp/bis/eng/players/71675157.html>Hama Shonosuke</a>,25,8,65.0,-0.4,-7.9,-0.1,-0.2,,0.0,0.2,,,<a href=https://npb.jp/bis/eng/teams/index_d.html>Chunichi</a>,WL
,<a href=https://npb.jp/bis/eng/players/71675157.html>Hama Shonosuke</a>,25,9,12.0,0.8,85.8,1.0,-0.2,,0.0,0.0,,,<a href=https://npb.jp/bis/eng/teams/index_d.html>Chunichi</a>,WL
,オリバレス,オリバレス,DH,22.1,,,,,,,-0.3,,,<a href=https://npb.jp/bis/eng/teams/index_b.html>ORIX</a>,WL
,<a href=https://npb.jp/bis/eng/players/23325157.html>Yamashita Kyogo</a>,20,4,2.0,0.0,0.0,0.0,,0.0,0.0,0.0,,,<a href=https://npb.jp/bis/eng/teams/index_h.html>SoftBank</a>,WL
,<a href=https://npb.jp/bis/eng/players/23325157.html>Yamashita Kyogo</a>,20,5,28.0,0.0,0.0,-0.1,,-0.2,0.3,-0.1,,,<a href=https://npb.jp/bis/eng/teams/index_h.html>SoftBank</a>,WL
,<a href=https://npb.jp/bis/eng/players/51855155.html>Fujino Keio</a>,21,3,25.2,0.1,5.0,0.6,,-0.1,-0.5,-0.3,,,<a href=https://npb.jp/bis/eng/teams/index_h.html>SoftBank</a>,WL
,<a href=https://npb.jp/bis/eng/players/51755138.html>Gibo Sho</a>,24,4,8.1,1.2,186.1,1.0,,0.0,0.2,0.0,,,<a href=https://npb.jp/bis/eng/teams/index_b.html>ORIX</a>,WL
,<a href=https://npb.jp/bis/eng/players/51755138.html>Gibo Sho</a>,24,DH,13.0,,,,,,,-0.2,,,<a href=https://npb.jp/bis/eng/teams/index_b.html>ORIX</a>,WL
,佐野 大陽,佐野 大陽,3,1.0,0.3,386.1,0.2,,0.0,0.1,0.0,,,<a href=https://npb.jp/bis/eng/teams/index_t.html>Hanshin</a>,WL
,佐野 大陽,佐野 大陽,4,8.0,-0.2,-32.2,-0.4,,0.2,0.0,0.0,,,<a href=https://npb.jp/bis/eng/teams/index_t.html>Hanshin</a>,WL
,佐野 大陽,佐野 大陽,5,39.0,0.4,13.2,0.4,,0.1,-0.1,-0.1,,,<a href=https://npb.jp/bis/eng/teams/index_t.html>Hanshin</a>,WL
,佐野 大陽,佐野 大陽,6,14.0,0.8,73.5,0.5,,0.0,0.3,0.1,,,<a href=https://npb.jp/bis/eng/teams/index_t.html>Hanshin</a>,WL
,<a href=https://npb.jp/bis/eng/players/11315157.html>Ikhine Itua</a>,20,5,58.2,1.6,35.1,1.6,,0.3,-0.3,-0.2,,,<a href=https://npb.jp/bis/eng/teams/index_h.html>SoftBank</a>,WL
,<a href=https://npb.jp/bis/eng/players/11315157.html>Ikhine Itua</a>,20,6,45.0,0.4,11.4,-0.1,,0.0,0.6,0.4,,,<a href=https://npb.jp/bis/eng/teams/index_h.html>SoftBank</a>,WL
,Masuda Shoma,27,8,43.0,0.5,15.0,1.0,-0.5,,0.0,0.1,,,HAYATE,WL
,Masuda Shoma,27,9,64.2,1.1,21.9,0.6,0.5,,0.0,-0.3,,,HAYATE,WL
,<a href=https://npb.jp/bis/eng/players/71575136.html>Kamizato Kazuki</a>,31,8,26.0,-1.4,-69.3,-1.0,-0.4,,0.0,0.1,,,<a href=https://npb.jp/bis/eng/teams/index_db.html>DeNA</a>,EL
,<a href=https://npb.jp/bis/eng/players/71575136.html>Kamizato Kazuki</a>,31,9,9.0,0.9,128.7,0.7,0.3,,0.0,0.0,,,<a href=https://npb.jp/bis/eng/teams/index_db.html>DeNA</a>,EL
,<a href=https://npb.jp/bis/eng/players/01605138.html>Masuda Riku</a>,25,3,3.0,0.0,0.0,0.0,,0.0,0.0,0.0,,,<a href=https://npb.jp/bis/eng/teams/index_g.html>Yomiuri</a>,EL
,<a href=https://npb.jp/bis/eng/players/01605138.html>Masuda Riku</a>,25,4,69.0,-0.5,-9.3,0.1,,-0.5,-0.1,0.2,,,<a href=https://npb.jp/bis/eng/teams/index_g.html>Yomiuri</a>,EL
,<a href=https://npb.jp/bis/eng/players/01605138.html>Masuda Riku</a>,25,5,5.0,-0.3,-77.2,-0.3,,0.0,0.1,0.0,,,<a href=https://npb.jp/bis/eng/teams/index_g.html>Yomiuri</a>,EL
,<a href=https://npb.jp/bis/eng/players/03305159.html>Murayama Gen</a>,20,4,2.0,-0.1,-64.4,-0.1,,0.0,0.0,0.0,,,<a href=https://npb.jp/bis/eng/teams/index_g.html>Yomiuri</a>,EL
,<a href=https://npb.jp/bis/eng/players/03305159.html>Murayama Gen</a>,20,5,1.0,0.0,0.0,0.0,,0.0,0.0,0.0,,,<a href=https://npb.jp/bis/eng/teams/index_g.html>Yomiuri</a>,EL
,<a href=https://npb.jp/bis/eng/players/03305159.html>Murayama Gen</a>,20,6,33.0,-1.5,-58.5,-1.2,,0.1,-0.4,0.3,,,<a href=https://npb.jp/bis/eng/teams/index_g.html>Yomiuri</a>,EL
,<a href=https://npb.jp/bis/eng/players/01105135.html>Ishikawa Shingo</a>,32,7,12.0,-1.8,-193.0,-1.2,-0.6,,0.0,-0.1,,,<a href=https://npb.jp/bis/eng/teams/index_m.html>Lotte</a>,EL
,<a href=https://npb.jp/bis/eng/players/01105135.html>Ishikawa Shingo</a>,32,DH,15.0,,,,,,,-0.2,,,<a href=https://npb.jp/bis/eng/teams/index_m.html>Lotte</a>,EL
,<a href=https://npb.jp/bis/eng/players/51855159.html>Fujita Kazuki</a>,19,7,2.0,0.3,193.0,0.3,0.0,,0.0,0.0,,,<a href=https://npb.jp/bis/eng/teams/index_m.html>Lotte</a>,EL
,<a href=https://npb.jp/bis/eng/players/51855159.html>Fujita Kazuki</a>,19,8,8.0,-0.2,-32.2,0.0,-0.2,,0.0,0.0,,,<a href=https://npb.jp/bis/eng/teams/index_m.html>Lotte</a>,EL
,<a href=https://npb.jp/bis/eng/players/51855159.html>Fujita Kazuki</a>,19,9,4.0,-0.7,-225.2,-0.7,0.0,,0.0,0.0,,,<a href=https://npb.jp/bis/eng/teams/index_m.html>Lotte</a>,EL
,<a href=https://npb.jp/bis/eng/players/51855159.html>Fujita Kazuki</a>,19,DH,3.0,,,,,,,0.0,,,<a href=https://npb.jp/bis/eng/teams/index_m.html>Lotte</a>,EL
,小森 航大郎,小森 航大郎,3,5.0,-0.3,-77.2,-0.3,,0.0,0.0,-0.1,,,<a href=https://npb.jp/bis/eng/teams/index_e.html>Rakuten</a>,EL
,小森 航大郎,小森 航大郎,7,12.0,0.5,53.6,-0.5,0.9,,0.0,-0.1,,,<a href=https://npb.jp/bis/eng/teams/index_e.html>Rakuten</a>,EL
,<a href=https://npb.jp/bis/eng/players/41845159.html>Hoshino Hinode</a>,20,7,3.0,0.0,0.0,0.0,0.0,,0.0,0.0,,,<a href=https://npb.jp/bis/eng/teams/index_f.html>Nipponham</a>,EL
,<a href=https://npb.jp/bis/eng/players/41845159.html>Hoshino Hinode</a>,20,8,25.0,-1.3,-66.9,-1.2,-0.2,,0.0,0.1,,,<a href=https://npb.jp/bis/eng/teams/index_f.html>Nipponham</a>,EL
,<a href=https://npb.jp/bis/eng/players/33535159.html>Watarai Ryuki</a>,22,9,24.0,-2.7,-144.8,-2.1,-0.7,,0.0,-0.1,,,<a href=https://npb.jp/bis/eng/teams/index_db.html>DeNA</a>,EL
,<a href=https://npb.jp/bis/eng/players/33535159.html>Watarai Ryuki</a>,22,DH,40.1,,,,,,,-0.5,,,<a href=https://npb.jp/bis/eng/teams/index_db.html>DeNA</a>,EL
,<a href=https://npb.jp/bis/eng/players/41145155.html>Ikeda Ryoma</a>,21,7,31.0,0.3,12.5,0.2,0.0,,0.0,-0.3,,,<a href=https://npb.jp/bis/eng/teams/index_b.html>ORIX</a>,WL
,<a href=https://npb.jp/bis/eng/players/41145155.html>Ikeda Ryoma</a>,21,9,7.0,0.5,91.9,0.5,0.0,,0.0,0.0,,,<a href=https://npb.jp/bis/eng/teams/index_b.html>ORIX</a>,WL
,<a href=https://npb.jp/bis/eng/players/41145155.html>Ikeda Ryoma</a>,21,DH,29.0,,,,,,,-0.3,,,<a href=https://npb.jp/bis/eng/teams/index_b.html>ORIX</a>,WL
,<a href=https://npb.jp/bis/eng/players/71575159.html>Oda Gouki</a>,24,7,6.0,0.4,85.8,0.4,0.0,,0.0,-0.1,,,<a href=https://npb.jp/bis/eng/teams/index_d.html>Chunichi</a>,WL
,<a href=https://npb.jp/bis/eng/players/71575159.html>Oda Gouki</a>,24,8,48.0,1.5,40.2,1.5,-0.1,,0.0,0.2,,,<a href=https://npb.jp/bis/eng/teams/index_d.html>Chunichi</a>,WL
,<a href=https://npb.jp/bis/eng/players/71575159.html>Oda Gouki</a>,24,9,60.0,1.3,27.9,1.6,-0.3,,0.0,-0.2,,,<a href=https://npb.jp/bis/eng/teams/index_d.html>Chunichi</a>,WL
,<a href=https://npb.jp/bis/eng/players/11815159.html>Fukushima Kein</a>,23,7,4.0,0.3,96.5,0.3,0.0,,0.0,0.0,,,<a href=https://npb.jp/bis/eng/teams/index_t.html>Hanshin</a>,WL
,<a href=https://npb.jp/bis/eng/players/11815159.html>Fukushima Kein</a>,23,8,26.0,1.1,54.4,1.4,-0.3,,0.0,0.1,,,<a href=https://npb.jp/bis/eng/teams/index_t.html>Hanshin</a>,WL
,<a href=https://npb.jp/bis/eng/players/11815159.html>Fukushima Kein</a>,23,9,27.0,-1.3,-62.0,-1.3,0.0,,0.0,-0.1,,,<a href=https://npb.jp/bis/eng/teams/index_t.html>Hanshin</a>,WL
,<a href=https://npb.jp/bis/eng/players/31935157.html>Satoh Kota</a>,21,7,13.0,0.2,19.8,0.2,0.0,,0.0,-0.1,,,<a href=https://npb.jp/bis/eng/teams/index_h.html>SoftBank</a>,WL
,<a href=https://npb.jp/bis/eng/players/31935157.html>Satoh Kota</a>,21,9,24.0,-2.4,-128.7,-2.6,0.2,,0.0,-0.1,,,<a href=https://npb.jp/bis/eng/teams/index_h.html>SoftBank</a>,WL
,<a href=https://npb.jp/bis/eng/players/21325159.html>Ohizumi Shuya</a>,25,7,9.0,0.0,0.0,0.0,0.0,,0.0,-0.1,,,<a href=https://npb.jp/bis/eng/teams/index_h.html>SoftBank</a>,WL
,<a href=https://npb.jp/bis/eng/players/21325159.html>Ohizumi Shuya</a>,25,9,11.0,0.4,46.8,0.4,0.0,,0.0,0.0,,,<a href=https://npb.jp/bis/eng/teams/index_h.html>SoftBank</a>,WL
,<a href=https://npb.jp/bis/eng/players/71275157.html>Tomosugi Atsuki</a>,24,6,18.0,1.2,85.8,0.8,,0.1,0.3,0.1,,,<a href=https://npb.jp/bis/eng/teams/index_m.html>Lotte</a>,EL
,<a href=https://npb.jp/bis/eng/players/91795134.html>Kohri Takuya</a>,27,3,11.0,-0.2,-23.4,-0.2,,0.0,0.1,-0.1,,,<a href=https://npb.jp/bis/eng/teams/index_g.html>Yomiuri</a>,EL
,<a href=https://npb.jp/bis/eng/players/91795134.html>Kohri Takuya</a>,27,4,2.0,0.3,193.0,0.2,,0.0,0.0,0.0,,,<a href=https://npb.jp/bis/eng/teams/index_g.html>Yomiuri</a>,EL
,<a href=https://npb.jp/bis/eng/players/91795134.html>Kohri Takuya</a>,27,5,51.0,-1.2,-30.3,-1.0,,0.1,-0.3,-0.2,,,<a href=https://npb.jp/bis/eng/teams/index_g.html>Yomiuri</a>,EL
,<a href=https://npb.jp/bis/eng/players/21925153.html>Gen Kendai</a>,23,7,16.0,1.1,88.5,1.1,0.0,,0.0,-0.2,,,<a href=https://npb.jp/bis/eng/teams/index_b.html>ORIX</a>,WL
,<a href=https://npb.jp/bis/eng/players/21925153.html>Gen Kendai</a>,23,8,46.1,1.6,44.5,0.3,1.3,,0.0,0.2,,,<a href=https://npb.jp/bis/eng/teams/index_b.html>ORIX</a>,WL
,<a href=https://npb.jp/bis/eng/players/21925153.html>Gen Kendai</a>,23,9,33.1,-0.3,-11.6,-0.3,0.0,,0.0,-0.1,,,<a href=https://npb.jp/bis/eng/teams/index_b.html>ORIX</a>,WL
,<a href=https://npb.jp/bis/eng/players/61065157.html>Chano Tokumasa</a>,25,7,18.1,-1.6,-112.5,-1.3,-0.3,,0.0,-0.2,,,<a href=https://npb.jp/bis/eng/teams/index_b.html>ORIX</a>,WL
,<a href=https://npb.jp/bis/eng/players/61065157.html>Chano Tokumasa</a>,25,8,8.0,1.1,177.0,1.1,0.0,,0.0,0.0,,,<a href=https://npb.jp/bis/eng/teams/index_b.html>ORIX</a>,WL
,<a href=https://npb.jp/bis/eng/players/61065157.html>Chano Tokumasa</a>,25,9,43.0,0.2,6.0,-0.1,0.2,,0.0,-0.2,,,<a href=https://npb.jp/bis/eng/teams/index_b.html>ORIX</a>,WL
,<a href=https://npb.jp/bis/eng/players/61065157.html>Chano Tokumasa</a>,25,DH,8.0,,,,,,,-0.1,,,<a href=https://npb.jp/bis/eng/teams/index_b.html>ORIX</a>,WL
,<a href=https://npb.jp/bis/eng/players/91095151.html>Satoh Naoki</a>,26,8,63.2,0.7,14.1,0.1,0.5,,0.0,0.2,,,<a href=https://npb.jp/bis/eng/teams/index_h.html>SoftBank</a>,WL
,<a href=https://npb.jp/bis/eng/players/91095151.html>Satoh Naoki</a>,26,9,16.0,-0.2,-16.1,-0.2,0.0,,0.0,-0.1,,,<a href=https://npb.jp/bis/eng/teams/index_h.html>SoftBank</a>,WL
,<a href=https://npb.jp/bis/eng/players/91095151.html>Satoh Naoki</a>,26,DH,27.0,,,,,,,-0.3,,,<a href=https://npb.jp/bis/eng/teams/index_h.html>SoftBank</a>,WL
,Hirao Shuto,22,8,3.0,0.3,128.7,0.3,0.0,,0.0,0.0,,,HAYATE,WL
,Hirao Shuto,22,9,23.0,0.5,28.0,0.5,0.0,,0.0,-0.1,,,HAYATE,WL
,Hirao Shuto,22,DH,2.0,,,,,,,0.0,,,HAYATE,WL
,<a href=https://npb.jp/bis/eng/players/31535132.html>Takeda Aito</a>,28,7,4.0,0.4,128.7,0.4,0.0,,0.0,0.0,,,<a href=https://npb.jp/bis/eng/teams/index_m.html>Lotte</a>,EL
,<a href=https://npb.jp/bis/eng/players/31535132.html>Takeda Aito</a>,28,8,35.0,-2.9,-106.6,-2.9,0.0,,0.0,0.1,,,<a href=https://npb.jp/bis/eng/teams/index_m.html>Lotte</a>,EL
,<a href=https://npb.jp/bis/eng/players/23125157.html>Higuma Montell</a>,25,8,53.0,2.3,55.9,1.5,1.6,,-0.8,0.2,,,<a href=https://npb.jp/bis/eng/teams/index_l.html>Seibu</a>,EL
,<a href=https://npb.jp/bis/eng/players/23125157.html>Higuma Montell</a>,25,9,9.0,0.3,42.9,0.3,0.0,,0.0,0.0,,,<a href=https://npb.jp/bis/eng/teams/index_l.html>Seibu</a>,EL
,吉納 翼,吉納 翼,7,27.0,-0.2,-9.5,-0.6,0.4,,0.0,-0.3,,,<a href=https://npb.jp/bis/eng/teams/index_e.html>Rakuten</a>,EL
,吉納 翼,吉納 翼,9,44.0,1.6,46.8,1.2,0.4,,0.0,-0.2,,,<a href=https://npb.jp/bis/eng/teams/index_e.html>Rakuten</a>,EL
,吉納 翼,吉納 翼,DH,9.0,,,,,,,-0.1,,,<a href=https://npb.jp/bis/eng/teams/index_e.html>Rakuten</a>,EL
,Yoh Daikan,38,9,21.0,-0.4,-24.5,-0.3,-0.1,,0.0,-0.1,,,Oisix,EL
,Yoh Daikan,38,DH,8.0,,,,,,,-0.1,,,Oisix,EL
,Takayama Shun,32,3,23.0,-1.7,-95.1,-1.8,,0.0,0.1,-0.3,,,Oisix,EL
,Takayama Shun,32,DH,50.1,,,,,,,-0.6,,,Oisix,EL
,<a href=https://npb.jp/bis/eng/players/91895133.html>Yamada Tetsuto</a>,32,4,25.0,0.0,0.0,0.5,,0.0,-0.5,0.1,,,<a href=https://npb.jp/bis/eng/teams/index_s.html>Yakult</a>,EL
,<a href=https://npb.jp/bis/eng/players/91895133.html>Yamada Tetsuto</a>,32,DH,16.0,,,,,,,-0.2,,,<a href=https://npb.jp/bis/eng/teams/index_s.html>Yakult</a>,EL
,<a href=https://npb.jp/bis/eng/players/81385155.html>Okada Yuki</a>,25,7,7.0,0.1,18.4,0.1,0.0,,0.0,-0.1,,,<a href=https://npb.jp/bis/eng/teams/index_g.html>Yomiuri</a>,EL
,<a href=https://npb.jp/bis/eng/players/81385155.html>Okada Yuki</a>,25,8,16.2,0.3,23.1,0.3,0.0,,0.0,0.1,,,<a href=https://npb.jp/bis/eng/teams/index_g.html>Yomiuri</a>,EL
,<a href=https://npb.jp/bis/eng/players/81385155.html>Okada Yuki</a>,25,9,13.0,-0.3,-29.7,-0.4,0.1,,0.0,-0.1,,,<a href=https://npb.jp/bis/eng/teams/index_g.html>Yomiuri</a>,EL
,<a href=https://npb.jp/bis/eng/players/81385155.html>Okada Yuki</a>,25,DH,10.0,,,,,,,-0.1,,,<a href=https://npb.jp/bis/eng/teams/index_g.html>Yomiuri</a>,EL
,<a href=https://npb.jp/bis/eng/players/83285159.html>Chlup Marek</a>,26,7,7.0,-0.8,-147.1,-0.3,-0.6,,0.0,-0.1,,,<a href=https://npb.jp/bis/eng/teams/index_g.html>Yomiuri</a>,EL
,<a href=https://npb.jp/bis/eng/players/83285159.html>Chlup Marek</a>,26,8,2.0,0.0,0.0,0.0,0.0,,0.0,0.0,,,<a href=https://npb.jp/bis/eng/teams/index_g.html>Yomiuri</a>,EL
,<a href=https://npb.jp/bis/eng/players/83285159.html>Chlup Marek</a>,26,9,19.0,-1.2,-81.3,-1.1,-0.1,,0.0,-0.1,,,<a href=https://npb.jp/bis/eng/teams/index_g.html>Yomiuri</a>,EL
,<a href=https://npb.jp/bis/eng/players/83285159.html>Chlup Marek</a>,26,DH,25.0,,,,,,,-0.3,,,<a href=https://npb.jp/bis/eng/teams/index_g.html>Yomiuri</a>,EL
,根岸 辰昇,根岸 辰昇,3,28.0,1.8,82.7,1.4,,0.0,0.3,-0.3,,,<a href=https://npb.jp/bis/eng/teams/index_s.html>Yakult</a>,EL
,根岸 辰昇,根岸 辰昇,9,9.0,0.0,0.0,0.0,0.0,,0.0,0.0,,,<a href=https://npb.jp/bis/eng/teams/index_s.html>Yakult</a>,EL
,根岸 辰昇,根岸 辰昇,DH,1.0,,,,,,,0.0,,,<a href=https://npb.jp/bis/eng/teams/index_s.html>Yakult</a>,EL
,<a href=https://npb.jp/bis/eng/players/21825138.html>Yamanobe Kakeru</a>,31,4,24.2,0.5,26.1,0.1,,0.1,0.2,0.1,,,<a href=https://npb.jp/bis/eng/teams/index_l.html>Seibu</a>,EL
,<a href=https://npb.jp/bis/eng/players/21825138.html>Yamanobe Kakeru</a>,31,7,25.1,0.9,45.8,1.0,-0.1,,0.0,-0.2,,,<a href=https://npb.jp/bis/eng/teams/index_l.html>Seibu</a>,EL
,陽 柏翔,陽 柏翔,4,51.2,0.3,7.5,0.4,,-0.5,0.4,0.1,,,<a href=https://npb.jp/bis/eng/teams/index_e.html>Rakuten</a>,EL
,<a href=https://npb.jp/bis/eng/players/91195159.html>Ishikami Taiki</a>,24,4,52.0,-0.1,-2.5,0.1,,-0.1,-0.1,0.1,,,<a href=https://npb.jp/bis/eng/teams/index_db.html>DeNA</a>,EL
,<a href=https://npb.jp/bis/eng/players/91195159.html>Ishikami Taiki</a>,24,5,9.0,0.4,57.2,0.2,,0.0,0.2,0.0,,,<a href=https://npb.jp/bis/eng/teams/index_db.html>DeNA</a>,EL
,<a href=https://npb.jp/bis/eng/players/91195159.html>Ishikami Taiki</a>,24,6,18.0,-0.4,-28.6,0.1,,0.0,-0.4,0.1,,,<a href=https://npb.jp/bis/eng/teams/index_db.html>DeNA</a>,EL
,Urushihara Genta,22,4,19.1,-0.7,-46.7,-0.7,,-0.2,0.2,0.1,,,Oisix,EL
,Urushihara Genta,22,8,3.0,0.3,128.7,0.3,0.0,,0.0,0.0,,,Oisix,EL
,<a href=https://npb.jp/bis/eng/players/63565155.html>Watanabe Haruto</a>,25,7,8.0,-1.0,-160.9,-1.1,0.1,,0.0,-0.1,,,<a href=https://npb.jp/bis/eng/teams/index_b.html>ORIX</a>,WL
,<a href=https://npb.jp/bis/eng/players/63565155.html>Watanabe Haruto</a>,25,8,34.1,2.0,75.0,1.9,0.1,,0.0,0.1,,,<a href=https://npb.jp/bis/eng/teams/index_b.html>ORIX</a>,WL
,Fukuda Shuhei,32,9,5.0,-0.2,-51.5,-0.2,0.0,,0.0,0.0,,,<a href=https://npb.jp/bis/eng/teams/index_b.html>ORIX</a>,WL
,<a href=https://npb.jp/bis/eng/players/51955153.html>Kita Ryoto</a>,22,7,33.0,1.2,46.8,1.2,0.0,,0.0,-0.3,,,<a href=https://npb.jp/bis/eng/teams/index_b.html>ORIX</a>,WL
,<a href=https://npb.jp/bis/eng/players/51955153.html>Kita Ryoto</a>,22,9,12.1,-1.0,-104.6,-0.9,-0.1,,0.0,0.0,,,<a href=https://npb.jp/bis/eng/teams/index_b.html>ORIX</a>,WL
,<a href=https://npb.jp/bis/eng/players/51955153.html>Kita Ryoto</a>,22,DH,9.0,,,,,,,-0.1,,,<a href=https://npb.jp/bis/eng/teams/index_b.html>ORIX</a>,WL
,<a href=https://npb.jp/bis/eng/players/21325138.html>Ohmori Minoru</a>,28,8,32.0,0.9,36.2,1.2,-0.4,,0.0,0.1,,,<a href=https://npb.jp/bis/eng/teams/index_c.html>Hiroshima</a>,WL
,<a href=https://npb.jp/bis/eng/players/21325138.html>Ohmori Minoru</a>,28,9,14.0,-0.7,-64.4,-0.7,0.1,,0.0,-0.1,,,<a href=https://npb.jp/bis/eng/teams/index_c.html>Hiroshima</a>,WL
,<a href=https://npb.jp/bis/eng/players/71975157.html>Shigematsu Kaito</a>,25,3,9.0,0.4,57.2,0.3,,0.0,0.1,-0.1,,,<a href=https://npb.jp/bis/eng/teams/index_h.html>SoftBank</a>,WL
,<a href=https://npb.jp/bis/eng/players/71975157.html>Shigematsu Kaito</a>,25,8,17.0,1.1,83.3,1.1,0.0,,0.0,0.1,,,<a href=https://npb.jp/bis/eng/teams/index_h.html>SoftBank</a>,WL
,<a href=https://npb.jp/bis/eng/players/71975157.html>Shigematsu Kaito</a>,25,9,29.0,1.5,66.6,0.5,1.0,,0.0,-0.1,,,<a href=https://npb.jp/bis/eng/teams/index_h.html>SoftBank</a>,WL
,<a href=https://npb.jp/bis/eng/players/71975157.html>Shigematsu Kaito</a>,25,DH,9.2,,,,,,,-0.1,,,<a href=https://npb.jp/bis/eng/teams/index_h.html>SoftBank</a>,WL
,<a href=https://npb.jp/bis/eng/players/91995157.html>Shimizu Kanato</a>,20,2,27.0,-0.1,-4.8,,-0.2,,0.1,0.4,-0.5,0.0,<a href=https://npb.jp/bis/eng/teams/index_c.html>Hiroshima</a>,WL
,<a href=https://npb.jp/bis/eng/players/13315136.html>Wakabayashi Akihiro</a>,31,3,11.0,-0.3,-35.1,-0.3,,0.0,0.0,-0.1,,,<a href=https://npb.jp/bis/eng/teams/index_f.html>Nipponham</a>,EL
,<a href=https://npb.jp/bis/eng/players/13315136.html>Wakabayashi Akihiro</a>,31,4,1.0,-0.1,-128.7,-0.1,,0.0,0.0,0.0,,,<a href=https://npb.jp/bis/eng/teams/index_f.html>Nipponham</a>,EL
,<a href=https://npb.jp/bis/eng/players/13315136.html>Wakabayashi Akihiro</a>,31,DH,9.0,,,,,,,-0.1,,,<a href=https://npb.jp/bis/eng/teams/index_f.html>Nipponham</a>,EL
,<a href=https://npb.jp/bis/eng/players/81185159.html>Itoh Ryui</a>,22,4,4.0,0.1,32.2,0.1,,0.0,0.0,0.0,,,<a href=https://npb.jp/bis/eng/teams/index_s.html>Yakult</a>,EL
,<a href=https://npb.jp/bis/eng/players/81185159.html>Itoh Ryui</a>,22,6,11.0,0.3,35.1,0.2,,0.0,0.1,0.1,,,<a href=https://npb.jp/bis/eng/teams/index_s.html>Yakult</a>,EL
,<a href=https://npb.jp/bis/eng/players/71775134.html>Genda Sosuke</a>,32,6,9.0,-0.1,-14.3,-0.2,,0.0,0.1,0.1,,,<a href=https://npb.jp/bis/eng/teams/index_l.html>Seibu</a>,EL
,<a href=https://npb.jp/bis/eng/players/51755157.html>Kodama Ryosuke</a>,26,4,4.1,0.0,0.0,0.0,,0.0,0.0,0.0,,,<a href=https://npb.jp/bis/eng/teams/index_l.html>Seibu</a>,EL
,<a href=https://npb.jp/bis/eng/players/51755157.html>Kodama Ryosuke</a>,26,6,28.2,1.7,76.2,0.7,,0.4,0.6,0.2,,,<a href=https://npb.jp/bis/eng/teams/index_l.html>Seibu</a>,EL
,<a href=https://npb.jp/bis/eng/players/21425159.html>Nakashima Daisuke</a>,24,7,17.0,1.2,90.8,1.2,0.0,,0.0,-0.2,,,<a href=https://npb.jp/bis/eng/teams/index_e.html>Rakuten</a>,EL
,<a href=https://npb.jp/bis/eng/players/21425159.html>Nakashima Daisuke</a>,24,8,28.0,-2.6,-119.5,-2.6,0.0,,0.0,0.1,,,<a href=https://npb.jp/bis/eng/teams/index_e.html>Rakuten</a>,EL
,<a href=https://npb.jp/bis/eng/players/21425159.html>Nakashima Daisuke</a>,24,9,8.0,-0.3,-48.3,-0.4,0.1,,0.0,0.0,,,<a href=https://npb.jp/bis/eng/teams/index_e.html>Rakuten</a>,EL
,<a href=https://npb.jp/bis/eng/players/71075151.html>Satoh Toshiya</a>,27,2,5.0,0.0,0.0,,0.0,,0.0,0.1,-0.1,0.0,<a href=https://npb.jp/bis/eng/teams/index_m.html>Lotte</a>,EL
,<a href=https://npb.jp/bis/eng/players/71075151.html>Satoh Toshiya</a>,27,DH,13.0,,,,,,,-0.2,,,<a href=https://npb.jp/bis/eng/teams/index_m.html>Lotte</a>,EL
,アセベド,アセベド,7,5.0,1.2,308.9,1.2,0.0,,0.0,0.0,,,<a href=https://npb.jp/bis/eng/teams/index_m.html>Lotte</a>,EL
,アセベド,アセベド,8,13.0,0.3,29.7,0.3,0.0,,0.0,0.0,,,<a href=https://npb.jp/bis/eng/teams/index_m.html>Lotte</a>,EL
,アセベド,アセベド,DH,31.0,,,,,,,-0.4,,,<a href=https://npb.jp/bis/eng/teams/index_m.html>Lotte</a>,EL
,マイカ与那嶺,マイカ与那嶺,3,18.0,-0.3,-21.4,0.2,,0.0,-0.5,-0.2,,,<a href=https://npb.jp/bis/eng/teams/index_f.html>Nipponham</a>,EL
,マイカ与那嶺,マイカ与那嶺,DH,16.0,,,,,,,-0.2,,,<a href=https://npb.jp/bis/eng/teams/index_f.html>Nipponham</a>,EL
,<a href=https://npb.jp/bis/eng/players/81485157.html>Hagio Masaya</a>,24,7,15.0,0.8,68.6,1.1,-0.3,,0.0,-0.1,,,<a href=https://npb.jp/bis/eng/teams/index_g.html>Yomiuri</a>,EL
,<a href=https://npb.jp/bis/eng/players/81485157.html>Hagio Masaya</a>,24,8,10.1,-0.7,-87.5,-0.8,0.1,,0.0,0.0,,,<a href=https://npb.jp/bis/eng/teams/index_g.html>Yomiuri</a>,EL
,<a href=https://npb.jp/bis/eng/players/81485157.html>Hagio Masaya</a>,24,9,5.0,-0.2,-51.5,-0.2,0.0,,0.0,0.0,,,<a href=https://npb.jp/bis/eng/teams/index_g.html>Yomiuri</a>,EL
,<a href=https://npb.jp/bis/eng/players/81485157.html>Hagio Masaya</a>,24,DH,18.0,,,,,,,-0.2,,,<a href=https://npb.jp/bis/eng/teams/index_g.html>Yomiuri</a>,EL
,<a href=https://npb.jp/bis/eng/players/51955159.html>Sasaki Shunsuke</a>,25,7,22.0,0.5,29.2,-0.5,1.0,,0.0,-0.2,,,<a href=https://npb.jp/bis/eng/teams/index_g.html>Yomiuri</a>,EL
,<a href=https://npb.jp/bis/eng/players/51955159.html>Sasaki Shunsuke</a>,25,8,11.0,-0.1,-11.7,-0.3,0.2,,0.0,0.0,,,<a href=https://npb.jp/bis/eng/teams/index_g.html>Yomiuri</a>,EL
,<a href=https://npb.jp/bis/eng/players/51955159.html>Sasaki Shunsuke</a>,25,9,40.0,-0.5,-16.1,-0.1,-0.3,,0.0,-0.2,,,<a href=https://npb.jp/bis/eng/teams/index_g.html>Yomiuri</a>,EL
,仲田 慶介,仲田 慶介,4,3.0,-0.3,-128.7,-0.3,,0.0,0.0,0.0,,,<a href=https://npb.jp/bis/eng/teams/index_l.html>Seibu</a>,EL
,仲田 慶介,仲田 慶介,7,5.0,-1.9,-489.1,-1.5,-0.4,,0.0,0.0,,,<a href=https://npb.jp/bis/eng/teams/index_l.html>Seibu</a>,EL
,<a href=https://npb.jp/bis/eng/players/31935139.html>Sekine Taiki</a>,30,7,16.0,0.7,56.3,0.7,0.0,,0.0,-0.2,,,<a href=https://npb.jp/bis/eng/teams/index_db.html>DeNA</a>,EL
,<a href=https://npb.jp/bis/eng/players/31935139.html>Sekine Taiki</a>,30,8,27.1,-2.5,-117.9,-2.5,0.0,,0.0,0.1,,,<a href=https://npb.jp/bis/eng/teams/index_db.html>DeNA</a>,EL
,<a href=https://npb.jp/bis/eng/players/31935139.html>Sekine Taiki</a>,30,9,19.0,0.0,0.0,0.2,-0.2,,0.0,-0.1,,,<a href=https://npb.jp/bis/eng/teams/index_db.html>DeNA</a>,EL
,<a href=https://npb.jp/bis/eng/players/61965157.html>Sugisawa Ryu</a>,25,8,26.0,1.1,54.4,0.1,1.0,,0.0,0.1,,,<a href=https://npb.jp/bis/eng/teams/index_b.html>ORIX</a>,WL
,<a href=https://npb.jp/bis/eng/players/61965157.html>Sugisawa Ryu</a>,25,9,10.0,0.9,115.8,0.8,0.1,,0.0,0.0,,,<a href=https://npb.jp/bis/eng/teams/index_b.html>ORIX</a>,WL
,<a href=https://npb.jp/bis/eng/players/61965157.html>Sugisawa Ryu</a>,25,DH,9.1,,,,,,,-0.1,,,<a href=https://npb.jp/bis/eng/teams/index_b.html>ORIX</a>,WL
,庄子 雄大,庄子 雄大,4,61.0,1.3,27.4,0.9,,-0.3,0.7,0.2,,,<a href=https://npb.jp/bis/eng/teams/index_h.html>SoftBank</a>,WL
,庄子 雄大,庄子 雄大,6,48.2,2.4,63.4,2.7,,0.2,-0.5,0.4,,,<a href=https://npb.jp/bis/eng/teams/index_h.html>SoftBank</a>,WL
,<a href=https://npb.jp/bis/eng/players/81885151.html>Mochimaru Taiki</a>,23,2,28.0,-0.2,-9.2,,-0.1,,-0.2,0.4,-0.4,0.1,<a href=https://npb.jp/bis/eng/teams/index_c.html>Hiroshima</a>,WL
,<a href=https://npb.jp/bis/eng/players/71975155.html>Sakaguchi Uta</a>,22,3,14.0,0.4,36.8,0.3,,0.0,0.1,-0.2,,,<a href=https://npb.jp/bis/eng/teams/index_f.html>Nipponham</a>,EL
,<a href=https://npb.jp/bis/eng/players/71975155.html>Sakaguchi Uta</a>,22,7,31.0,-0.8,-33.2,-1.3,0.5,,0.0,-0.3,,,<a href=https://npb.jp/bis/eng/teams/index_f.html>Nipponham</a>,EL
,<a href=https://npb.jp/bis/eng/players/71975155.html>Sakaguchi Uta</a>,22,8,9.0,0.1,14.3,0.1,0.0,,0.0,0.0,,,<a href=https://npb.jp/bis/eng/teams/index_f.html>Nipponham</a>,EL
,<a href=https://npb.jp/bis/eng/players/01605151.html>Funakoshi Hidetora</a>,23,7,15.0,-0.8,-68.6,-0.2,-0.6,,0.0,-0.1,,,<a href=https://npb.jp/bis/eng/teams/index_g.html>Yomiuri</a>,EL
,<a href=https://npb.jp/bis/eng/players/01605151.html>Funakoshi Hidetora</a>,23,8,9.0,0.3,42.9,0.3,0.0,,0.0,0.0,,,<a href=https://npb.jp/bis/eng/teams/index_g.html>Yomiuri</a>,EL
,<a href=https://npb.jp/bis/eng/players/61665157.html>Hiruma Takuya</a>,24,7,52.0,-0.5,-12.4,-0.1,-0.4,,0.1,-0.5,,,<a href=https://npb.jp/bis/eng/teams/index_l.html>Seibu</a>,EL
,<a href=https://npb.jp/bis/eng/players/61665157.html>Hiruma Takuya</a>,24,9,31.0,1.0,41.5,1.2,-0.2,,0.0,-0.1,,,<a href=https://npb.jp/bis/eng/teams/index_l.html>Seibu</a>,EL
,<a href=https://npb.jp/bis/eng/players/61665157.html>Hiruma Takuya</a>,24,DH,3.0,,,,,,,0.0,,,<a href=https://npb.jp/bis/eng/teams/index_l.html>Seibu</a>,EL
,土田 龍空,土田 龍空,4,27.0,0.4,19.1,0.9,,0.0,-0.5,0.1,,,<a href=https://npb.jp/bis/eng/teams/index_d.html>Chunichi</a>,WL
,土田 龍空,土田 龍空,6,31.0,0.4,16.6,0.8,,-0.2,-0.2,0.3,,,<a href=https://npb.jp/bis/eng/teams/index_d.html>Chunichi</a>,WL
,<a href=https://npb.jp/bis/eng/players/63365159.html>Yamada Shuya</a>,19,4,10.0,0.5,64.4,0.6,,-0.1,0.1,0.0,,,<a href=https://npb.jp/bis/eng/teams/index_t.html>Hanshin</a>,WL
,<a href=https://npb.jp/bis/eng/players/63365159.html>Yamada Shuya</a>,19,6,95.0,0.3,4.1,1.1,,0.0,-0.7,0.8,,,<a href=https://npb.jp/bis/eng/teams/index_t.html>Hanshin</a>,WL
,<a href=https://npb.jp/bis/eng/players/01405157.html>Noguchi Kyosuke</a>,24,7,9.0,-0.6,-85.8,-0.6,0.0,,0.0,-0.1,,,<a href=https://npb.jp/bis/eng/teams/index_t.html>Hanshin</a>,WL
,<a href=https://npb.jp/bis/eng/players/01405157.html>Noguchi Kyosuke</a>,24,9,45.0,1.1,31.5,0.8,0.3,,0.0,-0.2,,,<a href=https://npb.jp/bis/eng/teams/index_t.html>Hanshin</a>,WL
,<a href=https://npb.jp/bis/eng/players/03305157.html>Yamaguchi Ataru</a>,26,7,23.0,-0.3,-16.8,-0.3,0.0,,0.0,-0.2,,,<a href=https://npb.jp/bis/eng/teams/index_f.html>Nipponham</a>,EL
,<a href=https://npb.jp/bis/eng/players/03305157.html>Yamaguchi Ataru</a>,26,9,17.0,0.0,0.0,0.1,0.0,,0.0,-0.1,,,<a href=https://npb.jp/bis/eng/teams/index_f.html>Nipponham</a>,EL
,<a href=https://npb.jp/bis/eng/players/03305157.html>Yamaguchi Ataru</a>,26,DH,8.0,,,,,,,-0.1,,,<a href=https://npb.jp/bis/eng/teams/index_f.html>Nipponham</a>,EL
,ディアス,ディアス,3,15.0,-0.6,-51.5,-0.6,,0.0,0.0,-0.2,,,<a href=https://npb.jp/bis/eng/teams/index_b.html>ORIX</a>,WL
,ディアス,ディアス,DH,26.0,,,,,,,-0.3,,,<a href=https://npb.jp/bis/eng/teams/index_b.html>ORIX</a>,WL
,<a href=https://npb.jp/bis/eng/players/61865153.html>Hosokawa Ryohei</a>,23,4,8.0,-0.6,-96.5,-0.7,,0.1,0.0,0.0,,,<a href=https://npb.jp/bis/eng/teams/index_f.html>Nipponham</a>,EL
,<a href=https://npb.jp/bis/eng/players/61865153.html>Hosokawa Ryohei</a>,23,6,40.0,0.2,6.4,-0.3,,0.0,0.5,0.3,,,<a href=https://npb.jp/bis/eng/teams/index_f.html>Nipponham</a>,EL
,<a href=https://npb.jp/bis/eng/players/61865153.html>Hosokawa Ryohei</a>,23,8,17.0,0.8,60.6,1.2,-0.3,,0.0,0.1,,,<a href=https://npb.jp/bis/eng/teams/index_f.html>Nipponham</a>,EL
,Konishi Keiji,27,3,71.1,-1.9,-34.3,-2.2,,-0.1,0.3,-0.8,,,Oisix,EL
,<a href=https://npb.jp/bis/eng/players/41545159.html>Kawakami Rii</a>,24,3,58.0,0.9,20.0,0.3,,0.2,0.4,-0.6,,,<a href=https://npb.jp/bis/eng/teams/index_d.html>Chunichi</a>,WL
,<a href=https://npb.jp/bis/eng/players/41545159.html>Kawakami Rii</a>,24,4,42.0,-1.4,-42.9,-0.8,,-0.2,-0.4,0.1,,,<a href=https://npb.jp/bis/eng/teams/index_d.html>Chunichi</a>,WL
,<a href=https://npb.jp/bis/eng/players/41545159.html>Kawakami Rii</a>,24,5,9.0,0.5,71.5,0.4,,0.0,0.1,0.0,,,<a href=https://npb.jp/bis/eng/teams/index_d.html>Chunichi</a>,WL
,<a href=https://npb.jp/bis/eng/players/41845155.html>Maekawa Seita</a>,22,4,16.0,-0.3,-24.1,-0.3,,0.0,0.0,0.0,,,<a href=https://npb.jp/bis/eng/teams/index_c.html>Hiroshima</a>,WL
,Eguchi Soichiro,21,7,3.0,-0.2,-85.8,0.1,-0.3,,0.0,0.0,,,HAYATE,WL
,Eguchi Soichiro,21,DH,7.0,,,,,,,-0.1,,,HAYATE,WL
,<a href=https://npb.jp/bis/eng/players/71975159.html>Sato Keisuke</a>,24,4,64.0,-2.1,-42.2,-0.8,,-0.3,-1.0,0.2,,,<a href=https://npb.jp/bis/eng/teams/index_c.html>Hiroshima</a>,WL
,<a href=https://npb.jp/bis/eng/players/21125151.html>Ishihara Tomoki</a>,27,2,25.0,0.0,0.0,,0.0,,0.1,0.4,1.3,0.1,<a href=https://npb.jp/bis/eng/teams/index_c.html>Hiroshima</a>,WL
,<a href=https://npb.jp/bis/eng/players/93195132.html>Yamamoto Yasuhiro</a>,31,4,12.0,0.5,53.6,0.2,,0.2,0.1,0.0,,,<a href=https://npb.jp/bis/eng/teams/index_d.html>Chunichi</a>,WL
,<a href=https://npb.jp/bis/eng/players/93195132.html>Yamamoto Yasuhiro</a>,31,5,12.0,-0.6,-64.4,-0.7,,0.0,0.1,0.0,,,<a href=https://npb.jp/bis/eng/teams/index_d.html>Chunichi</a>,WL
,<a href=https://npb.jp/bis/eng/players/21825134.html>Matsubara Seiya</a>,30,7,18.2,0.4,27.5,0.4,0.0,,0.0,-0.2,,,<a href=https://npb.jp/bis/eng/teams/index_l.html>Seibu</a>,EL
,<a href=https://npb.jp/bis/eng/players/21825134.html>Matsubara Seiya</a>,30,9,29.0,0.1,4.4,-0.6,0.7,,0.0,-0.1,,,<a href=https://npb.jp/bis/eng/teams/index_l.html>Seibu</a>,EL
,Tanaka Shunta,31,4,55.0,-2.4,-56.2,-1.8,,-1.0,0.4,0.1,,,Oisix,EL
,山縣 秀,山縣 秀,4,17.0,1.1,83.3,0.9,,0.0,0.2,0.0,,,<a href=https://npb.jp/bis/eng/teams/index_f.html>Nipponham</a>,EL
,山縣 秀,山縣 秀,6,31.0,-0.4,-16.6,0.3,,-0.3,-0.4,0.3,,,<a href=https://npb.jp/bis/eng/teams/index_f.html>Nipponham</a>,EL
,<a href=https://npb.jp/bis/eng/players/91195157.html>Asano Shogo</a>,20,7,23.0,-1.8,-100.7,-1.9,0.0,,0.0,-0.2,,,<a href=https://npb.jp/bis/eng/teams/index_g.html>Yomiuri</a>,EL
,<a href=https://npb.jp/bis/eng/players/91195157.html>Asano Shogo</a>,20,8,8.0,0.4,64.4,0.6,-0.1,,0.0,0.0,,,<a href=https://npb.jp/bis/eng/teams/index_g.html>Yomiuri</a>,EL
,<a href=https://npb.jp/bis/eng/players/91195157.html>Asano Shogo</a>,20,DH,3.0,,,,,,,0.0,,,<a href=https://npb.jp/bis/eng/teams/index_g.html>Yomiuri</a>,EL
,<a href=https://npb.jp/bis/eng/players/43145136.html>Yuasa Dai</a>,25,4,29.0,0.9,39.9,0.5,,0.2,0.2,0.1,,,<a href=https://npb.jp/bis/eng/teams/index_g.html>Yomiuri</a>,EL
,<a href=https://npb.jp/bis/eng/players/43145136.html>Yuasa Dai</a>,25,5,15.0,-0.1,-8.6,-0.3,,-0.1,0.2,-0.1,,,<a href=https://npb.jp/bis/eng/teams/index_g.html>Yomiuri</a>,EL
,<a href=https://npb.jp/bis/eng/players/43145136.html>Yuasa Dai</a>,25,6,19.0,-0.1,-6.8,0.0,,-0.4,0.3,0.2,,,<a href=https://npb.jp/bis/eng/teams/index_g.html>Yomiuri</a>,EL
,<a href=https://npb.jp/bis/eng/players/33135151.html>Mori Keito</a>,23,6,8.0,-0.1,-16.1,0.5,,0.0,-0.6,0.1,,,<a href=https://npb.jp/bis/eng/teams/index_db.html>DeNA</a>,EL
,<a href=https://npb.jp/bis/eng/players/11815136.html>Masuda Shu</a>,26,7,6.0,0.3,64.4,0.3,0.0,,0.0,-0.1,,,<a href=https://npb.jp/bis/eng/teams/index_s.html>Yakult</a>,EL
,<a href=https://npb.jp/bis/eng/players/11815136.html>Masuda Shu</a>,26,9,1.0,0.0,0.0,0.0,0.0,,0.0,0.0,,,<a href=https://npb.jp/bis/eng/teams/index_s.html>Yakult</a>,EL
,<a href=https://npb.jp/bis/eng/players/91495157.html>Nishimura Ruito</a>,20,5,22.0,1.0,58.5,0.8,,0.0,0.2,-0.1,,,<a href=https://npb.jp/bis/eng/teams/index_s.html>Yakult</a>,EL
,<a href=https://npb.jp/bis/eng/players/91495157.html>Nishimura Ruito</a>,20,7,32.0,1.1,44.2,1.0,0.1,,0.0,-0.3,,,<a href=https://npb.jp/bis/eng/teams/index_s.html>Yakult</a>,EL
,<a href=https://npb.jp/bis/eng/players/91495157.html>Nishimura Ruito</a>,20,9,9.0,0.6,85.8,0.6,0.0,,0.0,0.0,,,<a href=https://npb.jp/bis/eng/teams/index_s.html>Yakult</a>,EL
,<a href=https://npb.jp/bis/eng/players/11815157.html>Fujita Taisei</a>,20,9,33.0,-1.3,-50.7,-1.8,0.4,,0.0,-0.1,,,<a href=https://npb.jp/bis/eng/teams/index_f.html>Nipponham</a>,EL
,加藤 響,加藤 響,4,18.0,-0.3,-21.4,-0.6,,0.2,0.1,0.0,,,<a href=https://npb.jp/bis/eng/teams/index_db.html>DeNA</a>,EL
,加藤 響,加藤 響,5,41.0,2.1,65.9,1.5,,-0.2,0.8,-0.2,,,<a href=https://npb.jp/bis/eng/teams/index_db.html>DeNA</a>,EL
,加藤 響,加藤 響,6,28.1,-1.2,-54.6,-1.3,,-0.1,0.3,0.2,,,<a href=https://npb.jp/bis/eng/teams/index_db.html>DeNA</a>,EL
,遠藤 成,遠藤 成,3,13.0,0.4,39.6,0.3,,-0.1,0.1,-0.1,,,<a href=https://npb.jp/bis/eng/teams/index_b.html>ORIX</a>,WL
,遠藤 成,遠藤 成,4,15.0,0.5,42.9,0.3,,0.1,0.1,0.0,,,<a href=https://npb.jp/bis/eng/teams/index_b.html>ORIX</a>,WL
,遠藤 成,遠藤 成,5,2.0,0.0,0.0,0.0,,0.0,0.0,0.0,,,<a href=https://npb.jp/bis/eng/teams/index_b.html>ORIX</a>,WL
,楠本 泰史,楠本 泰史,7,6.0,-0.2,-42.9,0.1,-0.3,,0.0,-0.1,,,<a href=https://npb.jp/bis/eng/teams/index_t.html>Hanshin</a>,WL
,楠本 泰史,楠本 泰史,9,2.0,0.0,0.0,0.3,-0.3,,0.0,0.0,,,<a href=https://npb.jp/bis/eng/teams/index_t.html>Hanshin</a>,WL
,楠本 泰史,楠本 泰史,DH,56.0,,,,,,,-0.7,,,<a href=https://npb.jp/bis/eng/teams/index_t.html>Hanshin</a>,WL
,<a href=https://npb.jp/bis/eng/players/81285159.html>Tsuda Keishi</a>,22,3,42.0,-0.1,-3.1,0.2,,0.1,-0.3,-0.5,,,<a href=https://npb.jp/bis/eng/teams/index_d.html>Chunichi</a>,WL
,<a href=https://npb.jp/bis/eng/players/81285159.html>Tsuda Keishi</a>,22,5,28.0,-0.7,-32.2,-1.2,,0.3,0.2,-0.1,,,<a href=https://npb.jp/bis/eng/teams/index_d.html>Chunichi</a>,WL
,<a href=https://npb.jp/bis/eng/players/81285159.html>Tsuda Keishi</a>,22,6,37.0,2.2,76.5,1.7,,-0.1,0.7,0.3,,,<a href=https://npb.jp/bis/eng/teams/index_d.html>Chunichi</a>,WL
,山中 稜真,山中 稜真,3,2.0,0.0,0.0,0.0,,0.0,0.0,0.0,,,<a href=https://npb.jp/bis/eng/teams/index_b.html>ORIX</a>,WL
,山中 稜真,山中 稜真,7,9.1,0.4,55.4,0.4,0.0,,0.0,-0.1,,,<a href=https://npb.jp/bis/eng/teams/index_b.html>ORIX</a>,WL
,山中 稜真,山中 稜真,9,13.0,-1.2,-118.8,-0.9,-0.3,,0.0,-0.1,,,<a href=https://npb.jp/bis/eng/teams/index_b.html>ORIX</a>,WL
,<a href=https://npb.jp/bis/eng/players/71475138.html>Hatsuki Ryutaro</a>,25,4,11.0,-0.8,-93.6,-0.2,,-0.1,-0.5,0.0,,,<a href=https://npb.jp/bis/eng/teams/index_c.html>Hiroshima</a>,WL
,<a href=https://npb.jp/bis/eng/players/71475138.html>Hatsuki Ryutaro</a>,25,5,2.0,0.0,0.0,0.0,,0.0,0.0,0.0,,,<a href=https://npb.jp/bis/eng/teams/index_c.html>Hiroshima</a>,WL
,<a href=https://npb.jp/bis/eng/players/71475138.html>Hatsuki Ryutaro</a>,25,7,9.0,-1.0,-143.0,-1.1,0.0,,0.0,-0.1,,,<a href=https://npb.jp/bis/eng/teams/index_c.html>Hiroshima</a>,WL
,<a href=https://npb.jp/bis/eng/players/71475138.html>Hatsuki Ryutaro</a>,25,8,11.0,1.6,187.2,1.6,0.0,,0.0,0.0,,,<a href=https://npb.jp/bis/eng/teams/index_c.html>Hiroshima</a>,WL
,<a href=https://npb.jp/bis/eng/players/41545138.html>Katsumata Atsushi</a>,25,7,44.0,-0.2,-5.9,0.2,-0.4,,0.0,-0.4,,,<a href=https://npb.jp/bis/eng/teams/index_db.html>DeNA</a>,EL
,<a href=https://npb.jp/bis/eng/players/41545138.html>Katsumata Atsushi</a>,25,8,17.0,0.8,60.6,0.2,0.6,,0.0,0.1,,,<a href=https://npb.jp/bis/eng/teams/index_db.html>DeNA</a>,EL
,<a href=https://npb.jp/bis/eng/players/41545138.html>Katsumata Atsushi</a>,25,9,20.1,2.4,152.2,2.4,0.0,,0.0,-0.1,,,<a href=https://npb.jp/bis/eng/teams/index_db.html>DeNA</a>,EL
,<a href=https://npb.jp/bis/eng/players/33535153.html>Yamamoto Daito</a>,22,8,3.0,-1.1,-471.9,-1.1,0.0,,0.0,0.0,,,<a href=https://npb.jp/bis/eng/teams/index_m.html>Lotte</a>,EL
,<a href=https://npb.jp/bis/eng/players/33535153.html>Yamamoto Daito</a>,22,9,77.0,-0.2,-3.3,0.0,-0.2,,0.0,-0.3,,,<a href=https://npb.jp/bis/eng/teams/index_m.html>Lotte</a>,EL
,<a href=https://npb.jp/bis/eng/players/21625159.html>Hirata Daiju</a>,19,9,8.0,-0.1,-16.1,-0.2,0.1,,0.0,0.0,,,<a href=https://npb.jp/bis/eng/teams/index_f.html>Nipponham</a>,EL
,<a href=https://npb.jp/bis/eng/players/31535138.html>Obata Ryuhei</a>,24,6,9.0,-0.8,-114.4,-0.6,,-0.1,0.0,0.1,,,<a href=https://npb.jp/bis/eng/teams/index_t.html>Hanshin</a>,WL
,Watsuji Daiki,25,3,28.0,0.1,4.6,-0.2,,0.0,0.3,-0.3,,,HAYATE,WL
,Watsuji Daiki,25,4,59.2,0.9,19.4,0.8,,0.2,0.0,0.2,,,HAYATE,WL
,<a href=https://npb.jp/bis/eng/players/81285136.html>Nakamura Shosei</a>,26,7,22.0,0.9,52.6,0.9,0.0,,0.0,-0.2,,,<a href=https://npb.jp/bis/eng/teams/index_c.html>Hiroshima</a>,WL
,<a href=https://npb.jp/bis/eng/players/81285136.html>Nakamura Shosei</a>,26,8,8.0,-2.2,-353.9,-2.1,-0.1,,0.0,0.0,,,<a href=https://npb.jp/bis/eng/teams/index_c.html>Hiroshima</a>,WL
,<a href=https://npb.jp/bis/eng/players/81285136.html>Nakamura Shosei</a>,26,9,4.0,-0.4,-128.7,-0.2,-0.2,,0.0,0.0,,,<a href=https://npb.jp/bis/eng/teams/index_c.html>Hiroshima</a>,WL
,<a href=https://npb.jp/bis/eng/players/11715155.html>Kawamura Yuto</a>,25,7,27.0,1.5,71.5,1.1,0.4,,0.0,-0.3,,,<a href=https://npb.jp/bis/eng/teams/index_h.html>SoftBank</a>,WL
,<a href=https://npb.jp/bis/eng/players/11915151.html>Kawano Ryota</a>,24,4,10.0,-0.3,-38.6,-0.4,,0.0,0.1,0.0,,,<a href=https://npb.jp/bis/eng/teams/index_l.html>Seibu</a>,EL
,<a href=https://npb.jp/bis/eng/players/11915151.html>Kawano Ryota</a>,24,5,1.0,-0.2,-257.4,-0.2,,0.0,0.0,0.0,,,<a href=https://npb.jp/bis/eng/teams/index_l.html>Seibu</a>,EL
,清水 武蔵,清水 武蔵,4,6.0,-0.5,-107.2,-0.4,,0.0,0.0,0.0,,,<a href=https://npb.jp/bis/eng/teams/index_b.html>ORIX</a>,WL
,清水 武蔵,清水 武蔵,5,8.0,-0.5,-80.4,0.2,,0.0,-0.7,0.0,,,<a href=https://npb.jp/bis/eng/teams/index_b.html>ORIX</a>,WL
,<a href=https://npb.jp/bis/eng/players/91095153.html>Sasagawa Yoshiyasu</a>,23,7,49.2,-1.2,-31.1,-1.3,0.0,,0.1,-0.5,,,<a href=https://npb.jp/bis/eng/teams/index_h.html>SoftBank</a>,WL
,<a href=https://npb.jp/bis/eng/players/91095153.html>Sasagawa Yoshiyasu</a>,23,8,45.0,1.5,42.9,1.5,0.0,,0.0,0.2,,,<a href=https://npb.jp/bis/eng/teams/index_h.html>SoftBank</a>,WL
,<a href=https://npb.jp/bis/eng/players/91095153.html>Sasagawa Yoshiyasu</a>,23,9,13.0,-0.1,-9.9,-0.2,0.1,,0.0,-0.1,,,<a href=https://npb.jp/bis/eng/teams/index_h.html>SoftBank</a>,WL
,<a href=https://npb.jp/bis/eng/players/91095153.html>Sasagawa Yoshiyasu</a>,23,DH,18.0,,,,,,,-0.2,,,<a href=https://npb.jp/bis/eng/teams/index_h.html>SoftBank</a>,WL
,<a href=https://npb.jp/bis/eng/players/83385153.html>Yamamura Takayoshi</a>,22,4,53.0,3.1,75.3,2.7,,0.5,-0.1,0.1,,,<a href=https://npb.jp/bis/eng/teams/index_l.html>Seibu</a>,EL
,<a href=https://npb.jp/bis/eng/players/83385153.html>Yamamura Takayoshi</a>,22,5,3.0,0.0,0.0,0.0,,0.0,0.0,0.0,,,<a href=https://npb.jp/bis/eng/teams/index_l.html>Seibu</a>,EL
,<a href=https://npb.jp/bis/eng/players/83385153.html>Yamamura Takayoshi</a>,22,6,20.1,0.0,0.0,0.4,,0.0,-0.3,0.2,,,<a href=https://npb.jp/bis/eng/teams/index_l.html>Seibu</a>,EL
,<a href=https://npb.jp/bis/eng/players/13115130.html>Yamada Haruka</a>,28,3,66.0,-0.5,-9.8,-0.7,,-0.1,0.3,-0.7,,,<a href=https://npb.jp/bis/eng/teams/index_e.html>Rakuten</a>,EL
,<a href=https://npb.jp/bis/eng/players/41345153.html>Irie Daiki</a>,23,4,36.1,-2.2,-78.0,-2.1,,-0.3,0.2,0.1,,,<a href=https://npb.jp/bis/eng/teams/index_e.html>Rakuten</a>,EL
,<a href=https://npb.jp/bis/eng/players/41345153.html>Irie Daiki</a>,23,5,7.0,0.2,36.8,0.2,,-0.1,0.1,0.0,,,<a href=https://npb.jp/bis/eng/teams/index_e.html>Rakuten</a>,EL
,<a href=https://npb.jp/bis/eng/players/41345153.html>Irie Daiki</a>,23,6,27.2,-1.0,-46.5,-1.3,,0.0,0.3,0.2,,,<a href=https://npb.jp/bis/eng/teams/index_e.html>Rakuten</a>,EL
,<a href=https://npb.jp/bis/eng/players/91295159.html>Takeda Riku</a>,20,7,26.0,0.1,5.0,0.4,-0.3,,0.0,-0.2,,,<a href=https://npb.jp/bis/eng/teams/index_db.html>DeNA</a>,EL
,<a href=https://npb.jp/bis/eng/players/91295159.html>Takeda Riku</a>,20,8,16.0,0.1,8.0,0.1,0.0,,0.0,0.1,,,<a href=https://npb.jp/bis/eng/teams/index_db.html>DeNA</a>,EL
,<a href=https://npb.jp/bis/eng/players/91295159.html>Takeda Riku</a>,20,9,9.0,-0.5,-71.5,-0.5,0.0,,0.0,0.0,,,<a href=https://npb.jp/bis/eng/teams/index_db.html>DeNA</a>,EL
,<a href=https://npb.jp/bis/eng/players/91295159.html>Takeda Riku</a>,20,DH,3.0,,,,,,,0.0,,,<a href=https://npb.jp/bis/eng/teams/index_db.html>DeNA</a>,EL
,<a href=https://npb.jp/bis/eng/players/01405116.html>Matsuyama Ryuhei</a>,39,3,4.0,-0.1,-32.2,-0.1,,0.0,0.0,0.0,,,<a href=https://npb.jp/bis/eng/teams/index_c.html>Hiroshima</a>,WL
,<a href=https://npb.jp/bis/eng/players/01405116.html>Matsuyama Ryuhei</a>,39,DH,9.0,,,,,,,-0.1,,,<a href=https://npb.jp/bis/eng/teams/index_c.html>Hiroshima</a>,WL
,渡邉 悠斗,渡邉 悠斗,3,35.0,0.8,29.4,0.5,,-0.1,0.3,-0.4,,,<a href=https://npb.jp/bis/eng/teams/index_c.html>Hiroshima</a>,WL
,渡邉 悠斗,渡邉 悠斗,5,2.0,0.0,0.0,0.0,,0.0,0.0,0.0,,,<a href=https://npb.jp/bis/eng/teams/index_c.html>Hiroshima</a>,WL
,渡邉 悠斗,渡邉 悠斗,DH,24.0,,,,,,,-0.3,,,<a href=https://npb.jp/bis/eng/teams/index_c.html>Hiroshima</a>,WL
,Nakamura Raiya,25,4,1.0,-0.1,-128.7,-0.1,,0.0,0.0,0.0,,,HAYATE,WL
,Nakamura Raiya,25,6,112.2,-3.3,-37.7,-3.4,,0.2,-0.1,0.9,,,HAYATE,WL
,<a href=https://npb.jp/bis/eng/players/21625132.html>Hirooka Taishi</a>,28,5,6.0,-0.2,-42.9,-0.2,,-0.1,0.1,0.0,,,<a href=https://npb.jp/bis/eng/teams/index_b.html>ORIX</a>,WL
,<a href=https://npb.jp/bis/eng/players/21625132.html>Hirooka Taishi</a>,28,7,2.0,0.0,0.0,0.0,0.0,,0.0,0.0,,,<a href=https://npb.jp/bis/eng/teams/index_b.html>ORIX</a>,WL
,<a href=https://npb.jp/bis/eng/players/51055155.html>Suekane Shota</a>,29,7,17.0,-1.4,-106.0,-1.2,-0.2,,0.0,-0.2,,,<a href=https://npb.jp/bis/eng/teams/index_c.html>Hiroshima</a>,WL
,<a href=https://npb.jp/bis/eng/players/11215118.html>Nakashima Takuya</a>,34,3,19.0,-0.5,-33.9,-0.6,,0.0,0.1,-0.2,,,<a href=https://npb.jp/bis/eng/teams/index_f.html>Nipponham</a>,EL
,<a href=https://npb.jp/bis/eng/players/11215118.html>Nakashima Takuya</a>,34,4,1.0,-0.1,-128.7,-0.1,,0.0,0.0,0.0,,,<a href=https://npb.jp/bis/eng/teams/index_f.html>Nipponham</a>,EL
,澤野 聖悠,澤野 聖悠,4,8.1,0.0,0.0,0.3,,0.4,-0.6,0.0,,,<a href=https://npb.jp/bis/eng/teams/index_s.html>Yakult</a>,EL
,澤野 聖悠,澤野 聖悠,6,58.0,3.2,71.0,2.9,,0.0,0.4,0.5,,,<a href=https://npb.jp/bis/eng/teams/index_s.html>Yakult</a>,EL
,Nagasawa Renji,27,4,16.0,-1.0,-80.4,-0.6,,0.2,-0.6,0.0,,,Oisix,EL
,Taka Yoshihiro,21,4,4.0,-0.6,-193.0,-0.7,,0.1,0.0,0.0,,,Oisix,EL
,浦田 俊輔,浦田 俊輔,6,12.0,0.9,96.5,0.7,,0.0,0.3,0.1,,,<a href=https://npb.jp/bis/eng/teams/index_g.html>Yomiuri</a>,EL
,<a href=https://npb.jp/bis/eng/players/71675138.html>Makino Shoya</a>,24,2,11.0,0.3,35.1,,0.3,,0.0,0.2,0.2,0.1,<a href=https://npb.jp/bis/eng/teams/index_l.html>Seibu</a>,EL
,<a href=https://npb.jp/bis/eng/players/91895155.html>Furuichi Takeru</a>,23,2,42.0,0.6,18.4,,0.9,,-0.3,0.6,1.2,0.3,<a href=https://npb.jp/bis/eng/teams/index_l.html>Seibu</a>,EL
,<a href=https://npb.jp/bis/eng/players/81385130.html>Ohta Kengo</a>,28,7,3.0,-0.7,-300.3,-0.7,0.0,,0.0,0.0,,,<a href=https://npb.jp/bis/eng/teams/index_s.html>Yakult</a>,EL
,<a href=https://npb.jp/bis/eng/players/81385130.html>Ohta Kengo</a>,28,8,5.0,0.0,0.0,0.0,0.0,,0.0,0.0,,,<a href=https://npb.jp/bis/eng/teams/index_s.html>Yakult</a>,EL
,松本 龍之介,松本 龍之介,2,14.0,0.4,36.8,,0.3,,0.0,0.2,-0.9,-0.1,<a href=https://npb.jp/bis/eng/teams/index_s.html>Yakult</a>,EL
,松本 龍之介,松本 龍之介,8,6.1,-0.7,-143.0,-0.5,-0.2,,0.0,0.0,,,<a href=https://npb.jp/bis/eng/teams/index_s.html>Yakult</a>,EL
,松本 龍之介,松本 龍之介,DH,2.0,,,,,,,0.0,,,<a href=https://npb.jp/bis/eng/teams/index_s.html>Yakult</a>,EL
,田内 真翔,田内 真翔,5,2.0,0.0,0.0,0.0,,0.0,0.0,0.0,,,<a href=https://npb.jp/bis/eng/teams/index_db.html>DeNA</a>,EL
,田内 真翔,田内 真翔,6,41.0,-2.2,-69.1,-2.2,,0.4,-0.3,0.3,,,<a href=https://npb.jp/bis/eng/teams/index_db.html>DeNA</a>,EL
,アルナエス,アルナエス,3,18.0,0.6,42.9,0.4,,0.0,0.2,-0.2,,,<a href=https://npb.jp/bis/eng/teams/index_t.html>Hanshin</a>,WL
,アルナエス,アルナエス,4,40.0,-0.5,-16.1,-0.5,,-0.2,0.2,0.1,,,<a href=https://npb.jp/bis/eng/teams/index_t.html>Hanshin</a>,WL
,アルナエス,アルナエス,5,11.0,-0.3,-35.1,0.3,,-0.1,-0.4,0.0,,,<a href=https://npb.jp/bis/eng/teams/index_t.html>Hanshin</a>,WL
,<a href=https://npb.jp/bis/eng/players/81585157.html>Kubo Shu</a>,24,7,24.0,1.7,91.2,1.4,0.2,,0.1,-0.2,,,<a href=https://npb.jp/bis/eng/teams/index_c.html>Hiroshima</a>,WL
,<a href=https://npb.jp/bis/eng/players/81585157.html>Kubo Shu</a>,24,8,18.0,0.4,28.6,0.3,0.1,,0.0,0.1,,,<a href=https://npb.jp/bis/eng/teams/index_c.html>Hiroshima</a>,WL
,<a href=https://npb.jp/bis/eng/players/81585157.html>Kubo Shu</a>,24,9,28.0,3.1,142.5,3.1,0.0,,0.0,-0.1,,,<a href=https://npb.jp/bis/eng/teams/index_c.html>Hiroshima</a>,WL
,<a href=https://npb.jp/bis/eng/players/01505157.html>Kitamura Keigo</a>,24,3,29.0,-0.6,-26.6,0.3,,0.0,-0.9,-0.3,,,<a href=https://npb.jp/bis/eng/teams/index_s.html>Yakult</a>,EL
,<a href=https://npb.jp/bis/eng/players/01505157.html>Kitamura Keigo</a>,24,4,11.0,-0.8,-93.6,-0.6,,-0.3,0.1,0.0,,,<a href=https://npb.jp/bis/eng/teams/index_s.html>Yakult</a>,EL
,<a href=https://npb.jp/bis/eng/players/01505157.html>Kitamura Keigo</a>,24,5,8.1,1.4,217.1,0.8,,0.3,0.3,0.0,,,<a href=https://npb.jp/bis/eng/teams/index_s.html>Yakult</a>,EL
,<a href=https://npb.jp/bis/eng/players/01505157.html>Kitamura Keigo</a>,24,7,9.0,0.0,0.0,0.0,0.0,,0.0,-0.1,,,<a href=https://npb.jp/bis/eng/teams/index_s.html>Yakult</a>,EL
,Shinohara Reo,24,8,67.2,-3.7,-70.3,-3.7,0.0,,0.0,0.2,,,HAYATE,WL
,<a href=https://npb.jp/bis/eng/players/51955157.html>Sawai Ren</a>,25,3,8.0,-0.1,-16.1,-0.1,,-0.1,0.1,-0.1,,,<a href=https://npb.jp/bis/eng/teams/index_s.html>Yakult</a>,EL
,<a href=https://npb.jp/bis/eng/players/51955157.html>Sawai Ren</a>,25,8,6.0,-0.4,-85.8,-0.5,0.1,,0.0,0.0,,,<a href=https://npb.jp/bis/eng/teams/index_s.html>Yakult</a>,EL
,<a href=https://npb.jp/bis/eng/players/51955157.html>Sawai Ren</a>,25,9,41.1,-3.1,-96.6,-2.7,-0.4,,0.0,-0.2,,,<a href=https://npb.jp/bis/eng/teams/index_s.html>Yakult</a>,EL
,<a href=https://npb.jp/bis/eng/players/01405151.html>Nirasawa Yuya</a>,24,4,5.0,-0.6,-154.4,-0.5,,-0.1,0.0,0.0,,,<a href=https://npb.jp/bis/eng/teams/index_c.html>Hiroshima</a>,WL
,<a href=https://npb.jp/bis/eng/players/01405151.html>Nirasawa Yuya</a>,24,6,21.0,-0.5,-30.6,-0.1,,0.0,-0.4,0.2,,,<a href=https://npb.jp/bis/eng/teams/index_c.html>Hiroshima</a>,WL
,Kuramoto Toshihiko,34,5,85.2,0.9,13.5,-0.6,,0.3,1.1,-0.3,,,HAYATE,WL
,Kuramoto Toshihiko,34,DH,15.0,,,,,,,-0.2,,,HAYATE,WL
,<a href=https://npb.jp/bis/eng/players/83385159.html>Yokoyama Seiya</a>,19,5,49.0,2.0,52.5,1.3,,0.0,0.7,-0.2,,,<a href=https://npb.jp/bis/eng/teams/index_b.html>ORIX</a>,WL
,<a href=https://npb.jp/bis/eng/players/83385159.html>Yokoyama Seiya</a>,19,6,33.1,0.1,3.9,-0.3,,0.0,0.5,0.3,,,<a href=https://npb.jp/bis/eng/teams/index_b.html>ORIX</a>,WL
,<a href=https://npb.jp/bis/eng/players/51355157.html>Uchida Shodai</a>,20,3,9.0,-0.8,-114.4,-0.1,,-0.1,-0.7,-0.1,,,<a href=https://npb.jp/bis/eng/teams/index_c.html>Hiroshima</a>,WL
,<a href=https://npb.jp/bis/eng/players/51355157.html>Uchida Shodai</a>,20,5,82.0,-2.2,-34.5,-1.3,,-0.3,-0.6,-0.3,,,<a href=https://npb.jp/bis/eng/teams/index_c.html>Hiroshima</a>,WL
,<a href=https://npb.jp/bis/eng/players/81685139.html>Watanabe Ryo</a>,30,3,77.0,2.1,35.1,1.4,,-0.2,0.9,-0.9,,,<a href=https://npb.jp/bis/eng/teams/index_t.html>Hanshin</a>,WL
,<a href=https://npb.jp/bis/eng/players/81685139.html>Watanabe Ryo</a>,30,5,7.0,-0.3,-55.2,-0.3,,0.0,0.0,0.0,,,<a href=https://npb.jp/bis/eng/teams/index_t.html>Hanshin</a>,WL
,<a href=https://npb.jp/bis/eng/players/81085115.html>Nakamura Takeya</a>,41,DH,7.0,,,,,,,-0.1,,,<a href=https://npb.jp/bis/eng/teams/index_l.html>Seibu</a>,EL
,Sonobe Keita,25,5,94.1,-2.2,-30.0,-1.3,,-0.6,-0.2,-0.4,,,Oisix,EL
,<a href=https://npb.jp/bis/eng/players/33335153.html>Motoyama Hiyu</a>,26,6,5.0,-0.5,-128.7,-0.5,,0.0,0.0,0.0,,,<a href=https://npb.jp/bis/eng/teams/index_l.html>Seibu</a>,EL
,<a href=https://npb.jp/bis/eng/players/33335153.html>Motoyama Hiyu</a>,26,DH,2.0,,,,,,,0.0,,,<a href=https://npb.jp/bis/eng/teams/index_l.html>Seibu</a>,EL
,<a href=https://npb.jp/bis/eng/players/31135130.html>Asama Daiki</a>,29,8,28.0,0.7,32.2,0.6,0.1,,0.0,0.1,,,<a href=https://npb.jp/bis/eng/teams/index_f.html>Nipponham</a>,EL
,<a href=https://npb.jp/bis/eng/players/31135130.html>Asama Daiki</a>,29,9,2.0,0.0,0.0,0.0,0.0,,0.0,0.0,,,<a href=https://npb.jp/bis/eng/teams/index_f.html>Nipponham</a>,EL
,<a href=https://npb.jp/bis/eng/players/31135130.html>Asama Daiki</a>,29,DH,9.0,,,,,,,-0.1,,,<a href=https://npb.jp/bis/eng/teams/index_f.html>Nipponham</a>,EL
,<a href=https://npb.jp/bis/eng/players/93295159.html>Martin Andy</a>,24,7,4.0,0.1,32.2,0.9,0.0,,-0.8,0.0,,,<a href=https://npb.jp/bis/eng/teams/index_m.html>Lotte</a>,EL
,<a href=https://npb.jp/bis/eng/players/93295159.html>Martin Andy</a>,24,8,7.0,0.8,147.1,0.8,0.0,,0.0,0.0,,,<a href=https://npb.jp/bis/eng/teams/index_m.html>Lotte</a>,EL
,<a href=https://npb.jp/bis/eng/players/93295159.html>Martin Andy</a>,24,DH,1.0,,,,,,,0.0,,,<a href=https://npb.jp/bis/eng/teams/index_m.html>Lotte</a>,EL
,<a href=https://npb.jp/bis/eng/players/71175153.html>Akihiro Yuto</a>,22,3,41.0,1.4,43.9,0.9,,-0.1,0.6,-0.5,,,<a href=https://npb.jp/bis/eng/teams/index_g.html>Yomiuri</a>,EL
,<a href=https://npb.jp/bis/eng/players/41145138.html>Itoh Yukiya</a>,28,5,14.0,-1.8,-165.5,-1.9,,0.0,0.1,-0.1,,,<a href=https://npb.jp/bis/eng/teams/index_e.html>Rakuten</a>,EL
,<a href=https://npb.jp/bis/eng/players/21225157.html>Nagata Sotaro</a>,24,3,9.0,0.3,42.9,0.2,,0.0,0.1,-0.1,,,<a href=https://npb.jp/bis/eng/teams/index_e.html>Rakuten</a>,EL
,<a href=https://npb.jp/bis/eng/players/21225157.html>Nagata Sotaro</a>,24,5,6.0,-0.4,-85.8,-0.7,,0.1,0.1,0.0,,,<a href=https://npb.jp/bis/eng/teams/index_e.html>Rakuten</a>,EL
,<a href=https://npb.jp/bis/eng/players/21225157.html>Nagata Sotaro</a>,24,7,9.0,0.4,57.2,0.4,0.0,,0.0,-0.1,,,<a href=https://npb.jp/bis/eng/teams/index_e.html>Rakuten</a>,EL
,<a href=https://npb.jp/bis/eng/players/21225157.html>Nagata Sotaro</a>,24,DH,15.0,,,,,,,-0.2,,,<a href=https://npb.jp/bis/eng/teams/index_e.html>Rakuten</a>,EL
,<a href=https://npb.jp/bis/eng/players/11615157.html>Hashimoto Seiya</a>,24,5,42.1,-0.3,-9.1,0.1,,-0.1,-0.3,-0.2,,,<a href=https://npb.jp/bis/eng/teams/index_s.html>Yakult</a>,EL
,<a href=https://npb.jp/bis/eng/players/11615157.html>Hashimoto Seiya</a>,24,7,35.1,0.7,25.5,0.2,0.4,,0.0,-0.3,,,<a href=https://npb.jp/bis/eng/teams/index_s.html>Yakult</a>,EL
,<a href=https://npb.jp/bis/eng/players/51755115.html>Kuriyama Takumi</a>,41,DH,52.0,,,,,,,-0.6,,,<a href=https://npb.jp/bis/eng/teams/index_l.html>Seibu</a>,EL
,<a href=https://npb.jp/bis/eng/players/11415138.html>Nomura Daiju</a>,24,4,9.0,0.1,14.3,-0.1,,0.1,0.1,0.0,,,<a href=https://npb.jp/bis/eng/teams/index_l.html>Seibu</a>,EL
,<a href=https://npb.jp/bis/eng/players/11415138.html>Nomura Daiju</a>,24,DH,2.0,,,,,,,0.0,,,<a href=https://npb.jp/bis/eng/teams/index_l.html>Seibu</a>,EL
,<a href=https://npb.jp/bis/eng/players/81085159.html>Takano Souta</a>,19,3,11.2,0.1,11.0,0.0,,0.0,0.1,-0.1,,,<a href=https://npb.jp/bis/eng/teams/index_s.html>Yakult</a>,EL
,<a href=https://npb.jp/bis/eng/players/81085159.html>Takano Souta</a>,19,5,8.2,0.3,44.4,0.2,,0.0,0.1,0.0,,,<a href=https://npb.jp/bis/eng/teams/index_s.html>Yakult</a>,EL
,柴田 獅子,柴田 獅子,DH,32.0,,,,,,,-0.4,,,<a href=https://npb.jp/bis/eng/teams/index_f.html>Nipponham</a>,EL
,<a href=https://npb.jp/bis/eng/players/61965130.html>Shimizu Yushi</a>,29,2,15.0,0.0,0.0,,0.0,,0.0,0.2,0.7,0.0,<a href=https://npb.jp/bis/eng/teams/index_f.html>Nipponham</a>,EL
,<a href=https://npb.jp/bis/eng/players/61965130.html>Shimizu Yushi</a>,29,DH,14.0,,,,,,,-0.2,,,<a href=https://npb.jp/bis/eng/teams/index_f.html>Nipponham</a>,EL
,古賀 輝希,古賀 輝希,5,58.0,-1.1,-24.4,-0.5,,-0.1,-0.5,-0.2,,,<a href=https://npb.jp/bis/eng/teams/index_l.html>Seibu</a>,EL
,古賀 輝希,古賀 輝希,DH,8.0,,,,,,,-0.1,,,<a href=https://npb.jp/bis/eng/teams/index_l.html>Seibu</a>,EL
,<a href=https://npb.jp/bis/eng/players/91395132.html>Itayama Yutaro</a>,31,3,10.0,-0.3,-38.6,-0.3,,0.0,0.0,-0.1,,,<a href=https://npb.jp/bis/eng/teams/index_d.html>Chunichi</a>,WL
,<a href=https://npb.jp/bis/eng/players/91395132.html>Itayama Yutaro</a>,31,4,19.0,-0.1,-6.8,-0.4,,0.2,0.2,0.1,,,<a href=https://npb.jp/bis/eng/teams/index_d.html>Chunichi</a>,WL
,<a href=https://npb.jp/bis/eng/players/93595155.html>Yamamoto Keita</a>,25,7,9.0,-0.8,-114.4,0.0,-0.8,,0.0,-0.1,,,<a href=https://npb.jp/bis/eng/teams/index_h.html>SoftBank</a>,WL
,<a href=https://npb.jp/bis/eng/players/93595155.html>Yamamoto Keita</a>,25,9,18.2,-0.2,-13.8,0.0,-0.2,,0.0,-0.1,,,<a href=https://npb.jp/bis/eng/teams/index_h.html>SoftBank</a>,WL
,<a href=https://npb.jp/bis/eng/players/93595155.html>Yamamoto Keita</a>,25,DH,17.0,,,,,,,-0.2,,,<a href=https://npb.jp/bis/eng/teams/index_h.html>SoftBank</a>,WL
,<a href=https://npb.jp/bis/eng/players/11215151.html>Takabe Akito</a>,27,8,9.0,-0.5,-71.5,-0.5,0.0,,0.0,0.0,,,<a href=https://npb.jp/bis/eng/teams/index_m.html>Lotte</a>,EL
,<a href=https://npb.jp/bis/eng/players/21525136.html>Kitamura Takumi</a>,29,4,31.0,1.3,54.0,0.9,,0.1,0.3,0.1,,,<a href=https://npb.jp/bis/eng/teams/index_s.html>Yakult</a>,EL
,<a href=https://npb.jp/bis/eng/players/21525136.html>Kitamura Takumi</a>,29,5,5.0,0.0,0.0,0.0,,0.0,0.0,0.0,,,<a href=https://npb.jp/bis/eng/teams/index_s.html>Yakult</a>,EL
,<a href=https://npb.jp/bis/eng/players/71775151.html>Onodera Dan</a>,27,3,7.0,0.4,73.5,0.3,,0.0,0.2,-0.1,,,<a href=https://npb.jp/bis/eng/teams/index_t.html>Hanshin</a>,WL
,<a href=https://npb.jp/bis/eng/players/71775151.html>Onodera Dan</a>,27,7,10.0,-0.3,-38.6,-0.3,0.0,,0.0,-0.1,,,<a href=https://npb.jp/bis/eng/teams/index_t.html>Hanshin</a>,WL
,駿太,駿太,7,13.0,-1.6,-158.4,-1.0,-0.6,,0.0,-0.1,,,<a href=https://npb.jp/bis/eng/teams/index_d.html>Chunichi</a>,WL
,駿太,駿太,8,6.0,0.0,0.0,0.0,0.0,,0.0,0.0,,,<a href=https://npb.jp/bis/eng/teams/index_d.html>Chunichi</a>,WL
,駿太,駿太,DH,7.0,,,,,,,-0.1,,,<a href=https://npb.jp/bis/eng/teams/index_d.html>Chunichi</a>,WL
,<a href=https://npb.jp/bis/eng/players/83985159.html>Monier Carlos</a>,24,7,31.0,1.2,49.8,1.4,-0.2,,0.0,-0.3,,,<a href=https://npb.jp/bis/eng/teams/index_d.html>Chunichi</a>,WL
,<a href=https://npb.jp/bis/eng/players/83985159.html>Monier Carlos</a>,24,DH,5.0,,,,,,,-0.1,,,<a href=https://npb.jp/bis/eng/teams/index_d.html>Chunichi</a>,WL
,<a href=https://npb.jp/bis/eng/players/31435155.html>Toyoda Hiroshi</a>,28,7,16.0,0.3,24.1,0.1,0.2,,0.0,-0.2,,,<a href=https://npb.jp/bis/eng/teams/index_t.html>Hanshin</a>,WL
,<a href=https://npb.jp/bis/eng/players/31435155.html>Toyoda Hiroshi</a>,28,9,16.0,-0.1,-8.0,-0.1,0.0,,0.0,-0.1,,,<a href=https://npb.jp/bis/eng/teams/index_t.html>Hanshin</a>,WL
,<a href=https://npb.jp/bis/eng/players/31435155.html>Toyoda Hiroshi</a>,28,DH,2.0,,,,,,,0.0,,,<a href=https://npb.jp/bis/eng/teams/index_t.html>Hanshin</a>,WL
,<a href=https://npb.jp/bis/eng/players/01305153.html>Inoue Tomoya</a>,22,3,9.0,-0.6,-85.8,-0.6,,0.0,0.0,-0.1,,,<a href=https://npb.jp/bis/eng/teams/index_h.html>SoftBank</a>,WL
,<a href=https://npb.jp/bis/eng/players/01305153.html>Inoue Tomoya</a>,22,5,16.0,-0.6,-48.3,-0.1,,0.1,-0.6,-0.1,,,<a href=https://npb.jp/bis/eng/teams/index_h.html>SoftBank</a>,WL
,<a href=https://npb.jp/bis/eng/players/01305153.html>Inoue Tomoya</a>,22,DH,9.0,,,,,,,-0.1,,,<a href=https://npb.jp/bis/eng/teams/index_h.html>SoftBank</a>,WL
,<a href=https://npb.jp/bis/eng/players/31735112.html>Kawabata Shingo</a>,37,3,9.2,0.7,92.9,0.6,,0.0,0.2,-0.1,,,<a href=https://npb.jp/bis/eng/teams/index_s.html>Yakult</a>,EL
,<a href=https://npb.jp/bis/eng/players/31735112.html>Kawabata Shingo</a>,37,DH,40.0,,,,,,,-0.5,,,<a href=https://npb.jp/bis/eng/teams/index_s.html>Yakult</a>,EL
,Takahashi Shun,27,3,46.0,-0.3,-8.4,-0.6,,0.0,0.2,-0.5,,,HAYATE,WL
,Takahashi Shun,27,DH,2.0,,,,,,,0.0,,,HAYATE,WL
,<a href=https://npb.jp/bis/eng/players/21125155.html>Ikeda Raito</a>,25,3,50.0,-1.5,-38.6,-1.7,,0.0,0.1,-0.6,,,<a href=https://npb.jp/bis/eng/teams/index_m.html>Lotte</a>,EL
,<a href=https://npb.jp/bis/eng/players/21125155.html>Ikeda Raito</a>,25,5,32.0,1.5,60.3,1.6,,-0.1,0.0,-0.1,,,<a href=https://npb.jp/bis/eng/teams/index_m.html>Lotte</a>,EL
,<a href=https://npb.jp/bis/eng/players/91595136.html>Kishida Yukinori</a>,28,2,14.0,0.3,27.6,,0.0,,0.3,0.2,-0.3,0.0,<a href=https://npb.jp/bis/eng/teams/index_g.html>Yomiuri</a>,EL
,<a href=https://npb.jp/bis/eng/players/91995131.html>Chono Hisayoshi</a>,40,7,6.0,0.5,107.2,0.5,0.0,,0.0,-0.1,,,<a href=https://npb.jp/bis/eng/teams/index_g.html>Yomiuri</a>,EL
,<a href=https://npb.jp/bis/eng/players/91995131.html>Chono Hisayoshi</a>,40,DH,7.0,,,,,,,-0.1,,,<a href=https://npb.jp/bis/eng/teams/index_g.html>Yomiuri</a>,EL
,<a href=https://npb.jp/bis/eng/players/51455155.html>Nakagawa Hayato</a>,21,5,4.0,0.0,0.0,0.0,,0.0,0.0,0.0,,,<a href=https://npb.jp/bis/eng/teams/index_t.html>Hanshin</a>,WL
,<a href=https://npb.jp/bis/eng/players/51455155.html>Nakagawa Hayato</a>,21,7,3.0,-0.1,-42.9,-0.1,0.0,,0.0,0.0,,,<a href=https://npb.jp/bis/eng/teams/index_t.html>Hanshin</a>,WL
,<a href=https://npb.jp/bis/eng/players/51455155.html>Nakagawa Hayato</a>,21,DH,35.0,,,,,,,-0.4,,,<a href=https://npb.jp/bis/eng/teams/index_t.html>Hanshin</a>,WL
,<a href=https://npb.jp/bis/eng/players/01805155.html>Hoshino Mao</a>,21,5,25.0,0.8,41.2,1.0,,0.1,-0.3,-0.1,,,<a href=https://npb.jp/bis/eng/teams/index_d.html>Chunichi</a>,WL
,<a href=https://npb.jp/bis/eng/players/31835155.html>Fukumoto Yuma</a>,25,DH,40.0,,,,,,,-0.5,,,<a href=https://npb.jp/bis/eng/teams/index_d.html>Chunichi</a>,WL
,<a href=https://npb.jp/bis/eng/players/71475132.html>Nishikawa Ryoma</a>,30,7,6.0,0.0,0.0,-0.7,0.7,,0.0,-0.1,,,<a href=https://npb.jp/bis/eng/teams/index_b.html>ORIX</a>,WL
,<a href=https://npb.jp/bis/eng/players/61265155.html>Tamura Shunsuke</a>,21,9,17.0,-0.8,-60.6,-0.1,-0.7,,0.0,-0.1,,,<a href=https://npb.jp/bis/eng/teams/index_c.html>Hiroshima</a>,WL
,<a href=https://npb.jp/bis/eng/players/73175151.html>Yanagimachi Tatsuru</a>,28,7,18.0,1.3,93.0,0.5,0.8,,0.0,-0.2,,,<a href=https://npb.jp/bis/eng/teams/index_h.html>SoftBank</a>,WL
,<a href=https://npb.jp/bis/eng/players/73175151.html>Yanagimachi Tatsuru</a>,28,9,14.0,-1.2,-110.3,-1.2,0.0,,0.0,-0.1,,,<a href=https://npb.jp/bis/eng/teams/index_h.html>SoftBank</a>,WL
,<a href=https://npb.jp/bis/eng/players/73175151.html>Yanagimachi Tatsuru</a>,28,DH,18.0,,,,,,,-0.2,,,<a href=https://npb.jp/bis/eng/teams/index_h.html>SoftBank</a>,WL
,<a href=https://npb.jp/bis/eng/players/61365157.html>Katsumata Rui</a>,20,5,5.0,0.3,77.2,0.2,,0.0,0.1,0.0,,,<a href=https://npb.jp/bis/eng/teams/index_m.html>Lotte</a>,EL
,<a href=https://npb.jp/bis/eng/players/91495138.html>Hamada Taiki</a>,24,9,8.0,0.1,16.1,0.2,-0.2,,0.0,0.0,,,<a href=https://npb.jp/bis/eng/teams/index_s.html>Yakult</a>,EL
,キャベッジ,キャベッジ,9,10.0,0.6,77.2,0.6,0.0,,0.0,0.0,,,<a href=https://npb.jp/bis/eng/teams/index_g.html>Yomiuri</a>,EL
,<a href=https://npb.jp/bis/eng/players/61265151.html>Tsuge Sena</a>,28,2,40.0,-0.3,-9.7,,-0.1,,-0.1,0.6,-2.3,0.1,<a href=https://npb.jp/bis/eng/teams/index_l.html>Seibu</a>,EL
,<a href=https://npb.jp/bis/eng/players/23325159.html>Momosaki Aoi</a>,19,4,39.0,-1.3,-42.9,-1.6,,0.0,0.2,0.1,,,<a href=https://npb.jp/bis/eng/teams/index_t.html>Hanshin</a>,WL
,<a href=https://npb.jp/bis/eng/players/23325159.html>Momosaki Aoi</a>,19,5,30.0,0.1,4.3,-0.1,,0.0,0.2,-0.1,,,<a href=https://npb.jp/bis/eng/teams/index_t.html>Hanshin</a>,WL
,<a href=https://npb.jp/bis/eng/players/23325159.html>Momosaki Aoi</a>,19,6,9.0,-0.6,-85.8,-0.3,,-0.4,0.0,0.1,,,<a href=https://npb.jp/bis/eng/teams/index_t.html>Hanshin</a>,WL
,<a href=https://npb.jp/bis/eng/players/11415157.html>Nabara Norihiko</a>,25,7,9.0,-0.3,-42.9,-0.5,0.2,,0.0,-0.1,,,<a href=https://npb.jp/bis/eng/teams/index_c.html>Hiroshima</a>,WL
,<a href=https://npb.jp/bis/eng/players/11415157.html>Nabara Norihiko</a>,25,8,26.0,1.3,64.4,1.4,-0.1,,0.0,0.1,,,<a href=https://npb.jp/bis/eng/teams/index_c.html>Hiroshima</a>,WL
,<a href=https://npb.jp/bis/eng/players/11415157.html>Nabara Norihiko</a>,25,9,10.0,0.2,25.7,0.2,0.0,,0.0,0.0,,,<a href=https://npb.jp/bis/eng/teams/index_c.html>Hiroshima</a>,WL
,<a href=https://npb.jp/bis/eng/players/11415157.html>Nabara Norihiko</a>,25,DH,9.0,,,,,,,-0.1,,,<a href=https://npb.jp/bis/eng/teams/index_c.html>Hiroshima</a>,WL
,<a href=https://npb.jp/bis/eng/players/91595153.html>Uchiyama Souma</a>,23,2,32.0,0.0,0.0,,0.2,,-0.2,0.5,2.3,-0.1,<a href=https://npb.jp/bis/eng/teams/index_s.html>Yakult</a>,EL
,<a href=https://npb.jp/bis/eng/players/91595153.html>Uchiyama Souma</a>,23,7,1.0,0.0,0.0,0.0,0.0,,0.0,0.0,,,<a href=https://npb.jp/bis/eng/teams/index_s.html>Yakult</a>,EL
,<a href=https://npb.jp/bis/eng/players/01405138.html>Hayashi Kota</a>,24,3,9.0,0.4,57.2,0.3,,0.0,0.1,-0.1,,,<a href=https://npb.jp/bis/eng/teams/index_c.html>Hiroshima</a>,WL
,<a href=https://npb.jp/bis/eng/players/01405138.html>Hayashi Kota</a>,24,7,16.0,-1.3,-104.6,0.1,-1.4,,0.0,-0.2,,,<a href=https://npb.jp/bis/eng/teams/index_c.html>Hiroshima</a>,WL
,<a href=https://npb.jp/bis/eng/players/73575153.html>Watanabe Kento</a>,26,5,19.0,0.5,33.9,0.3,,0.0,0.2,-0.1,,,<a href=https://npb.jp/bis/eng/teams/index_l.html>Seibu</a>,EL
,<a href=https://npb.jp/bis/eng/players/73575153.html>Watanabe Kento</a>,26,DH,33.0,,,,,,,-0.4,,,<a href=https://npb.jp/bis/eng/teams/index_l.html>Seibu</a>,EL
,<a href=https://npb.jp/bis/eng/players/81585132.html>Kawagoe Seiji</a>,32,7,13.0,0.7,69.3,0.3,0.4,,0.0,-0.1,,,<a href=https://npb.jp/bis/eng/teams/index_d.html>Chunichi</a>,WL
,<a href=https://npb.jp/bis/eng/players/81585132.html>Kawagoe Seiji</a>,32,9,11.0,-0.7,-81.9,-0.7,0.0,,0.0,0.0,,,<a href=https://npb.jp/bis/eng/teams/index_d.html>Chunichi</a>,WL
,<a href=https://npb.jp/bis/eng/players/81585132.html>Kawagoe Seiji</a>,32,DH,30.0,,,,,,,-0.4,,,<a href=https://npb.jp/bis/eng/teams/index_d.html>Chunichi</a>,WL
,<a href=https://npb.jp/bis/eng/players/31735134.html>Kuki Ryuhei</a>,26,2,19.0,-0.3,-20.3,,-0.4,,0.1,0.3,0.8,0.1,<a href=https://npb.jp/bis/eng/teams/index_db.html>DeNA</a>,EL
,<a href=https://npb.jp/bis/eng/players/31735134.html>Kuki Ryuhei</a>,26,3,26.0,-0.6,-29.7,-0.7,,0.0,0.1,-0.3,,,<a href=https://npb.jp/bis/eng/teams/index_db.html>DeNA</a>,EL
,<a href=https://npb.jp/bis/eng/players/31735134.html>Kuki Ryuhei</a>,26,DH,8.0,,,,,,,-0.1,,,<a href=https://npb.jp/bis/eng/teams/index_db.html>DeNA</a>,EL
,<a href=https://npb.jp/bis/eng/players/91095135.html>Takahashi Shuhei</a>,31,5,8.0,0.0,0.0,0.0,,-0.1,0.1,0.0,,,<a href=https://npb.jp/bis/eng/teams/index_d.html>Chunichi</a>,WL
,<a href=https://npb.jp/bis/eng/players/91095135.html>Takahashi Shuhei</a>,31,DH,5.0,,,,,,,-0.1,,,<a href=https://npb.jp/bis/eng/teams/index_d.html>Chunichi</a>,WL
,Nishikawa Ryosuke,23,3,26.0,-0.9,-44.6,-0.3,,0.0,-0.6,-0.3,,,HAYATE,WL
,<a href=https://npb.jp/bis/eng/players/91295157.html>Naito Ho</a>,20,3,72.0,-0.4,-7.2,0.1,,0.2,-0.6,-0.8,,,<a href=https://npb.jp/bis/eng/teams/index_b.html>ORIX</a>,WL
,<a href=https://npb.jp/bis/eng/players/91295157.html>Naito Ho</a>,20,5,41.1,-0.9,-28.0,-1.1,,-0.1,0.3,-0.2,,,<a href=https://npb.jp/bis/eng/teams/index_b.html>ORIX</a>,WL
,<a href=https://npb.jp/bis/eng/players/31335151.html>Inoue Kouta</a>,23,3,2.0,0.0,0.0,0.0,,0.0,0.0,0.0,,,<a href=https://npb.jp/bis/eng/teams/index_t.html>Hanshin</a>,WL
,<a href=https://npb.jp/bis/eng/players/31335151.html>Inoue Kouta</a>,23,7,72.0,-0.2,-3.6,-0.3,0.8,,-0.8,-0.7,,,<a href=https://npb.jp/bis/eng/teams/index_t.html>Hanshin</a>,WL
,<a href=https://npb.jp/bis/eng/players/31335151.html>Inoue Kouta</a>,23,DH,8.0,,,,,,,-0.1,,,<a href=https://npb.jp/bis/eng/teams/index_t.html>Hanshin</a>,WL
,<a href=https://npb.jp/bis/eng/players/41445159.html>Nakada Yuto</a>,19,3,38.0,-0.2,-6.8,0.2,,-0.1,-0.4,-0.4,,,<a href=https://npb.jp/bis/eng/teams/index_c.html>Hiroshima</a>,WL
,<a href=https://npb.jp/bis/eng/players/41445159.html>Nakada Yuto</a>,19,DH,34.0,,,,,,,-0.4,,,<a href=https://npb.jp/bis/eng/teams/index_c.html>Hiroshima</a>,WL
,コンスエグラ,コンスエグラ,9,37.0,0.5,17.4,1.1,-0.7,,0.0,-0.1,,,<a href=https://npb.jp/bis/eng/teams/index_t.html>Hanshin</a>,WL
,コンスエグラ,コンスエグラ,DH,5.0,,,,,,,-0.1,,,<a href=https://npb.jp/bis/eng/teams/index_t.html>Hanshin</a>,WL
,<a href=https://npb.jp/bis/eng/players/93195138.html>Watanabe Riku</a>,24,2,9.0,-0.1,-14.3,,-0.1,,0.0,0.1,0.0,0.0,<a href=https://npb.jp/bis/eng/teams/index_h.html>SoftBank</a>,WL
,<a href=https://npb.jp/bis/eng/players/93395159.html>Murata Reon</a>,23,3,99.0,-0.1,-1.3,0.0,,0.0,0.0,-1.1,,,<a href=https://npb.jp/bis/eng/teams/index_l.html>Seibu</a>,EL
,Ohkawa Yodai,25,7,85.1,-2.5,-37.7,-3.3,0.6,,0.1,-0.8,,,Oisix,EL
,<a href=https://npb.jp/bis/eng/players/01105155.html>Arizono Naoki</a>,22,5,79.0,0.3,4.9,-0.2,,0.2,0.3,-0.3,,,<a href=https://npb.jp/bis/eng/teams/index_f.html>Nipponham</a>,EL
,<a href=https://npb.jp/bis/eng/players/41545114.html>Kakunaka Katsuya</a>,38,7,9.0,-0.1,-14.3,-0.1,0.0,,0.0,-0.1,,,<a href=https://npb.jp/bis/eng/teams/index_m.html>Lotte</a>,EL
,<a href=https://npb.jp/bis/eng/players/21325135.html>Okajima Takero</a>,35,7,15.0,0.8,68.6,0.8,0.0,,0.0,-0.1,,,<a href=https://npb.jp/bis/eng/teams/index_e.html>Rakuten</a>,EL
,<a href=https://npb.jp/bis/eng/players/21325135.html>Okajima Takero</a>,35,9,6.0,-1.0,-214.5,-0.6,-0.4,,0.0,0.0,,,<a href=https://npb.jp/bis/eng/teams/index_e.html>Rakuten</a>,EL
,<a href=https://npb.jp/bis/eng/players/21325135.html>Okajima Takero</a>,35,DH,9.0,,,,,,,-0.1,,,<a href=https://npb.jp/bis/eng/teams/index_e.html>Rakuten</a>,EL
,<a href=https://npb.jp/bis/eng/players/71075157.html>Tatsumi Konosuke</a>,24,5,19.0,0.3,20.3,0.1,,0.0,0.2,-0.1,,,<a href=https://npb.jp/bis/eng/teams/index_e.html>Rakuten</a>,EL
,<a href=https://npb.jp/bis/eng/players/71075157.html>Tatsumi Konosuke</a>,24,7,8.0,-2.2,-353.9,-1.4,-0.9,,0.0,-0.1,,,<a href=https://npb.jp/bis/eng/teams/index_e.html>Rakuten</a>,EL
,<a href=https://npb.jp/bis/eng/players/71075157.html>Tatsumi Konosuke</a>,24,9,2.0,-0.5,-321.8,-0.5,0.0,,0.0,0.0,,,<a href=https://npb.jp/bis/eng/teams/index_e.html>Rakuten</a>,EL
,<a href=https://npb.jp/bis/eng/players/71075157.html>Tatsumi Konosuke</a>,24,DH,3.0,,,,,,,0.0,,,<a href=https://npb.jp/bis/eng/teams/index_e.html>Rakuten</a>,EL
,<a href=https://npb.jp/bis/eng/players/21825157.html>Matsuo Shion</a>,20,2,27.0,0.9,42.9,,0.6,,0.3,0.4,1.1,0.0,<a href=https://npb.jp/bis/eng/teams/index_db.html>DeNA</a>,EL
,<a href=https://npb.jp/bis/eng/players/01805136.html>Miyamoto Takeshi</a>,30,4,7.0,-0.8,-147.1,-0.9,,0.0,0.1,0.0,,,<a href=https://npb.jp/bis/eng/teams/index_s.html>Yakult</a>,EL
,<a href=https://npb.jp/bis/eng/players/01505159.html>Kato Ryuma</a>,26,9,12.0,-0.6,-64.4,-0.6,0.0,,0.0,0.0,,,<a href=https://npb.jp/bis/eng/teams/index_d.html>Chunichi</a>,WL
,<a href=https://npb.jp/bis/eng/players/01505159.html>Kato Ryuma</a>,26,DH,12.0,,,,,,,-0.1,,,<a href=https://npb.jp/bis/eng/teams/index_d.html>Chunichi</a>,WL
,<a href=https://npb.jp/bis/eng/players/13015153.html>Tima Julian</a>,20,3,49.0,-0.9,-23.6,0.2,,-0.1,-1.1,-0.5,,,<a href=https://npb.jp/bis/eng/teams/index_g.html>Yomiuri</a>,EL
,<a href=https://npb.jp/bis/eng/players/13015153.html>Tima Julian</a>,20,DH,17.0,,,,,,,-0.2,,,<a href=https://npb.jp/bis/eng/teams/index_g.html>Yomiuri</a>,EL
,荒巻 悠,荒巻 悠,3,3.0,0.1,42.9,0.1,,-0.1,0.1,0.0,,,<a href=https://npb.jp/bis/eng/teams/index_g.html>Yomiuri</a>,EL
,荒巻 悠,荒巻 悠,5,35.0,0.0,0.0,-0.2,,0.0,0.3,-0.1,,,<a href=https://npb.jp/bis/eng/teams/index_g.html>Yomiuri</a>,EL
,<a href=https://npb.jp/bis/eng/players/61665159.html>Hirose Ryuta</a>,24,3,39.0,-0.5,-16.5,-0.3,,0.2,-0.4,-0.4,,,<a href=https://npb.jp/bis/eng/teams/index_h.html>SoftBank</a>,WL
,<a href=https://npb.jp/bis/eng/players/61665159.html>Hirose Ryuta</a>,24,4,53.2,4.2,100.7,2.5,,0.8,0.8,0.1,,,<a href=https://npb.jp/bis/eng/teams/index_h.html>SoftBank</a>,WL
,<a href=https://npb.jp/bis/eng/players/61665159.html>Hirose Ryuta</a>,24,5,7.0,0.3,55.2,0.2,,0.0,0.1,0.0,,,<a href=https://npb.jp/bis/eng/teams/index_h.html>SoftBank</a>,WL
,<a href=https://npb.jp/bis/eng/players/61665159.html>Hirose Ryuta</a>,24,DH,8.0,,,,,,,-0.1,,,<a href=https://npb.jp/bis/eng/teams/index_h.html>SoftBank</a>,WL
,<a href=https://npb.jp/bis/eng/players/81185116.html>Itoh Hikaru</a>,36,2,29.1,-0.2,-8.8,,-0.3,,0.1,0.4,1.4,-0.1,<a href=https://npb.jp/bis/eng/teams/index_db.html>DeNA</a>,EL
,<a href=https://npb.jp/bis/eng/players/81185116.html>Itoh Hikaru</a>,36,DH,4.0,,,,,,,0.0,,,<a href=https://npb.jp/bis/eng/teams/index_db.html>DeNA</a>,EL
,<a href=https://npb.jp/bis/eng/players/91895138.html>Yamaguchi Koki</a>,24,3,11.0,-0.2,-23.4,-0.2,,0.0,0.1,-0.1,,,<a href=https://npb.jp/bis/eng/teams/index_m.html>Lotte</a>,EL
,<a href=https://npb.jp/bis/eng/players/91895138.html>Yamaguchi Koki</a>,24,7,58.0,1.3,28.8,1.1,0.1,,0.1,-0.6,,,<a href=https://npb.jp/bis/eng/teams/index_m.html>Lotte</a>,EL
,<a href=https://npb.jp/bis/eng/players/91895138.html>Yamaguchi Koki</a>,24,9,3.0,0.0,0.0,0.0,0.0,,0.0,0.0,,,<a href=https://npb.jp/bis/eng/teams/index_m.html>Lotte</a>,EL
,<a href=https://npb.jp/bis/eng/players/91895138.html>Yamaguchi Koki</a>,24,DH,15.0,,,,,,,-0.2,,,<a href=https://npb.jp/bis/eng/teams/index_m.html>Lotte</a>,EL
,<a href=https://npb.jp/bis/eng/players/91695138.html>Mashiko Kyosuke</a>,24,2,16.0,0.2,16.1,,0.1,,0.0,0.2,-0.8,0.0,<a href=https://npb.jp/bis/eng/teams/index_db.html>DeNA</a>,EL
,<a href=https://npb.jp/bis/eng/players/91695138.html>Mashiko Kyosuke</a>,24,3,53.1,-0.2,-4.8,-0.1,,0.2,-0.3,-0.6,,,<a href=https://npb.jp/bis/eng/teams/index_db.html>DeNA</a>,EL
,<a href=https://npb.jp/bis/eng/players/91695138.html>Mashiko Kyosuke</a>,24,DH,9.0,,,,,,,-0.1,,,<a href=https://npb.jp/bis/eng/teams/index_db.html>DeNA</a>,EL
,<a href=https://npb.jp/bis/eng/players/61365132.html>Usami Shingo</a>,32,2,56.0,-1.2,-27.6,,-1.4,,0.2,0.8,-0.9,0.0,<a href=https://npb.jp/bis/eng/teams/index_d.html>Chunichi</a>,WL
,<a href=https://npb.jp/bis/eng/players/61365132.html>Usami Shingo</a>,32,3,9.0,0.6,85.8,0.4,,0.0,0.2,-0.1,,,<a href=https://npb.jp/bis/eng/teams/index_d.html>Chunichi</a>,WL
,ヘルナンデス,ヘルナンデス,3,9.0,-0.4,-57.2,-0.4,,0.0,0.0,-0.1,,,<a href=https://npb.jp/bis/eng/teams/index_t.html>Hanshin</a>,WL
,ヘルナンデス,ヘルナンデス,5,16.0,-0.1,-8.0,-0.4,,0.0,0.3,-0.1,,,<a href=https://npb.jp/bis/eng/teams/index_t.html>Hanshin</a>,WL
,塩﨑 栄多,塩﨑 栄多,9,26.0,-1.5,-74.2,-1.8,0.3,,0.0,-0.1,,,HAYATE,WL
,塩﨑 栄多,塩﨑 栄多,DH,87.2,,,,,,,-1.1,,,HAYATE,WL
,<a href=https://npb.jp/bis/eng/players/71375155.html>Ukai Kosuke</a>,26,7,36.0,0.7,25.0,0.7,0.0,,0.0,-0.3,,,<a href=https://npb.jp/bis/eng/teams/index_d.html>Chunichi</a>,WL
,<a href=https://npb.jp/bis/eng/players/71375155.html>Ukai Kosuke</a>,26,9,24.0,-0.8,-42.9,-0.7,-0.1,,0.0,-0.1,,,<a href=https://npb.jp/bis/eng/teams/index_d.html>Chunichi</a>,WL
,<a href=https://npb.jp/bis/eng/players/71375155.html>Ukai Kosuke</a>,26,DH,9.0,,,,,,,-0.1,,,<a href=https://npb.jp/bis/eng/teams/index_d.html>Chunichi</a>,WL
,<a href=https://npb.jp/bis/eng/players/21325136.html>Ohshiro Takumi</a>,32,2,9.0,0.0,0.0,,0.0,,0.0,0.1,-0.6,0.0,<a href=https://npb.jp/bis/eng/teams/index_g.html>Yomiuri</a>,EL
,<a href=https://npb.jp/bis/eng/players/31535157.html>Kaneda Yuta</a>,20,4,21.0,-0.2,-12.3,0.2,,-0.6,0.1,0.1,,,<a href=https://npb.jp/bis/eng/teams/index_m.html>Lotte</a>,EL
,<a href=https://npb.jp/bis/eng/players/31535157.html>Kaneda Yuta</a>,20,DH,7.0,,,,,,,-0.1,,,<a href=https://npb.jp/bis/eng/teams/index_m.html>Lotte</a>,EL
,<a href=https://npb.jp/bis/eng/players/81085138.html>Tongu Yuma</a>,28,3,6.0,0.4,85.8,0.3,,-0.1,0.1,-0.1,,,<a href=https://npb.jp/bis/eng/teams/index_b.html>ORIX</a>,WL
,<a href=https://npb.jp/bis/eng/players/61065131.html>Haraguchi Fumihito</a>,33,7,7.0,0.5,91.9,0.5,0.0,,0.0,-0.1,,,<a href=https://npb.jp/bis/eng/teams/index_t.html>Hanshin</a>,WL
,谷村 剛,谷村 剛,5,26.0,-0.9,-44.6,-0.4,,0.0,-0.5,-0.1,,,<a href=https://npb.jp/bis/eng/teams/index_m.html>Lotte</a>,EL
,谷村 剛,谷村 剛,DH,2.0,,,,,,,0.0,,,<a href=https://npb.jp/bis/eng/teams/index_m.html>Lotte</a>,EL
,<a href=https://npb.jp/bis/eng/players/21025136.html>Takamatsu Wataru</a>,25,3,4.0,0.4,128.7,0.3,,0.0,0.1,0.0,,,<a href=https://npb.jp/bis/eng/teams/index_l.html>Seibu</a>,EL
,<a href=https://npb.jp/bis/eng/players/21025136.html>Takamatsu Wataru</a>,25,9,17.0,-1.7,-128.7,-1.3,-0.4,,0.0,-0.1,,,<a href=https://npb.jp/bis/eng/teams/index_l.html>Seibu</a>,EL
,<a href=https://npb.jp/bis/eng/players/11015159.html>Shinto Yuya</a>,23,2,49.0,0.3,7.9,,0.1,,0.2,0.7,0.7,-0.1,<a href=https://npb.jp/bis/eng/teams/index_f.html>Nipponham</a>,EL
,<a href=https://npb.jp/bis/eng/players/51955151.html>Kishi Junichiro</a>,28,3,6.0,-0.1,-21.4,-0.1,,0.0,0.0,-0.1,,,<a href=https://npb.jp/bis/eng/teams/index_l.html>Seibu</a>,EL
,<a href=https://npb.jp/bis/eng/players/51955151.html>Kishi Junichiro</a>,28,8,5.0,0.5,128.7,0.8,-0.3,,0.0,0.0,,,<a href=https://npb.jp/bis/eng/teams/index_l.html>Seibu</a>,EL
,<a href=https://npb.jp/bis/eng/players/51955151.html>Kishi Junichiro</a>,28,9,5.0,0.1,25.7,0.1,0.0,,0.0,0.0,,,<a href=https://npb.jp/bis/eng/teams/index_l.html>Seibu</a>,EL
,<a href=https://npb.jp/bis/eng/players/01405130.html>Noma Takayoshi</a>,32,8,9.0,0.1,14.3,0.1,0.0,,0.0,0.0,,,<a href=https://npb.jp/bis/eng/teams/index_c.html>Hiroshima</a>,WL
,<a href=https://npb.jp/bis/eng/players/01405130.html>Noma Takayoshi</a>,32,9,6.0,0.8,171.6,0.6,0.2,,0.0,0.0,,,<a href=https://npb.jp/bis/eng/teams/index_c.html>Hiroshima</a>,WL
,石垣 雅海,石垣 雅海,3,19.0,0.6,40.6,0.5,,0.0,0.1,-0.2,,,<a href=https://npb.jp/bis/eng/teams/index_m.html>Lotte</a>,EL
,石垣 雅海,石垣 雅海,5,31.0,0.7,29.1,0.5,,0.0,0.3,-0.1,,,<a href=https://npb.jp/bis/eng/teams/index_m.html>Lotte</a>,EL
,三森 大貴,三森 大貴,3,2.0,0.0,0.0,0.0,,0.0,0.0,0.0,,,<a href=https://npb.jp/bis/eng/teams/index_db.html>DeNA</a>,EL
,三森 大貴,三森 大貴,5,5.0,0.1,25.7,0.0,,0.0,0.1,0.0,,,<a href=https://npb.jp/bis/eng/teams/index_db.html>DeNA</a>,EL
,<a href=https://npb.jp/bis/eng/players/81685159.html>Hiwatari Touki</a>,20,2,10.0,0.2,25.7,,0.4,,-0.2,0.1,0.0,0.1,<a href=https://npb.jp/bis/eng/teams/index_d.html>Chunichi</a>,WL
,<a href=https://npb.jp/bis/eng/players/81685159.html>Hiwatari Touki</a>,20,DH,7.0,,,,,,,-0.1,,,<a href=https://npb.jp/bis/eng/teams/index_d.html>Chunichi</a>,WL
,<a href=https://npb.jp/bis/eng/players/81485155.html>Noguchi Tomoya</a>,25,4,8.1,-0.6,-93.0,0.2,,-0.2,-0.6,0.0,,,<a href=https://npb.jp/bis/eng/teams/index_b.html>ORIX</a>,WL
,<a href=https://npb.jp/bis/eng/players/81485155.html>Noguchi Tomoya</a>,25,6,81.1,2.3,36.4,2.1,,0.5,-0.3,0.7,,,<a href=https://npb.jp/bis/eng/teams/index_b.html>ORIX</a>,WL
,<a href=https://npb.jp/bis/eng/players/11215157.html>Toi Reiji</a>,20,3,13.0,-1.0,-99.0,-0.4,,0.0,-0.7,-0.1,,,<a href=https://npb.jp/bis/eng/teams/index_t.html>Hanshin</a>,WL
,<a href=https://npb.jp/bis/eng/players/11215157.html>Toi Reiji</a>,20,4,30.0,-0.4,-17.2,-0.8,,0.2,0.1,0.1,,,<a href=https://npb.jp/bis/eng/teams/index_t.html>Hanshin</a>,WL
,<a href=https://npb.jp/bis/eng/players/11215157.html>Toi Reiji</a>,20,5,20.0,0.8,51.5,0.6,,0.0,0.2,-0.1,,,<a href=https://npb.jp/bis/eng/teams/index_t.html>Hanshin</a>,WL
,<a href=https://npb.jp/bis/eng/players/51155151.html>Azuma Junpei</a>,23,7,9.0,-2.0,-286.0,-1.7,-0.3,,0.0,-0.1,,,<a href=https://npb.jp/bis/eng/teams/index_db.html>DeNA</a>,EL
,<a href=https://npb.jp/bis/eng/players/01805151.html>Mutoh Atsuki</a>,24,8,8.0,0.0,0.0,0.0,0.0,,0.0,0.0,,,<a href=https://npb.jp/bis/eng/teams/index_e.html>Rakuten</a>,EL
,Matsuda Kenshiro,25,3,13.2,-0.2,-18.8,-0.3,,-0.1,0.1,-0.2,,,HAYATE,WL
,Matsuda Kenshiro,25,4,53.0,-0.5,-12.1,0.2,,0.0,-0.8,0.1,,,HAYATE,WL
,Matsuda Kenshiro,25,5,20.0,0.4,25.7,0.1,,0.0,0.3,-0.1,,,HAYATE,WL
,Matsuda Kenshiro,25,6,1.0,0.1,128.7,0.1,,0.0,0.0,0.0,,,HAYATE,WL
,<a href=https://npb.jp/bis/eng/players/01405155.html>Nakamura Kento</a>,28,7,7.0,0.0,0.0,-0.1,0.2,,0.0,-0.1,,,<a href=https://npb.jp/bis/eng/teams/index_c.html>Hiroshima</a>,WL
,<a href=https://npb.jp/bis/eng/players/01405155.html>Nakamura Kento</a>,28,9,25.0,2.6,133.8,2.6,0.0,,0.0,-0.1,,,<a href=https://npb.jp/bis/eng/teams/index_c.html>Hiroshima</a>,WL
,<a href=https://npb.jp/bis/eng/players/31135159.html>Aono Takumi</a>,19,5,42.0,-1.9,-58.2,-0.5,,-0.3,-1.0,-0.2,,,<a href=https://npb.jp/bis/eng/teams/index_e.html>Rakuten</a>,EL
,<a href=https://npb.jp/bis/eng/players/31135159.html>Aono Takumi</a>,19,DH,44.0,,,,,,,-0.5,,,<a href=https://npb.jp/bis/eng/teams/index_e.html>Rakuten</a>,EL
,Asai Reo,25,7,9.0,0.0,0.0,0.0,0.0,,0.0,-0.1,,,Oisix,EL
,Asai Reo,25,9,39.1,-1.5,-49.1,-1.1,-0.4,,0.0,-0.2,,,Oisix,EL
,<a href=https://npb.jp/bis/eng/players/01805153.html>Furukawa Yudai</a>,27,3,9.0,-0.2,-28.6,-0.3,,0.0,0.1,-0.1,,,<a href=https://npb.jp/bis/eng/teams/index_f.html>Nipponham</a>,EL
,<a href=https://npb.jp/bis/eng/players/01805153.html>Furukawa Yudai</a>,27,4,1.0,0.0,0.0,0.0,,0.0,0.0,0.0,,,<a href=https://npb.jp/bis/eng/teams/index_f.html>Nipponham</a>,EL
,<a href=https://npb.jp/bis/eng/players/01805153.html>Furukawa Yudai</a>,27,5,9.0,-0.3,-42.9,-0.3,,0.0,0.0,0.0,,,<a href=https://npb.jp/bis/eng/teams/index_f.html>Nipponham</a>,EL
,<a href=https://npb.jp/bis/eng/players/21525159.html>Kaneko Koji</a>,21,6,43.0,1.0,29.9,0.9,,0.1,-0.1,0.4,,,<a href=https://npb.jp/bis/eng/teams/index_l.html>Seibu</a>,EL
,<a href=https://npb.jp/bis/eng/players/11515151.html>Umebayashi Yuki</a>,27,2,24.0,-0.7,-37.5,,-0.5,,-0.2,0.3,1.0,0.1,<a href=https://npb.jp/bis/eng/teams/index_f.html>Nipponham</a>,EL
,麦谷 祐介,麦谷 祐介,8,9.0,-0.2,-28.6,-0.2,0.0,,0.0,0.0,,,<a href=https://npb.jp/bis/eng/teams/index_b.html>ORIX</a>,WL
,<a href=https://npb.jp/bis/eng/players/01105151.html>Ishizuka Soichiro</a>,24,3,34.0,1.1,41.6,0.7,,0.0,0.5,-0.4,,,<a href=https://npb.jp/bis/eng/teams/index_h.html>SoftBank</a>,WL
,<a href=https://npb.jp/bis/eng/players/81785138.html>Satoh Ryusei</a>,28,5,28.0,-1.5,-68.9,-0.6,,0.1,-1.1,-0.1,,,<a href=https://npb.jp/bis/eng/teams/index_l.html>Seibu</a>,EL
,<a href=https://npb.jp/bis/eng/players/03105151.html>Yamase Shinnosuke</a>,24,2,40.0,-0.7,-22.5,,-0.3,,-0.4,0.6,2.7,0.1,<a href=https://npb.jp/bis/eng/teams/index_g.html>Yomiuri</a>,EL
,Nakayama Shota,28,DH,36.0,,,,,,,-0.4,,,Oisix,EL
,<a href=https://npb.jp/bis/eng/players/41245132.html>Tobashira Yasutaka</a>,35,2,3.0,0.0,0.0,,0.0,,0.0,0.0,0.0,0.0,<a href=https://npb.jp/bis/eng/teams/index_db.html>DeNA</a>,EL
,<a href=https://npb.jp/bis/eng/players/51455157.html>Nishio Ayuma</a>,25,3,9.0,0.1,14.3,0.1,,0.0,0.1,-0.1,,,<a href=https://npb.jp/bis/eng/teams/index_h.html>SoftBank</a>,WL
,<a href=https://npb.jp/bis/eng/players/51455157.html>Nishio Ayuma</a>,25,4,1.0,0.0,0.0,0.0,,0.0,0.0,0.0,,,<a href=https://npb.jp/bis/eng/teams/index_h.html>SoftBank</a>,WL
,<a href=https://npb.jp/bis/eng/players/51455157.html>Nishio Ayuma</a>,25,5,16.0,0.8,64.4,0.4,,0.1,0.2,-0.1,,,<a href=https://npb.jp/bis/eng/teams/index_h.html>SoftBank</a>,WL
,<a href=https://npb.jp/bis/eng/players/21525130.html>Katsuki Kazuya</a>,29,3,8.1,-0.2,-31.0,-0.2,,0.0,0.1,-0.1,,,<a href=https://npb.jp/bis/eng/teams/index_b.html>ORIX</a>,WL
,<a href=https://npb.jp/bis/eng/players/21525130.html>Katsuki Kazuya</a>,29,DH,7.0,,,,,,,-0.1,,,<a href=https://npb.jp/bis/eng/teams/index_b.html>ORIX</a>,WL
,Matsumoto Jin,19,5,3.0,0.1,42.9,0.0,,0.0,0.1,0.0,,,HAYATE,WL
,町田 隼乙,町田 隼乙,2,43.0,-0.4,-12.0,,-0.8,,0.4,0.6,-1.0,-0.4,<a href=https://npb.jp/bis/eng/teams/index_t.html>Hanshin</a>,WL
,町田 隼乙,町田 隼乙,DH,3.0,,,,,,,0.0,,,<a href=https://npb.jp/bis/eng/teams/index_t.html>Hanshin</a>,WL
,<a href=https://npb.jp/bis/eng/players/31835151.html>Mizukami Kei</a>,23,2,54.0,0.7,16.7,,0.3,,0.4,0.8,-0.5,0.3,<a href=https://npb.jp/bis/eng/teams/index_e.html>Rakuten</a>,EL
,<a href=https://npb.jp/bis/eng/players/83185155.html>Miya Taisei</a>,22,2,53.0,0.6,14.6,,0.2,,0.4,0.7,-0.5,-0.5,<a href=https://npb.jp/bis/eng/teams/index_d.html>Chunichi</a>,WL
,<a href=https://npb.jp/bis/eng/players/71275132.html>Chatani Kenta</a>,27,3,14.0,0.5,46.0,0.2,,0.2,0.1,-0.2,,,<a href=https://npb.jp/bis/eng/teams/index_m.html>Lotte</a>,EL
,<a href=https://npb.jp/bis/eng/players/71275132.html>Chatani Kenta</a>,27,4,28.0,-1.0,-46.0,-1.4,,0.2,0.2,0.1,,,<a href=https://npb.jp/bis/eng/teams/index_m.html>Lotte</a>,EL
,<a href=https://npb.jp/bis/eng/players/01705134.html>Koga Yudai</a>,26,2,8.0,0.0,0.0,,0.0,,0.0,0.1,0.2,0.0,<a href=https://npb.jp/bis/eng/teams/index_s.html>Yakult</a>,EL
,<a href=https://npb.jp/bis/eng/players/81185133.html>Isomura Yoshitaka</a>,32,2,15.0,0.0,0.0,,0.0,,0.0,0.2,0.2,-0.2,<a href=https://npb.jp/bis/eng/teams/index_c.html>Hiroshima</a>,WL
,<a href=https://npb.jp/bis/eng/players/01405153.html>Nakagawa Takuma</a>,22,2,32.1,-0.4,-15.9,,0.2,,-0.6,0.5,1.7,0.0,<a href=https://npb.jp/bis/eng/teams/index_s.html>Yakult</a>,EL
,<a href=https://npb.jp/bis/eng/players/01905157.html>Joko Ryota</a>,24,2,1.0,0.0,0.0,,0.0,,0.0,0.0,0.2,0.0,<a href=https://npb.jp/bis/eng/teams/index_db.html>DeNA</a>,EL
,<a href=https://npb.jp/bis/eng/players/01905157.html>Joko Ryota</a>,24,DH,13.0,,,,,,,-0.2,,,<a href=https://npb.jp/bis/eng/teams/index_db.html>DeNA</a>,EL
,<a href=https://npb.jp/bis/eng/players/43045159.html>Ramirez Moises</a>,23,3,9.0,-0.4,-57.2,-0.4,,0.0,0.0,-0.1,,,<a href=https://npb.jp/bis/eng/teams/index_c.html>Hiroshima</a>,WL
,<a href=https://npb.jp/bis/eng/players/43045159.html>Ramirez Moises</a>,23,5,18.0,-1.0,-71.5,-1.0,,0.0,0.0,-0.1,,,<a href=https://npb.jp/bis/eng/teams/index_c.html>Hiroshima</a>,WL
,立松 由宇,立松 由宇,2,3.0,0.0,0.0,,0.0,,0.0,0.0,0.2,0.0,<a href=https://npb.jp/bis/eng/teams/index_m.html>Lotte</a>,EL
,立松 由宇,立松 由宇,DH,4.0,,,,,,,0.0,,,<a href=https://npb.jp/bis/eng/teams/index_m.html>Lotte</a>,EL
,<a href=https://npb.jp/bis/eng/players/91795139.html>Kobayashi Seiji</a>,36,2,18.0,0.1,7.2,,0.0,,0.1,0.3,1.3,0.1,<a href=https://npb.jp/bis/eng/teams/index_g.html>Yomiuri</a>,EL
,<a href=https://npb.jp/bis/eng/players/91395151.html>Ueda Shota</a>,27,2,37.0,0.5,17.4,,0.4,,0.1,0.5,-1.0,0.2,<a href=https://npb.jp/bis/eng/teams/index_m.html>Lotte</a>,EL
,<a href=https://npb.jp/bis/eng/players/11815132.html>Horiuchi Kengo</a>,28,2,19.0,0.1,6.8,,0.0,,0.1,0.3,-0.8,0.1,<a href=https://npb.jp/bis/eng/teams/index_e.html>Rakuten</a>,EL
,<a href=https://npb.jp/bis/eng/players/31535151.html>Egawa Yuto</a>,24,2,15.0,-0.3,-25.7,,-0.1,,-0.2,0.2,-0.2,0.1,<a href=https://npb.jp/bis/eng/teams/index_e.html>Rakuten</a>,EL
,<a href=https://npb.jp/bis/eng/players/31535151.html>Egawa Yuto</a>,24,3,8.0,0.8,128.7,0.7,,-0.1,0.2,-0.1,,,<a href=https://npb.jp/bis/eng/teams/index_e.html>Rakuten</a>,EL
,<a href=https://npb.jp/bis/eng/players/21525132.html>Kakinuma Tomoya</a>,32,2,25.0,-0.2,-10.3,,-0.2,,0.1,0.4,-0.8,0.1,<a href=https://npb.jp/bis/eng/teams/index_m.html>Lotte</a>,EL
,<a href=https://npb.jp/bis/eng/players/51255155.html>Takizawa Natsuo</a>,21,4,5.0,0.1,25.7,0.2,,-0.1,0.1,0.0,,,<a href=https://npb.jp/bis/eng/teams/index_l.html>Seibu</a>,EL
,<a href=https://npb.jp/bis/eng/players/51255155.html>Takizawa Natsuo</a>,21,6,3.0,-0.4,-171.6,-0.4,,0.0,0.0,0.0,,,<a href=https://npb.jp/bis/eng/teams/index_l.html>Seibu</a>,EL
,<a href=https://npb.jp/bis/eng/players/33135153.html>Makihara Kota</a>,22,2,51.0,0.5,12.6,,0.4,,0.2,0.7,0.1,0.0,<a href=https://npb.jp/bis/eng/teams/index_h.html>SoftBank</a>,WL
,<a href=https://npb.jp/bis/eng/players/33135153.html>Makihara Kota</a>,22,DH,10.0,,,,,,,-0.1,,,<a href=https://npb.jp/bis/eng/teams/index_h.html>SoftBank</a>,WL
,<a href=https://npb.jp/bis/eng/players/91495134.html>Nagasaka Kenya</a>,31,2,47.0,-0.7,-19.2,,-0.8,,0.1,0.7,-1.0,0.2,<a href=https://npb.jp/bis/eng/teams/index_t.html>Hanshin</a>,WL
,<a href=https://npb.jp/bis/eng/players/71475139.html>Minei Hiroki</a>,34,2,6.0,-0.3,-64.4,,-0.3,,0.0,0.1,-0.5,0.0,<a href=https://npb.jp/bis/eng/teams/index_h.html>SoftBank</a>,WL
,大友 宗,大友 宗,2,40.2,0.1,3.2,,0.4,,-0.4,0.6,0.9,0.1,<a href=https://npb.jp/bis/eng/teams/index_h.html>SoftBank</a>,WL
,Sakaguchi Daisuke,25,9,8.0,0.9,144.8,0.0,0.9,,0.0,0.0,,,Oisix,EL
,Uehara Hiroki,23,9,1.0,0.0,0.0,0.0,0.0,,0.0,0.0,,,Oisix,EL
,<a href=https://npb.jp/bis/eng/players/01205157.html>Nakata Ayumu</a>,21,6,1.0,0.1,128.7,0.1,,0.0,0.0,0.0,,,<a href=https://npb.jp/bis/eng/teams/index_g.html>Yomiuri</a>,EL
,<a href=https://npb.jp/bis/eng/players/31935153.html>Kita Ryusuke</a>,26,2,26.0,1.1,54.4,,0.8,,0.3,0.4,1.3,0.0,<a href=https://npb.jp/bis/eng/teams/index_g.html>Yomiuri</a>,EL
,<a href=https://npb.jp/bis/eng/players/91495138.html>Hamada Taiki</a>,19,3,17.0,-0.3,-22.7,0.2,,-0.1,-0.5,-0.2,,,<a href=https://npb.jp/bis/eng/teams/index_f.html>Nipponham</a>,EL
,<a href=https://npb.jp/bis/eng/players/91495138.html>Hamada Taiki</a>,19,6,17.0,-1.1,-83.3,-1.2,,0.0,0.0,0.1,,,<a href=https://npb.jp/bis/eng/teams/index_f.html>Nipponham</a>,EL
,<a href=https://npb.jp/bis/eng/players/91695151.html>Fujita Kento</a>,23,2,28.0,1.0,46.0,,1.4,,-0.5,0.4,-0.2,-0.9,<a href=https://npb.jp/bis/eng/teams/index_t.html>Hanshin</a>,WL
,<a href=https://npb.jp/bis/eng/players/01705159.html>Kohno Hikaru</a>,21,DH,3.0,,,,,,,0.0,,,<a href=https://npb.jp/bis/eng/teams/index_m.html>Lotte</a>,EL
,中村 奈一輝,中村 奈一輝,5,25.0,1.7,87.5,1.0,,0.2,0.5,-0.1,,,<a href=https://npb.jp/bis/eng/teams/index_d.html>Chunichi</a>,WL
,中村 奈一輝,中村 奈一輝,6,8.0,0.6,96.5,1.1,,-0.1,-0.4,0.1,,,<a href=https://npb.jp/bis/eng/teams/index_d.html>Chunichi</a>,WL
,<a href=https://npb.jp/bis/eng/players/91795157.html>Koresawa Ryosuke</a>,25,2,16.0,0.5,40.2,,0.5,,0.0,0.2,0.0,0.1,<a href=https://npb.jp/bis/eng/teams/index_l.html>Seibu</a>,EL
,Fukatani Riki,25,2,42.0,-0.5,-15.3,,-0.3,,-0.1,0.6,-3.0,-0.1,HAYATE,WL
,<a href=https://npb.jp/bis/eng/players/71475136.html>Nishimaki Kenji</a>,26,4,16.0,-0.6,-48.3,-0.5,,-0.2,0.1,0.0,,,<a href=https://npb.jp/bis/eng/teams/index_db.html>DeNA</a>,EL
,<a href=https://npb.jp/bis/eng/players/71475136.html>Nishimaki Kenji</a>,26,5,3.0,0.0,0.0,0.0,,0.0,0.0,0.0,,,<a href=https://npb.jp/bis/eng/teams/index_db.html>DeNA</a>,EL
,<a href=https://npb.jp/bis/eng/players/71475136.html>Nishimaki Kenji</a>,26,7,0.1,0.0,0.0,0.0,0.0,,0.0,0.0,,,<a href=https://npb.jp/bis/eng/teams/index_db.html>DeNA</a>,EL
,<a href=https://npb.jp/bis/eng/players/81885159.html>Hori Shuna</a>,19,2,73.1,0.7,12.3,,0.8,,0.0,1.0,-0.9,-0.2,<a href=https://npb.jp/bis/eng/teams/index_b.html>ORIX</a>,WL
,<a href=https://npb.jp/bis/eng/players/03005159.html>Rodriguez Christian</a>,23,5,12.0,0.2,21.4,0.1,,0.0,0.2,0.0,,,<a href=https://npb.jp/bis/eng/teams/index_d.html>Chunichi</a>,WL
,<a href=https://npb.jp/bis/eng/players/03005159.html>Rodriguez Christian</a>,23,6,43.0,0.1,3.0,-0.2,,0.4,0.0,0.4,,,<a href=https://npb.jp/bis/eng/teams/index_d.html>Chunichi</a>,WL
,田島 光祐,田島 光祐,2,37.1,0.5,17.3,,0.4,,0.1,0.5,0.4,0.0,<a href=https://npb.jp/bis/eng/teams/index_b.html>ORIX</a>,WL
,<a href=https://npb.jp/bis/eng/players/91095138.html>Chino Naoto</a>,26,3,6.0,0.1,21.4,0.1,,0.0,0.1,-0.1,,,<a href=https://npb.jp/bis/eng/teams/index_db.html>DeNA</a>,EL
,<a href=https://npb.jp/bis/eng/players/91095138.html>Chino Naoto</a>,26,4,9.0,-0.3,-42.9,-0.3,,0.0,0.0,0.0,,,<a href=https://npb.jp/bis/eng/teams/index_db.html>DeNA</a>,EL
,<a href=https://npb.jp/bis/eng/players/91095138.html>Chino Naoto</a>,26,5,19.0,-0.3,-20.3,-0.5,,0.0,0.2,-0.1,,,<a href=https://npb.jp/bis/eng/teams/index_db.html>DeNA</a>,EL
,Katayama Yu,26,2,28.0,-0.2,-9.2,,-0.3,,0.1,0.4,1.9,0.2,Oisix,EL
,<a href=https://npb.jp/bis/eng/players/91495159.html>Tomiyama Konoshin</a>,19,2,5.0,0.0,0.0,,0.0,,0.0,0.1,-0.1,0.0,<a href=https://npb.jp/bis/eng/teams/index_m.html>Lotte</a>,EL
,<a href=https://npb.jp/bis/eng/players/51055153.html>Sakaeda Yuki</a>,27,2,9.0,-0.3,-42.9,,-0.3,,0.0,0.1,-0.2,0.1,<a href=https://npb.jp/bis/eng/teams/index_t.html>Hanshin</a>,WL
,<a href=https://npb.jp/bis/eng/players/11715159.html>Kawano Sota</a>,25,4,5.0,0.0,0.0,0.0,,0.0,0.0,0.0,,,<a href=https://npb.jp/bis/eng/teams/index_b.html>ORIX</a>,WL
,<a href=https://npb.jp/bis/eng/players/11715159.html>Kawano Sota</a>,25,5,9.0,-0.2,-28.6,0.8,,0.1,-1.2,0.0,,,<a href=https://npb.jp/bis/eng/teams/index_b.html>ORIX</a>,WL
,<a href=https://npb.jp/bis/eng/players/53155155.html>Matsukawa Kou</a>,21,2,19.0,-0.4,-27.1,,-0.5,,0.1,0.3,-0.7,0.1,<a href=https://npb.jp/bis/eng/teams/index_m.html>Lotte</a>,EL
,Inada Taiyo,19,2,1.0,0.0,0.0,,0.0,,0.0,0.0,0.0,0.0,HAYATE,WL
,<a href=https://npb.jp/bis/eng/players/93595157.html>Suzuki Ren</a>,20,3,8.0,0.9,144.8,0.7,,0.0,0.2,-0.1,,,<a href=https://npb.jp/bis/eng/teams/index_db.html>DeNA</a>,EL
,<a href=https://npb.jp/bis/eng/players/11215155.html>Takagi Shoto</a>,21,2,9.0,0.3,42.9,,0.3,,0.0,0.1,1.0,-0.1,<a href=https://npb.jp/bis/eng/teams/index_c.html>Hiroshima</a>,WL
,<a href=https://npb.jp/bis/eng/players/11815155.html>Fukunaga Sho</a>,25,2,12.0,0.0,0.0,,0.0,,0.0,0.2,-0.1,0.1,<a href=https://npb.jp/bis/eng/teams/index_b.html>ORIX</a>,WL
,<a href=https://npb.jp/bis/eng/players/53155159.html>Matsuishi Shinya</a>,19,6,27.0,1.5,71.5,1.6,,0.3,-0.3,0.2,,,<a href=https://npb.jp/bis/eng/teams/index_m.html>Lotte</a>,EL
,<a href=https://npb.jp/bis/eng/players/91895159.html>Fujita Yutaro</a>,20,2,19.0,0.0,0.0,,-0.1,,0.1,0.3,0.1,0.1,<a href=https://npb.jp/bis/eng/teams/index_h.html>SoftBank</a>,WL
,<a href=https://npb.jp/bis/eng/players/81185139.html>Ishikawa Ryo</a>,29,2,1.0,0.0,0.0,,0.0,,0.0,0.0,0.0,0.0,<a href=https://npb.jp/bis/eng/teams/index_b.html>ORIX</a>,WL
,<a href=https://npb.jp/bis/eng/players/31535159.html>Ogasawara Sou</a>,19,5,0.1,0.0,0.0,0.0,,0.0,0.0,0.0,,,<a href=https://npb.jp/bis/eng/teams/index_db.html>DeNA</a>,EL
,Fukakusa Yuhya,23,2,70.2,0.1,1.8,,0.4,,-0.3,1.0,-2.3,-0.3,HAYATE,WL
,今坂 幸暉,今坂 幸暉,5,7.0,0.6,110.3,0.4,,0.0,0.2,0.0,,,<a href=https://npb.jp/bis/eng/teams/index_b.html>ORIX</a>,WL
,Fujiwara Daichi,25,6,85.1,-1.1,-16.6,-2.0,,-0.2,1.0,0.7,,,Oisix,EL
,<a href=https://npb.jp/bis/eng/players/33335136.html>Wada Koshiro</a>,26,8,5.0,-0.2,-51.5,-0.2,0.0,,0.0,0.0,,,<a href=https://npb.jp/bis/eng/teams/index_m.html>Lotte</a>,EL
,<a href=https://npb.jp/bis/eng/players/33335136.html>Wada Koshiro</a>,26,9,5.0,0.0,0.0,0.0,0.0,,0.0,0.0,,,<a href=https://npb.jp/bis/eng/teams/index_m.html>Lotte</a>,EL
,<a href=https://npb.jp/bis/eng/players/13515159.html>Waters RikaiJyumile</a>,19,6,60.1,-2.8,-59.8,-1.7,,-0.7,-0.4,0.5,,,<a href=https://npb.jp/bis/eng/teams/index_e.html>Rakuten</a>,EL
,Chan Hyonjin,21,5,5.0,-0.8,-205.9,-0.2,,0.0,-0.7,0.0,,,HAYATE,WL
,Chan Hyonjin,21,7,3.0,0.0,0.0,0.0,0.0,,0.0,0.0,,,HAYATE,WL
,田中 陽翔,田中 陽翔,6,17.1,0.1,7.4,-0.2,,0.0,0.3,0.1,,,<a href=https://npb.jp/bis/eng/teams/index_s.html>Yakult</a>,EL
,<a href=https://npb.jp/bis/eng/players/11215159.html>Takamizawa Ikumi</a>,19,4,0.1,0.0,0.0,0.0,,0.0,0.0,0.0,,,<a href=https://npb.jp/bis/eng/teams/index_db.html>DeNA</a>,EL
,<a href=https://npb.jp/bis/eng/players/11215159.html>Takamizawa Ikumi</a>,19,5,16.0,0.8,64.4,0.6,,0.0,0.2,-0.1,,,<a href=https://npb.jp/bis/eng/teams/index_db.html>DeNA</a>,EL
,<a href=https://npb.jp/bis/eng/players/93295157.html>Mejia Humberto</a>,28,DH,4.0,,,,,,,0.0,,,<a href=https://npb.jp/bis/eng/teams/index_d.html>Chunichi</a>,WL
,<a href=https://npb.jp/bis/eng/players/03905157.html>Beasley Jeremy</a>,29,DH,4.0,,,,,,,0.0,,,<a href=https://npb.jp/bis/eng/teams/index_t.html>Hanshin</a>,WL
,デュプランティエ,デュプランティエ,DH,4.0,,,,,,,0.0,,,<a href=https://npb.jp/bis/eng/teams/index_t.html>Hanshin</a>,WL
,<a href=https://npb.jp/bis/eng/players/71375153.html>Itoh Masashi</a>,29,DH,4.0,,,,,,,0.0,,,<a href=https://npb.jp/bis/eng/teams/index_t.html>Hanshin</a>,WL
,<a href=https://npb.jp/bis/eng/players/71275118.html>Nishi Yuki</a>,34,DH,5.0,,,,,,,-0.1,,,<a href=https://npb.jp/bis/eng/teams/index_t.html>Hanshin</a>,WL
,Satoh Kei,22,6,9.0,0.6,85.8,0.2,,0.1,0.2,0.1,,,Oisix,EL
