#,Team,G,W,L,T,PCT,GB,RS,RA,Diff,XPCT,Home,Road,vs M,vs G,vs F,vs L,vs S,vs A,vs E,vs DB
,<a href=https://npb.jp/bis/eng/teams/index_m.html>Lotte Marines</a>,10,8,0,2,1.000,--,53,21,32,0.845,4-0(1),4-0(1),--,--,0-0(1),2-0(1),1-0,2-0,3-0,--
,<a href=https://npb.jp/bis/eng/teams/index_g.html>Yomiuri Giants</a>,12,9,3,0,0.750,1.0,71,32,39,0.811,3-1,6-2,--,--,--,1-1,2-1,3-0,0-1,3-0
,<a href=https://npb.jp/bis/eng/teams/index_f.html>Nipponham Fighters</a>,10,5,4,1,0.556,3.5,26,23,3,0.556,4-1(1),1-3,0-0(1),--,--,1-1,2-1,0-2,--,2-0
,<a href=https://npb.jp/bis/eng/teams/index_l.html>Seibu Lions</a>,12,5,6,1,0.455,4.5,38,44,-6,0.433,3-3,2-3(1),0-2(1),1-1,1-1,--,--,1-1,--,2-1
,<a href=https://npb.jp/bis/eng/teams/index_s.html>Yakult Swallows</a>,10,4,5,1,0.444,4.5,28,25,3,0.552,3-3,1-2(1),0-1,1-2,1-2,--,--,--,2-0,0-0(1)
,Oisix Albirex,11,4,7,0,0.364,5.5,26,51,-25,0.226,3-1,1-6,0-2,0-3,2-0,1-1,--,--,1-1,--
,<a href=https://npb.jp/bis/eng/teams/index_e.html>Rakuten Eagles</a>,10,3,7,0,0.300,6.0,22,48,-26,0.193,1-4,2-3,0-3,1-0,--,--,0-2,1-1,--,1-1
,<a href=https://npb.jp/bis/eng/teams/index_db.html>DeNA BayStars</a>,11,2,8,1,0.200,7.0,28,48,-20,0.272,1-5(1),1-3,--,0-3,0-2,1-2,0-0(1),--,1-1,--
