#,,Team,G,W,L,T,PCT,GB,RS,RA,Diff,XPCT,Home,Road,vs M,vs G,vs L,vs F,vs E,vs DB,vs A,vs S,Inter
,"<img src=""https://www.yakyucosmo.com/wp-content/uploads/2025/04/Marines.jpg"" alt="""" width=""10"" height=""10"" class=""alignnone size-full wp-image-6240"" />",<a href=https://npb.jp/bis/eng/teams/index_m.html>Lotte Marines</a>,79,49,28,2,0.636,--,375,268,107,0.649,23-16(1),26-12(1),--,7-5,6-5(1),3-2(1),11-6,6-6,8-0,7-3,1-1
,"<img src=""https://www.yakyucosmo.com/wp-content/uploads/2025/04/Giants.jpg"" alt="""" width=""10"" height=""10"" class=""alignnone size-full wp-image-6227"" />",<a href=https://npb.jp/bis/eng/teams/index_g.html>Yomiuri Giants</a>,80,48,30,2,0.615,1.5,336,242,94,0.646,20-13(2),28-17,5-7,--,6-4(1),10-4,3-5(1),7-3,7-4,8-2,2-1
,"<img src=""https://www.yakyucosmo.com/wp-content/uploads/2025/04/Lions.jpg"" alt="""" width=""10"" height=""10"" class=""alignnone size-full wp-image-6219"" />",<a href=https://npb.jp/bis/eng/teams/index_l.html>Seibu Lions</a>,77,46,29,2,0.613,2.0,330,252,78,0.621,21-12,25-17(2),5-6(1),4-6(1),--,6-4,5-4,8-3,8-5,10-1,--
,"<img src=""https://www.yakyucosmo.com/wp-content/uploads/2025/04/Fighters.jpg"" alt="""" width=""10"" height=""10"" class=""alignnone size-full wp-image-6217"" />",<a href=https://npb.jp/bis/eng/teams/index_f.html>Nipponham Fighters</a>,76,39,36,1,0.520,9.0,293,274,19,0.531,22-15(1),17-21,2-3(1),4-10,4-6,--,7-5,9-2,5-5,7-4,1-1
,"<img src=""https://www.yakyucosmo.com/wp-content/uploads/2025/04/Eagles.jpg"" alt="""" width=""10"" height=""10"" class=""alignnone size-full wp-image-6218"" />",<a href=https://npb.jp/bis/eng/teams/index_e.html>Rakuten Eagles</a>,84,42,41,1,0.506,10.0,301,329,-28,0.459,28-20,14-21(1),6-11,5-3(1),4-5,5-7,--,7-6,7-3,8-6,--
,"<img src=""https://www.yakyucosmo.com/wp-content/uploads/2025/04/BayStars.jpg"" alt="""" width=""10"" height=""10"" class=""alignnone size-full wp-image-6228"" />",<a href=https://npb.jp/bis/eng/teams/index_db.html>DeNA BayStars</a>,86,35,50,1,0.412,18.0,349,379,-30,0.462,17-24(1),18-26,6-6,3-7,3-8,2-9,6-7,--,6-6,8-5(1),1-2
,"<img src=""https://www.yakyucosmo.com/wp-content/uploads/2025/04/Albirex.jpg"" alt="""" width=""10"" height=""10"" class=""alignnone size-full wp-image-6298"" />",<a href=https://www.niigata-albirex-bc.jp/>Oisix Albirex</a>,78,30,48,0,0.385,19.5,267,395,-128,0.328,18-22,12-26,0-8,4-7,5-8,5-5,3-7,6-6,--,6-2,1-5
,"<img src=""https://www.yakyucosmo.com/wp-content/uploads/2025/04/Swallows.jpg"" alt="""" width=""10"" height=""10"" class=""alignnone size-full wp-image-6226"" />",<a href=https://npb.jp/bis/eng/teams/index_s.html>Yakult Swallows</a>,78,23,54,1,0.299,26.0,210,315,-105,0.323,10-31,13-23(1),3-7,2-8,1-10,4-7,6-8,5-8(1),2-6,--,--
