Rank,Pitcher,G,W,L,SV,CG,SHO,BF,IP,H,HR,SO,BB,IBB,HB,WP,R,ER,ERA,FIP,kwERA,WHIP,ERA+,FIP-,kwERA-,Diff,HR%,K%,BB%,K-BB%,Age,T,Team,League
,<a href=https://npb.jp/bis/eng/players/31335155.html>Itoh Ryo</a>,3,1,2,0,0,0,51,12.2,8,0,11,4,0,2,0,6,6,4.26,3.14,3.43,0.95,71,86,89,1.12,0.0%,21.6%,7.8%,13.8%,25,L,<a href=https://npb.jp/bis/eng/teams/index_t.html>Hanshin</a>,WL
,<a href=https://npb.jp/bis/eng/players/81985159.html>Shoji Haruto</a>,2,0,0,0,0,0,34,9.0,6,0,4,3,0,0,0,2,1,1.00,3.57,4.51,1.00,288,103,117,-2.57,0.0%,11.8%,8.8%,3.0%,24,L,<a href=https://npb.jp/bis/eng/teams/index_db.html>DeNA</a>,EL
,<a href=https://npb.jp/bis/eng/players/33135159.html>Mataki Teppei</a>,3,1,0,0,0,0,61,15.0,14,0,6,4,0,0,0,3,2,1.20,3.46,4.47,1.20,236,101,116,-2.26,0.0%,9.8%,6.6%,3.2%,26,L,<a href=https://npb.jp/bis/eng/teams/index_g.html>Yomiuri</a>,EL
,<a href=https://npb.jp/bis/eng/players/93995150.html>Lambert Peter</a>,2,0,1,1,0,0,28,8.0,2,0,7,2,0,0,1,1,0,0.00,2.46,3.01,0.50,999,68,78,-2.46,0.0%,25.0%,7.1%,17.9%,28,R,<a href=https://npb.jp/bis/eng/teams/index_s.html>Yakult</a>,EL
,<a href=https://npb.jp/bis/eng/players/11515137.html>Ogawa Yasuhiro</a>,2,1,0,0,0,0,37,11.0,5,0,8,0,0,0,0,0,0,0.00,2.01,2.64,0.45,999,56,68,-2.01,0.0%,21.6%,0.0%,21.6%,35,R,<a href=https://npb.jp/bis/eng/teams/index_s.html>Yakult</a>,EL
,<a href=https://npb.jp/bis/eng/players/21925139.html>Takanashi Hirotoshi</a>,2,0,0,0,0,0,39,9.2,8,0,13,2,0,0,0,1,1,0.93,1.39,1.98,1.03,321,39,51,-0.46,0.0%,33.3%,5.1%,28.2%,34,R,<a href=https://npb.jp/bis/eng/teams/index_s.html>Yakult</a>,EL
,<a href=https://npb.jp/bis/eng/players/63365153.html>Yamano Taichi</a>,2,1,0,0,0,0,26,8.0,4,0,7,1,0,0,0,0,0,0.00,2.08,2.49,0.62,999,58,65,-2.08,0.0%,26.9%,3.8%,23.1%,26,L,<a href=https://npb.jp/bis/eng/teams/index_s.html>Yakult</a>,EL
,<a href=https://npb.jp/bis/eng/players/41245157.html>Nakachi Reia</a>,2,2,0,0,0,0,52,12.1,8,0,11,7,0,0,1,1,1,0.73,3.38,4.03,1.22,402,95,104,-2.65,0.0%,21.2%,13.5%,7.7%,24,R,<a href=https://npb.jp/bis/eng/teams/index_d.html>Chunichi</a>,WL
,<a href=https://npb.jp/bis/eng/players/51055151.html>Satoh Kazuma</a>,3,2,0,0,0,0,69,17.0,11,0,12,9,0,1,0,2,2,1.06,3.81,4.37,1.18,259,115,113,-2.75,0.0%,17.4%,13.0%,4.4%,24,L,<a href=https://npb.jp/bis/eng/teams/index_b.html>ORIX</a>,WL
,<a href=https://npb.jp/bis/eng/players/61465150.html>Teranishi Naruki</a>,3,0,1,0,0,0,49,12.2,11,0,5,1,0,0,0,4,2,1.42,2.91,3.98,0.95,194,88,103,-1.49,0.0%,10.2%,2.0%,8.2%,22,R,<a href=https://npb.jp/bis/eng/teams/index_b.html>ORIX</a>,WL
,<a href=https://npb.jp/bis/eng/players/21525116.html>Karakawa Yuki</a>,2,0,0,0,0,0,43,9.1,14,0,9,0,0,0,0,2,2,1.93,1.53,2.71,1.50,159,41,70,0.40,0.0%,20.9%,0.0%,20.9%,35,R,<a href=https://npb.jp/bis/eng/teams/index_m.html>Lotte</a>,EL
,<a href=https://npb.jp/bis/eng/players/03905150.html>Sammons Bryan</a>,2,1,0,0,0,0,37,9.0,8,1,10,1,0,0,0,2,2,2.00,3.02,2.37,1.00,153,82,61,-1.02,2.7%,27.0%,2.7%,24.3%,30,L,<a href=https://npb.jp/bis/eng/teams/index_m.html>Lotte</a>,EL
,<a href=https://npb.jp/bis/eng/players/01005157.html>Tanaka Haruya</a>,2,1,0,0,0,0,41,11.2,5,0,14,2,0,0,0,0,0,0.00,1.57,1.87,0.60,999,42,48,-1.57,0.0%,34.1%,4.9%,29.2%,21,R,<a href=https://npb.jp/bis/eng/teams/index_m.html>Lotte</a>,EL
,<a href=https://npb.jp/bis/eng/players/01005137.html>Higashihama Nao</a>,2,1,1,0,0,0,48,12.0,10,0,8,2,0,0,0,1,0,0.00,2.63,3.55,1.00,999,74,92,-2.63,0.0%,16.7%,4.2%,12.5%,35,R,<a href=https://npb.jp/bis/eng/teams/index_h.html>SoftBank</a>,WL
,<a href=https://npb.jp/bis/eng/players/91395153.html>Itoh Yusuke</a>,2,1,1,0,0,0,46,12.0,3,1,3,9,0,0,1,3,2,1.50,6.29,6.10,1.00,196,177,158,-4.79,2.2%,6.5%,19.6%,-13.1%,28,R,<a href=https://npb.jp/bis/eng/teams/index_h.html>SoftBank</a>,WL
,<a href=https://npb.jp/bis/eng/players/13115159.html>Maeda Yugo</a>,3,1,2,0,0,0,70,18.0,16,0,9,1,0,0,0,4,3,1.50,2.63,3.66,0.94,196,74,95,-1.13,0.0%,12.9%,1.4%,11.5%,19,L,<a href=https://npb.jp/bis/eng/teams/index_h.html>SoftBank</a>,WL
,<a href=https://npb.jp/bis/eng/players/73375159.html>Murata Kenichi</a>,3,1,1,0,0,0,65,15.1,20,0,5,5,0,0,0,8,8,4.70,3.79,4.80,1.63,63,107,124,0.91,0.0%,7.7%,7.7%,0.0%,23,R,<a href=https://npb.jp/bis/eng/teams/index_h.html>SoftBank</a>,WL
,<a href=https://npb.jp/bis/eng/players/01305157.html>Ohtsu Ryosuke</a>,2,2,0,0,1,1,57,15.1,11,0,10,1,0,1,0,2,2,1.17,2.55,3.22,0.78,251,72,83,-1.38,0.0%,17.5%,1.8%,15.7%,26,R,<a href=https://npb.jp/bis/eng/teams/index_h.html>SoftBank</a>,WL
,<a href=https://npb.jp/bis/eng/players/31735157.html>Koga Kosei</a>,2,0,0,0,0,0,34,8.0,9,0,3,4,0,0,0,2,2,2.25,4.21,5.09,1.62,129,121,132,-1.96,0.0%,8.8%,11.8%,-3.0%,20,L,<a href=https://npb.jp/bis/eng/teams/index_e.html>Rakuten</a>,EL
,<a href=https://npb.jp/bis/eng/players/41345159.html>Ohuchi Seiya</a>,2,0,1,0,0,0,34,8.0,7,1,4,2,0,0,0,4,3,3.38,4.84,4.21,1.12,86,139,109,-1.46,2.9%,11.8%,5.9%,5.9%,19,R,<a href=https://npb.jp/bis/eng/teams/index_e.html>Rakuten</a>,EL
,<a href=https://npb.jp/bis/eng/players/21925157.html>Shoji Kosei</a>,2,0,0,0,0,0,37,8.0,7,0,8,5,0,1,0,3,3,3.38,3.71,3.99,1.50,86,106,103,-0.33,0.0%,21.6%,13.5%,8.1%,24,R,<a href=https://npb.jp/bis/eng/teams/index_e.html>Rakuten</a>,EL
,<a href=https://npb.jp/bis/eng/players/33035159.html>Yajure Miguel</a>,2,0,1,0,0,0,32,8.2,5,0,8,2,0,0,0,2,2,2.08,2.31,2.92,0.81,139,66,76,-0.23,0.0%,25.0%,6.2%,18.8%,27,R,<a href=https://npb.jp/bis/eng/teams/index_e.html>Rakuten</a>,EL
,<a href=https://npb.jp/bis/eng/players/11315159.html>Itogawa Ryota</a>,3,0,0,0,0,0,68,17.1,13,1,14,3,0,1,0,5,5,2.60,3.29,3.18,0.92,117,89,82,-0.69,1.5%,20.6%,4.4%,16.2%,27,R,<a href=https://npb.jp/bis/eng/teams/index_l.html>Seibu</a>,EL
,<a href=https://npb.jp/bis/eng/players/61565159.html>Kawashimo Masahiro</a>,2,2,0,0,0,0,45,11.0,9,0,10,8,0,0,0,2,2,1.64,3.82,4.36,1.55,186,104,113,-2.18,0.0%,22.2%,17.8%,4.4%,20,L,<a href=https://npb.jp/bis/eng/teams/index_l.html>Seibu</a>,EL
,<a href=https://npb.jp/bis/eng/players/21325151.html>Uema Towa</a>,2,1,0,0,0,0,43,12.0,7,0,3,1,0,0,0,1,1,0.75,3.21,4.33,0.67,407,87,112,-2.46,0.0%,7.0%,2.3%,4.7%,24,R,<a href=https://npb.jp/bis/eng/teams/index_l.html>Seibu</a>,EL
,<a href=https://npb.jp/bis/eng/players/81685155.html>Fukushima Ren</a>,2,0,0,0,0,0,40,10.0,7,0,12,2,0,0,0,4,1,0.90,1.66,2.30,0.90,341,45,60,-0.76,0.0%,30.0%,5.0%,25.0%,22,R,<a href=https://npb.jp/bis/eng/teams/index_f.html>Nipponham</a>,EL
,<a href=https://npb.jp/bis/eng/players/61865159.html>Hosono Haruki</a>,2,0,1,0,0,0,38,8.2,12,0,11,1,0,0,0,2,1,1.04,1.27,2.17,1.50,295,34,56,-0.23,0.0%,28.9%,2.6%,26.3%,23,L,<a href=https://npb.jp/bis/eng/teams/index_f.html>Nipponham</a>,EL
,<a href=https://npb.jp/bis/eng/players/51755155.html>Kitayama Koki</a>,2,0,0,0,0,0,36,9.2,5,0,9,2,0,0,1,1,1,0.93,2.22,2.86,0.72,330,60,74,-1.29,0.0%,25.0%,5.6%,19.4%,26,R,<a href=https://npb.jp/bis/eng/teams/index_f.html>Nipponham</a>,EL
,Kasahara Shotaro,2,0,1,0,0,0,46,10.1,12,3,6,3,0,1,1,5,5,4.35,7.23,4.15,1.45,61,226,108,-2.88,6.5%,13.0%,6.5%,6.5%,30,L,Oisix,EL
,Makino Kenshin,3,2,0,0,0,0,76,17.0,19,0,13,7,0,0,0,3,2,1.06,3.17,4.01,1.53,250,99,104,-2.11,0.0%,17.1%,9.2%,7.9%,25,L,Oisix,EL
,Noto Syuto,3,1,0,0,0,0,73,18.0,11,0,16,8,0,0,1,3,1,0.50,3.02,3.70,1.06,529,95,96,-2.52,0.0%,21.9%,11.0%,10.9%,23,R,Oisix,EL
,Yabuta Kazuki,2,0,1,0,0,0,54,11.1,17,0,7,4,0,0,0,7,7,5.56,3.28,4.24,1.85,48,103,110,2.28,0.0%,13.0%,7.4%,5.6%,32,R,Oisix,EL
,Satoh Hiroki,3,0,2,0,0,0,73,18.0,14,0,9,9,0,0,3,5,5,2.50,3.96,4.80,1.28,121,108,124,-1.46,0.0%,12.3%,12.3%,0.0%,26,L,HAYATE,WL
