Rank,Player,G,PA,AB,R,H,2B,3B,HR,TB,RBI,SB,CS,SH,SF,SO,BB,IBB,HP,GDP,AVG,OBP,SLG,OPS,OPS+,ISO,BABIP,TTO%,K%,BB%,BB/K,Age,Pos,B,,Team,League
,<a href=https://npb.jp/bis/eng/players/23325159.html>Momosaki Aoi</a>,72,242,217,27,62,14,1,0,78,20,3,3,3,1,46,19,0,2,5,0.286,0.347,0.359,0.706,125,0.073,0.360,26.9%,19.0%,7.9%,0.41,19,4,R,"<img src=""https://www.yakyucosmo.com/wp-content/uploads/2025/04/Tigers.jpg"" alt="""" width=""10"" height=""10"" class=""alignnone size-full wp-image-6224"" />",<a href=https://npb.jp/bis/eng/teams/index_t.html>Hanshin</a>,WL
,<a href=https://npb.jp/bis/eng/players/41845155.html>Maekawa Seita</a>,61,220,189,20,53,7,2,0,64,20,2,1,7,4,17,20,0,0,8,0.280,0.343,0.339,0.682,109,0.059,0.301,16.8%,7.7%,9.1%,1.18,22,4,R,"<img src=""https://www.yakyucosmo.com/wp-content/uploads/2025/04/Carp.jpg"" alt="""" width=""10"" height=""10"" class=""alignnone size-full wp-image-6223"" />",<a href=https://npb.jp/bis/eng/teams/index_c.html>Hiroshima</a>,WL
,<a href=https://npb.jp/bis/eng/players/31335159.html>Inoue Kento</a>,58,252,229,29,61,9,3,8,100,40,5,3,2,4,42,13,0,4,2,0.266,0.312,0.437,0.749,125,0.171,0.290,25.0%,16.7%,5.2%,0.31,25,5,L,"<img src=""https://www.yakyucosmo.com/wp-content/uploads/2025/04/BayStars.jpg"" alt="""" width=""10"" height=""10"" class=""alignnone size-full wp-image-6228"" />",<a href=https://npb.jp/bis/eng/teams/index_db.html>DeNA</a>,EL
,<a href=https://npb.jp/bis/eng/players/21525150.html>Kato Hibiki</a>,70,283,257,30,60,16,0,4,88,27,3,4,3,1,37,21,0,1,3,0.233,0.293,0.342,0.635,92,0.109,0.258,21.9%,13.1%,7.4%,0.57,23,UTL,R,"<img src=""https://www.yakyucosmo.com/wp-content/uploads/2025/04/BayStars.jpg"" alt="""" width=""10"" height=""10"" class=""alignnone size-full wp-image-6228"" />",<a href=https://npb.jp/bis/eng/teams/index_db.html>DeNA</a>,EL
,<a href=https://npb.jp/bis/eng/players/41545138.html>Katsumata Atsushi</a>,60,229,218,25,57,9,1,3,77,19,4,1,0,1,26,8,0,2,8,0.261,0.293,0.353,0.646,95,0.092,0.284,16.2%,11.4%,3.5%,0.31,25,7,L,"<img src=""https://www.yakyucosmo.com/wp-content/uploads/2025/04/BayStars.jpg"" alt="""" width=""10"" height=""10"" class=""alignnone size-full wp-image-6228"" />",<a href=https://npb.jp/bis/eng/teams/index_db.html>DeNA</a>,EL
,<a href=https://npb.jp/bis/eng/players/31935139.html>Sekine Taiki</a>,61,247,216,19,58,9,1,1,72,24,8,3,11,2,17,17,0,1,3,0.269,0.322,0.333,0.655,98,0.064,0.285,14.2%,6.9%,6.9%,1.00,30,8,L,"<img src=""https://www.yakyucosmo.com/wp-content/uploads/2025/04/BayStars.jpg"" alt="""" width=""10"" height=""10"" class=""alignnone size-full wp-image-6228"" />",<a href=https://npb.jp/bis/eng/teams/index_db.html>DeNA</a>,EL
,<a href=https://npb.jp/bis/eng/players/13015153.html>Tima Julian</a>,65,238,226,23,47,12,0,6,77,26,0,0,0,2,50,10,0,0,9,0.208,0.239,0.341,0.580,71,0.133,0.238,27.7%,21.0%,4.2%,0.20,20,3,R,"<img src=""https://www.yakyucosmo.com/wp-content/uploads/2025/04/Giants.jpg"" alt="""" width=""10"" height=""10"" class=""alignnone size-full wp-image-6227"" />",<a href=https://npb.jp/bis/eng/teams/index_g.html>Yomiuri</a>,EL
,<a href=https://npb.jp/bis/eng/players/11615157.html>Hashimoto Seiya</a>,57,215,197,21,49,10,2,0,63,24,4,4,1,2,24,15,0,0,7,0.249,0.299,0.320,0.619,89,0.071,0.280,18.1%,11.2%,7.0%,0.62,24,7,L,"<img src=""https://www.yakyucosmo.com/wp-content/uploads/2025/04/Swallows.jpg"" alt="""" width=""10"" height=""10"" class=""alignnone size-full wp-image-6226"" />",<a href=https://npb.jp/bis/eng/teams/index_s.html>Yakult</a>,EL
,<a href=https://npb.jp/bis/eng/players/01505157.html>Kitamura Keigo</a>,65,230,203,13,46,10,0,2,62,10,1,0,2,1,36,18,0,6,7,0.227,0.307,0.305,0.612,87,0.078,0.265,24.3%,15.7%,7.8%,0.50,24,UTL,R,"<img src=""https://www.yakyucosmo.com/wp-content/uploads/2025/04/Swallows.jpg"" alt="""" width=""10"" height=""10"" class=""alignnone size-full wp-image-6226"" />",<a href=https://npb.jp/bis/eng/teams/index_s.html>Yakult</a>,EL
,<a href=https://npb.jp/bis/eng/players/91495157.html>Nishimura Ruito</a>,60,213,195,18,43,10,0,2,59,15,2,6,0,2,50,16,0,0,4,0.221,0.277,0.303,0.580,77,0.082,0.283,31.9%,23.5%,7.5%,0.32,20,5,L,"<img src=""https://www.yakyucosmo.com/wp-content/uploads/2025/04/Swallows.jpg"" alt="""" width=""10"" height=""10"" class=""alignnone size-full wp-image-6226"" />",<a href=https://npb.jp/bis/eng/teams/index_s.html>Yakult</a>,EL
,<a href=https://npb.jp/bis/eng/players/71675157.html>Hama Shonosuke</a>,55,210,188,25,46,9,3,0,61,13,9,5,2,0,44,20,1,0,6,0.245,0.317,0.324,0.641,93,0.079,0.319,30.5%,21.0%,9.5%,0.45,25,8,L,"<img src=""https://www.yakyucosmo.com/wp-content/uploads/2025/04/Dragons.jpg"" alt="""" width=""10"" height=""10"" class=""alignnone size-full wp-image-6225"" />",<a href=https://npb.jp/bis/eng/teams/index_d.html>Chunichi</a>,WL
,<a href=https://npb.jp/bis/eng/players/41545159.html>Kawakami Rii</a>,71,282,230,33,56,9,1,1,70,28,13,6,0,5,62,41,0,6,4,0.243,0.365,0.304,0.669,102,0.061,0.320,36.9%,22.0%,14.5%,0.66,24,3,R,"<img src=""https://www.yakyucosmo.com/wp-content/uploads/2025/04/Dragons.jpg"" alt="""" width=""10"" height=""10"" class=""alignnone size-full wp-image-6225"" />",<a href=https://npb.jp/bis/eng/teams/index_d.html>Chunichi</a>,WL
,<a href=https://npb.jp/bis/eng/players/71375155.html>Ukai Kosuke</a>,54,226,201,31,58,15,2,5,92,32,7,2,0,0,39,20,0,5,4,0.289,0.367,0.458,0.825,147,0.169,0.338,28.3%,17.3%,8.8%,0.51,26,7,R,"<img src=""https://www.yakyucosmo.com/wp-content/uploads/2025/04/Dragons.jpg"" alt="""" width=""10"" height=""10"" class=""alignnone size-full wp-image-6225"" />",<a href=https://npb.jp/bis/eng/teams/index_d.html>Chunichi</a>,WL
,<a href=https://npb.jp/bis/eng/players/61065157.html>Chano Tokumasa</a>,72,250,227,28,69,2,1,0,73,13,17,7,4,2,23,16,0,1,1,0.304,0.350,0.322,0.672,112,0.018,0.335,15.6%,9.2%,6.4%,0.70,25,9,L,"<img src=""https://www.yakyucosmo.com/wp-content/uploads/2025/04/Buffaloes.jpg"" alt="""" width=""10"" height=""10"" class=""alignnone size-full wp-image-6222"" />",<a href=https://npb.jp/bis/eng/teams/index_b.html>ORIX</a>,WL
,<a href=https://npb.jp/bis/eng/players/91295157.html>Naito Ho</a>,71,281,254,19,62,8,1,3,81,26,0,0,0,1,40,24,1,2,11,0.244,0.313,0.319,0.632,98,0.075,0.278,23.8%,14.2%,8.5%,0.60,20,3,R,"<img src=""https://www.yakyucosmo.com/wp-content/uploads/2025/04/Buffaloes.jpg"" alt="""" width=""10"" height=""10"" class=""alignnone size-full wp-image-6222"" />",<a href=https://npb.jp/bis/eng/teams/index_b.html>ORIX</a>,WL
,<a href=https://npb.jp/bis/eng/players/83385159.html>Yokoyama Seiya</a>,61,235,217,19,43,7,1,0,52,18,4,1,0,1,57,17,0,0,4,0.198,0.255,0.240,0.495,54,0.042,0.267,31.5%,24.3%,7.2%,0.30,19,6,L,"<img src=""https://www.yakyucosmo.com/wp-content/uploads/2025/04/Buffaloes.jpg"" alt="""" width=""10"" height=""10"" class=""alignnone size-full wp-image-6222"" />",<a href=https://npb.jp/bis/eng/teams/index_b.html>ORIX</a>,WL
,<a href=https://npb.jp/bis/eng/players/23925150.html>Acevedo Stiven</a>,62,214,195,23,52,15,0,7,88,35,7,1,0,3,37,13,0,3,6,0.267,0.318,0.451,0.769,123,0.184,0.292,26.6%,17.3%,6.1%,0.35,22,7,R,"<img src=""https://www.yakyucosmo.com/wp-content/uploads/2025/04/Marines.jpg"" alt="""" width=""10"" height=""10"" class=""alignnone size-full wp-image-6240"" />",<a href=https://npb.jp/bis/eng/teams/index_m.html>Lotte</a>,EL
,<a href=https://npb.jp/bis/eng/players/53155159.html>Matsuishi Shinya</a>,63,214,185,25,43,3,1,0,48,12,3,5,12,1,37,14,0,2,4,0.232,0.292,0.259,0.551,63,0.027,0.289,23.8%,17.3%,6.5%,0.38,19,6,R,"<img src=""https://www.yakyucosmo.com/wp-content/uploads/2025/04/Marines.jpg"" alt="""" width=""10"" height=""10"" class=""alignnone size-full wp-image-6240"" />",<a href=https://npb.jp/bis/eng/teams/index_m.html>Lotte</a>,EL
,<a href=https://npb.jp/bis/eng/players/81885150.html>Miyazaki Ryusei</a>,68,259,228,39,62,10,5,4,94,32,4,0,0,1,58,26,0,4,3,0.272,0.355,0.412,0.767,123,0.140,0.347,34.0%,22.4%,10.0%,0.45,24,4,L,"<img src=""https://www.yakyucosmo.com/wp-content/uploads/2025/04/Marines.jpg"" alt="""" width=""10"" height=""10"" class=""alignnone size-full wp-image-6240"" />",<a href=https://npb.jp/bis/eng/teams/index_m.html>Lotte</a>,EL
,<a href=https://npb.jp/bis/eng/players/91895138.html>Yamaguchi Koki</a>,65,256,205,36,48,10,2,8,86,43,2,0,0,6,51,38,1,7,3,0.234,0.363,0.420,0.783,128,0.186,0.263,37.9%,19.9%,14.8%,0.75,24,UTL,R,"<img src=""https://www.yakyucosmo.com/wp-content/uploads/2025/04/Marines.jpg"" alt="""" width=""10"" height=""10"" class=""alignnone size-full wp-image-6240"" />",<a href=https://npb.jp/bis/eng/teams/index_m.html>Lotte</a>,EL
,<a href=https://npb.jp/bis/eng/players/61665159.html>Hirose Ryuta</a>,52,218,188,24,47,6,2,0,57,11,2,0,1,0,37,27,0,2,8,0.250,0.350,0.303,0.653,99,0.053,0.311,29.4%,17.0%,12.4%,0.73,24,UTL,R,"<img src=""https://www.yakyucosmo.com/wp-content/uploads/2025/04/Hawks.jpg"" alt="""" width=""10"" height=""10"" class=""alignnone size-full wp-image-6220"" /> ",<a href=https://npb.jp/bis/eng/teams/index_h.html>SoftBank</a>,WL
,<a href=https://npb.jp/bis/eng/players/11315157.html>Ikhine Itua</a>,61,232,201,22,43,5,3,2,60,21,12,5,3,1,56,24,0,3,3,0.214,0.306,0.299,0.605,84,0.085,0.285,35.3%,24.1%,10.3%,0.43,20,6,L,"<img src=""https://www.yakyucosmo.com/wp-content/uploads/2025/04/Hawks.jpg"" alt="""" width=""10"" height=""10"" class=""alignnone size-full wp-image-6220"" /> ",<a href=https://npb.jp/bis/eng/teams/index_h.html>SoftBank</a>,WL
,<a href=https://npb.jp/bis/eng/players/01305153.html>Inoue Tomoya</a>,62,262,235,31,58,11,2,2,79,33,2,0,1,3,51,18,0,5,7,0.247,0.310,0.336,0.646,97,0.089,0.303,27.1%,19.5%,6.9%,0.35,22,3,R,"<img src=""https://www.yakyucosmo.com/wp-content/uploads/2025/04/Hawks.jpg"" alt="""" width=""10"" height=""10"" class=""alignnone size-full wp-image-6220"" /> ",<a href=https://npb.jp/bis/eng/teams/index_h.html>SoftBank</a>,WL
,<a href=https://npb.jp/bis/eng/players/91095153.html>Sasagawa Yoshiyasu</a>,59,249,224,36,59,8,2,6,89,36,5,4,0,3,60,19,0,3,1,0.263,0.325,0.397,0.722,119,0.134,0.329,34.1%,24.1%,7.6%,0.32,23,7,L,"<img src=""https://www.yakyucosmo.com/wp-content/uploads/2025/04/Hawks.jpg"" alt="""" width=""10"" height=""10"" class=""alignnone size-full wp-image-6220"" /> ",<a href=https://npb.jp/bis/eng/teams/index_h.html>SoftBank</a>,WL
,<a href=https://npb.jp/bis/eng/players/01205150.html>Shoji Yudai</a>,58,232,202,23,43,5,0,0,48,17,7,3,4,2,46,23,0,1,3,0.213,0.294,0.238,0.532,62,0.025,0.272,29.7%,19.8%,9.9%,0.50,22,6,L,"<img src=""https://www.yakyucosmo.com/wp-content/uploads/2025/04/Hawks.jpg"" alt="""" width=""10"" height=""10"" class=""alignnone size-full wp-image-6220"" /> ",<a href=https://npb.jp/bis/eng/teams/index_h.html>SoftBank</a>,WL
,<a href=https://npb.jp/bis/eng/players/41345153.html>Irie Daiki</a>,65,255,241,26,63,7,1,2,78,23,3,1,2,4,33,6,0,2,7,0.261,0.281,0.324,0.605,83,0.063,0.290,16.1%,12.9%,2.4%,0.18,23,4,R,"<img src=""https://www.yakyucosmo.com/wp-content/uploads/2025/04/Eagles.jpg"" alt="""" width=""10"" height=""10"" class=""alignnone size-full wp-image-6218"" />",<a href=https://npb.jp/bis/eng/teams/index_e.html>Rakuten</a>,EL
,<a href=https://npb.jp/bis/eng/players/43545155.html>Yoshino Soshi</a>,67,256,233,31,59,18,3,2,89,20,2,0,0,3,60,15,0,5,8,0.253,0.309,0.382,0.691,109,0.129,0.328,30.1%,23.4%,5.9%,0.25,21,8,R,"<img src=""https://www.yakyucosmo.com/wp-content/uploads/2025/04/Eagles.jpg"" alt="""" width=""10"" height=""10"" class=""alignnone size-full wp-image-6218"" />",<a href=https://npb.jp/bis/eng/teams/index_e.html>Rakuten</a>,EL
,<a href=https://npb.jp/bis/eng/players/03305150.html>Yoshinoh Tsubasa</a>,62,224,198,24,44,7,1,2,59,17,2,0,0,1,56,22,0,3,5,0.222,0.308,0.298,0.606,84,0.076,0.298,35.7%,25.0%,9.8%,0.39,22,9,L,"<img src=""https://www.yakyucosmo.com/wp-content/uploads/2025/04/Eagles.jpg"" alt="""" width=""10"" height=""10"" class=""alignnone size-full wp-image-6218"" />",<a href=https://npb.jp/bis/eng/teams/index_e.html>Rakuten</a>,EL
,<a href=https://npb.jp/bis/eng/players/61665157.html>Hiruma Takuya</a>,53,206,184,21,47,9,1,2,64,13,6,0,3,0,37,17,0,2,3,0.255,0.325,0.348,0.673,98,0.093,0.310,27.2%,18.0%,8.3%,0.46,24,9,L,"<img src=""https://www.yakyucosmo.com/wp-content/uploads/2025/04/Lions.jpg"" alt="""" width=""10"" height=""10"" class=""alignnone size-full wp-image-6219"" />",<a href=https://npb.jp/bis/eng/teams/index_l.html>Seibu</a>,EL
,<a href=https://npb.jp/bis/eng/players/93395159.html>Murata Reon</a>,72,288,268,27,74,22,0,4,108,27,1,0,0,3,62,14,0,3,10,0.276,0.316,0.403,0.719,111,0.127,0.341,27.8%,21.5%,4.9%,0.23,23,3,R,"<img src=""https://www.yakyucosmo.com/wp-content/uploads/2025/04/Lions.jpg"" alt="""" width=""10"" height=""10"" class=""alignnone size-full wp-image-6219"" />",<a href=https://npb.jp/bis/eng/teams/index_l.html>Seibu</a>,EL
,<a href=https://npb.jp/bis/eng/players/01105155.html>Arizono Naoki</a>,64,255,223,43,63,9,3,12,114,43,1,0,0,2,55,28,1,2,9,0.283,0.365,0.511,0.876,153,0.228,0.323,37.3%,21.6%,11.0%,0.51,22,5,R,"<img src=""https://www.yakyucosmo.com/wp-content/uploads/2025/04/Fighters.jpg"" alt="""" width=""10"" height=""10"" class=""alignnone size-full wp-image-6217"" />",<a href=https://npb.jp/bis/eng/teams/index_f.html>Nipponham</a>,EL
,Chinen Taisei,76,309,292,47,85,11,5,8,130,41,4,6,0,2,36,13,0,2,2,0.291,0.324,0.445,0.769,145,0.154,0.308,18.4%,11.7%,4.2%,0.36,25,8,L,"<img src=""https://www.yakyucosmo.com/wp-content/uploads/2025/04/Albirex.jpg"" alt="""" width=""10"" height=""10"" class=""alignnone size-full wp-image-6298"" />",<a href=https://www.niigata-albirex-bc.jp/>Oisix</a>,EL
,Konishi Keiji,66,211,191,13,34,8,1,2,50,17,0,0,9,2,61,6,0,3,6,0.178,0.213,0.262,0.475,48,0.084,0.246,32.7%,28.9%,2.8%,0.10,27,3,R,"<img src=""https://www.yakyucosmo.com/wp-content/uploads/2025/04/Albirex.jpg"" alt="""" width=""10"" height=""10"" class=""alignnone size-full wp-image-6298"" />",<a href=https://www.niigata-albirex-bc.jp/>Oisix</a>,EL
,Okawa Yodai,68,288,262,28,76,17,3,5,114,34,0,0,0,0,54,23,0,3,8,0.290,0.354,0.435,0.789,152,0.145,0.350,28.5%,18.8%,8.0%,0.43,25,7,R,"<img src=""https://www.yakyucosmo.com/wp-content/uploads/2025/04/Albirex.jpg"" alt="""" width=""10"" height=""10"" class=""alignnone size-full wp-image-6298"" />",<a href=https://www.niigata-albirex-bc.jp/>Oisix</a>,EL
,Sonobe Keita,68,265,246,24,66,7,1,1,78,22,4,0,2,1,43,11,0,5,5,0.268,0.312,0.317,0.629,100,0.049,0.320,20.8%,16.2%,4.2%,0.26,25,5,R,"<img src=""https://www.yakyucosmo.com/wp-content/uploads/2025/04/Albirex.jpg"" alt="""" width=""10"" height=""10"" class=""alignnone size-full wp-image-6298"" />",<a href=https://www.niigata-albirex-bc.jp/>Oisix</a>,EL
,Takayama Shun,60,241,207,16,60,6,0,0,66,23,0,0,0,2,29,32,0,0,9,0.290,0.382,0.319,0.701,124,0.029,0.333,25.3%,12.0%,13.3%,1.10,32,DH,L,"<img src=""https://www.yakyucosmo.com/wp-content/uploads/2025/04/Albirex.jpg"" alt="""" width=""10"" height=""10"" class=""alignnone size-full wp-image-6298"" />",<a href=https://www.niigata-albirex-bc.jp/>Oisix</a>,EL
,Kuramoto Toshihiko,71,277,254,17,71,7,2,0,82,25,2,0,0,2,35,17,0,4,7,0.280,0.332,0.323,0.655,94,0.043,0.321,18.8%,12.6%,6.1%,0.49,34,5,L,"<img src=""https://www.yakyucosmo.com/wp-content/uploads/2025/04/Ventures.jpg"" alt="""" width=""10"" height=""10"" class=""alignnone size-full wp-image-6297"" />",<a href=https://hayateventures.jp/>HAYATE</a>,WL
,Masuda Shoma,56,224,199,19,53,9,0,0,62,15,4,8,6,1,32,15,0,3,2,0.266,0.326,0.312,0.638,89,0.046,0.315,21.0%,14.3%,6.7%,0.47,27,9,R,"<img src=""https://www.yakyucosmo.com/wp-content/uploads/2025/04/Ventures.jpg"" alt="""" width=""10"" height=""10"" class=""alignnone size-full wp-image-6297"" />",<a href=https://hayateventures.jp/>HAYATE</a>,WL
,Nakamura Raiya,75,299,268,27,63,9,2,2,82,21,0,0,3,2,51,20,0,6,7,0.235,0.301,0.306,0.607,80,0.071,0.281,24.4%,17.1%,6.7%,0.39,25,6,L,"<img src=""https://www.yakyucosmo.com/wp-content/uploads/2025/04/Ventures.jpg"" alt="""" width=""10"" height=""10"" class=""alignnone size-full wp-image-6297"" />",<a href=https://hayateventures.jp/>HAYATE</a>,WL
,Nishikawa Ryosuke,57,205,189,12,37,8,1,1,50,17,0,0,1,2,45,10,0,3,9,0.196,0.245,0.265,0.510,52,0.069,0.248,27.3%,22.0%,4.9%,0.22,23,3,R,"<img src=""https://www.yakyucosmo.com/wp-content/uploads/2025/04/Ventures.jpg"" alt="""" width=""10"" height=""10"" class=""alignnone size-full wp-image-6297"" />",<a href=https://hayateventures.jp/>HAYATE</a>,WL
,Shinohara Reo,67,264,240,18,52,11,0,0,63,16,9,8,7,0,53,11,0,6,3,0.217,0.268,0.263,0.531,58,0.046,0.278,24.2%,20.1%,4.2%,0.21,24,8,R,"<img src=""https://www.yakyucosmo.com/wp-content/uploads/2025/04/Ventures.jpg"" alt="""" width=""10"" height=""10"" class=""alignnone size-full wp-image-6297"" />",<a href=https://hayateventures.jp/>HAYATE</a>,WL
,Suzuki Shohei,69,289,268,22,77,8,1,1,90,18,7,1,2,3,27,15,0,1,3,0.287,0.324,0.336,0.660,95,0.049,0.313,14.9%,9.3%,5.2%,0.56,27,7,L,"<img src=""https://www.yakyucosmo.com/wp-content/uploads/2025/04/Ventures.jpg"" alt="""" width=""10"" height=""10"" class=""alignnone size-full wp-image-6297"" />",<a href=https://hayateventures.jp/>HAYATE</a>,WL
,Watsuji Daiki,73,257,238,22,65,2,1,1,72,13,2,2,4,1,24,14,1,0,3,0.273,0.312,0.303,0.615,82,0.030,0.299,15.2%,9.3%,5.4%,0.58,25,4,L,"<img src=""https://www.yakyucosmo.com/wp-content/uploads/2025/04/Ventures.jpg"" alt="""" width=""10"" height=""10"" class=""alignnone size-full wp-image-6297"" />",<a href=https://hayateventures.jp/>HAYATE</a>,WL
