#,,Team,G,W,L,T,PCT,GB,RS,RA,Diff,XPCT,Home,Road,vs M,vs G,vs F,vs L,vs E,vs S,vs DB,vs A,Inter
,"<img src=""https://www.yakyucosmo.com/wp-content/uploads/2025/04/Marines.jpg"" alt="""" width=""10"" height=""10"" class=""alignnone size-full wp-image-6240"" />",<a href=https://npb.jp/bis/eng/teams/index_m.html>Lotte Marines</a>,21,17,2,2,0.895,--,112,57,55,0.775,8-2(1),9-0(1),--,3-0,0-0(1),4-0(1),5-1,1-0,2-1,2-0,--
,"<img src=""https://www.yakyucosmo.com/wp-content/uploads/2025/04/Giants.jpg"" alt="""" width=""10"" height=""10"" class=""alignnone size-full wp-image-6227"" />",<a href=https://npb.jp/bis/eng/teams/index_g.html>Yomiuri Giants</a>,22,13,9,0,0.591,5.5,107,71,36,0.679,3-5,10-4,0-3,--,2-1,1-1,0-1,2-1,3-1,3-0,2-1
,"<img src=""https://www.yakyucosmo.com/wp-content/uploads/2025/04/Fighters.jpg"" alt="""" width=""10"" height=""10"" class=""alignnone size-full wp-image-6217"" />",<a href=https://npb.jp/bis/eng/teams/index_f.html>Nipponham Fighters</a>,20,11,8,1,0.579,6.0,60,59,1,0.508,5-5(1),6-3,0-0(1),1-2,--,1-3,3-0,2-1,4-0,0-2,--
,"<img src=""https://www.yakyucosmo.com/wp-content/uploads/2025/04/Lions.jpg"" alt="""" width=""10"" height=""10"" class=""alignnone size-full wp-image-6219"" />",<a href=https://npb.jp/bis/eng/teams/index_l.html>Seibu Lions</a>,21,10,10,1,0.500,7.5,66,68,-2,0.486,3-5,7-5(1),0-4(1),1-1,3-1,--,--,2-0,2-1,2-3,--
,"<img src=""https://www.yakyucosmo.com/wp-content/uploads/2025/04/Eagles.jpg"" alt="""" width=""10"" height=""10"" class=""alignnone size-full wp-image-6218"" />",<a href=https://npb.jp/bis/eng/teams/index_e.html>Rakuten Eagles</a>,22,9,13,0,0.409,9.5,65,87,-22,0.370,6-8,3-5,1-5,1-0,0-3,--,--,2-3,1-1,4-1,--
,"<img src=""https://www.yakyucosmo.com/wp-content/uploads/2025/04/Swallows.jpg"" alt="""" width=""10"" height=""10"" class=""alignnone size-full wp-image-6226"" />",<a href=https://npb.jp/bis/eng/teams/index_s.html>Yakult Swallows</a>,20,7,12,1,0.368,10.0,52,66,-14,0.393,4-7,3-5(1),0-1,1-2,1-2,0-2,3-2,--,1-2(1),1-1,--
,"<img src=""https://www.yakyucosmo.com/wp-content/uploads/2025/04/BayStars.jpg"" alt="""" width=""10"" height=""10"" class=""alignnone size-full wp-image-6228"" />",<a href=https://npb.jp/bis/eng/teams/index_db.html>DeNA BayStars</a>,21,7,13,1,0.350,10.5,83,94,-11,0.443,2-7(1),5-6,1-2,1-3,0-4,1-2,1-1,2-1(1),--,1-0,--
,"<img src=""https://www.yakyucosmo.com/wp-content/uploads/2025/04/Albirex.jpg"" alt="""" width=""10"" height=""10"" class=""alignnone size-full wp-image-6298"" />",<a href=https://www.niigata-albirex-bc.jp/>Oisix Albirex</a>,20,7,13,0,0.350,10.5,53,84,-31,0.301,6-3,1-10,0-2,0-3,2-0,3-2,1-4,1-1,0-1,--,--
