#,,Team,G,W,L,T,PCT,GB,RS,RA,Diff,XPCT,Home,Road,vs M,vs G,vs F,vs L,vs E,vs DB,vs S,vs A,Inter
,"<img src=""https://www.yakyucosmo.com/wp-content/uploads/2025/04/Marines.jpg"" alt="""" width=""10"" height=""10"" class=""alignnone size-full wp-image-6240"" />",<a href=https://npb.jp/bis/eng/teams/index_m.html>Lotte Marines</a>,25,20,3,2,0.870,--,129,70,59,0.754,10-3(1),10-0(1),--,3-0,0-0(1),4-0(1),5-1,2-1,3-1,3-0,--
,"<img src=""https://www.yakyucosmo.com/wp-content/uploads/2025/04/Giants.jpg"" alt="""" width=""10"" height=""10"" class=""alignnone size-full wp-image-6227"" />",<a href=https://npb.jp/bis/eng/teams/index_g.html>Yomiuri Giants</a>,26,16,10,0,0.615,5.5,121,85,36,0.656,5-6,11-4,0-3,--,2-1,3-2,1-1,3-1,2-1,3-0,2-1
,"<img src=""https://www.yakyucosmo.com/wp-content/uploads/2025/04/Fighters.jpg"" alt="""" width=""10"" height=""10"" class=""alignnone size-full wp-image-6217"" />",<a href=https://npb.jp/bis/eng/teams/index_f.html>Nipponham Fighters</a>,24,14,9,1,0.609,6.0,74,75,-1,0.494,7-6(1),7-3,0-0(1),1-2,--,1-3,3-0,4-0,3-1,2-3,--
,"<img src=""https://www.yakyucosmo.com/wp-content/uploads/2025/04/Lions.jpg"" alt="""" width=""10"" height=""10"" class=""alignnone size-full wp-image-6219"" />",<a href=https://npb.jp/bis/eng/teams/index_l.html>Seibu Lions</a>,25,12,12,1,0.500,8.5,80,80,0,0.500,4-5,8-7(1),0-4(1),2-3,3-1,--,--,3-1,2-0,2-3,--
,"<img src=""https://www.yakyucosmo.com/wp-content/uploads/2025/04/Eagles.jpg"" alt="""" width=""10"" height=""10"" class=""alignnone size-full wp-image-6218"" />",<a href=https://npb.jp/bis/eng/teams/index_e.html>Rakuten Eagles</a>,26,10,16,0,0.385,11.5,68,94,-26,0.356,6-9,4-7,1-5,1-1,0-3,--,--,2-3,2-3,4-1,--
,"<img src=""https://www.yakyucosmo.com/wp-content/uploads/2025/04/BayStars.jpg"" alt="""" width=""10"" height=""10"" class=""alignnone size-full wp-image-6228"" />",<a href=https://npb.jp/bis/eng/teams/index_db.html>DeNA BayStars</a>,25,9,15,1,0.375,11.5,88,97,-9,0.456,4-8(1),5-7,1-2,1-3,0-4,1-3,3-2,--,2-1(1),1-0,--
,"<img src=""https://www.yakyucosmo.com/wp-content/uploads/2025/04/Swallows.jpg"" alt="""" width=""10"" height=""10"" class=""alignnone size-full wp-image-6226"" />",<a href=https://npb.jp/bis/eng/teams/index_s.html>Yakult Swallows</a>,24,8,15,1,0.348,12.0,61,80,-19,0.378,4-8,4-7(1),1-3,1-2,1-3,0-2,3-2,1-2(1),--,1-1,--
,"<img src=""https://www.yakyucosmo.com/wp-content/uploads/2025/04/Albirex.jpg"" alt="""" width=""10"" height=""10"" class=""alignnone size-full wp-image-6298"" />",<a href=https://www.niigata-albirex-bc.jp/>Oisix Albirex</a>,24,8,16,0,0.333,12.5,73,101,-28,0.356,6-4,2-12,0-3,0-3,3-2,3-2,1-4,0-1,1-1,--,--
