#,,Team,W,L,SV,CG,SHO,BF,IP,H,HR,SO,BB,IBB,HB,WP,R,ER,ERA,FIP,kwERA,WHIP,ERA+,FIP-,kwERA-,Diff,HR%,K%,BB%,K-BB%,League
,"<img src=""https://www.yakyucosmo.com/wp-content/uploads/2025/04/Tigers.jpg"" alt="""" width=""10"" height=""10"" class=""alignnone size-full wp-image-6224"" />",<a href=https://npb.jp/bis/eng/teams/index_t.html>Hanshin Tigers</a>,41,36,19,0,0,3138,741.2,644,23,612,288,1,43,55,299,257,3.12,3.64,3.77,1.26,94,105,97.9,-0.52,0.7%,19.5%,9.2%,10.3%,WL
,"<img src=""https://www.yakyucosmo.com/wp-content/uploads/2025/04/Carp.jpg"" alt="""" width=""10"" height=""10"" class=""alignnone size-full wp-image-6223"" />",<a href=https://npb.jp/bis/eng/teams/index_c.html>Hiroshima Carp</a>,34,44,18,0,0,3210,721.0,738,25,545,285,0,45,56,370,302,3.77,3.86,3.99,1.42,84,103,103.6,-0.09,0.8%,17.0%,8.9%,8.1%,WL
,"<img src=""https://www.yakyucosmo.com/wp-content/uploads/2025/04/BayStars.jpg"" alt="""" width=""10"" height=""10"" class=""alignnone size-full wp-image-6228"" />",<a href=https://npb.jp/bis/eng/teams/index_db.html>DeNA BayStars</a>,35,47,18,1,1,3189,731.2,705,47,602,280,2,40,28,371,300,3.69,4.05,3.79,1.35,88,106,98.4,-0.36,1.5%,18.9%,8.8%,10.1%,EL
,"<img src=""https://www.yakyucosmo.com/wp-content/uploads/2025/04/Giants.jpg"" alt="""" width=""10"" height=""10"" class=""alignnone size-full wp-image-6227"" />",<a href=https://npb.jp/bis/eng/teams/index_g.html>Yomiuri Giants</a>,48,30,23,2,0,2842,693.1,610,33,536,184,0,30,21,240,210,2.73,3.55,3.56,1.15,125,88,92.5,-0.82,1.2%,18.9%,6.5%,12.4%,EL
,"<img src=""https://www.yakyucosmo.com/wp-content/uploads/2025/04/Swallows.jpg"" alt="""" width=""10"" height=""10"" class=""alignnone size-full wp-image-6226"" />",<a href=https://npb.jp/bis/eng/teams/index_s.html>Yakult Swallows</a>,22,53,19,0,0,2859,666.1,650,42,475,247,1,31,51,303,258,3.48,4.20,4.00,1.35,91,112,104.0,-0.71,1.5%,16.6%,8.6%,8.0%,EL
,"<img src=""https://www.yakyucosmo.com/wp-content/uploads/2025/04/Dragons.jpg"" alt="""" width=""10"" height=""10"" class=""alignnone size-full wp-image-6225"" />",<a href=https://npb.jp/bis/eng/teams/index_d.html>Chunichi Dragons</a>,44,26,27,0,0,2705,654.1,556,20,455,218,1,26,29,220,190,2.61,3.68,3.92,1.18,125,95,101.9,-1.06,0.7%,16.8%,8.1%,8.8%,WL
,"<img src=""https://www.yakyucosmo.com/wp-content/uploads/2025/04/Buffaloes.jpg"" alt="""" width=""10"" height=""10"" class=""alignnone size-full wp-image-6222"" />",<a href=https://npb.jp/bis/eng/teams/index_b.html>ORIX Buffaloes</a>,40,33,18,1,1,3108,741.1,656,31,572,255,4,34,31,268,224,2.72,3.72,3.78,1.23,110,105,98.2,-1.00,1.0%,18.4%,8.2%,10.2%,WL
,"<img src=""https://www.yakyucosmo.com/wp-content/uploads/2025/04/Marines.jpg"" alt="""" width=""10"" height=""10"" class=""alignnone size-full wp-image-6240"" />",<a href=https://npb.jp/bis/eng/teams/index_m.html>Lotte Marines</a>,48,28,18,0,0,2905,700.1,641,29,529,192,1,27,29,267,223,2.87,3.52,3.64,1.19,120,86,94.5,-0.65,1.0%,18.2%,6.6%,11.6%,EL
,"<img src=""https://www.yakyucosmo.com/wp-content/uploads/2025/04/Hawks.jpg"" alt="""" width=""10"" height=""10"" class=""alignnone size-full wp-image-6220"" /> ",<a href=https://npb.jp/bis/eng/teams/index_h.html>SoftBank Hawks</a>,43,32,22,1,1,2870,694.2,605,20,532,219,2,29,26,262,209,2.71,3.46,3.71,1.19,118,92,96.3,-0.76,0.7%,18.5%,7.6%,10.9%,WL
,"<img src=""https://www.yakyucosmo.com/wp-content/uploads/2025/04/Eagles.jpg"" alt="""" width=""10"" height=""10"" class=""alignnone size-full wp-image-6218"" />",<a href=https://npb.jp/bis/eng/teams/index_e.html>Rakuten Eagles</a>,39,41,28,1,0,3072,720.0,699,29,537,259,0,33,30,324,282,3.53,3.80,3.90,1.33,91,100,101.2,-0.27,0.9%,17.5%,8.4%,9.0%,EL
,"<img src=""https://www.yakyucosmo.com/wp-content/uploads/2025/04/Lions.jpg"" alt="""" width=""10"" height=""10"" class=""alignnone size-full wp-image-6219"" />",<a href=https://npb.jp/bis/eng/teams/index_l.html>Seibu Lions</a>,46,29,27,0,0,2795,676.1,603,34,514,206,5,26,18,250,200,2.66,3.71,3.70,1.20,128,92,96.0,-1.05,1.2%,18.4%,7.4%,11.0%,EL
,"<img src=""https://www.yakyucosmo.com/wp-content/uploads/2025/04/Fighters.jpg"" alt="""" width=""10"" height=""10"" class=""alignnone size-full wp-image-6217"" />",<a href=https://npb.jp/bis/eng/teams/index_f.html>Nipponham Fighters</a>,39,34,24,1,0,2749,648.0,578,34,586,240,0,27,25,267,218,3.03,3.66,3.54,1.26,115,89,92.0,-0.63,1.2%,21.3%,8.7%,12.6%,EL
,"<img src=""https://www.yakyucosmo.com/wp-content/uploads/2025/04/Albirex.jpg"" alt="""" width=""10"" height=""10"" class=""alignnone size-full wp-image-6298"" />",<a href=https://www.niigata-albirex-bc.jp/>Oisix Albirex</a>,29,48,20,1,1,3001,672.2,776,46,459,242,1,17,32,394,313,4.19,4.23,4.08,1.51,70,122,105.9,-0.04,1.5%,15.3%,8.1%,7.2%,EL
,"<img src=""https://www.yakyucosmo.com/wp-content/uploads/2025/04/Ventures.jpg"" alt="""" width=""10"" height=""10"" class=""alignnone size-full wp-image-6297"" />",<a href=https://hayateventures.jp/>HAYATE Ventures</a>,24,51,19,1,0,2943,658.1,715,23,406,314,2,32,25,346,298,4.07,4.35,4.49,1.56,84,108,116.6,-0.27,0.8%,13.8%,10.7%,3.1%,WL
,,League Average,38,38,21,1,0,2956,694.1,655,31,526,245,1,31,33,299,249,3.23,3.82,3.85,1.30,103,100,99.9,-0.59,1.1%,17.8%,8.3%,9.5%,
