#,Team,G,W,L,T,PCT,GB,RS,RA,Diff,XPCT,Home,Road,vs D,vs H,vs T,vs B,vs C,vs V
,<a href=https://npb.jp/bis/eng/teams/index_d.html>Chunichi Dragons</a>,12,9,2,1,0.818,--,53,33,20,0.704,4-2(1),5-0,--,2-0,2-1,1-1(1),1-0,3-0
,<a href=https://npb.jp/bis/eng/teams/index_h.html>SoftBank Hawks</a>,13,8,5,0,0.615,2.0,71,29,42,0.837,4-3,4-2,0-2,--,1-2,2-0,3-0,2-1
,<a href=https://npb.jp/bis/eng/teams/index_t.html>Hanshin Tigers</a>,13,6,6,1,0.500,3.5,35,47,-12,0.368,4-3,2-3(1),1-2,2-1,--,1-1(1),1-1,1-1
,<a href=https://npb.jp/bis/eng/teams/index_b.html>ORIX Buffaloes</a>,13,4,7,2,0.364,5.0,32,41,-9,0.389,2-3(1),2-4(1),1-1(1),0-2,1-1(1),--,1-2,1-1
,<a href=https://npb.jp/bis/eng/teams/index_c.html>Hiroshima Carp</a>,11,4,7,0,0.364,5.0,26,43,-17,0.285,1-4,3-3,0-1,0-3,1-1,2-1,--,1-1
,HAYATE Ventures,12,4,8,0,0.333,5.5,0,0,0,nan,1-4,3-4,0-3,1-2,1-1,1-1,1-1,--
