#,,Team,G,W,L,T,PCT,GB,RS,RA,Diff,XPCT,Home,Road,vs D,vs H,vs B,vs T,vs C,vs V,Inter
,"<img src=""https://www.yakyucosmo.com/wp-content/uploads/2025/04/Dragons.jpg"" alt="""" width=""10"" height=""10"" class=""alignnone size-full wp-image-6225"" />",<a href=https://npb.jp/bis/eng/teams/index_d.html>Chunichi Dragons</a>,66,38,24,4,0.613,--,279,196,83,0.656,20-9(1),18-15(3),--,7-3,5-5(2),10-7(2),8-8,8-1,--
,"<img src=""https://www.yakyucosmo.com/wp-content/uploads/2025/04/Hawks.jpg"" alt="""" width=""10"" height=""10"" class=""alignnone size-full wp-image-6220"" /> ",<a href=https://npb.jp/bis/eng/teams/index_h.html>SoftBank Hawks</a>,72,39,30,3,0.565,2.5,304,242,62,0.603,23-17(1),16-13(2),3-7,--,8-9(2),7-9,10-2(1),9-3,2-0
,"<img src=""https://www.yakyucosmo.com/wp-content/uploads/2025/04/Buffaloes.jpg"" alt="""" width=""10"" height=""10"" class=""alignnone size-full wp-image-6222"" />",<a href=https://npb.jp/bis/eng/teams/index_b.html>ORIX Buffaloes</a>,74,36,28,10,0.563,3.0,274,230,44,0.579,20-15(4),16-13(6),5-5(2),9-8(2),--,4-3(3),6-9(2),11-3(1),1-0
,"<img src=""https://www.yakyucosmo.com/wp-content/uploads/2025/04/Tigers.jpg"" alt="""" width=""10"" height=""10"" class=""alignnone size-full wp-image-6224"" />",<a href=https://npb.jp/bis/eng/teams/index_t.html>Hanshin Tigers</a>,75,36,33,6,0.522,5.5,271,271,0,0.500,18-16(5),18-17(1),7-10(2),9-7,3-4(3),--,7-6(1),8-5,2-1
,"<img src=""https://www.yakyucosmo.com/wp-content/uploads/2025/04/Carp.jpg"" alt="""" width=""10"" height=""10"" class=""alignnone size-full wp-image-6223"" />",<a href=https://npb.jp/bis/eng/teams/index_c.html>Hiroshima Carp</a>,73,32,37,4,0.464,9.5,256,312,-56,0.410,16-18(2),16-19(2),8-8,2-10(1),9-6(2),6-7(1),--,7-6,--
,"<img src=""https://www.yakyucosmo.com/wp-content/uploads/2025/04/Ventures.jpg"" alt="""" width=""10"" height=""10"" class=""alignnone size-full wp-image-6297"" />",<a href=https://hayateventures.jp/>HAYATE Ventures</a>,69,21,47,1,0.309,20.0,174,313,-139,0.255,11-18(1),10-29,1-8,3-9,3-11(1),5-8,6-7,--,3-4
