#,,Team,G,W,L,T,PCT,GB,RS,RA,Diff,XPCT,Home,Road,vs D,vs H,vs B,vs T,vs C,vs V,Inter
,"<img src=""https://www.yakyucosmo.com/wp-content/uploads/2025/04/Dragons.jpg"" alt="""" width=""10"" height=""10"" class=""alignnone size-full wp-image-6225"" />",<a href=https://npb.jp/bis/eng/teams/index_d.html>Chunichi Dragons</a>,59,36,19,4,0.655,--,263,176,87,0.676,18-8(1),18-11(3),--,7-2,5-5(2),9-4(2),7-7,8-1,--
,"<img src=""https://www.yakyucosmo.com/wp-content/uploads/2025/04/Hawks.jpg"" alt="""" width=""10"" height=""10"" class=""alignnone size-full wp-image-6220"" /> ",<a href=https://npb.jp/bis/eng/teams/index_h.html>SoftBank Hawks</a>,62,33,27,2,0.550,5.5,268,218,50,0.593,19-16(1),14-11(1),2-7,--,8-7(1),5-8,8-2(1),8-3,2-0
,"<img src=""https://www.yakyucosmo.com/wp-content/uploads/2025/04/Buffaloes.jpg"" alt="""" width=""10"" height=""10"" class=""alignnone size-full wp-image-6222"" />",<a href=https://npb.jp/bis/eng/teams/index_b.html>ORIX Buffaloes</a>,67,32,27,8,0.542,6.0,247,211,36,0.572,18-14(3),14-13(5),5-5(2),7-8(1),--,4-3(3),5-8(2),10-3,1-0
,"<img src=""https://www.yakyucosmo.com/wp-content/uploads/2025/04/Tigers.jpg"" alt="""" width=""10"" height=""10"" class=""alignnone size-full wp-image-6224"" />",<a href=https://npb.jp/bis/eng/teams/index_t.html>Hanshin Tigers</a>,64,29,29,6,0.500,8.5,238,254,-16,0.470,14-16(5),15-13(1),4-9(2),8-5,3-4(3),--,7-6(1),5-4,2-1
,"<img src=""https://www.yakyucosmo.com/wp-content/uploads/2025/04/Carp.jpg"" alt="""" width=""10"" height=""10"" class=""alignnone size-full wp-image-6223"" />",<a href=https://npb.jp/bis/eng/teams/index_c.html>Hiroshima Carp</a>,64,28,32,4,0.467,10.5,212,263,-51,0.403,14-14(2),14-18(2),7-7,2-8(1),8-5(2),6-7(1),--,5-5,--
,"<img src=""https://www.yakyucosmo.com/wp-content/uploads/2025/04/Ventures.jpg"" alt="""" width=""10"" height=""10"" class=""alignnone size-full wp-image-6297"" />",<a href=https://hayateventures.jp/>HAYATE Ventures</a>,59,19,40,0,0.322,19.0,150,262,-112,0.265,10-15,9-25,1-8,3-8,3-10,4-5,5-5,--,3-4
