#,,Team,G,W,L,T,PCT,GB,RS,RA,Diff,XPCT,Home,Road,vs D,vs T,vs H,vs B,vs C,vs V,Inter
,"<img src=""https://www.yakyucosmo.com/wp-content/uploads/2025/04/Dragons.jpg"" alt="""" width=""10"" height=""10"" class=""alignnone size-full wp-image-6225"" />",<a href=https://npb.jp/bis/eng/teams/index_d.html>Chunichi Dragons</a>,24,15,7,2,0.682,--,108,69,39,0.694,7-3(1),8-4(1),--,3-2(1),4-1,2-3(1),3-1,3-0,--
,"<img src=""https://www.yakyucosmo.com/wp-content/uploads/2025/04/Tigers.jpg"" alt="""" width=""10"" height=""10"" class=""alignnone size-full wp-image-6224"" />",<a href=https://npb.jp/bis/eng/teams/index_t.html>Hanshin Tigers</a>,23,12,9,2,0.571,2.5,84,77,7,0.540,7-4(1),5-5(1),2-3(1),--,2-1,1-1(1),4-2,3-2,--
,"<img src=""https://www.yakyucosmo.com/wp-content/uploads/2025/04/Hawks.jpg"" alt="""" width=""10"" height=""10"" class=""alignnone size-full wp-image-6220"" /> ",<a href=https://npb.jp/bis/eng/teams/index_h.html>SoftBank Hawks</a>,25,14,11,0,0.560,2.5,112,73,39,0.686,7-6,7-5,1-4,1-2,--,4-3,5-0,3-2,--
,"<img src=""https://www.yakyucosmo.com/wp-content/uploads/2025/04/Buffaloes.jpg"" alt="""" width=""10"" height=""10"" class=""alignnone size-full wp-image-6222"" />",<a href=https://npb.jp/bis/eng/teams/index_b.html>ORIX Buffaloes</a>,27,12,12,3,0.500,4.0,75,80,-5,0.471,8-6(1),4-6(2),3-2(1),1-1(1),3-4,--,1-4(1),4-1,--
,"<img src=""https://www.yakyucosmo.com/wp-content/uploads/2025/04/Carp.jpg"" alt="""" width=""10"" height=""10"" class=""alignnone size-full wp-image-6223"" />",<a href=https://npb.jp/bis/eng/teams/index_c.html>Hiroshima Carp</a>,23,8,14,1,0.364,7.0,61,105,-44,0.270,5-7(1),3-7,1-3,2-4,0-5,4-1(1),--,1-1,--
,"<img src=""https://www.yakyucosmo.com/wp-content/uploads/2025/04/Ventures.jpg"" alt="""" width=""10"" height=""10"" class=""alignnone size-full wp-image-6297"" />",<a href=https://hayateventures.jp/>HAYATE Ventures</a>,23,7,16,0,0.304,8.5,53,101,-48,0.235,3-7,4-9,0-3,2-3,2-3,1-4,1-1,--,1-2
