Rank,Player,G,PA,AB,R,H,2B,3B,HR,TB,RBI,SB,CS,SH,SF,SO,BB,IBB,HP,GDP,AVG,OBP,SLG,OPS,OPS+,ISO,BABIP,TTO%,K%,BB%,BB/K,Age,Pos,B,Team,League
,<a href=https://npb.jp/bis/eng/players/33535150.html>Arnaez Jean</a>,11,37,32,3,13,3,0,0,16,3,0,0,0,0,4,5,0,0,0,0.406,0.486,0.500,0.986,207,0.094,0.464,24.3%,10.8%,13.5%,1.25,22,,R,<a href=https://npb.jp/bis/eng/teams/index_t.html>Hanshin</a>,WL
,<a href=https://npb.jp/bis/eng/players/31335151.html>Inoue Kouta</a>,11,41,39,5,8,1,0,3,18,7,0,0,0,0,12,1,0,1,1,0.205,0.244,0.462,0.706,120,0.257,0.208,39.0%,29.3%,2.4%,0.08,23,7,R,<a href=https://npb.jp/bis/eng/teams/index_t.html>Hanshin</a>,WL
,<a href=https://npb.jp/bis/eng/players/41145157.html>Itsubo Hinase</a>,12,50,45,4,10,1,0,0,11,1,0,2,1,0,2,3,0,1,2,0.222,0.286,0.244,0.530,67,0.022,0.233,10.0%,4.0%,6.0%,1.50,20,8,R,<a href=https://npb.jp/bis/eng/teams/index_t.html>Hanshin</a>,WL
,<a href=https://npb.jp/bis/eng/players/81685139.html>Watanabe Ryo</a>,10,41,36,2,8,2,0,0,10,3,0,0,0,0,5,5,1,0,1,0.222,0.317,0.278,0.595,86,0.056,0.258,24.4%,12.2%,12.2%,1.00,30,3,R,<a href=https://npb.jp/bis/eng/teams/index_t.html>Hanshin</a>,WL
,<a href=https://npb.jp/bis/eng/players/63365159.html>Yamada Shuya</a>,14,42,36,2,7,1,0,2,14,5,0,0,1,0,3,5,0,0,0,0.194,0.293,0.389,0.682,114,0.195,0.161,23.8%,7.1%,11.9%,1.67,19,6,R,<a href=https://npb.jp/bis/eng/teams/index_t.html>Hanshin</a>,WL
,<a href=https://npb.jp/bis/eng/players/41445159.html>Nakada Yuto</a>,9,34,32,2,5,1,0,0,6,1,0,0,0,0,7,2,0,0,2,0.156,0.206,0.188,0.394,26,0.032,0.200,26.5%,20.6%,5.9%,0.29,19,3,R,<a href=https://npb.jp/bis/eng/teams/index_c.html>Hiroshima</a>,WL
,<a href=https://npb.jp/bis/eng/players/71975159.html>Sato Keisuke</a>,9,34,28,0,7,0,0,0,7,2,0,0,3,0,5,3,0,0,0,0.250,0.323,0.250,0.573,84,0.000,0.304,23.5%,14.7%,8.8%,0.60,24,4,L,<a href=https://npb.jp/bis/eng/teams/index_c.html>Hiroshima</a>,WL
,<a href=https://npb.jp/bis/eng/players/51355157.html>Uchida Shodai</a>,11,43,38,1,6,0,0,0,6,1,0,0,0,0,7,4,0,1,3,0.158,0.256,0.158,0.414,33,0.000,0.194,25.6%,16.3%,9.3%,0.57,20,5,R,<a href=https://npb.jp/bis/eng/teams/index_c.html>Hiroshima</a>,WL
,<a href=https://npb.jp/bis/eng/players/91195159.html>Ishikami Taiki</a>,9,37,33,2,10,2,0,0,12,3,1,1,0,0,6,3,0,1,1,0.303,0.378,0.364,0.742,138,0.061,0.370,24.3%,16.2%,8.1%,0.50,24,4,L,<a href=https://npb.jp/bis/eng/teams/index_db.html>DeNA</a>,EL
,<a href=https://npb.jp/bis/eng/players/21525150.html>Kato Hibiki</a>,10,42,40,2,9,2,0,0,11,2,1,0,0,0,9,2,0,0,0,0.225,0.262,0.275,0.537,72,0.050,0.290,26.2%,21.4%,4.8%,0.22,23,,R,<a href=https://npb.jp/bis/eng/teams/index_db.html>DeNA</a>,EL
,<a href=https://npb.jp/bis/eng/players/41545138.html>Katsumata Atsushi</a>,10,39,38,4,11,0,1,1,16,3,1,0,0,0,6,0,0,1,1,0.289,0.308,0.421,0.729,134,0.132,0.323,17.9%,15.4%,0.0%,0.00,25,7,L,<a href=https://npb.jp/bis/eng/teams/index_db.html>DeNA</a>,EL
,<a href=https://npb.jp/bis/eng/players/91695138.html>Mashiko Kyosuke</a>,9,36,30,4,11,1,0,0,12,5,0,1,0,2,6,3,0,1,1,0.367,0.417,0.400,0.817,162,0.033,0.423,25.0%,16.7%,8.3%,0.50,24,3,R,<a href=https://npb.jp/bis/eng/teams/index_db.html>DeNA</a>,EL
,<a href=https://npb.jp/bis/eng/players/33535159.html>Watarai Ryuki</a>,8,33,29,3,10,1,0,0,11,3,1,0,0,0,2,4,0,0,1,0.345,0.424,0.379,0.803,157,0.034,0.370,18.2%,6.1%,12.1%,2.00,22,DH,L,<a href=https://npb.jp/bis/eng/teams/index_db.html>DeNA</a>,EL
,<a href=https://npb.jp/bis/eng/players/01605138.html>Masuda Riku</a>,10,36,33,4,13,0,0,0,13,7,0,0,0,1,1,1,0,1,0,0.394,0.417,0.394,0.811,163,0.000,0.394,5.6%,2.8%,2.8%,1.00,25,4,R,<a href=https://npb.jp/bis/eng/teams/index_g.html>Yomiuri</a>,EL
,<a href=https://npb.jp/bis/eng/players/51955159.html>Sasaki Shunsuke</a>,12,34,33,6,9,1,1,0,12,1,1,1,0,0,5,1,0,0,0,0.273,0.294,0.364,0.658,112,0.091,0.321,17.6%,14.7%,2.9%,0.20,25,9,L,<a href=https://npb.jp/bis/eng/teams/index_g.html>Yomiuri</a>,EL
,<a href=https://npb.jp/bis/eng/players/13015153.html>Tima Julian</a>,10,35,31,4,10,3,0,2,19,8,0,0,0,1,5,3,0,0,2,0.323,0.371,0.613,0.984,219,0.290,0.320,28.6%,14.3%,8.6%,0.60,20,3,R,<a href=https://npb.jp/bis/eng/teams/index_g.html>Yomiuri</a>,EL
,<a href=https://npb.jp/bis/eng/players/11615157.html>Hashimoto Seiya</a>,10,36,34,5,8,3,0,0,11,4,1,1,0,0,4,2,0,0,1,0.235,0.278,0.324,0.602,89,0.089,0.267,16.7%,11.1%,5.6%,0.50,24,5,L,<a href=https://npb.jp/bis/eng/teams/index_s.html>Yakult</a>,EL
,<a href=https://npb.jp/bis/eng/players/91495157.html>Nishimura Ruito</a>,8,27,25,0,3,0,0,0,3,2,0,2,0,0,6,2,0,0,0,0.120,0.185,0.120,0.305,-3,0.000,0.158,29.6%,22.2%,7.4%,0.33,20,7,L,<a href=https://npb.jp/bis/eng/teams/index_s.html>Yakult</a>,EL
,<a href=https://npb.jp/bis/eng/players/71675157.html>Hama Shonosuke</a>,11,44,39,6,7,1,0,0,8,4,4,0,0,0,5,5,1,0,0,0.179,0.273,0.205,0.478,52,0.026,0.206,22.7%,11.4%,11.4%,1.00,25,8,L,<a href=https://npb.jp/bis/eng/teams/index_d.html>Chunichi</a>,WL
,<a href=https://npb.jp/bis/eng/players/41545159.html>Kawakami Rii</a>,13,55,41,7,11,0,0,0,11,7,4,2,0,1,7,10,0,3,1,0.268,0.436,0.268,0.704,123,0.000,0.314,30.9%,12.7%,18.2%,1.43,24,3,R,<a href=https://npb.jp/bis/eng/teams/index_d.html>Chunichi</a>,WL
,<a href=https://npb.jp/bis/eng/players/71575159.html>Oda Gouki</a>,13,53,42,6,14,0,2,0,18,6,5,2,2,0,9,9,0,0,0,0.333,0.451,0.429,0.880,179,0.096,0.424,34.0%,17.0%,17.0%,1.00,24,9,L,<a href=https://npb.jp/bis/eng/teams/index_d.html>Chunichi</a>,WL
,<a href=https://npb.jp/bis/eng/players/81285159.html>Tsuda Keishi</a>,13,48,43,6,10,2,0,0,12,2,2,1,1,0,8,3,0,1,1,0.233,0.298,0.279,0.577,83,0.046,0.286,22.9%,16.7%,6.2%,0.38,22,UTL,R,<a href=https://npb.jp/bis/eng/teams/index_d.html>Chunichi</a>,WL
,<a href=https://npb.jp/bis/eng/players/71375155.html>Ukai Kosuke</a>,8,35,30,10,12,3,2,1,22,10,1,1,0,0,4,4,0,1,0,0.400,0.486,0.733,1.219,286,0.333,0.440,25.7%,11.4%,11.4%,1.00,26,7,R,<a href=https://npb.jp/bis/eng/teams/index_d.html>Chunichi</a>,WL
,<a href=https://npb.jp/bis/eng/players/21925153.html>Gen Kendai</a>,14,47,37,5,11,2,0,0,13,3,2,0,2,1,7,7,1,0,2,0.297,0.400,0.351,0.751,148,0.054,0.355,29.8%,14.9%,14.9%,1.00,23,8,R,<a href=https://npb.jp/bis/eng/teams/index_b.html>ORIX</a>,WL
,<a href=https://npb.jp/bis/eng/players/91295157.html>Naito Ho</a>,14,55,50,1,14,2,0,0,16,6,0,0,0,0,6,5,0,0,2,0.280,0.345,0.320,0.665,118,0.040,0.318,20.0%,10.9%,9.1%,0.83,20,3,R,<a href=https://npb.jp/bis/eng/teams/index_b.html>ORIX</a>,WL
,<a href=https://npb.jp/bis/eng/players/81485155.html>Noguchi Tomoya</a>,11,41,30,2,6,2,0,0,8,5,2,0,0,2,9,9,0,0,0,0.200,0.366,0.267,0.633,107,0.067,0.261,43.9%,22.0%,22.0%,1.00,25,6,L,<a href=https://npb.jp/bis/eng/teams/index_b.html>ORIX</a>,WL
,<a href=https://npb.jp/bis/eng/players/01305155.html>Ohsato Kosei</a>,14,46,37,6,9,0,1,0,11,5,1,2,1,1,6,7,0,0,0,0.243,0.356,0.297,0.653,115,0.054,0.281,28.3%,13.0%,15.2%,1.17,25,4,L,<a href=https://npb.jp/bis/eng/teams/index_b.html>ORIX</a>,WL
,<a href=https://npb.jp/bis/eng/players/83385159.html>Yokoyama Seiya</a>,10,39,35,3,5,1,0,0,6,3,3,0,0,0,9,4,0,0,0,0.143,0.231,0.171,0.402,30,0.028,0.192,33.3%,23.1%,10.3%,0.44,19,5,L,<a href=https://npb.jp/bis/eng/teams/index_b.html>ORIX</a>,WL
,<a href=https://npb.jp/bis/eng/players/21125155.html>Ikeda Raito</a>,10,40,35,8,10,2,1,1,17,4,0,0,0,0,7,4,0,1,0,0.286,0.375,0.486,0.861,166,0.200,0.333,30.0%,17.5%,10.0%,0.57,25,3,R,<a href=https://npb.jp/bis/eng/teams/index_m.html>Lotte</a>,EL
,<a href=https://npb.jp/bis/eng/players/81885150.html>Miyazaki Ryusei</a>,10,45,40,3,8,1,0,0,9,6,0,0,0,0,12,4,0,1,1,0.200,0.289,0.225,0.514,61,0.025,0.286,35.6%,26.7%,8.9%,0.33,24,,L,<a href=https://npb.jp/bis/eng/teams/index_m.html>Lotte</a>,EL
,<a href=https://npb.jp/bis/eng/players/91895138.html>Yamaguchi Koki</a>,10,41,33,7,12,1,0,2,19,10,1,0,0,1,5,7,1,0,0,0.364,0.463,0.576,1.039,219,0.212,0.370,34.1%,12.2%,17.1%,1.40,24,7,R,<a href=https://npb.jp/bis/eng/teams/index_m.html>Lotte</a>,EL
,<a href=https://npb.jp/bis/eng/players/33535153.html>Yamamoto Daito</a>,9,41,35,9,13,3,0,3,25,9,1,0,0,0,6,6,2,0,1,0.371,0.463,0.714,1.177,261,0.343,0.385,36.6%,14.6%,14.6%,1.00,22,9,R,<a href=https://npb.jp/bis/eng/teams/index_m.html>Lotte</a>,EL
,<a href=https://npb.jp/bis/eng/players/61665159.html>Hirose Ryuta</a>,12,57,48,9,14,1,1,0,17,5,0,0,0,0,7,8,0,1,1,0.292,0.404,0.354,0.758,140,0.062,0.341,26.3%,12.3%,14.0%,1.14,24,4,R,<a href=https://npb.jp/bis/eng/teams/index_h.html>SoftBank</a>,WL
,<a href=https://npb.jp/bis/eng/players/11315157.html>Ikhine Itua</a>,13,44,34,6,7,1,1,1,13,5,2,0,1,0,16,7,0,2,0,0.206,0.372,0.382,0.754,139,0.176,0.353,54.5%,36.4%,15.9%,0.44,20,5,L,<a href=https://npb.jp/bis/eng/teams/index_h.html>SoftBank</a>,WL
,<a href=https://npb.jp/bis/eng/players/91095153.html>Sasagawa Yoshiyasu</a>,14,64,59,12,16,0,1,2,24,12,2,0,0,1,12,4,0,0,0,0.271,0.313,0.407,0.720,128,0.136,0.304,28.1%,18.8%,6.2%,0.33,23,7,L,<a href=https://npb.jp/bis/eng/teams/index_h.html>SoftBank</a>,WL
,<a href=https://npb.jp/bis/eng/players/91095151.html>Satoh Naoki</a>,14,57,50,8,16,4,0,2,26,10,4,1,1,0,10,6,0,0,0,0.320,0.393,0.520,0.913,189,0.200,0.368,31.6%,17.5%,10.5%,0.60,26,8,R,<a href=https://npb.jp/bis/eng/teams/index_h.html>SoftBank</a>,WL
,<a href=https://npb.jp/bis/eng/players/01205150.html>Shoji Yudai</a>,14,51,45,7,10,0,0,0,10,2,1,1,2,1,11,3,0,0,1,0.222,0.265,0.222,0.487,55,0.000,0.286,27.5%,21.6%,5.9%,0.27,22,,L,<a href=https://npb.jp/bis/eng/teams/index_h.html>SoftBank</a>,WL
,<a href=https://npb.jp/bis/eng/players/31135159.html>Aono Takumi</a>,10,37,37,1,11,2,0,0,13,2,0,0,0,0,7,0,0,0,1,0.297,0.297,0.351,0.648,107,0.054,0.367,18.9%,18.9%,0.0%,0.00,19,DH,R,<a href=https://npb.jp/bis/eng/teams/index_e.html>Rakuten</a>,EL
,<a href=https://npb.jp/bis/eng/players/41345153.html>Irie Daiki</a>,8,32,28,3,9,0,0,0,9,3,2,0,0,0,3,4,0,0,0,0.321,0.406,0.321,0.727,132,0.000,0.360,21.9%,9.4%,12.5%,1.33,23,4,R,<a href=https://npb.jp/bis/eng/teams/index_e.html>Rakuten</a>,EL
,<a href=https://npb.jp/bis/eng/players/21425159.html>Nakashima Daisuke</a>,6,27,27,3,8,1,0,0,9,0,3,0,0,0,4,0,0,0,0,0.296,0.296,0.333,0.629,101,0.037,0.348,14.8%,14.8%,0.0%,0.00,24,8,L,<a href=https://npb.jp/bis/eng/teams/index_e.html>Rakuten</a>,EL
,<a href=https://npb.jp/bis/eng/players/13115130.html>Yamada Haruka</a>,8,31,29,1,7,2,0,0,9,1,1,0,0,0,4,1,0,1,1,0.241,0.290,0.310,0.600,92,0.069,0.280,16.1%,12.9%,3.2%,0.25,28,3,R,<a href=https://npb.jp/bis/eng/teams/index_e.html>Rakuten</a>,EL
,<a href=https://npb.jp/bis/eng/players/43545155.html>Yoshino Soshi</a>,10,43,41,5,8,5,0,1,16,4,0,0,0,1,10,0,0,1,0,0.195,0.209,0.390,0.599,91,0.195,0.226,25.6%,23.3%,0.0%,0.00,21,8,R,<a href=https://npb.jp/bis/eng/teams/index_e.html>Rakuten</a>,EL
,<a href=https://npb.jp/bis/eng/players/03305150.html>Yoshinoh Tsubasa</a>,10,38,32,2,6,1,0,1,10,5,1,0,0,1,10,5,0,0,1,0.188,0.289,0.313,0.602,92,0.125,0.227,42.1%,26.3%,13.2%,0.50,22,,L,<a href=https://npb.jp/bis/eng/teams/index_e.html>Rakuten</a>,EL
,<a href=https://npb.jp/bis/eng/players/61665157.html>Hiruma Takuya</a>,11,41,38,3,8,0,0,0,8,1,3,0,0,0,8,2,0,1,0,0.211,0.268,0.211,0.479,50,0.000,0.267,24.4%,19.5%,4.9%,0.25,24,7,L,<a href=https://npb.jp/bis/eng/teams/index_l.html>Seibu</a>,EL
,<a href=https://npb.jp/bis/eng/players/93395159.html>Murata Reon</a>,12,48,45,2,12,4,0,0,16,0,0,0,0,0,10,2,0,1,2,0.267,0.313,0.356,0.669,108,0.089,0.343,25.0%,20.8%,4.2%,0.20,23,3,R,<a href=https://npb.jp/bis/eng/teams/index_l.html>Seibu</a>,EL
,<a href=https://npb.jp/bis/eng/players/51555159.html>Okumura Koichi</a>,11,36,29,4,7,0,0,0,7,1,6,0,0,0,6,7,0,0,0,0.241,0.389,0.241,0.630,97,0.000,0.304,36.1%,16.7%,19.4%,1.17,25,8,R,<a href=https://npb.jp/bis/eng/teams/index_l.html>Seibu</a>,EL
,<a href=https://npb.jp/bis/eng/players/83385153.html>Yamamura Takayoshi</a>,10,38,36,4,9,1,0,1,13,5,0,0,0,0,3,2,0,0,2,0.250,0.289,0.361,0.650,102,0.111,0.250,15.8%,7.9%,5.3%,0.67,22,4,L,<a href=https://npb.jp/bis/eng/teams/index_l.html>Seibu</a>,EL
,<a href=https://npb.jp/bis/eng/players/01105155.html>Arizono Naoki</a>,10,37,31,6,6,1,0,1,10,4,0,0,0,0,10,6,0,0,1,0.194,0.324,0.323,0.647,101,0.129,0.250,45.9%,27.0%,16.2%,0.60,22,5,R,<a href=https://npb.jp/bis/eng/teams/index_f.html>Nipponham</a>,EL
,<a href=https://npb.jp/bis/eng/players/61865153.html>Hosokawa Ryohei</a>,8,31,22,1,4,0,0,0,4,1,3,1,1,0,5,8,0,0,0,0.182,0.400,0.182,0.582,81,0.000,0.235,41.9%,16.1%,25.8%,1.60,23,6,L,<a href=https://npb.jp/bis/eng/teams/index_f.html>Nipponham</a>,EL
,<a href=https://npb.jp/bis/eng/players/83185159.html>Miyazaki Kazuki</a>,9,30,27,2,4,0,0,0,4,1,0,2,1,0,3,2,0,0,2,0.148,0.207,0.148,0.355,12,0.000,0.167,16.7%,10.0%,6.7%,0.67,23,7,R,<a href=https://npb.jp/bis/eng/teams/index_f.html>Nipponham</a>,EL
,<a href=https://npb.jp/bis/eng/players/53355159.html>Myose Ryosuke</a>,7,29,25,0,5,0,0,0,5,1,0,0,0,0,6,4,0,0,0,0.200,0.310,0.200,0.510,59,0.000,0.263,34.5%,20.7%,13.8%,0.67,19,4,R,<a href=https://npb.jp/bis/eng/teams/index_f.html>Nipponham</a>,EL
