#,,Team,G,W,L,T,PCT,GB,RS,RA,Diff,XPCT,Home,Road,vs D,vs H,vs B,vs T,vs C,vs V,Inter
,"<img src=""https://www.yakyucosmo.com/wp-content/uploads/2025/04/Dragons.jpg"" alt="""" width=""10"" height=""10"" class=""alignnone size-full wp-image-6225"" />",<a href=https://npb.jp/bis/eng/teams/index_d.html>Chunichi Dragons</a>,72,42,26,4,0.618,--,306,218,88,0.650,20-10(1),22-16(3),--,8-4,8-5(2),10-7(2),8-8,8-2,--
,"<img src=""https://www.yakyucosmo.com/wp-content/uploads/2025/04/Hawks.jpg"" alt="""" width=""10"" height=""10"" class=""alignnone size-full wp-image-6220"" /> ",<a href=https://npb.jp/bis/eng/teams/index_h.html>SoftBank Hawks</a>,76,41,32,3,0.562,3.5,322,261,61,0.595,25-19(1),16-13(2),4-8,--,8-9(2),7-9,11-3(1),9-3,2-0
,"<img src=""https://www.yakyucosmo.com/wp-content/uploads/2025/04/Buffaloes.jpg"" alt="""" width=""10"" height=""10"" class=""alignnone size-full wp-image-6222"" />",<a href=https://npb.jp/bis/eng/teams/index_b.html>ORIX Buffaloes</a>,81,39,32,10,0.549,4.5,304,257,47,0.576,21-19(4),18-13(6),5-8(2),9-8(2),--,5-4(3),8-9(2),11-3(1),1-0
,"<img src=""https://www.yakyucosmo.com/wp-content/uploads/2025/04/Tigers.jpg"" alt="""" width=""10"" height=""10"" class=""alignnone size-full wp-image-6224"" />",<a href=https://npb.jp/bis/eng/teams/index_t.html>Hanshin Tigers</a>,82,41,35,6,0.539,5.0,316,290,26,0.539,22-17(5),19-18(1),7-10(2),9-7,4-5(3),--,9-7(1),10-5,2-1
,"<img src=""https://www.yakyucosmo.com/wp-content/uploads/2025/04/Carp.jpg"" alt="""" width=""10"" height=""10"" class=""alignnone size-full wp-image-6223"" />",<a href=https://npb.jp/bis/eng/teams/index_c.html>Hiroshima Carp</a>,80,34,42,4,0.447,12.0,280,357,-77,0.391,16-20(2),18-22(2),8-8,3-11(1),9-8(2),7-9(1),--,7-6,--
,"<img src=""https://www.yakyucosmo.com/wp-content/uploads/2025/04/Ventures.jpg"" alt="""" width=""10"" height=""10"" class=""alignnone size-full wp-image-6297"" />",<a href=https://hayateventures.jp/>HAYATE Ventures</a>,75,24,50,1,0.324,21.0,190,342,-152,0.254,13-19(1),11-31,2-8,3-9,3-11(1),5-10,6-7,--,5-5
