#,Team,G,W,L,T,PCT,GB,RS,RA,Diff,XPCT,Home,Road,vs M,vs G,vs L,vs F,vs S,vs E,vs A,vs DB
,<a href=https://npb.jp/bis/eng/teams/index_m.html>Lotte Marines</a>,9,7,0,2,1.000,--,50,21,29,0.830,4-0(1),3-0(1),--,--,2-0(1),0-0(1),--,3-0,2-0,--
,<a href=https://npb.jp/bis/eng/teams/index_g.html>Yomiuri Giants</a>,11,8,3,0,0.727,1.0,66,28,38,0.828,3-1,5-2,--,--,0-1,--,2-1,0-1,3-0,3-0
,<a href=https://npb.jp/bis/eng/teams/index_l.html>Seibu Lions</a>,11,5,5,1,0.500,3.5,34,39,-5,0.438,3-2,2-3(1),0-2(1),1-0,--,1-1,--,--,1-1,2-1
,<a href=https://npb.jp/bis/eng/teams/index_f.html>Nipponham Fighters</a>,9,4,4,1,0.500,3.5,21,20,1,0.522,3-1(1),1-3,0-0(1),--,1-1,--,2-1,--,0-2,1-0
,<a href=https://npb.jp/bis/eng/teams/index_s.html>Yakult Swallows</a>,9,4,4,1,0.500,3.5,28,22,6,0.609,3-2,1-2(1),--,1-2,--,1-2,--,2-0,--,0-0(1)
,<a href=https://npb.jp/bis/eng/teams/index_e.html>Rakuten Eagles</a>,9,3,6,0,0.333,5.0,20,45,-25,0.185,1-4,2-2,0-3,1-0,--,--,0-2,--,1-0,1-1
,Oisix Albirex,10,3,7,0,0.300,5.5,0,0,0,nan,2-1,1-6,0-2,0-3,1-1,2-0,--,0-1,--,--
,<a href=https://npb.jp/bis/eng/teams/index_db.html>DeNA BayStars</a>,10,2,7,1,0.222,6.0,25,43,-18,0.270,1-5(1),1-2,--,0-3,1-2,0-1,0-0(1),1-1,--,--
