#,,Team,G,W,L,T,PCT,GB,RS,RA,Diff,XPCT,Home,Road,vs D,vs H,vs T,vs B,vs C,vs V,Inter
,"<img src=""https://www.yakyucosmo.com/wp-content/uploads/2025/04/Dragons.jpg"" alt="""" width=""10"" height=""10"" class=""alignnone size-full wp-image-6225"" />",<a href=https://npb.jp/bis/eng/teams/index_d.html>Chunichi Dragons</a>,80,47,28,5,0.627,--,341,242,99,0.652,23-12(1),24-16(4),--,10-5,10-8(2),8-5(2),10-8(1),9-2,--
,"<img src=""https://www.yakyucosmo.com/wp-content/uploads/2025/04/Hawks.jpg"" alt="""" width=""10"" height=""10"" class=""alignnone size-full wp-image-6220"" /> ",<a href=https://npb.jp/bis/eng/teams/index_h.html>SoftBank Hawks</a>,84,47,34,3,0.580,3.0,361,283,78,0.610,30-19(1),17-15(2),5-10,--,7-9,11-9(2),12-3(1),10-3,2-0
,"<img src=""https://www.yakyucosmo.com/wp-content/uploads/2025/04/Tigers.jpg"" alt="""" width=""10"" height=""10"" class=""alignnone size-full wp-image-6224"" />",<a href=https://npb.jp/bis/eng/teams/index_t.html>Hanshin Tigers</a>,88,45,37,6,0.549,5.5,362,313,49,0.566,22-17(5),23-20(1),8-10(2),9-7,--,4-6(3),11-8(1),11-5,2-1
,"<img src=""https://www.yakyucosmo.com/wp-content/uploads/2025/04/Buffaloes.jpg"" alt="""" width=""10"" height=""10"" class=""alignnone size-full wp-image-6222"" />",<a href=https://npb.jp/bis/eng/teams/index_b.html>ORIX Buffaloes</a>,89,41,37,11,0.526,7.5,325,285,40,0.560,23-21(5),18-16(6),5-8(2),9-11(2),6-4(3),--,8-9(3),12-5(1),1-0
,"<img src=""https://www.yakyucosmo.com/wp-content/uploads/2025/04/Carp.jpg"" alt="""" width=""10"" height=""10"" class=""alignnone size-full wp-image-6223"" />",<a href=https://npb.jp/bis/eng/teams/index_c.html>Hiroshima Carp</a>,88,35,47,6,0.427,15.5,296,404,-108,0.361,17-24(3),18-23(3),8-10(1),3-12(1),8-11(1),9-8(3),--,7-6,--
,"<img src=""https://www.yakyucosmo.com/wp-content/uploads/2025/04/Ventures.jpg"" alt="""" width=""10"" height=""10"" class=""alignnone size-full wp-image-6297"" />",<a href=https://hayateventures.jp/>HAYATE Ventures</a>,81,26,54,1,0.325,23.5,196,361,-165,0.246,13-20(1),13-34,2-9,3-10,5-11,5-12(1),6-7,--,5-5
