#,,Team,G,W,L,T,PCT,GB,RS,RA,Diff,XPCT,Home,Road,vs D,vs H,vs B,vs T,vs C,vs V,Inter
,"<img src=""https://www.yakyucosmo.com/wp-content/uploads/2025/04/Dragons.jpg"" alt="""" width=""10"" height=""10"" class=""alignnone size-full wp-image-6225"" />",<a href=https://npb.jp/bis/eng/teams/index_d.html>Chunichi Dragons</a>,74,44,26,4,0.629,--,315,220,95,0.659,21-10(1),23-16(3),--,8-4,8-5(2),10-7(2),9-8,9-2,--
,"<img src=""https://www.yakyucosmo.com/wp-content/uploads/2025/04/Hawks.jpg"" alt="""" width=""10"" height=""10"" class=""alignnone size-full wp-image-6220"" /> ",<a href=https://npb.jp/bis/eng/teams/index_h.html>SoftBank Hawks</a>,78,43,32,3,0.573,3.5,333,262,71,0.608,27-19(1),16-13(2),4-8,--,9-9(2),7-9,12-3(1),9-3,2-0
,"<img src=""https://www.yakyucosmo.com/wp-content/uploads/2025/04/Buffaloes.jpg"" alt="""" width=""10"" height=""10"" class=""alignnone size-full wp-image-6222"" />",<a href=https://npb.jp/bis/eng/teams/index_b.html>ORIX Buffaloes</a>,83,40,33,10,0.548,5.5,313,268,45,0.571,22-19(4),18-14(6),5-8(2),9-9(2),--,6-4(3),8-9(2),11-3(1),1-0
,"<img src=""https://www.yakyucosmo.com/wp-content/uploads/2025/04/Tigers.jpg"" alt="""" width=""10"" height=""10"" class=""alignnone size-full wp-image-6224"" />",<a href=https://npb.jp/bis/eng/teams/index_t.html>Hanshin Tigers</a>,83,41,36,6,0.532,6.5,324,299,25,0.537,22-17(5),19-19(1),7-10(2),9-7,4-6(3),--,9-7(1),10-5,2-1
,"<img src=""https://www.yakyucosmo.com/wp-content/uploads/2025/04/Carp.jpg"" alt="""" width=""10"" height=""10"" class=""alignnone size-full wp-image-6223"" />",<a href=https://npb.jp/bis/eng/teams/index_c.html>Hiroshima Carp</a>,82,34,44,4,0.436,14.0,281,370,-89,0.377,16-21(2),18-23(2),8-9,3-12(1),9-8(2),7-9(1),--,7-6,--
,"<img src=""https://www.yakyucosmo.com/wp-content/uploads/2025/04/Ventures.jpg"" alt="""" width=""10"" height=""10"" class=""alignnone size-full wp-image-6297"" />",<a href=https://hayateventures.jp/>HAYATE Ventures</a>,76,24,51,1,0.320,22.5,192,346,-154,0.254,13-19(1),11-32,2-9,3-9,3-11(1),5-10,6-7,--,5-5
