Rank,Player,G,PA,AB,R,H,2B,3B,HR,TB,RBI,SB,CS,SH,SF,SO,BB,IBB,HP,GDP,AVG,OBP,SLG,OPS,OPS+,ISO,BABIP,TTO%,K%,BB%,BB/K,Age,Pos,B,Team,League
,<a href=https://npb.jp/bis/eng/players/33535150.html>Arnaez Jean</a>,12,42,37,4,14,3,0,0,17,3,0,0,0,0,5,5,0,0,0,0.378,0.452,0.459,0.911,190,0.081,0.438,23.8%,11.9%,11.9%,1.00,22,4,R,<a href=https://npb.jp/bis/eng/teams/index_t.html>Hanshin</a>,WL
,<a href=https://npb.jp/bis/eng/players/03905157.html>Beasley Jeremy</a>,2,1,1,0,0,0,0,0,0,0,0,0,0,0,0,0,0,0,0,0.000,0.000,0.000,0.000,-97,0.000,0.000,0.0%,0.0%,0.0%,,29,TWP,R,<a href=https://npb.jp/bis/eng/teams/index_t.html>Hanshin</a>,WL
,<a href=https://npb.jp/bis/eng/players/03505150.html>Consuegra Stanley</a>,7,19,18,0,3,0,0,0,3,0,0,0,0,0,6,1,0,0,0,0.167,0.211,0.167,0.378,22,0.000,0.250,36.8%,31.6%,5.3%,0.17,24,9,R,<a href=https://npb.jp/bis/eng/teams/index_t.html>Hanshin</a>,WL
,<a href=https://npb.jp/bis/eng/players/13715150.html>Duplantier Jon</a>,2,1,1,0,0,0,0,0,0,0,0,0,0,0,1,0,0,0,0,0.000,0.000,0.000,0.000,-97,0.000,,100.0%,100.0%,0.0%,0.00,30,TWP,L,<a href=https://npb.jp/bis/eng/teams/index_t.html>Hanshin</a>,WL
,<a href=https://npb.jp/bis/eng/players/91695151.html>Fujita Kento</a>,6,14,12,3,1,0,0,0,1,0,0,0,0,0,2,2,0,0,0,0.083,0.214,0.083,0.297,-4,0.000,0.100,28.6%,14.3%,14.3%,1.00,23,2,R,<a href=https://npb.jp/bis/eng/teams/index_t.html>Hanshin</a>,WL
,<a href=https://npb.jp/bis/eng/players/11815159.html>Fukushima Kein</a>,14,34,30,4,6,1,0,0,7,2,3,0,1,0,1,3,0,0,1,0.200,0.273,0.233,0.506,62,0.033,0.207,11.8%,2.9%,8.8%,3.00,23,9,L,<a href=https://npb.jp/bis/eng/teams/index_t.html>Hanshin</a>,WL
,<a href=https://npb.jp/bis/eng/players/61065131.html>Haraguchi Fumihito</a>,1,4,4,0,1,1,0,0,2,0,0,0,0,0,1,0,0,0,0,0.250,0.250,0.500,0.750,140,0.250,0.333,25.0%,25.0%,0.0%,0.00,33,7,R,<a href=https://npb.jp/bis/eng/teams/index_t.html>Hanshin</a>,WL
,<a href=https://npb.jp/bis/eng/players/63765150.html>Hernandez Ramon</a>,3,11,9,0,0,0,0,0,0,1,0,0,0,0,2,2,0,0,0,0.000,0.182,0.000,0.182,-40,0.000,0.000,36.4%,18.2%,18.2%,1.00,29,5,R,<a href=https://npb.jp/bis/eng/teams/index_t.html>Hanshin</a>,WL
,<a href=https://npb.jp/bis/eng/players/31335151.html>Inoue Kouta</a>,11,41,39,5,8,1,0,3,18,7,0,0,0,0,12,1,0,1,1,0.205,0.244,0.462,0.706,126,0.257,0.208,39.0%,29.3%,2.4%,0.08,23,7,R,<a href=https://npb.jp/bis/eng/teams/index_t.html>Hanshin</a>,WL
,<a href=https://npb.jp/bis/eng/players/71375153.html>Itoh Masashi</a>,2,1,1,0,1,0,0,0,1,0,0,0,0,0,0,0,0,0,0,1.000,1.000,1.000,2.000,534,0.000,1.000,0.0%,0.0%,0.0%,,29,TWP,L,<a href=https://npb.jp/bis/eng/teams/index_t.html>Hanshin</a>,WL
,<a href=https://npb.jp/bis/eng/players/41145157.html>Itsubo Hinase</a>,13,55,50,6,12,1,0,0,13,2,1,2,1,0,2,3,0,1,2,0.240,0.296,0.260,0.556,79,0.020,0.250,9.1%,3.6%,5.5%,1.50,20,8,R,<a href=https://npb.jp/bis/eng/teams/index_t.html>Hanshin</a>,WL
,<a href=https://npb.jp/bis/eng/players/61565136.html>Kusumoto Taishi</a>,12,35,30,2,7,2,0,0,9,2,0,0,0,0,10,5,0,0,0,0.233,0.343,0.300,0.643,106,0.067,0.350,42.9%,28.6%,14.3%,0.50,29,DH,L,<a href=https://npb.jp/bis/eng/teams/index_t.html>Hanshin</a>,WL
,<a href=https://npb.jp/bis/eng/players/41845150.html>Machida Hayato</a>,8,23,22,1,3,0,0,0,3,2,0,0,0,0,4,1,0,0,0,0.136,0.174,0.136,0.310,1,0.000,0.167,21.7%,17.4%,4.3%,0.25,22,2,R,<a href=https://npb.jp/bis/eng/teams/index_t.html>Hanshin</a>,WL
,<a href=https://npb.jp/bis/eng/players/23325159.html>Momosaki Aoi</a>,13,36,31,6,9,4,0,0,13,5,1,0,0,1,5,4,0,0,0,0.290,0.361,0.419,0.780,150,0.129,0.333,25.0%,13.9%,11.1%,0.80,19,4,R,<a href=https://npb.jp/bis/eng/teams/index_t.html>Hanshin</a>,WL
,<a href=https://npb.jp/bis/eng/players/91495134.html>Nagasaka Kenya</a>,7,19,11,1,1,0,0,0,1,0,1,0,3,0,3,5,0,0,0,0.091,0.375,0.091,0.466,50,0.000,0.125,42.1%,15.8%,26.3%,1.67,31,2,R,<a href=https://npb.jp/bis/eng/teams/index_t.html>Hanshin</a>,WL
,<a href=https://npb.jp/bis/eng/players/51455155.html>Nakagawa Hayato</a>,12,25,20,1,6,0,0,1,9,2,1,1,1,1,2,2,0,1,0,0.300,0.375,0.450,0.825,163,0.150,0.278,20.0%,8.0%,8.0%,1.00,21,DH,R,<a href=https://npb.jp/bis/eng/teams/index_t.html>Hanshin</a>,WL
,<a href=https://npb.jp/bis/eng/players/71275118.html>Nishi Yuki</a>,2,1,0,0,0,0,0,0,0,0,0,0,1,0,0,0,0,0,0,0.000,0.000,0.000,0.000,-97,0.000,,0.0%,0.0%,0.0%,,34,TWP,R,<a href=https://npb.jp/bis/eng/teams/index_t.html>Hanshin</a>,WL
,<a href=https://npb.jp/bis/eng/players/01405157.html>Noguchi Kyosuke</a>,8,26,24,3,4,0,0,0,4,1,2,0,0,0,2,2,0,0,1,0.167,0.231,0.167,0.398,28,0.000,0.182,15.4%,7.7%,7.7%,1.00,24,9,R,<a href=https://npb.jp/bis/eng/teams/index_t.html>Hanshin</a>,WL
,<a href=https://npb.jp/bis/eng/players/31535138.html>Obata Ryuhei</a>,1,4,4,0,0,0,0,0,0,0,0,0,0,0,1,0,0,0,0,0.000,0.000,0.000,0.000,-97,0.000,0.000,25.0%,25.0%,0.0%,0.00,24,6,L,<a href=https://npb.jp/bis/eng/teams/index_t.html>Hanshin</a>,WL
,<a href=https://npb.jp/bis/eng/players/71775151.html>Onodera Dan</a>,2,8,4,0,2,2,0,0,4,0,0,0,0,0,0,4,0,0,0,0.500,0.750,1.000,1.750,455,0.500,0.500,50.0%,0.0%,50.0%,1.00,27,7,R,<a href=https://npb.jp/bis/eng/teams/index_t.html>Hanshin</a>,WL
,<a href=https://npb.jp/bis/eng/players/51055153.html>Sakaeda Yuki</a>,1,3,2,1,0,0,0,0,0,0,0,0,0,0,0,1,0,0,0,0.000,0.333,0.000,0.333,8,0.000,0.000,33.3%,0.0%,33.3%,1.00,27,2,R,<a href=https://npb.jp/bis/eng/teams/index_t.html>Hanshin</a>,WL
,<a href=https://npb.jp/bis/eng/players/91095150.html>Sano Taiyo</a>,10,38,37,1,14,0,0,0,14,6,1,0,1,0,6,0,0,0,2,0.378,0.378,0.378,0.756,142,0.000,0.452,15.8%,15.8%,0.0%,0.00,23,5,R,<a href=https://npb.jp/bis/eng/teams/index_t.html>Hanshin</a>,WL
,<a href=https://npb.jp/bis/eng/players/11215157.html>Toi Reiji</a>,10,32,26,5,7,0,0,1,10,4,1,0,0,1,4,5,0,0,0,0.269,0.375,0.385,0.760,143,0.116,0.273,31.2%,12.5%,15.6%,1.25,20,UTL,R,<a href=https://npb.jp/bis/eng/teams/index_t.html>Hanshin</a>,WL
,<a href=https://npb.jp/bis/eng/players/31435155.html>Toyoda Hiroshi</a>,7,22,19,3,5,0,0,0,5,2,1,1,1,0,0,2,0,0,2,0.263,0.333,0.263,0.596,91,0.000,0.263,9.1%,0.0%,9.1%,1.00,28,7,R,<a href=https://npb.jp/bis/eng/teams/index_t.html>Hanshin</a>,WL
,<a href=https://npb.jp/bis/eng/players/81685139.html>Watanabe Ryo</a>,10,41,36,2,8,2,0,0,10,3,0,0,0,0,5,5,1,0,1,0.222,0.317,0.278,0.595,90,0.056,0.258,24.4%,12.2%,12.2%,1.00,30,3,R,<a href=https://npb.jp/bis/eng/teams/index_t.html>Hanshin</a>,WL
,<a href=https://npb.jp/bis/eng/players/63365159.html>Yamada Shuya</a>,14,42,36,2,7,1,0,2,14,5,0,0,1,0,3,5,0,0,0,0.194,0.293,0.389,0.682,118,0.195,0.161,23.8%,7.1%,11.9%,1.67,19,6,R,<a href=https://npb.jp/bis/eng/teams/index_t.html>Hanshin</a>,WL
,<a href=https://npb.jp/bis/eng/players/33735150.html>Dominguez Johan</a>,2,2,1,0,0,0,0,0,0,0,0,0,1,0,0,0,0,0,1,0.000,0.000,0.000,0.000,-103,0.000,0.000,0.0%,0.0%,0.0%,,29,1,R,<a href=https://npb.jp/bis/eng/teams/index_c.html>Hiroshima</a>,WL
,<a href=https://npb.jp/bis/eng/players/71475138.html>Hatsuki Ryutaro</a>,7,13,11,3,1,1,0,0,2,0,1,0,1,0,1,1,0,0,0,0.091,0.167,0.182,0.349,13,0.091,0.100,15.4%,7.7%,7.7%,1.00,25,UTL,L,<a href=https://npb.jp/bis/eng/teams/index_c.html>Hiroshima</a>,WL
,<a href=https://npb.jp/bis/eng/players/01405138.html>Hayashi Kota</a>,5,14,11,0,1,0,0,0,1,0,0,0,0,0,0,3,0,0,0,0.091,0.286,0.091,0.377,23,0.000,0.091,21.4%,0.0%,21.4%,1.00,24,7,L,<a href=https://npb.jp/bis/eng/teams/index_c.html>Hiroshima</a>,WL
,<a href=https://npb.jp/bis/eng/players/21125151.html>Ishihara Tomoki</a>,5,11,10,1,4,1,0,0,5,1,0,1,1,0,1,0,0,0,2,0.400,0.400,0.500,0.900,198,0.100,0.444,9.1%,9.1%,0.0%,0.00,27,2,R,<a href=https://npb.jp/bis/eng/teams/index_c.html>Hiroshima</a>,WL
,<a href=https://npb.jp/bis/eng/players/81185133.html>Isomura Yoshitaka</a>,2,7,5,0,2,0,0,0,2,1,0,0,0,1,0,1,0,0,0,0.400,0.429,0.400,0.829,173,0.000,0.333,14.3%,0.0%,14.3%,1.00,32,2,R,<a href=https://npb.jp/bis/eng/teams/index_c.html>Hiroshima</a>,WL
,<a href=https://npb.jp/bis/eng/players/81585157.html>Kubo Shu</a>,10,32,29,1,4,0,0,0,4,3,0,0,1,1,8,0,0,1,1,0.138,0.161,0.138,0.299,-3,0.000,0.182,25.0%,25.0%,0.0%,0.00,24,9,R,<a href=https://npb.jp/bis/eng/teams/index_c.html>Hiroshima</a>,WL
,<a href=https://npb.jp/bis/eng/players/41845155.html>Maekawa Seita</a>,6,8,6,1,4,1,0,0,5,1,0,1,0,0,0,2,0,0,1,0.667,0.750,0.833,1.583,426,0.166,0.667,25.0%,0.0%,25.0%,1.00,22,4,R,<a href=https://npb.jp/bis/eng/teams/index_c.html>Hiroshima</a>,WL
,<a href=https://npb.jp/bis/eng/players/01405116.html>Matsuyama Ryuhei</a>,6,14,11,1,3,1,0,0,4,0,0,0,0,0,1,3,0,0,0,0.273,0.429,0.364,0.793,162,0.091,0.300,28.6%,7.1%,21.4%,3.00,39,DH,L,<a href=https://npb.jp/bis/eng/teams/index_c.html>Hiroshima</a>,WL
,<a href=https://npb.jp/bis/eng/players/81885151.html>Mochimaru Taiki</a>,5,11,9,1,0,0,0,0,0,0,1,0,0,0,4,1,0,1,0,0.000,0.182,0.000,0.182,-42,0.000,0.000,45.5%,36.4%,9.1%,0.25,23,2,L,<a href=https://npb.jp/bis/eng/teams/index_c.html>Hiroshima</a>,WL
,<a href=https://npb.jp/bis/eng/players/11415157.html>Nabara Norihiko</a>,11,26,22,5,7,1,0,0,8,2,2,0,0,1,1,3,0,0,0,0.318,0.385,0.364,0.749,147,0.046,0.318,15.4%,3.8%,11.5%,3.00,25,8,R,<a href=https://npb.jp/bis/eng/teams/index_c.html>Hiroshima</a>,WL
,<a href=https://npb.jp/bis/eng/players/41445159.html>Nakada Yuto</a>,9,34,32,2,5,1,0,0,6,1,0,0,0,0,7,2,0,0,2,0.156,0.206,0.188,0.394,29,0.032,0.200,26.5%,20.6%,5.9%,0.29,19,3,R,<a href=https://npb.jp/bis/eng/teams/index_c.html>Hiroshima</a>,WL
,<a href=https://npb.jp/bis/eng/players/01405155.html>Nakamura Kento</a>,5,15,12,1,1,0,0,0,1,0,0,0,0,0,4,2,0,1,1,0.083,0.267,0.083,0.350,14,0.000,0.125,40.0%,26.7%,13.3%,0.50,28,9,R,<a href=https://npb.jp/bis/eng/teams/index_c.html>Hiroshima</a>,WL
,<a href=https://npb.jp/bis/eng/players/81285136.html>Nakamura Shosei</a>,7,16,15,2,3,0,0,0,3,1,2,0,0,0,2,1,0,0,1,0.200,0.250,0.200,0.450,47,0.000,0.231,18.8%,12.5%,6.2%,0.50,26,7,R,<a href=https://npb.jp/bis/eng/teams/index_c.html>Hiroshima</a>,WL
,<a href=https://npb.jp/bis/eng/players/61265157.html>Nakamura Takahiro</a>,1,2,2,1,1,0,0,1,4,4,0,0,0,0,0,0,0,0,0,0.500,0.500,2.000,2.500,731,1.500,0.000,50.0%,0.0%,0.0%,,25,,L,<a href=https://npb.jp/bis/eng/teams/index_c.html>Hiroshima</a>,WL
,<a href=https://npb.jp/bis/eng/players/01405151.html>Nirasawa Yuya</a>,3,10,10,0,0,0,0,0,0,0,0,0,0,0,1,0,0,0,1,0.000,0.000,0.000,0.000,-103,0.000,0.000,10.0%,10.0%,0.0%,0.00,24,6,L,<a href=https://npb.jp/bis/eng/teams/index_c.html>Hiroshima</a>,WL
,<a href=https://npb.jp/bis/eng/players/01405130.html>Noma Takayoshi</a>,2,7,6,1,1,0,0,0,1,0,0,0,0,0,1,1,0,0,0,0.167,0.286,0.167,0.453,48,0.000,0.200,28.6%,14.3%,14.3%,1.00,32,8,L,<a href=https://npb.jp/bis/eng/teams/index_c.html>Hiroshima</a>,WL
,<a href=https://npb.jp/bis/eng/players/21325138.html>Ohmori Minoru</a>,6,23,23,1,2,0,0,0,2,2,1,1,0,0,5,0,0,0,0,0.087,0.087,0.087,0.174,-44,0.000,0.111,21.7%,21.7%,0.0%,0.00,28,8,L,<a href=https://npb.jp/bis/eng/teams/index_c.html>Hiroshima</a>,WL
,<a href=https://npb.jp/bis/eng/players/61365139.html>Ohsera Daichi</a>,1,1,0,0,0,0,0,0,0,0,0,0,1,0,0,0,0,0,0,0.000,0.000,0.000,0.000,-103,0.000,,0.0%,0.0%,0.0%,,34,1,R,<a href=https://npb.jp/bis/eng/teams/index_c.html>Hiroshima</a>,WL
,<a href=https://npb.jp/bis/eng/players/43045159.html>Ramirez Moises</a>,4,15,15,0,2,2,0,0,4,0,0,0,0,0,5,0,0,0,0,0.133,0.133,0.267,0.400,31,0.134,0.200,33.3%,33.3%,0.0%,0.00,23,5,R,<a href=https://npb.jp/bis/eng/teams/index_c.html>Hiroshima</a>,WL
,<a href=https://npb.jp/bis/eng/players/63065159.html>Roberto Nelson</a>,1,1,1,0,0,0,0,0,0,0,0,0,0,0,0,0,0,0,0,0.000,0.000,0.000,0.000,-103,0.000,0.000,0.0%,0.0%,0.0%,,24,,R,<a href=https://npb.jp/bis/eng/teams/index_c.html>Hiroshima</a>,WL
,<a href=https://npb.jp/bis/eng/players/71975159.html>Sato Keisuke</a>,10,38,31,1,8,0,0,0,8,2,0,0,3,0,5,4,0,0,0,0.258,0.343,0.258,0.601,97,0.000,0.308,23.7%,13.2%,10.5%,0.80,24,4,L,<a href=https://npb.jp/bis/eng/teams/index_c.html>Hiroshima</a>,WL
,<a href=https://npb.jp/bis/eng/players/91995157.html>Shimizu Kanato</a>,5,14,14,0,2,0,0,0,2,0,0,0,0,0,2,0,0,0,0,0.143,0.143,0.143,0.286,-7,0.000,0.167,14.3%,14.3%,0.0%,0.00,20,2,L,<a href=https://npb.jp/bis/eng/teams/index_c.html>Hiroshima</a>,WL
,<a href=https://npb.jp/bis/eng/players/51055155.html>Suekane Shota</a>,2,8,8,0,1,0,0,0,1,0,0,0,0,0,2,0,0,0,0,0.125,0.125,0.125,0.250,-19,0.000,0.167,25.0%,25.0%,0.0%,0.00,29,7,R,<a href=https://npb.jp/bis/eng/teams/index_c.html>Hiroshima</a>,WL
,<a href=https://npb.jp/bis/eng/players/11215155.html>Takagi Shoto</a>,1,4,3,2,1,0,0,0,1,0,0,0,0,0,0,1,0,0,0,0.333,0.500,0.333,0.833,175,0.000,0.333,25.0%,0.0%,25.0%,1.00,21,2,R,<a href=https://npb.jp/bis/eng/teams/index_c.html>Hiroshima</a>,WL
,<a href=https://npb.jp/bis/eng/players/41245151.html>Tamamura Shogo</a>,2,1,1,0,0,0,0,0,0,0,0,0,0,0,1,0,0,0,0,0.000,0.000,0.000,0.000,-103,0.000,,100.0%,100.0%,0.0%,0.00,24,1,L,<a href=https://npb.jp/bis/eng/teams/index_c.html>Hiroshima</a>,WL
,<a href=https://npb.jp/bis/eng/players/61265155.html>Tamura Shunsuke</a>,2,8,5,0,2,0,0,0,2,0,0,0,0,0,0,2,0,1,1,0.400,0.625,0.400,1.025,239,0.000,0.400,25.0%,0.0%,25.0%,1.00,21,9,L,<a href=https://npb.jp/bis/eng/teams/index_c.html>Hiroshima</a>,WL
,<a href=https://npb.jp/bis/eng/players/61965139.html>Tanaka Kosuke</a>,8,33,27,2,7,0,0,0,7,5,0,0,0,0,1,6,0,0,0,0.259,0.394,0.259,0.653,115,0.000,0.269,21.2%,3.0%,18.2%,6.00,35,6,L,<a href=https://npb.jp/bis/eng/teams/index_c.html>Hiroshima</a>,WL
,<a href=https://npb.jp/bis/eng/players/51355157.html>Uchida Shodai</a>,11,43,38,1,6,0,0,0,6,1,0,0,0,0,7,4,0,1,3,0.158,0.256,0.158,0.414,36,0.000,0.194,25.6%,16.3%,9.3%,0.57,20,5,R,<a href=https://npb.jp/bis/eng/teams/index_c.html>Hiroshima</a>,WL
,<a href=https://npb.jp/bis/eng/players/31335137.html>Uemoto Takashi</a>,7,20,15,1,4,0,0,0,4,1,1,1,0,0,2,4,0,1,1,0.267,0.450,0.267,0.717,136,0.000,0.308,30.0%,10.0%,20.0%,2.00,34,6,R,<a href=https://npb.jp/bis/eng/teams/index_c.html>Hiroshima</a>,WL
,<a href=https://npb.jp/bis/eng/players/41345151.html>Ugusa Koki</a>,1,1,1,0,0,0,0,0,0,0,0,0,0,0,0,0,0,0,0,0.000,0.000,0.000,0.000,-103,0.000,0.000,0.0%,0.0%,0.0%,,28,,L,<a href=https://npb.jp/bis/eng/teams/index_c.html>Hiroshima</a>,WL
,<a href=https://npb.jp/bis/eng/players/13515150.html>Watanabe Yuto</a>,10,31,29,2,5,1,0,0,6,0,0,0,0,0,3,1,0,1,2,0.172,0.226,0.207,0.433,42,0.035,0.192,12.9%,9.7%,3.2%,0.33,22,3,R,<a href=https://npb.jp/bis/eng/teams/index_c.html>Hiroshima</a>,WL
,<a href=https://npb.jp/bis/eng/players/51155151.html>Azuma Junpei</a>,1,4,3,1,0,0,0,0,0,0,0,0,0,0,2,0,0,1,0,0.000,0.250,0.000,0.250,-19,0.000,0.000,50.0%,50.0%,0.0%,0.00,23,7,R,<a href=https://npb.jp/bis/eng/teams/index_db.html>DeNA</a>,EL
,<a href=https://npb.jp/bis/eng/players/91095138.html>Chino Naoto</a>,5,14,13,0,2,0,0,0,2,2,0,0,0,0,3,1,0,0,0,0.154,0.214,0.154,0.368,20,0.000,0.200,28.6%,21.4%,7.1%,0.33,26,5,R,<a href=https://npb.jp/bis/eng/teams/index_db.html>DeNA</a>,EL
,<a href=https://npb.jp/bis/eng/players/91195159.html>Ishikami Taiki</a>,9,37,33,2,10,2,0,0,12,3,1,1,0,0,6,3,0,1,1,0.303,0.378,0.364,0.742,143,0.061,0.370,24.3%,16.2%,8.1%,0.50,24,4,L,<a href=https://npb.jp/bis/eng/teams/index_db.html>DeNA</a>,EL
,<a href=https://npb.jp/bis/eng/players/81185116.html>Itoh Hikaru</a>,6,17,16,0,4,0,0,0,4,1,0,0,0,0,6,1,0,0,0,0.250,0.294,0.250,0.544,78,0.000,0.400,41.2%,35.3%,5.9%,0.17,36,2,R,<a href=https://npb.jp/bis/eng/teams/index_db.html>DeNA</a>,EL
,<a href=https://npb.jp/bis/eng/players/43745159.html>Jackson Andre</a>,1,1,1,0,0,0,0,0,0,0,0,0,0,0,1,0,0,0,0,0.000,0.000,0.000,0.000,-102,0.000,,100.0%,100.0%,0.0%,0.00,29,1,R,<a href=https://npb.jp/bis/eng/teams/index_db.html>DeNA</a>,EL
,<a href=https://npb.jp/bis/eng/players/01905157.html>Joko Ryota</a>,4,7,5,1,0,0,0,0,0,0,0,0,0,0,2,2,0,0,0,0.000,0.286,0.000,0.286,-7,0.000,0.000,57.1%,28.6%,28.6%,1.00,24,DH,L,<a href=https://npb.jp/bis/eng/teams/index_db.html>DeNA</a>,EL
,<a href=https://npb.jp/bis/eng/players/51555155.html>Kajiwara Kouki</a>,3,13,13,3,3,0,0,1,6,1,2,0,0,0,3,0,0,0,0,0.231,0.231,0.462,0.693,127,0.231,0.222,30.8%,23.1%,0.0%,0.00,25,9,L,<a href=https://npb.jp/bis/eng/teams/index_db.html>DeNA</a>,EL
,<a href=https://npb.jp/bis/eng/players/71575136.html>Kamizato Kazuki</a>,4,18,15,1,3,0,0,0,3,0,1,0,0,0,5,3,0,0,1,0.200,0.333,0.200,0.533,74,0.000,0.300,44.4%,27.8%,16.7%,0.60,31,8,L,<a href=https://npb.jp/bis/eng/teams/index_db.html>DeNA</a>,EL
,<a href=https://npb.jp/bis/eng/players/21525150.html>Kato Hibiki</a>,10,42,40,2,9,2,0,0,11,2,1,0,0,0,9,2,0,0,0,0.225,0.262,0.275,0.537,76,0.050,0.290,26.2%,21.4%,4.8%,0.22,23,UTL,R,<a href=https://npb.jp/bis/eng/teams/index_db.html>DeNA</a>,EL
,<a href=https://npb.jp/bis/eng/players/41545138.html>Katsumata Atsushi</a>,10,39,38,4,11,0,1,1,16,3,1,0,0,0,6,0,0,1,1,0.289,0.308,0.421,0.729,139,0.132,0.323,17.9%,15.4%,0.0%,0.00,25,7,L,<a href=https://npb.jp/bis/eng/teams/index_db.html>DeNA</a>,EL
,<a href=https://npb.jp/bis/eng/players/31735134.html>Kuki Ryuhei</a>,8,26,20,1,6,1,0,0,7,1,1,0,0,0,7,6,0,0,0,0.300,0.462,0.350,0.812,166,0.050,0.462,50.0%,26.9%,23.1%,0.86,26,3,R,<a href=https://npb.jp/bis/eng/teams/index_db.html>DeNA</a>,EL
,<a href=https://npb.jp/bis/eng/players/91695138.html>Mashiko Kyosuke</a>,9,36,30,4,11,1,0,0,12,5,0,1,0,2,6,3,0,1,1,0.367,0.417,0.400,0.817,169,0.033,0.423,25.0%,16.7%,8.3%,0.50,24,3,R,<a href=https://npb.jp/bis/eng/teams/index_db.html>DeNA</a>,EL
,<a href=https://npb.jp/bis/eng/players/21825157.html>Matsuo Shion</a>,4,13,12,1,5,1,0,0,6,3,0,0,0,0,0,1,0,0,0,0.417,0.462,0.500,0.962,216,0.083,0.417,7.7%,0.0%,7.7%,1.00,20,2,R,<a href=https://npb.jp/bis/eng/teams/index_db.html>DeNA</a>,EL
,<a href=https://npb.jp/bis/eng/players/33135134.html>Mimori Masaki</a>,1,3,3,1,2,1,0,0,3,0,0,0,0,0,0,0,0,0,0,0.667,0.667,1.000,1.667,449,0.333,0.667,0.0%,0.0%,0.0%,,26,5,L,<a href=https://npb.jp/bis/eng/teams/index_db.html>DeNA</a>,EL
,<a href=https://npb.jp/bis/eng/players/33135151.html>Mori Keito</a>,1,4,4,0,2,1,0,0,3,0,0,1,0,0,0,0,0,0,0,0.500,0.500,0.750,1.250,311,0.250,0.500,0.0%,0.0%,0.0%,,23,6,L,<a href=https://npb.jp/bis/eng/teams/index_db.html>DeNA</a>,EL
,<a href=https://npb.jp/bis/eng/players/71475136.html>Nishimaki Kenji</a>,3,11,10,0,3,0,0,0,3,1,1,1,0,0,3,1,0,0,1,0.300,0.364,0.300,0.664,118,0.000,0.429,36.4%,27.3%,9.1%,0.33,26,4,R,<a href=https://npb.jp/bis/eng/teams/index_db.html>DeNA</a>,EL
,<a href=https://npb.jp/bis/eng/players/31535159.html>Ogasawara Sou</a>,2,1,1,0,0,0,0,0,0,0,0,0,0,0,0,0,0,0,0,0.000,0.000,0.000,0.000,-102,0.000,0.000,0.0%,0.0%,0.0%,,19,5,L,<a href=https://npb.jp/bis/eng/teams/index_db.html>DeNA</a>,EL
,<a href=https://npb.jp/bis/eng/players/01305138.html>Ohnuki Shinichi</a>,1,1,1,0,0,0,0,0,0,0,0,0,0,0,1,0,0,0,0,0.000,0.000,0.000,0.000,-102,0.000,,100.0%,100.0%,0.0%,0.00,31,1,R,<a href=https://npb.jp/bis/eng/teams/index_db.html>DeNA</a>,EL
,<a href=https://npb.jp/bis/eng/players/31935139.html>Sekine Taiki</a>,8,28,24,1,2,0,0,0,2,0,0,0,3,0,1,1,0,0,0,0.083,0.120,0.083,0.203,-35,0.000,0.087,7.1%,3.6%,3.6%,1.00,30,8,L,<a href=https://npb.jp/bis/eng/teams/index_db.html>DeNA</a>,EL
,<a href=https://npb.jp/bis/eng/players/93595157.html>Suzuki Ren</a>,2,5,4,0,1,0,0,0,1,0,0,0,0,0,2,1,0,0,0,0.250,0.400,0.250,0.650,113,0.000,0.500,60.0%,40.0%,20.0%,0.50,20,3,R,<a href=https://npb.jp/bis/eng/teams/index_db.html>DeNA</a>,EL
,<a href=https://npb.jp/bis/eng/players/11215159.html>Takamizawa Ikumi</a>,4,10,10,0,1,0,0,0,1,0,0,0,0,0,1,0,0,0,0,0.100,0.100,0.100,0.200,-36,0.000,0.111,10.0%,10.0%,0.0%,0.00,19,5,L,<a href=https://npb.jp/bis/eng/teams/index_db.html>DeNA</a>,EL
,<a href=https://npb.jp/bis/eng/players/91295159.html>Takeda Riku</a>,8,24,21,1,3,0,0,0,3,0,0,0,1,0,4,2,0,0,1,0.143,0.217,0.143,0.360,17,0.000,0.176,25.0%,16.7%,8.3%,0.50,20,7,L,<a href=https://npb.jp/bis/eng/teams/index_db.html>DeNA</a>,EL
,<a href=https://npb.jp/bis/eng/players/91495150.html>Tanai Manato</a>,7,19,15,2,2,1,0,0,3,0,1,0,0,0,1,4,0,0,1,0.133,0.316,0.200,0.516,69,0.067,0.143,26.3%,5.3%,21.1%,4.00,18,6,R,<a href=https://npb.jp/bis/eng/teams/index_db.html>DeNA</a>,EL
,<a href=https://npb.jp/bis/eng/players/41245132.html>Tobashira Yasutaka</a>,1,1,1,0,0,0,0,0,0,0,0,0,0,0,0,0,0,0,1,0.000,0.000,0.000,0.000,-102,0.000,0.000,0.0%,0.0%,0.0%,,35,2,L,<a href=https://npb.jp/bis/eng/teams/index_db.html>DeNA</a>,EL
,<a href=https://npb.jp/bis/eng/players/33535159.html>Watarai Ryuki</a>,8,33,29,3,10,1,0,0,11,3,1,0,0,0,2,4,0,0,1,0.345,0.424,0.379,0.803,163,0.034,0.370,18.2%,6.1%,12.1%,2.00,22,DH,L,<a href=https://npb.jp/bis/eng/teams/index_db.html>DeNA</a>,EL
,<a href=https://npb.jp/bis/eng/players/71175153.html>Akihiro Yuto</a>,7,23,21,2,4,0,0,0,4,1,0,0,0,0,6,2,0,0,1,0.190,0.261,0.190,0.451,48,0.000,0.267,34.8%,26.1%,8.7%,0.33,22,3,L,<a href=https://npb.jp/bis/eng/teams/index_g.html>Yomiuri</a>,EL
,<a href=https://npb.jp/bis/eng/players/71175150.html>Aramaki Yu</a>,7,18,16,2,5,1,0,0,6,4,0,0,0,0,5,2,0,0,0,0.313,0.389,0.375,0.764,153,0.062,0.455,38.9%,27.8%,11.1%,0.40,22,5,L,<a href=https://npb.jp/bis/eng/teams/index_g.html>Yomiuri</a>,EL
,<a href=https://npb.jp/bis/eng/players/91195157.html>Asano Shogo</a>,7,19,15,0,3,1,0,0,4,3,0,0,0,1,1,3,0,0,0,0.200,0.316,0.267,0.583,92,0.067,0.200,21.1%,5.3%,15.8%,3.00,20,7,R,<a href=https://npb.jp/bis/eng/teams/index_g.html>Yomiuri</a>,EL
,<a href=https://npb.jp/bis/eng/players/73575150.html>Cabbage Trey</a>,2,6,6,3,4,0,0,0,4,0,0,0,0,0,1,0,0,0,0,0.667,0.667,0.667,1.334,344,0.000,0.800,16.7%,16.7%,0.0%,0.00,28,9,L,<a href=https://npb.jp/bis/eng/teams/index_g.html>Yomiuri</a>,EL
,<a href=https://npb.jp/bis/eng/players/83285159.html>Chlup Marek</a>,9,25,23,6,6,1,0,1,10,7,1,0,0,0,9,2,0,0,1,0.261,0.320,0.435,0.755,149,0.174,0.385,48.0%,36.0%,8.0%,0.22,26,DH,R,<a href=https://npb.jp/bis/eng/teams/index_g.html>Yomiuri</a>,EL
,<a href=https://npb.jp/bis/eng/players/91995131.html>Chono Hisayoshi</a>,2,6,5,0,1,0,0,0,1,0,0,0,0,0,1,1,0,0,0,0.200,0.333,0.200,0.533,75,0.000,0.250,33.3%,16.7%,16.7%,1.00,40,DH,R,<a href=https://npb.jp/bis/eng/teams/index_g.html>Yomiuri</a>,EL
,<a href=https://npb.jp/bis/eng/players/01605151.html>Funakoshi Hidetora</a>,4,10,8,3,3,0,0,0,3,0,0,1,2,0,3,0,0,0,0,0.375,0.375,0.375,0.750,148,0.000,0.600,30.0%,30.0%,0.0%,0.00,23,7,S,<a href=https://npb.jp/bis/eng/teams/index_g.html>Yomiuri</a>,EL
,<a href=https://npb.jp/bis/eng/players/81485157.html>Hagio Masaya</a>,7,26,23,4,7,0,0,3,16,4,0,0,0,1,3,1,0,1,1,0.304,0.346,0.696,1.042,246,0.392,0.222,26.9%,11.5%,3.8%,0.33,24,DH,R,<a href=https://npb.jp/bis/eng/teams/index_g.html>Yomiuri</a>,EL
,<a href=https://npb.jp/bis/eng/players/51355151.html>Inoue Haruto</a>,1,1,0,0,0,0,0,0,0,0,0,0,1,0,0,0,0,0,0,0.000,0.000,0.000,0.000,-103,0.000,,0.0%,0.0%,0.0%,,24,1,L,<a href=https://npb.jp/bis/eng/teams/index_g.html>Yomiuri</a>,EL
,<a href=https://npb.jp/bis/eng/players/61165159.html>Izuguchi Yuta</a>,7,26,22,4,7,0,0,1,10,4,1,0,1,1,2,2,1,0,0,0.318,0.360,0.455,0.815,170,0.137,0.300,19.2%,7.7%,7.7%,1.00,26,6,L,<a href=https://npb.jp/bis/eng/teams/index_g.html>Yomiuri</a>,EL
,<a href=https://npb.jp/bis/eng/players/91595136.html>Kishida Yukinori</a>,2,8,7,1,2,0,0,0,2,1,0,0,0,0,2,1,0,0,1,0.286,0.375,0.286,0.661,119,0.000,0.400,37.5%,25.0%,12.5%,0.50,28,2,R,<a href=https://npb.jp/bis/eng/teams/index_g.html>Yomiuri</a>,EL
,<a href=https://npb.jp/bis/eng/players/31935153.html>Kita Ryusuke</a>,6,14,13,4,5,2,0,0,7,3,0,0,0,0,1,0,0,1,1,0.385,0.429,0.538,0.967,221,0.153,0.417,7.1%,7.1%,0.0%,0.00,26,2,R,<a href=https://npb.jp/bis/eng/teams/index_g.html>Yomiuri</a>,EL
,<a href=https://npb.jp/bis/eng/players/91795139.html>Kobayashi Seiji</a>,5,8,8,0,3,0,0,0,3,2,0,0,0,0,0,0,0,0,0,0.375,0.375,0.375,0.750,148,0.000,0.375,0.0%,0.0%,0.0%,,36,2,R,<a href=https://npb.jp/bis/eng/teams/index_g.html>Yomiuri</a>,EL
,<a href=https://npb.jp/bis/eng/players/91795134.html>Kohri Takuya</a>,12,28,26,4,6,1,0,0,7,2,0,0,0,0,3,1,0,1,1,0.231,0.286,0.269,0.555,82,0.038,0.261,14.3%,10.7%,3.6%,0.33,27,5,R,<a href=https://npb.jp/bis/eng/teams/index_g.html>Yomiuri</a>,EL
,<a href=https://npb.jp/bis/eng/players/01605138.html>Masuda Riku</a>,10,36,33,4,13,0,0,0,13,7,0,0,0,1,1,1,0,1,0,0.394,0.417,0.394,0.811,169,0.000,0.394,5.6%,2.8%,2.8%,1.00,25,4,R,<a href=https://npb.jp/bis/eng/teams/index_g.html>Yomiuri</a>,EL
,<a href=https://npb.jp/bis/eng/players/03305159.html>Murayama Gen</a>,8,15,12,3,3,1,0,0,4,3,0,1,1,0,3,2,0,0,0,0.250,0.357,0.333,0.690,128,0.083,0.333,33.3%,20.0%,13.3%,0.67,20,6,R,<a href=https://npb.jp/bis/eng/teams/index_g.html>Yomiuri</a>,EL
,<a href=https://npb.jp/bis/eng/players/31635159.html>Nishidate Yuhi</a>,2,2,2,1,1,1,0,0,2,0,0,0,0,0,0,0,0,0,0,0.500,0.500,1.000,1.500,400,0.500,0.500,0.0%,0.0%,0.0%,,23,1,R,<a href=https://npb.jp/bis/eng/teams/index_g.html>Yomiuri</a>,EL
,<a href=https://npb.jp/bis/eng/players/21325136.html>Ohshiro Takumi</a>,1,4,4,0,0,0,0,0,0,0,0,0,0,0,2,0,0,0,0,0.000,0.000,0.000,0.000,-103,0.000,0.000,50.0%,50.0%,0.0%,0.00,32,2,L,<a href=https://npb.jp/bis/eng/teams/index_g.html>Yomiuri</a>,EL
,<a href=https://npb.jp/bis/eng/players/81385155.html>Okada Yuki</a>,10,25,21,3,6,1,0,0,7,3,1,1,0,0,7,4,0,0,0,0.286,0.400,0.333,0.733,142,0.047,0.429,44.0%,28.0%,16.0%,0.57,25,8,L,<a href=https://npb.jp/bis/eng/teams/index_g.html>Yomiuri</a>,EL
,<a href=https://npb.jp/bis/eng/players/21925155.html>Sasahara Misaki</a>,8,23,19,3,8,2,0,0,10,4,3,0,0,1,3,3,0,0,0,0.421,0.478,0.526,1.004,233,0.105,0.471,26.1%,13.0%,13.0%,1.00,21,8,R,<a href=https://npb.jp/bis/eng/teams/index_g.html>Yomiuri</a>,EL
,<a href=https://npb.jp/bis/eng/players/51955159.html>Sasaki Shunsuke</a>,12,34,33,6,9,1,1,0,12,1,1,1,0,0,5,1,0,0,0,0.273,0.294,0.364,0.658,118,0.091,0.321,17.6%,14.7%,2.9%,0.20,25,9,L,<a href=https://npb.jp/bis/eng/teams/index_g.html>Yomiuri</a>,EL
,<a href=https://npb.jp/bis/eng/players/21925132.html>Shigenobu Shinnosuke</a>,9,23,19,6,3,0,0,1,6,2,1,1,1,0,3,3,0,0,1,0.158,0.273,0.316,0.589,94,0.158,0.133,30.4%,13.0%,13.0%,1.00,32,8,L,<a href=https://npb.jp/bis/eng/teams/index_g.html>Yomiuri</a>,EL
,<a href=https://npb.jp/bis/eng/players/11215114.html>Tanaka Masahiro</a>,2,2,2,0,0,0,0,0,0,0,0,0,0,0,1,0,0,0,0,0.000,0.000,0.000,0.000,-103,0.000,0.000,50.0%,50.0%,0.0%,0.00,36,1,R,<a href=https://npb.jp/bis/eng/teams/index_g.html>Yomiuri</a>,EL
,<a href=https://npb.jp/bis/eng/players/13015153.html>Tima Julian</a>,10,35,31,4,10,3,0,2,19,8,0,0,0,1,5,3,0,0,2,0.323,0.371,0.613,0.984,227,0.290,0.320,28.6%,14.3%,8.6%,0.60,20,3,R,<a href=https://npb.jp/bis/eng/teams/index_g.html>Yomiuri</a>,EL
,<a href=https://npb.jp/bis/eng/players/81385150.html>Urata Shunsuke</a>,3,6,6,2,3,0,0,0,3,3,1,0,0,0,0,0,0,0,0,0.500,0.500,0.500,1.000,232,0.000,0.500,0.0%,0.0%,0.0%,,22,6,L,<a href=https://npb.jp/bis/eng/teams/index_g.html>Yomiuri</a>,EL
,<a href=https://npb.jp/bis/eng/players/03305153.html>Yamasaki Iori</a>,1,1,1,0,0,0,0,0,0,0,0,0,0,0,0,0,0,0,0,0.000,0.000,0.000,0.000,-103,0.000,0.000,0.0%,0.0%,0.0%,,26,1,L,<a href=https://npb.jp/bis/eng/teams/index_g.html>Yomiuri</a>,EL
,<a href=https://npb.jp/bis/eng/players/03105151.html>Yamase Shinnosuke</a>,7,18,14,4,6,1,0,0,7,2,0,0,1,0,2,3,0,0,1,0.429,0.529,0.500,1.029,241,0.071,0.500,27.8%,11.1%,16.7%,1.50,24,2,R,<a href=https://npb.jp/bis/eng/teams/index_g.html>Yomiuri</a>,EL
,<a href=https://npb.jp/bis/eng/players/43145136.html>Yuasa Dai</a>,9,27,25,2,5,0,0,0,5,4,0,0,1,0,6,1,0,0,1,0.200,0.231,0.200,0.431,41,0.000,0.263,25.9%,22.2%,3.7%,0.17,25,UTL,R,<a href=https://npb.jp/bis/eng/teams/index_g.html>Yomiuri</a>,EL
,<a href=https://npb.jp/bis/eng/players/91495138.html>Hamada Taiki</a>,1,4,4,0,0,0,0,0,0,0,0,0,0,0,2,0,0,0,0,0.000,0.000,0.000,0.000,-98,0.000,0.000,50.0%,50.0%,0.0%,0.00,24,UTL,R,<a href=https://npb.jp/bis/eng/teams/index_s.html>Yakult</a>,EL
,<a href=https://npb.jp/bis/eng/players/11615157.html>Hashimoto Seiya</a>,10,36,34,5,8,3,0,0,11,4,1,1,0,0,4,2,0,0,1,0.235,0.278,0.324,0.602,94,0.089,0.267,16.7%,11.1%,5.6%,0.50,24,5,L,<a href=https://npb.jp/bis/eng/teams/index_s.html>Yakult</a>,EL
,<a href=https://npb.jp/bis/eng/players/81185159.html>Itoh Ryui</a>,2,8,7,0,2,0,0,0,2,0,0,0,1,0,3,0,0,0,0,0.286,0.286,0.286,0.572,84,0.000,0.500,37.5%,37.5%,0.0%,0.00,22,6,R,<a href=https://npb.jp/bis/eng/teams/index_s.html>Yakult</a>,EL
,<a href=https://npb.jp/bis/eng/players/51355155.html>Iwata Yukihiro</a>,5,20,17,5,8,0,0,0,8,1,4,0,0,0,2,3,0,0,0,0.471,0.550,0.471,1.021,227,0.000,0.533,25.0%,10.0%,15.0%,1.50,27,8,L,<a href=https://npb.jp/bis/eng/teams/index_s.html>Yakult</a>,EL
,<a href=https://npb.jp/bis/eng/players/31735112.html>Kawabata Shingo</a>,8,24,23,2,6,0,0,0,6,1,0,0,0,0,2,1,0,0,1,0.261,0.292,0.261,0.553,78,0.000,0.286,12.5%,8.3%,4.2%,0.50,37,DH,L,<a href=https://npb.jp/bis/eng/teams/index_s.html>Yakult</a>,EL
,<a href=https://npb.jp/bis/eng/players/01505157.html>Kitamura Keigo</a>,8,26,24,1,6,1,0,0,7,0,0,0,0,0,5,2,0,0,1,0.250,0.308,0.292,0.600,93,0.042,0.316,26.9%,19.2%,7.7%,0.40,24,3,R,<a href=https://npb.jp/bis/eng/teams/index_s.html>Yakult</a>,EL
,<a href=https://npb.jp/bis/eng/players/21525136.html>Kitamura Takumi</a>,5,18,17,3,6,1,0,0,7,3,0,0,0,0,2,0,0,1,1,0.353,0.389,0.412,0.801,157,0.059,0.400,11.1%,11.1%,0.0%,0.00,29,4,R,<a href=https://npb.jp/bis/eng/teams/index_s.html>Yakult</a>,EL
,<a href=https://npb.jp/bis/eng/players/01705134.html>Koga Yudai</a>,1,5,5,1,3,0,0,0,3,1,0,0,0,0,0,0,0,0,0,0.600,0.600,0.600,1.200,284,0.000,0.600,0.0%,0.0%,0.0%,,26,2,R,<a href=https://npb.jp/bis/eng/teams/index_s.html>Yakult</a>,EL
,<a href=https://npb.jp/bis/eng/players/93995150.html>Lambert Peter</a>,2,2,2,1,1,1,0,0,2,1,0,0,0,0,1,0,0,0,0,0.500,0.500,1.000,1.500,380,0.500,1.000,50.0%,50.0%,0.0%,0.00,28,1,R,<a href=https://npb.jp/bis/eng/teams/index_s.html>Yakult</a>,EL
,<a href=https://npb.jp/bis/eng/players/11815136.html>Masuda Shu</a>,1,4,4,0,1,0,0,0,1,0,0,0,0,0,2,0,0,0,0,0.250,0.250,0.250,0.500,62,0.000,0.500,50.0%,50.0%,0.0%,0.00,26,7,R,<a href=https://npb.jp/bis/eng/teams/index_s.html>Yakult</a>,EL
,<a href=https://npb.jp/bis/eng/players/61865150.html>Matsumoto Ryunosuke</a>,7,7,6,2,1,1,0,0,2,0,1,0,0,0,2,1,0,0,0,0.167,0.286,0.333,0.619,99,0.166,0.250,42.9%,28.6%,14.3%,0.50,20,TWP,L,<a href=https://npb.jp/bis/eng/teams/index_s.html>Yakult</a>,EL
,<a href=https://npb.jp/bis/eng/players/01805136.html>Miyamoto Takeshi</a>,1,3,3,0,1,0,0,0,1,1,0,0,0,0,1,0,0,0,0,0.333,0.333,0.333,0.666,114,0.000,0.500,33.3%,33.3%,0.0%,0.00,30,4,L,<a href=https://npb.jp/bis/eng/teams/index_s.html>Yakult</a>,EL
,<a href=https://npb.jp/bis/eng/players/93195150.html>Moiseev Nikita</a>,7,18,16,1,2,0,0,0,2,2,0,0,0,0,7,2,0,0,0,0.125,0.222,0.125,0.347,13,0.000,0.222,50.0%,38.9%,11.1%,0.29,18,8,L,<a href=https://npb.jp/bis/eng/teams/index_s.html>Yakult</a>,EL
,<a href=https://npb.jp/bis/eng/players/01405153.html>Nakagawa Takuma</a>,6,15,15,1,2,0,0,0,2,0,0,0,0,0,4,0,0,0,0,0.133,0.133,0.133,0.266,-14,0.000,0.182,26.7%,26.7%,0.0%,0.00,22,2,R,<a href=https://npb.jp/bis/eng/teams/index_s.html>Yakult</a>,EL
,<a href=https://npb.jp/bis/eng/players/41645150.html>Negishi Tatsunori</a>,6,15,14,1,5,1,0,0,6,1,0,0,0,0,3,1,0,0,1,0.357,0.400,0.429,0.829,166,0.072,0.455,26.7%,20.0%,6.7%,0.33,24,3,L,<a href=https://npb.jp/bis/eng/teams/index_s.html>Yakult</a>,EL
,<a href=https://npb.jp/bis/eng/players/91495157.html>Nishimura Ruito</a>,8,27,25,0,3,0,0,0,3,2,0,2,0,0,6,2,0,0,0,0.120,0.185,0.120,0.305,-1,0.000,0.158,29.6%,22.2%,7.4%,0.33,20,7,L,<a href=https://npb.jp/bis/eng/teams/index_s.html>Yakult</a>,EL
,<a href=https://npb.jp/bis/eng/players/11515137.html>Ogawa Yasuhiro</a>,2,3,3,0,1,0,0,0,1,0,0,0,0,0,0,0,0,0,0,0.333,0.333,0.333,0.666,114,0.000,0.333,0.0%,0.0%,0.0%,,35,1,R,<a href=https://npb.jp/bis/eng/teams/index_s.html>Yakult</a>,EL
,<a href=https://npb.jp/bis/eng/players/81385130.html>Ohta Kengo</a>,3,6,6,0,0,0,0,0,0,0,0,0,0,0,1,0,0,0,0,0.000,0.000,0.000,0.000,-98,0.000,0.000,16.7%,16.7%,0.0%,0.00,28,8,L,<a href=https://npb.jp/bis/eng/teams/index_s.html>Yakult</a>,EL
,<a href=https://npb.jp/bis/eng/players/51955157.html>Sawai Ren</a>,7,25,20,0,4,0,0,0,4,1,0,0,0,0,5,4,0,1,0,0.200,0.360,0.200,0.560,80,0.000,0.267,36.0%,20.0%,16.0%,0.80,25,9,L,<a href=https://npb.jp/bis/eng/teams/index_s.html>Yakult</a>,EL
,<a href=https://npb.jp/bis/eng/players/21025151.html>Sawano Kiyoharu</a>,8,26,26,3,4,1,0,0,5,3,0,0,0,0,5,0,0,0,0,0.154,0.154,0.192,0.346,12,0.038,0.190,19.2%,19.2%,0.0%,0.00,23,6,L,<a href=https://npb.jp/bis/eng/teams/index_s.html>Yakult</a>,EL
,<a href=https://npb.jp/bis/eng/players/21925139.html>Takanashi Hirotoshi</a>,2,2,2,0,0,0,0,0,0,0,0,0,0,0,0,0,0,0,0,0.000,0.000,0.000,0.000,-98,0.000,0.000,0.0%,0.0%,0.0%,,34,1,R,<a href=https://npb.jp/bis/eng/teams/index_s.html>Yakult</a>,EL
,<a href=https://npb.jp/bis/eng/players/81085159.html>Takano Souta</a>,3,10,8,0,1,1,0,0,2,1,0,0,0,1,3,1,0,0,1,0.125,0.200,0.250,0.450,45,0.125,0.167,40.0%,30.0%,10.0%,0.33,19,3,R,<a href=https://npb.jp/bis/eng/teams/index_s.html>Yakult</a>,EL
,<a href=https://npb.jp/bis/eng/players/01405150.html>Tanaka Haruto</a>,2,7,7,0,0,0,0,0,0,1,0,0,0,0,3,0,0,0,0,0.000,0.000,0.000,0.000,-98,0.000,0.000,42.9%,42.9%,0.0%,0.00,19,6,L,<a href=https://npb.jp/bis/eng/teams/index_s.html>Yakult</a>,EL
,<a href=https://npb.jp/bis/eng/players/91595153.html>Uchiyama Souma</a>,4,15,13,1,3,1,0,0,4,0,0,0,0,0,4,1,0,1,0,0.231,0.333,0.308,0.641,106,0.077,0.333,33.3%,26.7%,6.7%,0.25,23,2,R,<a href=https://npb.jp/bis/eng/teams/index_s.html>Yakult</a>,EL
,<a href=https://npb.jp/bis/eng/players/91895133.html>Yamada Tetsuto</a>,7,21,20,1,4,1,0,1,8,2,0,0,0,0,2,1,0,0,0,0.200,0.238,0.400,0.638,105,0.200,0.176,19.0%,9.5%,4.8%,0.50,32,4,R,<a href=https://npb.jp/bis/eng/teams/index_s.html>Yakult</a>,EL
,<a href=https://npb.jp/bis/eng/players/63365153.html>Yamano Taichi</a>,2,2,2,0,0,0,0,0,0,0,0,0,0,0,1,0,0,0,0,0.000,0.000,0.000,0.000,-98,0.000,0.000,50.0%,50.0%,0.0%,0.00,26,1,L,<a href=https://npb.jp/bis/eng/teams/index_s.html>Yakult</a>,EL
,<a href=https://npb.jp/bis/eng/players/31835155.html>Fukumoto Yuma</a>,7,19,19,3,9,2,0,0,11,10,1,0,0,0,2,0,0,0,0,0.474,0.474,0.579,1.053,241,0.105,0.529,10.5%,10.5%,0.0%,0.00,25,DH,R,<a href=https://npb.jp/bis/eng/teams/index_d.html>Chunichi</a>,WL
,<a href=https://npb.jp/bis/eng/players/81785133.html>Gotoh Shunta</a>,4,12,11,0,5,0,0,0,5,1,0,0,0,0,3,1,0,0,0,0.455,0.500,0.455,0.955,209,0.000,0.625,33.3%,25.0%,8.3%,0.33,32,7,L,<a href=https://npb.jp/bis/eng/teams/index_d.html>Chunichi</a>,WL
,<a href=https://npb.jp/bis/eng/players/71675157.html>Hama Shonosuke</a>,12,48,43,6,8,1,0,0,9,4,5,0,0,0,5,5,1,0,0,0.186,0.271,0.209,0.480,56,0.023,0.211,20.8%,10.4%,10.4%,1.00,25,8,L,<a href=https://npb.jp/bis/eng/teams/index_d.html>Chunichi</a>,WL
,<a href=https://npb.jp/bis/eng/players/21625157.html>Higuchi Seishu</a>,3,10,9,2,2,0,0,0,2,0,0,0,1,0,1,0,0,0,0,0.222,0.222,0.222,0.444,44,0.000,0.250,10.0%,10.0%,0.0%,0.00,26,4,L,<a href=https://npb.jp/bis/eng/teams/index_d.html>Chunichi</a>,WL
,<a href=https://npb.jp/bis/eng/players/81685159.html>Hiwatari Touki</a>,6,9,8,0,1,0,0,0,1,0,0,0,0,0,3,0,0,1,0,0.125,0.222,0.125,0.347,13,0.000,0.200,33.3%,33.3%,0.0%,0.00,20,2,L,<a href=https://npb.jp/bis/eng/teams/index_d.html>Chunichi</a>,WL
,<a href=https://npb.jp/bis/eng/players/01805155.html>Hoshino Mao</a>,5,9,8,0,0,0,0,0,0,0,0,0,1,0,3,0,0,0,2,0.000,0.000,0.000,0.000,-100,0.000,0.000,33.3%,33.3%,0.0%,0.00,21,5,R,<a href=https://npb.jp/bis/eng/teams/index_d.html>Chunichi</a>,WL
,<a href=https://npb.jp/bis/eng/players/91395132.html>Itayama Yutaro</a>,3,12,11,1,4,2,0,0,6,1,0,0,0,0,0,1,0,0,0,0.364,0.417,0.545,0.962,212,0.181,0.364,8.3%,0.0%,8.3%,1.00,31,4,L,<a href=https://npb.jp/bis/eng/teams/index_d.html>Chunichi</a>,WL
,<a href=https://npb.jp/bis/eng/players/01505159.html>Kato Ryuma</a>,4,11,11,0,1,1,0,0,2,2,0,0,0,0,5,0,0,0,0,0.091,0.091,0.182,0.273,-11,0.091,0.167,45.5%,45.5%,0.0%,0.00,26,9,S,<a href=https://npb.jp/bis/eng/teams/index_d.html>Chunichi</a>,WL
,<a href=https://npb.jp/bis/eng/players/81585132.html>Kawagoe Seiji</a>,10,28,27,1,6,0,0,0,6,3,1,0,0,0,9,1,0,0,0,0.222,0.250,0.222,0.472,53,0.000,0.333,35.7%,32.1%,3.6%,0.11,32,DH,L,<a href=https://npb.jp/bis/eng/teams/index_d.html>Chunichi</a>,WL
,<a href=https://npb.jp/bis/eng/players/41545159.html>Kawakami Rii</a>,14,59,44,8,13,0,0,0,13,7,4,3,0,1,7,11,0,3,1,0.295,0.458,0.295,0.753,144,0.000,0.342,30.5%,11.9%,18.6%,1.57,24,3,R,<a href=https://npb.jp/bis/eng/teams/index_d.html>Chunichi</a>,WL
,<a href=https://npb.jp/bis/eng/players/93295157.html>Mejia Humberto</a>,2,1,0,1,0,0,0,0,0,0,0,0,0,0,0,1,0,0,0,0.000,1.000,0.000,1.000,224,0.000,,100.0%,0.0%,100.0%,1.00,28,TWP,R,<a href=https://npb.jp/bis/eng/teams/index_d.html>Chunichi</a>,WL
,<a href=https://npb.jp/bis/eng/players/83185155.html>Miya Taisei</a>,8,24,23,3,4,1,1,0,7,7,0,0,1,0,5,0,0,0,0,0.174,0.174,0.304,0.478,55,0.130,0.222,20.8%,20.8%,0.0%,0.00,22,2,L,<a href=https://npb.jp/bis/eng/teams/index_d.html>Chunichi</a>,WL
,<a href=https://npb.jp/bis/eng/players/83985159.html>Monier Carlos</a>,6,19,17,3,4,0,0,1,7,4,1,1,0,0,4,2,0,0,0,0.235,0.316,0.412,0.728,136,0.177,0.250,36.8%,21.1%,10.5%,0.50,24,7,R,<a href=https://npb.jp/bis/eng/teams/index_d.html>Chunichi</a>,WL
,<a href=https://npb.jp/bis/eng/players/71675150.html>Nakamura Naiki</a>,5,14,14,3,4,0,0,0,4,0,0,0,0,0,2,0,0,0,1,0.286,0.286,0.286,0.572,86,0.000,0.333,14.3%,14.3%,0.0%,0.00,18,5,R,<a href=https://npb.jp/bis/eng/teams/index_d.html>Chunichi</a>,WL
,<a href=https://npb.jp/bis/eng/players/71575159.html>Oda Gouki</a>,14,57,46,6,14,0,2,0,18,6,5,2,2,0,11,9,0,0,0,0.304,0.418,0.391,0.809,162,0.087,0.400,35.1%,19.3%,15.8%,0.82,24,9,L,<a href=https://npb.jp/bis/eng/teams/index_d.html>Chunichi</a>,WL
,<a href=https://npb.jp/bis/eng/players/03005159.html>Rodriguez Christian</a>,8,25,21,3,6,0,0,1,9,3,1,0,0,0,2,4,1,0,0,0.286,0.400,0.429,0.829,168,0.143,0.278,28.0%,8.0%,16.0%,2.00,23,6,R,<a href=https://npb.jp/bis/eng/teams/index_d.html>Chunichi</a>,WL
,<a href=https://npb.jp/bis/eng/players/91095135.html>Takahashi Shuhei</a>,4,11,10,2,1,0,0,0,1,0,0,0,0,0,3,1,0,0,0,0.100,0.182,0.100,0.282,-8,0.000,0.143,36.4%,27.3%,9.1%,0.33,31,5,L,<a href=https://npb.jp/bis/eng/teams/index_d.html>Chunichi</a>,WL
,<a href=https://npb.jp/bis/eng/players/51455153.html>Tsuchida Ryuku</a>,8,34,30,6,7,0,1,0,9,3,2,1,0,1,6,3,0,0,0,0.233,0.294,0.300,0.594,93,0.067,0.280,26.5%,17.6%,8.8%,0.50,22,6,L,<a href=https://npb.jp/bis/eng/teams/index_d.html>Chunichi</a>,WL
,<a href=https://npb.jp/bis/eng/players/81285159.html>Tsuda Keishi</a>,14,52,47,6,10,2,0,0,12,2,2,1,1,0,9,3,0,1,3,0.213,0.275,0.255,0.530,72,0.042,0.263,23.1%,17.3%,5.8%,0.33,22,UTL,R,<a href=https://npb.jp/bis/eng/teams/index_d.html>Chunichi</a>,WL
,<a href=https://npb.jp/bis/eng/players/71375155.html>Ukai Kosuke</a>,9,39,34,12,14,3,2,1,24,10,1,1,0,0,5,4,0,1,0,0.412,0.487,0.706,1.193,287,0.294,0.464,25.6%,12.8%,10.3%,0.80,26,7,R,<a href=https://npb.jp/bis/eng/teams/index_d.html>Chunichi</a>,WL
,<a href=https://npb.jp/bis/eng/players/61365132.html>Usami Shingo</a>,11,37,33,6,9,3,0,1,15,5,0,0,0,0,8,4,0,0,1,0.273,0.351,0.455,0.806,161,0.182,0.333,35.1%,21.6%,10.8%,0.50,32,2,L,<a href=https://npb.jp/bis/eng/teams/index_d.html>Chunichi</a>,WL
,<a href=https://npb.jp/bis/eng/players/93195132.html>Yamamoto Yasuhiro</a>,3,10,8,1,3,0,1,0,5,0,0,0,0,0,1,2,0,0,0,0.375,0.500,0.625,1.125,265,0.250,0.429,30.0%,10.0%,20.0%,2.00,31,4,R,<a href=https://npb.jp/bis/eng/teams/index_d.html>Chunichi</a>,WL
,<a href=https://npb.jp/bis/eng/players/61065157.html>Chano Tokumasa</a>,12,36,31,5,8,0,0,0,8,0,2,0,2,0,3,3,0,0,0,0.258,0.324,0.258,0.582,95,0.000,0.286,16.7%,8.3%,8.3%,1.00,25,9,L,<a href=https://npb.jp/bis/eng/teams/index_b.html>ORIX</a>,WL
,<a href=https://npb.jp/bis/eng/players/83585150.html>Diaz Jordan</a>,8,26,25,1,5,0,0,0,5,2,0,0,0,0,8,1,0,0,2,0.200,0.231,0.200,0.431,43,0.000,0.294,34.6%,30.8%,3.8%,0.12,24,DH,R,<a href=https://npb.jp/bis/eng/teams/index_b.html>ORIX</a>,WL
,<a href=https://npb.jp/bis/eng/players/71575151.html>Endo Jo</a>,9,12,12,1,2,0,0,0,2,0,1,0,0,0,6,0,0,0,0,0.167,0.167,0.167,0.334,10,0.000,0.333,50.0%,50.0%,0.0%,0.00,23,4,L,<a href=https://npb.jp/bis/eng/teams/index_b.html>ORIX</a>,WL
,<a href=https://npb.jp/bis/eng/players/01605136.html>Fukuda Shuhei</a>,1,3,3,0,1,0,0,0,1,0,0,0,0,0,0,0,0,0,0,0.333,0.333,0.333,0.666,123,0.000,0.333,0.0%,0.0%,0.0%,,32,9,L,<a href=https://npb.jp/bis/eng/teams/index_b.html>ORIX</a>,WL
,<a href=https://npb.jp/bis/eng/players/11815155.html>Fukunaga Sho</a>,2,4,4,0,0,0,0,0,0,0,0,0,0,0,2,0,0,0,0,0.000,0.000,0.000,0.000,-106,0.000,0.000,50.0%,50.0%,0.0%,0.00,25,2,R,<a href=https://npb.jp/bis/eng/teams/index_b.html>ORIX</a>,WL
,<a href=https://npb.jp/bis/eng/players/21925153.html>Gen Kendai</a>,15,51,40,6,12,2,0,0,14,3,2,0,2,1,7,8,1,0,2,0.300,0.408,0.350,0.758,155,0.050,0.353,29.4%,13.7%,15.7%,1.14,23,8,R,<a href=https://npb.jp/bis/eng/teams/index_b.html>ORIX</a>,WL
,<a href=https://npb.jp/bis/eng/players/51755138.html>Gibo Sho</a>,6,8,7,2,1,0,1,0,3,3,1,0,0,0,2,1,0,0,0,0.143,0.250,0.429,0.679,129,0.286,0.200,37.5%,25.0%,12.5%,0.50,24,DH,L,<a href=https://npb.jp/bis/eng/teams/index_b.html>ORIX</a>,WL
,<a href=https://npb.jp/bis/eng/players/21625132.html>Hirooka Taishi</a>,1,4,4,0,2,0,0,0,2,0,0,0,0,0,0,0,0,0,1,0.500,0.500,0.500,1.000,239,0.000,0.500,0.0%,0.0%,0.0%,,28,5,R,<a href=https://npb.jp/bis/eng/teams/index_b.html>ORIX</a>,WL
,<a href=https://npb.jp/bis/eng/players/81885159.html>Hori Shuna</a>,10,34,31,3,7,1,0,0,8,1,0,0,2,0,6,0,0,1,2,0.226,0.250,0.258,0.508,69,0.032,0.280,17.6%,17.6%,0.0%,0.00,19,2,R,<a href=https://npb.jp/bis/eng/teams/index_b.html>ORIX</a>,WL
,<a href=https://npb.jp/bis/eng/players/41145155.html>Ikeda Ryoma</a>,13,34,34,2,6,1,0,0,7,1,0,0,0,0,7,0,0,0,1,0.176,0.176,0.206,0.382,26,0.030,0.222,20.6%,20.6%,0.0%,0.00,21,7,R,<a href=https://npb.jp/bis/eng/teams/index_b.html>ORIX</a>,WL
,<a href=https://npb.jp/bis/eng/players/01305150.html>Imasaka Tomoki</a>,1,3,3,0,0,0,0,0,0,0,0,0,0,0,1,0,0,0,0,0.000,0.000,0.000,0.000,-106,0.000,0.000,33.3%,33.3%,0.0%,0.00,18,5,L,<a href=https://npb.jp/bis/eng/teams/index_b.html>ORIX</a>,WL
,<a href=https://npb.jp/bis/eng/players/21525130.html>Katsuki Kazuya</a>,3,7,7,0,2,0,0,0,2,1,0,0,0,0,3,0,0,0,0,0.286,0.286,0.286,0.572,91,0.000,0.500,42.9%,42.9%,0.0%,0.00,29,3,L,<a href=https://npb.jp/bis/eng/teams/index_b.html>ORIX</a>,WL
,<a href=https://npb.jp/bis/eng/players/11715159.html>Kawano Sota</a>,3,6,5,0,0,0,0,0,0,0,1,0,0,0,1,1,0,0,0,0.000,0.167,0.000,0.167,-49,0.000,0.000,33.3%,16.7%,16.7%,1.00,25,5,L,<a href=https://npb.jp/bis/eng/teams/index_b.html>ORIX</a>,WL
,<a href=https://npb.jp/bis/eng/players/51955153.html>Kita Ryoto</a>,7,26,22,3,8,1,0,0,9,3,0,0,0,2,2,2,0,0,1,0.364,0.385,0.409,0.794,168,0.045,0.364,15.4%,7.7%,7.7%,1.00,22,7,L,<a href=https://npb.jp/bis/eng/teams/index_b.html>ORIX</a>,WL
,<a href=https://npb.jp/bis/eng/players/33135150.html>Mugitani Yusuke</a>,1,3,2,0,0,0,0,0,0,1,0,0,0,1,2,0,0,0,0,0.000,0.000,0.000,0.000,-106,0.000,0.000,66.7%,66.7%,0.0%,0.00,22,8,L,<a href=https://npb.jp/bis/eng/teams/index_b.html>ORIX</a>,WL
,<a href=https://npb.jp/bis/eng/players/91295157.html>Naito Ho</a>,15,58,52,1,15,2,0,0,17,6,0,0,0,0,6,6,0,0,2,0.288,0.362,0.327,0.689,132,0.039,0.326,20.7%,10.3%,10.3%,1.00,20,3,R,<a href=https://npb.jp/bis/eng/teams/index_b.html>ORIX</a>,WL
,<a href=https://npb.jp/bis/eng/players/71475132.html>Nishikawa Ryoma</a>,1,3,3,1,2,0,1,0,4,0,0,0,0,0,0,0,0,0,0,0.667,0.667,1.333,2.000,585,0.666,0.667,0.0%,0.0%,0.0%,,30,7,L,<a href=https://npb.jp/bis/eng/teams/index_b.html>ORIX</a>,WL
,<a href=https://npb.jp/bis/eng/players/81485155.html>Noguchi Tomoya</a>,12,45,33,3,7,3,0,0,10,5,2,0,0,2,10,10,0,0,0,0.212,0.378,0.303,0.681,129,0.091,0.280,44.4%,22.2%,22.2%,1.00,25,6,L,<a href=https://npb.jp/bis/eng/teams/index_b.html>ORIX</a>,WL
,<a href=https://npb.jp/bis/eng/players/01305155.html>Ohsato Kosei</a>,15,49,39,6,9,0,1,0,11,5,1,2,1,1,7,8,0,0,0,0.231,0.354,0.282,0.636,114,0.051,0.273,30.6%,14.3%,16.3%,1.14,25,4,L,<a href=https://npb.jp/bis/eng/teams/index_b.html>ORIX</a>,WL
,<a href=https://npb.jp/bis/eng/players/43945150.html>Olivares Edward</a>,3,13,9,2,3,0,0,0,3,3,1,0,0,1,2,2,0,1,0,0.333,0.462,0.333,0.795,168,0.000,0.375,30.8%,15.4%,15.4%,1.00,29,DH,R,<a href=https://npb.jp/bis/eng/teams/index_b.html>ORIX</a>,WL
,<a href=https://npb.jp/bis/eng/players/71275150.html>Shimizu Musashi</a>,4,5,5,0,1,0,1,0,3,1,0,0,0,0,1,0,0,0,0,0.200,0.200,0.600,0.800,170,0.400,0.250,20.0%,20.0%,0.0%,0.00,22,5,R,<a href=https://npb.jp/bis/eng/teams/index_b.html>ORIX</a>,WL
,<a href=https://npb.jp/bis/eng/players/61965157.html>Sugisawa Ryu</a>,8,24,22,2,4,1,0,0,5,2,0,1,0,0,5,2,0,0,0,0.182,0.250,0.227,0.477,59,0.045,0.235,29.2%,20.8%,8.3%,0.40,25,8,L,<a href=https://npb.jp/bis/eng/teams/index_b.html>ORIX</a>,WL
,<a href=https://npb.jp/bis/eng/players/31435150.html>Tajima Kosuke</a>,5,17,14,2,2,0,0,0,2,1,0,0,2,0,1,1,0,0,1,0.143,0.200,0.143,0.343,12,0.000,0.154,11.8%,5.9%,5.9%,1.00,25,2,R,<a href=https://npb.jp/bis/eng/teams/index_b.html>ORIX</a>,WL
,<a href=https://npb.jp/bis/eng/players/81085138.html>Tongu Yuma</a>,1,3,3,0,0,0,0,0,0,0,0,0,0,0,1,0,0,0,1,0.000,0.000,0.000,0.000,-106,0.000,0.000,33.3%,33.3%,0.0%,0.00,28,3,R,<a href=https://npb.jp/bis/eng/teams/index_b.html>ORIX</a>,WL
,<a href=https://npb.jp/bis/eng/players/63565155.html>Watanabe Haruto</a>,9,24,20,1,6,0,0,0,6,0,3,0,0,0,3,4,0,0,0,0.300,0.417,0.300,0.717,141,0.000,0.353,29.2%,12.5%,16.7%,1.33,25,8,L,<a href=https://npb.jp/bis/eng/teams/index_b.html>ORIX</a>,WL
,<a href=https://npb.jp/bis/eng/players/33335150.html>Yamanaka Ryoma</a>,3,13,11,0,5,0,0,0,5,1,2,0,0,0,1,2,0,0,1,0.455,0.538,0.455,0.993,237,0.000,0.500,23.1%,7.7%,15.4%,2.00,24,9,L,<a href=https://npb.jp/bis/eng/teams/index_b.html>ORIX</a>,WL
,<a href=https://npb.jp/bis/eng/players/83385159.html>Yokoyama Seiya</a>,11,43,38,3,5,1,0,0,6,4,3,0,0,1,10,4,0,0,0,0.132,0.209,0.158,0.367,20,0.026,0.172,32.6%,23.3%,9.3%,0.40,19,5,L,<a href=https://npb.jp/bis/eng/teams/index_b.html>ORIX</a>,WL
,<a href=https://npb.jp/bis/eng/players/23925150.html>Acevedo Stiven</a>,7,24,22,5,10,4,0,0,14,4,1,0,0,0,3,1,0,1,1,0.455,0.500,0.636,1.136,256,0.181,0.526,16.7%,12.5%,4.2%,0.33,22,DH,R,<a href=https://npb.jp/bis/eng/teams/index_m.html>Lotte</a>,EL
,<a href=https://npb.jp/bis/eng/players/71275132.html>Chatani Kenta</a>,5,20,18,2,4,1,0,0,5,3,0,0,0,0,5,2,0,0,1,0.222,0.300,0.278,0.578,84,0.056,0.308,35.0%,25.0%,10.0%,0.40,27,4,R,<a href=https://npb.jp/bis/eng/teams/index_m.html>Lotte</a>,EL
,<a href=https://npb.jp/bis/eng/players/51855159.html>Fujita Kazuki</a>,6,9,8,1,1,0,0,0,1,0,0,0,0,0,4,1,0,0,0,0.125,0.222,0.125,0.347,12,0.000,0.250,55.6%,44.4%,11.1%,0.25,19,8,L,<a href=https://npb.jp/bis/eng/teams/index_m.html>Lotte</a>,EL
,<a href=https://npb.jp/bis/eng/players/31635138.html>Fujiwara Kyota</a>,2,9,8,1,1,0,0,0,1,0,0,0,0,0,2,1,0,0,0,0.125,0.222,0.125,0.347,12,0.000,0.167,33.3%,22.2%,11.1%,0.50,25,8,L,<a href=https://npb.jp/bis/eng/teams/index_m.html>Lotte</a>,EL
,<a href=https://npb.jp/bis/eng/players/21125155.html>Ikeda Raito</a>,10,40,35,8,10,2,1,1,17,4,0,0,0,0,7,4,0,1,0,0.286,0.375,0.486,0.861,171,0.200,0.333,30.0%,17.5%,10.0%,0.57,25,3,R,<a href=https://npb.jp/bis/eng/teams/index_m.html>Lotte</a>,EL
,<a href=https://npb.jp/bis/eng/players/41145134.html>Ishigaki Masami</a>,8,22,22,2,6,1,0,1,10,7,0,0,0,0,4,0,0,0,1,0.273,0.273,0.455,0.728,130,0.182,0.294,22.7%,18.2%,0.0%,0.00,26,5,R,<a href=https://npb.jp/bis/eng/teams/index_m.html>Lotte</a>,EL
,<a href=https://npb.jp/bis/eng/players/01105135.html>Ishikawa Shingo</a>,6,18,17,4,7,2,0,0,9,0,0,0,0,0,4,1,0,0,0,0.412,0.444,0.529,0.973,206,0.117,0.538,27.8%,22.2%,5.6%,0.25,32,DH,R,<a href=https://npb.jp/bis/eng/teams/index_m.html>Lotte</a>,EL
,<a href=https://npb.jp/bis/eng/players/21525132.html>Kakinuma Tomoya</a>,6,8,8,0,1,0,0,0,1,0,0,0,0,0,2,0,0,0,0,0.125,0.125,0.125,0.250,-18,0.000,0.167,25.0%,25.0%,0.0%,0.00,32,2,R,<a href=https://npb.jp/bis/eng/teams/index_m.html>Lotte</a>,EL
,<a href=https://npb.jp/bis/eng/players/41545114.html>Kakunaka Katsuya</a>,1,4,3,0,0,0,0,0,0,0,0,0,0,0,0,1,0,0,0,0.000,0.250,0.000,0.250,-18,0.000,0.000,25.0%,0.0%,25.0%,1.00,38,7,L,<a href=https://npb.jp/bis/eng/teams/index_m.html>Lotte</a>,EL
,<a href=https://npb.jp/bis/eng/players/31535157.html>Kaneda Yuta</a>,5,13,11,1,1,0,0,0,1,1,0,0,1,1,4,0,0,0,0,0.091,0.083,0.091,0.174,-41,0.000,0.125,30.8%,30.8%,0.0%,0.00,20,4,L,<a href=https://npb.jp/bis/eng/teams/index_m.html>Lotte</a>,EL
,<a href=https://npb.jp/bis/eng/players/61365157.html>Katsumata Rui</a>,2,2,2,0,1,0,0,0,1,0,0,0,0,0,0,0,0,0,0,0.500,0.500,0.500,1.000,214,0.000,0.500,0.0%,0.0%,0.0%,,20,5,R,<a href=https://npb.jp/bis/eng/teams/index_m.html>Lotte</a>,EL
,<a href=https://npb.jp/bis/eng/players/01705159.html>Kohno Hikaru</a>,1,2,2,0,0,0,0,0,0,0,0,0,0,0,1,0,0,0,0,0.000,0.000,0.000,0.000,-95,0.000,0.000,50.0%,50.0%,0.0%,0.00,21,DH,R,<a href=https://npb.jp/bis/eng/teams/index_m.html>Lotte</a>,EL
,<a href=https://npb.jp/bis/eng/players/93295159.html>Martin Andy</a>,4,5,5,1,0,0,0,0,0,0,0,0,0,0,3,0,0,0,0,0.000,0.000,0.000,0.000,-95,0.000,0.000,60.0%,60.0%,0.0%,0.00,24,8,R,<a href=https://npb.jp/bis/eng/teams/index_m.html>Lotte</a>,EL
,<a href=https://npb.jp/bis/eng/players/53155159.html>Matsuishi Shinya</a>,3,12,10,1,1,1,0,0,2,2,0,0,1,0,3,1,0,0,1,0.100,0.182,0.200,0.382,23,0.100,0.143,33.3%,25.0%,8.3%,0.33,19,6,R,<a href=https://npb.jp/bis/eng/teams/index_m.html>Lotte</a>,EL
,<a href=https://npb.jp/bis/eng/players/53155155.html>Matsukawa Kou</a>,4,7,7,0,1,0,0,0,1,0,0,0,0,0,1,0,0,0,0,0.143,0.143,0.143,0.286,-7,0.000,0.167,14.3%,14.3%,0.0%,0.00,21,2,R,<a href=https://npb.jp/bis/eng/teams/index_m.html>Lotte</a>,EL
,<a href=https://npb.jp/bis/eng/players/81885150.html>Miyazaki Ryusei</a>,10,45,40,3,8,1,0,0,9,6,0,0,0,0,12,4,0,1,1,0.200,0.289,0.225,0.514,64,0.025,0.286,35.6%,26.7%,8.9%,0.33,24,6,L,<a href=https://npb.jp/bis/eng/teams/index_m.html>Lotte</a>,EL
,<a href=https://npb.jp/bis/eng/players/71075151.html>Satoh Toshiya</a>,3,9,9,0,2,0,0,0,2,1,0,0,0,0,3,0,0,0,0,0.222,0.222,0.222,0.444,42,0.000,0.333,33.3%,33.3%,0.0%,0.00,27,DH,L,<a href=https://npb.jp/bis/eng/teams/index_m.html>Lotte</a>,EL
,<a href=https://npb.jp/bis/eng/players/11215151.html>Takabe Akito</a>,1,4,4,0,0,0,0,0,0,0,0,0,0,0,0,0,0,0,0,0.000,0.000,0.000,0.000,-95,0.000,0.000,0.0%,0.0%,0.0%,,27,8,L,<a href=https://npb.jp/bis/eng/teams/index_m.html>Lotte</a>,EL
,<a href=https://npb.jp/bis/eng/players/31535132.html>Takeda Aito</a>,7,18,15,2,3,2,0,0,5,1,0,0,0,0,2,3,0,0,0,0.200,0.333,0.333,0.666,110,0.133,0.231,27.8%,11.1%,16.7%,1.50,28,8,R,<a href=https://npb.jp/bis/eng/teams/index_m.html>Lotte</a>,EL
,<a href=https://npb.jp/bis/eng/players/21425150.html>Tanimura Tsuyoshi</a>,4,13,13,1,2,1,0,0,3,1,0,0,0,0,4,0,0,0,0,0.154,0.154,0.231,0.385,24,0.077,0.222,30.8%,30.8%,0.0%,0.00,18,5,L,<a href=https://npb.jp/bis/eng/teams/index_m.html>Lotte</a>,EL
,<a href=https://npb.jp/bis/eng/players/71475150.html>Tatematsu Yu</a>,2,4,3,1,1,0,0,0,1,0,0,0,0,0,1,1,0,0,0,0.333,0.500,0.333,0.833,163,0.000,0.500,50.0%,25.0%,25.0%,1.00,26,DH,L,<a href=https://npb.jp/bis/eng/teams/index_m.html>Lotte</a>,EL
,<a href=https://npb.jp/bis/eng/players/91495159.html>Tomiyama Konoshin</a>,1,2,2,1,1,0,0,0,1,0,0,0,0,0,0,0,0,0,0,0.500,0.500,0.500,1.000,214,0.000,0.500,0.0%,0.0%,0.0%,,19,2,R,<a href=https://npb.jp/bis/eng/teams/index_m.html>Lotte</a>,EL
,<a href=https://npb.jp/bis/eng/players/71275157.html>Tomosugi Atsuki</a>,2,7,7,1,2,0,0,0,2,1,0,0,0,0,3,0,0,0,0,0.286,0.286,0.286,0.572,82,0.000,0.500,42.9%,42.9%,0.0%,0.00,24,6,R,<a href=https://npb.jp/bis/eng/teams/index_m.html>Lotte</a>,EL
,<a href=https://npb.jp/bis/eng/players/91395151.html>Ueda Shota</a>,7,15,12,2,5,0,0,0,5,2,0,0,2,0,2,0,0,1,0,0.417,0.462,0.417,0.879,177,0.000,0.500,13.3%,13.3%,0.0%,0.00,27,2,R,<a href=https://npb.jp/bis/eng/teams/index_m.html>Lotte</a>,EL
,<a href=https://npb.jp/bis/eng/players/33335136.html>Wada Koshiro</a>,1,4,4,0,0,0,0,0,0,0,0,0,0,0,2,0,0,0,0,0.000,0.000,0.000,0.000,-95,0.000,0.000,50.0%,50.0%,0.0%,0.00,26,8,L,<a href=https://npb.jp/bis/eng/teams/index_m.html>Lotte</a>,EL
,<a href=https://npb.jp/bis/eng/players/91895138.html>Yamaguchi Koki</a>,10,41,33,7,12,1,0,2,19,10,1,0,0,1,5,7,1,0,0,0.364,0.463,0.576,1.039,227,0.212,0.370,34.1%,12.2%,17.1%,1.40,24,7,R,<a href=https://npb.jp/bis/eng/teams/index_m.html>Lotte</a>,EL
,<a href=https://npb.jp/bis/eng/players/33535153.html>Yamamoto Daito</a>,9,41,35,9,13,3,0,3,25,9,1,0,0,0,6,6,2,0,1,0.371,0.463,0.714,1.177,270,0.343,0.385,36.6%,14.6%,14.6%,1.00,22,9,R,<a href=https://npb.jp/bis/eng/teams/index_m.html>Lotte</a>,EL
,<a href=https://npb.jp/bis/eng/players/51855155.html>Fujino Keio</a>,4,12,10,1,2,2,0,0,4,1,0,0,0,0,1,2,0,0,1,0.200,0.333,0.400,0.733,137,0.200,0.222,25.0%,8.3%,16.7%,2.00,21,3,R,<a href=https://npb.jp/bis/eng/teams/index_h.html>SoftBank</a>,WL
,<a href=https://npb.jp/bis/eng/players/91895159.html>Fujita Yutaro</a>,3,9,8,0,4,2,0,0,6,5,0,0,0,0,2,1,0,0,0,0.500,0.556,0.750,1.306,323,0.250,0.667,33.3%,22.2%,11.1%,0.50,20,2,R,<a href=https://npb.jp/bis/eng/teams/index_h.html>SoftBank</a>,WL
,<a href=https://npb.jp/bis/eng/players/61665159.html>Hirose Ryuta</a>,13,61,52,9,14,1,1,0,17,5,0,0,0,0,7,8,0,1,2,0.269,0.377,0.327,0.704,128,0.058,0.311,24.6%,11.5%,13.1%,1.14,24,4,R,<a href=https://npb.jp/bis/eng/teams/index_h.html>SoftBank</a>,WL
,<a href=https://npb.jp/bis/eng/players/11315157.html>Ikhine Itua</a>,13,44,34,6,7,1,1,1,13,5,2,0,1,0,16,7,0,2,0,0.206,0.372,0.382,0.754,144,0.176,0.353,54.5%,36.4%,15.9%,0.44,20,5,L,<a href=https://npb.jp/bis/eng/teams/index_h.html>SoftBank</a>,WL
,<a href=https://npb.jp/bis/eng/players/31335131.html>Imamiya Kenta</a>,5,17,15,1,3,1,0,0,4,2,0,0,0,0,0,2,0,0,0,0.200,0.294,0.267,0.561,82,0.067,0.200,11.8%,0.0%,11.8%,1.00,33,6,R,<a href=https://npb.jp/bis/eng/teams/index_h.html>SoftBank</a>,WL
,<a href=https://npb.jp/bis/eng/players/01305153.html>Inoue Tomoya</a>,6,24,21,4,5,0,0,0,5,2,0,0,0,0,3,3,0,0,1,0.238,0.333,0.238,0.571,86,0.000,0.278,25.0%,12.5%,12.5%,1.00,22,5,R,<a href=https://npb.jp/bis/eng/teams/index_h.html>SoftBank</a>,WL
,<a href=https://npb.jp/bis/eng/players/81185150.html>Ishimi Soma</a>,4,8,7,0,1,0,0,0,1,0,0,0,0,0,3,1,0,0,0,0.143,0.250,0.143,0.393,28,0.000,0.250,50.0%,37.5%,12.5%,0.33,19,4,L,<a href=https://npb.jp/bis/eng/teams/index_h.html>SoftBank</a>,WL
,<a href=https://npb.jp/bis/eng/players/01105151.html>Ishizuka Soichiro</a>,5,21,17,3,4,0,0,0,4,0,0,0,0,0,1,3,0,1,0,0.235,0.381,0.235,0.616,100,0.000,0.250,19.0%,4.8%,14.3%,3.00,24,3,R,<a href=https://npb.jp/bis/eng/teams/index_h.html>SoftBank</a>,WL
,<a href=https://npb.jp/bis/eng/players/11715155.html>Kawamura Yuto</a>,3,13,13,1,1,0,0,0,1,0,1,0,0,0,2,0,0,0,1,0.077,0.077,0.077,0.154,-50,0.000,0.091,15.4%,15.4%,0.0%,0.00,25,7,L,<a href=https://npb.jp/bis/eng/teams/index_h.html>SoftBank</a>,WL
,<a href=https://npb.jp/bis/eng/players/33135153.html>Makihara Kota</a>,9,27,24,5,3,0,0,0,3,1,1,0,0,0,5,3,0,0,1,0.125,0.222,0.125,0.347,13,0.000,0.158,29.6%,18.5%,11.1%,0.60,22,2,L,<a href=https://npb.jp/bis/eng/teams/index_h.html>SoftBank</a>,WL
,<a href=https://npb.jp/bis/eng/players/71475139.html>Minei Hiroki</a>,2,6,6,0,2,0,0,0,2,0,0,0,0,0,0,0,0,0,0,0.333,0.333,0.333,0.666,115,0.000,0.333,0.0%,0.0%,0.0%,,34,2,R,<a href=https://npb.jp/bis/eng/teams/index_h.html>SoftBank</a>,WL
,<a href=https://npb.jp/bis/eng/players/11215116.html>Nakamura Akira</a>,1,3,2,0,1,0,0,0,1,0,0,0,0,0,1,1,0,0,0,0.500,0.667,0.500,1.167,278,0.000,1.000,66.7%,33.3%,33.3%,1.00,35,DH,L,<a href=https://npb.jp/bis/eng/teams/index_h.html>SoftBank</a>,WL
,<a href=https://npb.jp/bis/eng/players/51455157.html>Nishio Ayuma</a>,6,12,11,0,4,0,0,0,4,0,0,0,0,0,1,1,0,0,2,0.364,0.417,0.364,0.781,153,0.000,0.400,16.7%,8.3%,8.3%,1.00,25,5,L,<a href=https://npb.jp/bis/eng/teams/index_h.html>SoftBank</a>,WL
,<a href=https://npb.jp/bis/eng/players/21325159.html>Ohizumi Shuya</a>,4,8,7,0,0,0,0,0,0,0,0,0,0,0,4,1,0,0,0,0.000,0.125,0.000,0.125,-59,0.000,0.000,62.5%,50.0%,12.5%,0.25,25,9,L,<a href=https://npb.jp/bis/eng/teams/index_h.html>SoftBank</a>,WL
,<a href=https://npb.jp/bis/eng/players/51555150.html>Ohtomo Sou</a>,7,19,18,0,3,1,0,0,4,1,0,2,0,0,5,1,0,0,0,0.167,0.211,0.222,0.433,41,0.055,0.231,31.6%,26.3%,5.3%,0.20,25,2,R,<a href=https://npb.jp/bis/eng/teams/index_h.html>SoftBank</a>,WL
,<a href=https://npb.jp/bis/eng/players/91095153.html>Sasagawa Yoshiyasu</a>,15,68,63,12,16,0,1,2,24,12,2,0,0,1,14,4,0,0,0,0.254,0.294,0.381,0.675,118,0.127,0.292,29.4%,20.6%,5.9%,0.29,23,7,L,<a href=https://npb.jp/bis/eng/teams/index_h.html>SoftBank</a>,WL
,<a href=https://npb.jp/bis/eng/players/31935157.html>Satoh Kota</a>,6,18,15,0,2,0,0,0,2,3,1,0,1,1,4,1,0,0,0,0.133,0.176,0.133,0.309,0,0.000,0.167,27.8%,22.2%,5.6%,0.25,21,9,R,<a href=https://npb.jp/bis/eng/teams/index_h.html>SoftBank</a>,WL
,<a href=https://npb.jp/bis/eng/players/91095151.html>Satoh Naoki</a>,15,61,54,8,17,4,0,2,27,10,4,1,1,0,12,6,0,0,0,0.315,0.383,0.500,0.883,186,0.185,0.375,32.8%,19.7%,9.8%,0.50,26,8,R,<a href=https://npb.jp/bis/eng/teams/index_h.html>SoftBank</a>,WL
,<a href=https://npb.jp/bis/eng/players/71975157.html>Shigematsu Kaito</a>,10,32,29,6,11,1,1,0,14,3,3,0,0,0,8,3,0,0,0,0.379,0.438,0.483,0.921,198,0.104,0.524,34.4%,25.0%,9.4%,0.38,25,9,R,<a href=https://npb.jp/bis/eng/teams/index_h.html>SoftBank</a>,WL
,<a href=https://npb.jp/bis/eng/players/01205150.html>Shoji Yudai</a>,15,54,48,7,11,1,0,0,12,2,1,1,2,1,12,3,0,0,1,0.229,0.269,0.250,0.519,69,0.021,0.297,27.8%,22.2%,5.6%,0.25,22,4,L,<a href=https://npb.jp/bis/eng/teams/index_h.html>SoftBank</a>,WL
,<a href=https://npb.jp/bis/eng/players/93195138.html>Watanabe Riku</a>,1,3,3,0,0,0,0,0,0,0,0,0,0,0,0,0,0,0,0,0.000,0.000,0.000,0.000,-100,0.000,0.000,0.0%,0.0%,0.0%,,24,2,L,<a href=https://npb.jp/bis/eng/teams/index_h.html>SoftBank</a>,WL
,<a href=https://npb.jp/bis/eng/players/93595155.html>Yamamoto Keita</a>,8,25,21,7,14,1,1,2,23,6,0,0,0,0,2,4,0,0,0,0.667,0.720,1.095,1.815,488,0.428,0.706,32.0%,8.0%,16.0%,2.00,25,9,L,<a href=https://npb.jp/bis/eng/teams/index_h.html>SoftBank</a>,WL
,<a href=https://npb.jp/bis/eng/players/23325157.html>Yamashita Kyogo</a>,5,13,11,1,3,1,0,0,4,4,0,0,1,0,4,1,0,0,0,0.273,0.333,0.364,0.697,126,0.091,0.429,38.5%,30.8%,7.7%,0.25,20,5,R,<a href=https://npb.jp/bis/eng/teams/index_h.html>SoftBank</a>,WL
,<a href=https://npb.jp/bis/eng/players/73175151.html>Yanagimachi Tatsuru</a>,6,28,27,4,10,3,0,1,16,6,0,0,0,0,4,1,0,0,1,0.370,0.393,0.593,0.986,220,0.223,0.409,21.4%,14.3%,3.6%,0.25,28,7,L,<a href=https://npb.jp/bis/eng/teams/index_h.html>SoftBank</a>,WL
,<a href=https://npb.jp/bis/eng/players/31135159.html>Aono Takumi</a>,10,37,37,1,11,2,0,0,13,2,0,0,0,0,7,0,0,0,1,0.297,0.297,0.351,0.648,112,0.054,0.367,18.9%,18.9%,0.0%,0.00,19,DH,R,<a href=https://npb.jp/bis/eng/teams/index_e.html>Rakuten</a>,EL
,<a href=https://npb.jp/bis/eng/players/31535151.html>Egawa Yuto</a>,5,10,9,0,0,0,0,0,0,0,0,0,1,0,5,0,0,0,0,0.000,0.000,0.000,0.000,-101,0.000,0.000,50.0%,50.0%,0.0%,0.00,24,2,R,<a href=https://npb.jp/bis/eng/teams/index_e.html>Rakuten</a>,EL
,<a href=https://npb.jp/bis/eng/players/11815132.html>Horiuchi Kengo</a>,4,10,8,1,2,2,0,0,4,0,0,0,0,0,1,2,0,0,0,0.250,0.400,0.500,0.900,195,0.250,0.286,30.0%,10.0%,20.0%,2.00,28,2,L,<a href=https://npb.jp/bis/eng/teams/index_e.html>Rakuten</a>,EL
,<a href=https://npb.jp/bis/eng/players/41345153.html>Irie Daiki</a>,8,32,28,3,9,0,0,0,9,3,2,0,0,0,3,4,0,0,0,0.321,0.406,0.321,0.727,137,0.000,0.360,21.9%,9.4%,12.5%,1.33,23,4,R,<a href=https://npb.jp/bis/eng/teams/index_e.html>Rakuten</a>,EL
,<a href=https://npb.jp/bis/eng/players/41145138.html>Itoh Yukiya</a>,2,7,5,0,1,1,0,0,2,1,0,0,0,0,1,2,0,0,0,0.200,0.429,0.400,0.829,171,0.200,0.250,42.9%,14.3%,28.6%,2.00,28,5,R,<a href=https://npb.jp/bis/eng/teams/index_e.html>Rakuten</a>,EL
,<a href=https://npb.jp/bis/eng/players/51955155.html>Komori Kohtaro</a>,2,8,8,1,4,1,1,0,7,1,0,1,0,0,0,0,0,0,0,0.500,0.500,0.875,1.375,351,0.375,0.500,0.0%,0.0%,0.0%,,22,7,R,<a href=https://npb.jp/bis/eng/teams/index_e.html>Rakuten</a>,EL
,<a href=https://npb.jp/bis/eng/players/31835151.html>Mizukami Kei</a>,7,21,19,2,2,0,0,0,2,0,0,0,0,0,6,2,0,0,2,0.105,0.190,0.105,0.295,-4,0.000,0.154,38.1%,28.6%,9.5%,0.33,23,2,R,<a href=https://npb.jp/bis/eng/teams/index_e.html>Rakuten</a>,EL
,<a href=https://npb.jp/bis/eng/players/01805151.html>Mutoh Atsuki</a>,1,4,4,0,0,0,0,0,0,0,0,0,0,0,2,0,0,0,0,0.000,0.000,0.000,0.000,-101,0.000,0.000,50.0%,50.0%,0.0%,0.00,24,8,L,<a href=https://npb.jp/bis/eng/teams/index_e.html>Rakuten</a>,EL
,<a href=https://npb.jp/bis/eng/players/21225157.html>Nagata Sotaro</a>,8,14,14,0,1,0,1,0,3,1,0,0,0,0,4,0,0,0,0,0.071,0.071,0.214,0.285,-7,0.143,0.100,28.6%,28.6%,0.0%,0.00,24,DH,L,<a href=https://npb.jp/bis/eng/teams/index_e.html>Rakuten</a>,EL
,<a href=https://npb.jp/bis/eng/players/21425159.html>Nakashima Daisuke</a>,6,27,27,3,8,1,0,0,9,0,3,0,0,0,4,0,0,0,0,0.296,0.296,0.333,0.629,105,0.037,0.348,14.8%,14.8%,0.0%,0.00,24,8,L,<a href=https://npb.jp/bis/eng/teams/index_e.html>Rakuten</a>,EL
,<a href=https://npb.jp/bis/eng/players/21325135.html>Okajima Takero</a>,5,15,15,0,2,0,0,0,2,0,0,0,0,0,3,0,0,0,1,0.133,0.133,0.133,0.266,-14,0.000,0.167,20.0%,20.0%,0.0%,0.00,35,7,L,<a href=https://npb.jp/bis/eng/teams/index_e.html>Rakuten</a>,EL
,<a href=https://npb.jp/bis/eng/players/71075157.html>Tatsumi Konosuke</a>,7,12,12,1,4,0,0,0,4,0,4,0,0,0,2,0,0,0,1,0.333,0.333,0.333,0.666,117,0.000,0.400,16.7%,16.7%,0.0%,0.00,24,5,R,<a href=https://npb.jp/bis/eng/teams/index_e.html>Rakuten</a>,EL
,<a href=https://npb.jp/bis/eng/players/13515159.html>Waters RikaiJyumile</a>,8,24,24,1,4,1,0,0,5,2,0,1,0,0,9,0,0,0,0,0.167,0.167,0.208,0.375,22,0.041,0.267,37.5%,37.5%,0.0%,0.00,19,6,R,<a href=https://npb.jp/bis/eng/teams/index_e.html>Rakuten</a>,EL
,<a href=https://npb.jp/bis/eng/players/13115130.html>Yamada Haruka</a>,8,31,29,1,7,2,0,0,9,1,1,0,0,0,4,1,0,1,1,0.241,0.290,0.310,0.600,96,0.069,0.280,16.1%,12.9%,3.2%,0.25,28,3,R,<a href=https://npb.jp/bis/eng/teams/index_e.html>Rakuten</a>,EL
,<a href=https://npb.jp/bis/eng/players/53355150.html>Yang Po-Hsiang</a>,8,23,23,1,2,1,0,0,3,0,1,0,0,0,8,0,0,0,0,0.087,0.087,0.130,0.217,-29,0.043,0.133,34.8%,34.8%,0.0%,0.00,20,4,L,<a href=https://npb.jp/bis/eng/teams/index_e.html>Rakuten</a>,EL
,<a href=https://npb.jp/bis/eng/players/43545155.html>Yoshino Soshi</a>,10,43,41,5,8,5,0,1,16,4,0,0,0,1,10,0,0,1,0,0.195,0.209,0.390,0.599,96,0.195,0.226,25.6%,23.3%,0.0%,0.00,21,8,R,<a href=https://npb.jp/bis/eng/teams/index_e.html>Rakuten</a>,EL
,<a href=https://npb.jp/bis/eng/players/03305150.html>Yoshinoh Tsubasa</a>,10,38,32,2,6,1,0,1,10,5,1,0,0,1,10,5,0,0,1,0.188,0.289,0.313,0.602,97,0.125,0.227,42.1%,26.3%,13.2%,0.50,22,9,L,<a href=https://npb.jp/bis/eng/teams/index_e.html>Rakuten</a>,EL
,<a href=https://npb.jp/bis/eng/players/91895155.html>Furuichi Takeru</a>,6,17,14,2,5,0,0,0,5,1,0,0,1,0,4,2,0,0,0,0.357,0.438,0.357,0.795,151,0.000,0.500,35.3%,23.5%,11.8%,0.50,23,2,R,<a href=https://npb.jp/bis/eng/teams/index_l.html>Seibu</a>,EL
,<a href=https://npb.jp/bis/eng/players/71775134.html>Genda Sosuke</a>,2,6,5,0,1,0,0,0,1,0,0,0,0,0,1,1,0,0,0,0.200,0.333,0.200,0.533,70,0.000,0.250,33.3%,16.7%,16.7%,1.00,32,6,L,<a href=https://npb.jp/bis/eng/teams/index_l.html>Seibu</a>,EL
,<a href=https://npb.jp/bis/eng/players/23125157.html>Higuma Montell</a>,9,27,23,1,7,2,1,0,11,4,1,1,3,0,5,1,0,0,2,0.304,0.333,0.478,0.811,157,0.174,0.389,22.2%,18.5%,3.7%,0.20,25,8,R,<a href=https://npb.jp/bis/eng/teams/index_l.html>Seibu</a>,EL
,<a href=https://npb.jp/bis/eng/players/61665157.html>Hiruma Takuya</a>,11,41,38,3,8,0,0,0,8,1,3,0,0,0,8,2,0,1,0,0.211,0.268,0.211,0.479,54,0.000,0.267,24.4%,19.5%,4.9%,0.25,24,7,L,<a href=https://npb.jp/bis/eng/teams/index_l.html>Seibu</a>,EL
,<a href=https://npb.jp/bis/eng/players/21525159.html>Kaneko Koji</a>,6,17,14,0,3,0,0,0,3,1,0,0,1,0,4,2,0,0,0,0.214,0.313,0.214,0.527,68,0.000,0.300,35.3%,23.5%,11.8%,0.50,21,6,L,<a href=https://npb.jp/bis/eng/teams/index_l.html>Seibu</a>,EL
,<a href=https://npb.jp/bis/eng/players/11915151.html>Kawano Ryota</a>,4,6,5,0,1,0,0,0,1,0,0,0,1,0,1,0,0,0,1,0.200,0.200,0.200,0.400,29,0.000,0.250,16.7%,16.7%,0.0%,0.00,24,4,S,<a href=https://npb.jp/bis/eng/teams/index_l.html>Seibu</a>,EL
,<a href=https://npb.jp/bis/eng/players/51955151.html>Kishi Junichiro</a>,3,9,8,2,4,2,0,1,9,4,0,0,0,0,0,1,0,0,0,0.500,0.556,1.125,1.681,428,0.625,0.429,22.2%,0.0%,11.1%,1.00,28,UTL,R,<a href=https://npb.jp/bis/eng/teams/index_l.html>Seibu</a>,EL
,<a href=https://npb.jp/bis/eng/players/51755157.html>Kodama Ryosuke</a>,4,14,14,1,5,0,0,0,5,2,1,0,0,0,2,0,0,0,0,0.357,0.357,0.357,0.714,126,0.000,0.417,14.3%,14.3%,0.0%,0.00,26,6,R,<a href=https://npb.jp/bis/eng/teams/index_l.html>Seibu</a>,EL
,<a href=https://npb.jp/bis/eng/players/51955150.html>Koga Teruki</a>,10,27,26,2,6,2,0,0,8,1,0,0,0,0,15,1,0,0,0,0.231,0.259,0.308,0.567,80,0.077,0.545,59.3%,55.6%,3.7%,0.07,24,5,L,<a href=https://npb.jp/bis/eng/teams/index_l.html>Seibu</a>,EL
,<a href=https://npb.jp/bis/eng/players/91795157.html>Koresawa Ryosuke</a>,2,5,5,0,0,0,0,0,0,0,0,0,0,0,0,0,0,0,0,0.000,0.000,0.000,0.000,-96,0.000,0.000,0.0%,0.0%,0.0%,,25,2,R,<a href=https://npb.jp/bis/eng/teams/index_l.html>Seibu</a>,EL
,<a href=https://npb.jp/bis/eng/players/51755115.html>Kuriyama Takumi</a>,8,23,21,1,6,2,0,0,8,1,0,0,0,0,2,2,0,0,3,0.286,0.348,0.381,0.729,131,0.095,0.316,17.4%,8.7%,8.7%,1.00,41,DH,L,<a href=https://npb.jp/bis/eng/teams/index_l.html>Seibu</a>,EL
,<a href=https://npb.jp/bis/eng/players/71675138.html>Makino Shoya</a>,2,7,7,0,0,0,0,0,0,0,0,0,0,0,3,0,0,0,0,0.000,0.000,0.000,0.000,-96,0.000,0.000,42.9%,42.9%,0.0%,0.00,24,2,L,<a href=https://npb.jp/bis/eng/teams/index_l.html>Seibu</a>,EL
,<a href=https://npb.jp/bis/eng/players/21825134.html>Matsubara Seiya</a>,8,24,23,4,6,2,2,0,12,4,0,0,0,0,6,1,0,0,0,0.261,0.292,0.522,0.814,158,0.261,0.353,29.2%,25.0%,4.2%,0.17,30,9,L,<a href=https://npb.jp/bis/eng/teams/index_l.html>Seibu</a>,EL
,<a href=https://npb.jp/bis/eng/players/33335153.html>Motoyama Hiyu</a>,2,3,3,0,1,1,0,0,2,0,0,0,0,0,0,0,0,0,0,0.333,0.333,0.667,1.000,215,0.334,0.333,0.0%,0.0%,0.0%,,26,6,L,<a href=https://npb.jp/bis/eng/teams/index_l.html>Seibu</a>,EL
,<a href=https://npb.jp/bis/eng/players/93395159.html>Murata Reon</a>,12,48,45,2,12,4,0,0,16,0,0,0,0,0,10,2,0,1,2,0.267,0.313,0.356,0.669,112,0.089,0.343,25.0%,20.8%,4.2%,0.20,23,3,R,<a href=https://npb.jp/bis/eng/teams/index_l.html>Seibu</a>,EL
,<a href=https://npb.jp/bis/eng/players/81085115.html>Nakamura Takeya</a>,1,3,3,0,0,0,0,0,0,0,0,0,0,0,0,0,0,0,0,0.000,0.000,0.000,0.000,-96,0.000,0.000,0.0%,0.0%,0.0%,,41,DH,R,<a href=https://npb.jp/bis/eng/teams/index_l.html>Seibu</a>,EL
,<a href=https://npb.jp/bis/eng/players/91495155.html>Nakata Keisuke</a>,1,5,4,0,2,0,0,0,2,1,0,0,0,0,0,0,0,1,0,0.500,0.600,0.500,1.100,246,0.000,0.500,0.0%,0.0%,0.0%,,25,7,S,<a href=https://npb.jp/bis/eng/teams/index_l.html>Seibu</a>,EL
,<a href=https://npb.jp/bis/eng/players/11415138.html>Nomura Daiju</a>,2,5,4,1,2,0,0,0,2,1,0,0,0,0,1,1,0,0,0,0.500,0.600,0.500,1.100,246,0.000,0.667,40.0%,20.0%,20.0%,1.00,24,4,R,<a href=https://npb.jp/bis/eng/teams/index_l.html>Seibu</a>,EL
,<a href=https://npb.jp/bis/eng/players/51555159.html>Okumura Koichi</a>,11,36,29,4,7,0,0,0,7,1,6,0,0,0,6,7,0,0,0,0.241,0.389,0.241,0.630,100,0.000,0.304,36.1%,16.7%,19.4%,1.17,25,8,R,<a href=https://npb.jp/bis/eng/teams/index_l.html>Seibu</a>,EL
,<a href=https://npb.jp/bis/eng/players/81785138.html>Satoh Ryusei</a>,3,15,11,3,3,0,0,0,3,0,0,0,0,0,3,4,0,0,1,0.273,0.467,0.273,0.740,134,0.000,0.375,46.7%,20.0%,26.7%,1.33,28,5,R,<a href=https://npb.jp/bis/eng/teams/index_l.html>Seibu</a>,EL
,<a href=https://npb.jp/bis/eng/players/21025136.html>Takamatsu Wataru</a>,7,7,6,3,2,0,0,0,2,1,3,0,1,0,1,0,0,0,0,0.333,0.333,0.333,0.666,111,0.000,0.400,14.3%,14.3%,0.0%,0.00,25,9,L,<a href=https://npb.jp/bis/eng/teams/index_l.html>Seibu</a>,EL
,<a href=https://npb.jp/bis/eng/players/51255155.html>Takizawa Natsuo</a>,1,4,3,0,0,0,0,0,0,1,0,0,0,1,0,0,0,0,0,0.000,0.000,0.000,0.000,-96,0.000,0.000,0.0%,0.0%,0.0%,,21,4,L,<a href=https://npb.jp/bis/eng/teams/index_l.html>Seibu</a>,EL
,<a href=https://npb.jp/bis/eng/players/61265151.html>Tsuge Sena</a>,5,16,15,1,1,0,0,0,1,0,0,0,0,0,3,1,0,0,1,0.067,0.125,0.067,0.192,-36,0.000,0.083,25.0%,18.8%,6.2%,0.33,28,2,R,<a href=https://npb.jp/bis/eng/teams/index_l.html>Seibu</a>,EL
,<a href=https://npb.jp/bis/eng/players/73575153.html>Watanabe Kento</a>,8,26,25,2,6,1,0,1,10,6,0,0,0,1,8,0,0,0,0,0.240,0.231,0.400,0.631,100,0.160,0.294,34.6%,30.8%,0.0%,0.00,26,DH,R,<a href=https://npb.jp/bis/eng/teams/index_l.html>Seibu</a>,EL
,<a href=https://npb.jp/bis/eng/players/83385153.html>Yamamura Takayoshi</a>,10,38,36,4,9,1,0,1,13,5,0,0,0,0,3,2,0,0,2,0.250,0.289,0.361,0.650,106,0.111,0.250,15.8%,7.9%,5.3%,0.67,22,4,L,<a href=https://npb.jp/bis/eng/teams/index_l.html>Seibu</a>,EL
,<a href=https://npb.jp/bis/eng/players/21825138.html>Yamanobe Kakeru</a>,6,25,23,2,7,0,0,0,7,1,2,0,0,0,4,1,0,1,1,0.304,0.360,0.304,0.664,111,0.000,0.368,20.0%,16.0%,4.0%,0.25,31,7,R,<a href=https://npb.jp/bis/eng/teams/index_l.html>Seibu</a>,EL
,<a href=https://npb.jp/bis/eng/players/01105155.html>Arizono Naoki</a>,10,37,31,6,6,1,0,1,10,4,0,0,0,0,10,6,0,0,1,0.194,0.324,0.323,0.647,105,0.129,0.250,45.9%,27.0%,16.2%,0.60,22,5,R,<a href=https://npb.jp/bis/eng/teams/index_f.html>Nipponham</a>,EL
,<a href=https://npb.jp/bis/eng/players/31135130.html>Asama Daiki</a>,7,19,16,1,4,0,0,1,7,2,0,0,0,0,2,3,0,0,0,0.250,0.368,0.438,0.806,154,0.188,0.231,31.6%,10.5%,15.8%,1.50,29,8,L,<a href=https://npb.jp/bis/eng/teams/index_f.html>Nipponham</a>,EL
,<a href=https://npb.jp/bis/eng/players/11815157.html>Fujita Taisei</a>,4,13,11,0,0,0,0,0,0,0,0,0,1,0,5,1,0,0,0,0.000,0.083,0.000,0.083,-70,0.000,0.000,46.2%,38.5%,7.7%,0.20,20,9,L,<a href=https://npb.jp/bis/eng/teams/index_f.html>Nipponham</a>,EL
,<a href=https://npb.jp/bis/eng/players/01805153.html>Furukawa Yudai</a>,6,11,11,2,4,1,0,0,5,2,0,0,0,0,3,0,0,0,0,0.364,0.364,0.455,0.819,158,0.091,0.500,27.3%,27.3%,0.0%,0.00,27,3,L,<a href=https://npb.jp/bis/eng/teams/index_f.html>Nipponham</a>,EL
,<a href=https://npb.jp/bis/eng/players/71675159.html>Hamada Taiki</a>,4,13,13,0,5,1,0,0,6,1,0,0,0,0,4,0,0,0,0,0.385,0.385,0.462,0.847,167,0.077,0.556,30.8%,30.8%,0.0%,0.00,19,UTL,R,<a href=https://npb.jp/bis/eng/teams/index_f.html>Nipponham</a>,EL
,<a href=https://npb.jp/bis/eng/players/21625159.html>Hirata Daiju</a>,1,5,5,0,1,0,0,0,1,0,1,0,0,0,2,0,0,0,0,0.200,0.200,0.200,0.400,29,0.000,0.333,40.0%,40.0%,0.0%,0.00,19,9,L,<a href=https://npb.jp/bis/eng/teams/index_f.html>Nipponham</a>,EL
,<a href=https://npb.jp/bis/eng/players/41845159.html>Hoshino Hinode</a>,4,11,10,0,1,0,0,0,1,0,0,0,0,0,3,1,0,0,0,0.100,0.182,0.100,0.282,-8,0.000,0.143,36.4%,27.3%,9.1%,0.33,20,8,R,<a href=https://npb.jp/bis/eng/teams/index_f.html>Nipponham</a>,EL
,<a href=https://npb.jp/bis/eng/players/61865153.html>Hosokawa Ryohei</a>,8,31,22,1,4,0,0,0,4,1,3,1,1,0,5,8,0,0,0,0.182,0.400,0.182,0.582,85,0.000,0.235,41.9%,16.1%,25.8%,1.60,23,6,L,<a href=https://npb.jp/bis/eng/teams/index_f.html>Nipponham</a>,EL
,<a href=https://npb.jp/bis/eng/players/83185159.html>Miyazaki Kazuki</a>,9,30,27,2,4,0,0,0,4,1,0,2,1,0,3,2,0,0,2,0.148,0.207,0.148,0.355,14,0.000,0.167,16.7%,10.0%,6.7%,0.67,23,7,R,<a href=https://npb.jp/bis/eng/teams/index_f.html>Nipponham</a>,EL
,<a href=https://npb.jp/bis/eng/players/53355159.html>Myose Ryosuke</a>,7,29,25,0,5,0,0,0,5,1,0,0,0,0,6,4,0,0,0,0.200,0.310,0.200,0.510,63,0.000,0.263,34.5%,20.7%,13.8%,0.67,19,4,R,<a href=https://npb.jp/bis/eng/teams/index_f.html>Nipponham</a>,EL
,<a href=https://npb.jp/bis/eng/players/11215118.html>Nakashima Takuya</a>,6,9,2,3,0,0,0,0,0,1,0,0,2,0,2,5,0,0,0,0.000,0.714,0.000,0.714,126,0.000,,77.8%,22.2%,55.6%,2.50,34,3,L,<a href=https://npb.jp/bis/eng/teams/index_f.html>Nipponham</a>,EL
,<a href=https://npb.jp/bis/eng/players/71975155.html>Sakaguchi Uta</a>,7,25,21,2,2,0,0,0,2,0,2,0,0,0,6,4,0,0,0,0.095,0.240,0.095,0.335,9,0.000,0.133,40.0%,24.0%,16.0%,0.67,22,7,L,<a href=https://npb.jp/bis/eng/teams/index_f.html>Nipponham</a>,EL
,<a href=https://npb.jp/bis/eng/players/81085150.html>Shibata Reo</a>,4,15,15,0,2,0,0,0,2,1,0,0,0,0,3,0,0,0,0,0.133,0.133,0.133,0.266,-13,0.000,0.167,20.0%,20.0%,0.0%,0.00,19,DH,L,<a href=https://npb.jp/bis/eng/teams/index_f.html>Nipponham</a>,EL
,<a href=https://npb.jp/bis/eng/players/61965130.html>Shimizu Yushi</a>,6,15,12,1,2,2,0,0,4,1,0,0,0,0,4,3,0,0,0,0.167,0.333,0.333,0.666,110,0.166,0.250,46.7%,26.7%,20.0%,0.75,29,2,R,<a href=https://npb.jp/bis/eng/teams/index_f.html>Nipponham</a>,EL
,<a href=https://npb.jp/bis/eng/players/11015159.html>Shinto Yuya</a>,7,22,20,0,5,3,0,0,8,3,0,0,0,0,2,2,0,0,0,0.250,0.318,0.400,0.718,127,0.150,0.278,18.2%,9.1%,9.1%,1.00,23,2,R,<a href=https://npb.jp/bis/eng/teams/index_f.html>Nipponham</a>,EL
,<a href=https://npb.jp/bis/eng/players/11515151.html>Umebayashi Yuki</a>,4,12,10,3,4,0,1,1,9,4,0,0,1,0,1,1,0,0,0,0.400,0.455,0.900,1.355,325,0.500,0.375,25.0%,8.3%,8.3%,1.00,27,2,R,<a href=https://npb.jp/bis/eng/teams/index_f.html>Nipponham</a>,EL
,<a href=https://npb.jp/bis/eng/players/13315136.html>Wakabayashi Akihiro</a>,4,12,11,1,3,1,0,0,4,1,0,0,0,0,1,1,0,0,0,0.273,0.333,0.364,0.697,121,0.091,0.300,16.7%,8.3%,8.3%,1.00,31,3,S,<a href=https://npb.jp/bis/eng/teams/index_f.html>Nipponham</a>,EL
,<a href=https://npb.jp/bis/eng/players/63165150.html>Yamagata Shu</a>,6,22,20,3,5,2,0,0,7,0,0,0,0,0,5,2,0,0,0,0.250,0.318,0.350,0.668,111,0.100,0.333,31.8%,22.7%,9.1%,0.40,23,6,R,<a href=https://npb.jp/bis/eng/teams/index_f.html>Nipponham</a>,EL
,<a href=https://npb.jp/bis/eng/players/03305157.html>Yamaguchi Ataru</a>,6,22,21,1,4,1,0,0,5,2,0,0,0,0,10,1,0,0,1,0.190,0.227,0.238,0.465,49,0.048,0.364,50.0%,45.5%,4.5%,0.10,26,7,R,<a href=https://npb.jp/bis/eng/teams/index_f.html>Nipponham</a>,EL
,<a href=https://npb.jp/bis/eng/players/83985150.html>Yonamine Micah</a>,5,12,12,0,2,0,0,0,2,0,0,0,0,0,5,0,0,0,0,0.167,0.167,0.167,0.334,9,0.000,0.286,41.7%,41.7%,0.0%,0.00,24,3,R,<a href=https://npb.jp/bis/eng/teams/index_f.html>Nipponham</a>,EL
,Asai Reo,7,22,20,0,4,1,0,0,5,1,0,1,0,0,4,2,0,0,0,0.200,0.273,0.250,0.523,77,0.050,0.250,27.3%,18.2%,9.1%,0.50,25,9,L,Oisix,EL
,Chinen Taisei,11,45,43,8,14,1,2,0,19,6,1,0,0,0,5,1,0,1,0,0.326,0.356,0.442,0.798,176,0.116,0.368,13.3%,11.1%,2.2%,0.20,25,8,L,Oisix,EL
,Fujiwara Daichi,10,36,34,2,9,0,0,1,12,1,1,0,2,0,4,0,0,0,1,0.265,0.265,0.353,0.618,112,0.088,0.276,13.9%,11.1%,0.0%,0.00,25,6,S,Oisix,EL
,Katayama Yu,4,11,10,0,2,0,0,0,2,0,0,0,1,0,1,0,0,0,0,0.200,0.200,0.200,0.400,33,0.000,0.222,9.1%,9.1%,0.0%,0.00,26,2,R,Oisix,EL
,Konishi Keiji,9,31,30,3,6,0,0,0,6,1,0,0,1,0,11,0,0,0,1,0.200,0.200,0.200,0.400,33,0.000,0.316,35.5%,35.5%,0.0%,0.00,27,3,R,Oisix,EL
,Nagasawa Renji,2,7,7,0,2,0,0,0,2,0,0,0,0,0,2,0,0,0,0,0.286,0.286,0.286,0.572,95,0.000,0.400,28.6%,28.6%,0.0%,0.00,27,4,R,Oisix,EL
,Nakayama Shota,7,17,14,1,3,1,1,0,6,1,0,0,0,0,2,3,0,0,0,0.214,0.353,0.429,0.782,170,0.215,0.250,29.4%,11.8%,17.6%,1.50,28,DH,R,Oisix,EL
,Nakazawa Hideaki,9,27,23,2,5,0,0,0,5,1,0,0,2,0,2,2,0,0,1,0.217,0.280,0.217,0.497,69,0.000,0.238,14.8%,7.4%,7.4%,1.00,23,2,R,Oisix,EL
,Okawa Yodai,10,42,38,1,8,0,0,0,8,5,0,0,0,0,12,4,0,0,0,0.211,0.286,0.211,0.497,67,0.000,0.308,38.1%,28.6%,9.5%,0.33,25,7,R,Oisix,EL
,Sakaguchi Daisuke,2,4,3,0,1,0,0,0,1,0,1,0,0,0,0,1,0,0,0,0.333,0.500,0.333,0.833,189,0.000,0.333,25.0%,0.0%,25.0%,1.00,25,9,L,Oisix,EL
,Sato Kei,1,3,3,0,1,0,0,0,1,0,1,0,0,0,0,0,0,0,0,0.333,0.333,0.333,0.666,128,0.000,0.333,0.0%,0.0%,0.0%,,22,6,R,Oisix,EL
,Shinoda Taisei,6,16,12,1,2,0,0,0,2,0,0,1,1,0,3,3,0,0,0,0.167,0.333,0.167,0.500,69,0.000,0.222,37.5%,18.8%,18.8%,1.00,25,8,L,Oisix,EL
,Sonobe Keita,11,48,42,1,12,0,0,0,12,4,0,0,2,1,5,2,0,1,0,0.286,0.326,0.286,0.612,109,0.000,0.316,14.6%,10.4%,4.2%,0.40,25,5,R,Oisix,EL
,Taka Yoshihiro,4,1,1,1,0,0,0,0,0,0,0,0,0,0,0,0,0,0,0,0.000,0.000,0.000,0.000,-110,0.000,0.000,0.0%,0.0%,0.0%,,21,4,R,Oisix,EL
,Takayama Shun,10,36,35,1,10,1,0,0,11,3,0,0,0,0,6,1,0,0,1,0.286,0.306,0.314,0.620,113,0.028,0.345,19.4%,16.7%,2.8%,0.17,32,DH,L,Oisix,EL
,Tanaka Shunta,7,25,18,1,2,0,0,0,2,1,2,0,3,1,6,3,0,0,0,0.111,0.227,0.111,0.338,11,0.000,0.154,36.0%,24.0%,12.0%,0.50,31,4,L,Oisix,EL
,Urushihara Genta,5,11,10,0,2,0,0,0,2,1,0,0,1,0,2,0,0,0,0,0.200,0.200,0.200,0.400,33,0.000,0.250,18.2%,18.2%,0.0%,0.00,22,4,L,Oisix,EL
,Yamada Sora,1,1,1,0,0,0,0,0,0,0,0,0,0,0,1,0,0,0,0,0.000,0.000,0.000,0.000,-110,0.000,,100.0%,100.0%,0.0%,0.00,23,,L,Oisix,EL
,Yoh Daikan,8,20,16,4,3,1,0,0,4,0,0,0,0,0,6,4,0,0,0,0.188,0.350,0.250,0.600,105,0.062,0.300,50.0%,30.0%,20.0%,0.67,38,9,R,Oisix,EL
,Eguchi Soichiro,2,4,4,0,0,0,0,0,0,0,0,0,0,0,3,0,0,0,0,0.000,0.000,0.000,0.000,-97,0.000,0.000,75.0%,75.0%,0.0%,0.00,21,DH,R,HAYATE,WL
,Fukakusa Yuhya,10,31,27,1,7,2,0,0,9,3,0,0,0,1,4,0,0,3,0,0.259,0.323,0.333,0.656,109,0.074,0.292,12.9%,12.9%,0.0%,0.00,23,2,R,HAYATE,WL
,Fukatani Riki,7,17,14,1,3,0,0,0,3,1,0,0,0,1,2,2,0,0,0,0.214,0.294,0.214,0.508,63,0.000,0.231,23.5%,11.8%,11.8%,1.00,25,2,L,HAYATE,WL
,Hirao Shuto,8,17,17,1,2,0,0,0,2,0,0,1,0,0,5,0,0,0,0,0.118,0.118,0.118,0.236,-22,0.000,0.167,29.4%,29.4%,0.0%,0.00,22,9,L,HAYATE,WL
,Inada Taiyo,6,2,1,2,0,0,0,0,0,0,0,0,0,0,1,0,0,1,0,0.000,0.500,0.000,0.500,60,0.000,,50.0%,50.0%,0.0%,0.00,19,2,R,HAYATE,WL
,Jang Hyeon-Jin,4,5,5,0,0,0,0,0,0,0,0,0,0,0,3,0,0,0,0,0.000,0.000,0.000,0.000,-97,0.000,0.000,60.0%,60.0%,0.0%,0.00,21,5,L,HAYATE,WL
,Kuramoto Toshihiko,14,51,42,3,7,0,0,0,7,4,2,0,0,1,7,7,0,1,2,0.167,0.294,0.167,0.461,48,0.000,0.194,27.5%,13.7%,13.7%,1.00,34,5,L,HAYATE,WL
,Masuda Shoma,13,53,43,6,7,2,0,0,9,3,1,2,1,0,7,6,0,3,0,0.163,0.308,0.209,0.517,66,0.046,0.194,24.5%,13.2%,11.3%,0.86,27,9,R,HAYATE,WL
,Matsuda Kenshiro,12,40,39,2,7,2,0,0,9,2,0,0,0,0,7,1,0,0,3,0.179,0.200,0.231,0.431,39,0.052,0.219,20.0%,17.5%,2.5%,0.14,25,4,R,HAYATE,WL
,Matsumoto Jin,2,2,2,0,0,0,0,0,0,0,0,0,0,0,2,0,0,0,0,0.000,0.000,0.000,0.000,-97,0.000,,100.0%,100.0%,0.0%,0.00,19,5,L,HAYATE,WL
,Nakamura Raiya,14,53,46,4,7,1,0,0,8,4,0,0,2,0,4,5,0,0,2,0.152,0.235,0.174,0.409,32,0.022,0.167,17.0%,7.5%,9.4%,1.25,25,6,L,HAYATE,WL
,Nishikawa Ryosuke,4,15,14,0,2,0,0,0,2,1,0,0,0,0,4,1,0,0,1,0.143,0.200,0.143,0.343,11,0.000,0.200,33.3%,26.7%,6.7%,0.25,23,3,R,HAYATE,WL
,Shinohara Reo,9,31,29,1,4,0,0,0,4,2,3,1,0,0,5,1,0,1,1,0.138,0.194,0.138,0.332,8,0.000,0.167,19.4%,16.1%,3.2%,0.20,24,8,R,HAYATE,WL
,Shiozaki Eita,14,55,49,4,15,4,1,0,21,3,1,0,0,1,10,5,0,0,1,0.306,0.364,0.429,0.793,153,0.123,0.375,27.3%,18.2%,9.1%,0.50,23,DH,L,HAYATE,WL
,Suzuki Shohei,14,55,50,3,12,0,0,0,12,2,0,0,0,1,4,4,0,0,0,0.240,0.291,0.240,0.531,71,0.000,0.255,14.5%,7.3%,7.3%,1.00,27,7,L,HAYATE,WL
,Takahashi Shun,8,21,20,0,5,0,0,0,5,0,0,0,0,0,2,1,0,0,0,0.250,0.286,0.250,0.536,71,0.000,0.278,14.3%,9.5%,4.8%,0.50,27,3,R,HAYATE,WL
,Watsuji Daiki,12,39,37,1,4,0,0,0,4,1,0,0,2,0,8,0,0,0,0,0.108,0.108,0.108,0.216,-29,0.000,0.138,20.5%,20.5%,0.0%,0.00,25,4,L,HAYATE,WL
