#,,Team,G,W,L,T,PCT,GB,RS,RA,Diff,XPCT,Home,Road,vs G,vs M,vs L,vs F,vs E,vs DB,vs A,vs S,Inter
,"<img src=""https://www.yakyucosmo.com/wp-content/uploads/2025/04/Giants.jpg"" alt="""" width=""10"" height=""10"" class=""alignnone size-full wp-image-6227"" />",<a href=https://npb.jp/bis/eng/teams/index_g.html>Yomiuri Giants</a>,43,27,15,1,0.643,--,189,136,53,0.646,11-8(1),16-7,--,2-3,4-3,6-3,2-2(1),5-1,4-1,2-1,2-1
,"<img src=""https://www.yakyucosmo.com/wp-content/uploads/2025/04/Marines.jpg"" alt="""" width=""10"" height=""10"" class=""alignnone size-full wp-image-6240"" />",<a href=https://npb.jp/bis/eng/teams/index_m.html>Lotte Marines</a>,41,25,14,2,0.641,0.5,189,130,59,0.665,12-9(1),13-5(1),3-2,--,4-2(1),0-0(1),5-1,3-5,4-0,5-3,1-1
,"<img src=""https://www.yakyucosmo.com/wp-content/uploads/2025/04/Lions.jpg"" alt="""" width=""10"" height=""10"" class=""alignnone size-full wp-image-6219"" />",<a href=https://npb.jp/bis/eng/teams/index_l.html>Seibu Lions</a>,42,23,18,1,0.561,3.5,169,140,29,0.585,10-8,13-10(1),3-4,2-4(1),--,3-1,0-3,6-1,3-4,6-1,--
,"<img src=""https://www.yakyucosmo.com/wp-content/uploads/2025/04/Fighters.jpg"" alt="""" width=""10"" height=""10"" class=""alignnone size-full wp-image-6217"" />",<a href=https://npb.jp/bis/eng/teams/index_f.html>Nipponham Fighters</a>,42,23,18,1,0.561,3.5,146,128,18,0.560,12-10(1),11-8,3-6,0-0(1),1-3,--,6-3,5-1,2-3,6-2,--
,"<img src=""https://www.yakyucosmo.com/wp-content/uploads/2025/04/Eagles.jpg"" alt="""" width=""10"" height=""10"" class=""alignnone size-full wp-image-6218"" />",<a href=https://npb.jp/bis/eng/teams/index_e.html>Rakuten Eagles</a>,43,21,21,1,0.500,6.0,134,152,-18,0.443,14-9,7-12(1),2-2(1),1-5,3-0,3-6,--,4-4,6-1,2-3,--
,"<img src=""https://www.yakyucosmo.com/wp-content/uploads/2025/04/BayStars.jpg"" alt="""" width=""10"" height=""10"" class=""alignnone size-full wp-image-6228"" />",<a href=https://npb.jp/bis/eng/teams/index_db.html>DeNA BayStars</a>,42,16,25,1,0.390,10.5,150,175,-25,0.430,9-11(1),7-14,1-5,5-3,1-6,1-5,4-4,--,2-1,2-1(1),--
,"<img src=""https://www.yakyucosmo.com/wp-content/uploads/2025/04/Albirex.jpg"" alt="""" width=""10"" height=""10"" class=""alignnone size-full wp-image-6298"" />",<a href=https://www.niigata-albirex-bc.jp/>Oisix Albirex</a>,41,16,25,0,0.390,10.5,122,169,-47,0.355,9-9,7-16,1-4,0-4,4-3,3-2,1-6,1-2,--,5-2,1-2
,"<img src=""https://www.yakyucosmo.com/wp-content/uploads/2025/04/Swallows.jpg"" alt="""" width=""10"" height=""10"" class=""alignnone size-full wp-image-6226"" />",<a href=https://npb.jp/bis/eng/teams/index_s.html>Yakult Swallows</a>,42,13,28,1,0.317,13.5,109,155,-46,0.344,5-17,8-11(1),1-2,3-5,1-6,2-6,3-2,1-2(1),2-5,--,--
