Rank,Player,G,PA,AB,R,H,2B,3B,HR,TB,RBI,SB,CS,SH,SF,SO,BB,IBB,HP,GDP,AVG,OBP,SLG,OPS,OPS+,ISO,BABIP,TTO%,K%,BB%,BB/K,Age,Pos,B,,Team,League
,<a href=https://npb.jp/bis/eng/players/23325159.html>Momosaki Aoi</a>,70,237,214,26,62,14,1,0,78,20,3,3,1,1,44,19,0,2,5,0.290,0.352,0.364,0.716,129,0.074,0.363,26.6%,18.6%,8.0%,0.43,19,4,R,"<img src=""https://www.yakyucosmo.com/wp-content/uploads/2025/04/Tigers.jpg"" alt="""" width=""10"" height=""10"" class=""alignnone size-full wp-image-6224"" />",<a href=https://npb.jp/bis/eng/teams/index_t.html>Hanshin</a>,WL
,<a href=https://npb.jp/bis/eng/players/41845155.html>Maekawa Seita</a>,59,213,183,19,52,7,2,0,63,19,2,1,7,4,17,19,0,0,8,0.284,0.345,0.344,0.689,112,0.060,0.306,16.9%,8.0%,8.9%,1.12,22,4,R,"<img src=""https://www.yakyucosmo.com/wp-content/uploads/2025/04/Carp.jpg"" alt="""" width=""10"" height=""10"" class=""alignnone size-full wp-image-6223"" />",<a href=https://npb.jp/bis/eng/teams/index_c.html>Hiroshima</a>,WL
,<a href=https://npb.jp/bis/eng/players/31335159.html>Inoue Kento</a>,58,252,229,29,61,9,3,8,100,40,5,3,2,4,42,13,0,4,2,0.266,0.312,0.437,0.749,126,0.171,0.290,25.0%,16.7%,5.2%,0.31,25,5,L,"<img src=""https://www.yakyucosmo.com/wp-content/uploads/2025/04/BayStars.jpg"" alt="""" width=""10"" height=""10"" class=""alignnone size-full wp-image-6228"" />",<a href=https://npb.jp/bis/eng/teams/index_db.html>DeNA</a>,EL
,<a href=https://npb.jp/bis/eng/players/21525150.html>Kato Hibiki</a>,66,265,242,29,58,15,0,4,85,25,3,4,3,1,37,18,0,1,2,0.240,0.294,0.351,0.645,95,0.111,0.267,22.3%,14.0%,6.8%,0.49,23,UTL,R,"<img src=""https://www.yakyucosmo.com/wp-content/uploads/2025/04/BayStars.jpg"" alt="""" width=""10"" height=""10"" class=""alignnone size-full wp-image-6228"" />",<a href=https://npb.jp/bis/eng/teams/index_db.html>DeNA</a>,EL
,<a href=https://npb.jp/bis/eng/players/41545138.html>Katsumata Atsushi</a>,56,212,204,23,52,8,1,2,68,18,4,1,0,1,25,5,0,2,7,0.255,0.278,0.333,0.611,85,0.078,0.281,15.1%,11.8%,2.4%,0.20,25,7,L,"<img src=""https://www.yakyucosmo.com/wp-content/uploads/2025/04/BayStars.jpg"" alt="""" width=""10"" height=""10"" class=""alignnone size-full wp-image-6228"" />",<a href=https://npb.jp/bis/eng/teams/index_db.html>DeNA</a>,EL
,<a href=https://npb.jp/bis/eng/players/31935139.html>Sekine Taiki</a>,61,247,216,19,58,9,1,1,72,24,8,3,11,2,17,17,0,1,3,0.269,0.322,0.333,0.655,99,0.064,0.285,14.2%,6.9%,6.9%,1.00,30,8,L,"<img src=""https://www.yakyucosmo.com/wp-content/uploads/2025/04/BayStars.jpg"" alt="""" width=""10"" height=""10"" class=""alignnone size-full wp-image-6228"" />",<a href=https://npb.jp/bis/eng/teams/index_db.html>DeNA</a>,EL
,<a href=https://npb.jp/bis/eng/players/13015153.html>Tima Julian</a>,61,226,214,22,46,12,0,6,76,26,0,0,0,2,47,10,0,0,9,0.215,0.248,0.355,0.603,78,0.140,0.245,27.9%,20.8%,4.4%,0.21,20,3,R,"<img src=""https://www.yakyucosmo.com/wp-content/uploads/2025/04/Giants.jpg"" alt="""" width=""10"" height=""10"" class=""alignnone size-full wp-image-6227"" />",<a href=https://npb.jp/bis/eng/teams/index_g.html>Yomiuri</a>,EL
,<a href=https://npb.jp/bis/eng/players/11615157.html>Hashimoto Seiya</a>,54,204,187,19,48,10,2,0,62,23,4,4,1,2,22,14,0,0,7,0.257,0.305,0.332,0.637,95,0.075,0.287,17.6%,10.8%,6.9%,0.64,24,7,L,"<img src=""https://www.yakyucosmo.com/wp-content/uploads/2025/04/Swallows.jpg"" alt="""" width=""10"" height=""10"" class=""alignnone size-full wp-image-6226"" />",<a href=https://npb.jp/bis/eng/teams/index_s.html>Yakult</a>,EL
,<a href=https://npb.jp/bis/eng/players/01505157.html>Kitamura Keigo</a>,61,216,192,10,42,9,0,1,54,7,1,0,2,1,34,15,0,6,7,0.219,0.294,0.281,0.575,77,0.062,0.259,23.1%,15.7%,6.9%,0.44,24,UTL,R,"<img src=""https://www.yakyucosmo.com/wp-content/uploads/2025/04/Swallows.jpg"" alt="""" width=""10"" height=""10"" class=""alignnone size-full wp-image-6226"" />",<a href=https://npb.jp/bis/eng/teams/index_s.html>Yakult</a>,EL
,<a href=https://npb.jp/bis/eng/players/91495157.html>Nishimura Ruito</a>,57,206,188,16,40,10,0,1,53,14,2,6,0,2,49,16,0,0,4,0.213,0.272,0.282,0.554,70,0.069,0.279,32.0%,23.8%,7.8%,0.33,20,5,L,"<img src=""https://www.yakyucosmo.com/wp-content/uploads/2025/04/Swallows.jpg"" alt="""" width=""10"" height=""10"" class=""alignnone size-full wp-image-6226"" />",<a href=https://npb.jp/bis/eng/teams/index_s.html>Yakult</a>,EL
,<a href=https://npb.jp/bis/eng/players/71675157.html>Hama Shonosuke</a>,51,197,178,22,42,9,3,0,57,10,9,4,2,0,42,17,1,0,6,0.236,0.303,0.320,0.623,88,0.084,0.309,29.9%,21.3%,8.6%,0.40,25,8,L,"<img src=""https://www.yakyucosmo.com/wp-content/uploads/2025/04/Dragons.jpg"" alt="""" width=""10"" height=""10"" class=""alignnone size-full wp-image-6225"" />",<a href=https://npb.jp/bis/eng/teams/index_d.html>Chunichi</a>,WL
,<a href=https://npb.jp/bis/eng/players/41545159.html>Kawakami Rii</a>,67,273,222,31,53,9,1,1,67,28,13,5,0,5,61,40,0,6,4,0.239,0.363,0.302,0.665,101,0.063,0.315,37.4%,22.3%,14.7%,0.66,24,3,R,"<img src=""https://www.yakyucosmo.com/wp-content/uploads/2025/04/Dragons.jpg"" alt="""" width=""10"" height=""10"" class=""alignnone size-full wp-image-6225"" />",<a href=https://npb.jp/bis/eng/teams/index_d.html>Chunichi</a>,WL
,<a href=https://npb.jp/bis/eng/players/71375155.html>Ukai Kosuke</a>,50,210,188,31,56,14,2,5,89,30,6,1,0,0,38,18,0,4,4,0.298,0.371,0.473,0.844,153,0.175,0.352,29.0%,18.1%,8.6%,0.47,26,7,R,"<img src=""https://www.yakyucosmo.com/wp-content/uploads/2025/04/Dragons.jpg"" alt="""" width=""10"" height=""10"" class=""alignnone size-full wp-image-6225"" />",<a href=https://npb.jp/bis/eng/teams/index_d.html>Chunichi</a>,WL
,<a href=https://npb.jp/bis/eng/players/61065157.html>Chano Tokumasa</a>,68,241,220,27,68,2,1,0,72,13,16,7,3,2,22,16,0,0,1,0.309,0.353,0.327,0.680,115,0.018,0.340,15.8%,9.1%,6.6%,0.73,25,7,L,"<img src=""https://www.yakyucosmo.com/wp-content/uploads/2025/04/Buffaloes.jpg"" alt="""" width=""10"" height=""10"" class=""alignnone size-full wp-image-6222"" />",<a href=https://npb.jp/bis/eng/teams/index_b.html>ORIX</a>,WL
,<a href=https://npb.jp/bis/eng/players/91295157.html>Naito Ho</a>,66,262,236,17,56,8,1,3,75,26,0,0,0,1,40,23,1,2,11,0.237,0.309,0.318,0.627,97,0.081,0.273,25.2%,15.3%,8.8%,0.57,20,3,R,"<img src=""https://www.yakyucosmo.com/wp-content/uploads/2025/04/Buffaloes.jpg"" alt="""" width=""10"" height=""10"" class=""alignnone size-full wp-image-6222"" />",<a href=https://npb.jp/bis/eng/teams/index_b.html>ORIX</a>,WL
,<a href=https://npb.jp/bis/eng/players/83385159.html>Yokoyama Seiya</a>,58,228,211,16,42,7,1,0,51,17,4,1,0,1,56,16,0,0,4,0.199,0.254,0.242,0.496,55,0.043,0.269,31.6%,24.6%,7.0%,0.29,19,6,L,"<img src=""https://www.yakyucosmo.com/wp-content/uploads/2025/04/Buffaloes.jpg"" alt="""" width=""10"" height=""10"" class=""alignnone size-full wp-image-6222"" />",<a href=https://npb.jp/bis/eng/teams/index_b.html>ORIX</a>,WL
,<a href=https://npb.jp/bis/eng/players/23925150.html>Acevedo Stiven</a>,59,202,186,23,49,14,0,7,84,32,6,1,0,3,34,10,0,3,6,0.263,0.307,0.452,0.759,121,0.189,0.284,25.2%,16.8%,5.0%,0.29,22,7,R,"<img src=""https://www.yakyucosmo.com/wp-content/uploads/2025/04/Marines.jpg"" alt="""" width=""10"" height=""10"" class=""alignnone size-full wp-image-6240"" />",<a href=https://npb.jp/bis/eng/teams/index_m.html>Lotte</a>,EL
,<a href=https://npb.jp/bis/eng/players/53155159.html>Matsuishi Shinya</a>,59,204,176,25,40,2,1,0,44,10,3,5,12,1,35,13,0,2,4,0.227,0.286,0.250,0.536,59,0.023,0.282,23.5%,17.2%,6.4%,0.37,19,6,R,"<img src=""https://www.yakyucosmo.com/wp-content/uploads/2025/04/Marines.jpg"" alt="""" width=""10"" height=""10"" class=""alignnone size-full wp-image-6240"" />",<a href=https://npb.jp/bis/eng/teams/index_m.html>Lotte</a>,EL
,<a href=https://npb.jp/bis/eng/players/81885150.html>Miyazaki Ryusei</a>,68,259,228,39,62,10,5,4,94,32,4,0,0,1,58,26,0,4,3,0.272,0.355,0.412,0.767,124,0.140,0.347,34.0%,22.4%,10.0%,0.45,24,4,L,"<img src=""https://www.yakyucosmo.com/wp-content/uploads/2025/04/Marines.jpg"" alt="""" width=""10"" height=""10"" class=""alignnone size-full wp-image-6240"" />",<a href=https://npb.jp/bis/eng/teams/index_m.html>Lotte</a>,EL
,<a href=https://npb.jp/bis/eng/players/91895138.html>Yamaguchi Koki</a>,61,237,193,33,45,9,2,7,79,40,2,0,0,5,48,33,1,6,2,0.233,0.354,0.409,0.763,123,0.176,0.266,37.1%,20.3%,13.9%,0.69,24,7,R,"<img src=""https://www.yakyucosmo.com/wp-content/uploads/2025/04/Marines.jpg"" alt="""" width=""10"" height=""10"" class=""alignnone size-full wp-image-6240"" />",<a href=https://npb.jp/bis/eng/teams/index_m.html>Lotte</a>,EL
,<a href=https://npb.jp/bis/eng/players/61665159.html>Hirose Ryuta</a>,52,218,188,24,47,6,2,0,57,11,2,0,1,0,37,27,0,2,8,0.250,0.350,0.303,0.653,100,0.053,0.311,29.4%,17.0%,12.4%,0.73,24,UTL,R,"<img src=""https://www.yakyucosmo.com/wp-content/uploads/2025/04/Hawks.jpg"" alt="""" width=""10"" height=""10"" class=""alignnone size-full wp-image-6220"" /> ",<a href=https://npb.jp/bis/eng/teams/index_h.html>SoftBank</a>,WL
,<a href=https://npb.jp/bis/eng/players/11315157.html>Ikhine Itua</a>,58,217,188,20,39,5,3,2,56,21,11,5,2,1,56,23,0,3,2,0.207,0.302,0.298,0.600,83,0.091,0.282,37.3%,25.8%,10.6%,0.41,20,6,L,"<img src=""https://www.yakyucosmo.com/wp-content/uploads/2025/04/Hawks.jpg"" alt="""" width=""10"" height=""10"" class=""alignnone size-full wp-image-6220"" /> ",<a href=https://npb.jp/bis/eng/teams/index_h.html>SoftBank</a>,WL
,<a href=https://npb.jp/bis/eng/players/01305153.html>Inoue Tomoya</a>,59,248,222,29,53,9,2,2,72,29,2,0,1,3,48,18,0,4,7,0.239,0.304,0.324,0.628,92,0.085,0.291,27.4%,19.4%,7.3%,0.38,22,UTL,R,"<img src=""https://www.yakyucosmo.com/wp-content/uploads/2025/04/Hawks.jpg"" alt="""" width=""10"" height=""10"" class=""alignnone size-full wp-image-6220"" /> ",<a href=https://npb.jp/bis/eng/teams/index_h.html>SoftBank</a>,WL
,<a href=https://npb.jp/bis/eng/players/91095153.html>Sasagawa Yoshiyasu</a>,56,235,210,32,54,6,2,6,82,32,5,4,0,3,56,19,0,3,1,0.257,0.323,0.390,0.713,117,0.133,0.318,34.5%,23.8%,8.1%,0.34,23,9,L,"<img src=""https://www.yakyucosmo.com/wp-content/uploads/2025/04/Hawks.jpg"" alt="""" width=""10"" height=""10"" class=""alignnone size-full wp-image-6220"" /> ",<a href=https://npb.jp/bis/eng/teams/index_h.html>SoftBank</a>,WL
,<a href=https://npb.jp/bis/eng/players/01205150.html>Shoji Yudai</a>,58,232,202,23,43,5,0,0,48,17,7,3,4,2,46,23,0,1,3,0.213,0.294,0.238,0.532,63,0.025,0.272,29.7%,19.8%,9.9%,0.50,22,6,L,"<img src=""https://www.yakyucosmo.com/wp-content/uploads/2025/04/Hawks.jpg"" alt="""" width=""10"" height=""10"" class=""alignnone size-full wp-image-6220"" /> ",<a href=https://npb.jp/bis/eng/teams/index_h.html>SoftBank</a>,WL
,<a href=https://npb.jp/bis/eng/players/41345153.html>Irie Daiki</a>,65,255,241,26,63,7,1,2,78,23,3,1,2,4,33,6,0,2,7,0.261,0.281,0.324,0.605,84,0.063,0.290,16.1%,12.9%,2.4%,0.18,23,4,R,"<img src=""https://www.yakyucosmo.com/wp-content/uploads/2025/04/Eagles.jpg"" alt="""" width=""10"" height=""10"" class=""alignnone size-full wp-image-6218"" />",<a href=https://npb.jp/bis/eng/teams/index_e.html>Rakuten</a>,EL
,<a href=https://npb.jp/bis/eng/players/43545155.html>Yoshino Soshi</a>,62,238,215,30,58,18,3,2,88,20,2,0,0,3,54,15,0,5,7,0.270,0.328,0.409,0.737,124,0.139,0.346,29.8%,22.7%,6.3%,0.28,21,8,R,"<img src=""https://www.yakyucosmo.com/wp-content/uploads/2025/04/Eagles.jpg"" alt="""" width=""10"" height=""10"" class=""alignnone size-full wp-image-6218"" />",<a href=https://npb.jp/bis/eng/teams/index_e.html>Rakuten</a>,EL
,<a href=https://npb.jp/bis/eng/players/03305150.html>Yoshinoh Tsubasa</a>,58,208,185,23,43,7,1,1,55,16,2,0,0,1,50,20,0,2,4,0.232,0.313,0.297,0.610,86,0.065,0.311,34.1%,24.0%,9.6%,0.40,22,9,L,"<img src=""https://www.yakyucosmo.com/wp-content/uploads/2025/04/Eagles.jpg"" alt="""" width=""10"" height=""10"" class=""alignnone size-full wp-image-6218"" />",<a href=https://npb.jp/bis/eng/teams/index_e.html>Rakuten</a>,EL
,<a href=https://npb.jp/bis/eng/players/93395159.html>Murata Reon</a>,68,270,251,25,69,21,0,3,99,24,1,0,0,3,58,13,0,3,10,0.275,0.315,0.394,0.709,109,0.119,0.342,27.4%,21.5%,4.8%,0.22,23,3,R,"<img src=""https://www.yakyucosmo.com/wp-content/uploads/2025/04/Lions.jpg"" alt="""" width=""10"" height=""10"" class=""alignnone size-full wp-image-6219"" />",<a href=https://npb.jp/bis/eng/teams/index_l.html>Seibu</a>,EL
,<a href=https://npb.jp/bis/eng/players/01105155.html>Arizono Naoki</a>,61,243,211,43,61,9,3,12,112,41,1,0,0,2,52,28,1,2,7,0.289,0.374,0.531,0.905,162,0.242,0.329,37.9%,21.4%,11.5%,0.54,22,5,R,"<img src=""https://www.yakyucosmo.com/wp-content/uploads/2025/04/Fighters.jpg"" alt="""" width=""10"" height=""10"" class=""alignnone size-full wp-image-6217"" />",<a href=https://npb.jp/bis/eng/teams/index_f.html>Nipponham</a>,EL
,Chinen Taisei,73,295,279,46,81,11,5,8,126,39,4,5,0,2,34,12,0,2,2,0.290,0.322,0.452,0.774,147,0.162,0.305,18.3%,11.5%,4.1%,0.35,25,8,L,"<img src=""https://www.yakyucosmo.com/wp-content/uploads/2025/04/Albirex.jpg"" alt="""" width=""10"" height=""10"" class=""alignnone size-full wp-image-6298"" />",<a href=https://www.niigata-albirex-bc.jp/>Oisix</a>,EL
,Konishi Keiji,64,202,182,13,33,7,1,2,48,17,0,0,9,2,56,6,0,3,5,0.181,0.218,0.264,0.482,51,0.083,0.246,31.7%,27.7%,3.0%,0.11,27,3,R,"<img src=""https://www.yakyucosmo.com/wp-content/uploads/2025/04/Albirex.jpg"" alt="""" width=""10"" height=""10"" class=""alignnone size-full wp-image-6298"" />",<a href=https://www.niigata-albirex-bc.jp/>Oisix</a>,EL
,Okawa Yodai,65,275,253,26,76,17,3,5,114,34,0,0,0,0,52,19,0,3,7,0.300,0.356,0.451,0.807,159,0.151,0.362,27.6%,18.9%,6.9%,0.37,25,7,R,"<img src=""https://www.yakyucosmo.com/wp-content/uploads/2025/04/Albirex.jpg"" alt="""" width=""10"" height=""10"" class=""alignnone size-full wp-image-6298"" />",<a href=https://www.niigata-albirex-bc.jp/>Oisix</a>,EL
,Sonobe Keita,65,256,237,23,63,7,1,1,75,21,4,0,2,1,40,11,0,5,5,0.266,0.311,0.316,0.627,100,0.050,0.315,20.3%,15.6%,4.3%,0.28,25,5,R,"<img src=""https://www.yakyucosmo.com/wp-content/uploads/2025/04/Albirex.jpg"" alt="""" width=""10"" height=""10"" class=""alignnone size-full wp-image-6298"" />",<a href=https://www.niigata-albirex-bc.jp/>Oisix</a>,EL
,Takayama Shun,57,228,195,16,57,5,0,0,62,22,0,0,0,2,27,31,0,0,8,0.292,0.386,0.318,0.704,126,0.026,0.335,25.4%,11.8%,13.6%,1.15,32,DH,L,"<img src=""https://www.yakyucosmo.com/wp-content/uploads/2025/04/Albirex.jpg"" alt="""" width=""10"" height=""10"" class=""alignnone size-full wp-image-6298"" />",<a href=https://www.niigata-albirex-bc.jp/>Oisix</a>,EL
,Kuramoto Toshihiko,67,261,239,17,66,7,2,0,77,22,2,0,0,2,33,16,0,4,7,0.276,0.330,0.322,0.652,93,0.046,0.317,18.8%,12.6%,6.1%,0.48,34,5,L,"<img src=""https://www.yakyucosmo.com/wp-content/uploads/2025/04/Ventures.jpg"" alt="""" width=""10"" height=""10"" class=""alignnone size-full wp-image-6297"" />",<a href=https://hayateventures.jp/>HAYATE</a>,WL
,Masuda Shoma,52,208,184,17,47,9,0,0,56,14,4,7,5,1,30,15,0,3,2,0.255,0.320,0.304,0.624,85,0.049,0.303,21.6%,14.4%,7.2%,0.50,27,9,R,"<img src=""https://www.yakyucosmo.com/wp-content/uploads/2025/04/Ventures.jpg"" alt="""" width=""10"" height=""10"" class=""alignnone size-full wp-image-6297"" />",<a href=https://hayateventures.jp/>HAYATE</a>,WL
,Nakamura Raiya,71,283,252,27,60,9,2,2,79,20,0,0,3,2,47,20,0,6,7,0.238,0.307,0.313,0.620,84,0.075,0.283,24.4%,16.6%,7.1%,0.43,25,6,L,"<img src=""https://www.yakyucosmo.com/wp-content/uploads/2025/04/Ventures.jpg"" alt="""" width=""10"" height=""10"" class=""alignnone size-full wp-image-6297"" />",<a href=https://hayateventures.jp/>HAYATE</a>,WL
,Shinohara Reo,63,252,229,17,49,11,0,0,60,16,8,8,6,0,50,11,0,6,3,0.214,0.268,0.262,0.530,58,0.048,0.274,24.2%,19.8%,4.4%,0.22,24,8,R,"<img src=""https://www.yakyucosmo.com/wp-content/uploads/2025/04/Ventures.jpg"" alt="""" width=""10"" height=""10"" class=""alignnone size-full wp-image-6297"" />",<a href=https://hayateventures.jp/>HAYATE</a>,WL
,Suzuki Shohei,65,271,250,21,75,8,1,1,88,18,7,1,2,3,25,15,0,1,3,0.300,0.338,0.352,0.690,104,0.052,0.326,15.1%,9.2%,5.5%,0.60,27,7,L,"<img src=""https://www.yakyucosmo.com/wp-content/uploads/2025/04/Ventures.jpg"" alt="""" width=""10"" height=""10"" class=""alignnone size-full wp-image-6297"" />",<a href=https://hayateventures.jp/>HAYATE</a>,WL
,Watsuji Daiki,69,241,222,21,59,2,1,1,66,13,2,2,4,1,23,14,1,0,3,0.266,0.308,0.297,0.605,80,0.031,0.291,15.8%,9.5%,5.8%,0.61,25,4,L,"<img src=""https://www.yakyucosmo.com/wp-content/uploads/2025/04/Ventures.jpg"" alt="""" width=""10"" height=""10"" class=""alignnone size-full wp-image-6297"" />",<a href=https://hayateventures.jp/>HAYATE</a>,WL
