#,,Team,G,W,L,T,PCT,GB,RS,RA,Diff,XPCT,Home,Road,vs M,vs G,vs L,vs F,vs E,vs DB,vs A,vs S,Inter
,"<img src=""https://www.yakyucosmo.com/wp-content/uploads/2025/04/Marines.jpg"" alt="""" width=""10"" height=""10"" class=""alignnone size-full wp-image-6240"" />",<a href=https://npb.jp/bis/eng/teams/index_m.html>Lotte Marines</a>,73,46,25,2,0.648,--,344,240,104,0.659,23-13(1),23-12(1),--,7-5,6-5(1),1-2(1),11-3,5-6,8-0,7-3,1-1
,"<img src=""https://www.yakyucosmo.com/wp-content/uploads/2025/04/Giants.jpg"" alt="""" width=""10"" height=""10"" class=""alignnone size-full wp-image-6227"" />",<a href=https://npb.jp/bis/eng/teams/index_g.html>Yomiuri Giants</a>,74,44,29,1,0.603,3.0,303,226,77,0.631,17-13(1),27-16,5-7,--,5-3,7-4,3-5(1),7-3,7-4,8-2,2-1
,"<img src=""https://www.yakyucosmo.com/wp-content/uploads/2025/04/Lions.jpg"" alt="""" width=""10"" height=""10"" class=""alignnone size-full wp-image-6219"" />",<a href=https://npb.jp/bis/eng/teams/index_l.html>Seibu Lions</a>,71,42,28,1,0.600,3.5,298,228,70,0.620,20-11,22-17(1),5-6(1),3-5,--,6-4,5-4,8-3,5-5,10-1,--
,"<img src=""https://www.yakyucosmo.com/wp-content/uploads/2025/04/Fighters.jpg"" alt="""" width=""10"" height=""10"" class=""alignnone size-full wp-image-6217"" />",<a href=https://npb.jp/bis/eng/teams/index_f.html>Nipponham Fighters</a>,69,39,29,1,0.574,5.5,276,228,48,0.587,22-12(1),17-17,2-1(1),4-7,4-6,--,7-5,9-2,5-4,7-3,1-1
,"<img src=""https://www.yakyucosmo.com/wp-content/uploads/2025/04/Eagles.jpg"" alt="""" width=""10"" height=""10"" class=""alignnone size-full wp-image-6218"" />",<a href=https://npb.jp/bis/eng/teams/index_e.html>Rakuten Eagles</a>,74,35,38,1,0.479,12.0,264,300,-36,0.442,25-19,10-19(1),3-11,5-3(1),4-5,5-7,--,5-5,7-3,6-4,--
,"<img src=""https://www.yakyucosmo.com/wp-content/uploads/2025/04/BayStars.jpg"" alt="""" width=""10"" height=""10"" class=""alignnone size-full wp-image-6228"" />",<a href=https://npb.jp/bis/eng/teams/index_db.html>DeNA BayStars</a>,77,32,44,1,0.421,16.5,322,352,-30,0.459,17-23(1),15-21,6-5,3-7,3-8,2-9,5-5,--,6-6,7-4(1),--
,"<img src=""https://www.yakyucosmo.com/wp-content/uploads/2025/04/Albirex.jpg"" alt="""" width=""10"" height=""10"" class=""alignnone size-full wp-image-6298"" />",<a href=https://www.niigata-albirex-bc.jp/>Oisix Albirex</a>,74,29,45,0,0.392,18.5,255,374,-119,0.332,17-19,12-26,0-8,4-7,5-5,4-5,3-7,6-6,--,6-2,1-5
,"<img src=""https://www.yakyucosmo.com/wp-content/uploads/2025/04/Swallows.jpg"" alt="""" width=""10"" height=""10"" class=""alignnone size-full wp-image-6226"" />",<a href=https://npb.jp/bis/eng/teams/index_s.html>Yakult Swallows</a>,71,19,51,1,0.271,26.5,180,288,-108,0.297,7-29,12-22(1),3-7,2-8,1-10,3-7,4-6,4-7(1),2-6,--,--
