Rank,Pitcher,G,W,L,SV,CG,SHO,BF,IP,H,HR,SO,BB,IBB,HB,WP,R,ER,ERA,FIP,kwERA,WHIP,ERA+,FIP-,kwERA-,Diff,HR%,K%,BB%,K-BB%,Age,T,,Team,League
,<a href=https://npb.jp/bis/eng/players/71075150.html>Sato Ryunosuke</a>,8,1,1,0,0,0,188,43.0,42,1,24,21,0,1,3,19,18,3.77,4.21,4.64,1.47,81,117,121,-0.44,0.5%,12.8%,11.2%,1.6%,22,L,"<img src=""https://www.yakyucosmo.com/wp-content/uploads/2025/04/Carp.jpg"" alt="""" width=""10"" height=""10"" class=""alignnone size-full wp-image-6223"" />",<a href=https://npb.jp/bis/eng/teams/index_c.html>Hiroshima</a>,WL
,<a href=https://npb.jp/bis/eng/players/31435159.html>Tsunehiro Hayato</a>,9,1,6,0,0,0,206,45.1,50,1,32,19,0,2,9,31,22,4.37,3.76,4.17,1.52,70,104,109,0.61,0.5%,15.5%,9.2%,6.3%,23,R,"<img src=""https://www.yakyucosmo.com/wp-content/uploads/2025/04/Carp.jpg"" alt="""" width=""10"" height=""10"" class=""alignnone size-full wp-image-6223"" />",<a href=https://npb.jp/bis/eng/teams/index_c.html>Hiroshima</a>,WL
,<a href=https://npb.jp/bis/eng/players/31935155.html>Kozono Kenta</a>,8,4,0,0,0,0,181,47.0,30,3,35,13,0,1,0,8,8,1.53,3.73,3.58,0.91,205,101,93,-2.20,1.7%,19.3%,7.2%,12.2%,22,R,"<img src=""https://www.yakyucosmo.com/wp-content/uploads/2025/04/BayStars.jpg"" alt="""" width=""10"" height=""10"" class=""alignnone size-full wp-image-6228"" />",<a href=https://npb.jp/bis/eng/teams/index_db.html>DeNA</a>,EL
,<a href=https://npb.jp/bis/eng/players/81985159.html>Shoji Haruto</a>,10,2,3,0,0,0,205,47.2,48,4,32,16,0,3,0,16,13,2.45,4.44,4.02,1.34,128,121,105,-1.99,2.0%,15.6%,7.8%,7.8%,24,L,"<img src=""https://www.yakyucosmo.com/wp-content/uploads/2025/04/BayStars.jpg"" alt="""" width=""10"" height=""10"" class=""alignnone size-full wp-image-6228"" />",<a href=https://npb.jp/bis/eng/teams/index_db.html>DeNA</a>,EL
,<a href=https://npb.jp/bis/eng/players/33135159.html>Mataki Teppei</a>,10,3,2,0,1,0,234,59.1,56,3,41,9,0,2,0,18,17,2.58,3.32,3.43,1.10,119,92,89,-0.74,1.3%,17.5%,3.8%,13.7%,26,L,"<img src=""https://www.yakyucosmo.com/wp-content/uploads/2025/04/Giants.jpg"" alt="""" width=""10"" height=""10"" class=""alignnone size-full wp-image-6227"" />",<a href=https://npb.jp/bis/eng/teams/index_g.html>Yomiuri</a>,EL
,<a href=https://npb.jp/bis/eng/players/93295157.html>Mejia Humberto</a>,8,4,1,0,0,0,182,47.0,32,2,25,11,0,3,1,9,9,1.72,3.88,4.03,0.91,185,104,105,-2.16,1.1%,13.7%,6.0%,7.7%,28,R,"<img src=""https://www.yakyucosmo.com/wp-content/uploads/2025/04/Dragons.jpg"" alt="""" width=""10"" height=""10"" class=""alignnone size-full wp-image-6225"" />",<a href=https://npb.jp/bis/eng/teams/index_d.html>Chunichi</a>,WL
,<a href=https://npb.jp/bis/eng/players/71175159.html>Ashida Taketo</a>,9,2,1,0,0,0,186,42.2,48,1,26,9,0,5,2,16,13,2.74,3.56,3.89,1.34,106,104,101,-0.82,0.5%,14.0%,4.8%,9.1%,25,R,"<img src=""https://www.yakyucosmo.com/wp-content/uploads/2025/04/Buffaloes.jpg"" alt="""" width=""10"" height=""10"" class=""alignnone size-full wp-image-6222"" />",<a href=https://npb.jp/bis/eng/teams/index_b.html>ORIX</a>,WL
,<a href=https://npb.jp/bis/eng/players/21525116.html>Karakawa Yuki</a>,8,3,3,0,0,0,171,40.1,50,1,27,6,0,0,0,13,12,2.68,2.92,3.57,1.39,126,74,93,-0.24,0.6%,15.8%,3.5%,12.3%,35,R,"<img src=""https://www.yakyucosmo.com/wp-content/uploads/2025/04/Marines.jpg"" alt="""" width=""10"" height=""10"" class=""alignnone size-full wp-image-6240"" />",<a href=https://npb.jp/bis/eng/teams/index_m.html>Lotte</a>,EL
,<a href=https://npb.jp/bis/eng/players/61765153.html>Kawamura Tokito</a>,8,3,3,0,0,0,169,43.0,33,0,20,8,0,1,2,10,8,1.67,3.19,4.09,0.95,202,81,107,-1.52,0.0%,11.8%,4.7%,7.1%,28,R,"<img src=""https://www.yakyucosmo.com/wp-content/uploads/2025/04/Marines.jpg"" alt="""" width=""10"" height=""10"" class=""alignnone size-full wp-image-6240"" />",<a href=https://npb.jp/bis/eng/teams/index_m.html>Lotte</a>,EL
,<a href=https://npb.jp/bis/eng/players/21425138.html>Bandoh Yugo</a>,9,3,0,0,0,0,205,48.2,53,0,24,9,0,2,0,18,15,2.77,3.18,4.07,1.27,113,87,106,-0.41,0.0%,11.7%,4.4%,7.3%,29,R,"<img src=""https://www.yakyucosmo.com/wp-content/uploads/2025/04/Hawks.jpg"" alt="""" width=""10"" height=""10"" class=""alignnone size-full wp-image-6220"" /> ",<a href=https://npb.jp/bis/eng/teams/index_h.html>SoftBank</a>,WL
,<a href=https://npb.jp/bis/eng/players/11315159.html>Itogawa Ryota</a>,10,3,1,0,0,0,202,48.1,48,3,32,12,0,1,2,16,16,2.98,3.78,3.81,1.24,112,97,99,-0.80,1.5%,15.8%,5.9%,9.9%,27,R,"<img src=""https://www.yakyucosmo.com/wp-content/uploads/2025/04/Lions.jpg"" alt="""" width=""10"" height=""10"" class=""alignnone size-full wp-image-6219"" />",<a href=https://npb.jp/bis/eng/teams/index_l.html>Seibu</a>,EL
,Kasahara Shotaro,9,0,4,0,0,0,196,43.2,51,3,22,18,0,1,2,26,21,4.33,4.68,4.60,1.58,66,139,120,-0.35,1.5%,11.2%,9.2%,2.0%,30,L,"<img src=""https://www.yakyucosmo.com/wp-content/uploads/2025/04/Albirex.jpg"" alt="""" width=""10"" height=""10"" class=""alignnone size-full wp-image-6298"" />",<a href=https://www.niigata-albirex-bc.jp/>Oisix</a>,EL
,Makino Kenshin,10,3,2,0,1,1,268,61.2,67,4,44,19,0,1,2,24,18,2.63,3.88,3.87,1.39,109,115,101,-1.25,1.5%,16.4%,7.1%,9.3%,25,L,"<img src=""https://www.yakyucosmo.com/wp-content/uploads/2025/04/Albirex.jpg"" alt="""" width=""10"" height=""10"" class=""alignnone size-full wp-image-6298"" />",<a href=https://www.niigata-albirex-bc.jp/>Oisix</a>,EL
,Noto Syuto,10,5,1,0,0,0,243,57.2,44,1,50,26,0,1,1,18,14,2.18,3.39,3.81,1.21,131,101,99,-1.21,0.4%,20.6%,10.7%,9.9%,23,R,"<img src=""https://www.yakyucosmo.com/wp-content/uploads/2025/04/Albirex.jpg"" alt="""" width=""10"" height=""10"" class=""alignnone size-full wp-image-6298"" />",<a href=https://www.niigata-albirex-bc.jp/>Oisix</a>,EL
,Yabuta Kazuki,9,1,2,0,0,0,212,47.2,53,2,25,16,0,0,2,27,20,3.78,4.00,4.38,1.45,76,119,114,-0.22,0.9%,11.8%,7.5%,4.2%,32,R,"<img src=""https://www.yakyucosmo.com/wp-content/uploads/2025/04/Albirex.jpg"" alt="""" width=""10"" height=""10"" class=""alignnone size-full wp-image-6298"" />",<a href=https://www.niigata-albirex-bc.jp/>Oisix</a>,EL
,Kasashima Naoki,9,2,3,0,0,0,209,49.1,43,3,38,17,0,2,1,23,15,2.74,3.90,3.80,1.22,119,102,99,-1.16,1.4%,18.2%,8.1%,10.0%,22,R,"<img src=""https://www.yakyucosmo.com/wp-content/uploads/2025/04/Ventures.jpg"" alt="""" width=""10"" height=""10"" class=""alignnone size-full wp-image-6297"" />",<a href=https://hayateventures.jp/>HAYATE</a>,WL
,Okuda Kanata,8,2,5,0,0,0,183,41.0,54,1,16,11,0,0,1,20,19,4.17,3.83,4.53,1.59,78,100,118,0.34,0.5%,8.7%,6.0%,2.7%,24,L,"<img src=""https://www.yakyucosmo.com/wp-content/uploads/2025/04/Ventures.jpg"" alt="""" width=""10"" height=""10"" class=""alignnone size-full wp-image-6297"" />",<a href=https://hayateventures.jp/>HAYATE</a>,WL
,<a href=https://npb.jp/bis/eng/players/53555155.html>Yamada Ryusei</a>,9,2,2,0,0,0,182,45.1,31,1,36,21,0,0,2,10,9,1.79,3.58,3.98,1.15,183,93,104,-1.79,0.5%,19.8%,11.5%,8.2%,24,R,"<img src=""https://www.yakyucosmo.com/wp-content/uploads/2025/04/Ventures.jpg"" alt="""" width=""10"" height=""10"" class=""alignnone size-full wp-image-6297"" />",<a href=https://hayateventures.jp/>HAYATE</a>,WL
