#,,Team,G,W,L,T,PCT,GB,RS,RA,Diff,XPCT,Home,Road,vs M,vs G,vs F,vs L,vs E,vs A,vs S,vs DB
,"<img src=""https://www.yakyucosmo.com/wp-content/uploads/2025/04/Marines.jpg"" alt="""" width=""10"" height=""10"" class=""alignnone size-full wp-image-6240"" />",<a href=https://npb.jp/bis/eng/teams/index_m.html>Lotte Marines</a>,17,14,1,2,0.933,--,97,48,49,0.784,6-1(1),8-0(1),--,3-0,0-0(1),3-0(1),3-0,2-0,1-0,2-1
,"<img src=""https://www.yakyucosmo.com/wp-content/uploads/2025/04/Giants.jpg"" alt="""" width=""10"" height=""10"" class=""alignnone size-full wp-image-6227"" />",<a href=https://npb.jp/bis/eng/teams/index_g.html>Yomiuri Giants</a>,18,11,7,0,0.611,4.5,89,64,25,0.646,3-4,8-3,0-3,--,2-1,1-1,0-1,3-0,2-1,3-0
,"<img src=""https://www.yakyucosmo.com/wp-content/uploads/2025/04/Fighters.jpg"" alt="""" width=""10"" height=""10"" class=""alignnone size-full wp-image-6217"" />",<a href=https://npb.jp/bis/eng/teams/index_f.html>Nipponham Fighters</a>,16,9,6,1,0.600,5.0,51,48,3,0.528,5-3(1),4-3,0-0(1),1-2,--,1-1,1-0,0-2,2-1,4-0
,"<img src=""https://www.yakyucosmo.com/wp-content/uploads/2025/04/Lions.jpg"" alt="""" width=""10"" height=""10"" class=""alignnone size-full wp-image-6219"" />",<a href=https://npb.jp/bis/eng/teams/index_l.html>Seibu Lions</a>,18,8,9,1,0.471,7.0,55,58,-3,0.476,3-4,5-5(1),0-3(1),1-1,1-1,--,--,2-3,2-0,2-1
,"<img src=""https://www.yakyucosmo.com/wp-content/uploads/2025/04/Eagles.jpg"" alt="""" width=""10"" height=""10"" class=""alignnone size-full wp-image-6218"" />",<a href=https://npb.jp/bis/eng/teams/index_e.html>Rakuten Eagles</a>,17,8,9,0,0.471,7.0,56,73,-17,0.381,6-6,2-3,0-3,1-0,0-1,--,--,4-1,2-3,1-1
,"<img src=""https://www.yakyucosmo.com/wp-content/uploads/2025/04/Albirex.jpg"" alt="""" width=""10"" height=""10"" class=""alignnone size-full wp-image-6298"" />",<a href=https://www.niigata-albirex-bc.jp/>Oisix Albirex</a>,19,7,12,0,0.368,9.0,53,82,-29,0.310,6-2,1-10,0-2,0-3,2-0,3-2,1-4,--,1-0,0-1
,"<img src=""https://www.yakyucosmo.com/wp-content/uploads/2025/04/Swallows.jpg"" alt="""" width=""10"" height=""10"" class=""alignnone size-full wp-image-6226"" />",<a href=https://npb.jp/bis/eng/teams/index_s.html>Yakult Swallows</a>,16,5,10,1,0.333,9.0,43,52,-9,0.414,3-5,2-5(1),0-1,1-2,1-2,0-2,3-2,0-1,--,0-0(1)
,"<img src=""https://www.yakyucosmo.com/wp-content/uploads/2025/04/BayStars.jpg"" alt="""" width=""10"" height=""10"" class=""alignnone size-full wp-image-6228"" />",<a href=https://npb.jp/bis/eng/teams/index_db.html>DeNA BayStars</a>,17,4,12,1,0.250,10.5,65,84,-19,0.385,2-7(1),2-5,1-2,0-3,0-4,1-2,1-1,1-0,0-0(1),--
