#,,Team,G,W,L,T,PCT,GB,RS,RA,Diff,XPCT,Home,Road,vs D,vs H,vs B,vs T,vs C,vs V,Inter
,"<img src=""https://www.yakyucosmo.com/wp-content/uploads/2025/04/Dragons.jpg"" alt="""" width=""10"" height=""10"" class=""alignnone size-full wp-image-6225"" />",<a href=https://npb.jp/bis/eng/teams/index_d.html>Chunichi Dragons</a>,61,37,20,4,0.649,--,265,182,83,0.665,19-8(1),18-12(3),--,7-2,5-5(2),10-5(2),7-7,8-1,--
,"<img src=""https://www.yakyucosmo.com/wp-content/uploads/2025/04/Hawks.jpg"" alt="""" width=""10"" height=""10"" class=""alignnone size-full wp-image-6220"" /> ",<a href=https://npb.jp/bis/eng/teams/index_h.html>SoftBank Hawks</a>,66,36,27,3,0.571,4.0,295,225,70,0.621,20-16(1),16-11(2),2-7,--,8-7(2),5-8,10-2(1),9-3,2-0
,"<img src=""https://www.yakyucosmo.com/wp-content/uploads/2025/04/Buffaloes.jpg"" alt="""" width=""10"" height=""10"" class=""alignnone size-full wp-image-6222"" />",<a href=https://npb.jp/bis/eng/teams/index_b.html>ORIX Buffaloes</a>,69,32,28,9,0.533,6.5,253,222,31,0.560,18-15(4),14-13(5),5-5(2),7-8(2),--,4-3(3),5-9(2),10-3,1-0
,"<img src=""https://www.yakyucosmo.com/wp-content/uploads/2025/04/Tigers.jpg"" alt="""" width=""10"" height=""10"" class=""alignnone size-full wp-image-6224"" />",<a href=https://npb.jp/bis/eng/teams/index_t.html>Hanshin Tigers</a>,69,32,31,6,0.508,8.0,258,264,-6,0.489,15-16(5),17-15(1),5-10(2),8-5,3-4(3),--,7-6(1),7-5,2-1
,"<img src=""https://www.yakyucosmo.com/wp-content/uploads/2025/04/Carp.jpg"" alt="""" width=""10"" height=""10"" class=""alignnone size-full wp-image-6223"" />",<a href=https://npb.jp/bis/eng/teams/index_c.html>Hiroshima Carp</a>,68,30,34,4,0.469,10.5,230,286,-56,0.402,15-16(2),15-18(2),7-7,2-10(1),9-5(2),6-7(1),--,6-5,--
,"<img src=""https://www.yakyucosmo.com/wp-content/uploads/2025/04/Ventures.jpg"" alt="""" width=""10"" height=""10"" class=""alignnone size-full wp-image-6297"" />",<a href=https://hayateventures.jp/>HAYATE Ventures</a>,64,20,44,0,0.313,20.5,161,289,-128,0.255,11-17,9-27,1-8,3-9,3-10,5-7,5-6,--,3-4
