Rank,Player,G,PA,AB,R,H,2B,3B,HR,TB,RBI,SB,CS,SH,SF,SO,BB,IBB,HP,GDP,AVG,OBP,SLG,OPS,OPS+,ISO,BABIP,TTO%,K%,BB%,BB/K,wSB,Age,Pos,B,,Team,League
,<a href=https://npb.jp/bis/eng/players/23325159.html>Momosaki Aoi</a>,78,261,235,28,69,15,1,1,89,21,3,3,3,1,53,19,0,3,5,0.294,0.353,0.379,0.732,129,0.085,0.374,28.0%,20.3%,7.3%,0.36,-0.6,19,4,R,"<img src=""https://www.yakyucosmo.com/wp-content/uploads/2025/04/Tigers.jpg"" alt="""" width=""10"" height=""10"" class=""alignnone size-full wp-image-6224"" />",<a href=https://npb.jp/bis/eng/teams/index_t.html>Hanshin</a>,WL
,<a href=https://npb.jp/bis/eng/players/41845155.html>Maekawa Seita</a>,69,253,219,23,62,7,2,0,73,20,2,2,7,4,20,23,0,0,9,0.283,0.346,0.333,0.679,108,0.050,0.305,17.0%,7.9%,9.1%,1.15,-0.4,22,4,R,"<img src=""https://www.yakyucosmo.com/wp-content/uploads/2025/04/Carp.jpg"" alt="""" width=""10"" height=""10"" class=""alignnone size-full wp-image-6223"" />",<a href=https://npb.jp/bis/eng/teams/index_c.html>Hiroshima</a>,WL
,<a href=https://npb.jp/bis/eng/players/31335159.html>Inoue Kento</a>,60,261,238,29,62,10,3,8,102,40,5,3,2,4,43,13,0,4,2,0.261,0.305,0.429,0.734,120,0.168,0.283,24.5%,16.5%,5.0%,0.30,-0.2,25,5,L,"<img src=""https://www.yakyucosmo.com/wp-content/uploads/2025/04/BayStars.jpg"" alt="""" width=""10"" height=""10"" class=""alignnone size-full wp-image-6228"" />",<a href=https://npb.jp/bis/eng/teams/index_db.html>DeNA</a>,EL
,<a href=https://npb.jp/bis/eng/players/21525150.html>Kato Hibiki</a>,78,309,282,32,62,16,0,4,90,27,3,4,3,1,41,22,0,1,4,0.220,0.278,0.319,0.597,80,0.099,0.244,21.7%,13.3%,7.1%,0.54,-0.9,23,UTL,R,"<img src=""https://www.yakyucosmo.com/wp-content/uploads/2025/04/BayStars.jpg"" alt="""" width=""10"" height=""10"" class=""alignnone size-full wp-image-6228"" />",<a href=https://npb.jp/bis/eng/teams/index_db.html>DeNA</a>,EL
,<a href=https://npb.jp/bis/eng/players/41545138.html>Katsumata Atsushi</a>,68,250,235,27,62,9,1,3,82,20,4,1,2,2,30,9,0,2,9,0.264,0.294,0.349,0.643,93,0.085,0.289,16.8%,12.0%,3.6%,0.30,0.3,25,7,L,"<img src=""https://www.yakyucosmo.com/wp-content/uploads/2025/04/BayStars.jpg"" alt="""" width=""10"" height=""10"" class=""alignnone size-full wp-image-6228"" />",<a href=https://npb.jp/bis/eng/teams/index_db.html>DeNA</a>,EL
,<a href=https://npb.jp/bis/eng/players/31935139.html>Sekine Taiki</a>,61,247,216,19,58,9,1,1,72,24,8,3,11,2,17,17,0,1,3,0.269,0.322,0.333,0.655,97,0.064,0.285,14.2%,6.9%,6.9%,1.00,0.3,30,8,L,"<img src=""https://www.yakyucosmo.com/wp-content/uploads/2025/04/BayStars.jpg"" alt="""" width=""10"" height=""10"" class=""alignnone size-full wp-image-6228"" />",<a href=https://npb.jp/bis/eng/teams/index_db.html>DeNA</a>,EL
,<a href=https://npb.jp/bis/eng/players/13015153.html>Tima Julian</a>,70,259,245,23,52,13,0,6,83,28,0,0,0,2,59,12,0,0,9,0.212,0.247,0.339,0.586,74,0.127,0.253,29.7%,22.8%,4.6%,0.20,-0.1,20,3,R,"<img src=""https://www.yakyucosmo.com/wp-content/uploads/2025/04/Giants.jpg"" alt="""" width=""10"" height=""10"" class=""alignnone size-full wp-image-6227"" />",<a href=https://npb.jp/bis/eng/teams/index_g.html>Yomiuri</a>,EL
,<a href=https://npb.jp/bis/eng/players/11615157.html>Hashimoto Seiya</a>,63,230,212,23,54,10,2,0,68,24,4,4,1,2,26,15,0,0,7,0.255,0.301,0.321,0.622,90,0.066,0.287,17.8%,11.3%,6.5%,0.58,-0.7,24,7,L,"<img src=""https://www.yakyucosmo.com/wp-content/uploads/2025/04/Swallows.jpg"" alt="""" width=""10"" height=""10"" class=""alignnone size-full wp-image-6226"" />",<a href=https://npb.jp/bis/eng/teams/index_s.html>Yakult</a>,EL
,<a href=https://npb.jp/bis/eng/players/01505157.html>Kitamura Keigo</a>,71,254,225,14,52,10,0,2,68,10,1,0,2,1,40,19,0,7,7,0.231,0.310,0.302,0.612,87,0.071,0.272,24.0%,15.7%,7.5%,0.47,0.1,24,UTL,R,"<img src=""https://www.yakyucosmo.com/wp-content/uploads/2025/04/Swallows.jpg"" alt="""" width=""10"" height=""10"" class=""alignnone size-full wp-image-6226"" />",<a href=https://npb.jp/bis/eng/teams/index_s.html>Yakult</a>,EL
,<a href=https://npb.jp/bis/eng/players/91495157.html>Nishimura Ruito</a>,65,229,210,20,45,11,0,2,62,16,2,6,0,2,57,17,0,0,4,0.214,0.271,0.295,0.566,73,0.081,0.281,33.2%,24.9%,7.4%,0.30,-1.7,20,5,L,"<img src=""https://www.yakyucosmo.com/wp-content/uploads/2025/04/Swallows.jpg"" alt="""" width=""10"" height=""10"" class=""alignnone size-full wp-image-6226"" />",<a href=https://npb.jp/bis/eng/teams/index_s.html>Yakult</a>,EL
,<a href=https://npb.jp/bis/eng/players/71675157.html>Hama Shonosuke</a>,64,232,205,27,48,9,4,0,65,14,10,5,2,1,47,24,1,0,6,0.234,0.313,0.317,0.630,89,0.083,0.302,30.6%,20.3%,10.3%,0.51,-0.0,25,8,L,"<img src=""https://www.yakyucosmo.com/wp-content/uploads/2025/04/Dragons.jpg"" alt="""" width=""10"" height=""10"" class=""alignnone size-full wp-image-6225"" />",<a href=https://npb.jp/bis/eng/teams/index_d.html>Chunichi</a>,WL
,<a href=https://npb.jp/bis/eng/players/41545159.html>Kawakami Rii</a>,80,312,257,36,60,10,2,1,77,31,14,6,0,6,69,42,0,7,6,0.233,0.349,0.300,0.649,95,0.067,0.306,35.9%,22.1%,13.5%,0.61,0.2,24,3,R,"<img src=""https://www.yakyucosmo.com/wp-content/uploads/2025/04/Dragons.jpg"" alt="""" width=""10"" height=""10"" class=""alignnone size-full wp-image-6225"" />",<a href=https://npb.jp/bis/eng/teams/index_d.html>Chunichi</a>,WL
,<a href=https://npb.jp/bis/eng/players/71375155.html>Ukai Kosuke</a>,59,241,212,33,61,15,2,5,95,33,7,2,0,0,43,24,0,5,4,0.288,0.373,0.448,0.821,145,0.160,0.341,29.9%,17.8%,10.0%,0.56,0.4,26,7,R,"<img src=""https://www.yakyucosmo.com/wp-content/uploads/2025/04/Dragons.jpg"" alt="""" width=""10"" height=""10"" class=""alignnone size-full wp-image-6225"" />",<a href=https://npb.jp/bis/eng/teams/index_d.html>Chunichi</a>,WL
,<a href=https://npb.jp/bis/eng/players/61065157.html>Chano Tokumasa</a>,79,267,243,28,73,2,1,0,77,13,17,7,4,2,28,17,0,1,2,0.300,0.346,0.317,0.663,109,0.017,0.336,16.9%,10.5%,6.4%,0.61,0.4,25,9,L,"<img src=""https://www.yakyucosmo.com/wp-content/uploads/2025/04/Buffaloes.jpg"" alt="""" width=""10"" height=""10"" class=""alignnone size-full wp-image-6222"" />",<a href=https://npb.jp/bis/eng/teams/index_b.html>ORIX</a>,WL
,<a href=https://npb.jp/bis/eng/players/91295157.html>Naito Ho</a>,80,309,279,19,66,8,1,3,85,28,0,0,0,1,42,27,1,2,13,0.237,0.307,0.305,0.612,92,0.068,0.268,23.3%,13.6%,8.7%,0.64,-0.1,20,3,R,"<img src=""https://www.yakyucosmo.com/wp-content/uploads/2025/04/Buffaloes.jpg"" alt="""" width=""10"" height=""10"" class=""alignnone size-full wp-image-6222"" />",<a href=https://npb.jp/bis/eng/teams/index_b.html>ORIX</a>,WL
,<a href=https://npb.jp/bis/eng/players/83385159.html>Yokoyama Seiya</a>,65,247,229,21,46,7,2,1,60,20,4,1,0,1,60,17,0,0,4,0.201,0.255,0.262,0.517,61,0.061,0.266,31.6%,24.3%,6.9%,0.28,0.3,19,6,L,"<img src=""https://www.yakyucosmo.com/wp-content/uploads/2025/04/Buffaloes.jpg"" alt="""" width=""10"" height=""10"" class=""alignnone size-full wp-image-6222"" />",<a href=https://npb.jp/bis/eng/teams/index_b.html>ORIX</a>,WL
,<a href=https://npb.jp/bis/eng/players/53155159.html>Matsuishi Shinya</a>,67,229,199,26,48,4,1,0,54,12,4,5,12,1,40,15,0,2,5,0.241,0.300,0.271,0.571,69,0.030,0.300,24.0%,17.5%,6.6%,0.38,-1.1,19,6,R,"<img src=""https://www.yakyucosmo.com/wp-content/uploads/2025/04/Marines.jpg"" alt="""" width=""10"" height=""10"" class=""alignnone size-full wp-image-6240"" />",<a href=https://npb.jp/bis/eng/teams/index_m.html>Lotte</a>,EL
,<a href=https://npb.jp/bis/eng/players/81885150.html>Miyazaki Ryusei</a>,68,259,228,39,62,10,5,4,94,32,4,0,0,1,58,26,0,4,3,0.272,0.355,0.412,0.767,124,0.140,0.347,34.0%,22.4%,10.0%,0.45,0.6,24,4,L,"<img src=""https://www.yakyucosmo.com/wp-content/uploads/2025/04/Marines.jpg"" alt="""" width=""10"" height=""10"" class=""alignnone size-full wp-image-6240"" />",<a href=https://npb.jp/bis/eng/teams/index_m.html>Lotte</a>,EL
,<a href=https://npb.jp/bis/eng/players/91895138.html>Yamaguchi Koki</a>,70,277,222,39,54,10,2,11,101,53,2,0,0,7,55,41,1,7,3,0.243,0.368,0.455,0.823,140,0.212,0.264,38.6%,19.9%,14.8%,0.75,0.2,24,UTL,R,"<img src=""https://www.yakyucosmo.com/wp-content/uploads/2025/04/Marines.jpg"" alt="""" width=""10"" height=""10"" class=""alignnone size-full wp-image-6240"" />",<a href=https://npb.jp/bis/eng/teams/index_m.html>Lotte</a>,EL
,<a href=https://npb.jp/bis/eng/players/61665159.html>Hirose Ryuta</a>,58,242,210,26,52,6,2,0,62,11,2,1,1,0,39,29,0,2,10,0.248,0.344,0.295,0.639,95,0.047,0.304,28.1%,16.1%,12.0%,0.74,-0.1,24,UTL,R,"<img src=""https://www.yakyucosmo.com/wp-content/uploads/2025/04/Hawks.jpg"" alt="""" width=""10"" height=""10"" class=""alignnone size-full wp-image-6220"" /> ",<a href=https://npb.jp/bis/eng/teams/index_h.html>SoftBank</a>,WL
,<a href=https://npb.jp/bis/eng/players/11315157.html>Ikhine Itua</a>,70,271,232,28,53,6,4,3,76,27,16,6,3,2,67,30,0,4,3,0.228,0.325,0.328,0.653,99,0.100,0.305,36.9%,24.7%,11.1%,0.45,0.6,20,6,L,"<img src=""https://www.yakyucosmo.com/wp-content/uploads/2025/04/Hawks.jpg"" alt="""" width=""10"" height=""10"" class=""alignnone size-full wp-image-6220"" /> ",<a href=https://npb.jp/bis/eng/teams/index_h.html>SoftBank</a>,WL
,<a href=https://npb.jp/bis/eng/players/01305153.html>Inoue Tomoya</a>,65,276,249,32,62,12,2,2,84,35,2,0,1,3,55,18,0,5,7,0.249,0.309,0.337,0.646,96,0.088,0.308,27.2%,19.9%,6.5%,0.33,0.2,22,3,R,"<img src=""https://www.yakyucosmo.com/wp-content/uploads/2025/04/Hawks.jpg"" alt="""" width=""10"" height=""10"" class=""alignnone size-full wp-image-6220"" /> ",<a href=https://npb.jp/bis/eng/teams/index_h.html>SoftBank</a>,WL
,<a href=https://npb.jp/bis/eng/players/91095153.html>Sasagawa Yoshiyasu</a>,68,289,260,43,69,8,2,8,105,41,8,4,0,4,70,22,0,3,1,0.265,0.325,0.404,0.729,121,0.139,0.328,34.6%,24.2%,7.6%,0.31,-0.1,23,9,L,"<img src=""https://www.yakyucosmo.com/wp-content/uploads/2025/04/Hawks.jpg"" alt="""" width=""10"" height=""10"" class=""alignnone size-full wp-image-6220"" /> ",<a href=https://npb.jp/bis/eng/teams/index_h.html>SoftBank</a>,WL
,<a href=https://npb.jp/bis/eng/players/01205150.html>Shoji Yudai</a>,60,242,211,23,45,5,0,0,50,17,7,4,4,2,47,24,0,1,3,0.213,0.294,0.237,0.531,62,0.024,0.271,29.3%,19.4%,9.9%,0.51,-0.2,22,6,L,"<img src=""https://www.yakyucosmo.com/wp-content/uploads/2025/04/Hawks.jpg"" alt="""" width=""10"" height=""10"" class=""alignnone size-full wp-image-6220"" /> ",<a href=https://npb.jp/bis/eng/teams/index_h.html>SoftBank</a>,WL
,<a href=https://npb.jp/bis/eng/players/41345153.html>Irie Daiki</a>,71,276,262,27,67,8,2,2,85,25,3,1,2,4,38,6,0,2,7,0.256,0.274,0.324,0.598,81,0.068,0.288,16.7%,13.8%,2.2%,0.16,0.1,23,4,R,"<img src=""https://www.yakyucosmo.com/wp-content/uploads/2025/04/Eagles.jpg"" alt="""" width=""10"" height=""10"" class=""alignnone size-full wp-image-6218"" />",<a href=https://npb.jp/bis/eng/teams/index_e.html>Rakuten</a>,EL
,<a href=https://npb.jp/bis/eng/players/43545155.html>Yoshino Soshi</a>,68,260,237,31,60,19,3,2,91,22,2,0,0,3,63,15,0,5,8,0.253,0.308,0.384,0.692,110,0.131,0.331,30.8%,24.2%,5.8%,0.24,0.3,21,8,R,"<img src=""https://www.yakyucosmo.com/wp-content/uploads/2025/04/Eagles.jpg"" alt="""" width=""10"" height=""10"" class=""alignnone size-full wp-image-6218"" />",<a href=https://npb.jp/bis/eng/teams/index_e.html>Rakuten</a>,EL
,<a href=https://npb.jp/bis/eng/players/03305150.html>Yoshinoh Tsubasa</a>,68,251,222,29,51,9,1,3,71,23,2,0,0,1,63,25,0,3,5,0.230,0.315,0.320,0.635,93,0.090,0.306,36.3%,25.1%,10.0%,0.40,0.2,22,9,L,"<img src=""https://www.yakyucosmo.com/wp-content/uploads/2025/04/Eagles.jpg"" alt="""" width=""10"" height=""10"" class=""alignnone size-full wp-image-6218"" />",<a href=https://npb.jp/bis/eng/teams/index_e.html>Rakuten</a>,EL
,<a href=https://npb.jp/bis/eng/players/61665157.html>Hiruma Takuya</a>,58,226,204,23,51,10,1,2,69,14,6,0,3,0,39,17,0,2,3,0.250,0.314,0.338,0.652,93,0.088,0.301,25.7%,17.3%,7.5%,0.44,0.9,24,9,L,"<img src=""https://www.yakyucosmo.com/wp-content/uploads/2025/04/Lions.jpg"" alt="""" width=""10"" height=""10"" class=""alignnone size-full wp-image-6219"" />",<a href=https://npb.jp/bis/eng/teams/index_l.html>Seibu</a>,EL
,<a href=https://npb.jp/bis/eng/players/93395159.html>Murata Reon</a>,72,288,268,27,74,22,0,4,108,27,1,0,0,3,62,14,0,3,10,0.276,0.316,0.403,0.719,111,0.127,0.341,27.8%,21.5%,4.9%,0.23,0.1,23,3,R,"<img src=""https://www.yakyucosmo.com/wp-content/uploads/2025/04/Lions.jpg"" alt="""" width=""10"" height=""10"" class=""alignnone size-full wp-image-6219"" />",<a href=https://npb.jp/bis/eng/teams/index_l.html>Seibu</a>,EL
,<a href=https://npb.jp/bis/eng/players/01105155.html>Arizono Naoki</a>,70,277,242,47,72,10,3,14,130,47,2,0,0,2,58,31,1,2,10,0.298,0.379,0.537,0.916,164,0.239,0.337,37.2%,20.9%,11.2%,0.53,0.2,22,5,R,"<img src=""https://www.yakyucosmo.com/wp-content/uploads/2025/04/Fighters.jpg"" alt="""" width=""10"" height=""10"" class=""alignnone size-full wp-image-6217"" />",<a href=https://npb.jp/bis/eng/teams/index_f.html>Nipponham</a>,EL
,Chinen Taisei,81,331,312,48,94,11,5,8,139,44,4,7,0,3,36,14,0,2,2,0.301,0.332,0.446,0.778,149,0.145,0.317,17.5%,10.9%,4.2%,0.39,-1.8,25,8,L,"<img src=""https://www.yakyucosmo.com/wp-content/uploads/2025/04/Albirex.jpg"" alt="""" width=""10"" height=""10"" class=""alignnone size-full wp-image-6298"" />",<a href=https://www.niigata-albirex-bc.jp/>Oisix</a>,EL
,Konishi Keiji,71,226,203,13,36,8,1,2,52,18,0,0,11,3,66,6,0,3,6,0.177,0.209,0.256,0.465,45,0.079,0.246,32.7%,29.2%,2.7%,0.09,-0.1,27,3,R,"<img src=""https://www.yakyucosmo.com/wp-content/uploads/2025/04/Albirex.jpg"" alt="""" width=""10"" height=""10"" class=""alignnone size-full wp-image-6298"" />",<a href=https://www.niigata-albirex-bc.jp/>Oisix</a>,EL
,Okawa Yodai,72,304,278,28,79,17,3,5,117,34,0,0,0,0,58,23,0,3,8,0.284,0.345,0.421,0.766,145,0.137,0.344,28.3%,19.1%,7.6%,0.40,-0.1,25,7,R,"<img src=""https://www.yakyucosmo.com/wp-content/uploads/2025/04/Albirex.jpg"" alt="""" width=""10"" height=""10"" class=""alignnone size-full wp-image-6298"" />",<a href=https://www.niigata-albirex-bc.jp/>Oisix</a>,EL
,Sonobe Keita,72,281,260,27,69,7,1,1,81,24,4,0,2,1,45,12,0,6,5,0.265,0.312,0.312,0.624,98,0.047,0.316,20.6%,16.0%,4.3%,0.27,0.6,25,5,R,"<img src=""https://www.yakyucosmo.com/wp-content/uploads/2025/04/Albirex.jpg"" alt="""" width=""10"" height=""10"" class=""alignnone size-full wp-image-6298"" />",<a href=https://www.niigata-albirex-bc.jp/>Oisix</a>,EL
,Takayama Shun,65,263,226,18,65,7,0,0,72,27,0,0,0,2,34,35,0,0,10,0.288,0.380,0.319,0.699,124,0.031,0.335,26.2%,12.9%,13.3%,1.03,-0.1,32,DH,L,"<img src=""https://www.yakyucosmo.com/wp-content/uploads/2025/04/Albirex.jpg"" alt="""" width=""10"" height=""10"" class=""alignnone size-full wp-image-6298"" />",<a href=https://www.niigata-albirex-bc.jp/>Oisix</a>,EL
,Kuramoto Toshihiko,77,302,277,17,80,8,2,0,92,26,2,0,0,2,37,19,0,4,7,0.289,0.341,0.332,0.673,99,0.043,0.331,18.5%,12.3%,6.3%,0.51,0.2,34,5,L,"<img src=""https://www.yakyucosmo.com/wp-content/uploads/2025/04/Ventures.jpg"" alt="""" width=""10"" height=""10"" class=""alignnone size-full wp-image-6297"" />",<a href=https://hayateventures.jp/>HAYATE</a>,WL
,Masuda Shoma,62,245,217,19,55,9,0,0,64,17,7,8,6,1,37,18,0,3,4,0.253,0.318,0.295,0.613,82,0.042,0.304,22.4%,15.1%,7.3%,0.49,-1.6,27,9,R,"<img src=""https://www.yakyucosmo.com/wp-content/uploads/2025/04/Ventures.jpg"" alt="""" width=""10"" height=""10"" class=""alignnone size-full wp-image-6297"" />",<a href=https://hayateventures.jp/>HAYATE</a>,WL
,Nakamura Raiya,82,326,293,29,66,9,2,2,85,21,0,0,3,2,54,22,0,6,7,0.225,0.291,0.290,0.581,73,0.065,0.268,23.9%,16.6%,6.7%,0.41,-0.1,25,6,L,"<img src=""https://www.yakyucosmo.com/wp-content/uploads/2025/04/Ventures.jpg"" alt="""" width=""10"" height=""10"" class=""alignnone size-full wp-image-6297"" />",<a href=https://hayateventures.jp/>HAYATE</a>,WL
,Nishikawa Ryosuke,63,227,211,12,41,9,1,1,55,17,0,0,1,2,53,10,0,3,10,0.194,0.239,0.261,0.500,49,0.067,0.252,28.2%,23.3%,4.4%,0.19,-0.1,23,3,R,"<img src=""https://www.yakyucosmo.com/wp-content/uploads/2025/04/Ventures.jpg"" alt="""" width=""10"" height=""10"" class=""alignnone size-full wp-image-6297"" />",<a href=https://hayateventures.jp/>HAYATE</a>,WL
,Shinohara Reo,74,290,264,19,57,11,0,0,68,18,10,8,8,1,60,11,0,6,3,0.216,0.262,0.258,0.520,55,0.042,0.278,24.5%,20.7%,3.8%,0.18,-1.0,24,8,R,"<img src=""https://www.yakyucosmo.com/wp-content/uploads/2025/04/Ventures.jpg"" alt="""" width=""10"" height=""10"" class=""alignnone size-full wp-image-6297"" />",<a href=https://hayateventures.jp/>HAYATE</a>,WL
,Suzuki Shohei,75,316,294,22,85,9,1,1,99,18,7,2,2,3,30,16,0,1,4,0.289,0.325,0.337,0.662,96,0.048,0.316,14.9%,9.5%,5.1%,0.53,0.4,27,7,L,"<img src=""https://www.yakyucosmo.com/wp-content/uploads/2025/04/Ventures.jpg"" alt="""" width=""10"" height=""10"" class=""alignnone size-full wp-image-6297"" />",<a href=https://hayateventures.jp/>HAYATE</a>,WL
,Watsuji Daiki,80,284,263,24,70,3,1,1,78,14,2,2,4,1,24,16,1,0,3,0.266,0.307,0.297,0.604,79,0.031,0.289,14.4%,8.5%,5.6%,0.67,-0.4,25,4,L,"<img src=""https://www.yakyucosmo.com/wp-content/uploads/2025/04/Ventures.jpg"" alt="""" width=""10"" height=""10"" class=""alignnone size-full wp-image-6297"" />",<a href=https://hayateventures.jp/>HAYATE</a>,WL
