Rank,Player,G,PA,AB,R,H,2B,3B,HR,TB,RBI,SB,CS,SH,SF,SO,BB,IBB,HP,GDP,AVG,OBP,SLG,OPS,OPS+,ISO,BABIP,TTO%,K%,BB%,BB/K,Age,Pos,B,,Team,League
,<a href=https://npb.jp/bis/eng/players/23325159.html>Momosaki Aoi</a>,58,197,177,21,52,11,1,0,65,17,2,3,0,1,38,17,0,2,3,0.294,0.360,0.367,0.727,132,0.073,0.371,27.9%,19.3%,8.6%,0.45,19,4,R,"<img src=""https://www.yakyucosmo.com/wp-content/uploads/2025/04/Tigers.jpg"" alt="""" width=""10"" height=""10"" class=""alignnone size-full wp-image-6224"" />",<a href=https://npb.jp/bis/eng/teams/index_t.html>Hanshin</a>,WL
,<a href=https://npb.jp/bis/eng/players/41845155.html>Maekawa Seita</a>,50,173,148,15,44,7,1,0,53,17,2,1,5,4,13,16,0,0,6,0.297,0.357,0.358,0.715,122,0.061,0.317,16.8%,7.5%,9.2%,1.23,22,4,R,"<img src=""https://www.yakyucosmo.com/wp-content/uploads/2025/04/Carp.jpg"" alt="""" width=""10"" height=""10"" class=""alignnone size-full wp-image-6223"" />",<a href=https://npb.jp/bis/eng/teams/index_c.html>Hiroshima</a>,WL
,<a href=https://npb.jp/bis/eng/players/31335159.html>Inoue Kento</a>,51,219,197,26,51,8,3,8,89,37,4,1,2,4,36,12,0,4,1,0.259,0.309,0.452,0.761,132,0.193,0.274,25.6%,16.4%,5.5%,0.33,25,5,L,"<img src=""https://www.yakyucosmo.com/wp-content/uploads/2025/04/BayStars.jpg"" alt="""" width=""10"" height=""10"" class=""alignnone size-full wp-image-6228"" />",<a href=https://npb.jp/bis/eng/teams/index_db.html>DeNA</a>,EL
,<a href=https://npb.jp/bis/eng/players/21525150.html>Kato Hibiki</a>,55,215,195,23,45,12,0,3,66,18,2,3,2,1,29,16,0,1,2,0.231,0.291,0.338,0.629,92,0.107,0.256,22.3%,13.5%,7.4%,0.55,23,UTL,R,"<img src=""https://www.yakyucosmo.com/wp-content/uploads/2025/04/BayStars.jpg"" alt="""" width=""10"" height=""10"" class=""alignnone size-full wp-image-6228"" />",<a href=https://npb.jp/bis/eng/teams/index_db.html>DeNA</a>,EL
,<a href=https://npb.jp/bis/eng/players/41545138.html>Katsumata Atsushi</a>,48,184,178,19,42,6,1,2,56,17,3,1,0,0,23,4,0,2,5,0.236,0.261,0.315,0.576,76,0.079,0.261,15.8%,12.5%,2.2%,0.17,25,7,L,"<img src=""https://www.yakyucosmo.com/wp-content/uploads/2025/04/BayStars.jpg"" alt="""" width=""10"" height=""10"" class=""alignnone size-full wp-image-6228"" />",<a href=https://npb.jp/bis/eng/teams/index_db.html>DeNA</a>,EL
,<a href=https://npb.jp/bis/eng/players/31935139.html>Sekine Taiki</a>,51,204,176,14,47,7,1,0,56,18,6,3,10,2,14,15,0,1,1,0.267,0.325,0.318,0.643,97,0.051,0.287,14.2%,6.9%,7.4%,1.07,30,8,L,"<img src=""https://www.yakyucosmo.com/wp-content/uploads/2025/04/BayStars.jpg"" alt="""" width=""10"" height=""10"" class=""alignnone size-full wp-image-6228"" />",<a href=https://npb.jp/bis/eng/teams/index_db.html>DeNA</a>,EL
,<a href=https://npb.jp/bis/eng/players/13015153.html>Tima Julian</a>,52,193,183,21,39,11,0,5,65,23,0,0,0,2,39,8,0,0,8,0.213,0.244,0.355,0.599,81,0.142,0.241,26.9%,20.2%,4.1%,0.21,20,3,R,"<img src=""https://www.yakyucosmo.com/wp-content/uploads/2025/04/Giants.jpg"" alt="""" width=""10"" height=""10"" class=""alignnone size-full wp-image-6227"" />",<a href=https://npb.jp/bis/eng/teams/index_g.html>Yomiuri</a>,EL
,<a href=https://npb.jp/bis/eng/players/11615157.html>Hashimoto Seiya</a>,43,164,153,15,38,8,2,0,50,18,3,4,0,1,20,10,0,0,5,0.248,0.293,0.327,0.620,91,0.079,0.284,18.3%,12.2%,6.1%,0.50,24,7,L,"<img src=""https://www.yakyucosmo.com/wp-content/uploads/2025/04/Swallows.jpg"" alt="""" width=""10"" height=""10"" class=""alignnone size-full wp-image-6226"" />",<a href=https://npb.jp/bis/eng/teams/index_s.html>Yakult</a>,EL
,<a href=https://npb.jp/bis/eng/players/01505157.html>Kitamura Keigo</a>,52,182,162,9,33,6,0,1,42,6,1,0,2,1,28,12,0,5,6,0.204,0.278,0.259,0.537,66,0.055,0.239,22.5%,15.4%,6.6%,0.43,24,UTL,R,"<img src=""https://www.yakyucosmo.com/wp-content/uploads/2025/04/Swallows.jpg"" alt="""" width=""10"" height=""10"" class=""alignnone size-full wp-image-6226"" />",<a href=https://npb.jp/bis/eng/teams/index_s.html>Yakult</a>,EL
,<a href=https://npb.jp/bis/eng/players/91495157.html>Nishimura Ruito</a>,49,182,164,13,36,7,0,1,46,10,2,5,0,2,44,16,0,0,3,0.220,0.286,0.280,0.566,75,0.060,0.289,33.5%,24.2%,8.8%,0.36,20,5,L,"<img src=""https://www.yakyucosmo.com/wp-content/uploads/2025/04/Swallows.jpg"" alt="""" width=""10"" height=""10"" class=""alignnone size-full wp-image-6226"" />",<a href=https://npb.jp/bis/eng/teams/index_s.html>Yakult</a>,EL
,<a href=https://npb.jp/bis/eng/players/51955157.html>Sawai Ren</a>,46,173,152,13,34,5,1,5,56,15,0,1,0,1,44,14,0,6,3,0.224,0.312,0.368,0.680,109,0.144,0.279,36.4%,25.4%,8.1%,0.32,25,9,L,"<img src=""https://www.yakyucosmo.com/wp-content/uploads/2025/04/Swallows.jpg"" alt="""" width=""10"" height=""10"" class=""alignnone size-full wp-image-6226"" />",<a href=https://npb.jp/bis/eng/teams/index_s.html>Yakult</a>,EL
,<a href=https://npb.jp/bis/eng/players/71675157.html>Hama Shonosuke</a>,45,175,157,20,39,9,2,0,52,10,9,3,2,0,33,16,1,0,5,0.248,0.318,0.331,0.649,98,0.083,0.315,28.0%,18.9%,9.1%,0.48,25,8,L,"<img src=""https://www.yakyucosmo.com/wp-content/uploads/2025/04/Dragons.jpg"" alt="""" width=""10"" height=""10"" class=""alignnone size-full wp-image-6225"" />",<a href=https://npb.jp/bis/eng/teams/index_d.html>Chunichi</a>,WL
,<a href=https://npb.jp/bis/eng/players/41545159.html>Kawakami Rii</a>,58,243,195,30,49,9,0,1,61,26,13,4,0,5,51,37,0,6,3,0.251,0.379,0.313,0.692,111,0.062,0.324,36.6%,21.0%,15.2%,0.73,24,3,R,"<img src=""https://www.yakyucosmo.com/wp-content/uploads/2025/04/Dragons.jpg"" alt="""" width=""10"" height=""10"" class=""alignnone size-full wp-image-6225"" />",<a href=https://npb.jp/bis/eng/teams/index_d.html>Chunichi</a>,WL
,<a href=https://npb.jp/bis/eng/players/71575159.html>Oda Gouki</a>,45,179,151,33,45,1,4,0,54,10,15,5,5,0,29,23,0,0,2,0.298,0.391,0.358,0.749,128,0.060,0.369,29.1%,16.2%,12.8%,0.79,24,8,L,"<img src=""https://www.yakyucosmo.com/wp-content/uploads/2025/04/Dragons.jpg"" alt="""" width=""10"" height=""10"" class=""alignnone size-full wp-image-6225"" />",<a href=https://npb.jp/bis/eng/teams/index_d.html>Chunichi</a>,WL
,<a href=https://npb.jp/bis/eng/players/81285159.html>Tsuda Keishi</a>,48,160,139,16,35,7,0,1,45,19,4,5,2,2,30,16,0,1,8,0.252,0.329,0.324,0.653,99,0.072,0.309,29.4%,18.8%,10.0%,0.53,22,UTL,R,"<img src=""https://www.yakyucosmo.com/wp-content/uploads/2025/04/Dragons.jpg"" alt="""" width=""10"" height=""10"" class=""alignnone size-full wp-image-6225"" />",<a href=https://npb.jp/bis/eng/teams/index_d.html>Chunichi</a>,WL
,<a href=https://npb.jp/bis/eng/players/71375155.html>Ukai Kosuke</a>,40,170,151,28,50,12,2,5,81,28,5,1,0,0,29,16,0,3,4,0.331,0.406,0.536,0.942,185,0.205,0.385,29.4%,17.1%,9.4%,0.55,26,7,R,"<img src=""https://www.yakyucosmo.com/wp-content/uploads/2025/04/Dragons.jpg"" alt="""" width=""10"" height=""10"" class=""alignnone size-full wp-image-6225"" />",<a href=https://npb.jp/bis/eng/teams/index_d.html>Chunichi</a>,WL
,<a href=https://npb.jp/bis/eng/players/61065157.html>Chano Tokumasa</a>,63,222,203,26,61,2,1,0,65,12,14,6,3,1,20,15,0,0,1,0.300,0.347,0.320,0.667,114,0.020,0.332,15.8%,9.0%,6.8%,0.75,25,7,L,"<img src=""https://www.yakyucosmo.com/wp-content/uploads/2025/04/Buffaloes.jpg"" alt="""" width=""10"" height=""10"" class=""alignnone size-full wp-image-6222"" />",<a href=https://npb.jp/bis/eng/teams/index_b.html>ORIX</a>,WL
,<a href=https://npb.jp/bis/eng/players/91295157.html>Naito Ho</a>,58,231,207,14,51,7,1,3,69,25,0,0,0,1,32,21,1,2,10,0.246,0.320,0.333,0.653,109,0.087,0.277,24.2%,13.9%,9.1%,0.66,20,3,R,"<img src=""https://www.yakyucosmo.com/wp-content/uploads/2025/04/Buffaloes.jpg"" alt="""" width=""10"" height=""10"" class=""alignnone size-full wp-image-6222"" />",<a href=https://npb.jp/bis/eng/teams/index_b.html>ORIX</a>,WL
,<a href=https://npb.jp/bis/eng/players/83385159.html>Yokoyama Seiya</a>,58,228,211,16,42,7,1,0,51,17,4,1,0,1,56,16,0,0,4,0.199,0.254,0.242,0.496,57,0.043,0.269,31.6%,24.6%,7.0%,0.29,19,6,L,"<img src=""https://www.yakyucosmo.com/wp-content/uploads/2025/04/Buffaloes.jpg"" alt="""" width=""10"" height=""10"" class=""alignnone size-full wp-image-6222"" />",<a href=https://npb.jp/bis/eng/teams/index_b.html>ORIX</a>,WL
,<a href=https://npb.jp/bis/eng/players/23925150.html>Acevedo Stiven</a>,50,173,160,20,42,12,0,6,72,25,5,1,0,1,28,9,0,3,6,0.263,0.312,0.450,0.762,124,0.187,0.283,24.9%,16.2%,5.2%,0.32,22,7,R,"<img src=""https://www.yakyucosmo.com/wp-content/uploads/2025/04/Marines.jpg"" alt="""" width=""10"" height=""10"" class=""alignnone size-full wp-image-6240"" />",<a href=https://npb.jp/bis/eng/teams/index_m.html>Lotte</a>,EL
,<a href=https://npb.jp/bis/eng/players/53155159.html>Matsuishi Shinya</a>,49,170,147,17,33,2,0,0,35,8,2,5,10,0,29,11,0,2,4,0.224,0.288,0.238,0.526,58,0.014,0.280,23.5%,17.1%,6.5%,0.38,19,6,R,"<img src=""https://www.yakyucosmo.com/wp-content/uploads/2025/04/Marines.jpg"" alt="""" width=""10"" height=""10"" class=""alignnone size-full wp-image-6240"" />",<a href=https://npb.jp/bis/eng/teams/index_m.html>Lotte</a>,EL
,<a href=https://npb.jp/bis/eng/players/81885150.html>Miyazaki Ryusei</a>,58,223,194,31,48,9,4,3,74,27,2,0,0,0,55,25,0,4,3,0.247,0.345,0.381,0.726,115,0.134,0.331,37.2%,24.7%,11.2%,0.45,24,4,L,"<img src=""https://www.yakyucosmo.com/wp-content/uploads/2025/04/Marines.jpg"" alt="""" width=""10"" height=""10"" class=""alignnone size-full wp-image-6240"" />",<a href=https://npb.jp/bis/eng/teams/index_m.html>Lotte</a>,EL
,<a href=https://npb.jp/bis/eng/players/91895138.html>Yamaguchi Koki</a>,51,194,163,28,41,8,2,7,74,35,2,0,0,4,43,23,1,4,1,0.252,0.351,0.454,0.805,137,0.202,0.291,37.6%,22.2%,11.9%,0.53,24,7,R,"<img src=""https://www.yakyucosmo.com/wp-content/uploads/2025/04/Marines.jpg"" alt="""" width=""10"" height=""10"" class=""alignnone size-full wp-image-6240"" />",<a href=https://npb.jp/bis/eng/teams/index_m.html>Lotte</a>,EL
,<a href=https://npb.jp/bis/eng/players/61665159.html>Hirose Ryuta</a>,40,168,143,22,36,4,2,0,44,8,1,0,1,0,30,22,0,2,5,0.252,0.359,0.308,0.667,106,0.056,0.319,31.0%,17.9%,13.1%,0.73,24,UTL,R,"<img src=""https://www.yakyucosmo.com/wp-content/uploads/2025/04/Hawks.jpg"" alt="""" width=""10"" height=""10"" class=""alignnone size-full wp-image-6220"" /> ",<a href=https://npb.jp/bis/eng/teams/index_h.html>SoftBank</a>,WL
,<a href=https://npb.jp/bis/eng/players/11315157.html>Ikhine Itua</a>,46,167,144,11,25,4,1,1,34,18,7,1,2,1,41,17,0,3,2,0.174,0.273,0.236,0.509,57,0.062,0.233,35.3%,24.6%,10.2%,0.41,20,6,L,"<img src=""https://www.yakyucosmo.com/wp-content/uploads/2025/04/Hawks.jpg"" alt="""" width=""10"" height=""10"" class=""alignnone size-full wp-image-6220"" /> ",<a href=https://npb.jp/bis/eng/teams/index_h.html>SoftBank</a>,WL
,<a href=https://npb.jp/bis/eng/players/01305153.html>Inoue Tomoya</a>,49,208,184,28,46,7,2,2,63,25,2,0,1,3,37,17,0,3,6,0.250,0.319,0.342,0.661,103,0.092,0.297,26.9%,17.8%,8.2%,0.46,22,UTL,R,"<img src=""https://www.yakyucosmo.com/wp-content/uploads/2025/04/Hawks.jpg"" alt="""" width=""10"" height=""10"" class=""alignnone size-full wp-image-6220"" /> ",<a href=https://npb.jp/bis/eng/teams/index_h.html>SoftBank</a>,WL
,<a href=https://npb.jp/bis/eng/players/91095153.html>Sasagawa Yoshiyasu</a>,44,186,165,28,41,4,1,6,65,25,5,3,0,3,41,16,0,2,1,0.248,0.317,0.394,0.711,118,0.146,0.289,33.9%,22.0%,8.6%,0.39,23,9,L,"<img src=""https://www.yakyucosmo.com/wp-content/uploads/2025/04/Hawks.jpg"" alt="""" width=""10"" height=""10"" class=""alignnone size-full wp-image-6220"" /> ",<a href=https://npb.jp/bis/eng/teams/index_h.html>SoftBank</a>,WL
,<a href=https://npb.jp/bis/eng/players/01205150.html>Shoji Yudai</a>,50,198,176,20,36,4,0,0,40,11,6,2,3,2,40,16,0,1,3,0.205,0.272,0.227,0.499,54,0.022,0.261,28.3%,20.2%,8.1%,0.40,22,6,L,"<img src=""https://www.yakyucosmo.com/wp-content/uploads/2025/04/Hawks.jpg"" alt="""" width=""10"" height=""10"" class=""alignnone size-full wp-image-6220"" /> ",<a href=https://npb.jp/bis/eng/teams/index_h.html>SoftBank</a>,WL
,<a href=https://npb.jp/bis/eng/players/41345153.html>Irie Daiki</a>,56,219,208,23,51,7,1,1,63,17,3,0,2,2,29,6,0,1,7,0.245,0.267,0.303,0.570,75,0.058,0.278,16.4%,13.2%,2.7%,0.21,23,4,R,"<img src=""https://www.yakyucosmo.com/wp-content/uploads/2025/04/Eagles.jpg"" alt="""" width=""10"" height=""10"" class=""alignnone size-full wp-image-6218"" />",<a href=https://npb.jp/bis/eng/teams/index_e.html>Rakuten</a>,EL
,<a href=https://npb.jp/bis/eng/players/43545155.html>Yoshino Soshi</a>,53,204,184,27,49,16,3,2,77,17,2,0,0,3,48,14,0,3,4,0.266,0.324,0.418,0.742,128,0.152,0.343,31.4%,23.5%,6.9%,0.29,21,8,R,"<img src=""https://www.yakyucosmo.com/wp-content/uploads/2025/04/Eagles.jpg"" alt="""" width=""10"" height=""10"" class=""alignnone size-full wp-image-6218"" />",<a href=https://npb.jp/bis/eng/teams/index_e.html>Rakuten</a>,EL
,<a href=https://npb.jp/bis/eng/players/03305150.html>Yoshinoh Tsubasa</a>,48,181,160,20,36,6,1,1,47,16,2,0,0,1,46,18,0,2,4,0.225,0.309,0.294,0.603,86,0.069,0.307,35.9%,25.4%,9.9%,0.39,22,9,L,"<img src=""https://www.yakyucosmo.com/wp-content/uploads/2025/04/Eagles.jpg"" alt="""" width=""10"" height=""10"" class=""alignnone size-full wp-image-6218"" />",<a href=https://npb.jp/bis/eng/teams/index_e.html>Rakuten</a>,EL
,<a href=https://npb.jp/bis/eng/players/93395159.html>Murata Reon</a>,58,243,227,22,61,20,0,2,87,18,1,0,0,3,53,11,0,2,10,0.269,0.305,0.383,0.688,105,0.114,0.337,27.2%,21.8%,4.5%,0.21,23,3,R,"<img src=""https://www.yakyucosmo.com/wp-content/uploads/2025/04/Lions.jpg"" alt="""" width=""10"" height=""10"" class=""alignnone size-full wp-image-6219"" />",<a href=https://npb.jp/bis/eng/teams/index_l.html>Seibu</a>,EL
,<a href=https://npb.jp/bis/eng/players/81785138.html>Satoh Ryusei</a>,41,164,145,28,47,11,0,4,70,16,1,0,0,0,27,18,0,1,6,0.324,0.402,0.483,0.885,162,0.159,0.377,29.9%,16.5%,11.0%,0.67,28,5,R,"<img src=""https://www.yakyucosmo.com/wp-content/uploads/2025/04/Lions.jpg"" alt="""" width=""10"" height=""10"" class=""alignnone size-full wp-image-6219"" />",<a href=https://npb.jp/bis/eng/teams/index_l.html>Seibu</a>,EL
,<a href=https://npb.jp/bis/eng/players/01105155.html>Arizono Naoki</a>,51,203,176,37,52,7,2,10,93,33,1,0,0,2,44,24,1,1,4,0.295,0.379,0.528,0.907,165,0.233,0.339,38.4%,21.7%,11.8%,0.55,22,5,R,"<img src=""https://www.yakyucosmo.com/wp-content/uploads/2025/04/Fighters.jpg"" alt="""" width=""10"" height=""10"" class=""alignnone size-full wp-image-6217"" />",<a href=https://npb.jp/bis/eng/teams/index_f.html>Nipponham</a>,EL
,Chinen Taisei,61,241,228,34,61,7,4,6,94,25,4,3,0,1,29,10,0,2,2,0.268,0.303,0.412,0.715,128,0.144,0.284,18.7%,12.0%,4.1%,0.34,25,8,L,"<img src=""https://www.yakyucosmo.com/wp-content/uploads/2025/04/Albirex.jpg"" alt="""" width=""10"" height=""10"" class=""alignnone size-full wp-image-6298"" />",<a href=https://www.niigata-albirex-bc.jp/>Oisix</a>,EL
,Konishi Keiji,53,169,153,9,26,4,0,1,33,9,0,0,9,0,48,5,0,2,3,0.170,0.206,0.216,0.422,32,0.046,0.240,32.0%,28.4%,3.0%,0.10,27,3,R,"<img src=""https://www.yakyucosmo.com/wp-content/uploads/2025/04/Albirex.jpg"" alt="""" width=""10"" height=""10"" class=""alignnone size-full wp-image-6298"" />",<a href=https://www.niigata-albirex-bc.jp/>Oisix</a>,EL
,Okawa Yodai,53,219,203,22,61,12,2,5,92,24,0,0,0,0,41,14,0,2,7,0.300,0.352,0.453,0.805,158,0.153,0.357,27.4%,18.7%,6.4%,0.34,25,7,R,"<img src=""https://www.yakyucosmo.com/wp-content/uploads/2025/04/Albirex.jpg"" alt="""" width=""10"" height=""10"" class=""alignnone size-full wp-image-6298"" />",<a href=https://www.niigata-albirex-bc.jp/>Oisix</a>,EL
,Sonobe Keita,55,211,196,20,47,6,0,1,56,16,3,0,2,1,34,8,0,4,5,0.240,0.282,0.286,0.568,80,0.046,0.284,20.4%,16.1%,3.8%,0.24,25,5,R,"<img src=""https://www.yakyucosmo.com/wp-content/uploads/2025/04/Albirex.jpg"" alt="""" width=""10"" height=""10"" class=""alignnone size-full wp-image-6298"" />",<a href=https://www.niigata-albirex-bc.jp/>Oisix</a>,EL
,Takayama Shun,47,182,159,12,47,3,0,0,50,17,0,0,0,2,23,21,0,0,6,0.296,0.374,0.314,0.688,121,0.018,0.341,24.2%,12.6%,11.5%,0.91,32,DH,L,"<img src=""https://www.yakyucosmo.com/wp-content/uploads/2025/04/Albirex.jpg"" alt="""" width=""10"" height=""10"" class=""alignnone size-full wp-image-6298"" />",<a href=https://www.niigata-albirex-bc.jp/>Oisix</a>,EL
,Kuramoto Toshihiko,55,212,193,14,51,6,1,0,59,16,2,0,0,1,26,15,0,3,6,0.264,0.325,0.306,0.631,89,0.042,0.304,19.3%,12.3%,7.1%,0.58,34,5,L,"<img src=""https://www.yakyucosmo.com/wp-content/uploads/2025/04/Ventures.jpg"" alt="""" width=""10"" height=""10"" class=""alignnone size-full wp-image-6297"" />",<a href=https://hayateventures.jp/>HAYATE</a>,WL
,Masuda Shoma,47,195,173,15,43,7,0,0,50,13,4,7,4,1,28,14,0,3,2,0.249,0.314,0.289,0.603,81,0.040,0.295,21.5%,14.4%,7.2%,0.50,27,9,R,"<img src=""https://www.yakyucosmo.com/wp-content/uploads/2025/04/Ventures.jpg"" alt="""" width=""10"" height=""10"" class=""alignnone size-full wp-image-6297"" />",<a href=https://hayateventures.jp/>HAYATE</a>,WL
,Nakamura Raiya,58,230,205,20,46,9,2,1,62,15,0,0,3,2,40,17,0,3,6,0.224,0.291,0.302,0.593,78,0.078,0.271,25.2%,17.4%,7.4%,0.42,25,6,L,"<img src=""https://www.yakyucosmo.com/wp-content/uploads/2025/04/Ventures.jpg"" alt="""" width=""10"" height=""10"" class=""alignnone size-full wp-image-6297"" />",<a href=https://hayateventures.jp/>HAYATE</a>,WL
,Shinohara Reo,50,194,177,14,40,9,0,0,49,15,7,7,3,0,42,8,0,6,2,0.226,0.283,0.277,0.560,69,0.051,0.296,25.8%,21.6%,4.1%,0.19,24,8,R,"<img src=""https://www.yakyucosmo.com/wp-content/uploads/2025/04/Ventures.jpg"" alt="""" width=""10"" height=""10"" class=""alignnone size-full wp-image-6297"" />",<a href=https://hayateventures.jp/>HAYATE</a>,WL
,Suzuki Shohei,54,222,205,19,61,4,1,1,70,15,6,1,1,3,20,12,0,1,3,0.298,0.335,0.341,0.676,102,0.043,0.321,14.9%,9.0%,5.4%,0.60,27,7,L,"<img src=""https://www.yakyucosmo.com/wp-content/uploads/2025/04/Ventures.jpg"" alt="""" width=""10"" height=""10"" class=""alignnone size-full wp-image-6297"" />",<a href=https://hayateventures.jp/>HAYATE</a>,WL
,Watsuji Daiki,56,186,174,15,45,2,1,0,49,10,2,2,4,1,18,7,0,0,3,0.259,0.286,0.282,0.568,71,0.023,0.287,13.4%,9.7%,3.8%,0.39,25,4,L,"<img src=""https://www.yakyucosmo.com/wp-content/uploads/2025/04/Ventures.jpg"" alt="""" width=""10"" height=""10"" class=""alignnone size-full wp-image-6297"" />",<a href=https://hayateventures.jp/>HAYATE</a>,WL
