Rank,Player,G,PA,AB,R,H,2B,3B,HR,TB,RBI,SB,CS,SH,SF,SO,BB,IBB,HP,GDP,AVG,OBP,SLG,OPS,OPS+,ISO,BABIP,TTO%,K%,BB%,BB/K,wSB,Age,Pos,B,,Team,League
,<a href=https://npb.jp/bis/eng/players/23325159.html>Momosaki Aoi</a>,79,265,238,28,70,15,1,1,90,21,3,3,3,1,54,19,0,4,5,0.294,0.355,0.378,0.733,130,0.084,0.375,27.9%,20.4%,7.2%,0.35,-0.6,19,4,R,"<img src=""https://www.yakyucosmo.com/wp-content/uploads/2025/04/Tigers.jpg"" alt="""" width=""10"" height=""10"" class=""alignnone size-full wp-image-6224"" />",<a href=https://npb.jp/bis/eng/teams/index_t.html>Hanshin</a>,WL
,<a href=https://npb.jp/bis/eng/players/41845155.html>Maekawa Seita</a>,71,261,226,23,63,7,2,0,74,20,2,2,8,4,21,23,0,0,9,0.279,0.340,0.327,0.667,105,0.048,0.301,16.9%,8.0%,8.8%,1.10,-0.4,22,4,R,"<img src=""https://www.yakyucosmo.com/wp-content/uploads/2025/04/Carp.jpg"" alt="""" width=""10"" height=""10"" class=""alignnone size-full wp-image-6223"" />",<a href=https://npb.jp/bis/eng/teams/index_c.html>Hiroshima</a>,WL
,<a href=https://npb.jp/bis/eng/players/31335159.html>Inoue Kento</a>,65,280,255,30,67,11,3,8,108,42,5,4,2,4,47,14,0,5,2,0.263,0.309,0.424,0.733,120,0.161,0.289,24.6%,16.8%,5.0%,0.30,-0.6,25,5,L,"<img src=""https://www.yakyucosmo.com/wp-content/uploads/2025/04/BayStars.jpg"" alt="""" width=""10"" height=""10"" class=""alignnone size-full wp-image-6228"" />",<a href=https://npb.jp/bis/eng/teams/index_db.html>DeNA</a>,EL
,<a href=https://npb.jp/bis/eng/players/21525150.html>Kato Hibiki</a>,82,319,292,32,65,16,1,4,95,29,3,4,3,1,41,22,0,1,4,0.223,0.278,0.325,0.603,82,0.102,0.246,21.0%,12.9%,6.9%,0.54,-0.9,23,UTL,R,"<img src=""https://www.yakyucosmo.com/wp-content/uploads/2025/04/BayStars.jpg"" alt="""" width=""10"" height=""10"" class=""alignnone size-full wp-image-6228"" />",<a href=https://npb.jp/bis/eng/teams/index_db.html>DeNA</a>,EL
,<a href=https://npb.jp/bis/eng/players/41545138.html>Katsumata Atsushi</a>,71,259,240,28,63,9,1,3,83,21,4,1,3,2,30,10,0,3,9,0.263,0.298,0.346,0.644,94,0.083,0.287,16.6%,11.6%,3.9%,0.33,0.2,25,7,L,"<img src=""https://www.yakyucosmo.com/wp-content/uploads/2025/04/BayStars.jpg"" alt="""" width=""10"" height=""10"" class=""alignnone size-full wp-image-6228"" />",<a href=https://npb.jp/bis/eng/teams/index_db.html>DeNA</a>,EL
,<a href=https://npb.jp/bis/eng/players/13015153.html>Tima Julian</a>,74,274,259,23,54,14,0,6,86,28,0,0,0,2,62,13,0,0,10,0.208,0.245,0.332,0.577,72,0.124,0.249,29.6%,22.6%,4.7%,0.21,-0.1,20,3,R,"<img src=""https://www.yakyucosmo.com/wp-content/uploads/2025/04/Giants.jpg"" alt="""" width=""10"" height=""10"" class=""alignnone size-full wp-image-6227"" />",<a href=https://npb.jp/bis/eng/teams/index_g.html>Yomiuri</a>,EL
,<a href=https://npb.jp/bis/eng/players/11615157.html>Hashimoto Seiya</a>,68,252,232,27,60,12,2,0,76,27,5,4,1,2,27,17,0,0,8,0.259,0.307,0.328,0.635,94,0.069,0.290,17.5%,10.7%,6.7%,0.63,-0.6,24,7,L,"<img src=""https://www.yakyucosmo.com/wp-content/uploads/2025/04/Swallows.jpg"" alt="""" width=""10"" height=""10"" class=""alignnone size-full wp-image-6226"" />",<a href=https://npb.jp/bis/eng/teams/index_s.html>Yakult</a>,EL
,<a href=https://npb.jp/bis/eng/players/01505157.html>Kitamura Keigo</a>,72,257,226,14,53,10,0,2,69,10,2,0,2,1,40,21,0,7,7,0.235,0.318,0.305,0.623,91,0.070,0.276,24.5%,15.6%,8.2%,0.53,0.2,24,UTL,R,"<img src=""https://www.yakyucosmo.com/wp-content/uploads/2025/04/Swallows.jpg"" alt="""" width=""10"" height=""10"" class=""alignnone size-full wp-image-6226"" />",<a href=https://npb.jp/bis/eng/teams/index_s.html>Yakult</a>,EL
,<a href=https://npb.jp/bis/eng/players/91495157.html>Nishimura Ruito</a>,70,242,223,22,49,12,0,2,67,16,2,6,0,2,58,17,0,0,4,0.220,0.273,0.300,0.573,75,0.080,0.285,31.8%,24.0%,7.0%,0.29,-1.7,20,5,L,"<img src=""https://www.yakyucosmo.com/wp-content/uploads/2025/04/Swallows.jpg"" alt="""" width=""10"" height=""10"" class=""alignnone size-full wp-image-6226"" />",<a href=https://npb.jp/bis/eng/teams/index_s.html>Yakult</a>,EL
,<a href=https://npb.jp/bis/eng/players/71675157.html>Hama Shonosuke</a>,70,250,222,29,53,9,6,0,74,15,10,6,2,1,49,25,1,0,6,0.239,0.315,0.333,0.648,94,0.094,0.305,29.6%,19.6%,10.0%,0.51,-0.4,25,8,L,"<img src=""https://www.yakyucosmo.com/wp-content/uploads/2025/04/Dragons.jpg"" alt="""" width=""10"" height=""10"" class=""alignnone size-full wp-image-6225"" />",<a href=https://npb.jp/bis/eng/teams/index_d.html>Chunichi</a>,WL
,<a href=https://npb.jp/bis/eng/players/41545159.html>Kawakami Rii</a>,85,325,268,39,62,11,3,1,82,35,14,6,1,6,70,43,0,7,6,0.231,0.346,0.306,0.652,96,0.075,0.300,35.1%,21.5%,13.2%,0.61,0.2,24,3,R,"<img src=""https://www.yakyucosmo.com/wp-content/uploads/2025/04/Dragons.jpg"" alt="""" width=""10"" height=""10"" class=""alignnone size-full wp-image-6225"" />",<a href=https://npb.jp/bis/eng/teams/index_d.html>Chunichi</a>,WL
,<a href=https://npb.jp/bis/eng/players/71375155.html>Ukai Kosuke</a>,60,244,215,33,63,15,2,5,97,34,7,2,0,0,43,24,0,5,5,0.293,0.377,0.451,0.828,147,0.158,0.347,29.5%,17.6%,9.8%,0.56,0.4,26,7,R,"<img src=""https://www.yakyucosmo.com/wp-content/uploads/2025/04/Dragons.jpg"" alt="""" width=""10"" height=""10"" class=""alignnone size-full wp-image-6225"" />",<a href=https://npb.jp/bis/eng/teams/index_d.html>Chunichi</a>,WL
,<a href=https://npb.jp/bis/eng/players/61065157.html>Chano Tokumasa</a>,85,293,265,32,79,2,1,0,83,14,20,7,6,2,30,19,0,1,2,0.298,0.345,0.313,0.658,107,0.015,0.333,16.7%,10.2%,6.5%,0.63,0.9,25,9,L,"<img src=""https://www.yakyucosmo.com/wp-content/uploads/2025/04/Buffaloes.jpg"" alt="""" width=""10"" height=""10"" class=""alignnone size-full wp-image-6222"" />",<a href=https://npb.jp/bis/eng/teams/index_b.html>ORIX</a>,WL
,<a href=https://npb.jp/bis/eng/players/91295157.html>Naito Ho</a>,86,331,301,19,70,8,1,3,89,30,0,0,0,1,49,27,1,2,14,0.233,0.299,0.296,0.595,87,0.063,0.268,23.9%,14.8%,8.2%,0.55,-0.1,20,3,R,"<img src=""https://www.yakyucosmo.com/wp-content/uploads/2025/04/Buffaloes.jpg"" alt="""" width=""10"" height=""10"" class=""alignnone size-full wp-image-6222"" />",<a href=https://npb.jp/bis/eng/teams/index_b.html>ORIX</a>,WL
,<a href=https://npb.jp/bis/eng/players/53155159.html>Matsuishi Shinya</a>,71,241,211,26,49,4,1,0,55,12,4,5,12,1,43,15,0,2,5,0.232,0.288,0.261,0.549,63,0.029,0.290,24.1%,17.8%,6.2%,0.35,-1.1,19,6,R,"<img src=""https://www.yakyucosmo.com/wp-content/uploads/2025/04/Marines.jpg"" alt="""" width=""10"" height=""10"" class=""alignnone size-full wp-image-6240"" />",<a href=https://npb.jp/bis/eng/teams/index_m.html>Lotte</a>,EL
,<a href=https://npb.jp/bis/eng/players/81885150.html>Miyazaki Ryusei</a>,68,259,228,39,62,10,5,4,94,32,4,0,0,1,58,26,0,4,3,0.272,0.355,0.412,0.767,125,0.140,0.347,34.0%,22.4%,10.0%,0.45,0.6,24,4,L,"<img src=""https://www.yakyucosmo.com/wp-content/uploads/2025/04/Marines.jpg"" alt="""" width=""10"" height=""10"" class=""alignnone size-full wp-image-6240"" />",<a href=https://npb.jp/bis/eng/teams/index_m.html>Lotte</a>,EL
,<a href=https://npb.jp/bis/eng/players/91895138.html>Yamaguchi Koki</a>,72,285,230,39,57,11,2,11,105,53,2,1,0,7,57,41,1,7,3,0.248,0.368,0.457,0.825,141,0.209,0.272,38.2%,20.0%,14.4%,0.72,-0.1,24,UTL,R,"<img src=""https://www.yakyucosmo.com/wp-content/uploads/2025/04/Marines.jpg"" alt="""" width=""10"" height=""10"" class=""alignnone size-full wp-image-6240"" />",<a href=https://npb.jp/bis/eng/teams/index_m.html>Lotte</a>,EL
,<a href=https://npb.jp/bis/eng/players/61665159.html>Hirose Ryuta</a>,61,254,220,28,55,6,2,0,65,13,2,1,1,0,41,31,0,2,11,0.250,0.348,0.295,0.643,97,0.045,0.307,28.3%,16.1%,12.2%,0.76,-0.1,24,UTL,R,"<img src=""https://www.yakyucosmo.com/wp-content/uploads/2025/04/Hawks.jpg"" alt="""" width=""10"" height=""10"" class=""alignnone size-full wp-image-6220"" /> ",<a href=https://npb.jp/bis/eng/teams/index_h.html>SoftBank</a>,WL
,<a href=https://npb.jp/bis/eng/players/11315157.html>Ikhine Itua</a>,73,283,244,29,57,8,4,3,82,29,17,6,3,2,70,30,0,4,3,0.234,0.325,0.336,0.661,101,0.102,0.312,36.4%,24.7%,10.6%,0.43,0.8,20,6,L,"<img src=""https://www.yakyucosmo.com/wp-content/uploads/2025/04/Hawks.jpg"" alt="""" width=""10"" height=""10"" class=""alignnone size-full wp-image-6220"" /> ",<a href=https://npb.jp/bis/eng/teams/index_h.html>SoftBank</a>,WL
,<a href=https://npb.jp/bis/eng/players/01305153.html>Inoue Tomoya</a>,65,276,249,32,62,12,2,2,84,35,2,0,1,3,55,18,0,5,7,0.249,0.309,0.337,0.646,97,0.088,0.308,27.2%,19.9%,6.5%,0.33,0.2,22,3,R,"<img src=""https://www.yakyucosmo.com/wp-content/uploads/2025/04/Hawks.jpg"" alt="""" width=""10"" height=""10"" class=""alignnone size-full wp-image-6220"" /> ",<a href=https://npb.jp/bis/eng/teams/index_h.html>SoftBank</a>,WL
,<a href=https://npb.jp/bis/eng/players/91095153.html>Sasagawa Yoshiyasu</a>,71,301,271,45,74,9,2,9,114,46,9,4,0,4,72,23,0,3,3,0.273,0.332,0.421,0.753,129,0.148,0.335,34.6%,23.9%,7.6%,0.32,0.1,23,9,L,"<img src=""https://www.yakyucosmo.com/wp-content/uploads/2025/04/Hawks.jpg"" alt="""" width=""10"" height=""10"" class=""alignnone size-full wp-image-6220"" /> ",<a href=https://npb.jp/bis/eng/teams/index_h.html>SoftBank</a>,WL
,<a href=https://npb.jp/bis/eng/players/01205150.html>Shoji Yudai</a>,60,242,211,23,45,5,0,0,50,17,7,4,4,2,47,24,0,1,3,0.213,0.294,0.237,0.531,62,0.024,0.271,29.3%,19.4%,9.9%,0.51,-0.2,22,6,L,"<img src=""https://www.yakyucosmo.com/wp-content/uploads/2025/04/Hawks.jpg"" alt="""" width=""10"" height=""10"" class=""alignnone size-full wp-image-6220"" /> ",<a href=https://npb.jp/bis/eng/teams/index_h.html>SoftBank</a>,WL
,<a href=https://npb.jp/bis/eng/players/41345153.html>Irie Daiki</a>,74,287,272,29,69,8,2,2,87,29,3,1,2,4,40,6,0,3,7,0.254,0.274,0.320,0.594,81,0.066,0.286,16.7%,13.9%,2.1%,0.15,0.1,23,4,R,"<img src=""https://www.yakyucosmo.com/wp-content/uploads/2025/04/Eagles.jpg"" alt="""" width=""10"" height=""10"" class=""alignnone size-full wp-image-6218"" />",<a href=https://npb.jp/bis/eng/teams/index_e.html>Rakuten</a>,EL
,<a href=https://npb.jp/bis/eng/players/43545155.html>Yoshino Soshi</a>,68,260,237,31,60,19,3,2,91,22,2,0,0,3,63,15,0,5,8,0.253,0.308,0.384,0.692,110,0.131,0.331,30.8%,24.2%,5.8%,0.24,0.2,21,8,R,"<img src=""https://www.yakyucosmo.com/wp-content/uploads/2025/04/Eagles.jpg"" alt="""" width=""10"" height=""10"" class=""alignnone size-full wp-image-6218"" />",<a href=https://npb.jp/bis/eng/teams/index_e.html>Rakuten</a>,EL
,<a href=https://npb.jp/bis/eng/players/03305150.html>Yoshinoh Tsubasa</a>,70,256,227,29,51,9,1,3,71,24,3,0,0,1,64,25,0,3,5,0.225,0.309,0.313,0.622,90,0.088,0.298,35.9%,25.0%,9.8%,0.39,0.4,22,9,L,"<img src=""https://www.yakyucosmo.com/wp-content/uploads/2025/04/Eagles.jpg"" alt="""" width=""10"" height=""10"" class=""alignnone size-full wp-image-6218"" />",<a href=https://npb.jp/bis/eng/teams/index_e.html>Rakuten</a>,EL
,<a href=https://npb.jp/bis/eng/players/61665157.html>Hiruma Takuya</a>,60,235,211,24,53,11,1,2,72,15,6,0,3,0,39,18,0,3,3,0.251,0.319,0.341,0.660,95,0.090,0.300,25.1%,16.6%,7.7%,0.46,0.9,24,9,L,"<img src=""https://www.yakyucosmo.com/wp-content/uploads/2025/04/Lions.jpg"" alt="""" width=""10"" height=""10"" class=""alignnone size-full wp-image-6219"" />",<a href=https://npb.jp/bis/eng/teams/index_l.html>Seibu</a>,EL
,<a href=https://npb.jp/bis/eng/players/93395159.html>Murata Reon</a>,72,288,268,27,74,22,0,4,108,27,1,0,0,3,62,14,0,3,10,0.276,0.316,0.403,0.719,112,0.127,0.341,27.8%,21.5%,4.9%,0.23,0.1,23,3,R,"<img src=""https://www.yakyucosmo.com/wp-content/uploads/2025/04/Lions.jpg"" alt="""" width=""10"" height=""10"" class=""alignnone size-full wp-image-6219"" />",<a href=https://npb.jp/bis/eng/teams/index_l.html>Seibu</a>,EL
,<a href=https://npb.jp/bis/eng/players/01105155.html>Arizono Naoki</a>,73,289,253,49,78,10,3,14,136,48,2,0,0,2,59,32,1,2,10,0.308,0.388,0.538,0.926,167,0.230,0.352,36.3%,20.4%,11.1%,0.54,0.2,22,5,R,"<img src=""https://www.yakyucosmo.com/wp-content/uploads/2025/04/Fighters.jpg"" alt="""" width=""10"" height=""10"" class=""alignnone size-full wp-image-6217"" />",<a href=https://npb.jp/bis/eng/teams/index_f.html>Nipponham</a>,EL
,Chinen Taisei,84,344,323,50,97,13,5,8,144,47,4,8,0,3,36,16,0,2,2,0.300,0.334,0.446,0.780,150,0.146,0.316,17.4%,10.5%,4.7%,0.44,-2.1,25,8,L,"<img src=""https://www.yakyucosmo.com/wp-content/uploads/2025/04/Albirex.jpg"" alt="""" width=""10"" height=""10"" class=""alignnone size-full wp-image-6298"" />",<a href=https://www.niigata-albirex-bc.jp/>Oisix</a>,EL
,Konishi Keiji,74,238,214,14,37,9,1,2,54,20,0,0,11,4,69,6,0,3,6,0.173,0.203,0.252,0.455,41,0.079,0.238,32.4%,29.0%,2.5%,0.09,-0.1,27,3,R,"<img src=""https://www.yakyucosmo.com/wp-content/uploads/2025/04/Albirex.jpg"" alt="""" width=""10"" height=""10"" class=""alignnone size-full wp-image-6298"" />",<a href=https://www.niigata-albirex-bc.jp/>Oisix</a>,EL
,Okawa Yodai,75,316,290,28,82,18,3,5,121,37,0,0,0,0,62,23,0,3,9,0.283,0.342,0.417,0.759,143,0.134,0.345,28.5%,19.6%,7.3%,0.37,-0.1,25,7,R,"<img src=""https://www.yakyucosmo.com/wp-content/uploads/2025/04/Albirex.jpg"" alt="""" width=""10"" height=""10"" class=""alignnone size-full wp-image-6298"" />",<a href=https://www.niigata-albirex-bc.jp/>Oisix</a>,EL
,Sonobe Keita,73,282,261,27,70,7,1,1,82,24,4,0,2,1,45,12,0,6,5,0.268,0.314,0.314,0.628,100,0.046,0.319,20.6%,16.0%,4.3%,0.27,0.6,25,5,R,"<img src=""https://www.yakyucosmo.com/wp-content/uploads/2025/04/Albirex.jpg"" alt="""" width=""10"" height=""10"" class=""alignnone size-full wp-image-6298"" />",<a href=https://www.niigata-albirex-bc.jp/>Oisix</a>,EL
,Takayama Shun,67,272,232,18,66,7,0,0,73,27,0,0,0,2,35,38,0,0,11,0.284,0.382,0.315,0.697,124,0.031,0.332,26.8%,12.9%,14.0%,1.09,-0.2,32,DH,L,"<img src=""https://www.yakyucosmo.com/wp-content/uploads/2025/04/Albirex.jpg"" alt="""" width=""10"" height=""10"" class=""alignnone size-full wp-image-6298"" />",<a href=https://www.niigata-albirex-bc.jp/>Oisix</a>,EL
,Kuramoto Toshihiko,81,317,290,20,85,9,2,0,98,28,2,0,0,2,38,21,0,4,7,0.293,0.347,0.338,0.685,103,0.045,0.335,18.6%,12.0%,6.6%,0.55,0.2,34,5,L,"<img src=""https://www.yakyucosmo.com/wp-content/uploads/2025/04/Ventures.jpg"" alt="""" width=""10"" height=""10"" class=""alignnone size-full wp-image-6297"" />",<a href=https://hayateventures.jp/>HAYATE</a>,WL
,Masuda Shoma,68,271,238,20,59,9,0,0,68,19,9,8,6,2,42,22,0,3,6,0.248,0.317,0.286,0.603,80,0.038,0.298,23.6%,15.5%,8.1%,0.52,-1.2,27,9,R,"<img src=""https://www.yakyucosmo.com/wp-content/uploads/2025/04/Ventures.jpg"" alt="""" width=""10"" height=""10"" class=""alignnone size-full wp-image-6297"" />",<a href=https://hayateventures.jp/>HAYATE</a>,WL
,Nakamura Raiya,88,350,312,32,68,9,2,2,87,21,0,0,3,2,56,27,0,6,9,0.218,0.291,0.279,0.570,70,0.061,0.258,24.3%,16.0%,7.7%,0.48,-0.1,25,6,L,"<img src=""https://www.yakyucosmo.com/wp-content/uploads/2025/04/Ventures.jpg"" alt="""" width=""10"" height=""10"" class=""alignnone size-full wp-image-6297"" />",<a href=https://hayateventures.jp/>HAYATE</a>,WL
,Nishikawa Ryosuke,69,250,232,13,43,10,1,1,58,18,0,0,1,3,60,11,0,3,10,0.185,0.229,0.250,0.479,43,0.065,0.241,28.8%,24.0%,4.4%,0.18,-0.1,23,3,R,"<img src=""https://www.yakyucosmo.com/wp-content/uploads/2025/04/Ventures.jpg"" alt="""" width=""10"" height=""10"" class=""alignnone size-full wp-image-6297"" />",<a href=https://hayateventures.jp/>HAYATE</a>,WL
,Shinohara Reo,80,304,277,20,59,11,0,0,70,18,10,9,8,1,64,12,0,6,3,0.213,0.260,0.253,0.513,53,0.040,0.276,25.0%,21.1%,3.9%,0.19,-1.4,24,8,R,"<img src=""https://www.yakyucosmo.com/wp-content/uploads/2025/04/Ventures.jpg"" alt="""" width=""10"" height=""10"" class=""alignnone size-full wp-image-6297"" />",<a href=https://hayateventures.jp/>HAYATE</a>,WL
,Suzuki Shohei,80,330,303,23,86,9,1,1,100,19,8,2,2,4,30,20,0,1,4,0.284,0.326,0.330,0.656,95,0.046,0.308,15.5%,9.1%,6.1%,0.67,0.5,27,7,L,"<img src=""https://www.yakyucosmo.com/wp-content/uploads/2025/04/Ventures.jpg"" alt="""" width=""10"" height=""10"" class=""alignnone size-full wp-image-6297"" />",<a href=https://hayateventures.jp/>HAYATE</a>,WL
,Watsuji Daiki,86,307,284,26,76,3,2,1,86,15,4,2,5,1,27,16,1,1,3,0.268,0.308,0.303,0.611,82,0.035,0.292,14.3%,8.8%,5.2%,0.59,-0.1,25,4,L,"<img src=""https://www.yakyucosmo.com/wp-content/uploads/2025/04/Ventures.jpg"" alt="""" width=""10"" height=""10"" class=""alignnone size-full wp-image-6297"" />",<a href=https://hayateventures.jp/>HAYATE</a>,WL
