#,Pitcher,G,W,L,SV,CG,SHO,BF,IP,H,HR,SO,BB,IBB,HB,WP,R,ER,ERA,FIP,kwERA,WHIP,ERA+,FIP-,kwERA-,Diff,HR%,K%,BB%,K-BB%,,Team,Age,T,League
,<a href=https://npb.jp/bis/eng/players/21425138.html>Bandoh Yugo</a>,21,9,2,0,0,0,443,108.2,105,2,63,23,0,3,0,35,30,2.48,3.42,3.90,1.18,130,88,102,-0.94,0.5%,14.2%,5.2%,9.0%,🪶,<a href=https://npb.jp/bis/eng/teams/index_h.html>SoftBank</a>,29,R,WL
,<a href=https://npb.jp/bis/eng/players/43745138.html>Wang Yan-Cheng</a>,22,10,5,0,0,0,498,116.0,122,3,84,43,0,9,4,47,42,3.26,3.85,3.98,1.42,99,100,104,-0.59,0.6%,16.9%,8.6%,8.2%,🦅 ,<a href=https://npb.jp/bis/eng/teams/index_e.html>Rakuten</a>,24,L,EL
,Kasahara Shotaro,21,4,8,0,0,0,429,99.0,111,5,52,30,0,1,2,50,44,4.00,4.17,4.29,1.42,75,116,112,-0.17,1.2%,12.1%,7.0%,5.1%,🦢,<a href=https://www.niigata-albirex-bc.jp/>Oisix</a>,30,L,EL
,Makino Kenshin,41,4,3,0,1,1,441,102.1,109,7,87,35,0,1,2,45,33,2.90,3.87,3.62,1.41,103,108,94,-0.97,1.6%,19.7%,7.9%,11.8%,🦢,<a href=https://www.niigata-albirex-bc.jp/>Oisix</a>,25,L,EL
,Noto Syuto,23,12,4,0,1,0,545,128.0,118,4,102,50,0,1,5,42,37,2.60,3.63,3.85,1.31,115,101,100,-1.03,0.7%,18.7%,9.2%,9.5%,🦢,<a href=https://www.niigata-albirex-bc.jp/>Oisix</a>,23,R,EL
,Yabuta Kazuki,23,2,9,0,0,0,556,120.0,154,11,55,48,0,1,6,77,62,4.65,5.12,4.67,1.68,64,143,122,-0.47,2.0%,9.9%,8.6%,1.3%,🦢,<a href=https://www.niigata-albirex-bc.jp/>Oisix</a>,32,R,EL
,Kasashima Naoki,20,3,6,0,0,0,439,103.0,101,3,71,28,0,6,1,47,31,2.71,3.61,3.82,1.25,126,88,100,-0.90,0.7%,16.2%,6.4%,9.8%,✌️,<a href=https://hayateventures.jp/>HAYATE</a>,22,R,WL
,Okuda Kanata,21,4,9,0,0,0,472,110.0,130,1,43,28,0,4,5,47,45,3.68,3.83,4.48,1.44,93,94,117,-0.15,0.2%,9.1%,5.9%,3.2%,✌️,<a href=https://hayateventures.jp/>HAYATE</a>,24,L,WL
