#,,Team,G,W,L,T,PCT,GB,RS,RA,Diff,XPCT,Home,Road,vs M,vs G,vs F,vs L,vs E,vs DB,vs A,vs S,Inter
,"<img src=""https://www.yakyucosmo.com/wp-content/uploads/2025/04/Marines.jpg"" alt="""" width=""10"" height=""10"" class=""alignnone size-full wp-image-6240"" />",<a href=https://npb.jp/bis/eng/teams/index_m.html>Lotte Marines</a>,71,44,25,2,0.638,--,337,239,98,0.652,21-13(1),23-12(1),--,7-5,1-2(1),6-5(1),11-3,5-6,8-0,5-3,1-1
,"<img src=""https://www.yakyucosmo.com/wp-content/uploads/2025/04/Giants.jpg"" alt="""" width=""10"" height=""10"" class=""alignnone size-full wp-image-6227"" />",<a href=https://npb.jp/bis/eng/teams/index_g.html>Yomiuri Giants</a>,72,43,28,1,0.606,2.0,293,216,77,0.636,17-13(1),26-15,5-7,--,7-4,5-3,2-4(1),7-3,7-4,8-2,2-1
,"<img src=""https://www.yakyucosmo.com/wp-content/uploads/2025/04/Fighters.jpg"" alt="""" width=""10"" height=""10"" class=""alignnone size-full wp-image-6217"" />",<a href=https://npb.jp/bis/eng/teams/index_f.html>Nipponham Fighters</a>,67,39,27,1,0.591,3.5,274,220,54,0.599,22-12(1),17-15,2-1(1),4-7,--,4-4,7-5,9-2,5-4,7-3,1-1
,"<img src=""https://www.yakyucosmo.com/wp-content/uploads/2025/04/Lions.jpg"" alt="""" width=""10"" height=""10"" class=""alignnone size-full wp-image-6219"" />",<a href=https://npb.jp/bis/eng/teams/index_l.html>Seibu Lions</a>,69,40,28,1,0.588,3.5,290,226,64,0.612,18-11,22-17(1),5-6(1),3-5,4-4,--,5-4,8-3,5-5,10-1,--
,"<img src=""https://www.yakyucosmo.com/wp-content/uploads/2025/04/Eagles.jpg"" alt="""" width=""10"" height=""10"" class=""alignnone size-full wp-image-6218"" />",<a href=https://npb.jp/bis/eng/teams/index_e.html>Rakuten Eagles</a>,72,34,37,1,0.479,11.0,254,290,-36,0.440,24-18,10-19(1),3-11,4-2(1),5-7,4-5,--,5-5,7-3,6-4,--
,"<img src=""https://www.yakyucosmo.com/wp-content/uploads/2025/04/BayStars.jpg"" alt="""" width=""10"" height=""10"" class=""alignnone size-full wp-image-6228"" />",<a href=https://npb.jp/bis/eng/teams/index_db.html>DeNA BayStars</a>,75,31,43,1,0.419,15.5,312,335,-23,0.468,16-22(1),15-21,6-5,3-7,2-9,3-8,5-5,--,5-5,7-4(1),--
,"<img src=""https://www.yakyucosmo.com/wp-content/uploads/2025/04/Albirex.jpg"" alt="""" width=""10"" height=""10"" class=""alignnone size-full wp-image-6298"" />",<a href=https://www.niigata-albirex-bc.jp/>Oisix Albirex</a>,72,28,44,0,0.389,17.5,238,364,-126,0.315,17-19,11-25,0-8,4-7,4-5,5-5,3-7,5-5,--,6-2,1-5
,"<img src=""https://www.yakyucosmo.com/wp-content/uploads/2025/04/Swallows.jpg"" alt="""" width=""10"" height=""10"" class=""alignnone size-full wp-image-6226"" />",<a href=https://npb.jp/bis/eng/teams/index_s.html>Yakult Swallows</a>,69,19,49,1,0.279,24.5,179,281,-102,0.305,7-29,12-20(1),3-5,2-8,3-7,1-10,4-6,4-7(1),2-6,--,--
