Pitcher,G,W,L,SV,HLD,CG,SHO,BF,IP,H,HR,SO,BB,IBB,HB,WP,R,ER,ERA,FIP,kwERA,WHIP,ERA+,FIP-,kwERA-,Diff,HR%,K%,BB%,K-BB%,Team,League
Akiyama Takumi,5,1,3,0,0,0,0,101,23.0,29,1,15,3,0,0,1,15,14,5.48,2.76,3.61,1.39,58,77,100,2.72,1.0%,14.9%,3.0%,11.9%,<a href=https://npb.jp/bis/eng/teams/index_t.html>Hanshin</a>,CL
Alcantara Raul,39,1,3,1,17,0,0,156,38.1,38,5,29,8,0,1,0,21,20,4.70,3.99,3.45,1.20,68,112,96,0.71,3.2%,18.6%,5.1%,13.5%,<a href=https://npb.jp/bis/eng/teams/index_t.html>Hanshin</a>,CL
Aoyagi Koyo,24,13,4,0,0,4,2,644,162.1,126,7,132,32,4,8,0,46,37,2.05,2.78,3.25,0.97,156,78,90,-0.73,1.1%,20.5%,5.0%,15.5%,<a href=https://npb.jp/bis/eng/teams/index_t.html>Hanshin</a>,CL
Baba Kosuke,7,0,1,0,0,0,0,36,7.0,12,1,7,3,2,0,2,4,4,5.14,4.25,3.69,2.14,62,119,102,0.89,2.8%,19.4%,8.3%,11.1%,<a href=https://npb.jp/bis/eng/teams/index_t.html>Hanshin</a>,CL
Fujinami Shintaro,16,3,5,0,0,0,0,276,66.2,58,6,65,21,1,3,5,28,25,3.38,3.40,3.21,1.19,95,95,89,-0.02,2.2%,23.6%,7.6%,16.0%,<a href=https://npb.jp/bis/eng/teams/index_t.html>Hanshin</a>,CL
Gunkel Joe,16,5,5,0,0,1,0,372,92.1,80,6,52,16,1,3,1,32,28,2.73,3.44,3.83,1.04,117,96,106,-0.71,1.6%,14.0%,4.3%,9.7%,<a href=https://npb.jp/bis/eng/teams/index_t.html>Hanshin</a>,CL
Hamachi Masumi,52,1,3,0,21,0,0,181,47.1,38,3,38,5,1,0,0,9,6,1.14,2.64,2.98,0.91,281,74,83,-1.50,1.7%,21.0%,2.8%,18.2%,<a href=https://npb.jp/bis/eng/teams/index_t.html>Hanshin</a>,CL
Ishii Daichi,18,0,1,0,0,0,0,94,24.0,11,2,24,9,2,2,2,4,2,0.75,3.56,3.20,0.83,427,100,89,-2.81,2.1%,25.5%,9.6%,15.9%,<a href=https://npb.jp/bis/eng/teams/index_t.html>Hanshin</a>,CL
Itoh Masashi,20,9,5,0,0,6,2,539,136.2,119,10,92,22,3,2,1,45,40,2.63,3.23,3.50,1.03,122,90,97,-0.60,1.9%,17.1%,4.1%,13.0%,<a href=https://npb.jp/bis/eng/teams/index_t.html>Hanshin</a>,CL
Iwasada Yuta,53,2,1,0,11,0,0,176,42.0,34,1,38,12,1,2,1,16,12,2.57,2.60,3.32,1.10,125,73,92,-0.03,0.6%,21.6%,6.8%,14.8%,<a href=https://npb.jp/bis/eng/teams/index_t.html>Hanshin</a>,CL
Iwazaki Suguru,57,1,6,28,11,0,0,239,55.0,63,1,44,10,1,2,0,16,12,1.96,2.39,3.38,1.33,163,67,94,-0.43,0.4%,18.4%,4.2%,14.2%,<a href=https://npb.jp/bis/eng/teams/index_t.html>Hanshin</a>,CL
Kajiya Ren,39,0,2,0,7,0,0,128,29.2,26,1,30,13,2,1,1,8,8,2.43,2.93,3.47,1.31,132,82,96,-0.50,0.8%,23.4%,10.2%,13.2%,<a href=https://npb.jp/bis/eng/teams/index_t.html>Hanshin</a>,CL
Keller Kyle,34,3,2,3,5,0,0,128,32.2,25,2,46,5,0,2,0,12,12,3.31,1.73,1.60,0.92,97,48,44,1.58,1.6%,35.9%,3.9%,32.0%,<a href=https://npb.jp/bis/eng/teams/index_t.html>Hanshin</a>,CL
Kirishiki Takuma,7,0,3,0,0,0,0,65,14.1,20,2,16,4,2,0,0,8,8,5.02,3.52,2.95,1.67,64,99,82,1.50,3.1%,24.6%,6.2%,18.4%,<a href=https://npb.jp/bis/eng/teams/index_t.html>Hanshin</a>,CL
Kobayashi Keisuke,10,0,0,0,0,0,0,47,11.1,12,1,9,4,1,0,0,2,2,1.59,3.72,3.74,1.41,201,104,104,-2.13,2.1%,19.1%,8.5%,10.6%,<a href=https://npb.jp/bis/eng/teams/index_t.html>Hanshin</a>,CL
Moriki Daichi,2,0,2,0,0,0,0,37,8.2,9,0,6,3,2,0,0,8,6,6.23,2.76,3.99,1.38,51,77,111,3.47,0.0%,16.2%,8.1%,8.1%,<a href=https://npb.jp/bis/eng/teams/index_t.html>Hanshin</a>,CL
Nishi Junya,14,6,3,0,0,1,0,309,77.1,67,7,60,19,0,1,2,24,23,2.68,3.50,3.47,1.11,119,98,96,-0.82,2.3%,19.4%,6.1%,13.3%,<a href=https://npb.jp/bis/eng/teams/index_t.html>Hanshin</a>,CL
Nishi Yuki,23,9,9,0,0,2,2,599,148.1,132,8,93,26,3,5,2,40,36,2.18,3.18,3.68,1.07,147,89,102,-1.00,1.3%,15.5%,4.3%,11.2%,<a href=https://npb.jp/bis/eng/teams/index_t.html>Hanshin</a>,CL
Ogawa Ippei,6,0,2,0,0,0,0,100,24.2,16,3,22,9,2,3,1,12,12,4.38,4.36,3.50,1.01,73,122,97,0.02,3.0%,22.0%,9.0%,13.0%,<a href=https://npb.jp/bis/eng/teams/index_t.html>Hanshin</a>,CL
Onaka Yuya,1,0,0,0,0,0,0,11,2.0,4,0,2,1,1,0,0,2,2,9.00,2.60,3.89,2.50,36,73,108,6.40,0.0%,18.2%,9.1%,9.1%,<a href=https://npb.jp/bis/eng/teams/index_t.html>Hanshin</a>,CL
Ono Taiki,5,0,0,0,0,0,0,25,5.0,7,1,7,3,0,0,0,3,1,1.80,4.70,3.20,2.00,178,132,89,-2.90,4.0%,28.0%,12.0%,16.0%,<a href=https://npb.jp/bis/eng/teams/index_t.html>Hanshin</a>,CL
Oyokawa Masaki,1,0,0,0,0,0,0,4,1.0,1,1,0,0,0,0,0,1,1,9.00,16.10,4.80,1.00,36,451,133,-7.10,25.0%,0.0%,0.0%,0.0%,<a href=https://npb.jp/bis/eng/teams/index_t.html>Hanshin</a>,CL
Saiki Hiroto,9,4,1,0,0,1,1,186,47.0,40,4,43,11,1,0,0,10,8,1.53,3.08,3.08,1.09,209,86,86,-1.55,2.2%,23.1%,5.9%,17.2%,<a href=https://npb.jp/bis/eng/teams/index_t.html>Hanshin</a>,CL
Saitoh Yukiya,20,0,1,0,0,0,0,107,23.1,23,2,27,10,0,3,0,14,13,5.01,3.57,3.21,1.41,64,100,89,1.44,1.9%,25.2%,9.3%,15.9%,<a href=https://npb.jp/bis/eng/teams/index_t.html>Hanshin</a>,CL
Shimamoto Hiroya,15,0,0,0,2,0,0,56,14.0,12,1,11,2,0,0,0,4,4,2.57,2.89,3.19,1.00,125,81,89,-0.32,1.8%,19.6%,3.6%,16.0%,<a href=https://npb.jp/bis/eng/teams/index_t.html>Hanshin</a>,CL
Watanabe Yuta,32,3,1,0,10,0,0,72,18.1,16,2,18,4,1,1,0,5,5,2.45,3.38,2.86,1.09,131,95,79,-0.93,2.8%,25.0%,5.6%,19.4%,<a href=https://npb.jp/bis/eng/teams/index_t.html>Hanshin</a>,CL
Wilkerson Aaron,14,5,5,0,0,0,0,292,70.2,70,4,54,21,1,1,0,32,32,4.08,3.24,3.67,1.29,78,91,102,0.84,1.4%,18.5%,7.2%,11.3%,<a href=https://npb.jp/bis/eng/teams/index_t.html>Hanshin</a>,CL
Yuasa Atsuki,59,2,3,0,43,0,0,221,58.0,38,1,67,12,0,0,2,7,7,1.09,1.64,2.31,0.86,294,46,64,-0.55,0.5%,30.3%,5.4%,24.9%,<a href=https://npb.jp/bis/eng/teams/index_t.html>Hanshin</a>,CL
Anderson Drew,13,3,4,0,0,0,0,293,70.0,61,9,59,23,0,3,0,32,28,3.60,4.20,3.57,1.20,88,119,99,-0.60,3.1%,20.1%,7.8%,12.3%,<a href=https://npb.jp/bis/eng/teams/index_c.html>Hiroshima</a>,CL
Corniel Robert,12,0,0,0,0,0,0,66,15.1,15,2,19,4,0,1,0,6,6,3.52,3.30,2.53,1.24,90,94,70,0.22,3.0%,28.8%,6.1%,22.7%,<a href=https://npb.jp/bis/eng/teams/index_c.html>Hiroshima</a>,CL
Endoh Atsushi,20,4,7,0,0,0,0,434,105.1,104,17,78,18,1,3,0,47,42,3.59,4.32,3.42,1.16,88,123,95,-0.73,3.9%,18.0%,4.1%,13.9%,<a href=https://npb.jp/bis/eng/teams/index_c.html>Hiroshima</a>,CL
Franzua Geronimo,3,0,0,0,0,0,0,18,3.1,2,0,4,5,0,1,1,3,3,8.10,6.10,5.36,2.10,39,173,149,2.00,0.0%,22.2%,27.8%,-5.6%,<a href=https://npb.jp/bis/eng/teams/index_c.html>Hiroshima</a>,CL
Fujii Reira,12,0,1,0,0,0,0,62,14.0,10,1,15,9,1,1,1,6,6,3.86,4.03,3.83,1.36,82,115,106,-0.17,1.6%,24.2%,14.5%,9.7%,<a href=https://npb.jp/bis/eng/teams/index_c.html>Hiroshima</a>,CL
Horie Atsuya,26,3,2,0,6,0,0,73,17.1,13,1,8,8,1,1,5,6,6,3.12,4.49,4.80,1.21,101,128,133,-1.37,1.4%,11.0%,11.0%,0.0%,<a href=https://npb.jp/bis/eng/teams/index_c.html>Hiroshima</a>,CL
Ichioka Ryuji,10,1,0,0,1,0,0,41,8.2,15,0,7,1,0,0,0,2,2,2.08,1.83,3.34,1.85,152,52,93,0.25,0.0%,17.1%,2.4%,14.7%,<a href=https://npb.jp/bis/eng/teams/index_c.html>Hiroshima</a>,CL
Kemna Makoto,43,4,0,0,14,0,0,172,39.1,37,1,37,18,1,3,1,21,14,3.20,3.15,3.70,1.40,99,90,103,0.05,0.6%,21.5%,10.5%,11.0%,<a href=https://npb.jp/bis/eng/teams/index_c.html>Hiroshima</a>,CL
Kikuchi Yasunori,8,0,0,0,2,0,0,39,8.0,10,2,6,4,1,1,0,5,5,5.63,6.73,4.29,1.75,56,191,119,-1.10,5.1%,15.4%,10.3%,5.1%,<a href=https://npb.jp/bis/eng/teams/index_c.html>Hiroshima</a>,CL
Kobayashi Tatsuto,1,0,0,0,0,0,0,5,1.0,2,0,0,1,0,0,0,1,1,9.00,6.10,6.80,3.00,35,173,189,2.90,0.0%,0.0%,20.0%,-20.0%,<a href=https://npb.jp/bis/eng/teams/index_c.html>Hiroshima</a>,CL
Kuri Aren,26,6,9,0,0,0,0,609,140.1,147,13,121,53,3,8,1,55,52,3.33,3.89,3.68,1.43,95,111,102,-0.56,2.1%,19.9%,8.7%,11.2%,<a href=https://npb.jp/bis/eng/teams/index_c.html>Hiroshima</a>,CL
Kuribayashi Ryoji,48,0,2,31,6,0,0,185,48.1,22,0,59,15,2,2,1,8,8,1.49,1.72,2.42,0.77,212,49,67,-0.23,0.0%,31.9%,8.1%,23.8%,<a href=https://npb.jp/bis/eng/teams/index_c.html>Hiroshima</a>,CL
Kurohara Takumi,12,0,0,0,1,0,0,44,9.2,11,0,11,4,0,1,0,7,7,6.52,2.38,3.21,1.55,48,68,89,4.14,0.0%,25.0%,9.1%,15.9%,<a href=https://npb.jp/bis/eng/teams/index_c.html>Hiroshima</a>,CL
Matsumoto Ryuya,50,4,2,0,4,0,0,240,55.2,58,5,54,15,1,3,0,23,22,3.56,3.30,3.18,1.31,89,94,88,0.26,2.1%,22.5%,6.2%,16.3%,<a href=https://npb.jp/bis/eng/teams/index_c.html>Hiroshima</a>,CL
Mori Shohei,8,1,0,0,1,0,0,87,19.0,22,1,10,8,0,1,2,5,4,1.89,4.16,4.57,1.58,167,118,127,-2.27,1.1%,11.5%,9.2%,2.3%,<a href=https://npb.jp/bis/eng/teams/index_c.html>Hiroshima</a>,CL
Morishita Masato,27,10,8,0,0,3,2,764,178.2,195,13,133,44,0,8,3,67,63,3.17,3.43,3.64,1.34,99,98,101,-0.26,1.7%,17.4%,5.8%,11.6%,<a href=https://npb.jp/bis/eng/teams/index_c.html>Hiroshima</a>,CL
Moriura Daisuke,51,3,6,0,24,0,0,201,46.1,47,4,48,16,3,3,1,17,17,3.30,3.38,3.21,1.36,96,96,89,-0.08,2.0%,23.9%,8.0%,15.9%,<a href=https://npb.jp/bis/eng/teams/index_c.html>Hiroshima</a>,CL
Nakazaki Shota,28,2,5,0,7,0,0,108,23.2,27,6,18,10,3,1,0,19,17,6.46,6.27,4.06,1.56,49,178,113,0.19,5.6%,16.7%,9.3%,7.4%,<a href=https://npb.jp/bis/eng/teams/index_c.html>Hiroshima</a>,CL
Nomura Yusuke,9,2,3,0,0,0,0,191,41.1,55,4,18,14,1,0,0,27,24,5.23,4.51,4.59,1.67,60,128,127,0.72,2.1%,9.4%,7.3%,2.1%,<a href=https://npb.jp/bis/eng/teams/index_c.html>Hiroshima</a>,CL
Ohmichi Haruki,3,0,1,0,0,0,0,53,12.0,16,5,8,3,0,1,1,9,9,6.75,8.19,3.86,1.58,47,233,107,-1.44,9.4%,15.1%,5.7%,9.4%,<a href=https://npb.jp/bis/eng/teams/index_c.html>Hiroshima</a>,CL
Ohsera Daichi,23,8,9,0,0,3,2,583,135.1,156,18,97,27,2,2,0,73,71,4.72,4.04,3.60,1.35,67,115,100,0.68,3.1%,16.6%,4.6%,12.0%,<a href=https://npb.jp/bis/eng/teams/index_c.html>Hiroshima</a>,CL
Shimauchi Sotaro,22,0,3,0,7,0,0,91,19.0,21,2,20,11,1,1,2,13,8,3.79,4.26,3.81,1.68,83,121,106,-0.47,2.2%,22.0%,12.1%,9.9%,<a href=https://npb.jp/bis/eng/teams/index_c.html>Hiroshima</a>,CL
Tamamura Shogo,9,2,2,0,0,0,0,188,43.2,46,2,21,13,0,1,0,19,19,3.92,3.70,4.37,1.35,80,105,121,0.22,1.1%,11.2%,6.9%,4.3%,<a href=https://npb.jp/bis/eng/teams/index_c.html>Hiroshima</a>,CL
Tokoda Hiroki,17,8,6,0,0,1,1,446,114.0,87,10,74,28,2,4,2,36,36,2.84,3.79,3.77,1.01,111,108,105,-0.95,2.2%,16.6%,6.3%,10.3%,<a href=https://npb.jp/bis/eng/teams/index_c.html>Hiroshima</a>,CL
Turley Nik,45,2,4,0,14,0,0,155,37.2,26,7,32,16,2,2,2,14,13,3.11,5.25,3.77,1.12,101,149,105,-2.14,4.5%,20.6%,10.3%,10.3%,<a href=https://npb.jp/bis/eng/teams/index_c.html>Hiroshima</a>,CL
Yabuta Kazuki,18,1,0,0,1,0,0,103,24.0,19,2,16,14,0,1,1,11,11,4.13,4.73,4.61,1.38,76,134,128,-0.60,1.9%,15.5%,13.6%,1.9%,<a href=https://npb.jp/bis/eng/teams/index_c.html>Hiroshima</a>,CL
Yasaki Takuya,47,2,0,1,17,0,0,204,49.1,35,2,51,25,1,0,2,12,10,1.82,3.08,3.53,1.22,173,88,98,-1.26,1.0%,25.0%,12.3%,12.7%,<a href=https://npb.jp/bis/eng/teams/index_c.html>Hiroshima</a>,CL
Ariyoshi Yuki,1,0,1,0,0,0,0,18,4.0,4,0,1,1,0,1,0,3,3,6.75,4.10,4.80,1.25,50,109,133,2.65,0.0%,5.6%,5.6%,0.0%,<a href=https://npb.jp/bis/eng/teams/index_db.html>DeNA</a>,CL
Azuma Katsuki,12,1,6,0,0,0,0,229,50.2,67,5,41,10,0,2,1,30,26,4.62,3.48,3.45,1.52,73,92,96,1.14,2.2%,17.9%,4.4%,13.5%,<a href=https://npb.jp/bis/eng/teams/index_db.html>DeNA</a>,CL
Escobar Edwin,70,4,2,2,34,0,0,268,63.1,48,4,51,29,2,5,0,17,17,2.42,3.92,3.98,1.22,140,104,111,-1.50,1.5%,19.0%,10.8%,8.2%,<a href=https://npb.jp/bis/eng/teams/index_db.html>DeNA</a>,CL
Gsellman Robert,4,1,1,0,0,0,0,81,20.1,15,1,12,6,0,2,0,6,6,2.66,3.74,4.06,1.03,127,99,113,-1.08,1.2%,14.8%,7.4%,7.4%,<a href=https://npb.jp/bis/eng/teams/index_db.html>DeNA</a>,CL
Hamaguchi Haruhiro,19,8,7,0,0,0,0,464,112.1,104,8,88,33,1,2,3,42,42,3.36,3.40,3.61,1.22,101,90,100,-0.04,1.7%,19.0%,7.1%,11.9%,<a href=https://npb.jp/bis/eng/teams/index_db.html>DeNA</a>,CL
Hirata Shingo,47,4,3,0,10,0,0,180,42.0,47,5,39,8,0,2,0,21,20,4.29,3.51,3.08,1.31,79,93,86,0.78,2.8%,21.7%,4.4%,17.3%,<a href=https://npb.jp/bis/eng/teams/index_db.html>DeNA</a>,CL
Ikeya Sota,6,1,0,0,0,0,0,26,5.1,3,1,7,7,0,0,0,2,2,3.38,6.85,4.80,1.88,100,182,133,-3.47,3.8%,26.9%,26.9%,0.0%,<a href=https://npb.jp/bis/eng/teams/index_db.html>DeNA</a>,CL
Imanaga Shota,21,11,4,0,0,3,2,560,143.2,106,14,132,29,1,3,3,37,36,2.26,3.20,2.96,0.94,150,85,82,-0.94,2.5%,23.6%,5.2%,18.4%,<a href=https://npb.jp/bis/eng/teams/index_db.html>DeNA</a>,CL
Irie Taisei,57,5,1,0,10,0,0,262,63.0,49,4,69,26,2,1,2,23,21,3.00,3.02,3.16,1.19,113,80,88,-0.02,1.5%,26.3%,9.9%,16.4%,<a href=https://npb.jp/bis/eng/teams/index_db.html>DeNA</a>,CL
Ise Hiromu,71,3,3,1,39,0,0,269,68.0,52,1,69,17,4,5,2,14,13,1.72,2.24,2.87,1.01,197,59,80,-0.52,0.4%,25.7%,6.3%,19.4%,<a href=https://npb.jp/bis/eng/teams/index_db.html>DeNA</a>,CL
Ishida Kenta,15,7,4,0,0,0,0,337,82.1,67,8,68,26,3,1,3,30,27,2.95,3.70,3.55,1.13,115,98,99,-0.75,2.4%,20.2%,7.7%,12.5%,<a href=https://npb.jp/bis/eng/teams/index_db.html>DeNA</a>,CL
Ishikawa Tatsuya,3,0,0,0,0,0,0,28,5.1,4,1,3,7,0,1,0,5,5,8.44,8.92,6.23,2.06,40,236,173,-0.48,3.6%,10.7%,25.0%,-14.3%,<a href=https://npb.jp/bis/eng/teams/index_db.html>DeNA</a>,CL
Kamichatani Taiga,13,3,6,0,0,1,1,278,66.2,65,8,49,17,3,2,0,40,35,4.73,4.05,3.65,1.23,71,107,101,0.68,2.9%,17.6%,6.1%,11.5%,<a href=https://npb.jp/bis/eng/teams/index_db.html>DeNA</a>,CL
Kriske Brooks,18,1,1,1,4,0,0,89,21.0,15,2,26,13,0,0,3,7,6,2.57,3.72,3.34,1.33,132,99,93,-1.15,2.2%,29.2%,14.6%,14.6%,<a href=https://npb.jp/bis/eng/teams/index_db.html>DeNA</a>,CL
Kyoyama Masaya,17,2,2,0,1,0,0,254,55.2,56,4,39,30,0,5,7,24,20,3.23,4.52,4.45,1.54,105,120,124,-1.29,1.6%,15.4%,11.8%,3.6%,<a href=https://npb.jp/bis/eng/teams/index_db.html>DeNA</a>,CL
Mikami Tomoya,19,0,0,0,0,0,0,106,24.2,28,3,19,8,2,1,0,10,10,3.65,4.24,3.76,1.46,93,112,104,-0.59,2.8%,17.9%,7.5%,10.4%,<a href=https://npb.jp/bis/eng/teams/index_db.html>DeNA</a>,CL
Mishima Kazuki,13,2,2,1,5,0,0,50,12.2,8,1,11,6,1,0,0,4,4,2.84,3.81,3.80,1.11,119,101,106,-0.97,2.0%,22.0%,12.0%,10.0%,<a href=https://npb.jp/bis/eng/teams/index_db.html>DeNA</a>,CL
Miura Ginji,6,0,0,0,0,0,0,42,8.1,16,2,8,1,0,0,0,10,10,10.80,4.66,3.13,2.04,31,124,87,6.14,4.8%,19.0%,2.4%,16.6%,<a href=https://npb.jp/bis/eng/teams/index_db.html>DeNA</a>,CL
Miyaguni Ryosuke,17,0,0,0,2,0,0,103,20.2,35,6,13,5,0,1,1,20,20,8.71,6.49,4.02,1.94,39,172,112,2.22,5.8%,12.6%,4.9%,7.7%,<a href=https://npb.jp/bis/eng/teams/index_db.html>DeNA</a>,CL
Morihara Kohei,6,0,0,0,0,0,0,24,6.0,6,2,8,0,0,0,0,4,4,6.00,4.77,1.47,1.00,56,126,41,1.23,8.3%,33.3%,0.0%,33.3%,<a href=https://npb.jp/bis/eng/teams/index_db.html>DeNA</a>,CL
Nakagawa Koh,8,0,0,0,0,0,0,46,10.1,8,1,11,7,0,1,0,5,5,4.35,4.55,3.93,1.45,78,121,109,-0.20,2.2%,23.9%,15.2%,8.7%,<a href=https://npb.jp/bis/eng/teams/index_db.html>DeNA</a>,CL
Ohnuki Shinichi,24,11,8,0,0,0,0,562,136.2,126,13,118,36,2,8,4,48,42,2.77,3.58,3.34,1.19,122,95,93,-0.81,2.3%,21.0%,6.4%,14.6%,<a href=https://npb.jp/bis/eng/teams/index_db.html>DeNA</a>,CL
Peoples Michael,3,0,2,0,0,0,0,18,3.0,9,0,4,1,0,0,0,5,5,15.00,1.44,3.13,3.33,23,38,87,13.56,0.0%,22.2%,5.6%,16.6%,<a href=https://npb.jp/bis/eng/teams/index_db.html>DeNA</a>,CL
Romero Fernando,23,6,8,0,0,0,0,420,92.1,100,8,54,35,1,9,5,59,50,4.87,4.49,4.35,1.46,69,119,121,0.38,1.9%,12.9%,8.3%,4.6%,<a href=https://npb.jp/bis/eng/teams/index_db.html>DeNA</a>,CL
Sakaguchi Kousuke,1,0,0,0,0,0,0,14,3.0,4,1,2,1,0,0,0,3,3,9.00,7.10,4.09,1.67,38,188,114,1.90,7.1%,14.3%,7.1%,7.2%,<a href=https://npb.jp/bis/eng/teams/index_db.html>DeNA</a>,CL
Sakamoto Yuya,15,0,5,0,0,0,0,212,48.0,52,9,28,21,0,3,1,33,33,6.19,5.87,4.47,1.52,55,156,124,0.32,4.2%,13.2%,9.9%,3.3%,<a href=https://npb.jp/bis/eng/teams/index_db.html>DeNA</a>,CL
Sunada Yoshiki,15,0,0,0,0,0,0,62,12.2,17,2,8,5,1,1,0,9,8,5.68,5.31,4.32,1.74,60,141,120,0.37,3.2%,12.9%,8.1%,4.8%,<a href=https://npb.jp/bis/eng/teams/index_db.html>DeNA</a>,CL
Tanaka Kenjiro,47,3,0,0,13,0,0,160,37.2,31,5,25,14,2,2,1,14,11,2.63,4.78,4.11,1.19,129,127,114,-2.15,3.1%,15.6%,8.8%,6.8%,<a href=https://npb.jp/bis/eng/teams/index_db.html>DeNA</a>,CL
Yamasaki Yasuaki,56,0,2,37,3,0,0,197,54.1,29,4,42,9,1,0,1,9,8,1.33,3.01,3.12,0.70,254,80,87,-1.68,2.0%,21.3%,4.6%,16.7%,<a href=https://npb.jp/bis/eng/teams/index_db.html>DeNA</a>,CL
Akahoshi Yuji,31,5,5,0,5,0,0,347,78.0,81,8,52,32,1,4,0,50,35,4.04,4.49,4.22,1.45,83,120,117,-0.45,2.3%,15.0%,9.2%,5.8%,<a href=https://npb.jp/bis/eng/teams/index_g.html>Yomiuri</a>,CL
Andriese Matt,5,0,2,0,0,0,0,87,18.2,28,3,18,4,0,1,0,11,10,4.82,4.07,3.19,1.71,69,109,89,0.75,3.4%,20.7%,4.6%,16.1%,<a href=https://npb.jp/bis/eng/teams/index_g.html>Yomiuri</a>,CL
De La Rosa Rubby,30,0,0,1,11,0,0,108,27.1,18,2,24,10,0,2,0,9,7,2.30,3.62,3.50,1.02,146,97,97,-1.32,1.9%,22.2%,9.3%,12.9%,<a href=https://npb.jp/bis/eng/teams/index_g.html>Yomiuri</a>,CL
Hatake Seishu,27,3,0,1,5,0,0,122,28.2,22,3,22,14,2,0,1,11,10,3.14,4.39,4.14,1.26,107,117,115,-1.25,2.5%,18.0%,11.5%,6.5%,<a href=https://npb.jp/bis/eng/teams/index_g.html>Yomiuri</a>,CL
Heinai Ryuta,53,4,4,0,13,0,0,213,50.0,53,4,39,13,0,3,2,26,24,4.32,3.54,3.58,1.32,78,95,99,0.78,1.9%,18.3%,6.1%,12.2%,<a href=https://npb.jp/bis/eng/teams/index_g.html>Yomiuri</a>,CL
Hotta Kenshin,8,2,3,0,0,0,0,150,34.1,38,5,24,16,1,1,0,24,24,6.29,5.08,4.27,1.57,53,136,119,1.21,3.3%,16.0%,10.7%,5.3%,<a href=https://npb.jp/bis/eng/teams/index_g.html>Yomiuri</a>,CL
Imamura Nobutaka,55,2,4,0,21,0,0,227,53.0,45,3,34,22,1,4,1,24,21,3.57,4.03,4.27,1.26,94,108,119,-0.46,1.3%,15.0%,9.7%,5.3%,<a href=https://npb.jp/bis/eng/teams/index_g.html>Yomiuri</a>,CL
Inoh Shoichi,7,1,0,0,1,0,0,22,5.0,5,0,4,2,0,0,1,1,1,1.80,2.70,3.89,1.40,186,72,108,-0.90,0.0%,18.2%,9.1%,9.1%,<a href=https://npb.jp/bis/eng/teams/index_g.html>Yomiuri</a>,CL
Inoue Haruto,7,1,1,0,0,0,0,106,24.0,28,4,27,7,0,0,0,18,16,6.00,3.89,2.91,1.46,56,104,81,2.11,3.8%,25.5%,6.6%,18.9%,<a href=https://npb.jp/bis/eng/teams/index_g.html>Yomiuri</a>,CL
Kagiya Yohei,21,2,0,0,3,0,0,74,17.0,21,4,9,5,0,0,0,8,7,3.71,5.99,4.26,1.53,90,160,118,-2.28,5.4%,12.2%,6.8%,5.4%,<a href=https://npb.jp/bis/eng/teams/index_g.html>Yomiuri</a>,CL
Kikuchi Taiki,16,0,2,0,0,0,0,82,17.2,16,2,21,13,0,1,2,13,11,5.60,4.57,3.82,1.64,60,122,106,1.03,2.4%,25.6%,15.9%,9.7%,<a href=https://npb.jp/bis/eng/teams/index_g.html>Yomiuri</a>,CL
Krol Ian,21,1,1,1,5,0,0,89,21.0,17,1,15,10,0,1,2,10,9,3.86,3.86,4.24,1.29,87,103,118,0.00,1.1%,16.9%,11.2%,5.7%,<a href=https://npb.jp/bis/eng/teams/index_g.html>Yomiuri</a>,CL
Kuwahara Takuya,49,3,2,0,13,0,0,194,45.1,50,3,30,12,2,1,1,26,26,5.16,3.50,3.87,1.37,65,94,108,1.66,1.5%,15.5%,6.2%,9.3%,<a href=https://npb.jp/bis/eng/teams/index_g.html>Yomiuri</a>,CL
Mercedes CC,20,5,7,0,0,0,0,458,110.1,107,7,74,31,1,3,1,44,39,3.18,3.51,3.86,1.25,105,94,107,-0.33,1.5%,16.2%,6.8%,9.4%,<a href=https://npb.jp/bis/eng/teams/index_g.html>Yomiuri</a>,CL
Naoe Daisuke,9,1,1,0,0,0,0,79,18.2,12,2,16,8,0,3,1,9,7,3.38,4.55,3.79,1.07,99,122,105,-1.17,2.5%,20.3%,10.1%,10.2%,<a href=https://npb.jp/bis/eng/teams/index_g.html>Yomiuri</a>,CL
Ohe Ryusei,3,0,0,0,0,0,0,26,5.1,5,1,5,3,0,1,0,2,1,1.69,5.92,4.03,1.50,198,158,112,-4.23,3.8%,19.2%,11.5%,7.7%,<a href=https://npb.jp/bis/eng/teams/index_g.html>Yomiuri</a>,CL
Ota Taisei,57,1,3,37,8,0,0,221,57.0,38,7,60,13,0,3,1,17,13,2.05,3.44,2.67,0.89,163,92,74,-1.39,3.2%,27.1%,5.9%,21.2%,<a href=https://npb.jp/bis/eng/teams/index_g.html>Yomiuri</a>,CL
Sakurai Toshiki,8,2,0,0,0,0,0,46,8.1,13,3,9,6,0,2,1,13,13,14.04,8.50,4.15,2.28,24,227,115,5.54,6.5%,19.6%,13.0%,6.6%,<a href=https://npb.jp/bis/eng/teams/index_g.html>Yomiuri</a>,CL
Shoemaker Matt,18,4,8,0,0,1,1,406,95.1,92,13,65,30,0,5,1,50,45,4.25,4.61,3.94,1.28,79,123,109,-0.36,3.2%,16.0%,7.4%,8.6%,<a href=https://npb.jp/bis/eng/teams/index_g.html>Yomiuri</a>,CL
Sugano Tomoyuki,23,10,7,0,0,0,0,596,147.0,138,15,104,26,1,6,2,52,51,3.12,3.67,3.49,1.12,107,98,97,-0.55,2.5%,17.4%,4.4%,13.0%,<a href=https://npb.jp/bis/eng/teams/index_g.html>Yomiuri</a>,CL
Takagi Kyosuke,17,0,1,0,2,0,0,86,19.1,19,1,13,8,0,0,1,9,6,2.79,3.67,4.22,1.40,120,98,117,-0.88,1.2%,15.1%,9.3%,5.8%,<a href=https://npb.jp/bis/eng/teams/index_g.html>Yomiuri</a>,CL
Takahashi Yuki,10,1,5,0,0,0,0,130,26.2,34,1,21,18,0,0,1,20,16,5.40,4.04,4.57,1.95,62,108,127,1.36,0.8%,16.2%,13.8%,2.4%,<a href=https://npb.jp/bis/eng/teams/index_g.html>Yomiuri</a>,CL
Takanashi Yuhei,59,2,0,0,25,0,0,195,46.1,32,1,44,19,2,4,1,13,11,2.14,2.97,3.52,1.10,156,79,98,-0.83,0.5%,22.6%,9.7%,12.9%,<a href=https://npb.jp/bis/eng/teams/index_g.html>Yomiuri</a>,CL
Toda Natsuki,14,1,0,0,0,0,0,104,22.0,33,6,15,6,0,1,1,17,16,6.55,6.24,3.93,1.77,51,167,109,0.31,5.8%,14.4%,5.8%,8.6%,<a href=https://npb.jp/bis/eng/teams/index_g.html>Yomiuri</a>,CL
Togo Shosei,25,12,8,0,0,3,1,702,171.2,146,11,154,51,1,8,3,52,50,2.62,3.17,3.33,1.15,128,85,92,-0.55,1.6%,21.9%,7.3%,14.6%,<a href=https://npb.jp/bis/eng/teams/index_g.html>Yomiuri</a>,CL
Tone Chiaki,9,0,0,0,0,0,0,63,14.1,16,4,9,3,0,1,0,8,8,5.02,6.31,3.85,1.33,67,169,107,-1.29,6.3%,14.3%,4.8%,9.5%,<a href=https://npb.jp/bis/eng/teams/index_g.html>Yomiuri</a>,CL
Vieira Thyago,9,0,2,0,0,0,0,39,7.1,9,3,8,8,0,1,0,9,8,9.82,9.92,4.80,2.32,34,266,133,-0.10,7.7%,20.5%,20.5%,0.0%,<a href=https://npb.jp/bis/eng/teams/index_g.html>Yomiuri</a>,CL
Yamaguchi Shun,1,0,0,0,0,0,0,8,2.0,0,0,4,2,0,0,0,0,0,0.00,2.10,2.30,1.00,999,56,64,-2.10,0.0%,50.0%,25.0%,25.0%,<a href=https://npb.jp/bis/eng/teams/index_g.html>Yomiuri</a>,CL
Yamamoto Itsuki,2,0,0,0,0,0,0,10,2.0,2,0,0,1,0,0,0,1,0,0.00,4.60,5.80,1.50,999,123,161,-4.60,0.0%,0.0%,10.0%,-10.0%,<a href=https://npb.jp/bis/eng/teams/index_g.html>Yomiuri</a>,CL
Yamasaki Iori,20,5,5,0,1,0,0,410,97.1,95,6,55,20,1,9,0,37,34,3.14,3.67,3.95,1.18,107,98,110,-0.53,1.5%,13.4%,4.9%,8.5%,<a href=https://npb.jp/bis/eng/teams/index_g.html>Yomiuri</a>,CL
Yokogawa Kai,1,0,1,0,0,0,0,17,3.0,7,0,0,1,0,0,0,5,5,15.00,4.10,5.39,2.67,22,110,150,10.90,0.0%,0.0%,5.9%,-5.9%,<a href=https://npb.jp/bis/eng/teams/index_g.html>Yomiuri</a>,CL
Cole A.J.,34,2,0,0,6,0,0,145,36.0,25,3,32,14,1,1,2,13,11,2.75,3.66,3.56,1.08,125,95,99,-0.91,2.1%,22.1%,9.7%,12.4%,<a href=https://npb.jp/bis/eng/teams/index_s.html>Yakult</a>,CL
Hara Juri,22,8,7,0,0,0,0,476,107.2,132,14,52,32,1,5,1,59,58,4.85,4.86,4.38,1.52,71,126,122,-0.01,2.9%,10.9%,6.7%,4.2%,<a href=https://npb.jp/bis/eng/teams/index_s.html>Yakult</a>,CL
Hoshi Tomoya,7,0,1,0,0,0,0,56,12.1,14,2,12,6,0,1,0,6,6,4.38,4.97,3.73,1.62,79,129,104,-0.59,3.6%,21.4%,10.7%,10.7%,<a href=https://npb.jp/bis/eng/teams/index_s.html>Yakult</a>,CL
Ichikawa Yuta,6,0,0,0,0,0,0,58,12.0,17,1,6,6,0,1,2,10,10,7.50,4.94,4.80,1.92,46,128,133,2.56,1.7%,10.3%,10.3%,0.0%,<a href=https://npb.jp/bis/eng/teams/index_s.html>Yakult</a>,CL
Ishikawa Masanori,16,6,4,0,0,0,0,357,84.0,93,16,39,15,2,3,1,45,42,4.50,5.29,4.13,1.29,77,138,115,-0.79,4.5%,10.9%,4.2%,6.7%,<a href=https://npb.jp/bis/eng/teams/index_s.html>Yakult</a>,CL
Ishiyama Taichi,38,2,0,0,16,0,0,148,36.0,27,0,35,14,2,2,2,7,7,1.75,2.49,3.38,1.14,197,65,94,-0.74,0.0%,23.6%,9.5%,14.1%,<a href=https://npb.jp/bis/eng/teams/index_s.html>Yakult</a>,CL
Kanakubo Yuto,3,1,1,0,0,0,0,43,9.1,13,3,4,2,1,0,0,8,8,7.71,7.07,4.33,1.61,45,184,120,0.64,7.0%,9.3%,4.7%,4.6%,<a href=https://npb.jp/bis/eng/teams/index_s.html>Yakult</a>,CL
Kizawa Naofumi,55,9,3,0,8,0,0,284,70.1,57,3,52,21,1,3,5,28,23,2.94,3.20,3.71,1.11,117,83,103,-0.26,1.1%,18.3%,7.4%,10.9%,<a href=https://npb.jp/bis/eng/teams/index_s.html>Yakult</a>,CL
Konno Ryuta,51,1,2,1,16,0,0,198,46.0,45,4,37,16,1,2,2,22,19,3.72,3.80,3.74,1.33,93,99,104,-0.08,2.0%,18.7%,8.1%,10.6%,<a href=https://npb.jp/bis/eng/teams/index_s.html>Yakult</a>,CL
Kozawa Reiji,10,2,1,0,0,0,0,200,46.0,48,4,44,17,1,6,2,21,21,4.11,3.82,3.45,1.41,84,99,96,0.29,2.0%,22.0%,8.5%,13.5%,<a href=https://npb.jp/bis/eng/teams/index_s.html>Yakult</a>,CL
Kubo Takuma,29,1,0,0,7,0,0,107,26.2,19,1,19,13,2,2,1,8,8,2.70,3.85,4.24,1.20,128,100,118,-1.15,0.9%,17.8%,12.1%,5.7%,<a href=https://npb.jp/bis/eng/teams/index_s.html>Yakult</a>,CL
McGough Scott,55,2,2,38,4,0,0,215,53.2,39,5,59,13,2,1,2,16,14,2.35,2.90,2.66,0.97,147,75,74,-0.55,2.3%,27.4%,6.0%,21.4%,<a href=https://npb.jp/bis/eng/teams/index_s.html>Yakult</a>,CL
Miyadai Kohei,2,0,0,0,0,0,0,12,2.1,4,0,4,1,0,0,1,5,5,19.29,0.96,2.30,2.14,18,25,64,18.33,0.0%,33.3%,8.3%,25.0%,<a href=https://npb.jp/bis/eng/teams/index_s.html>Yakult</a>,CL
Ogawa Yasuhiro,25,8,8,0,0,1,1,621,153.1,145,16,91,32,1,3,2,50,48,2.82,3.96,3.85,1.15,122,103,107,-1.14,2.6%,14.7%,5.2%,9.5%,<a href=https://npb.jp/bis/eng/teams/index_s.html>Yakult</a>,CL
Ohnishi Hiroki,43,3,2,0,3,0,0,260,58.2,74,8,42,15,4,2,1,34,29,4.45,4.31,3.76,1.52,77,112,104,0.14,3.1%,16.2%,5.8%,10.4%,<a href=https://npb.jp/bis/eng/teams/index_s.html>Yakult</a>,CL
Ohshita Yuma,10,0,0,0,1,0,0,62,15.0,16,4,11,3,0,0,0,10,7,4.20,5.70,3.51,1.27,82,148,97,-1.50,6.5%,17.7%,4.8%,12.9%,<a href=https://npb.jp/bis/eng/teams/index_s.html>Yakult</a>,CL
Okugawa Yasunobu,1,0,0,0,0,0,0,15,4.0,2,1,3,1,0,0,0,1,1,2.25,5.60,3.47,0.75,153,146,96,-3.35,6.7%,20.0%,6.7%,13.3%,<a href=https://npb.jp/bis/eng/teams/index_s.html>Yakult</a>,CL
Sakamoto Koshiro,7,0,1,0,0,0,0,59,10.2,15,4,11,9,0,1,2,14,11,9.28,8.73,4.46,2.25,37,227,124,0.55,6.8%,18.6%,15.3%,3.3%,<a href=https://npb.jp/bis/eng/teams/index_s.html>Yakult</a>,CL
Shibata Daichi,1,0,0,0,0,0,0,10,1.0,5,0,2,1,0,0,1,5,1,9.00,2.10,3.80,6.00,38,55,106,6.90,0.0%,20.0%,10.0%,10.0%,<a href=https://npb.jp/bis/eng/teams/index_s.html>Yakult</a>,CL
Shimizu Noboru,50,5,4,0,28,0,0,173,46.2,23,1,43,14,3,1,0,6,6,1.16,2.50,3.12,0.79,297,65,87,-1.34,0.6%,24.9%,8.1%,16.8%,<a href=https://npb.jp/bis/eng/teams/index_s.html>Yakult</a>,CL
Sneed Cy,23,9,6,0,0,0,0,553,132.1,140,17,96,26,0,5,3,66,52,3.54,4.02,3.53,1.25,97,105,98,-0.48,3.1%,17.4%,4.7%,12.7%,<a href=https://npb.jp/bis/eng/teams/index_s.html>Yakult</a>,CL
Suarez Andrew,6,0,0,0,0,0,0,102,21.2,27,4,16,7,0,0,2,17,15,6.23,5.00,3.92,1.57,55,130,109,1.23,3.9%,15.7%,6.9%,8.8%,<a href=https://npb.jp/bis/eng/teams/index_s.html>Yakult</a>,CL
Sugiyama Koki,1,0,0,0,0,0,0,4,0.2,2,0,0,0,0,0,0,0,0,0.00,3.10,4.80,3.00,999,81,133,-3.10,0.0%,0.0%,0.0%,0.0%,<a href=https://npb.jp/bis/eng/teams/index_s.html>Yakult</a>,CL
Taguchi Kazuto,45,1,1,2,18,0,0,143,36.0,30,0,31,8,2,3,1,7,5,1.25,2.30,3.19,1.06,276,60,89,-1.05,0.0%,21.7%,5.6%,16.1%,<a href=https://npb.jp/bis/eng/teams/index_s.html>Yakult</a>,CL
Takahashi Keiji,17,8,2,0,0,2,1,416,102.2,75,9,113,37,3,9,1,32,30,2.63,3.39,2.97,1.09,131,88,82,-0.76,2.2%,27.2%,8.9%,18.3%,<a href=https://npb.jp/bis/eng/teams/index_s.html>Yakult</a>,CL
Takanashi Hirotoshi,20,7,9,0,0,1,1,447,102.2,103,11,84,41,1,6,2,51,49,4.30,4.23,3.84,1.40,80,110,107,0.07,2.5%,18.8%,9.2%,9.6%,<a href=https://npb.jp/bis/eng/teams/index_s.html>Yakult</a>,CL
Takeyama Hyuga,1,0,0,0,0,0,0,3,1.0,0,0,1,0,0,0,0,0,0,0.00,1.10,1.47,0.00,999,29,41,-1.10,0.0%,33.3%,0.0%,33.3%,<a href=https://npb.jp/bis/eng/teams/index_s.html>Yakult</a>,CL
Umeno Yugo,41,4,3,0,16,0,0,168,39.0,37,6,26,15,2,1,3,15,13,3.00,5.00,4.15,1.33,115,130,115,-2.00,3.6%,15.5%,8.9%,6.6%,<a href=https://npb.jp/bis/eng/teams/index_s.html>Yakult</a>,CL
Yamamoto Daiki,5,0,0,0,0,0,0,27,5.2,10,3,4,1,0,0,0,5,5,7.94,9.10,3.69,1.94,43,237,102,-1.16,11.1%,14.8%,3.7%,11.1%,<a href=https://npb.jp/bis/eng/teams/index_s.html>Yakult</a>,CL
Yamashita Hikaru,2,1,1,0,0,0,0,54,12.1,14,0,3,5,0,1,0,2,2,1.46,4.08,5.17,1.54,236,106,144,-2.62,0.0%,5.6%,9.3%,-3.7%,<a href=https://npb.jp/bis/eng/teams/index_s.html>Yakult</a>,CL
Yoshida Daiki,2,0,1,0,0,0,0,44,9.0,14,1,7,5,0,0,0,3,3,3.00,4.66,4.35,2.11,115,121,121,-1.66,2.3%,15.9%,11.4%,4.5%,<a href=https://npb.jp/bis/eng/teams/index_s.html>Yakult</a>,CL
Fujishima Kento,50,2,1,0,10,0,0,201,50.2,39,3,43,11,0,1,0,12,12,2.13,2.89,3.21,0.99,144,84,89,-0.76,1.5%,21.4%,5.5%,15.9%,<a href=https://npb.jp/bis/eng/teams/index_d.html>Chunichi</a>,CL
Fuku Hiroto,36,2,2,0,3,0,0,123,27.2,25,3,25,12,2,2,1,15,14,4.55,4.22,3.74,1.34,68,123,104,0.33,2.4%,20.3%,9.8%,10.5%,<a href=https://npb.jp/bis/eng/teams/index_d.html>Chunichi</a>,CL
Fukutani Koji,5,1,3,0,0,0,0,119,23.0,42,3,14,9,0,0,4,27,23,9.00,4.76,4.38,2.22,34,139,122,4.24,2.5%,11.8%,7.6%,4.2%,<a href=https://npb.jp/bis/eng/teams/index_d.html>Chunichi</a>,CL
Hashimoto Yuki,4,0,0,0,0,0,0,39,8.1,12,2,5,3,0,3,0,9,9,9.72,7.18,4.29,1.80,32,210,119,2.54,5.1%,12.8%,7.7%,5.1%,<a href=https://npb.jp/bis/eng/teams/index_d.html>Chunichi</a>,CL
Ishida KentoMarc,2,0,0,0,0,0,0,15,3.0,5,0,0,2,0,0,0,4,4,12.00,5.10,6.13,2.33,26,149,170,6.90,0.0%,0.0%,13.3%,-13.3%,<a href=https://npb.jp/bis/eng/teams/index_d.html>Chunichi</a>,CL
Iwasaki Sho,1,0,0,0,0,0,0,1,0.0,0,0,0,1,0,0,0,1,1,,,14.80,,0,,411,,0.0%,0.0%,100.0%,-100.0%,<a href=https://npb.jp/bis/eng/teams/index_d.html>Chunichi</a>,CL
Kasahara Shotaro,4,1,2,0,0,0,0,75,17.0,18,4,8,9,1,1,0,10,10,5.29,6.99,4.93,1.59,58,204,137,-1.70,5.3%,10.7%,12.0%,-1.3%,<a href=https://npb.jp/bis/eng/teams/index_d.html>Chunichi</a>,CL
Katsuno Akiyoshi,8,0,4,0,0,0,0,183,43.2,46,6,36,13,0,1,0,24,22,4.53,4.20,3.54,1.35,68,123,98,0.33,3.3%,19.7%,7.1%,12.6%,<a href=https://npb.jp/bis/eng/teams/index_d.html>Chunichi</a>,CL
Martinez Raidel,56,4,3,39,5,0,0,213,55.2,30,2,62,12,2,4,0,6,6,0.97,2.20,2.45,0.75,317,64,68,-1.23,0.9%,29.1%,5.6%,23.5%,<a href=https://npb.jp/bis/eng/teams/index_d.html>Chunichi</a>,CL
Matsuba Takahiro,19,6,7,0,0,0,0,404,100.0,96,4,51,18,2,2,0,38,37,3.33,3.20,3.98,1.14,92,93,111,0.13,1.0%,12.6%,4.5%,8.1%,<a href=https://npb.jp/bis/eng/teams/index_d.html>Chunichi</a>,CL
Mori Hiroto,30,1,0,0,0,0,0,133,30.1,29,4,23,14,1,3,1,9,9,2.67,4.98,4.12,1.42,115,145,114,-2.31,3.0%,17.3%,10.5%,6.8%,<a href=https://npb.jp/bis/eng/teams/index_d.html>Chunichi</a>,CL
Neo Akira,25,0,0,0,1,0,0,124,29.0,23,2,22,12,1,3,1,12,11,3.41,4.03,3.99,1.21,90,118,111,-0.62,1.6%,17.7%,9.7%,8.0%,<a href=https://npb.jp/bis/eng/teams/index_d.html>Chunichi</a>,CL
Ogasawara Shinnosuke,22,10,8,0,0,0,0,592,146.2,127,9,142,39,1,1,4,47,45,2.76,2.78,3.06,1.13,111,81,85,-0.02,1.5%,24.0%,6.6%,17.4%,<a href=https://npb.jp/bis/eng/teams/index_d.html>Chunichi</a>,CL
Ohno Yudai,23,8,8,0,0,4,2,625,157.0,126,7,108,37,1,6,1,50,43,2.46,3.13,3.66,1.04,125,91,102,-0.67,1.1%,17.3%,5.9%,11.4%,<a href=https://npb.jp/bis/eng/teams/index_d.html>Chunichi</a>,CL
Okada Toshiya,2,0,2,0,0,0,0,29,6.0,9,1,5,4,0,0,0,6,6,9.00,5.60,4.46,2.17,34,163,124,3.40,3.4%,17.2%,13.8%,3.4%,<a href=https://npb.jp/bis/eng/teams/index_d.html>Chunichi</a>,CL
Okano Yuichiro,4,1,3,0,0,0,0,64,12.1,20,3,7,7,0,1,1,17,17,12.41,7.08,4.80,2.19,25,207,133,5.33,4.7%,10.9%,10.9%,0.0%,<a href=https://npb.jp/bis/eng/teams/index_d.html>Chunichi</a>,CL
Rodriguez Yariel,56,6,2,0,39,0,0,218,54.2,32,0,60,18,2,4,1,9,7,1.15,2.12,2.87,0.91,267,62,80,-0.97,0.0%,27.5%,8.3%,19.2%,<a href=https://npb.jp/bis/eng/teams/index_d.html>Chunichi</a>,CL
Satoh Yu,4,0,0,0,0,0,0,21,4.0,7,1,3,2,0,0,0,5,5,11.25,6.35,4.32,2.25,27,185,120,4.90,4.8%,14.3%,9.5%,4.8%,<a href=https://npb.jp/bis/eng/teams/index_d.html>Chunichi</a>,CL
Shimizu Tatsuya,54,3,3,1,32,0,0,194,50.1,28,1,51,17,1,1,2,17,17,3.04,2.41,3.05,0.89,101,70,85,0.63,0.5%,26.3%,8.8%,17.5%,<a href=https://npb.jp/bis/eng/teams/index_d.html>Chunichi</a>,CL
Sobue Daisuke,46,4,3,1,17,0,0,179,42.2,42,3,32,13,2,1,1,21,18,3.80,3.50,3.74,1.29,81,102,104,0.30,1.7%,17.9%,7.3%,10.6%,<a href=https://npb.jp/bis/eng/teams/index_d.html>Chunichi</a>,CL
Suzuki Hiroshi,3,0,1,0,1,0,0,55,13.0,11,0,9,5,0,1,0,6,6,4.15,3.10,4.07,1.23,74,90,113,1.05,0.0%,16.4%,9.1%,7.3%,<a href=https://npb.jp/bis/eng/teams/index_d.html>Chunichi</a>,CL
Tajima Shinji,21,0,0,0,1,0,0,97,21.2,22,2,9,8,0,1,1,13,11,4.57,4.72,4.70,1.38,67,138,131,-0.15,2.1%,9.3%,8.2%,1.1%,<a href=https://npb.jp/bis/eng/teams/index_d.html>Chunichi</a>,CL
Takahashi Hiroto,19,6,7,0,0,0,0,462,116.2,79,8,134,42,3,4,1,34,32,2.47,2.88,2.81,1.04,124,84,78,-0.41,1.7%,29.0%,9.1%,19.9%,<a href=https://npb.jp/bis/eng/teams/index_d.html>Chunichi</a>,CL
Tanimoto Keisuke,34,0,0,1,6,0,0,134,31.0,30,3,21,12,4,0,0,9,9,2.61,4.17,4.13,1.35,118,122,115,-1.56,2.2%,15.7%,9.0%,6.7%,<a href=https://npb.jp/bis/eng/teams/index_d.html>Chunichi</a>,CL
Tavarez Yohan,3,0,0,0,0,0,0,15,3.0,4,0,4,2,0,1,0,2,2,6.00,3.44,3.47,2.00,51,100,96,2.56,0.0%,26.7%,13.3%,13.4%,<a href=https://npb.jp/bis/eng/teams/index_d.html>Chunichi</a>,CL
Ueda Kotaro,8,1,5,0,0,0,0,169,41.1,34,2,33,17,1,3,1,15,13,2.83,3.59,3.85,1.23,109,105,107,-0.76,1.2%,19.5%,10.1%,9.4%,<a href=https://npb.jp/bis/eng/teams/index_d.html>Chunichi</a>,CL
Yamamoto Takumi,30,1,0,0,4,0,0,131,30.0,24,2,19,17,1,1,1,13,12,3.60,4.50,4.65,1.37,85,131,129,-0.90,1.5%,14.5%,13.0%,1.5%,<a href=https://npb.jp/bis/eng/teams/index_d.html>Chunichi</a>,CL
Yanagi Yuya,25,9,11,0,0,3,1,648,153.1,154,17,124,37,1,5,8,64,62,3.64,3.75,3.46,1.25,84,109,96,-0.11,2.6%,19.1%,5.7%,13.4%,<a href=https://npb.jp/bis/eng/teams/index_d.html>Chunichi</a>,CL
Abe Shota,44,1,0,3,22,0,0,166,44.0,22,1,42,10,2,2,0,3,3,0.61,2.31,2.87,0.73,520,65,80,-1.70,0.6%,25.3%,6.0%,19.3%,<a href=https://npb.jp/bis/eng/teams/index_b.html>ORIX</a>,PL
Azuma Kohei,4,1,0,0,0,0,0,60,13.0,17,1,7,5,1,1,0,8,7,4.85,4.41,4.47,1.69,65,125,124,0.44,1.7%,11.7%,8.3%,3.4%,<a href=https://npb.jp/bis/eng/teams/index_b.html>ORIX</a>,PL
Biddle Jesse,35,4,5,0,13,0,0,184,40.1,36,4,45,20,1,7,2,20,18,4.02,4.17,3.44,1.39,79,118,96,-0.15,2.2%,24.5%,10.9%,13.6%,<a href=https://npb.jp/bis/eng/teams/index_b.html>ORIX</a>,PL
Cho Yaku,15,0,0,0,0,0,0,101,22.2,23,0,20,10,0,2,0,9,6,2.38,2.93,3.81,1.46,133,83,106,-0.55,0.0%,19.8%,9.9%,9.9%,<a href=https://npb.jp/bis/eng/teams/index_b.html>ORIX</a>,PL
Higa Motoki,30,5,0,1,5,0,0,85,21.1,20,1,24,2,0,2,0,7,6,2.53,2.02,2.21,1.03,125,57,61,0.51,1.2%,28.2%,2.4%,25.8%,<a href=https://npb.jp/bis/eng/teams/index_b.html>ORIX</a>,PL
Hirano Yoshihisa,48,3,2,28,8,0,0,175,46.0,25,3,42,12,0,2,1,8,8,1.57,3.04,3.09,0.80,202,86,86,-1.47,1.7%,24.0%,6.9%,17.1%,<a href=https://npb.jp/bis/eng/teams/index_b.html>ORIX</a>,PL
Honda Hitomi,42,2,3,2,14,0,0,186,43.2,39,3,40,16,1,4,1,18,17,3.50,3.54,3.51,1.26,91,100,97,-0.04,1.6%,21.5%,8.6%,12.9%,<a href=https://npb.jp/bis/eng/teams/index_b.html>ORIX</a>,PL
Kogita Atsuya,16,0,0,0,5,0,0,63,14.1,16,1,13,6,0,0,1,5,5,3.14,3.45,3.69,1.53,101,98,102,-0.31,1.6%,20.6%,9.5%,11.1%,<a href=https://npb.jp/bis/eng/teams/index_b.html>ORIX</a>,PL
Kondoh Taisuke,32,1,4,2,15,0,0,121,30.0,25,3,27,7,1,1,1,7,7,2.10,3.40,3.15,1.07,151,96,88,-1.30,2.5%,22.3%,5.8%,16.5%,<a href=https://npb.jp/bis/eng/teams/index_b.html>ORIX</a>,PL
Kuroki Yuta,27,2,2,1,5,0,0,106,26.2,20,3,21,9,0,0,2,8,7,2.36,4.00,3.67,1.09,134,113,102,-1.64,2.8%,19.8%,8.5%,11.3%,<a href=https://npb.jp/bis/eng/teams/index_b.html>ORIX</a>,PL
Masui Hirotoshi,2,0,2,0,0,0,0,42,9.1,13,0,11,4,0,0,2,4,4,3.86,2.03,3.13,1.82,82,57,87,1.83,0.0%,26.2%,9.5%,16.7%,<a href=https://npb.jp/bis/eng/teams/index_b.html>ORIX</a>,PL
Miyagi Hiroya,24,11,8,0,0,2,1,612,148.1,137,11,127,30,1,6,0,57,52,3.16,3.08,3.22,1.13,100,87,89,0.08,1.8%,20.8%,4.9%,15.9%,<a href=https://npb.jp/bis/eng/teams/index_b.html>ORIX</a>,PL
Mukunoki Ren,4,2,1,0,0,0,0,69,17.2,8,0,21,8,0,1,2,2,2,1.02,2.25,2.92,0.91,311,64,81,-1.23,0.0%,30.4%,11.6%,18.8%,<a href=https://npb.jp/bis/eng/teams/index_b.html>ORIX</a>,PL
Muranishi Ryota,22,1,1,0,8,0,0,113,24.1,23,4,27,17,3,1,1,13,12,4.44,5.24,3.92,1.64,71,148,109,-0.80,3.5%,23.9%,15.0%,8.9%,<a href=https://npb.jp/bis/eng/teams/index_b.html>ORIX</a>,PL
Nakamura Masaru,3,0,1,0,0,0,0,33,6.1,12,0,4,3,0,1,0,6,6,8.53,3.73,4.50,2.37,37,105,125,4.80,0.0%,12.1%,9.1%,3.0%,<a href=https://npb.jp/bis/eng/teams/index_b.html>ORIX</a>,PL
Nohmi Atsushi,5,0,0,0,1,0,0,15,3.2,2,0,2,2,0,0,0,1,1,2.45,3.65,4.80,1.09,129,103,133,-1.20,0.0%,13.3%,13.3%,0.0%,<a href=https://npb.jp/bis/eng/teams/index_b.html>ORIX</a>,PL
Saitoh Koki,5,0,0,0,0,0,0,24,5.1,7,0,5,1,0,0,0,4,4,6.75,1.79,3.13,1.50,47,51,87,4.96,0.0%,20.8%,4.2%,16.6%,<a href=https://npb.jp/bis/eng/teams/index_b.html>ORIX</a>,PL
Suzuki Kohei,14,0,1,0,2,0,0,51,12.0,12,3,13,3,0,0,2,9,9,6.75,4.94,2.84,1.25,47,140,79,1.81,5.9%,25.5%,5.9%,19.6%,<a href=https://npb.jp/bis/eng/teams/index_b.html>ORIX</a>,PL
Tajima Daiki,20,9,3,0,0,1,1,513,125.0,115,12,92,37,0,2,3,41,37,2.66,3.82,3.73,1.22,119,108,104,-1.16,2.3%,17.9%,7.2%,10.7%,<a href=https://npb.jp/bis/eng/teams/index_b.html>ORIX</a>,PL
Takeyasu Daichi,6,2,0,0,0,0,0,111,26.0,27,1,20,10,0,0,2,13,11,3.81,3.22,3.90,1.42,83,91,108,0.59,0.9%,18.0%,9.0%,9.0%,<a href=https://npb.jp/bis/eng/teams/index_b.html>ORIX</a>,PL
Tomiyama Ryoga,8,0,0,0,3,0,0,38,7.1,10,3,7,3,0,0,0,9,9,11.05,7.74,3.75,1.77,29,219,104,3.31,7.9%,18.4%,7.9%,10.5%,<a href=https://npb.jp/bis/eng/teams/index_b.html>ORIX</a>,PL
Udagawa Yuki,19,2,1,0,3,0,0,87,22.1,10,1,32,12,2,0,0,2,2,0.81,2.43,2.50,0.99,391,69,69,-1.62,1.1%,36.8%,13.8%,23.0%,<a href=https://npb.jp/bis/eng/teams/index_b.html>ORIX</a>,PL
Vargas Cesar,8,0,1,0,2,0,0,66,13.2,18,1,11,8,0,0,0,11,10,6.59,4.20,4.35,1.90,48,119,121,2.39,1.5%,16.7%,12.1%,4.6%,<a href=https://npb.jp/bis/eng/teams/index_b.html>ORIX</a>,PL
Waguespack Jacob,32,2,6,5,7,0,0,309,72.2,63,4,81,29,0,4,1,28,24,2.97,2.95,3.12,1.27,107,83,87,0.02,1.3%,26.2%,9.4%,16.8%,<a href=https://npb.jp/bis/eng/teams/index_b.html>ORIX</a>,PL
Yamada Nobuyoshi,12,1,0,0,2,0,0,44,10.1,11,0,14,4,0,1,1,5,5,4.35,1.84,2.53,1.45,73,52,70,2.51,0.0%,31.8%,9.1%,22.7%,<a href=https://npb.jp/bis/eng/teams/index_b.html>ORIX</a>,PL
Yamamoto Yoshinobu,26,15,5,0,0,4,2,747,193.0,137,6,205,42,0,5,0,42,36,1.68,2.11,2.62,0.93,189,60,73,-0.43,0.8%,27.4%,5.6%,21.8%,<a href=https://npb.jp/bis/eng/teams/index_b.html>ORIX</a>,PL
Yamaoka Taisuke,22,6,8,0,1,2,1,518,128.0,118,6,99,27,0,7,2,42,37,2.60,2.96,3.41,1.13,122,84,95,-0.36,1.2%,19.1%,5.2%,13.9%,<a href=https://npb.jp/bis/eng/teams/index_b.html>ORIX</a>,PL
Yamasaki Sachiya,24,5,8,0,2,0,0,475,114.2,112,13,91,27,0,6,4,58,44,3.45,3.85,3.45,1.21,92,109,96,-0.40,2.7%,19.2%,5.7%,13.5%,<a href=https://npb.jp/bis/eng/teams/index_b.html>ORIX</a>,PL
Yamazaki Soichiro,15,0,2,1,6,0,0,145,36.0,30,2,29,10,1,1,0,15,12,3.00,3.13,3.49,1.11,106,89,97,-0.13,1.4%,20.0%,6.9%,13.1%,<a href=https://npb.jp/bis/eng/teams/index_b.html>ORIX</a>,PL
Yoshida Ryo,6,1,1,0,2,0,0,15,3.1,5,1,3,1,0,0,0,3,3,8.10,6.10,3.47,1.80,39,173,96,2.00,6.7%,20.0%,6.7%,13.3%,<a href=https://npb.jp/bis/eng/teams/index_b.html>ORIX</a>,PL
Azuma Yusuke,3,0,0,0,0,0,0,21,4.0,9,2,1,2,0,0,1,4,3,6.75,10.60,5.28,2.75,50,280,147,-3.85,9.5%,4.8%,9.5%,-4.7%,<a href=https://npb.jp/bis/eng/teams/index_m.html>Lotte</a>,PL
Dohi Seiya,1,1,0,0,0,0,0,6,1.0,2,0,0,1,0,0,0,0,0,0.00,6.10,6.47,3.00,999,161,180,-6.10,0.0%,0.0%,16.7%,-16.7%,<a href=https://npb.jp/bis/eng/teams/index_m.html>Lotte</a>,PL
Futaki Kota,9,2,4,0,0,0,0,208,47.1,48,6,42,20,1,3,4,24,22,4.18,4.43,3.74,1.44,81,117,104,-0.25,2.9%,20.2%,9.6%,10.6%,<a href=https://npb.jp/bis/eng/teams/index_m.html>Lotte</a>,PL
Guerrero Tayron,49,3,3,3,24,0,0,194,46.0,34,2,63,20,1,5,3,19,18,3.52,2.56,2.58,1.17,97,68,72,0.96,1.0%,32.5%,10.3%,22.2%,<a href=https://npb.jp/bis/eng/teams/index_m.html>Lotte</a>,PL
Hirohata Atsuya,30,0,1,0,2,0,0,171,36.2,48,5,29,15,2,2,2,25,20,4.91,4.68,3.98,1.72,69,123,111,0.23,2.9%,17.0%,8.8%,8.2%,<a href=https://npb.jp/bis/eng/teams/index_m.html>Lotte</a>,PL
Ishikawa Ayumu,20,7,7,0,0,0,0,504,123.0,128,12,67,20,3,4,0,48,40,2.93,3.87,3.87,1.20,116,102,108,-0.94,2.4%,13.3%,4.0%,9.3%,<a href=https://npb.jp/bis/eng/teams/index_m.html>Lotte</a>,PL
Iwashita Daiki,14,1,0,0,3,0,0,61,16.1,6,1,9,8,1,0,1,1,1,0.55,4.27,4.64,0.86,618,113,129,-3.72,1.6%,14.8%,13.1%,1.7%,<a href=https://npb.jp/bis/eng/teams/index_m.html>Lotte</a>,PL
Karakawa Yuki,17,2,1,0,8,0,0,63,15.1,14,3,8,2,0,1,0,9,9,5.28,5.19,3.85,1.04,64,137,107,0.09,4.8%,12.7%,3.2%,9.5%,<a href=https://npb.jp/bis/eng/teams/index_m.html>Lotte</a>,PL
Kawamura Tokito,4,2,0,0,0,0,0,82,19.0,18,1,9,10,0,0,1,7,7,3.32,4.42,4.92,1.47,102,117,137,-1.10,1.2%,11.0%,12.2%,-1.2%,<a href=https://npb.jp/bis/eng/teams/index_m.html>Lotte</a>,PL
Kuniyoshi Yuki,6,0,0,0,0,0,0,22,5.0,5,0,4,3,0,0,1,1,1,1.80,3.30,4.35,1.60,189,87,121,-1.50,0.0%,18.2%,13.6%,4.6%,<a href=https://npb.jp/bis/eng/teams/index_m.html>Lotte</a>,PL
Masuda Naoya,52,1,2,25,8,0,0,224,52.0,46,6,47,19,3,3,8,21,19,3.29,4.06,3.55,1.25,103,107,99,-0.77,2.7%,21.0%,8.5%,12.5%,<a href=https://npb.jp/bis/eng/teams/index_m.html>Lotte</a>,PL
Mima Manabu,20,10,6,0,0,1,1,481,117.2,107,9,86,29,2,3,6,40,38,2.91,3.45,3.61,1.16,117,91,100,-0.54,1.9%,17.9%,6.0%,11.9%,<a href=https://npb.jp/bis/eng/teams/index_m.html>Lotte</a>,PL
Mori Ryotaro,3,0,1,0,0,0,0,39,8.0,11,1,4,5,0,0,0,9,9,10.13,5.60,5.06,2.00,34,148,141,4.53,2.6%,10.3%,12.8%,-2.5%,<a href=https://npb.jp/bis/eng/teams/index_m.html>Lotte</a>,PL
Motomae Fumiya,12,3,2,0,0,0,0,254,56.0,61,14,40,26,1,2,2,32,29,4.66,6.42,4.25,1.55,73,169,118,-1.76,5.5%,15.7%,10.2%,5.5%,<a href=https://npb.jp/bis/eng/teams/index_m.html>Lotte</a>,PL
Nakamura Toshiya,10,0,0,0,1,0,0,64,12.1,17,0,10,9,1,1,1,11,11,8.03,3.91,4.64,2.11,42,103,129,4.12,0.0%,15.6%,14.1%,1.5%,<a href=https://npb.jp/bis/eng/teams/index_m.html>Lotte</a>,PL
Nishino Yuji,37,3,3,0,15,0,0,152,36.1,28,4,35,17,1,0,1,8,7,1.73,4.01,3.62,1.24,196,106,101,-2.28,2.6%,23.0%,11.2%,11.8%,<a href=https://npb.jp/bis/eng/teams/index_m.html>Lotte</a>,PL
Ojima Kazuya,24,3,11,0,0,0,0,599,143.1,140,10,89,43,1,4,1,57,50,3.14,3.75,4.03,1.28,108,99,112,-0.61,1.7%,14.9%,7.2%,7.7%,<a href=https://npb.jp/bis/eng/teams/index_m.html>Lotte</a>,PL
Ono Fumiya,44,0,0,0,18,0,0,176,40.2,36,2,33,16,2,1,2,11,9,1.99,3.37,3.83,1.28,171,89,106,-1.38,1.1%,18.8%,9.1%,9.7%,<a href=https://npb.jp/bis/eng/teams/index_m.html>Lotte</a>,PL
Onuma Kenta,21,1,1,0,1,0,0,117,25.1,30,4,15,14,0,0,1,18,17,6.04,5.63,4.71,1.74,56,149,131,0.41,3.4%,12.8%,12.0%,0.8%,<a href=https://npb.jp/bis/eng/teams/index_m.html>Lotte</a>,PL
Osuna Roberto,29,4,1,10,9,0,0,107,29.2,15,1,32,3,0,1,0,3,3,0.91,1.79,2.09,0.61,373,47,58,-0.88,0.9%,29.9%,2.8%,27.1%,<a href=https://npb.jp/bis/eng/teams/index_m.html>Lotte</a>,PL
Romero Enny,20,8,9,0,0,0,0,481,115.1,107,7,77,38,0,2,0,52,43,3.36,3.60,3.99,1.26,101,95,111,-0.24,1.5%,16.0%,7.9%,8.1%,<a href=https://npb.jp/bis/eng/teams/index_m.html>Lotte</a>,PL
Sakamoto Koshiro,7,0,0,0,1,0,0,34,8.2,9,3,6,1,0,0,0,4,4,4.15,6.56,3.33,1.15,82,173,92,-2.41,8.8%,17.6%,2.9%,14.7%,<a href=https://npb.jp/bis/eng/teams/index_m.html>Lotte</a>,PL
Sasaki Chihaya,23,2,3,0,1,0,0,120,25.1,35,2,17,11,2,0,1,18,18,6.39,4.09,4.30,1.82,53,108,119,2.30,1.7%,14.2%,9.2%,5.0%,<a href=https://npb.jp/bis/eng/teams/index_m.html>Lotte</a>,PL
Sasaki Roki,20,9,4,0,0,2,1,490,129.1,80,7,173,23,2,7,4,31,29,2.02,1.83,1.74,0.80,168,48,48,0.19,1.4%,35.3%,4.7%,30.6%,<a href=https://npb.jp/bis/eng/teams/index_m.html>Lotte</a>,PL
Sato Shoma,11,2,6,0,0,0,0,214,52.1,48,4,28,16,0,1,1,28,27,4.64,4.00,4.24,1.22,73,106,118,0.64,1.9%,13.1%,7.5%,5.6%,<a href=https://npb.jp/bis/eng/teams/index_m.html>Lotte</a>,PL
Suzuki Shota,6,1,3,0,0,0,0,65,12.1,22,1,5,9,0,0,0,10,10,7.30,5.54,5.42,2.51,47,146,151,1.76,1.5%,7.7%,13.8%,-6.1%,<a href=https://npb.jp/bis/eng/teams/index_m.html>Lotte</a>,PL
Tanaka Yasuhiro,15,0,1,0,2,0,0,75,14.0,25,2,6,10,2,0,2,17,13,8.36,6.25,5.33,2.50,41,165,148,2.11,2.7%,8.0%,13.3%,-5.3%,<a href=https://npb.jp/bis/eng/teams/index_m.html>Lotte</a>,PL
Taneichi Atsuki,1,0,0,0,0,0,0,16,3.0,5,1,2,4,0,0,1,3,3,9.00,10.10,6.05,3.00,38,266,168,-1.10,6.2%,12.5%,25.0%,-12.5%,<a href=https://npb.jp/bis/eng/teams/index_m.html>Lotte</a>,PL
Tojo Taiki,59,4,4,0,30,0,0,227,56.1,51,3,63,10,2,4,1,14,13,2.08,2.30,2.47,1.08,163,61,69,-0.22,1.3%,27.8%,4.4%,23.4%,<a href=https://npb.jp/bis/eng/teams/index_m.html>Lotte</a>,PL
Yagi Akira,22,0,0,0,0,0,0,96,22.1,25,3,21,8,1,0,2,9,9,3.63,4.04,3.45,1.48,94,107,96,-0.41,3.1%,21.9%,8.3%,13.6%,<a href=https://npb.jp/bis/eng/teams/index_m.html>Lotte</a>,PL
Yokoyama Rikuto,1,0,0,0,0,0,0,5,0.2,2,0,1,1,0,0,0,2,2,27.00,4.60,4.80,4.50,13,121,133,22.40,0.0%,20.0%,20.0%,0.0%,<a href=https://npb.jp/bis/eng/teams/index_m.html>Lotte</a>,PL
Akiyoshi Ryo,2,0,0,0,0,0,0,10,2.0,4,1,1,0,0,0,0,3,3,13.50,8.60,3.80,2.00,24,240,106,4.90,10.0%,10.0%,0.0%,10.0%,<a href=https://npb.jp/bis/eng/teams/index_h.html>SoftBank</a>,PL
Bandoh Yugo,25,3,3,0,3,2,1,255,62.1,45,8,48,24,1,2,0,22,22,3.18,4.48,3.86,1.11,101,125,107,-1.30,3.1%,18.8%,9.4%,9.4%,<a href=https://npb.jp/bis/eng/teams/index_h.html>SoftBank</a>,PL
Fujii Kouya,55,5,1,3,22,0,0,218,56.1,18,4,81,27,3,1,1,9,7,1.12,2.64,2.32,0.80,287,74,64,-1.52,1.8%,37.2%,12.4%,24.8%,<a href=https://npb.jp/bis/eng/teams/index_h.html>SoftBank</a>,PL
Higashihama Nao,23,10,6,0,0,1,1,542,136.0,114,14,94,37,0,1,3,47,47,3.11,3.90,3.75,1.11,103,109,104,-0.79,2.6%,17.3%,6.8%,10.5%,<a href=https://npb.jp/bis/eng/teams/index_h.html>SoftBank</a>,PL
Ishikawa Shuta,23,7,10,0,0,1,1,585,136.1,122,9,106,57,1,8,0,57,51,3.37,3.84,3.96,1.31,95,107,110,-0.47,1.5%,18.1%,9.7%,8.4%,<a href=https://npb.jp/bis/eng/teams/index_h.html>SoftBank</a>,PL
Izumi Keisuke,30,0,2,0,6,0,0,116,29.0,24,3,25,9,0,1,1,12,12,3.72,3.76,3.42,1.14,87,105,95,-0.04,2.6%,21.6%,7.8%,13.8%,<a href=https://npb.jp/bis/eng/teams/index_h.html>SoftBank</a>,PL
Kaino Hiroshi,27,2,0,0,3,0,0,106,25.0,19,0,27,14,1,0,0,7,7,2.52,2.62,3.57,1.32,128,73,99,-0.10,0.0%,25.5%,13.2%,12.3%,<a href=https://npb.jp/bis/eng/teams/index_h.html>SoftBank</a>,PL
Kasaya Shunsuke,16,0,0,0,0,0,0,82,17.0,19,4,14,9,0,5,0,12,12,6.35,6.99,4.19,1.65,51,195,116,-0.64,4.9%,17.1%,11.0%,6.1%,<a href=https://npb.jp/bis/eng/teams/index_h.html>SoftBank</a>,PL
Kayama Shinya,56,0,0,0,28,0,0,109,27.1,18,1,22,11,1,1,0,3,3,0.99,3.29,3.79,1.06,325,92,105,-2.30,0.9%,20.2%,10.1%,10.1%,<a href=https://npb.jp/bis/eng/teams/index_h.html>SoftBank</a>,PL
Matayoshi Katsuki,31,3,3,1,14,0,0,122,30.0,27,4,22,8,2,0,0,8,7,2.10,4.17,3.65,1.17,153,116,101,-2.07,3.3%,18.0%,6.6%,11.4%,<a href=https://npb.jp/bis/eng/teams/index_h.html>SoftBank</a>,PL
Matsumoto Yuki,44,5,1,0,15,0,0,206,50.2,40,6,60,14,1,1,1,15,15,2.66,3.16,2.57,1.07,121,88,71,-0.50,2.9%,29.1%,6.8%,22.3%,<a href=https://npb.jp/bis/eng/teams/index_h.html>SoftBank</a>,PL
Moinelo Livan,53,1,1,24,8,0,0,202,52.2,22,2,87,20,1,2,2,10,6,1.03,1.55,1.48,0.80,312,43,41,-0.52,1.0%,43.1%,9.9%,33.2%,<a href=https://npb.jp/bis/eng/teams/index_h.html>SoftBank</a>,PL
Mori Yuito,29,2,4,6,3,0,0,141,34.1,30,4,27,12,0,1,0,13,10,2.62,4.18,3.74,1.22,123,116,104,-1.56,2.8%,19.1%,8.5%,10.6%,<a href=https://npb.jp/bis/eng/teams/index_h.html>SoftBank</a>,PL
Nakamura Ryota,2,0,0,0,0,0,0,22,2.2,11,1,1,3,0,1,0,10,10,33.75,11.73,5.71,5.25,10,327,159,22.02,4.5%,4.5%,13.6%,-9.1%,<a href=https://npb.jp/bis/eng/teams/index_h.html>SoftBank</a>,PL
Ogata Shuto,9,1,0,0,0,0,0,54,11.1,14,2,11,6,0,0,1,7,7,5.56,5.04,3.87,1.76,58,140,108,0.52,3.7%,20.4%,11.1%,9.3%,<a href=https://npb.jp/bis/eng/teams/index_h.html>SoftBank</a>,PL
Ohtake Koutaro,2,0,2,0,0,0,0,35,7.0,10,1,5,2,0,1,2,6,5,6.43,4.82,3.94,1.71,50,134,109,1.61,2.9%,14.3%,5.7%,8.6%,<a href=https://npb.jp/bis/eng/teams/index_h.html>SoftBank</a>,PL
Ohzeki Tomohisa,21,7,6,0,0,2,2,409,101.1,88,8,70,28,0,4,1,37,33,2.93,3.70,3.77,1.14,110,103,105,-0.77,2.0%,17.1%,6.8%,10.3%,<a href=https://npb.jp/bis/eng/teams/index_h.html>SoftBank</a>,PL
Okumura Masato,4,0,0,0,0,0,0,34,10.0,5,1,7,1,0,0,2,1,1,0.90,3.30,3.04,0.60,358,92,84,-2.40,2.9%,20.6%,2.9%,17.7%,<a href=https://npb.jp/bis/eng/teams/index_h.html>SoftBank</a>,PL
Rea Colin,23,5,6,0,1,1,1,409,100.0,82,13,80,32,2,4,2,46,44,3.96,4.27,3.63,1.14,81,119,101,-0.31,3.2%,19.6%,7.8%,11.8%,<a href=https://npb.jp/bis/eng/teams/index_h.html>SoftBank</a>,PL
Senga Koudai,22,11,6,0,0,1,0,568,144.0,103,7,156,49,0,3,2,37,31,1.94,2.65,2.92,1.06,166,74,81,-0.71,1.2%,27.5%,8.6%,18.9%,<a href=https://npb.jp/bis/eng/teams/index_h.html>SoftBank</a>,PL
Shiino Arata,18,0,0,0,1,0,0,109,24.2,25,2,21,14,1,1,1,11,11,4.01,4.28,4.16,1.58,80,119,116,-0.27,1.8%,19.3%,12.8%,6.5%,<a href=https://npb.jp/bis/eng/teams/index_h.html>SoftBank</a>,PL
Sugiyama Kazuki,10,1,3,0,0,0,0,194,42.1,45,10,37,26,0,1,4,33,32,6.80,6.34,4.23,1.68,47,177,118,0.46,5.2%,19.1%,13.4%,5.7%,<a href=https://npb.jp/bis/eng/teams/index_h.html>SoftBank</a>,PL
Takahashi Rei,4,0,0,0,0,0,0,19,3.1,5,0,2,4,0,0,0,5,5,13.50,5.50,5.85,2.70,24,153,162,8.00,0.0%,10.5%,21.1%,-10.6%,<a href=https://npb.jp/bis/eng/teams/index_h.html>SoftBank</a>,PL
Takeda Shota,10,2,1,0,0,0,0,126,28.0,25,2,34,15,0,3,0,8,8,2.57,3.53,3.29,1.43,125,98,91,-0.96,1.6%,27.0%,11.9%,15.1%,<a href=https://npb.jp/bis/eng/teams/index_h.html>SoftBank</a>,PL
Tanaka Seigi,5,0,0,0,1,0,0,16,5.0,2,0,6,0,0,0,0,0,0,0.00,0.70,1.05,0.40,999,19,29,-0.70,0.0%,37.5%,0.0%,37.5%,<a href=https://npb.jp/bis/eng/teams/index_h.html>SoftBank</a>,PL
Tanoue Sota,2,0,0,0,0,0,0,31,7.1,4,0,2,6,0,0,0,2,2,2.45,5.01,6.09,1.36,131,140,169,-2.56,0.0%,6.5%,19.4%,-12.9%,<a href=https://npb.jp/bis/eng/teams/index_h.html>SoftBank</a>,PL
Taura Fumimaru,4,0,0,0,1,0,0,23,4.2,7,1,4,0,0,2,0,5,5,9.64,5.46,3.06,1.50,33,152,85,4.18,4.3%,17.4%,0.0%,17.4%,<a href=https://npb.jp/bis/eng/teams/index_h.html>SoftBank</a>,PL
Tsumori Yuki,51,4,6,1,18,0,0,193,46.1,36,4,51,24,1,2,0,17,15,2.91,3.71,3.40,1.29,111,103,94,-0.80,2.1%,26.4%,12.4%,14.0%,<a href=https://npb.jp/bis/eng/teams/index_h.html>SoftBank</a>,PL
Wada Tsuyoshi,17,7,4,0,0,0,0,324,81.0,64,3,75,22,0,1,0,28,25,2.78,2.58,3.16,1.06,116,72,88,0.20,0.9%,23.1%,6.8%,16.3%,<a href=https://npb.jp/bis/eng/teams/index_h.html>SoftBank</a>,PL
Anraku Tomohiro,52,6,2,1,13,0,0,209,49.1,51,2,39,12,1,2,3,25,24,4.38,2.90,3.51,1.28,75,79,97,1.48,1.0%,18.7%,5.7%,13.0%,<a href=https://npb.jp/bis/eng/teams/index_e.html>Rakuten</a>,PL
Busenitz Alan,34,3,1,0,11,0,0,125,31.2,22,1,25,10,0,0,4,8,8,2.27,2.88,3.60,1.01,145,78,100,-0.61,0.8%,20.0%,8.0%,12.0%,<a href=https://npb.jp/bis/eng/teams/index_e.html>Rakuten</a>,PL
Fujihira Shoma,8,1,0,0,0,0,0,94,22.2,15,0,17,12,0,0,3,11,10,3.97,3.19,4.27,1.19,83,87,119,0.78,0.0%,18.1%,12.8%,5.3%,<a href=https://npb.jp/bis/eng/teams/index_e.html>Rakuten</a>,PL
Fujii Masaru,4,1,2,0,0,0,0,82,18.2,16,1,10,10,0,0,1,8,7,3.38,4.34,4.80,1.39,98,118,133,-0.96,1.2%,12.2%,12.2%,0.0%,<a href=https://npb.jp/bis/eng/teams/index_e.html>Rakuten</a>,PL
Fukui Yuya,11,0,0,0,1,0,0,49,11.0,14,1,7,4,1,0,1,5,5,4.09,4.10,4.19,1.64,81,111,116,-0.01,2.0%,14.3%,8.2%,6.1%,<a href=https://npb.jp/bis/eng/teams/index_e.html>Rakuten</a>,PL
Fukuyama Hiroyuki,3,0,0,0,0,0,0,11,3.0,3,0,3,0,0,0,0,0,0,0.00,1.10,2.07,1.00,999,30,57,-1.10,0.0%,27.3%,0.0%,27.3%,<a href=https://npb.jp/bis/eng/teams/index_e.html>Rakuten</a>,PL
Hayakawa Takahisa,19,5,9,0,0,0,0,444,107.1,105,19,86,23,0,3,0,48,46,3.86,4.53,3.38,1.19,85,123,94,-0.67,4.3%,19.4%,5.2%,14.2%,<a href=https://npb.jp/bis/eng/teams/index_e.html>Rakuten</a>,PL
Ishibashi Ryota,26,2,0,0,3,0,0,146,32.1,35,3,18,12,0,4,2,22,22,6.12,4.68,4.39,1.45,54,127,122,1.44,2.1%,12.3%,8.2%,4.1%,<a href=https://npb.jp/bis/eng/teams/index_e.html>Rakuten</a>,PL
Kamata Yoshinao,2,0,0,0,0,0,0,29,6.0,10,0,2,3,0,0,0,4,4,6.00,3.94,5.14,2.17,55,107,143,2.06,0.0%,6.9%,10.3%,-3.4%,<a href=https://npb.jp/bis/eng/teams/index_e.html>Rakuten</a>,PL
Karashima Wataru,17,6,4,0,0,0,0,371,90.0,86,10,53,24,0,3,0,36,34,3.40,4.27,4.02,1.22,97,116,112,-0.87,2.7%,14.3%,6.5%,7.8%,<a href=https://npb.jp/bis/eng/teams/index_e.html>Rakuten</a>,PL
Kishi Takayuki,22,8,10,0,0,0,0,555,141.0,116,18,118,28,0,1,2,51,50,3.19,3.71,3.18,1.02,103,101,88,-0.52,3.2%,21.3%,5.0%,16.3%,<a href=https://npb.jp/bis/eng/teams/index_e.html>Rakuten</a>,PL
Komine Shinri,6,0,0,0,0,0,0,30,6.0,9,0,4,5,0,0,0,4,4,6.00,4.27,5.13,2.33,55,116,142,1.73,0.0%,13.3%,16.7%,-3.4%,<a href=https://npb.jp/bis/eng/teams/index_e.html>Rakuten</a>,PL
Matsui Tomotaka,1,0,0,0,0,0,0,19,4.0,6,1,3,2,0,0,0,4,4,9.00,6.35,4.27,2.00,37,172,119,2.65,5.3%,15.8%,10.5%,5.3%,<a href=https://npb.jp/bis/eng/teams/index_e.html>Rakuten</a>,PL
Matsui Yuki,53,1,3,32,7,0,0,194,51.2,21,4,83,19,1,0,1,11,11,1.92,2.00,1.50,0.77,172,54,42,-0.08,2.1%,42.8%,9.8%,33.0%,<a href=https://npb.jp/bis/eng/teams/index_e.html>Rakuten</a>,PL
Miyamori Satoshi,26,1,1,1,7,0,0,92,23.1,12,0,23,12,0,2,0,4,4,1.54,2.93,3.60,1.03,214,80,100,-1.39,0.0%,25.0%,13.0%,12.0%,<a href=https://npb.jp/bis/eng/teams/index_e.html>Rakuten</a>,PL
Morihara Kohei,3,0,0,0,1,0,0,11,2.1,3,0,3,1,0,0,0,0,0,0.00,1.82,2.98,1.71,999,49,83,-1.82,0.0%,27.3%,9.1%,18.2%,<a href=https://npb.jp/bis/eng/teams/index_e.html>Rakuten</a>,PL
Nishigaki Masaya,24,0,0,0,0,0,0,96,23.2,20,2,15,10,0,0,2,7,7,2.66,4.20,4.28,1.27,124,114,119,-1.54,2.1%,15.6%,10.4%,5.2%,<a href=https://npb.jp/bis/eng/teams/index_e.html>Rakuten</a>,PL
Nishiguchi Naoto,61,4,0,0,30,0,0,233,55.2,39,2,59,26,2,2,1,16,14,2.26,2.96,3.38,1.17,146,80,94,-0.70,0.9%,25.3%,11.2%,14.1%,<a href=https://npb.jp/bis/eng/teams/index_e.html>Rakuten</a>,PL
Norimoto Takahiro,21,10,8,0,0,1,0,536,125.0,127,9,104,38,0,4,3,54,49,3.53,3.38,3.57,1.32,93,92,99,0.15,1.7%,19.4%,7.1%,12.3%,<a href=https://npb.jp/bis/eng/teams/index_e.html>Rakuten</a>,PL
Sakai Tomohito,34,1,1,0,1,0,0,141,32.2,23,4,32,17,0,4,2,12,12,3.31,4.66,3.74,1.22,100,127,104,-1.35,2.8%,22.7%,12.1%,10.6%,<a href=https://npb.jp/bis/eng/teams/index_e.html>Rakuten</a>,PL
Sung Chia-Hao,54,4,2,0,20,0,0,209,51.2,45,5,38,15,1,0,2,18,15,2.61,3.76,3.70,1.16,126,102,103,-1.15,2.4%,18.2%,7.2%,11.0%,<a href=https://npb.jp/bis/eng/teams/index_e.html>Rakuten</a>,PL
Suzuki Sora,38,1,3,0,7,0,0,162,38.0,25,2,35,25,1,2,2,17,17,4.03,4.08,4.18,1.32,82,111,116,-0.05,1.2%,21.6%,15.4%,6.2%,<a href=https://npb.jp/bis/eng/teams/index_e.html>Rakuten</a>,PL
Takada Koichi,2,0,0,0,0,0,0,30,6.1,8,2,9,4,0,0,0,5,5,7.11,6.26,3.13,1.89,46,170,87,0.85,6.7%,30.0%,13.3%,16.7%,<a href=https://npb.jp/bis/eng/teams/index_e.html>Rakuten</a>,PL
Takata Hosei,3,0,0,0,0,0,0,24,5.0,5,1,5,5,1,0,0,5,4,7.20,6.70,4.80,2.00,46,182,133,0.50,4.2%,20.8%,20.8%,0.0%,<a href=https://npb.jp/bis/eng/teams/index_e.html>Rakuten</a>,PL
Takinaka Ryota,15,2,9,0,0,0,0,346,78.0,94,12,42,27,0,3,1,44,40,4.62,5.18,4.37,1.55,71,141,121,-0.56,3.5%,12.1%,7.8%,4.3%,<a href=https://npb.jp/bis/eng/teams/index_e.html>Rakuten</a>,PL
Tanaka Masahiro,25,9,12,0,0,1,1,668,163.0,160,16,126,30,1,4,4,65,60,3.31,3.46,3.36,1.17,100,94,93,-0.15,2.4%,18.9%,4.5%,14.4%,<a href=https://npb.jp/bis/eng/teams/index_e.html>Rakuten</a>,PL
Tsurusaki Taisei,11,0,0,0,2,0,0,56,12.0,16,0,7,6,1,0,0,6,6,4.50,3.44,4.62,1.83,73,93,128,1.06,0.0%,12.5%,10.7%,1.8%,<a href=https://npb.jp/bis/eng/teams/index_e.html>Rakuten</a>,PL
Uchima Takuma,1,0,0,0,0,0,0,4,1.0,1,0,0,0,0,0,0,0,0,0.00,3.10,4.80,1.00,999,84,133,-3.10,0.0%,0.0%,0.0%,0.0%,<a href=https://npb.jp/bis/eng/teams/index_e.html>Rakuten</a>,PL
Wakui Hideaki,10,4,3,0,0,1,0,224,56.0,50,6,35,10,0,1,0,23,22,3.54,3.84,3.68,1.07,93,104,102,-0.30,2.7%,15.6%,4.5%,11.1%,<a href=https://npb.jp/bis/eng/teams/index_e.html>Rakuten</a>,PL
Watanabe Yuki,13,0,0,0,1,0,0,52,12.2,7,0,10,4,0,5,1,3,3,2.13,3.66,3.65,0.87,155,99,101,-1.53,0.0%,19.2%,7.7%,11.5%,<a href=https://npb.jp/bis/eng/teams/index_e.html>Rakuten</a>,PL
Yoshikawa Kazuki,4,0,0,0,0,0,0,20,5.0,3,0,2,1,0,0,0,1,1,1.80,2.90,4.30,0.80,183,79,119,-1.10,0.0%,10.0%,5.0%,5.0%,<a href=https://npb.jp/bis/eng/teams/index_e.html>Rakuten</a>,PL
Yuge Hayato,13,0,1,1,0,0,0,61,13.2,14,2,5,6,0,2,0,5,5,3.29,6.03,4.96,1.46,100,164,138,-2.74,3.3%,8.2%,9.8%,-1.6%,<a href=https://npb.jp/bis/eng/teams/index_e.html>Rakuten</a>,PL
Enns Dietrich,23,10,7,0,0,0,0,506,122.1,103,14,92,45,0,3,0,44,40,2.94,4.26,3.87,1.21,112,116,108,-1.32,2.8%,18.2%,8.9%,9.3%,<a href=https://npb.jp/bis/eng/teams/index_l.html>Seibu</a>,PL
Hirai Katsunori,30,6,8,0,2,0,0,349,81.0,77,7,48,27,1,6,1,34,26,2.89,4.26,4.20,1.28,114,116,117,-1.37,2.0%,13.8%,7.7%,6.1%,<a href=https://npb.jp/bis/eng/teams/index_l.html>Seibu</a>,PL
Honda Keisuke,45,4,2,0,20,0,0,202,50.1,37,2,33,15,1,3,3,11,11,1.97,3.38,3.91,1.03,168,92,109,-1.41,1.0%,16.3%,7.4%,8.9%,<a href=https://npb.jp/bis/eng/teams/index_l.html>Seibu</a>,PL
Imai Tatsuya,9,5,1,0,0,0,0,246,59.2,37,3,61,34,0,5,1,16,16,2.41,3.67,3.70,1.19,137,100,103,-1.26,1.2%,24.8%,13.8%,11.0%,<a href=https://npb.jp/bis/eng/teams/index_l.html>Seibu</a>,PL
Kumon Katsuhiko,18,0,0,0,7,0,0,36,9.0,5,0,8,5,0,1,0,0,0,0.00,3.33,3.97,1.11,999,90,110,-3.33,0.0%,22.2%,13.9%,8.3%,<a href=https://npb.jp/bis/eng/teams/index_l.html>Seibu</a>,PL
Masuda Tatsushi,52,2,5,31,5,0,0,200,51.1,37,7,34,10,3,0,0,14,14,2.45,4.14,3.60,0.92,135,112,100,-1.69,3.5%,17.0%,5.0%,12.0%,<a href=https://npb.jp/bis/eng/teams/index_l.html>Seibu</a>,PL
Matsumoto Wataru,21,7,6,0,0,1,0,536,129.2,106,8,104,44,1,3,3,49,46,3.19,3.39,3.68,1.16,103,92,102,-0.20,1.5%,19.4%,8.2%,11.2%,<a href=https://npb.jp/bis/eng/teams/index_l.html>Seibu</a>,PL
Miyagawa Tetsu,45,1,0,1,1,0,0,205,48.2,46,3,44,19,1,0,3,17,14,2.59,3.27,3.58,1.34,127,89,99,-0.68,1.5%,21.5%,9.3%,12.2%,<a href=https://npb.jp/bis/eng/teams/index_l.html>Seibu</a>,PL
Mizukami Yoshinobu,60,4,4,1,31,0,0,218,56.0,34,1,40,17,1,5,4,13,11,1.77,3.09,3.74,0.91,186,84,104,-1.32,0.5%,18.3%,7.8%,10.5%,<a href=https://npb.jp/bis/eng/teams/index_l.html>Seibu</a>,PL
Moriwaki Ryosuke,43,1,1,1,10,0,0,148,36.2,30,2,33,8,1,2,0,10,7,1.72,2.83,3.11,1.04,192,77,86,-1.11,1.4%,22.3%,5.4%,16.9%,<a href=https://npb.jp/bis/eng/teams/index_l.html>Seibu</a>,PL
Omagari Ren,6,0,0,0,0,0,0,25,5.2,5,0,0,4,0,0,0,5,4,6.35,5.22,6.40,1.59,52,142,178,1.13,0.0%,0.0%,16.0%,-16.0%,<a href=https://npb.jp/bis/eng/teams/index_l.html>Seibu</a>,PL
Sano Yasuo,2,0,0,0,0,0,0,9,2.0,0,0,0,2,0,1,0,0,0,0.00,7.60,7.02,1.00,999,206,195,-7.60,0.0%,0.0%,22.2%,-22.2%,<a href=https://npb.jp/bis/eng/teams/index_l.html>Seibu</a>,PL
Sasaki Takeru,37,3,0,0,5,0,0,135,29.2,29,0,24,18,1,4,1,11,10,3.03,3.71,4.36,1.58,109,101,121,-0.68,0.0%,17.8%,13.3%,4.5%,<a href=https://npb.jp/bis/eng/teams/index_l.html>Seibu</a>,PL
Sato Shunsuke,12,3,4,0,0,0,0,205,47.0,47,1,33,22,0,4,1,26,24,4.60,3.63,4.26,1.47,72,99,118,0.97,0.5%,16.1%,10.7%,5.4%,<a href=https://npb.jp/bis/eng/teams/index_l.html>Seibu</a>,PL
Smith Burch,20,1,0,1,4,0,0,156,38.1,30,0,37,14,0,1,0,16,14,3.29,2.35,3.33,1.15,100,64,92,0.94,0.0%,23.7%,9.0%,14.7%,<a href=https://npb.jp/bis/eng/teams/index_l.html>Seibu</a>,PL
Sumida Chihiro,16,1,10,0,0,0,0,357,81.2,90,4,73,30,0,1,4,38,34,3.75,3.09,3.60,1.47,88,84,100,0.66,1.1%,20.4%,8.4%,12.0%,<a href=https://npb.jp/bis/eng/teams/index_l.html>Seibu</a>,PL
Taira Kaima,61,1,3,9,34,0,0,226,57.2,36,2,75,18,4,2,3,15,10,1.56,1.99,2.28,0.94,212,54,63,-0.43,0.9%,33.2%,8.0%,25.2%,<a href=https://npb.jp/bis/eng/teams/index_l.html>Seibu</a>,PL
Takahashi Bo,27,0,0,0,2,0,0,133,31.2,19,2,26,15,0,7,1,14,9,2.56,4.37,3.97,1.07,129,119,110,-1.81,1.5%,19.5%,11.3%,8.2%,<a href=https://npb.jp/bis/eng/teams/index_l.html>Seibu</a>,PL
Takahashi Kona,26,12,8,0,0,0,0,705,175.2,153,9,128,51,2,11,5,48,43,2.20,3.37,3.71,1.16,150,92,103,-1.17,1.3%,18.2%,7.2%,11.0%,<a href=https://npb.jp/bis/eng/teams/index_l.html>Seibu</a>,PL
Tamura Ichiro,3,0,0,0,0,0,0,13,3.0,3,0,1,1,0,0,1,2,2,6.00,3.44,4.80,1.33,55,93,133,2.56,0.0%,7.7%,7.7%,0.0%,<a href=https://npb.jp/bis/eng/teams/index_l.html>Seibu</a>,PL
Togame Ken,13,0,0,0,0,0,0,70,15.1,15,2,15,8,1,1,1,11,4,2.35,4.60,3.80,1.50,140,125,106,-2.25,2.9%,21.4%,11.4%,10.0%,<a href=https://npb.jp/bis/eng/teams/index_l.html>Seibu</a>,PL
Utsumi Tetsuya,5,0,1,0,0,0,0,50,12.0,12,2,8,2,0,0,0,4,4,3.00,4.44,3.60,1.17,110,121,100,-1.44,4.0%,16.0%,4.0%,12.0%,<a href=https://npb.jp/bis/eng/teams/index_l.html>Seibu</a>,PL
Watanabe Yutaro,3,1,1,0,0,0,0,67,13.1,15,1,6,11,0,1,2,11,9,6.08,5.88,5.55,1.95,54,160,154,0.20,1.5%,9.0%,16.4%,-7.4%,<a href=https://npb.jp/bis/eng/teams/index_l.html>Seibu</a>,PL
Yoza Kaito,20,10,7,0,0,1,1,463,115.2,104,11,61,16,0,4,2,39,37,2.88,3.80,3.83,1.04,115,103,106,-0.92,2.4%,13.2%,3.5%,9.7%,<a href=https://npb.jp/bis/eng/teams/index_l.html>Seibu</a>,PL
Fukuda Suguru,13,0,0,0,3,0,0,45,10.1,7,0,11,7,0,0,0,1,1,0.87,3.01,3.91,1.35,370,84,109,-2.14,0.0%,24.4%,15.6%,8.8%,<a href=https://npb.jp/bis/eng/teams/index_f.html>Nipponham</a>,PL
Furukawa Yuri,34,0,1,0,3,0,0,162,35.1,37,3,32,24,2,2,1,17,16,4.08,4.60,4.31,1.73,79,128,120,-0.52,1.9%,19.8%,14.8%,5.0%,<a href=https://npb.jp/bis/eng/teams/index_f.html>Nipponham</a>,PL
Hasegawa Takehiro,2,0,0,0,1,0,0,9,2.0,2,0,2,1,0,0,0,0,0,0.00,2.60,3.69,1.50,999,72,102,-2.60,0.0%,22.2%,11.1%,11.1%,<a href=https://npb.jp/bis/eng/teams/index_f.html>Nipponham</a>,PL
Hori Mizuki,41,1,5,5,11,0,0,160,34.0,41,4,34,16,0,3,0,23,22,5.82,4.31,3.68,1.68,55,120,102,1.51,2.5%,21.2%,10.0%,11.2%,<a href=https://npb.jp/bis/eng/teams/index_f.html>Nipponham</a>,PL
Iguchi Kazutomo,23,2,0,1,6,0,0,112,24.1,34,3,27,4,1,2,1,14,14,5.18,3.23,2.75,1.56,62,90,76,1.95,2.7%,24.1%,3.6%,20.5%,<a href=https://npb.jp/bis/eng/teams/index_f.html>Nipponham</a>,PL
Ikeda Takahide,4,1,3,0,0,0,0,71,16.1,15,0,11,6,0,0,1,7,6,3.31,2.86,4.10,1.29,97,80,114,0.45,0.0%,15.5%,8.5%,7.0%,<a href=https://npb.jp/bis/eng/teams/index_f.html>Nipponham</a>,PL
Ishikawa Naoya,36,2,2,6,8,0,0,135,32.0,26,1,37,13,1,1,3,14,14,3.94,2.51,3.02,1.22,82,70,84,1.43,0.7%,27.4%,9.6%,17.8%,<a href=https://npb.jp/bis/eng/teams/index_f.html>Nipponham</a>,PL
Itoh Hiromi,26,10,9,1,1,2,2,653,155.2,140,5,112,49,0,5,5,60,51,2.95,3.12,3.84,1.21,109,87,107,-0.17,0.8%,17.2%,7.5%,9.7%,<a href=https://npb.jp/bis/eng/teams/index_f.html>Nipponham</a>,PL
Kakigi Ren,4,0,0,0,0,0,0,16,4.1,2,1,1,2,0,0,0,1,1,2.08,7.03,5.42,0.92,155,196,151,-4.95,6.2%,6.2%,12.5%,-6.3%,<a href=https://npb.jp/bis/eng/teams/index_f.html>Nipponham</a>,PL
Kaneko Chihiro,3,1,2,0,0,0,0,54,13.0,15,0,11,1,0,0,0,7,7,4.85,1.64,2.95,1.23,66,46,82,3.21,0.0%,20.4%,1.9%,18.5%,<a href=https://npb.jp/bis/eng/teams/index_f.html>Nipponham</a>,PL
Katoh Takayuki,22,8,7,0,1,3,2,564,147.2,124,9,98,11,0,1,0,35,33,2.01,2.81,3.26,0.91,160,78,91,-0.80,1.6%,17.4%,2.0%,15.4%,<a href=https://npb.jp/bis/eng/teams/index_f.html>Nipponham</a>,PL
Kawano Ryusei,21,0,2,1,1,0,0,150,34.2,36,3,25,11,0,3,3,24,17,4.41,4.00,3.87,1.36,73,111,108,0.41,2.0%,16.7%,7.3%,9.4%,<a href=https://npb.jp/bis/eng/teams/index_f.html>Nipponham</a>,PL
Kitaura Ryuji,11,0,0,1,0,0,0,38,7.2,10,0,6,5,0,0,0,2,2,2.35,3.49,4.54,1.96,137,97,126,-1.14,0.0%,15.8%,13.2%,2.6%,<a href=https://npb.jp/bis/eng/teams/index_f.html>Nipponham</a>,PL
Kitayama Koki,55,3,5,9,16,0,0,219,51.1,37,3,58,28,1,4,1,21,20,3.51,3.47,3.43,1.27,92,97,95,0.04,1.4%,26.5%,12.8%,13.7%,<a href=https://npb.jp/bis/eng/teams/index_f.html>Nipponham</a>,PL
Kuroyanagi Kyosuke,1,0,0,0,1,0,0,4,1.0,1,0,0,0,0,0,0,0,0,0.00,3.10,4.80,1.00,999,86,133,-3.10,0.0%,0.0%,0.0%,0.0%,<a href=https://npb.jp/bis/eng/teams/index_f.html>Nipponham</a>,PL
Matsuura Keito,1,0,1,0,0,0,0,6,1.0,2,0,0,1,0,0,0,2,2,18.00,6.10,6.47,3.00,18,170,180,11.90,0.0%,0.0%,16.7%,-16.7%,<a href=https://npb.jp/bis/eng/teams/index_f.html>Nipponham</a>,PL
Menez Conner,15,1,0,0,6,0,0,97,25.0,14,1,28,13,0,1,1,5,3,1.08,3.06,3.25,1.08,298,85,90,-1.98,1.0%,28.9%,13.4%,15.5%,<a href=https://npb.jp/bis/eng/teams/index_f.html>Nipponham</a>,PL
Miyanishi Naoki,24,0,3,1,7,0,0,91,20.2,20,1,14,11,1,1,1,13,13,5.66,4.12,4.47,1.50,57,115,124,1.54,1.1%,15.4%,12.1%,3.3%,<a href=https://npb.jp/bis/eng/teams/index_f.html>Nipponham</a>,PL
Mochizuki Daiki,9,0,0,0,0,0,0,46,9.0,15,1,8,4,0,1,1,8,7,7.00,4.44,3.93,2.11,46,124,109,2.56,2.2%,17.4%,8.7%,8.7%,<a href=https://npb.jp/bis/eng/teams/index_f.html>Nipponham</a>,PL
Nabatame Tsubasa,2,0,1,0,0,0,0,41,10.0,7,0,7,4,0,1,0,5,4,3.60,3.20,4.07,1.10,89,89,113,0.40,0.0%,17.1%,9.8%,7.3%,<a href=https://npb.jp/bis/eng/teams/index_f.html>Nipponham</a>,PL
Nemoto Haruka,13,3,3,0,1,0,0,254,60.2,52,8,53,24,0,4,1,19,17,2.52,4.45,3.66,1.25,128,124,102,-1.93,3.1%,20.9%,9.4%,11.5%,<a href=https://npb.jp/bis/eng/teams/index_f.html>Nipponham</a>,PL
Nishimura Takahiro,18,0,0,0,0,0,0,94,21.2,22,4,25,10,1,1,1,15,12,4.98,4.72,3.20,1.48,65,131,89,0.26,4.3%,26.6%,10.6%,16.0%,<a href=https://npb.jp/bis/eng/teams/index_f.html>Nipponham</a>,PL
Ponce Cody,14,3,5,0,0,1,1,344,83.1,69,10,66,23,0,2,3,35,31,3.35,3.98,3.55,1.10,96,111,99,-0.63,2.9%,19.2%,6.7%,12.5%,<a href=https://npb.jp/bis/eng/teams/index_f.html>Nipponham</a>,PL
Rodriguez Bryan,22,3,2,0,8,0,0,66,16.1,14,0,13,3,1,1,0,5,4,2.20,2.25,3.28,1.04,146,63,91,-0.05,0.0%,19.7%,4.5%,15.2%,<a href=https://npb.jp/bis/eng/teams/index_f.html>Nipponham</a>,PL
Sugiura Toshihiro,16,3,6,0,0,0,0,184,42.2,45,5,48,10,0,2,3,25,25,5.27,3.22,2.73,1.29,61,90,76,2.05,2.7%,26.1%,5.4%,20.7%,<a href=https://npb.jp/bis/eng/teams/index_f.html>Nipponham</a>,PL
Suzuki Kenya,19,2,1,0,3,0,0,159,38.0,33,2,25,13,2,4,1,12,12,2.84,3.81,4.05,1.21,113,106,112,-0.97,1.3%,15.7%,8.2%,7.5%,<a href=https://npb.jp/bis/eng/teams/index_f.html>Nipponham</a>,PL
Tamai Taisho,50,1,1,0,19,0,0,167,37.2,37,1,16,17,2,0,1,17,14,3.35,3.95,4.86,1.43,96,110,135,-0.60,0.6%,9.6%,10.2%,-0.6%,<a href=https://npb.jp/bis/eng/teams/index_f.html>Nipponham</a>,PL
Tanaka Eito,4,1,3,0,0,0,0,87,18.2,22,3,8,7,0,7,0,11,10,4.82,6.59,4.69,1.55,67,184,130,-1.77,3.4%,9.2%,8.0%,1.2%,<a href=https://npb.jp/bis/eng/teams/index_f.html>Nipponham</a>,PL
Tanigawa Masaki,9,0,0,0,0,0,0,41,9.1,10,1,8,3,0,0,0,5,4,3.86,3.75,3.58,1.39,83,104,99,0.11,2.4%,19.5%,7.3%,12.2%,<a href=https://npb.jp/bis/eng/teams/index_f.html>Nipponham</a>,PL
Tateno Kazuaki,3,1,2,0,0,0,0,52,10.2,16,1,4,4,0,1,2,12,12,10.13,4.98,4.80,1.88,32,139,133,5.15,1.9%,7.7%,7.7%,0.0%,<a href=https://npb.jp/bis/eng/teams/index_f.html>Nipponham</a>,PL
Tatsu Kota,1,0,0,0,0,0,0,12,3.0,1,0,0,3,0,0,0,0,0,0.00,6.10,7.30,1.33,999,170,203,-6.10,0.0%,0.0%,25.0%,-25.0%,<a href=https://npb.jp/bis/eng/teams/index_f.html>Nipponham</a>,PL
Uehara Kenta,25,3,5,0,1,0,0,302,73.1,73,2,59,21,0,3,2,28,26,3.19,2.83,3.54,1.28,101,79,98,0.36,0.7%,19.5%,7.0%,12.5%,<a href=https://npb.jp/bis/eng/teams/index_f.html>Nipponham</a>,PL
Uwasawa Naoyuki,23,8,9,0,0,3,0,631,152.0,129,15,127,50,0,9,2,61,57,3.38,3.88,3.58,1.18,95,108,99,-0.50,2.4%,20.1%,7.9%,12.2%,<a href=https://npb.jp/bis/eng/teams/index_f.html>Nipponham</a>,PL
Yoshida Kosei,51,2,3,0,5,0,0,256,63.1,53,5,40,23,0,1,4,30,30,4.26,4.00,4.14,1.20,76,111,115,0.26,2.0%,15.6%,9.0%,6.6%,<a href=https://npb.jp/bis/eng/teams/index_f.html>Nipponham</a>,PL
