Player,G,PA,AB,R,H,2B,3B,HR,TB,RBI,SB,CS,SH,SF,SO,BB,IBB,HP,GDP,AVG,OBP,SLG,OPS,OPS+,ISO,BABIP,TTO%,K%,BB%,BB/K,Team,League
Akiyama Takumi,5,9,7,0,0,0,0,0,0,1,0,0,2,0,2,0,0,0,0,0.000,0.000,0.000,0.000,-102,0.000,0.000,22.2%,22.2%,0.0%,0.00,<a href=https://npb.jp/bis/eng/teams/index_t.html>Hanshin</a>,CL
Aoyagi Koyo,24,54,50,2,7,0,0,0,7,2,0,0,3,0,26,1,0,0,1,0.140,0.157,0.140,0.297,-11,0.000,0.292,50.0%,48.1%,1.9%,0.04,<a href=https://npb.jp/bis/eng/teams/index_t.html>Hanshin</a>,CL
Chikamoto Koji,132,580,525,71,154,16,3,3,185,34,30,5,6,1,63,41,0,7,7,0.293,0.352,0.352,0.704,113,0.059,0.328,18.4%,10.9%,7.1%,0.65,<a href=https://npb.jp/bis/eng/teams/index_t.html>Hanshin</a>,CL
Egoshi Taiga,24,5,4,4,0,0,0,0,0,0,4,0,0,0,3,1,0,0,0,0.000,0.200,0.000,0.200,-36,0.000,0.000,80.0%,60.0%,20.0%,0.33,<a href=https://npb.jp/bis/eng/teams/index_t.html>Hanshin</a>,CL
Fujinami Shintaro,16,22,20,0,0,0,0,0,0,0,0,0,2,0,13,0,0,0,0,0.000,0.000,0.000,0.000,-102,0.000,0.000,59.1%,59.1%,0.0%,0.00,<a href=https://npb.jp/bis/eng/teams/index_t.html>Hanshin</a>,CL
Gunkel Joe,16,27,24,1,7,2,0,0,9,2,0,0,2,0,10,1,0,0,0,0.292,0.320,0.375,0.695,109,0.083,0.500,40.7%,37.0%,3.7%,0.10,<a href=https://npb.jp/bis/eng/teams/index_t.html>Hanshin</a>,CL
Hamachi Masumi,52,1,1,0,0,0,0,0,0,0,0,0,0,0,0,0,0,0,0,0.000,0.000,0.000,0.000,-102,0.000,0.000,0.0%,0.0%,0.0%,,<a href=https://npb.jp/bis/eng/teams/index_t.html>Hanshin</a>,CL
Haraguchi Fumihito,33,83,71,5,23,2,0,2,31,10,0,0,1,2,5,9,0,0,1,0.324,0.390,0.437,0.827,149,0.113,0.318,19.3%,6.0%,10.8%,1.80,<a href=https://npb.jp/bis/eng/teams/index_t.html>Hanshin</a>,CL
Hojoh Fumiya,32,48,43,5,8,1,0,1,12,7,0,0,2,1,6,2,0,0,1,0.186,0.217,0.279,0.496,48,0.093,0.189,18.8%,12.5%,4.2%,0.33,<a href=https://npb.jp/bis/eng/teams/index_t.html>Hanshin</a>,CL
Inoue Kouta,2,5,5,0,0,0,0,0,0,0,0,0,0,0,2,0,0,0,0,0.000,0.000,0.000,0.000,-102,0.000,0.000,40.0%,40.0%,0.0%,0.00,<a href=https://npb.jp/bis/eng/teams/index_t.html>Hanshin</a>,CL
Ishii Daichi,18,1,1,0,0,0,0,0,0,0,0,0,0,0,0,0,0,0,0,0.000,0.000,0.000,0.000,-102,0.000,0.000,0.0%,0.0%,0.0%,,<a href=https://npb.jp/bis/eng/teams/index_t.html>Hanshin</a>,CL
Itayama Yutaro,14,9,8,0,1,0,0,0,1,0,0,0,0,0,4,1,0,0,0,0.125,0.222,0.125,0.347,6,0.000,0.250,55.6%,44.4%,11.1%,0.25,<a href=https://npb.jp/bis/eng/teams/index_t.html>Hanshin</a>,CL
Itoh Masashi,20,46,33,1,4,1,0,0,5,5,0,0,11,0,19,2,0,0,1,0.121,0.171,0.152,0.323,-3,0.031,0.286,45.7%,41.3%,4.3%,0.11,<a href=https://npb.jp/bis/eng/teams/index_t.html>Hanshin</a>,CL
Itohara Kento,132,495,445,31,110,12,1,3,133,36,2,3,6,4,48,35,1,5,7,0.247,0.307,0.299,0.606,84,0.052,0.269,17.4%,9.7%,7.1%,0.73,<a href=https://npb.jp/bis/eng/teams/index_t.html>Hanshin</a>,CL
Itoi Yoshio,62,182,163,12,37,3,0,3,49,22,0,0,0,1,29,16,2,2,3,0.227,0.302,0.301,0.603,82,0.074,0.258,26.4%,15.9%,8.8%,0.55,<a href=https://npb.jp/bis/eng/teams/index_t.html>Hanshin</a>,CL
Katayama Yuya,2,2,2,0,0,0,0,0,0,0,0,0,0,0,2,0,0,0,0,0.000,0.000,0.000,0.000,-102,0.000,,100.0%,100.0%,0.0%,0.00,<a href=https://npb.jp/bis/eng/teams/index_t.html>Hanshin</a>,CL
Kinami Seiya,41,101,93,6,19,4,0,1,26,6,0,0,2,0,19,5,0,1,2,0.204,0.253,0.280,0.533,60,0.076,0.247,24.8%,18.8%,5.0%,0.26,<a href=https://npb.jp/bis/eng/teams/index_t.html>Hanshin</a>,CL
Kirishiki Takuma,7,3,3,0,0,0,0,0,0,0,0,0,0,0,2,0,0,0,0,0.000,0.000,0.000,0.000,-102,0.000,0.000,66.7%,66.7%,0.0%,0.00,<a href=https://npb.jp/bis/eng/teams/index_t.html>Hanshin</a>,CL
Kumagai Takahiro,63,52,45,8,7,0,0,0,7,3,7,5,6,1,10,0,0,0,0,0.156,0.152,0.156,0.308,-8,0.000,0.194,19.2%,19.2%,0.0%,0.00,<a href=https://npb.jp/bis/eng/teams/index_t.html>Hanshin</a>,CL
Marte Jefry,33,102,90,8,23,1,0,1,27,11,0,0,0,2,19,8,0,2,1,0.256,0.324,0.300,0.624,89,0.044,0.306,27.5%,18.6%,7.8%,0.42,<a href=https://npb.jp/bis/eng/teams/index_t.html>Hanshin</a>,CL
Moriki Daichi,2,3,3,0,0,0,0,0,0,0,0,0,0,0,1,0,0,0,0,0.000,0.000,0.000,0.000,-102,0.000,0.000,33.3%,33.3%,0.0%,0.00,<a href=https://npb.jp/bis/eng/teams/index_t.html>Hanshin</a>,CL
Nagasaka Kenya,27,46,40,2,7,1,1,0,10,1,0,0,6,0,16,0,0,0,2,0.175,0.175,0.250,0.425,26,0.075,0.292,34.8%,34.8%,0.0%,0.00,<a href=https://npb.jp/bis/eng/teams/index_t.html>Hanshin</a>,CL
Nakano Takumu,135,610,569,69,157,16,3,6,197,25,23,7,19,1,89,18,0,3,9,0.276,0.301,0.346,0.647,95,0.070,0.318,18.5%,14.6%,3.0%,0.20,<a href=https://npb.jp/bis/eng/teams/index_t.html>Hanshin</a>,CL
Nishi Junya,14,26,26,1,6,1,0,1,10,4,0,0,0,0,8,0,0,0,0,0.231,0.231,0.385,0.616,83,0.154,0.294,34.6%,30.8%,0.0%,0.00,<a href=https://npb.jp/bis/eng/teams/index_t.html>Hanshin</a>,CL
Nishi Yuki,23,49,42,1,2,0,0,0,2,0,0,0,6,0,17,1,0,0,0,0.048,0.070,0.048,0.118,-65,0.000,0.080,36.7%,34.7%,2.0%,0.06,<a href=https://npb.jp/bis/eng/teams/index_t.html>Hanshin</a>,CL
Obata Ryuhei,49,73,69,7,13,1,0,1,17,5,0,0,1,1,21,2,0,0,0,0.188,0.208,0.246,0.454,36,0.058,0.250,32.9%,28.8%,2.7%,0.10,<a href=https://npb.jp/bis/eng/teams/index_t.html>Hanshin</a>,CL
Ogawa Ippei,6,6,4,0,0,0,0,0,0,0,0,0,2,0,3,0,0,0,0,0.000,0.000,0.000,0.000,-102,0.000,0.000,50.0%,50.0%,0.0%,0.00,<a href=https://npb.jp/bis/eng/teams/index_t.html>Hanshin</a>,CL
Ohyama Yusuke,124,510,439,54,117,18,1,23,206,87,0,1,1,5,103,59,5,6,17,0.267,0.358,0.469,0.827,148,0.202,0.296,36.3%,20.2%,11.6%,0.57,<a href=https://npb.jp/bis/eng/teams/index_t.html>Hanshin</a>,CL
Onodera Dan,32,45,44,3,6,1,1,1,12,7,0,0,0,0,12,1,0,0,3,0.136,0.156,0.273,0.429,26,0.137,0.161,31.1%,26.7%,2.2%,0.08,<a href=https://npb.jp/bis/eng/teams/index_t.html>Hanshin</a>,CL
Rodriguez Aderlin,24,70,65,5,10,2,0,2,18,9,0,0,0,1,17,2,0,2,4,0.154,0.200,0.277,0.477,42,0.123,0.170,30.0%,24.3%,2.9%,0.12,<a href=https://npb.jp/bis/eng/teams/index_t.html>Hanshin</a>,CL
Rojas Jr. Mel,89,211,183,19,41,7,0,9,75,27,0,0,0,1,53,22,1,5,4,0.224,0.322,0.410,0.732,119,0.186,0.262,39.8%,25.1%,10.4%,0.42,<a href=https://npb.jp/bis/eng/teams/index_t.html>Hanshin</a>,CL
Saiki Hiroto,9,19,16,0,1,0,0,0,1,0,0,0,2,0,11,1,0,0,0,0.063,0.118,0.063,0.181,-45,0.000,0.200,63.2%,57.9%,5.3%,0.09,<a href=https://npb.jp/bis/eng/teams/index_t.html>Hanshin</a>,CL
Saitoh Yukiya,20,1,1,1,1,1,0,0,2,0,0,0,0,0,0,0,0,0,0,1.000,1.000,2.000,3.000,789,1.000,1.000,0.0%,0.0%,0.0%,,<a href=https://npb.jp/bis/eng/teams/index_t.html>Hanshin</a>,CL
Sakaeda Yuki,1,1,1,0,1,0,0,0,1,1,0,0,0,0,0,0,0,0,0,1.000,1.000,1.000,2.000,509,0.000,1.000,0.0%,0.0%,0.0%,,<a href=https://npb.jp/bis/eng/teams/index_t.html>Hanshin</a>,CL
Sakamoto Seishiro,60,151,127,5,24,3,0,0,27,6,0,0,7,0,26,13,2,4,1,0.189,0.285,0.213,0.498,52,0.024,0.238,25.8%,17.2%,8.6%,0.50,<a href=https://npb.jp/bis/eng/teams/index_t.html>Hanshin</a>,CL
Sato Teruaki,143,603,541,70,143,35,8,20,254,84,11,3,0,7,137,51,5,4,5,0.264,0.328,0.470,0.798,138,0.206,0.315,34.5%,22.7%,8.5%,0.37,<a href=https://npb.jp/bis/eng/teams/index_t.html>Hanshin</a>,CL
Shimada Kairi,123,339,311,36,82,7,2,0,93,17,21,5,9,1,56,15,0,3,3,0.264,0.303,0.299,0.602,82,0.035,0.320,20.9%,16.5%,4.4%,0.27,<a href=https://npb.jp/bis/eng/teams/index_t.html>Hanshin</a>,CL
Takatera Nozomu,8,27,23,0,3,3,0,0,6,2,1,0,1,1,5,2,0,0,0,0.130,0.192,0.261,0.453,35,0.131,0.158,25.9%,18.5%,7.4%,0.40,<a href=https://npb.jp/bis/eng/teams/index_t.html>Hanshin</a>,CL
Takayama Shun,38,56,53,1,10,2,0,0,12,0,2,0,1,0,12,2,0,0,0,0.189,0.218,0.226,0.444,34,0.037,0.244,25.0%,21.4%,3.6%,0.17,<a href=https://npb.jp/bis/eng/teams/index_t.html>Hanshin</a>,CL
Toyoda Hiroshi,5,9,7,0,0,0,0,0,0,0,0,0,1,0,4,1,0,0,1,0.000,0.125,0.000,0.125,-60,0.000,0.000,55.6%,44.4%,11.1%,0.25,<a href=https://npb.jp/bis/eng/teams/index_t.html>Hanshin</a>,CL
Ueda Kai,57,14,12,10,3,0,0,0,3,1,4,2,0,0,1,2,0,0,0,0.250,0.357,0.250,0.607,86,0.000,0.273,21.4%,7.1%,14.3%,2.00,<a href=https://npb.jp/bis/eng/teams/index_t.html>Hanshin</a>,CL
Umeno Ryutaro,100,331,294,26,67,2,1,4,83,25,2,1,6,1,77,30,5,0,16,0.228,0.298,0.282,0.580,76,0.054,0.294,33.5%,23.3%,9.1%,0.39,<a href=https://npb.jp/bis/eng/teams/index_t.html>Hanshin</a>,CL
Wilkerson Aaron,14,18,15,0,1,0,0,0,1,1,0,0,3,0,7,0,0,0,0,0.067,0.067,0.067,0.134,-61,0.000,0.125,38.9%,38.9%,0.0%,0.00,<a href=https://npb.jp/bis/eng/teams/index_t.html>Hanshin</a>,CL
Yamamoto Yasuhiro,86,203,181,19,45,4,0,2,55,15,3,3,10,1,42,10,0,1,1,0.249,0.290,0.304,0.594,79,0.055,0.312,26.6%,20.7%,4.9%,0.24,<a href=https://npb.jp/bis/eng/teams/index_t.html>Hanshin</a>,CL
Yohkawa Naomasa,45,75,68,6,20,6,0,1,29,6,0,0,1,0,20,4,0,2,0,0.294,0.351,0.426,0.777,134,0.132,0.404,33.3%,26.7%,5.3%,0.20,<a href=https://npb.jp/bis/eng/teams/index_t.html>Hanshin</a>,CL
Aizawa Tsubasa,98,325,290,18,60,10,0,3,79,33,0,0,2,4,49,23,0,6,11,0.207,0.276,0.272,0.548,66,0.065,0.236,23.1%,15.1%,7.1%,0.47,<a href=https://npb.jp/bis/eng/teams/index_c.html>Hiroshima</a>,CL
Akiyama Shogo,44,174,155,19,41,6,1,5,64,26,0,0,0,2,34,11,0,6,6,0.265,0.333,0.413,0.746,125,0.148,0.305,28.7%,19.5%,6.3%,0.32,<a href=https://npb.jp/bis/eng/teams/index_c.html>Hiroshima</a>,CL
Anderson Drew,13,17,14,0,1,0,0,0,1,0,0,0,3,0,8,0,0,0,0,0.071,0.071,0.071,0.142,-60,0.000,0.167,47.1%,47.1%,0.0%,0.00,<a href=https://npb.jp/bis/eng/teams/index_c.html>Hiroshima</a>,CL
Chono Hisayoshi,58,134,123,11,26,5,0,3,40,15,2,0,0,1,34,10,0,0,3,0.211,0.269,0.325,0.594,79,0.114,0.264,35.1%,25.4%,7.5%,0.29,<a href=https://npb.jp/bis/eng/teams/index_c.html>Hiroshima</a>,CL
Dohbayashi Shota,101,274,255,25,62,16,0,8,102,28,1,2,5,1,82,11,0,2,6,0.243,0.279,0.400,0.679,104,0.157,0.325,36.9%,29.9%,4.0%,0.13,<a href=https://npb.jp/bis/eng/teams/index_c.html>Hiroshima</a>,CL
Endoh Atsushi,20,32,30,0,2,0,0,0,2,4,0,0,2,0,13,0,0,0,2,0.067,0.067,0.067,0.134,-62,0.000,0.118,40.6%,40.6%,0.0%,0.00,<a href=https://npb.jp/bis/eng/teams/index_c.html>Hiroshima</a>,CL
Hatsuki Ryutaro,44,99,94,10,23,5,2,0,32,10,2,3,1,0,17,4,1,0,1,0.245,0.276,0.340,0.616,86,0.095,0.299,21.2%,17.2%,4.0%,0.24,<a href=https://npb.jp/bis/eng/teams/index_c.html>Hiroshima</a>,CL
Ishihara Tomoki,9,16,13,0,2,0,0,0,2,0,0,0,2,0,3,1,0,0,1,0.154,0.214,0.154,0.368,12,0.000,0.200,25.0%,18.8%,6.2%,0.33,<a href=https://npb.jp/bis/eng/teams/index_c.html>Hiroshima</a>,CL
Isomura Yoshitaka,43,126,114,18,27,5,0,3,41,15,0,0,3,0,20,7,0,2,4,0.237,0.293,0.360,0.653,97,0.123,0.264,23.8%,15.9%,5.6%,0.35,<a href=https://npb.jp/bis/eng/teams/index_c.html>Hiroshima</a>,CL
Kikuchi Ryosuke,123,522,462,51,121,25,1,6,166,45,2,3,32,2,70,24,0,2,7,0.262,0.300,0.359,0.659,99,0.097,0.296,19.2%,13.4%,4.6%,0.34,<a href=https://npb.jp/bis/eng/teams/index_c.html>Hiroshima</a>,CL
Kozono Kaito,127,511,473,57,126,12,6,7,171,38,2,2,8,5,76,24,2,1,11,0.266,0.300,0.362,0.662,101,0.096,0.301,20.9%,14.9%,4.7%,0.32,<a href=https://npb.jp/bis/eng/teams/index_c.html>Hiroshima</a>,CL
Kuri Aren,26,44,35,2,1,0,0,0,1,0,0,0,8,0,14,1,0,0,2,0.029,0.056,0.029,0.085,-77,0.000,0.048,34.1%,31.8%,2.3%,0.07,<a href=https://npb.jp/bis/eng/teams/index_c.html>Hiroshima</a>,CL
Matsuyama Ryuhei,88,166,152,9,33,7,0,2,46,23,0,0,0,3,22,11,1,0,2,0.217,0.265,0.303,0.568,72,0.086,0.237,21.1%,13.3%,6.6%,0.50,<a href=https://npb.jp/bis/eng/teams/index_c.html>Hiroshima</a>,CL
McBroom Ryan,128,508,448,57,122,25,0,17,198,74,0,0,0,3,105,52,2,5,13,0.272,0.352,0.442,0.794,140,0.170,0.319,34.3%,20.7%,10.2%,0.50,<a href=https://npb.jp/bis/eng/teams/index_c.html>Hiroshima</a>,CL
Miyoshi Takumi,10,2,2,0,0,0,0,0,0,0,0,0,0,0,1,0,0,0,0,0.000,0.000,0.000,0.000,-104,0.000,0.000,50.0%,50.0%,0.0%,0.00,<a href=https://npb.jp/bis/eng/teams/index_c.html>Hiroshima</a>,CL
Mochimaru Taiki,5,6,6,0,0,0,0,0,0,0,0,0,0,0,3,0,0,0,0,0.000,0.000,0.000,0.000,-104,0.000,0.000,50.0%,50.0%,0.0%,0.00,<a href=https://npb.jp/bis/eng/teams/index_c.html>Hiroshima</a>,CL
Mori Shohei,8,2,1,0,0,0,0,0,0,0,0,0,1,0,1,0,0,0,0,0.000,0.000,0.000,0.000,-104,0.000,,50.0%,50.0%,0.0%,0.00,<a href=https://npb.jp/bis/eng/teams/index_c.html>Hiroshima</a>,CL
Morishita Masato,27,65,58,4,11,2,1,0,15,7,0,0,6,0,14,1,0,0,0,0.190,0.203,0.259,0.462,38,0.069,0.250,23.1%,21.5%,1.5%,0.07,<a href=https://npb.jp/bis/eng/teams/index_c.html>Hiroshima</a>,CL
Nakamura Kento,63,137,121,12,29,3,0,3,41,10,0,0,7,1,31,8,2,0,1,0.240,0.285,0.339,0.624,88,0.099,0.295,30.7%,22.6%,5.8%,0.26,<a href=https://npb.jp/bis/eng/teams/index_c.html>Hiroshima</a>,CL
Nakamura Shosei,27,58,57,1,11,2,0,0,13,5,0,2,0,0,8,1,0,0,0,0.193,0.207,0.228,0.435,31,0.035,0.224,15.5%,13.8%,1.7%,0.12,<a href=https://npb.jp/bis/eng/teams/index_c.html>Hiroshima</a>,CL
Nirasawa Yuya,7,12,10,0,1,0,0,0,1,0,0,0,1,0,1,1,0,0,0,0.100,0.182,0.100,0.282,-15,0.000,0.111,16.7%,8.3%,8.3%,1.00,<a href=https://npb.jp/bis/eng/teams/index_c.html>Hiroshima</a>,CL
Nishikawa Ryoma,97,424,390,60,123,19,3,10,178,53,2,2,0,2,74,30,4,2,8,0.315,0.366,0.456,0.822,149,0.141,0.367,26.9%,17.5%,7.1%,0.41,<a href=https://npb.jp/bis/eng/teams/index_c.html>Hiroshima</a>,CL
Noma Takayoshi,85,338,317,42,99,21,3,0,126,16,7,5,4,0,53,16,0,1,5,0.312,0.347,0.397,0.744,125,0.085,0.375,20.4%,15.7%,4.7%,0.30,<a href=https://npb.jp/bis/eng/teams/index_c.html>Hiroshima</a>,CL
Nomura Yusuke,9,12,11,1,1,0,0,0,1,2,0,0,1,0,4,0,0,0,0,0.091,0.091,0.091,0.182,-48,0.000,0.143,33.3%,33.3%,0.0%,0.00,<a href=https://npb.jp/bis/eng/teams/index_c.html>Hiroshima</a>,CL
Ohmichi Haruki,3,3,1,0,0,0,0,0,0,0,0,0,1,0,0,1,0,0,0,0.000,0.500,0.000,0.500,64,0.000,0.000,33.3%,0.0%,33.3%,1.00,<a href=https://npb.jp/bis/eng/teams/index_c.html>Hiroshima</a>,CL
Ohmori Minoru,52,76,69,8,14,2,2,1,23,3,0,2,0,0,17,6,0,1,2,0.203,0.276,0.333,0.609,84,0.130,0.255,31.6%,22.4%,7.9%,0.35,<a href=https://npb.jp/bis/eng/teams/index_c.html>Hiroshima</a>,CL
Ohsera Daichi,23,48,39,1,6,0,0,0,6,2,0,0,7,0,18,2,0,0,0,0.154,0.195,0.154,0.349,5,0.000,0.286,41.7%,37.5%,4.2%,0.11,<a href=https://npb.jp/bis/eng/teams/index_c.html>Hiroshima</a>,CL
Sakakura Shogo,143,599,539,73,155,18,3,16,227,68,2,1,0,4,81,46,3,10,14,0.288,0.352,0.421,0.773,135,0.133,0.312,23.9%,13.5%,7.7%,0.57,<a href=https://npb.jp/bis/eng/teams/index_c.html>Hiroshima</a>,CL
Shirahama Yuta,4,6,4,0,0,0,0,0,0,0,0,0,2,0,1,0,0,0,0,0.000,0.000,0.000,0.000,-104,0.000,0.000,16.7%,16.7%,0.0%,0.00,<a href=https://npb.jp/bis/eng/teams/index_c.html>Hiroshima</a>,CL
Sone Kaisei,44,7,6,9,0,0,0,0,0,0,4,3,1,0,3,0,0,0,0,0.000,0.000,0.000,0.000,-104,0.000,0.000,42.9%,42.9%,0.0%,0.00,<a href=https://npb.jp/bis/eng/teams/index_c.html>Hiroshima</a>,CL
Suekane Shota,31,80,77,9,23,3,1,2,34,14,0,0,0,2,20,1,0,0,2,0.299,0.300,0.442,0.742,123,0.143,0.368,28.7%,25.0%,1.2%,0.05,<a href=https://npb.jp/bis/eng/teams/index_c.html>Hiroshima</a>,CL
Tamamura Shogo,9,12,11,0,3,1,0,0,4,1,0,0,1,0,7,0,0,0,0,0.273,0.273,0.364,0.637,91,0.091,0.750,58.3%,58.3%,0.0%,0.00,<a href=https://npb.jp/bis/eng/teams/index_c.html>Hiroshima</a>,CL
Tanaka Kosuke,41,45,40,2,8,1,1,0,11,1,0,1,0,1,14,3,0,1,0,0.200,0.267,0.275,0.542,64,0.075,0.296,37.8%,31.1%,6.7%,0.21,<a href=https://npb.jp/bis/eng/teams/index_c.html>Hiroshima</a>,CL
Tokoda Hiroki,17,38,32,0,6,1,0,0,7,2,0,0,6,0,7,0,0,0,1,0.188,0.188,0.219,0.407,22,0.031,0.240,18.4%,18.4%,0.0%,0.00,<a href=https://npb.jp/bis/eng/teams/index_c.html>Hiroshima</a>,CL
Uemoto Takashi,94,300,261,36,80,9,1,2,97,18,2,1,10,0,31,21,5,8,8,0.307,0.376,0.372,0.748,128,0.065,0.342,18.0%,10.3%,7.0%,0.68,<a href=https://npb.jp/bis/eng/teams/index_c.html>Hiroshima</a>,CL
Ugusa Koki,45,98,88,6,18,2,0,1,23,6,0,1,1,0,23,4,0,5,2,0.205,0.278,0.261,0.539,64,0.056,0.266,28.6%,23.5%,4.1%,0.17,<a href=https://npb.jp/bis/eng/teams/index_c.html>Hiroshima</a>,CL
Yano Masaya,55,78,67,11,13,0,0,2,19,5,0,1,3,0,21,7,0,1,0,0.194,0.280,0.284,0.564,72,0.090,0.250,38.5%,26.9%,9.0%,0.33,<a href=https://npb.jp/bis/eng/teams/index_c.html>Hiroshima</a>,CL
Ariyoshi Yuki,1,1,1,0,0,0,0,0,0,0,0,0,0,0,0,0,0,0,0,0.000,0.000,0.000,0.000,-97,0.000,0.000,0.0%,0.0%,0.0%,,<a href=https://npb.jp/bis/eng/teams/index_db.html>DeNA</a>,CL
Austin Tyler,38,38,32,3,5,2,0,1,10,3,0,0,0,0,14,6,1,0,1,0.156,0.289,0.313,0.602,77,0.157,0.235,55.3%,36.8%,15.8%,0.43,<a href=https://npb.jp/bis/eng/teams/index_db.html>DeNA</a>,CL
Azuma Katsuki,12,15,14,0,1,0,0,0,1,0,0,0,1,0,5,0,0,0,0,0.071,0.071,0.071,0.142,-56,0.000,0.111,33.3%,33.3%,0.0%,0.00,<a href=https://npb.jp/bis/eng/teams/index_db.html>DeNA</a>,CL
Chino Naoto,16,14,13,4,2,0,0,0,2,0,1,0,0,0,5,1,0,0,0,0.154,0.214,0.154,0.368,12,0.000,0.250,42.9%,35.7%,7.1%,0.20,<a href=https://npb.jp/bis/eng/teams/index_db.html>DeNA</a>,CL
Ebina Tatsuo,61,181,158,21,39,4,0,3,52,8,6,5,7,0,43,10,0,6,3,0.247,0.316,0.329,0.645,90,0.082,0.321,30.9%,23.8%,5.5%,0.23,<a href=https://npb.jp/bis/eng/teams/index_db.html>DeNA</a>,CL
Fujita Kazuya,33,40,36,1,9,0,0,0,9,5,0,0,0,0,5,4,0,0,1,0.250,0.325,0.250,0.575,71,0.000,0.290,22.5%,12.5%,10.0%,0.80,<a href=https://npb.jp/bis/eng/teams/index_db.html>DeNA</a>,CL
Gsellman Robert,4,6,6,0,0,0,0,0,0,0,0,0,0,0,3,0,0,0,0,0.000,0.000,0.000,0.000,-97,0.000,0.000,50.0%,50.0%,0.0%,0.00,<a href=https://npb.jp/bis/eng/teams/index_db.html>DeNA</a>,CL
Hamaguchi Haruhiro,19,34,30,0,3,0,0,0,3,1,0,0,4,0,13,0,0,0,0,0.100,0.100,0.100,0.200,-39,0.000,0.176,38.2%,38.2%,0.0%,0.00,<a href=https://npb.jp/bis/eng/teams/index_db.html>DeNA</a>,CL
Hosokawa Seiya,18,20,19,1,1,0,0,1,4,1,0,0,0,0,9,1,0,0,0,0.053,0.100,0.211,0.311,-10,0.158,0.000,55.0%,45.0%,5.0%,0.11,<a href=https://npb.jp/bis/eng/teams/index_db.html>DeNA</a>,CL
Imanaga Shota,21,47,38,2,7,1,0,0,8,4,0,0,8,0,9,1,0,0,1,0.184,0.205,0.211,0.416,23,0.027,0.241,21.3%,19.1%,2.1%,0.11,<a href=https://npb.jp/bis/eng/teams/index_db.html>DeNA</a>,CL
Ishida Kenta,15,29,24,1,4,0,0,0,4,1,0,0,4,0,7,1,0,0,0,0.167,0.200,0.167,0.367,11,0.000,0.235,27.6%,24.1%,3.4%,0.14,<a href=https://npb.jp/bis/eng/teams/index_db.html>DeNA</a>,CL
Ishikawa Tatsuya,3,1,1,0,0,0,0,0,0,0,0,0,0,0,1,0,0,0,0,0.000,0.000,0.000,0.000,-97,0.000,,100.0%,100.0%,0.0%,0.00,<a href=https://npb.jp/bis/eng/teams/index_db.html>DeNA</a>,CL
Itoh Hikaru,40,103,94,9,26,7,0,0,33,8,0,0,0,0,23,8,3,1,3,0.277,0.340,0.351,0.691,103,0.074,0.366,30.1%,22.3%,7.8%,0.35,<a href=https://npb.jp/bis/eng/teams/index_db.html>DeNA</a>,CL
Itoh Yukiya,7,13,13,0,1,0,0,0,1,0,0,0,0,0,6,0,0,0,1,0.077,0.077,0.077,0.154,-52,0.000,0.143,46.2%,46.2%,0.0%,0.00,<a href=https://npb.jp/bis/eng/teams/index_db.html>DeNA</a>,CL
Kajiwara Kouki,6,15,15,2,4,0,0,1,7,2,0,0,0,0,9,0,0,0,0,0.267,0.267,0.467,0.734,111,0.200,0.600,66.7%,60.0%,0.0%,0.00,<a href=https://npb.jp/bis/eng/teams/index_db.html>DeNA</a>,CL
Kamichatani Taiga,13,20,15,0,3,0,0,0,3,1,0,0,3,0,6,2,0,0,0,0.200,0.294,0.200,0.494,48,0.000,0.333,40.0%,30.0%,10.0%,0.33,<a href=https://npb.jp/bis/eng/teams/index_db.html>DeNA</a>,CL
Kamizato Kazuki,81,107,95,12,18,4,3,1,31,10,6,3,1,0,26,8,0,3,1,0.189,0.274,0.326,0.600,75,0.137,0.250,32.7%,24.3%,7.5%,0.31,<a href=https://npb.jp/bis/eng/teams/index_db.html>DeNA</a>,CL
Kuramoto Toshihiko,44,54,52,3,9,0,0,1,12,2,0,0,1,0,12,1,0,0,0,0.173,0.189,0.231,0.420,24,0.058,0.205,25.9%,22.2%,1.9%,0.08,<a href=https://npb.jp/bis/eng/teams/index_db.html>DeNA</a>,CL
Kusumoto Taishi,94,327,282,27,71,13,0,6,102,26,6,2,13,2,55,23,0,7,4,0.252,0.322,0.362,0.684,100,0.110,0.291,25.7%,16.8%,7.0%,0.42,<a href=https://npb.jp/bis/eng/teams/index_db.html>DeNA</a>,CL
Kuwahara Masayuki,130,529,475,61,122,32,1,4,168,39,13,8,7,1,89,42,0,4,3,0.257,0.322,0.354,0.676,99,0.097,0.308,25.5%,16.8%,7.9%,0.47,<a href=https://npb.jp/bis/eng/teams/index_db.html>DeNA</a>,CL
Kyoyama Masaya,17,12,9,1,1,0,0,1,4,1,0,0,2,0,5,1,0,0,1,0.111,0.200,0.444,0.644,84,0.333,0.000,58.3%,41.7%,8.3%,0.20,<a href=https://npb.jp/bis/eng/teams/index_db.html>DeNA</a>,CL
Maeda Yamato,91,277,259,22,64,13,0,1,80,18,1,4,6,1,47,10,0,1,7,0.247,0.277,0.309,0.586,72,0.062,0.297,20.9%,17.0%,3.6%,0.21,<a href=https://npb.jp/bis/eng/teams/index_db.html>DeNA</a>,CL
Maki Shugo,135,568,509,63,148,36,1,24,258,87,3,3,0,6,82,43,4,10,14,0.291,0.354,0.507,0.861,149,0.216,0.303,26.2%,14.4%,7.6%,0.52,<a href=https://npb.jp/bis/eng/teams/index_db.html>DeNA</a>,CL
Mashiko Kyosuke,1,2,1,0,0,0,0,0,0,0,0,0,0,0,1,1,0,0,0,0.000,0.500,0.000,0.500,60,0.000,,100.0%,50.0%,50.0%,1.00,<a href=https://npb.jp/bis/eng/teams/index_db.html>DeNA</a>,CL
Mikami Tomoya,19,1,1,0,0,0,0,0,0,0,0,0,0,0,1,0,0,0,0,0.000,0.000,0.000,0.000,-97,0.000,,100.0%,100.0%,0.0%,0.00,<a href=https://npb.jp/bis/eng/teams/index_db.html>DeNA</a>,CL
Minei Hiroki,93,262,244,15,50,7,0,5,72,30,0,1,5,2,54,6,3,5,10,0.205,0.237,0.295,0.532,56,0.090,0.241,24.8%,20.6%,2.3%,0.11,<a href=https://npb.jp/bis/eng/teams/index_db.html>DeNA</a>,CL
Miura Ginji,6,1,1,0,0,0,0,0,0,0,0,0,0,0,0,0,0,0,0,0.000,0.000,0.000,0.000,-97,0.000,0.000,0.0%,0.0%,0.0%,,<a href=https://npb.jp/bis/eng/teams/index_db.html>DeNA</a>,CL
Miyaguni Ryosuke,17,1,1,0,0,0,0,0,0,0,0,0,0,0,0,0,0,0,0,0.000,0.000,0.000,0.000,-97,0.000,0.000,0.0%,0.0%,0.0%,,<a href=https://npb.jp/bis/eng/teams/index_db.html>DeNA</a>,CL
Miyamoto Shumei,29,39,36,6,5,0,2,1,12,2,0,0,1,0,8,2,0,0,2,0.139,0.184,0.333,0.517,49,0.194,0.148,28.2%,20.5%,5.1%,0.25,<a href=https://npb.jp/bis/eng/teams/index_db.html>DeNA</a>,CL
Miyazaki Toshiro,122,482,434,51,130,24,1,16,204,50,0,0,0,2,35,44,9,2,16,0.300,0.365,0.470,0.835,142,0.170,0.296,19.7%,7.3%,9.1%,1.26,<a href=https://npb.jp/bis/eng/teams/index_db.html>DeNA</a>,CL
Mori Keito,61,168,154,15,36,3,0,2,45,6,5,4,1,0,42,13,2,0,4,0.234,0.293,0.292,0.585,72,0.058,0.309,33.9%,25.0%,7.7%,0.31,<a href=https://npb.jp/bis/eng/teams/index_db.html>DeNA</a>,CL
Ohnuki Shinichi,24,44,33,0,1,0,0,0,1,0,0,0,11,0,13,0,0,0,0,0.030,0.030,0.030,0.060,-79,0.000,0.050,29.5%,29.5%,0.0%,0.00,<a href=https://npb.jp/bis/eng/teams/index_db.html>DeNA</a>,CL
Ohta Taishi,62,153,144,17,40,10,1,5,67,18,0,1,1,1,33,6,0,1,4,0.278,0.309,0.465,0.774,124,0.187,0.327,28.8%,21.6%,3.9%,0.18,<a href=https://npb.jp/bis/eng/teams/index_db.html>DeNA</a>,CL
Romero Fernando,23,30,23,2,1,0,0,0,1,0,0,0,5,0,8,2,0,0,0,0.043,0.120,0.043,0.163,-47,0.000,0.067,33.3%,26.7%,6.7%,0.25,<a href=https://npb.jp/bis/eng/teams/index_db.html>DeNA</a>,CL
Sakaguchi Kousuke,1,1,1,0,0,0,0,0,0,0,0,0,0,0,1,0,0,0,0,0.000,0.000,0.000,0.000,-97,0.000,,100.0%,100.0%,0.0%,0.00,<a href=https://npb.jp/bis/eng/teams/index_db.html>DeNA</a>,CL
Sakamoto Yuya,15,12,11,1,1,0,0,0,1,0,0,0,1,0,5,0,0,0,0,0.091,0.091,0.091,0.182,-44,0.000,0.167,41.7%,41.7%,0.0%,0.00,<a href=https://npb.jp/bis/eng/teams/index_db.html>DeNA</a>,CL
Sano Keita,133,574,526,63,161,29,1,22,258,72,2,1,0,1,57,43,3,4,14,0.306,0.362,0.490,0.852,147,0.184,0.310,21.3%,9.9%,7.5%,0.75,<a href=https://npb.jp/bis/eng/teams/index_db.html>DeNA</a>,CL
Sekine Taiki,104,225,201,28,51,7,1,1,63,13,5,5,10,2,31,9,0,3,2,0.254,0.293,0.313,0.606,78,0.059,0.292,18.2%,13.8%,4.0%,0.29,<a href=https://npb.jp/bis/eng/teams/index_db.html>DeNA</a>,CL
Shibata Tatsuhiro,96,198,169,17,33,5,1,0,40,1,1,2,8,0,29,20,2,1,3,0.195,0.284,0.237,0.521,55,0.042,0.236,24.7%,14.6%,10.1%,0.69,<a href=https://npb.jp/bis/eng/teams/index_db.html>DeNA</a>,CL
Soto Neftali,117,412,368,35,98,25,0,17,174,49,0,0,0,1,103,38,2,5,11,0.266,0.342,0.473,0.815,136,0.207,0.325,38.3%,25.0%,9.2%,0.37,<a href=https://npb.jp/bis/eng/teams/index_db.html>DeNA</a>,CL
Tanabe Hayato,3,5,4,0,0,0,0,0,0,0,0,0,1,0,1,0,0,0,0,0.000,0.000,0.000,0.000,-97,0.000,0.000,20.0%,20.0%,0.0%,0.00,<a href=https://npb.jp/bis/eng/teams/index_db.html>DeNA</a>,CL
Tanaka Shunta,19,19,19,0,3,0,0,0,3,1,0,0,0,0,3,0,0,0,0,0.158,0.158,0.158,0.316,-5,0.000,0.188,15.8%,15.8%,0.0%,0.00,<a href=https://npb.jp/bis/eng/teams/index_db.html>DeNA</a>,CL
Tobashira Yasutaka,72,151,144,12,38,5,0,4,55,16,0,0,1,2,26,3,0,1,2,0.264,0.280,0.382,0.662,93,0.118,0.293,21.9%,17.2%,2.0%,0.12,<a href=https://npb.jp/bis/eng/teams/index_db.html>DeNA</a>,CL
Yamamoto Yuudai,17,32,29,1,3,1,0,0,4,1,0,0,0,1,4,2,1,0,1,0.103,0.156,0.138,0.294,-12,0.035,0.115,18.8%,12.5%,6.2%,0.50,<a href=https://npb.jp/bis/eng/teams/index_db.html>DeNA</a>,CL
Yamashita Kouki,12,12,12,1,1,0,0,0,1,1,0,0,0,0,3,0,0,0,0,0.083,0.083,0.083,0.166,-48,0.000,0.111,25.0%,25.0%,0.0%,0.00,<a href=https://npb.jp/bis/eng/teams/index_db.html>DeNA</a>,CL
Akahoshi Yuji,31,19,18,0,1,0,0,0,1,0,0,0,1,0,11,0,0,0,0,0.056,0.056,0.056,0.112,-64,0.000,0.143,57.9%,57.9%,0.0%,0.00,<a href=https://npb.jp/bis/eng/teams/index_g.html>Yomiuri</a>,CL
Andriese Matt,5,3,3,0,0,0,0,0,0,0,0,0,0,0,3,0,0,0,0,0.000,0.000,0.000,0.000,-98,0.000,,100.0%,100.0%,0.0%,0.00,<a href=https://npb.jp/bis/eng/teams/index_g.html>Yomiuri</a>,CL
De La Rosa Rubby,30,1,1,0,0,0,0,0,0,0,0,0,0,0,0,0,0,0,0,0.000,0.000,0.000,0.000,-98,0.000,0.000,0.0%,0.0%,0.0%,,<a href=https://npb.jp/bis/eng/teams/index_g.html>Yomiuri</a>,CL
Hirooka Taishi,28,60,50,5,9,3,1,0,14,4,0,0,2,0,16,7,0,1,2,0.180,0.293,0.280,0.573,70,0.100,0.265,38.3%,26.7%,11.7%,0.44,<a href=https://npb.jp/bis/eng/teams/index_g.html>Yomiuri</a>,CL
Hotta Kenshin,8,11,9,1,2,0,0,0,2,0,0,1,0,0,3,2,0,0,0,0.222,0.364,0.222,0.586,77,0.000,0.333,45.5%,27.3%,18.2%,0.67,<a href=https://npb.jp/bis/eng/teams/index_g.html>Yomiuri</a>,CL
Imamura Nobutaka,55,1,1,0,0,0,0,0,0,0,0,0,0,0,1,0,0,0,0,0.000,0.000,0.000,0.000,-98,0.000,,100.0%,100.0%,0.0%,0.00,<a href=https://npb.jp/bis/eng/teams/index_g.html>Yomiuri</a>,CL
Inoue Haruto,7,7,5,1,2,0,0,0,2,0,0,0,2,0,2,0,0,0,0,0.400,0.400,0.400,0.800,136,0.000,0.667,28.6%,28.6%,0.0%,0.00,<a href=https://npb.jp/bis/eng/teams/index_g.html>Yomiuri</a>,CL
Ishikawa Shingo,22,32,29,3,8,3,0,0,11,2,0,0,0,0,9,3,1,0,0,0.276,0.344,0.379,0.723,113,0.103,0.400,37.5%,28.1%,9.4%,0.33,<a href=https://npb.jp/bis/eng/teams/index_g.html>Yomiuri</a>,CL
Kagiya Yohei,21,1,1,0,0,0,0,0,0,0,0,0,0,0,1,0,0,0,0,0.000,0.000,0.000,0.000,-98,0.000,,100.0%,100.0%,0.0%,0.00,<a href=https://npb.jp/bis/eng/teams/index_g.html>Yomiuri</a>,CL
Katsuki Kazuya,15,37,35,5,7,2,0,0,9,2,0,0,0,0,8,2,0,0,0,0.200,0.243,0.257,0.500,48,0.057,0.259,27.0%,21.6%,5.4%,0.25,<a href=https://npb.jp/bis/eng/teams/index_g.html>Yomiuri</a>,CL
Kishida Yukinori,25,38,35,1,9,0,0,0,9,1,0,0,0,0,6,2,0,1,0,0.257,0.316,0.257,0.573,71,0.000,0.310,21.1%,15.8%,5.3%,0.33,<a href=https://npb.jp/bis/eng/teams/index_g.html>Yomiuri</a>,CL
Kita Ryusuke,14,9,9,2,1,0,0,0,1,2,0,0,0,0,1,0,0,0,1,0.111,0.111,0.111,0.222,-33,0.000,0.125,11.1%,11.1%,0.0%,0.00,<a href=https://npb.jp/bis/eng/teams/index_g.html>Yomiuri</a>,CL
Kitamura Takumi,33,55,52,3,9,1,1,0,12,1,0,0,1,0,16,1,0,1,2,0.173,0.204,0.231,0.435,29,0.058,0.250,30.9%,29.1%,1.8%,0.06,<a href=https://npb.jp/bis/eng/teams/index_g.html>Yomiuri</a>,CL
Kobayashi Seiji,60,91,88,4,13,5,0,0,18,5,0,0,2,0,20,1,0,0,2,0.148,0.157,0.205,0.362,7,0.057,0.191,23.1%,22.0%,1.1%,0.05,<a href=https://npb.jp/bis/eng/teams/index_g.html>Yomiuri</a>,CL
Kuwahara Takuya,49,2,2,0,0,0,0,0,0,0,0,0,0,0,1,0,0,0,0,0.000,0.000,0.000,0.000,-98,0.000,0.000,50.0%,50.0%,0.0%,0.00,<a href=https://npb.jp/bis/eng/teams/index_g.html>Yomiuri</a>,CL
Maru Yoshihiro,143,607,525,81,143,31,1,27,257,65,6,7,1,0,88,80,1,1,8,0.272,0.370,0.490,0.860,150,0.218,0.283,32.1%,14.5%,13.2%,0.91,<a href=https://npb.jp/bis/eng/teams/index_g.html>Yomiuri</a>,CL
Masuda Daiki,58,22,20,14,3,1,0,0,4,0,11,4,1,0,5,1,0,0,0,0.150,0.190,0.200,0.390,16,0.050,0.200,27.3%,22.7%,4.5%,0.20,<a href=https://npb.jp/bis/eng/teams/index_g.html>Yomiuri</a>,CL
Masuda Riku,69,156,140,15,35,6,0,5,56,16,2,0,2,0,42,13,1,1,3,0.250,0.318,0.400,0.718,110,0.150,0.323,38.5%,26.9%,8.3%,0.31,<a href=https://npb.jp/bis/eng/teams/index_g.html>Yomiuri</a>,CL
Matsubara Seiya,50,76,71,7,8,1,1,0,11,4,2,1,1,0,21,4,0,0,2,0.113,0.160,0.155,0.315,-6,0.042,0.160,32.9%,27.6%,5.3%,0.19,<a href=https://npb.jp/bis/eng/teams/index_g.html>Yomiuri</a>,CL
Mercedes CC,20,34,29,1,7,1,0,0,8,0,0,0,5,0,7,0,0,0,0,0.241,0.241,0.276,0.517,53,0.035,0.318,20.6%,20.6%,0.0%,0.00,<a href=https://npb.jp/bis/eng/teams/index_g.html>Yomiuri</a>,CL
Nakajima Hiroyuki,62,111,99,5,24,6,0,1,33,20,0,1,0,1,24,10,0,1,5,0.242,0.315,0.333,0.648,91,0.091,0.307,31.5%,21.6%,9.0%,0.42,<a href=https://npb.jp/bis/eng/teams/index_g.html>Yomiuri</a>,CL
Nakata Sho,109,375,338,39,91,8,0,24,171,68,0,0,2,4,72,27,2,4,9,0.269,0.327,0.506,0.833,141,0.237,0.272,32.8%,19.2%,7.2%,0.38,<a href=https://npb.jp/bis/eng/teams/index_g.html>Yomiuri</a>,CL
Nakayama Raito,50,142,131,8,26,1,0,0,27,3,3,0,5,0,27,6,0,0,2,0.198,0.234,0.206,0.440,31,0.008,0.250,23.2%,19.0%,4.2%,0.22,<a href=https://npb.jp/bis/eng/teams/index_g.html>Yomiuri</a>,CL
Naoe Daisuke,9,5,5,0,0,0,0,0,0,0,0,0,0,0,3,0,0,0,0,0.000,0.000,0.000,0.000,-98,0.000,0.000,60.0%,60.0%,0.0%,0.00,<a href=https://npb.jp/bis/eng/teams/index_g.html>Yomiuri</a>,CL
Ohshiro Takumi,115,393,346,24,92,11,1,13,144,43,1,0,9,0,77,36,4,2,10,0.266,0.339,0.416,0.755,121,0.150,0.309,32.1%,19.6%,9.2%,0.47,<a href=https://npb.jp/bis/eng/teams/index_g.html>Yomiuri</a>,CL
Okada Yuki,33,22,21,2,2,0,0,0,2,0,0,0,0,0,7,1,0,0,0,0.095,0.136,0.095,0.231,-29,0.000,0.143,36.4%,31.8%,4.5%,0.14,<a href=https://npb.jp/bis/eng/teams/index_g.html>Yomiuri</a>,CL
Okamoto Kazuma,140,589,520,63,131,21,1,30,244,82,1,1,0,2,94,58,7,9,11,0.252,0.336,0.469,0.805,135,0.217,0.254,30.9%,16.0%,9.8%,0.62,<a href=https://npb.jp/bis/eng/teams/index_g.html>Yomiuri</a>,CL
Polanco Gregory,138,484,438,55,105,21,1,24,200,58,2,3,0,3,109,42,1,1,6,0.240,0.306,0.457,0.763,122,0.217,0.263,36.2%,22.5%,8.7%,0.39,<a href=https://npb.jp/bis/eng/teams/index_g.html>Yomiuri</a>,CL
Sakamoto Hayato,83,352,304,35,87,14,0,5,116,33,2,2,0,2,65,45,6,1,3,0.286,0.378,0.382,0.760,124,0.096,0.347,32.7%,18.5%,12.8%,0.69,<a href=https://npb.jp/bis/eng/teams/index_g.html>Yomiuri</a>,CL
Shigenobu Shinnosuke,77,128,111,16,24,3,0,0,27,9,7,3,8,0,28,8,0,1,0,0.216,0.275,0.243,0.518,55,0.027,0.289,28.1%,21.9%,6.2%,0.29,<a href=https://npb.jp/bis/eng/teams/index_g.html>Yomiuri</a>,CL
Shoemaker Matt,18,28,27,1,2,0,0,0,2,1,0,0,1,0,14,0,0,0,0,0.074,0.074,0.074,0.148,-55,0.000,0.154,50.0%,50.0%,0.0%,0.00,<a href=https://npb.jp/bis/eng/teams/index_g.html>Yomiuri</a>,CL
Sugano Tomoyuki,23,51,43,0,2,0,0,0,2,1,0,0,7,0,18,1,0,0,1,0.047,0.068,0.047,0.115,-63,0.000,0.080,37.3%,35.3%,2.0%,0.06,<a href=https://npb.jp/bis/eng/teams/index_g.html>Yomiuri</a>,CL
Takahashi Yuki,10,6,6,0,1,0,0,0,1,0,0,0,0,0,5,0,0,0,0,0.167,0.167,0.167,0.334,-0,0.000,1.000,83.3%,83.3%,0.0%,0.00,<a href=https://npb.jp/bis/eng/teams/index_g.html>Yomiuri</a>,CL
Takanashi Yuhei,59,1,1,0,0,0,0,0,0,0,0,0,0,0,1,0,0,0,0,0.000,0.000,0.000,0.000,-98,0.000,,100.0%,100.0%,0.0%,0.00,<a href=https://npb.jp/bis/eng/teams/index_g.html>Yomiuri</a>,CL
Tateoka Soichiro,54,57,54,11,11,1,0,1,15,3,3,0,0,0,10,3,0,0,0,0.204,0.246,0.278,0.524,55,0.074,0.233,24.6%,17.5%,5.3%,0.30,<a href=https://npb.jp/bis/eng/teams/index_g.html>Yomiuri</a>,CL
Togo Shosei,25,56,51,1,5,1,0,0,6,5,0,0,4,0,26,1,0,0,1,0.098,0.115,0.118,0.233,-29,0.020,0.200,48.2%,46.4%,1.8%,0.04,<a href=https://npb.jp/bis/eng/teams/index_g.html>Yomiuri</a>,CL
Tone Chiaki,9,1,1,0,0,0,0,0,0,0,0,0,0,0,1,0,0,0,0,0.000,0.000,0.000,0.000,-98,0.000,,100.0%,100.0%,0.0%,0.00,<a href=https://npb.jp/bis/eng/teams/index_g.html>Yomiuri</a>,CL
Wakabayashi Akihiro,43,91,80,3,16,3,0,0,19,8,0,1,3,1,24,7,0,0,4,0.200,0.261,0.238,0.499,49,0.038,0.281,34.1%,26.4%,7.7%,0.29,<a href=https://npb.jp/bis/eng/teams/index_g.html>Yomiuri</a>,CL
Walker Adam,124,428,406,58,110,28,1,23,209,52,5,0,0,1,98,18,1,3,11,0.271,0.306,0.515,0.821,138,0.244,0.304,32.5%,22.9%,4.2%,0.18,<a href=https://npb.jp/bis/eng/teams/index_g.html>Yomiuri</a>,CL
Wheeler Zelous,30,64,56,2,11,2,0,2,19,5,0,1,0,0,7,8,1,0,0,0.196,0.297,0.339,0.636,87,0.143,0.191,26.6%,10.9%,12.5%,1.14,<a href=https://npb.jp/bis/eng/teams/index_g.html>Yomiuri</a>,CL
Yamasaki Iori,20,33,26,3,6,1,0,0,7,6,0,0,4,0,9,2,0,1,0,0.231,0.310,0.269,0.579,72,0.038,0.353,33.3%,27.3%,6.1%,0.22,<a href=https://npb.jp/bis/eng/teams/index_g.html>Yomiuri</a>,CL
Yamase Shinnosuke,8,11,11,0,2,1,0,0,3,0,0,0,0,0,2,0,0,0,0,0.182,0.182,0.273,0.455,33,0.091,0.222,18.2%,18.2%,0.0%,0.00,<a href=https://npb.jp/bis/eng/teams/index_g.html>Yomiuri</a>,CL
Yaoita Takumaru,39,48,44,4,10,2,0,0,12,0,0,0,0,0,17,4,0,0,0,0.227,0.292,0.273,0.565,68,0.046,0.370,43.8%,35.4%,8.3%,0.24,<a href=https://npb.jp/bis/eng/teams/index_g.html>Yomiuri</a>,CL
Yoshikawa Naoki,132,567,516,64,143,20,6,7,196,31,16,7,10,1,53,32,0,8,6,0.277,0.329,0.380,0.709,108,0.103,0.298,16.2%,9.3%,5.6%,0.60,<a href=https://npb.jp/bis/eng/teams/index_g.html>Yomiuri</a>,CL
Yuasa Dai,63,36,30,11,3,1,0,1,7,3,3,0,2,0,10,4,0,0,0,0.100,0.206,0.233,0.439,30,0.133,0.105,41.7%,27.8%,11.1%,0.40,<a href=https://npb.jp/bis/eng/teams/index_g.html>Yomiuri</a>,CL
Akahane Yoshihiro,10,12,10,1,1,0,0,0,1,0,0,0,1,0,5,0,0,1,0,0.100,0.182,0.100,0.282,-13,0.000,0.200,41.7%,41.7%,0.0%,0.00,<a href=https://npb.jp/bis/eng/teams/index_s.html>Yakult</a>,CL
Aoki Norichika,81,256,222,27,55,8,1,5,80,22,3,1,0,3,28,28,0,3,7,0.248,0.336,0.360,0.696,102,0.112,0.260,23.8%,10.9%,10.9%,1.00,<a href=https://npb.jp/bis/eng/teams/index_s.html>Yakult</a>,CL
Araki Takahiro,47,28,22,4,3,1,0,0,4,0,0,0,0,0,7,6,0,0,0,0.136,0.321,0.182,0.503,51,0.046,0.200,46.4%,25.0%,21.4%,0.86,<a href=https://npb.jp/bis/eng/teams/index_s.html>Yakult</a>,CL
Hamada Taiki,73,148,141,12,29,5,1,6,54,14,0,1,1,0,34,6,0,0,5,0.206,0.238,0.383,0.621,78,0.177,0.228,31.1%,23.0%,4.1%,0.18,<a href=https://npb.jp/bis/eng/teams/index_s.html>Yakult</a>,CL
Hara Juri,22,40,34,0,2,1,0,0,3,2,0,0,3,0,11,2,0,1,0,0.059,0.135,0.088,0.223,-30,0.029,0.087,32.5%,27.5%,5.0%,0.18,<a href=https://npb.jp/bis/eng/teams/index_s.html>Yakult</a>,CL
Hoshi Tomoya,7,1,1,0,0,0,0,0,0,0,0,0,0,0,0,0,0,0,1,0.000,0.000,0.000,0.000,-95,0.000,0.000,0.0%,0.0%,0.0%,,<a href=https://npb.jp/bis/eng/teams/index_s.html>Yakult</a>,CL
Ichikawa Yuta,6,1,1,0,0,0,0,0,0,0,0,0,0,0,1,0,0,0,0,0.000,0.000,0.000,0.000,-95,0.000,,100.0%,100.0%,0.0%,0.00,<a href=https://npb.jp/bis/eng/teams/index_s.html>Yakult</a>,CL
Ishikawa Masanori,16,26,20,0,2,0,0,0,2,0,0,0,4,0,3,2,0,0,0,0.100,0.182,0.100,0.282,-13,0.000,0.118,19.2%,11.5%,7.7%,0.67,<a href=https://npb.jp/bis/eng/teams/index_s.html>Yakult</a>,CL
Kanakubo Yuto,3,3,3,0,0,0,0,0,0,0,0,0,0,0,0,0,0,0,1,0.000,0.000,0.000,0.000,-95,0.000,0.000,0.0%,0.0%,0.0%,,<a href=https://npb.jp/bis/eng/teams/index_s.html>Yakult</a>,CL
Kawabata Shingo,52,64,57,1,10,1,0,0,11,7,0,0,0,2,7,4,1,1,1,0.175,0.234,0.193,0.427,27,0.018,0.192,17.2%,10.9%,6.2%,0.57,<a href=https://npb.jp/bis/eng/teams/index_s.html>Yakult</a>,CL
Kivlehan Patrick,29,87,83,10,20,3,0,6,41,14,0,1,0,1,21,2,0,1,1,0.241,0.264,0.494,0.758,115,0.253,0.246,33.3%,24.1%,2.3%,0.10,<a href=https://npb.jp/bis/eng/teams/index_s.html>Yakult</a>,CL
Koga Yudai,37,77,71,2,13,3,0,0,16,4,0,0,2,2,11,2,1,0,3,0.183,0.200,0.225,0.425,26,0.042,0.210,16.9%,14.3%,2.6%,0.18,<a href=https://npb.jp/bis/eng/teams/index_s.html>Yakult</a>,CL
Kozawa Reiji,10,14,12,1,2,0,0,0,2,0,0,0,2,0,4,0,0,0,0,0.167,0.167,0.167,0.334,-0,0.000,0.250,28.6%,28.6%,0.0%,0.00,<a href=https://npb.jp/bis/eng/teams/index_s.html>Yakult</a>,CL
Maruyama Kazuya,71,97,90,14,21,4,0,1,28,9,2,3,4,0,25,1,0,2,2,0.233,0.258,0.311,0.569,65,0.078,0.312,27.8%,25.8%,1.0%,0.04,<a href=https://npb.jp/bis/eng/teams/index_s.html>Yakult</a>,CL
Matsumoto Naoki,10,20,20,3,4,0,0,2,10,5,0,0,0,0,1,0,0,0,2,0.200,0.200,0.500,0.700,97,0.300,0.118,15.0%,5.0%,0.0%,0.00,<a href=https://npb.jp/bis/eng/teams/index_s.html>Yakult</a>,CL
Matsumoto Yu,7,19,17,4,6,1,0,0,7,0,0,0,0,0,5,2,0,0,0,0.353,0.421,0.412,0.833,142,0.059,0.500,36.8%,26.3%,10.5%,0.40,<a href=https://npb.jp/bis/eng/teams/index_s.html>Yakult</a>,CL
Miyamoto Takeshi,66,134,114,10,29,6,0,1,38,8,0,0,7,0,15,8,0,5,3,0.254,0.331,0.333,0.664,94,0.079,0.286,17.9%,11.2%,6.0%,0.53,<a href=https://npb.jp/bis/eng/teams/index_s.html>Yakult</a>,CL
Motoyama Hiyu,13,28,27,4,4,3,0,1,10,2,0,0,1,0,5,0,0,0,2,0.148,0.148,0.370,0.518,47,0.222,0.143,21.4%,17.9%,0.0%,0.00,<a href=https://npb.jp/bis/eng/teams/index_s.html>Yakult</a>,CL
Murakami Munetaka,141,612,487,114,155,21,1,56,346,134,12,7,0,0,128,118,25,7,7,0.318,0.458,0.710,1.168,230,0.392,0.327,49.3%,20.9%,19.3%,0.92,<a href=https://npb.jp/bis/eng/teams/index_s.html>Yakult</a>,CL
Nagaoka Hideki,139,548,511,44,123,22,0,9,172,48,2,3,10,3,72,20,1,4,10,0.241,0.273,0.337,0.610,77,0.096,0.263,18.4%,13.1%,3.6%,0.28,<a href=https://npb.jp/bis/eng/teams/index_s.html>Yakult</a>,CL
Nakamura Yuhei,86,307,266,23,70,9,1,5,96,28,0,0,8,3,36,26,0,4,10,0.263,0.334,0.361,0.695,101,0.098,0.285,21.8%,11.7%,8.5%,0.72,<a href=https://npb.jp/bis/eng/teams/index_s.html>Yakult</a>,CL
Namiki Hidetaka,14,23,22,3,4,0,2,0,8,0,2,0,1,0,3,0,0,0,1,0.182,0.182,0.364,0.546,56,0.182,0.211,13.0%,13.0%,0.0%,0.00,<a href=https://npb.jp/bis/eng/teams/index_s.html>Yakult</a>,CL
Nishida Akihisa,10,13,13,0,4,0,0,0,4,1,0,0,0,0,4,0,0,0,0,0.308,0.308,0.308,0.616,80,0.000,0.444,30.8%,30.8%,0.0%,0.00,<a href=https://npb.jp/bis/eng/teams/index_s.html>Yakult</a>,CL
Nishiura Naomichi,6,15,14,0,1,0,0,0,1,0,0,0,1,0,8,0,0,0,1,0.071,0.071,0.071,0.142,-55,0.000,0.167,53.3%,53.3%,0.0%,0.00,<a href=https://npb.jp/bis/eng/teams/index_s.html>Yakult</a>,CL
Ogawa Yasuhiro,25,51,44,1,6,1,0,1,10,3,0,0,7,0,14,0,0,0,1,0.136,0.136,0.227,0.363,6,0.091,0.172,29.4%,27.5%,0.0%,0.00,<a href=https://npb.jp/bis/eng/teams/index_s.html>Yakult</a>,CL
Ohta Kengo,37,131,118,16,32,5,1,1,42,8,0,0,4,0,24,8,0,1,1,0.271,0.323,0.356,0.679,97,0.085,0.333,25.2%,18.3%,6.1%,0.33,<a href=https://npb.jp/bis/eng/teams/index_s.html>Yakult</a>,CL
Okugawa Yasunobu,1,1,1,0,0,0,0,0,0,0,0,0,0,0,1,0,0,0,0,0.000,0.000,0.000,0.000,-95,0.000,,100.0%,100.0%,0.0%,0.00,<a href=https://npb.jp/bis/eng/teams/index_s.html>Yakult</a>,CL
Okumura Nobuyuki,43,44,41,5,6,0,0,0,6,2,0,0,1,0,16,2,0,0,0,0.146,0.186,0.146,0.332,0,0.000,0.240,40.9%,36.4%,4.5%,0.12,<a href=https://npb.jp/bis/eng/teams/index_s.html>Yakult</a>,CL
Osuna Jose,138,529,496,49,135,19,2,20,218,74,2,3,0,3,93,29,4,1,11,0.272,0.312,0.440,0.752,116,0.168,0.298,26.8%,17.6%,5.5%,0.31,<a href=https://npb.jp/bis/eng/teams/index_s.html>Yakult</a>,CL
Sakaguchi Tomotaka,24,47,43,2,12,3,0,0,15,2,0,0,0,0,13,3,0,1,0,0.279,0.340,0.349,0.689,100,0.070,0.400,34.0%,27.7%,6.4%,0.23,<a href=https://npb.jp/bis/eng/teams/index_s.html>Yakult</a>,CL
Sakamoto Koshiro,7,1,1,0,0,0,0,0,0,0,0,0,0,0,1,0,0,0,0,0.000,0.000,0.000,0.000,-95,0.000,,100.0%,100.0%,0.0%,0.00,<a href=https://npb.jp/bis/eng/teams/index_s.html>Yakult</a>,CL
Santana Domingo,60,215,189,26,52,7,0,15,104,35,0,0,0,2,73,23,0,1,6,0.275,0.353,0.550,0.903,156,0.275,0.359,51.6%,34.0%,10.7%,0.32,<a href=https://npb.jp/bis/eng/teams/index_s.html>Yakult</a>,CL
Shima Motohiro,2,2,2,0,0,0,0,0,0,0,0,0,0,0,1,0,0,0,1,0.000,0.000,0.000,0.000,-95,0.000,0.000,50.0%,50.0%,0.0%,0.00,<a href=https://npb.jp/bis/eng/teams/index_s.html>Yakult</a>,CL
Shiomi Yasutaka,130,567,508,83,140,30,6,16,230,54,24,7,1,3,122,43,1,12,6,0.276,0.345,0.453,0.798,129,0.177,0.332,31.9%,21.5%,7.6%,0.35,<a href=https://npb.jp/bis/eng/teams/index_s.html>Yakult</a>,CL
Sneed Cy,23,45,39,2,4,0,0,0,4,1,0,0,4,0,25,2,0,0,0,0.103,0.146,0.103,0.249,-23,0.000,0.286,60.0%,55.6%,4.4%,0.08,<a href=https://npb.jp/bis/eng/teams/index_s.html>Yakult</a>,CL
Suarez Andrew,6,4,3,0,1,0,0,0,1,0,0,0,1,0,1,0,0,0,1,0.333,0.333,0.333,0.666,94,0.000,0.500,25.0%,25.0%,0.0%,0.00,<a href=https://npb.jp/bis/eng/teams/index_s.html>Yakult</a>,CL
Takahashi Keiji,17,29,23,1,5,0,0,0,5,1,0,0,4,0,12,2,0,0,0,0.217,0.280,0.217,0.497,47,0.000,0.455,48.3%,41.4%,6.9%,0.17,<a href=https://npb.jp/bis/eng/teams/index_s.html>Yakult</a>,CL
Takanashi Hirotoshi,20,32,27,0,1,0,0,0,1,1,0,0,4,0,19,1,0,0,0,0.037,0.071,0.037,0.108,-64,0.000,0.125,62.5%,59.4%,3.1%,0.05,<a href=https://npb.jp/bis/eng/teams/index_s.html>Yakult</a>,CL
Takeoka Ryusei,7,18,17,3,7,0,1,0,9,3,0,0,0,0,3,0,0,1,0,0.412,0.444,0.529,0.973,179,0.117,0.500,16.7%,16.7%,0.0%,0.00,<a href=https://npb.jp/bis/eng/teams/index_s.html>Yakult</a>,CL
Uchikawa Seiichi,7,17,16,2,4,2,0,0,6,1,0,0,0,0,2,1,0,0,0,0.250,0.294,0.375,0.669,93,0.125,0.286,17.6%,11.8%,5.9%,0.50,<a href=https://npb.jp/bis/eng/teams/index_s.html>Yakult</a>,CL
Uchiyama Souma,74,197,177,25,41,11,0,4,64,19,0,0,3,0,52,16,0,1,6,0.232,0.299,0.362,0.661,91,0.130,0.306,36.5%,26.4%,8.1%,0.31,<a href=https://npb.jp/bis/eng/teams/index_s.html>Yakult</a>,CL
Watanabe Daiki,49,17,16,6,2,1,0,0,3,2,2,1,1,0,5,0,0,0,0,0.125,0.125,0.188,0.313,-8,0.063,0.182,29.4%,29.4%,0.0%,0.00,<a href=https://npb.jp/bis/eng/teams/index_s.html>Yakult</a>,CL
Yamada Tetsuto,130,540,469,69,114,31,0,23,214,65,10,2,0,5,140,60,1,6,7,0.243,0.333,0.456,0.789,126,0.213,0.293,41.3%,25.9%,11.1%,0.43,<a href=https://npb.jp/bis/eng/teams/index_s.html>Yakult</a>,CL
Yamamoto Daiki,5,1,1,0,0,0,0,0,0,0,0,0,0,0,0,0,0,0,0,0.000,0.000,0.000,0.000,-95,0.000,0.000,0.0%,0.0%,0.0%,,<a href=https://npb.jp/bis/eng/teams/index_s.html>Yakult</a>,CL
Yamasaki Kotaro,118,378,341,52,88,12,4,2,114,37,10,5,9,2,65,24,0,2,5,0.258,0.309,0.334,0.643,87,0.076,0.312,24.1%,17.2%,6.3%,0.37,<a href=https://npb.jp/bis/eng/teams/index_s.html>Yakult</a>,CL
Yamashita Hikaru,2,4,3,0,1,0,0,0,1,0,0,0,0,0,2,1,0,0,0,0.333,0.500,0.333,0.833,145,0.000,1.000,75.0%,50.0%,25.0%,0.50,<a href=https://npb.jp/bis/eng/teams/index_s.html>Yakult</a>,CL
Yoshida Daiki,2,3,1,0,0,0,0,0,0,0,0,0,2,0,0,0,0,0,0,0.000,0.000,0.000,0.000,-95,0.000,0.000,0.0%,0.0%,0.0%,,<a href=https://npb.jp/bis/eng/teams/index_s.html>Yakult</a>,CL
Abe Toshiki,133,548,486,44,131,31,2,9,193,57,3,1,3,6,105,49,0,4,14,0.270,0.338,0.397,0.735,126,0.127,0.323,29.7%,19.2%,8.9%,0.47,<a href=https://npb.jp/bis/eng/teams/index_d.html>Chunichi</a>,CL
Donoue Naomichi,16,18,18,0,5,0,0,0,5,0,0,0,0,0,4,0,0,0,1,0.278,0.278,0.278,0.556,70,0.000,0.357,22.2%,22.2%,0.0%,0.00,<a href=https://npb.jp/bis/eng/teams/index_d.html>Chunichi</a>,CL
Fukuda Nobumasa,25,29,28,1,6,1,0,1,10,2,0,0,0,0,7,1,0,0,0,0.214,0.241,0.357,0.598,81,0.143,0.250,31.0%,24.1%,3.4%,0.14,<a href=https://npb.jp/bis/eng/teams/index_d.html>Chunichi</a>,CL
Fukudome Kosuke,23,30,24,0,1,1,0,0,2,3,0,0,0,2,11,4,0,0,0,0.042,0.167,0.083,0.250,-24,0.041,0.067,50.0%,36.7%,13.3%,0.36,<a href=https://npb.jp/bis/eng/teams/index_d.html>Chunichi</a>,CL
Fukumoto Yuma,1,4,4,0,1,0,0,0,1,0,0,0,0,0,0,0,0,0,0,0.250,0.250,0.250,0.500,53,0.000,0.250,0.0%,0.0%,0.0%,,<a href=https://npb.jp/bis/eng/teams/index_d.html>Chunichi</a>,CL
Fukutani Koji,5,10,8,0,2,0,0,0,2,1,0,0,1,0,2,1,0,0,0,0.250,0.333,0.250,0.583,82,0.000,0.333,30.0%,20.0%,10.0%,0.50,<a href=https://npb.jp/bis/eng/teams/index_d.html>Chunichi</a>,CL
Garcia Guillermo,2,9,9,0,1,0,0,0,1,0,0,0,0,0,5,0,0,0,0,0.111,0.111,0.111,0.222,-36,0.000,0.250,55.6%,55.6%,0.0%,0.00,<a href=https://npb.jp/bis/eng/teams/index_d.html>Chunichi</a>,CL
Gotoh Shunta,35,58,50,3,8,1,2,0,13,4,0,1,2,0,10,4,1,2,0,0.160,0.250,0.260,0.510,55,0.100,0.200,24.1%,17.2%,6.9%,0.40,<a href=https://npb.jp/bis/eng/teams/index_d.html>Chunichi</a>,CL
Gunji Yuya,33,48,42,0,8,1,0,0,9,0,0,0,0,0,12,5,0,1,4,0.190,0.292,0.214,0.506,56,0.024,0.267,35.4%,25.0%,10.4%,0.42,<a href=https://npb.jp/bis/eng/teams/index_d.html>Chunichi</a>,CL
Hashimoto Yuki,4,2,1,0,0,0,0,0,0,0,0,0,1,0,1,0,0,0,0,0.000,0.000,0.000,0.000,-106,0.000,,50.0%,50.0%,0.0%,0.00,<a href=https://npb.jp/bis/eng/teams/index_d.html>Chunichi</a>,CL
Hirata Ryosuke,51,83,75,8,15,3,0,1,21,10,0,0,0,0,20,7,0,1,2,0.200,0.277,0.280,0.557,71,0.080,0.259,33.7%,24.1%,8.4%,0.35,<a href=https://npb.jp/bis/eng/teams/index_d.html>Chunichi</a>,CL
Ishibashi Kota,31,75,67,3,12,5,1,0,19,4,0,0,6,0,11,2,0,0,1,0.179,0.203,0.284,0.487,47,0.105,0.214,17.3%,14.7%,2.7%,0.18,<a href=https://npb.jp/bis/eng/teams/index_d.html>Chunichi</a>,CL
Ishigaki Masami,50,74,68,5,11,0,0,3,20,6,0,0,4,0,28,2,0,0,1,0.162,0.186,0.294,0.480,44,0.132,0.216,44.6%,37.8%,2.7%,0.07,<a href=https://npb.jp/bis/eng/teams/index_d.html>Chunichi</a>,CL
Ishikawa Takaya,37,141,129,11,29,7,1,5,53,19,0,0,1,3,29,7,1,1,0,0.225,0.264,0.411,0.675,104,0.186,0.245,29.1%,20.6%,5.0%,0.24,<a href=https://npb.jp/bis/eng/teams/index_d.html>Chunichi</a>,CL
Ishioka Ryota,11,29,25,1,9,0,0,0,9,1,0,0,2,0,6,1,0,1,1,0.360,0.407,0.360,0.767,139,0.000,0.474,24.1%,20.7%,3.4%,0.17,<a href=https://npb.jp/bis/eng/teams/index_d.html>Chunichi</a>,CL
Itoh Kosuke,28,27,26,3,6,3,0,0,9,1,0,0,0,0,5,1,0,0,0,0.231,0.259,0.346,0.605,84,0.115,0.286,22.2%,18.5%,3.7%,0.20,<a href=https://npb.jp/bis/eng/teams/index_d.html>Chunichi</a>,CL
Kasahara Shotaro,4,5,5,0,0,0,0,0,0,0,0,0,0,0,3,0,0,0,0,0.000,0.000,0.000,0.000,-106,0.000,0.000,60.0%,60.0%,0.0%,0.00,<a href=https://npb.jp/bis/eng/teams/index_d.html>Chunichi</a>,CL
Katoh Shohei,66,31,27,13,6,2,0,1,11,5,3,0,2,0,5,2,0,0,0,0.222,0.276,0.407,0.683,107,0.185,0.238,25.8%,16.1%,6.5%,0.40,<a href=https://npb.jp/bis/eng/teams/index_d.html>Chunichi</a>,CL
Katsuno Akiyoshi,8,16,14,2,3,2,0,1,8,2,0,0,2,0,6,0,0,0,0,0.214,0.214,0.571,0.785,134,0.357,0.286,43.8%,37.5%,0.0%,0.00,<a href=https://npb.jp/bis/eng/teams/index_d.html>Chunichi</a>,CL
Katsura Iori,10,9,9,1,2,0,0,0,2,0,0,0,0,0,2,0,0,0,0,0.222,0.222,0.222,0.444,35,0.000,0.286,22.2%,22.2%,0.0%,0.00,<a href=https://npb.jp/bis/eng/teams/index_d.html>Chunichi</a>,CL
Kinoshita Takuya,120,466,419,24,103,16,3,6,143,48,2,0,12,6,38,27,3,1,5,0.246,0.289,0.341,0.630,93,0.095,0.255,15.2%,8.2%,5.8%,0.71,<a href=https://npb.jp/bis/eng/teams/index_d.html>Chunichi</a>,CL
Kyoda Yota,43,143,128,11,22,5,1,3,38,8,1,0,2,0,21,10,3,3,1,0.172,0.248,0.297,0.545,66,0.125,0.183,23.8%,14.7%,7.0%,0.48,<a href=https://npb.jp/bis/eng/teams/index_d.html>Chunichi</a>,CL
Martinez Ariel,82,286,254,29,70,15,1,8,111,24,1,1,0,2,55,23,1,7,8,0.276,0.350,0.437,0.787,141,0.161,0.321,30.1%,19.2%,8.0%,0.42,<a href=https://npb.jp/bis/eng/teams/index_d.html>Chunichi</a>,CL
Matsuba Takahiro,19,32,24,0,2,1,0,0,3,2,0,0,8,0,11,0,0,0,0,0.083,0.083,0.125,0.208,-41,0.042,0.154,34.4%,34.4%,0.0%,0.00,<a href=https://npb.jp/bis/eng/teams/index_d.html>Chunichi</a>,CL
Mitsumata Taiki,58,154,123,6,26,8,0,0,34,10,1,0,13,1,39,16,1,1,4,0.211,0.305,0.276,0.581,80,0.065,0.306,35.7%,25.3%,10.4%,0.41,<a href=https://npb.jp/bis/eng/teams/index_d.html>Chunichi</a>,CL
Miyoshi Hironori,45,61,55,7,12,2,1,1,19,2,6,0,4,0,16,2,0,0,0,0.218,0.246,0.345,0.591,79,0.127,0.289,31.1%,26.2%,3.3%,0.12,<a href=https://npb.jp/bis/eng/teams/index_d.html>Chunichi</a>,CL
Mizowaki Hayato,87,157,139,7,35,5,1,0,42,9,2,1,8,2,26,8,0,0,2,0.252,0.289,0.302,0.591,82,0.050,0.304,21.7%,16.6%,5.1%,0.31,<a href=https://npb.jp/bis/eng/teams/index_d.html>Chunichi</a>,CL
Neo Akira,49,46,40,2,8,2,0,0,10,4,0,0,1,0,9,5,0,0,1,0.200,0.289,0.250,0.539,66,0.050,0.258,30.4%,19.6%,10.9%,0.56,<a href=https://npb.jp/bis/eng/teams/index_d.html>Chunichi</a>,CL
Ogasawara Shinnosuke,22,46,41,3,4,1,0,0,5,0,0,0,3,0,22,2,0,0,0,0.098,0.140,0.122,0.262,-22,0.024,0.211,52.2%,47.8%,4.3%,0.09,<a href=https://npb.jp/bis/eng/teams/index_d.html>Chunichi</a>,CL
Ohno Shota,8,21,17,2,5,0,0,0,5,0,0,1,1,0,4,3,0,0,0,0.294,0.400,0.294,0.694,117,0.000,0.385,33.3%,19.0%,14.3%,0.75,<a href=https://npb.jp/bis/eng/teams/index_d.html>Chunichi</a>,CL
Ohno Yudai,23,48,42,1,2,0,0,0,2,0,0,0,5,0,21,1,0,0,1,0.048,0.070,0.048,0.118,-68,0.000,0.095,45.8%,43.8%,2.1%,0.05,<a href=https://npb.jp/bis/eng/teams/index_d.html>Chunichi</a>,CL
Ohshima Yohei,109,482,436,48,137,18,1,1,160,20,11,4,3,0,52,34,5,9,1,0.314,0.376,0.367,0.743,131,0.053,0.355,18.0%,10.8%,7.1%,0.65,<a href=https://npb.jp/bis/eng/teams/index_d.html>Chunichi</a>,CL
Okabayashi Yuki,142,608,553,58,161,25,10,0,206,32,24,6,22,1,67,29,1,3,4,0.291,0.329,0.373,0.702,116,0.082,0.331,15.8%,11.0%,4.8%,0.43,<a href=https://npb.jp/bis/eng/teams/index_d.html>Chunichi</a>,CL
Okada Toshiya,2,2,2,0,0,0,0,0,0,0,0,0,0,0,1,0,0,0,0,0.000,0.000,0.000,0.000,-106,0.000,0.000,50.0%,50.0%,0.0%,0.00,<a href=https://npb.jp/bis/eng/teams/index_d.html>Chunichi</a>,CL
Okano Yuichiro,4,4,4,0,2,0,0,0,2,2,0,0,0,0,2,0,0,0,0,0.500,0.500,0.500,1.000,212,0.000,1.000,50.0%,50.0%,0.0%,0.00,<a href=https://npb.jp/bis/eng/teams/index_d.html>Chunichi</a>,CL
Revilla Pedro,21,66,64,1,13,2,0,1,18,3,0,0,0,0,30,2,0,0,3,0.203,0.227,0.281,0.508,54,0.078,0.364,50.0%,45.5%,3.0%,0.07,<a href=https://npb.jp/bis/eng/teams/index_d.html>Chunichi</a>,CL
Shimizu Tatsuya,54,1,1,0,0,0,0,0,0,0,0,0,0,0,1,0,0,0,0,0.000,0.000,0.000,0.000,-106,0.000,,100.0%,100.0%,0.0%,0.00,<a href=https://npb.jp/bis/eng/teams/index_d.html>Chunichi</a>,CL
Suzuki Hiroshi,3,2,2,0,0,0,0,0,0,0,0,0,0,0,1,0,0,0,0,0.000,0.000,0.000,0.000,-106,0.000,0.000,50.0%,50.0%,0.0%,0.00,<a href=https://npb.jp/bis/eng/teams/index_d.html>Chunichi</a>,CL
Takahashi Hiroto,19,44,37,1,4,1,0,0,5,4,0,0,7,0,12,0,0,0,2,0.108,0.108,0.135,0.243,-30,0.027,0.160,27.3%,27.3%,0.0%,0.00,<a href=https://npb.jp/bis/eng/teams/index_d.html>Chunichi</a>,CL
Takahashi Shuhei,78,290,265,18,66,7,1,2,81,21,1,1,1,1,43,16,0,7,8,0.249,0.308,0.306,0.614,89,0.057,0.290,21.0%,14.8%,5.5%,0.37,<a href=https://npb.jp/bis/eng/teams/index_d.html>Chunichi</a>,CL
Takamatsu Wataru,51,14,14,17,1,0,0,0,1,0,5,3,0,0,5,0,0,0,0,0.071,0.071,0.071,0.142,-62,0.000,0.111,35.7%,35.7%,0.0%,0.00,<a href=https://npb.jp/bis/eng/teams/index_d.html>Chunichi</a>,CL
Takino Kaname,11,10,10,1,3,0,0,0,3,0,1,1,0,0,3,0,0,0,0,0.300,0.300,0.300,0.600,85,0.000,0.429,30.0%,30.0%,0.0%,0.00,<a href=https://npb.jp/bis/eng/teams/index_d.html>Chunichi</a>,CL
Tsuchida Ryuku,62,229,210,15,52,7,1,0,61,12,3,2,6,2,43,7,3,4,7,0.248,0.283,0.290,0.573,76,0.042,0.308,21.8%,18.8%,3.1%,0.16,<a href=https://npb.jp/bis/eng/teams/index_d.html>Chunichi</a>,CL
Ueda Kotaro,8,12,11,0,0,0,0,0,0,0,0,0,1,0,8,0,0,0,1,0.000,0.000,0.000,0.000,-106,0.000,0.000,66.7%,66.7%,0.0%,0.00,<a href=https://npb.jp/bis/eng/teams/index_d.html>Chunichi</a>,CL
Ukai Kosuke,59,195,180,14,37,8,1,4,59,16,1,0,0,1,64,9,0,5,0,0.206,0.262,0.328,0.590,80,0.122,0.292,39.5%,32.8%,4.6%,0.14,<a href=https://npb.jp/bis/eng/teams/index_d.html>Chunichi</a>,CL
Viciedo Dayan,129,532,483,52,142,27,0,14,211,63,1,1,0,2,59,40,2,7,20,0.294,0.355,0.437,0.792,144,0.143,0.311,21.2%,11.1%,7.5%,0.68,<a href=https://npb.jp/bis/eng/teams/index_d.html>Chunichi</a>,CL
Wakamatsu Luke,2,4,3,0,0,0,0,0,0,0,0,0,0,0,0,1,0,0,0,0.000,0.250,0.000,0.250,-20,0.000,0.000,25.0%,0.0%,25.0%,1.00,<a href=https://npb.jp/bis/eng/teams/index_d.html>Chunichi</a>,CL
Watanabe Masaru,10,9,9,0,2,0,0,0,2,0,0,0,0,0,3,0,0,0,0,0.222,0.222,0.222,0.444,35,0.000,0.333,33.3%,33.3%,0.0%,0.00,<a href=https://npb.jp/bis/eng/teams/index_d.html>Chunichi</a>,CL
Yamashita Ayatsugu,20,24,23,1,3,0,0,1,6,1,0,0,0,0,8,1,0,0,0,0.130,0.167,0.261,0.428,28,0.131,0.143,41.7%,33.3%,4.2%,0.12,<a href=https://npb.jp/bis/eng/teams/index_d.html>Chunichi</a>,CL
Yanagi Yuya,25,50,46,1,4,1,0,0,5,1,0,0,2,1,20,1,0,0,0,0.087,0.104,0.109,0.213,-38,0.022,0.148,42.0%,40.0%,2.0%,0.05,<a href=https://npb.jp/bis/eng/teams/index_d.html>Chunichi</a>,CL
Adachi Ryoichi,65,243,206,19,54,7,1,1,66,18,3,0,8,1,46,26,0,2,3,0.262,0.349,0.320,0.669,104,0.058,0.331,30.0%,18.9%,10.7%,0.57,<a href=https://npb.jp/bis/eng/teams/index_b.html>ORIX</a>,PL
Fukuda Shuhei,118,502,448,65,120,11,6,0,143,24,9,7,14,0,50,32,0,8,8,0.268,0.328,0.319,0.647,97,0.051,0.302,16.3%,10.0%,6.4%,0.64,<a href=https://npb.jp/bis/eng/teams/index_b.html>ORIX</a>,PL
Fukunaga Sho,5,8,8,0,1,0,0,0,1,0,0,0,0,0,2,0,0,0,0,0.125,0.125,0.125,0.250,-26,0.000,0.167,25.0%,25.0%,0.0%,0.00,<a href=https://npb.jp/bis/eng/teams/index_b.html>ORIX</a>,PL
Fushimi Torai,76,235,205,16,47,12,1,3,70,21,2,1,16,1,42,8,0,5,7,0.229,0.274,0.341,0.615,85,0.112,0.273,22.6%,17.9%,3.4%,0.19,<a href=https://npb.jp/bis/eng/teams/index_b.html>ORIX</a>,PL
Gen Kendai,5,9,8,1,2,0,0,0,2,1,0,0,1,0,3,0,0,0,0,0.250,0.250,0.250,0.500,52,0.000,0.400,33.3%,33.3%,0.0%,0.00,<a href=https://npb.jp/bis/eng/teams/index_b.html>ORIX</a>,PL
Gibo Sho,23,34,29,0,5,1,0,0,6,2,0,0,3,1,3,1,0,0,0,0.172,0.194,0.207,0.401,21,0.035,0.185,11.8%,8.8%,2.9%,0.33,<a href=https://npb.jp/bis/eng/teams/index_b.html>ORIX</a>,PL
Gotoh Shunta,26,52,49,5,9,0,1,0,11,2,1,2,0,0,15,2,0,1,0,0.184,0.231,0.224,0.455,37,0.040,0.265,32.7%,28.8%,3.8%,0.13,<a href=https://npb.jp/bis/eng/teams/index_b.html>ORIX</a>,PL
Ikeda Ryoma,6,20,20,0,3,0,0,0,3,1,0,1,0,0,8,0,0,0,0,0.150,0.150,0.150,0.300,-10,0.000,0.250,40.0%,40.0%,0.0%,0.00,<a href=https://npb.jp/bis/eng/teams/index_b.html>ORIX</a>,PL
Ishioka Ryota,17,35,33,3,5,1,0,0,6,0,2,1,1,0,10,1,0,0,0,0.152,0.176,0.182,0.358,7,0.030,0.217,31.4%,28.6%,2.9%,0.10,<a href=https://npb.jp/bis/eng/teams/index_b.html>ORIX</a>,PL
Kita Ryoto,10,27,23,2,3,0,0,0,3,0,0,1,1,0,8,3,0,0,0,0.130,0.231,0.130,0.361,11,0.000,0.200,40.7%,29.6%,11.1%,0.38,<a href=https://npb.jp/bis/eng/teams/index_b.html>ORIX</a>,PL
Kurebayashi Kotaro,130,495,450,35,101,20,2,6,143,32,2,2,10,2,71,26,1,6,14,0.224,0.275,0.318,0.593,78,0.094,0.253,20.8%,14.3%,5.3%,0.37,<a href=https://npb.jp/bis/eng/teams/index_b.html>ORIX</a>,PL
Matsui Masato,6,1,1,0,0,0,0,0,0,0,0,0,0,0,0,0,0,0,0,0.000,0.000,0.000,0.000,-103,0.000,0.000,0.0%,0.0%,0.0%,,<a href=https://npb.jp/bis/eng/teams/index_b.html>ORIX</a>,PL
McCarthy Joe,59,212,178,17,40,7,1,4,61,19,0,0,0,1,58,26,0,7,2,0.225,0.344,0.343,0.687,109,0.118,0.308,41.5%,27.4%,12.3%,0.45,<a href=https://npb.jp/bis/eng/teams/index_b.html>ORIX</a>,PL
Miyagi Hiroya,24,2,2,0,0,0,0,0,0,0,0,0,0,0,0,0,0,0,0,0.000,0.000,0.000,0.000,-103,0.000,0.000,0.0%,0.0%,0.0%,,<a href=https://npb.jp/bis/eng/teams/index_b.html>ORIX</a>,PL
Mune Yuma,130,537,469,55,127,23,1,5,167,43,4,5,9,6,81,45,2,8,11,0.271,0.341,0.356,0.697,111,0.085,0.314,24.4%,15.1%,8.4%,0.56,<a href=https://npb.jp/bis/eng/teams/index_b.html>ORIX</a>,PL
Nakagawa Keita,110,468,424,54,120,25,9,8,187,51,11,2,8,6,79,26,2,4,5,0.283,0.326,0.441,0.767,131,0.158,0.327,24.1%,16.9%,5.6%,0.33,<a href=https://npb.jp/bis/eng/teams/index_b.html>ORIX</a>,PL
Nishimura Ryo,16,47,45,0,6,5,1,0,13,6,0,0,1,0,12,1,0,0,0,0.133,0.152,0.289,0.441,30,0.156,0.182,27.7%,25.5%,2.1%,0.08,<a href=https://npb.jp/bis/eng/teams/index_b.html>ORIX</a>,PL
Nishino Masahiro,43,130,114,10,33,5,1,0,40,8,0,0,6,1,13,8,0,1,4,0.289,0.339,0.351,0.690,109,0.062,0.324,16.2%,10.0%,6.2%,0.62,<a href=https://npb.jp/bis/eng/teams/index_b.html>ORIX</a>,PL
Noguchi Tomoya,54,167,155,15,35,6,0,1,44,6,0,1,1,0,56,9,1,2,3,0.226,0.277,0.284,0.561,70,0.058,0.347,39.5%,33.5%,5.4%,0.16,<a href=https://npb.jp/bis/eng/teams/index_b.html>ORIX</a>,PL
Oda Yuya,72,26,24,12,5,1,0,1,9,2,8,4,0,0,7,1,0,1,0,0.208,0.269,0.375,0.644,93,0.167,0.250,34.6%,26.9%,3.8%,0.14,<a href=https://npb.jp/bis/eng/teams/index_b.html>ORIX</a>,PL
Ohshiro Koji,57,110,90,9,22,4,0,2,32,6,2,0,8,0,25,12,0,0,2,0.244,0.333,0.356,0.689,109,0.112,0.317,35.5%,22.7%,10.9%,0.48,<a href=https://npb.jp/bis/eng/teams/index_b.html>ORIX</a>,PL
Ohshita Seiichiro,5,10,8,1,2,2,0,0,4,0,0,0,0,0,2,1,0,1,0,0.250,0.400,0.500,0.900,172,0.250,0.333,30.0%,20.0%,10.0%,0.50,<a href=https://npb.jp/bis/eng/teams/index_b.html>ORIX</a>,PL
Ohta Ryo,32,101,92,7,18,6,0,1,27,5,0,0,3,0,22,6,0,0,0,0.196,0.245,0.293,0.538,62,0.097,0.246,28.7%,21.8%,5.9%,0.27,<a href=https://npb.jp/bis/eng/teams/index_b.html>ORIX</a>,PL
Okada Takahiro,36,95,87,1,13,4,0,1,20,10,0,0,0,1,28,7,0,0,1,0.149,0.211,0.230,0.441,33,0.081,0.203,37.9%,29.5%,7.4%,0.25,<a href=https://npb.jp/bis/eng/teams/index_b.html>ORIX</a>,PL
Ravelo Rangel,24,71,58,4,8,1,0,1,12,2,0,0,0,0,20,11,0,2,3,0.138,0.296,0.207,0.503,55,0.069,0.189,45.1%,28.2%,15.5%,0.55,<a href=https://npb.jp/bis/eng/teams/index_b.html>ORIX</a>,PL
Sano Kodai,78,118,107,12,24,6,0,2,36,9,5,5,7,0,29,4,0,0,0,0.224,0.252,0.336,0.588,76,0.112,0.289,29.7%,24.6%,3.4%,0.14,<a href=https://npb.jp/bis/eng/teams/index_b.html>ORIX</a>,PL
Sano Yukikazu,2,2,2,0,0,0,0,0,0,0,0,0,0,0,0,0,0,0,0,0.000,0.000,0.000,0.000,-103,0.000,0.000,0.0%,0.0%,0.0%,,<a href=https://npb.jp/bis/eng/teams/index_b.html>ORIX</a>,PL
Sugimoto Yutaro,105,433,379,37,89,15,1,15,151,51,4,4,0,2,135,40,2,11,9,0.235,0.324,0.398,0.722,118,0.163,0.320,43.9%,31.2%,9.2%,0.30,<a href=https://npb.jp/bis/eng/teams/index_b.html>ORIX</a>,PL
Tajima Daiki,20,2,2,0,0,0,0,0,0,0,0,0,0,0,1,0,0,0,0,0.000,0.000,0.000,0.000,-103,0.000,0.000,50.0%,50.0%,0.0%,0.00,<a href=https://npb.jp/bis/eng/teams/index_b.html>ORIX</a>,PL
Tongu Yuma,81,271,234,23,53,17,0,11,103,34,0,0,1,5,51,23,0,8,6,0.226,0.311,0.440,0.751,126,0.214,0.237,31.4%,18.8%,8.5%,0.45,<a href=https://npb.jp/bis/eng/teams/index_b.html>ORIX</a>,PL
Valera Breyvic,37,127,112,7,23,5,0,1,31,6,0,1,1,0,11,13,0,1,3,0.205,0.294,0.277,0.571,73,0.072,0.220,19.7%,8.7%,10.2%,1.18,<a href=https://npb.jp/bis/eng/teams/index_b.html>ORIX</a>,PL
Waguespack Jacob,32,5,4,0,0,0,0,0,0,1,0,0,1,0,2,0,0,0,0,0.000,0.000,0.000,0.000,-103,0.000,0.000,40.0%,40.0%,0.0%,0.00,<a href=https://npb.jp/bis/eng/teams/index_b.html>ORIX</a>,PL
Wakatsuki Kenya,68,193,171,16,48,7,0,4,67,14,3,1,9,1,34,9,0,3,5,0.281,0.326,0.392,0.718,116,0.111,0.328,24.4%,17.6%,4.7%,0.26,<a href=https://npb.jp/bis/eng/teams/index_b.html>ORIX</a>,PL
Watanabe Haruto,16,19,17,0,1,0,0,0,1,2,1,1,1,0,7,1,0,0,0,0.059,0.111,0.059,0.170,-49,0.000,0.100,42.1%,36.8%,5.3%,0.14,<a href=https://npb.jp/bis/eng/teams/index_b.html>ORIX</a>,PL
Yamaashi Tatsuya,39,51,44,8,8,1,0,1,12,2,1,0,4,0,11,3,0,0,1,0.182,0.234,0.273,0.507,53,0.091,0.219,29.4%,21.6%,5.9%,0.27,<a href=https://npb.jp/bis/eng/teams/index_b.html>ORIX</a>,PL
Yamamoto Yoshinobu,26,2,2,0,0,0,0,0,0,0,0,0,0,0,1,0,0,0,0,0.000,0.000,0.000,0.000,-103,0.000,0.000,50.0%,50.0%,0.0%,0.00,<a href=https://npb.jp/bis/eng/teams/index_b.html>ORIX</a>,PL
Yamaoka Taisuke,22,4,4,0,0,0,0,0,0,0,0,0,0,0,3,0,0,0,0,0.000,0.000,0.000,0.000,-103,0.000,0.000,75.0%,75.0%,0.0%,0.00,<a href=https://npb.jp/bis/eng/teams/index_b.html>ORIX</a>,PL
Yamasaki Sachiya,25,7,7,0,1,0,0,0,1,0,0,0,0,0,0,0,0,0,0,0.143,0.143,0.143,0.286,-14,0.000,0.143,0.0%,0.0%,0.0%,,<a href=https://npb.jp/bis/eng/teams/index_b.html>ORIX</a>,PL
Yoshida Masataka,119,508,412,56,138,28,1,21,231,88,4,0,0,7,41,80,18,9,11,0.335,0.447,0.561,1.008,205,0.226,0.328,28.0%,8.1%,15.7%,1.95,<a href=https://npb.jp/bis/eng/teams/index_b.html>ORIX</a>,PL
Chatani Kenta,57,156,137,17,34,5,1,1,44,9,1,3,4,0,33,12,0,3,3,0.248,0.322,0.321,0.643,88,0.073,0.320,29.5%,21.2%,7.7%,0.36,<a href=https://npb.jp/bis/eng/teams/index_m.html>Lotte</a>,PL
Fujioka Yudai,28,81,68,4,12,2,0,0,14,1,0,0,5,1,17,7,0,0,0,0.176,0.250,0.206,0.456,37,0.030,0.231,29.6%,21.0%,8.6%,0.41,<a href=https://npb.jp/bis/eng/teams/index_m.html>Lotte</a>,PL
Fujiwara Kyota,49,126,115,10,24,2,0,1,29,5,9,0,1,0,23,9,1,1,1,0.209,0.272,0.252,0.524,55,0.043,0.253,26.2%,18.3%,7.1%,0.39,<a href=https://npb.jp/bis/eng/teams/index_m.html>Lotte</a>,PL
Fukuda Koki,13,23,18,0,3,1,0,0,4,1,0,0,0,0,3,4,0,0,0,0.167,0.318,0.222,0.540,62,0.055,0.200,30.4%,13.0%,17.4%,1.33,<a href=https://npb.jp/bis/eng/teams/index_m.html>Lotte</a>,PL
Fukuda Shuhei,20,48,41,3,7,1,0,0,8,4,1,0,0,0,13,7,0,0,0,0.171,0.292,0.195,0.487,46,0.024,0.250,41.7%,27.1%,14.6%,0.54,<a href=https://npb.jp/bis/eng/teams/index_m.html>Lotte</a>,PL
Hechavarria Adeiny,76,257,243,19,54,13,0,2,73,20,4,0,2,2,48,10,0,0,5,0.222,0.251,0.300,0.551,62,0.078,0.267,23.3%,18.7%,3.9%,0.21,<a href=https://npb.jp/bis/eng/teams/index_m.html>Lotte</a>,PL
Hirasawa Taiga,13,32,27,3,4,0,0,0,4,3,1,0,0,1,4,4,0,0,0,0.148,0.250,0.148,0.398,21,0.000,0.167,25.0%,12.5%,12.5%,1.00,<a href=https://npb.jp/bis/eng/teams/index_m.html>Lotte</a>,PL
Ikeda Raito,11,22,22,1,2,1,0,0,3,0,0,0,0,0,6,0,0,0,0,0.091,0.091,0.136,0.227,-32,0.045,0.125,27.3%,27.3%,0.0%,0.00,<a href=https://npb.jp/bis/eng/teams/index_m.html>Lotte</a>,PL
Inoue Seiya,60,232,199,23,49,14,0,7,84,34,0,0,0,2,54,29,0,2,2,0.246,0.345,0.422,0.767,123,0.176,0.300,38.8%,23.3%,12.5%,0.54,<a href=https://npb.jp/bis/eng/teams/index_m.html>Lotte</a>,PL
Ishikawa Ayumu,20,4,4,0,0,0,0,0,0,0,0,0,0,0,4,0,0,0,0,0.000,0.000,0.000,0.000,-96,0.000,,100.0%,100.0%,0.0%,0.00,<a href=https://npb.jp/bis/eng/teams/index_m.html>Lotte</a>,PL
Kakinuma Tomoya,34,23,19,1,3,0,0,0,3,0,0,0,4,0,4,0,0,0,1,0.158,0.158,0.158,0.316,-5,0.000,0.200,17.4%,17.4%,0.0%,0.00,<a href=https://npb.jp/bis/eng/teams/index_m.html>Lotte</a>,PL
Kakunaka Katsuya,53,138,129,10,33,4,0,1,40,11,1,2,0,0,35,9,0,0,0,0.256,0.304,0.310,0.614,81,0.054,0.344,32.6%,25.4%,6.5%,0.26,<a href=https://npb.jp/bis/eng/teams/index_m.html>Lotte</a>,PL
Katoh Takuma,24,10,9,2,1,1,0,0,2,0,0,0,1,0,3,0,0,0,0,0.111,0.111,0.222,0.333,-3,0.111,0.167,30.0%,30.0%,0.0%,0.00,<a href=https://npb.jp/bis/eng/teams/index_m.html>Lotte</a>,PL
Kawamura Tokito,4,2,2,0,1,0,0,0,1,0,0,0,0,0,1,0,0,0,0,0.500,0.500,0.500,1.000,191,0.000,1.000,50.0%,50.0%,0.0%,0.00,<a href=https://npb.jp/bis/eng/teams/index_m.html>Lotte</a>,PL
Laird Brandon,112,396,365,24,69,9,0,15,123,48,0,0,0,6,92,19,2,6,9,0.189,0.237,0.337,0.574,66,0.148,0.205,31.8%,23.2%,4.8%,0.21,<a href=https://npb.jp/bis/eng/teams/index_m.html>Lotte</a>,PL
Martin Leonys,68,266,221,22,36,7,0,9,70,25,5,2,0,3,76,31,2,11,1,0.163,0.293,0.317,0.610,79,0.154,0.194,43.6%,28.6%,11.7%,0.41,<a href=https://npb.jp/bis/eng/teams/index_m.html>Lotte</a>,PL
Matsukawa Kou,76,212,185,12,32,5,0,0,37,14,1,0,8,1,60,18,0,0,7,0.173,0.245,0.200,0.445,33,0.027,0.254,36.8%,28.3%,8.5%,0.30,<a href=https://npb.jp/bis/eng/teams/index_m.html>Lotte</a>,PL
Miki Ryo,46,34,25,2,4,0,0,0,4,1,1,0,7,0,8,1,0,1,0,0.160,0.222,0.160,0.382,15,0.000,0.235,26.5%,23.5%,2.9%,0.12,<a href=https://npb.jp/bis/eng/teams/index_m.html>Lotte</a>,PL
Mima Manabu,20,2,2,0,0,0,0,0,0,0,0,0,0,0,1,0,0,0,0,0.000,0.000,0.000,0.000,-96,0.000,0.000,50.0%,50.0%,0.0%,0.00,<a href=https://npb.jp/bis/eng/teams/index_m.html>Lotte</a>,PL
Motomae Fumiya,12,2,2,0,0,0,0,0,0,0,0,0,0,0,2,0,0,0,0,0.000,0.000,0.000,0.000,-96,0.000,,100.0%,100.0%,0.0%,0.00,<a href=https://npb.jp/bis/eng/teams/index_m.html>Lotte</a>,PL
Nakamura Shogo,138,596,498,52,128,31,0,12,195,68,15,6,9,9,86,70,3,10,13,0.257,0.354,0.392,0.746,117,0.135,0.284,28.2%,14.4%,11.7%,0.81,<a href=https://npb.jp/bis/eng/teams/index_m.html>Lotte</a>,PL
Nishimaki Kenji,2,1,0,0,0,0,0,0,0,0,0,0,0,0,0,1,0,0,0,0.000,1.000,0.000,1.000,215,0.000,,100.0%,0.0%,100.0%,1.00,<a href=https://npb.jp/bis/eng/teams/index_m.html>Lotte</a>,PL
Ogawa Ryusei,68,77,55,15,6,1,0,1,10,4,4,1,7,1,18,12,0,1,0,0.109,0.275,0.182,0.457,38,0.073,0.135,40.3%,23.4%,15.6%,0.67,<a href=https://npb.jp/bis/eng/teams/index_m.html>Lotte</a>,PL
Ogino Takashi,89,373,326,51,101,18,4,5,142,27,15,3,5,5,30,30,0,7,7,0.310,0.375,0.436,0.811,136,0.126,0.324,17.4%,8.0%,8.0%,1.00,<a href=https://npb.jp/bis/eng/teams/index_m.html>Lotte</a>,PL
Ojima Kazuya,24,3,2,0,0,0,0,0,0,0,0,0,0,0,1,1,0,0,0,0.000,0.333,0.000,0.333,8,0.000,0.000,66.7%,33.3%,33.3%,1.00,<a href=https://npb.jp/bis/eng/teams/index_m.html>Lotte</a>,PL
Oka Hiromi,98,248,207,29,45,11,2,6,78,19,12,0,5,3,56,24,0,9,4,0.217,0.321,0.377,0.698,104,0.160,0.264,34.7%,22.6%,9.7%,0.43,<a href=https://npb.jp/bis/eng/teams/index_m.html>Lotte</a>,PL
Sasaki Roki,20,2,2,0,0,0,0,0,0,0,0,0,0,0,1,0,0,0,0,0.000,0.000,0.000,0.000,-96,0.000,0.000,50.0%,50.0%,0.0%,0.00,<a href=https://npb.jp/bis/eng/teams/index_m.html>Lotte</a>,PL
Sato Shoma,11,2,2,0,0,0,0,0,0,0,0,0,0,0,2,0,0,0,0,0.000,0.000,0.000,0.000,-96,0.000,,100.0%,100.0%,0.0%,0.00,<a href=https://npb.jp/bis/eng/teams/index_m.html>Lotte</a>,PL
Satoh Toshiya,118,402,359,35,77,10,1,8,113,31,5,1,13,6,63,21,1,3,11,0.214,0.260,0.315,0.575,68,0.101,0.235,22.9%,15.7%,5.2%,0.33,<a href=https://npb.jp/bis/eng/teams/index_m.html>Lotte</a>,PL
Sugano Tsuyoshi,41,93,86,6,18,6,0,1,27,6,0,0,0,0,20,7,0,0,1,0.209,0.269,0.314,0.583,70,0.105,0.262,30.1%,21.5%,7.5%,0.35,<a href=https://npb.jp/bis/eng/teams/index_m.html>Lotte</a>,PL
Takabe Akito,137,608,541,66,148,16,6,3,185,38,44,10,22,3,103,36,1,6,12,0.274,0.324,0.342,0.666,95,0.068,0.331,23.4%,16.9%,5.9%,0.35,<a href=https://npb.jp/bis/eng/teams/index_m.html>Lotte</a>,PL
Tamura Tatsuhiro,2,5,5,1,1,0,0,0,1,0,0,0,0,0,1,0,0,0,0,0.200,0.200,0.200,0.400,19,0.000,0.250,20.0%,20.0%,0.0%,0.00,<a href=https://npb.jp/bis/eng/teams/index_m.html>Lotte</a>,PL
Wada Koshiro,69,33,28,20,5,1,0,0,6,1,11,7,1,0,12,3,1,1,0,0.179,0.281,0.214,0.495,48,0.035,0.312,45.5%,36.4%,9.1%,0.25,<a href=https://npb.jp/bis/eng/teams/index_m.html>Lotte</a>,PL
Yamaguchi Koki,102,349,321,40,76,14,0,16,138,57,1,0,0,1,84,23,0,4,8,0.237,0.295,0.430,0.725,110,0.193,0.270,35.2%,24.1%,6.6%,0.27,<a href=https://npb.jp/bis/eng/teams/index_m.html>Lotte</a>,PL
Yamamoto Daito,2,2,2,0,0,0,0,0,0,0,0,0,0,0,2,0,0,0,0,0.000,0.000,0.000,0.000,-96,0.000,,100.0%,100.0%,0.0%,0.00,<a href=https://npb.jp/bis/eng/teams/index_m.html>Lotte</a>,PL
Yasuda Hisanori,119,440,388,33,102,23,1,9,154,47,1,2,0,3,86,45,0,4,10,0.263,0.343,0.397,0.740,115,0.134,0.314,31.8%,19.5%,10.2%,0.52,<a href=https://npb.jp/bis/eng/teams/index_m.html>Lotte</a>,PL
Akashi Kenji,22,35,30,2,5,0,1,0,7,3,0,0,2,0,5,3,0,0,1,0.167,0.242,0.233,0.475,43,0.066,0.200,22.9%,14.3%,8.6%,0.60,<a href=https://npb.jp/bis/eng/teams/index_h.html>SoftBank</a>,PL
Despaigne Alfredo,89,331,297,29,80,10,0,14,132,40,0,0,0,2,80,28,1,4,5,0.269,0.338,0.444,0.782,133,0.175,0.322,36.9%,24.2%,8.5%,0.35,<a href=https://npb.jp/bis/eng/teams/index_h.html>SoftBank</a>,PL
Galvis Freddy,38,130,111,11,19,2,0,2,27,11,0,1,0,1,29,15,0,3,2,0.171,0.285,0.243,0.528,60,0.072,0.210,35.4%,22.3%,11.5%,0.52,<a href=https://npb.jp/bis/eng/teams/index_h.html>SoftBank</a>,PL
Gracial Yurisbel,99,386,347,24,94,13,2,7,132,30,1,3,0,2,75,33,1,4,8,0.271,0.339,0.380,0.719,116,0.109,0.326,29.8%,19.4%,8.5%,0.44,<a href=https://npb.jp/bis/eng/teams/index_h.html>SoftBank</a>,PL
Higashihama Nao,23,4,3,1,0,0,0,0,0,0,0,0,1,0,3,0,0,0,0,0.000,0.000,0.000,0.000,-102,0.000,,75.0%,75.0%,0.0%,0.00,<a href=https://npb.jp/bis/eng/teams/index_h.html>SoftBank</a>,PL
Imamiya Kenta,130,510,450,56,133,30,0,7,184,47,3,4,19,1,71,37,0,3,14,0.296,0.352,0.409,0.761,128,0.113,0.338,22.5%,13.9%,7.3%,0.52,<a href=https://npb.jp/bis/eng/teams/index_h.html>SoftBank</a>,PL
Ishikawa Shuta,23,4,4,0,0,0,0,0,0,0,0,0,0,0,3,0,0,0,0,0.000,0.000,0.000,0.000,-102,0.000,0.000,75.0%,75.0%,0.0%,0.00,<a href=https://npb.jp/bis/eng/teams/index_h.html>SoftBank</a>,PL
Kai Takuya,130,405,323,25,58,9,1,1,72,27,1,3,38,1,85,38,0,5,9,0.180,0.275,0.223,0.498,51,0.043,0.239,30.6%,21.0%,9.4%,0.45,<a href=https://npb.jp/bis/eng/teams/index_h.html>SoftBank</a>,PL
Kawarada Jumpei,1,1,1,0,0,0,0,0,0,0,0,0,0,0,1,0,0,0,0,0.000,0.000,0.000,0.000,-102,0.000,,100.0%,100.0%,0.0%,0.00,<a href=https://npb.jp/bis/eng/teams/index_h.html>SoftBank</a>,PL
Kawase Hikaru,73,106,90,15,25,5,0,0,30,11,2,2,5,3,21,8,0,0,4,0.278,0.327,0.333,0.660,98,0.055,0.347,27.4%,19.8%,7.5%,0.38,<a href=https://npb.jp/bis/eng/teams/index_h.html>SoftBank</a>,PL
Kurihara Ryoya,5,20,17,3,6,1,0,2,13,5,0,0,0,0,1,3,0,0,0,0.353,0.450,0.765,1.215,260,0.412,0.286,30.0%,5.0%,15.0%,3.00,<a href=https://npb.jp/bis/eng/teams/index_h.html>SoftBank</a>,PL
Kurose Kenta,7,15,12,0,2,0,0,0,2,1,0,0,0,1,8,2,0,0,0,0.167,0.267,0.167,0.434,32,0.000,0.400,66.7%,53.3%,13.3%,0.25,<a href=https://npb.jp/bis/eng/teams/index_h.html>SoftBank</a>,PL
Makihara Taisei,120,441,409,45,123,18,4,6,167,42,13,4,9,3,71,16,0,4,5,0.301,0.331,0.408,0.739,121,0.107,0.349,21.1%,16.1%,3.6%,0.23,<a href=https://npb.jp/bis/eng/teams/index_h.html>SoftBank</a>,PL
Masago Yusuke,29,29,28,3,2,0,0,0,2,0,0,0,1,0,10,0,0,0,0,0.071,0.071,0.071,0.142,-59,0.000,0.111,34.5%,34.5%,0.0%,0.00,<a href=https://npb.jp/bis/eng/teams/index_h.html>SoftBank</a>,PL
Masaki Tomoya,35,80,67,6,17,4,0,3,30,5,0,0,1,0,24,10,0,2,1,0.254,0.367,0.448,0.815,144,0.194,0.350,46.2%,30.0%,12.5%,0.42,<a href=https://npb.jp/bis/eng/teams/index_h.html>SoftBank</a>,PL
Masuda Shu,15,45,39,4,10,3,1,1,18,6,0,1,2,1,6,3,0,0,0,0.256,0.302,0.462,0.764,127,0.206,0.273,22.2%,13.3%,6.7%,0.50,<a href=https://npb.jp/bis/eng/teams/index_h.html>SoftBank</a>,PL
Matsuda Nobuhiro,43,106,98,2,20,2,1,0,24,7,1,0,0,1,20,6,0,1,1,0.204,0.255,0.245,0.500,51,0.041,0.253,24.5%,18.9%,5.7%,0.30,<a href=https://npb.jp/bis/eng/teams/index_h.html>SoftBank</a>,PL
Matsumoto Yuki,44,2,2,0,0,0,0,0,0,0,0,0,0,0,1,0,0,0,0,0.000,0.000,0.000,0.000,-102,0.000,0.000,50.0%,50.0%,0.0%,0.00,<a href=https://npb.jp/bis/eng/teams/index_h.html>SoftBank</a>,PL
Mimori Masaki,102,437,393,58,101,13,4,9,149,36,20,3,10,3,81,28,0,3,3,0.257,0.309,0.379,0.688,106,0.122,0.301,27.0%,18.5%,6.4%,0.35,<a href=https://npb.jp/bis/eng/teams/index_h.html>SoftBank</a>,PL
Nakamura Akira,114,435,379,34,96,12,2,7,133,51,2,3,7,2,48,45,2,2,7,0.253,0.334,0.351,0.685,107,0.098,0.273,23.0%,11.0%,10.3%,0.94,<a href=https://npb.jp/bis/eng/teams/index_h.html>SoftBank</a>,PL
Nakatani Masahiro,16,30,28,3,6,2,0,1,11,4,2,0,0,1,11,0,0,1,1,0.214,0.233,0.393,0.626,84,0.179,0.294,40.0%,36.7%,0.0%,0.00,<a href=https://npb.jp/bis/eng/teams/index_h.html>SoftBank</a>,PL
Nomura Daiju,31,75,70,5,16,5,1,0,23,8,0,0,1,0,18,3,0,1,2,0.229,0.270,0.329,0.599,79,0.100,0.308,28.0%,24.0%,4.0%,0.17,<a href=https://npb.jp/bis/eng/teams/index_h.html>SoftBank</a>,PL
Nomura Isami,97,203,180,40,43,9,3,10,88,25,10,5,4,0,64,17,0,2,5,0.239,0.312,0.489,0.801,137,0.250,0.311,44.8%,31.5%,8.4%,0.27,<a href=https://npb.jp/bis/eng/teams/index_h.html>SoftBank</a>,PL
Ohzeki Tomohisa,21,2,2,0,0,0,0,0,0,0,0,0,0,0,2,0,0,0,0,0.000,0.000,0.000,0.000,-102,0.000,,100.0%,100.0%,0.0%,0.00,<a href=https://npb.jp/bis/eng/teams/index_h.html>SoftBank</a>,PL
Rea Colin,23,1,1,0,0,0,0,0,0,0,0,0,0,0,0,0,0,0,0,0.000,0.000,0.000,0.000,-102,0.000,0.000,0.0%,0.0%,0.0%,,<a href=https://npb.jp/bis/eng/teams/index_h.html>SoftBank</a>,PL
Satoh Naoki,48,35,31,8,4,1,1,1,10,2,0,0,1,0,17,3,0,0,0,0.129,0.206,0.323,0.529,56,0.194,0.231,60.0%,48.6%,8.6%,0.18,<a href=https://npb.jp/bis/eng/teams/index_h.html>SoftBank</a>,PL
Senga Koudai,22,3,2,0,0,0,0,0,0,1,0,0,0,1,1,0,0,0,0,0.000,0.000,0.000,0.000,-102,0.000,0.000,33.3%,33.3%,0.0%,0.00,<a href=https://npb.jp/bis/eng/teams/index_h.html>SoftBank</a>,PL
Shuto Ukyo,80,318,288,48,77,5,4,5,105,15,22,4,3,2,56,22,0,3,4,0.267,0.324,0.365,0.689,107,0.098,0.314,26.1%,17.6%,6.9%,0.39,<a href=https://npb.jp/bis/eng/teams/index_h.html>SoftBank</a>,PL
Sugiyama Kazuki,10,4,4,0,0,0,0,0,0,0,0,0,0,0,3,0,0,0,0,0.000,0.000,0.000,0.000,-102,0.000,0.000,75.0%,75.0%,0.0%,0.00,<a href=https://npb.jp/bis/eng/teams/index_h.html>SoftBank</a>,PL
Sunagawa Richard,23,70,63,7,10,1,0,3,20,5,0,0,0,0,29,6,0,1,1,0.159,0.243,0.317,0.560,67,0.158,0.226,54.3%,41.4%,8.6%,0.21,<a href=https://npb.jp/bis/eng/teams/index_h.html>SoftBank</a>,PL
Takata Tomoki,18,13,13,4,3,0,1,0,5,3,1,0,0,0,4,0,0,0,0,0.231,0.231,0.385,0.616,82,0.154,0.333,30.8%,30.8%,0.0%,0.00,<a href=https://npb.jp/bis/eng/teams/index_h.html>SoftBank</a>,PL
Tanigawara Kenta,71,75,64,16,15,4,2,0,23,8,1,2,1,1,18,7,0,2,1,0.234,0.324,0.359,0.683,106,0.125,0.319,33.3%,24.0%,9.3%,0.39,<a href=https://npb.jp/bis/eng/teams/index_h.html>SoftBank</a>,PL
Uebayashi Seiji,33,100,93,13,28,5,1,1,38,12,2,0,2,0,19,3,0,2,1,0.301,0.337,0.409,0.746,123,0.108,0.370,23.0%,19.0%,3.0%,0.16,<a href=https://npb.jp/bis/eng/teams/index_h.html>SoftBank</a>,PL
Umino Takashi,47,42,42,3,7,2,0,1,12,4,0,0,0,0,11,0,0,0,0,0.167,0.167,0.286,0.453,34,0.119,0.200,28.6%,26.2%,0.0%,0.00,<a href=https://npb.jp/bis/eng/teams/index_h.html>SoftBank</a>,PL
Watanabe Riku,20,36,33,6,9,1,0,3,19,9,0,0,0,0,15,3,0,0,0,0.273,0.333,0.576,0.909,169,0.303,0.400,58.3%,41.7%,8.3%,0.20,<a href=https://npb.jp/bis/eng/teams/index_h.html>SoftBank</a>,PL
Yanagimachi Tatsuru,107,364,321,21,89,14,4,0,111,32,3,5,3,0,79,38,0,2,7,0.277,0.357,0.346,0.703,113,0.069,0.368,32.1%,21.7%,10.4%,0.48,<a href=https://npb.jp/bis/eng/teams/index_h.html>SoftBank</a>,PL
Yanagita Yuki,117,491,437,63,120,18,1,24,212,79,2,3,0,5,106,43,6,6,6,0.275,0.344,0.485,0.829,147,0.210,0.308,35.2%,21.6%,8.8%,0.41,<a href=https://npb.jp/bis/eng/teams/index_h.html>SoftBank</a>,PL
Akaminai Ginji,83,271,238,18,62,6,0,0,68,26,0,0,2,3,31,28,2,0,5,0.261,0.335,0.286,0.621,86,0.025,0.295,21.8%,11.4%,10.3%,0.90,<a href=https://npb.jp/bis/eng/teams/index_e.html>Rakuten</a>,PL
Asamura Hideto,143,633,532,73,134,17,0,27,232,86,4,3,0,4,137,92,7,5,13,0.252,0.365,0.436,0.801,137,0.184,0.288,40.4%,21.6%,14.5%,0.67,<a href=https://npb.jp/bis/eng/teams/index_e.html>Rakuten</a>,PL
Gittens Chris,21,74,62,4,15,2,0,0,17,8,0,0,0,0,25,11,0,1,0,0.242,0.365,0.274,0.639,92,0.032,0.405,48.6%,33.8%,14.9%,0.44,<a href=https://npb.jp/bis/eng/teams/index_e.html>Rakuten</a>,PL
Hayakawa Takahisa,19,2,1,0,0,0,0,0,0,0,0,0,0,0,1,1,0,0,0,0.000,0.500,0.000,0.500,61,0.000,,100.0%,50.0%,50.0%,1.00,<a href=https://npb.jp/bis/eng/teams/index_e.html>Rakuten</a>,PL
Horiuchi Kengo,5,1,1,0,0,0,0,0,0,0,0,0,0,0,0,0,0,0,0,0.000,0.000,0.000,0.000,-99,0.000,0.000,0.0%,0.0%,0.0%,,<a href=https://npb.jp/bis/eng/teams/index_e.html>Rakuten</a>,PL
Ishihara Tsuyoshi,1,1,1,0,0,0,0,0,0,0,0,0,0,0,0,0,0,0,0,0.000,0.000,0.000,0.000,-99,0.000,0.000,0.0%,0.0%,0.0%,,<a href=https://npb.jp/bis/eng/teams/index_e.html>Rakuten</a>,PL
Itoh Yukiya,3,8,8,0,0,0,0,0,0,0,0,0,0,0,4,0,0,0,0,0.000,0.000,0.000,0.000,-99,0.000,0.000,50.0%,50.0%,0.0%,0.00,<a href=https://npb.jp/bis/eng/teams/index_e.html>Rakuten</a>,PL
Iwami Masaki,3,7,7,1,2,1,0,0,3,0,0,0,0,0,3,0,0,0,0,0.286,0.286,0.429,0.715,109,0.143,0.500,42.9%,42.9%,0.0%,0.00,<a href=https://npb.jp/bis/eng/teams/index_e.html>Rakuten</a>,PL
Karashima Wataru,17,4,4,0,0,0,0,0,0,0,0,0,0,0,2,0,0,0,0,0.000,0.000,0.000,0.000,-99,0.000,0.000,50.0%,50.0%,0.0%,0.00,<a href=https://npb.jp/bis/eng/teams/index_e.html>Rakuten</a>,PL
Kawashima Keizo,12,25,22,1,3,1,0,1,7,6,0,0,2,0,9,1,0,0,1,0.136,0.174,0.318,0.492,44,0.182,0.167,44.0%,36.0%,4.0%,0.11,<a href=https://npb.jp/bis/eng/teams/index_e.html>Rakuten</a>,PL
Kishi Takayuki,22,3,2,0,0,0,0,0,0,0,0,0,1,0,1,0,0,0,0,0.000,0.000,0.000,0.000,-99,0.000,0.000,33.3%,33.3%,0.0%,0.00,<a href=https://npb.jp/bis/eng/teams/index_e.html>Rakuten</a>,PL
Kobukata Hiroto,118,479,424,54,113,16,5,2,145,29,21,7,12,3,65,37,0,3,6,0.267,0.328,0.342,0.670,99,0.075,0.308,21.7%,13.6%,7.7%,0.57,<a href=https://npb.jp/bis/eng/teams/index_e.html>Rakuten</a>,PL
Kurokawa Fumiya,17,71,63,4,14,3,0,0,17,2,0,1,0,1,9,7,0,0,1,0.222,0.296,0.270,0.566,69,0.048,0.255,22.5%,12.7%,9.9%,0.78,<a href=https://npb.jp/bis/eng/teams/index_e.html>Rakuten</a>,PL
Marmolejos Jose,58,223,202,14,42,6,0,7,69,28,0,0,0,1,68,20,0,0,3,0.208,0.278,0.342,0.620,83,0.134,0.273,42.6%,30.5%,9.0%,0.29,<a href=https://npb.jp/bis/eng/teams/index_e.html>Rakuten</a>,PL
Mogi Eigoro,73,268,238,26,53,12,1,9,94,30,4,0,1,2,74,27,0,0,3,0.223,0.300,0.395,0.695,105,0.172,0.280,41.0%,27.6%,10.1%,0.36,<a href=https://npb.jp/bis/eng/teams/index_e.html>Rakuten</a>,PL
Murabayashi Itsuki,47,17,16,9,3,0,0,0,3,0,0,2,0,0,5,1,0,0,0,0.188,0.235,0.188,0.423,28,0.000,0.273,35.3%,29.4%,5.9%,0.20,<a href=https://npb.jp/bis/eng/teams/index_e.html>Rakuten</a>,PL
Mutoh Atsuki,43,99,88,11,22,2,3,1,33,9,1,5,0,1,28,8,0,2,1,0.250,0.323,0.375,0.698,107,0.125,0.350,37.4%,28.3%,8.1%,0.29,<a href=https://npb.jp/bis/eng/teams/index_e.html>Rakuten</a>,PL
Nishikawa Haruki,108,451,372,58,81,17,4,7,127,37,19,8,6,2,103,68,0,3,2,0.218,0.342,0.341,0.683,103,0.123,0.280,39.5%,22.8%,15.1%,0.66,<a href=https://npb.jp/bis/eng/teams/index_e.html>Rakuten</a>,PL
Norimoto Takahiro,21,2,2,0,0,0,0,0,0,0,0,0,0,0,2,0,0,0,0,0.000,0.000,0.000,0.000,-99,0.000,,100.0%,100.0%,0.0%,0.00,<a href=https://npb.jp/bis/eng/teams/index_e.html>Rakuten</a>,PL
Ogoh Yuya,10,23,18,2,3,1,0,1,7,2,0,0,3,0,4,2,0,0,0,0.167,0.250,0.389,0.639,87,0.222,0.154,30.4%,17.4%,8.7%,0.50,<a href=https://npb.jp/bis/eng/teams/index_e.html>Rakuten</a>,PL
Ohta Hikaru,71,182,145,10,31,4,0,3,44,18,1,0,13,0,46,21,1,3,3,0.214,0.325,0.303,0.628,87,0.089,0.292,38.5%,25.3%,11.5%,0.46,<a href=https://npb.jp/bis/eng/teams/index_e.html>Rakuten</a>,PL
Okajima Takero,53,199,182,20,39,8,3,3,62,25,2,1,2,2,27,10,1,3,6,0.214,0.264,0.341,0.605,78,0.127,0.234,20.1%,13.6%,5.0%,0.37,<a href=https://npb.jp/bis/eng/teams/index_e.html>Rakuten</a>,PL
Okoye Louis,6,25,25,2,5,0,0,0,5,0,1,0,0,0,8,0,0,0,0,0.200,0.200,0.200,0.400,20,0.000,0.294,32.0%,32.0%,0.0%,0.00,<a href=https://npb.jp/bis/eng/teams/index_e.html>Rakuten</a>,PL
Shimauchi Hiroaki,142,613,541,59,161,36,3,14,245,77,5,3,2,3,82,63,1,4,16,0.298,0.373,0.453,0.826,144,0.155,0.328,25.9%,13.4%,10.3%,0.77,<a href=https://npb.jp/bis/eng/teams/index_e.html>Rakuten</a>,PL
Sumitani Ginjiro,98,288,253,21,60,4,0,4,76,18,0,3,15,0,52,18,0,2,10,0.237,0.293,0.300,0.593,76,0.063,0.284,25.7%,18.1%,6.2%,0.35,<a href=https://npb.jp/bis/eng/teams/index_e.html>Rakuten</a>,PL
Suzuki Daichi,125,477,408,39,105,19,0,5,139,35,4,2,9,4,52,38,0,18,11,0.257,0.344,0.341,0.685,104,0.084,0.282,19.9%,10.9%,8.0%,0.73,<a href=https://npb.jp/bis/eng/teams/index_e.html>Rakuten</a>,PL
Takinaka Ryota,15,1,1,0,0,0,0,0,0,0,0,0,0,0,1,0,0,0,0,0.000,0.000,0.000,0.000,-99,0.000,,100.0%,100.0%,0.0%,0.00,<a href=https://npb.jp/bis/eng/teams/index_e.html>Rakuten</a>,PL
Tanaka Kazuki,77,70,63,10,9,3,0,1,15,5,6,3,0,0,25,6,0,1,4,0.143,0.229,0.238,0.467,40,0.095,0.216,45.7%,35.7%,8.6%,0.24,<a href=https://npb.jp/bis/eng/teams/index_e.html>Rakuten</a>,PL
Tanaka Masahiro,25,4,4,0,0,0,0,0,0,0,0,0,0,0,1,0,0,0,0,0.000,0.000,0.000,0.000,-99,0.000,0.000,25.0%,25.0%,0.0%,0.00,<a href=https://npb.jp/bis/eng/teams/index_e.html>Rakuten</a>,PL
Tanaka Takaya,18,19,17,2,2,0,0,0,2,1,0,0,0,0,7,1,0,1,0,0.118,0.211,0.118,0.329,1,0.000,0.200,42.1%,36.8%,5.3%,0.14,<a href=https://npb.jp/bis/eng/teams/index_e.html>Rakuten</a>,PL
Tatsumi Ryosuke,120,476,409,60,111,14,3,11,164,35,12,5,13,1,103,42,1,11,7,0.271,0.354,0.401,0.755,124,0.130,0.338,32.8%,21.6%,8.8%,0.41,<a href=https://npb.jp/bis/eng/teams/index_e.html>Rakuten</a>,PL
Uchida Yasuhito,8,14,10,0,1,0,0,0,1,2,0,0,1,1,4,2,0,0,0,0.100,0.231,0.100,0.331,2,0.000,0.143,42.9%,28.6%,14.3%,0.50,<a href=https://npb.jp/bis/eng/teams/index_e.html>Rakuten</a>,PL
Wada Ren,11,30,29,0,2,0,0,0,2,1,0,0,0,1,10,0,0,0,1,0.069,0.067,0.069,0.136,-58,0.000,0.100,33.3%,33.3%,0.0%,0.00,<a href=https://npb.jp/bis/eng/teams/index_e.html>Rakuten</a>,PL
Watanabe Yoshiaki,60,168,153,14,37,1,2,1,45,17,2,3,2,1,24,12,0,0,2,0.242,0.295,0.294,0.589,75,0.052,0.279,22.0%,14.3%,7.1%,0.50,<a href=https://npb.jp/bis/eng/teams/index_e.html>Rakuten</a>,PL
Yamasaki Tsuyoshi,79,218,187,19,38,6,5,3,63,13,15,4,11,0,46,17,0,3,3,0.203,0.280,0.337,0.617,82,0.134,0.254,30.3%,21.1%,7.8%,0.37,<a href=https://npb.jp/bis/eng/teams/index_e.html>Rakuten</a>,PL
Yasuda Yuma,5,12,10,2,2,0,0,1,5,1,0,0,0,0,4,2,0,0,1,0.200,0.333,0.500,0.833,144,0.300,0.200,58.3%,33.3%,16.7%,0.50,<a href=https://npb.jp/bis/eng/teams/index_e.html>Rakuten</a>,PL
Enns Dietrich,23,2,2,0,0,0,0,0,0,0,0,0,0,0,1,0,0,0,0,0.000,0.000,0.000,0.000,-99,0.000,0.000,50.0%,50.0%,0.0%,0.00,<a href=https://npb.jp/bis/eng/teams/index_l.html>Seibu</a>,PL
Genda Sosuke,108,456,414,39,110,8,8,2,140,17,12,4,11,0,72,30,0,1,6,0.266,0.317,0.338,0.655,95,0.072,0.318,22.8%,15.8%,6.6%,0.42,<a href=https://npb.jp/bis/eng/teams/index_l.html>Seibu</a>,PL
Hasegawa Shinya,37,68,65,6,12,4,0,0,16,3,2,1,0,0,21,3,0,0,1,0.185,0.221,0.246,0.467,39,0.061,0.273,35.3%,30.9%,4.4%,0.14,<a href=https://npb.jp/bis/eng/teams/index_l.html>Seibu</a>,PL
Hirai Katsunori,30,2,1,0,0,0,0,0,0,0,0,0,0,0,1,1,0,0,0,0.000,0.500,0.000,0.500,61,0.000,,100.0%,50.0%,50.0%,1.00,<a href=https://npb.jp/bis/eng/teams/index_l.html>Seibu</a>,PL
Hiranuma Shota,30,88,73,8,19,1,1,1,25,3,4,0,1,2,14,11,0,1,1,0.260,0.356,0.342,0.698,108,0.082,0.300,29.5%,15.9%,12.5%,0.79,<a href=https://npb.jp/bis/eng/teams/index_l.html>Seibu</a>,PL
Kaneko Yuji,44,128,119,12,33,4,2,1,44,4,3,3,1,0,25,8,0,0,0,0.277,0.323,0.370,0.693,105,0.093,0.344,26.6%,19.5%,6.2%,0.32,<a href=https://npb.jp/bis/eng/teams/index_l.html>Seibu</a>,PL
Kawagoe Seiji,50,159,139,10,36,7,2,2,53,14,2,2,0,1,41,18,1,1,1,0.259,0.346,0.381,0.727,116,0.122,0.351,38.4%,25.8%,11.3%,0.44,<a href=https://npb.jp/bis/eng/teams/index_l.html>Seibu</a>,PL
Kawano Ryota,5,8,7,0,1,0,0,0,1,1,0,1,0,1,2,0,0,0,0,0.143,0.125,0.143,0.268,-20,0.000,0.167,25.0%,25.0%,0.0%,0.00,<a href=https://npb.jp/bis/eng/teams/index_l.html>Seibu</a>,PL
Kishi Junichiro,45,83,73,10,15,1,2,2,26,7,1,1,2,0,9,5,0,3,0,0.205,0.284,0.356,0.640,89,0.151,0.210,19.3%,10.8%,6.0%,0.56,<a href=https://npb.jp/bis/eng/teams/index_l.html>Seibu</a>,PL
Koga Yuto,26,71,58,3,9,2,0,1,14,4,0,0,3,1,16,9,1,0,1,0.155,0.265,0.241,0.506,51,0.086,0.190,36.6%,22.5%,12.7%,0.56,<a href=https://npb.jp/bis/eng/teams/index_l.html>Seibu</a>,PL
Kumashiro Masato,43,14,10,6,2,0,0,0,2,0,0,1,4,0,4,0,0,0,0,0.200,0.200,0.200,0.400,20,0.000,0.333,28.6%,28.6%,0.0%,0.00,<a href=https://npb.jp/bis/eng/teams/index_l.html>Seibu</a>,PL
Kuriyama Takumi,89,267,239,20,63,14,0,3,86,29,0,1,0,4,57,23,1,1,9,0.264,0.326,0.360,0.686,103,0.096,0.328,31.1%,21.3%,8.6%,0.40,<a href=https://npb.jp/bis/eng/teams/index_l.html>Seibu</a>,PL
Makino Shoya,11,32,29,3,4,0,1,0,6,2,0,1,1,0,7,2,0,0,1,0.138,0.194,0.207,0.401,20,0.069,0.182,28.1%,21.9%,6.2%,0.29,<a href=https://npb.jp/bis/eng/teams/index_l.html>Seibu</a>,PL
Mori Tomoya,102,412,366,45,92,21,3,8,143,38,2,1,3,1,66,41,0,1,11,0.251,0.328,0.391,0.719,113,0.140,0.287,27.9%,16.0%,10.0%,0.62,<a href=https://npb.jp/bis/eng/teams/index_l.html>Seibu</a>,PL
Nakaguma Daichi,1,1,1,0,0,0,0,0,0,0,0,0,0,0,0,0,0,0,0,0.000,0.000,0.000,0.000,-99,0.000,0.000,0.0%,0.0%,0.0%,,<a href=https://npb.jp/bis/eng/teams/index_l.html>Seibu</a>,PL
Nakamura Takeya,88,294,276,24,54,8,0,12,98,31,0,0,0,1,76,14,0,3,7,0.196,0.241,0.355,0.596,75,0.159,0.222,34.7%,25.9%,4.8%,0.18,<a href=https://npb.jp/bis/eng/teams/index_l.html>Seibu</a>,PL
Nakayama Seigo,1,3,3,0,0,0,0,0,0,0,0,0,0,0,1,0,0,0,0,0.000,0.000,0.000,0.000,-99,0.000,0.000,33.3%,33.3%,0.0%,0.00,<a href=https://npb.jp/bis/eng/teams/index_l.html>Seibu</a>,PL
Nishikawa Manaya,35,30,30,2,0,0,0,0,0,0,1,0,0,0,5,0,0,0,0,0.000,0.000,0.000,0.000,-99,0.000,0.000,16.7%,16.7%,0.0%,0.00,<a href=https://npb.jp/bis/eng/teams/index_l.html>Seibu</a>,PL
O'Grady Brian,123,465,404,42,86,24,0,15,155,46,2,1,0,2,129,54,3,5,8,0.213,0.312,0.384,0.696,106,0.171,0.271,42.6%,27.7%,11.6%,0.42,<a href=https://npb.jp/bis/eng/teams/index_l.html>Seibu</a>,PL
Sato Shunsuke,12,3,3,0,0,0,0,0,0,0,0,0,0,0,2,0,0,0,0,0.000,0.000,0.000,0.000,-99,0.000,0.000,66.7%,66.7%,0.0%,0.00,<a href=https://npb.jp/bis/eng/teams/index_l.html>Seibu</a>,PL
Sumida Chihiro,16,2,2,0,0,0,0,0,0,0,0,0,0,0,2,0,0,0,0,0.000,0.000,0.000,0.000,-99,0.000,,100.0%,100.0%,0.0%,0.00,<a href=https://npb.jp/bis/eng/teams/index_l.html>Seibu</a>,PL
Suzuki Shohei,58,227,212,14,53,10,1,1,68,13,1,4,5,1,24,9,0,0,2,0.250,0.279,0.321,0.600,78,0.071,0.277,15.0%,10.6%,4.0%,0.38,<a href=https://npb.jp/bis/eng/teams/index_l.html>Seibu</a>,PL
Takagi Wataru,13,44,36,0,4,0,0,0,4,1,0,1,3,1,14,4,0,0,0,0.111,0.195,0.111,0.306,-6,0.000,0.174,40.9%,31.8%,9.1%,0.29,<a href=https://npb.jp/bis/eng/teams/index_l.html>Seibu</a>,PL
Takahashi Kona,26,2,1,0,0,0,0,0,0,0,0,0,1,0,1,0,0,0,0,0.000,0.000,0.000,0.000,-99,0.000,,50.0%,50.0%,0.0%,0.00,<a href=https://npb.jp/bis/eng/teams/index_l.html>Seibu</a>,PL
Takeda Aito,121,393,366,34,89,19,0,9,135,28,9,4,14,1,70,10,0,2,7,0.243,0.266,0.369,0.635,86,0.126,0.278,22.6%,17.8%,2.5%,0.14,<a href=https://npb.jp/bis/eng/teams/index_l.html>Seibu</a>,PL
Takizawa Natsuo,48,91,85,13,19,2,1,0,23,4,1,1,2,0,21,4,0,0,2,0.224,0.258,0.271,0.529,57,0.047,0.297,27.5%,23.1%,4.4%,0.19,<a href=https://npb.jp/bis/eng/teams/index_l.html>Seibu</a>,PL
Togawa Daisuke,6,7,6,1,0,0,0,0,0,0,0,0,0,0,3,0,0,1,0,0.000,0.143,0.000,0.143,-53,0.000,0.000,42.9%,42.9%,0.0%,0.00,<a href=https://npb.jp/bis/eng/teams/index_l.html>Seibu</a>,PL
Tonosaki Shuta,132,547,478,54,103,25,3,12,170,47,10,6,11,3,113,52,0,3,12,0.215,0.295,0.356,0.651,92,0.141,0.256,32.4%,20.7%,9.5%,0.46,<a href=https://npb.jp/bis/eng/teams/index_l.html>Seibu</a>,PL
Tsuge Sena,42,118,104,5,18,5,0,1,26,5,0,1,9,1,33,4,0,0,2,0.173,0.202,0.250,0.452,34,0.077,0.239,32.2%,28.0%,3.4%,0.12,<a href=https://npb.jp/bis/eng/teams/index_l.html>Seibu</a>,PL
Wakabayashi Gakuto,28,95,87,5,18,0,0,0,18,3,3,1,2,0,34,4,0,2,0,0.207,0.258,0.207,0.465,40,0.000,0.340,40.0%,35.8%,4.2%,0.12,<a href=https://npb.jp/bis/eng/teams/index_l.html>Seibu</a>,PL
Witte Jantzen,35,128,120,8,23,5,0,2,34,13,1,0,0,2,36,6,0,0,7,0.192,0.227,0.283,0.510,50,0.091,0.250,34.4%,28.1%,4.7%,0.17,<a href=https://npb.jp/bis/eng/teams/index_l.html>Seibu</a>,PL
Wu Nien-Ting,94,301,260,25,59,9,1,5,85,28,2,0,0,3,54,37,0,1,3,0.227,0.322,0.327,0.649,93,0.100,0.265,31.9%,17.9%,12.3%,0.69,<a href=https://npb.jp/bis/eng/teams/index_l.html>Seibu</a>,PL
Yamada Haruka,74,93,80,6,16,2,0,0,18,9,1,0,4,1,21,8,0,0,0,0.200,0.270,0.225,0.495,49,0.025,0.267,31.2%,22.6%,8.6%,0.38,<a href=https://npb.jp/bis/eng/teams/index_l.html>Seibu</a>,PL
Yamakawa Hotaka,129,528,448,62,119,17,0,41,259,90,0,0,0,1,114,68,13,11,12,0.266,0.375,0.578,0.953,178,0.312,0.265,42.2%,21.6%,12.9%,0.60,<a href=https://npb.jp/bis/eng/teams/index_l.html>Seibu</a>,PL
Yamanobe Kakeru,30,35,33,7,5,3,0,0,8,1,3,1,0,0,4,1,0,1,0,0.152,0.200,0.242,0.442,31,0.090,0.172,14.3%,11.4%,2.9%,0.25,<a href=https://npb.jp/bis/eng/teams/index_l.html>Seibu</a>,PL
Yoza Kaito,20,4,3,0,0,0,0,0,0,0,0,0,1,0,2,0,0,0,0,0.000,0.000,0.000,0.000,-99,0.000,0.000,50.0%,50.0%,0.0%,0.00,<a href=https://npb.jp/bis/eng/teams/index_l.html>Seibu</a>,PL
Alcantara Arismendy,97,285,263,27,55,6,0,14,103,28,4,6,0,1,87,21,1,0,3,0.209,0.267,0.392,0.659,95,0.183,0.252,42.8%,30.5%,7.4%,0.24,<a href=https://npb.jp/bis/eng/teams/index_f.html>Nipponham</a>,PL
Arizono Naoki,4,7,7,0,0,0,0,0,0,0,0,0,0,0,4,0,0,0,0,0.000,0.000,0.000,0.000,-102,0.000,0.000,57.1%,57.1%,0.0%,0.00,<a href=https://npb.jp/bis/eng/teams/index_f.html>Nipponham</a>,PL
Asama Daiki,75,240,224,20,52,14,1,4,80,15,12,3,4,1,55,11,0,0,3,0.232,0.267,0.357,0.624,86,0.125,0.289,29.2%,22.9%,4.6%,0.20,<a href=https://npb.jp/bis/eng/teams/index_f.html>Nipponham</a>,PL
Furukawa Yudai,36,108,96,5,22,3,0,0,25,1,0,2,4,0,23,8,0,0,1,0.229,0.288,0.260,0.548,66,0.031,0.301,28.7%,21.3%,7.4%,0.35,<a href=https://npb.jp/bis/eng/teams/index_f.html>Nipponham</a>,PL
Hosokawa Ryohei,20,48,41,5,7,1,2,0,12,2,0,0,3,0,14,4,0,0,1,0.171,0.244,0.293,0.537,60,0.122,0.259,37.5%,29.2%,8.3%,0.29,<a href=https://npb.jp/bis/eng/teams/index_f.html>Nipponham</a>,PL
Imagawa Yuma,94,309,273,34,62,12,1,10,106,39,4,4,6,4,70,19,2,7,6,0.227,0.290,0.388,0.678,102,0.161,0.264,32.0%,22.7%,6.1%,0.27,<a href=https://npb.jp/bis/eng/teams/index_f.html>Nipponham</a>,PL
Ishii Kazunari,102,328,296,30,70,12,6,6,112,32,8,7,8,3,64,20,0,1,2,0.236,0.284,0.378,0.662,97,0.142,0.279,27.4%,19.5%,6.1%,0.31,<a href=https://npb.jp/bis/eng/teams/index_f.html>Nipponham</a>,PL
Ishikawa Ryo,23,52,45,3,7,0,0,0,7,3,0,0,5,0,7,2,0,0,1,0.156,0.191,0.156,0.347,5,0.000,0.184,17.3%,13.5%,3.8%,0.29,<a href=https://npb.jp/bis/eng/teams/index_f.html>Nipponham</a>,PL
Isobata Ryota,6,16,14,0,4,0,0,0,4,1,3,1,0,0,6,2,0,0,0,0.286,0.375,0.286,0.661,102,0.000,0.500,50.0%,37.5%,12.5%,0.33,<a href=https://npb.jp/bis/eng/teams/index_f.html>Nipponham</a>,PL
Itoh Hiromi,26,4,4,0,0,0,0,0,0,0,0,0,0,0,3,0,0,0,0,0.000,0.000,0.000,0.000,-102,0.000,0.000,75.0%,75.0%,0.0%,0.00,<a href=https://npb.jp/bis/eng/teams/index_f.html>Nipponham</a>,PL
Kamikawabata Daigo,80,301,261,22,76,7,2,2,93,17,8,10,12,0,45,21,0,7,3,0.291,0.360,0.356,0.716,116,0.065,0.346,22.6%,15.0%,7.0%,0.47,<a href=https://npb.jp/bis/eng/teams/index_f.html>Nipponham</a>,PL
Kataoka Shoto,13,24,24,2,3,1,0,0,4,0,0,0,0,0,11,0,0,0,0,0.125,0.125,0.167,0.292,-14,0.042,0.231,45.8%,45.8%,0.0%,0.00,<a href=https://npb.jp/bis/eng/teams/index_f.html>Nipponham</a>,PL
Katoh Takayuki,22,5,5,0,1,0,0,0,1,0,0,0,0,0,4,0,0,0,0,0.200,0.200,0.200,0.400,20,0.000,1.000,80.0%,80.0%,0.0%,0.00,<a href=https://npb.jp/bis/eng/teams/index_f.html>Nipponham</a>,PL
Kimura Fumikazu,38,101,95,7,17,4,0,2,27,9,0,1,0,1,39,4,0,1,1,0.179,0.218,0.284,0.502,50,0.105,0.273,44.6%,38.6%,4.0%,0.10,<a href=https://npb.jp/bis/eng/teams/index_f.html>Nipponham</a>,PL
Kiyomiya Kotaro,129,461,406,52,89,25,3,18,174,55,4,5,2,2,113,45,2,6,6,0.219,0.305,0.429,0.734,119,0.210,0.256,38.2%,24.5%,9.8%,0.40,<a href=https://npb.jp/bis/eng/teams/index_f.html>Nipponham</a>,PL
Kohri Takuya,26,63,56,2,7,1,0,2,14,6,1,1,2,0,16,4,0,1,0,0.125,0.197,0.250,0.447,32,0.125,0.132,34.9%,25.4%,6.3%,0.25,<a href=https://npb.jp/bis/eng/teams/index_f.html>Nipponham</a>,PL
Kondoh Kensuke,99,396,325,51,98,26,1,8,150,41,8,7,1,3,45,66,6,1,7,0.302,0.418,0.462,0.880,164,0.160,0.327,30.1%,11.4%,16.7%,1.47,<a href=https://npb.jp/bis/eng/teams/index_f.html>Nipponham</a>,PL
Mannami Chusei,100,314,296,28,60,10,2,14,116,40,0,2,2,2,112,12,0,2,2,0.203,0.237,0.392,0.629,85,0.189,0.267,43.9%,35.7%,3.8%,0.11,<a href=https://npb.jp/bis/eng/teams/index_f.html>Nipponham</a>,PL
Matsumoto Go,117,445,395,48,137,23,2,3,173,44,21,5,10,4,42,32,5,4,13,0.347,0.398,0.438,0.836,151,0.091,0.379,17.3%,9.4%,7.2%,0.76,<a href=https://npb.jp/bis/eng/teams/index_f.html>Nipponham</a>,PL
Miyata Hokuto,6,7,7,1,1,0,0,0,1,0,0,0,0,0,1,0,0,0,0,0.143,0.143,0.143,0.286,-14,0.000,0.167,14.3%,14.3%,0.0%,0.00,<a href=https://npb.jp/bis/eng/teams/index_f.html>Nipponham</a>,PL
Mizuno Tatsuki,21,44,41,4,5,2,0,0,7,0,1,1,1,0,16,2,0,0,0,0.122,0.163,0.171,0.334,-0,0.049,0.200,40.9%,36.4%,4.5%,0.12,<a href=https://npb.jp/bis/eng/teams/index_f.html>Nipponham</a>,PL
Nakashima Takuya,68,150,130,12,29,3,1,0,34,8,17,4,8,1,31,11,0,0,0,0.223,0.282,0.262,0.544,64,0.039,0.290,28.0%,20.7%,7.3%,0.35,<a href=https://npb.jp/bis/eng/teams/index_f.html>Nipponham</a>,PL
Nomura Yuki,93,368,348,33,97,24,2,6,143,36,3,4,1,1,71,16,1,2,9,0.279,0.313,0.411,0.724,116,0.132,0.335,25.3%,19.3%,4.3%,0.23,<a href=https://npb.jp/bis/eng/teams/index_f.html>Nipponham</a>,PL
Nunez Renato,63,180,167,10,29,7,1,4,50,12,1,0,0,1,61,9,1,3,1,0.174,0.228,0.299,0.527,57,0.125,0.243,41.1%,33.9%,5.0%,0.15,<a href=https://npb.jp/bis/eng/teams/index_f.html>Nipponham</a>,PL
Sakaguchi Uta,3,6,6,0,1,0,0,0,1,0,0,0,0,0,4,0,0,0,0,0.167,0.167,0.167,0.334,-0,0.000,0.500,66.7%,66.7%,0.0%,0.00,<a href=https://npb.jp/bis/eng/teams/index_f.html>Nipponham</a>,PL
Satoh Ryusei,37,106,96,5,11,2,0,1,16,4,0,0,3,0,23,7,0,0,1,0.115,0.175,0.167,0.342,3,0.052,0.139,29.2%,21.7%,6.6%,0.30,<a href=https://npb.jp/bis/eng/teams/index_f.html>Nipponham</a>,PL
Shimizu Yushi,30,67,62,2,12,1,0,0,13,3,0,1,3,0,15,1,0,1,1,0.194,0.219,0.210,0.429,29,0.016,0.255,23.9%,22.4%,1.5%,0.07,<a href=https://npb.jp/bis/eng/teams/index_f.html>Nipponham</a>,PL
Sugiura Toshihiro,16,2,2,0,0,0,0,0,0,0,0,0,0,0,2,0,0,0,0,0.000,0.000,0.000,0.000,-102,0.000,,100.0%,100.0%,0.0%,0.00,<a href=https://npb.jp/bis/eng/teams/index_f.html>Nipponham</a>,PL
Sugiya Kenshi,51,109,97,9,16,2,0,0,18,3,0,0,4,0,21,8,0,0,0,0.165,0.229,0.186,0.415,25,0.021,0.211,26.6%,19.3%,7.3%,0.38,<a href=https://npb.jp/bis/eng/teams/index_f.html>Nipponham</a>,PL
Takahama Yuto,7,18,17,0,1,0,0,0,1,1,0,0,0,1,12,0,0,0,0,0.059,0.056,0.059,0.115,-67,0.000,0.167,66.7%,66.7%,0.0%,0.00,<a href=https://npb.jp/bis/eng/teams/index_f.html>Nipponham</a>,PL
Tamiya Yua,14,21,18,1,2,1,0,0,3,0,0,0,2,0,4,1,0,0,0,0.111,0.158,0.167,0.325,-3,0.056,0.143,23.8%,19.0%,4.8%,0.25,<a href=https://npb.jp/bis/eng/teams/index_f.html>Nipponham</a>,PL
Uehara Kenta,25,5,5,1,1,1,0,0,2,0,0,0,0,0,3,0,0,0,0,0.200,0.200,0.400,0.600,76,0.200,0.500,60.0%,60.0%,0.0%,0.00,<a href=https://npb.jp/bis/eng/teams/index_f.html>Nipponham</a>,PL
Ueno Kyohei,12,31,27,2,2,1,0,0,3,0,0,0,2,0,9,2,0,0,0,0.074,0.138,0.111,0.249,-25,0.037,0.111,35.5%,29.0%,6.5%,0.22,<a href=https://npb.jp/bis/eng/teams/index_f.html>Nipponham</a>,PL
Umebayashi Yuki,22,51,48,2,5,1,0,0,6,3,0,0,2,0,19,1,0,0,0,0.104,0.122,0.125,0.247,-26,0.021,0.172,39.2%,37.3%,2.0%,0.05,<a href=https://npb.jp/bis/eng/teams/index_f.html>Nipponham</a>,PL
Usami Shingo,81,237,215,22,55,10,0,5,80,24,0,0,7,2,42,12,0,1,0,0.256,0.296,0.372,0.668,99,0.116,0.294,24.9%,17.7%,5.1%,0.29,<a href=https://npb.jp/bis/eng/teams/index_f.html>Nipponham</a>,PL
Uwasawa Naoyuki,23,3,2,0,0,0,0,0,0,0,0,0,1,0,0,0,0,0,1,0.000,0.000,0.000,0.000,-102,0.000,0.000,0.0%,0.0%,0.0%,,<a href=https://npb.jp/bis/eng/teams/index_f.html>Nipponham</a>,PL
Wang Po-Jung,15,32,32,1,2,1,0,0,3,0,0,0,0,0,12,0,0,0,1,0.063,0.063,0.094,0.157,-55,0.031,0.100,37.5%,37.5%,0.0%,0.00,<a href=https://npb.jp/bis/eng/teams/index_f.html>Nipponham</a>,PL
Watanabe Ryo,21,64,60,11,14,4,2,0,22,2,0,0,0,0,17,3,0,1,1,0.233,0.281,0.367,0.648,93,0.134,0.326,31.2%,26.6%,4.7%,0.18,<a href=https://npb.jp/bis/eng/teams/index_f.html>Nipponham</a>,PL
Yachi Ryota,78,167,153,11,41,9,0,1,53,12,0,1,5,0,24,8,0,1,3,0.268,0.309,0.346,0.655,96,0.078,0.312,19.8%,14.4%,4.8%,0.33,<a href=https://npb.jp/bis/eng/teams/index_f.html>Nipponham</a>,PL
Yoshida Kosei,51,2,2,0,0,0,0,0,0,0,0,0,0,0,1,0,0,0,0,0.000,0.000,0.000,0.000,-102,0.000,0.000,50.0%,50.0%,0.0%,0.00,<a href=https://npb.jp/bis/eng/teams/index_f.html>Nipponham</a>,PL
