Player,G,PA,AB,R,H,2B,3B,HR,TB,RBI,SB,CS,SH,SF,SO,BB,IBB,HP,GDP,AVG,OBP,SLG,OPS,OPS+,ISO,BABIP,TTO%,K%,BB%,BB/K,Team,League
Akiyama Takumi,18,46,38,3,5,2,0,0,7,1,0,0,6,0,23,2,0,0,0,0.132,0.175,0.184,0.359,2,0.052,0.333,54.3%,50.0%,4.3%,0.09,<a href=https://npb.jp/bis/eng/teams/index_t.html>Hanshin</a>,CL
Aoyagi Koyo,21,39,31,1,1,0,0,0,1,0,0,0,7,0,19,1,0,0,0,0.032,0.063,0.032,0.095,-77,0.000,0.083,51.3%,48.7%,2.6%,0.05,<a href=https://npb.jp/bis/eng/teams/index_t.html>Hanshin</a>,CL
Araki Fumiya,16,11,11,2,1,0,0,0,1,0,2,1,0,0,4,0,0,0,0,0.091,0.091,0.091,0.182,-51,0.000,0.143,36.4%,36.4%,0.0%,0.00,<a href=https://npb.jp/bis/eng/teams/index_t.html>Hanshin</a>,CL
Bour Justin,99,379,329,27,80,8,0,17,139,45,1,1,0,2,88,45,5,3,13,0.243,0.338,0.422,0.760,121,0.179,0.279,39.6%,23.2%,11.9%,0.51,<a href=https://npb.jp/bis/eng/teams/index_t.html>Hanshin</a>,CL
Chikamoto Koji,120,519,474,81,139,21,5,9,197,45,31,8,7,1,61,30,2,7,4,0.293,0.344,0.416,0.760,121,0.123,0.321,19.3%,11.8%,5.8%,0.49,<a href=https://npb.jp/bis/eng/teams/index_t.html>Hanshin</a>,CL
Egoshi Taiga,45,13,10,11,0,0,0,0,0,1,3,1,0,1,6,2,0,0,0,0.000,0.154,0.000,0.154,-56,0.000,0.000,61.5%,46.2%,15.4%,0.33,<a href=https://npb.jp/bis/eng/teams/index_t.html>Hanshin</a>,CL
Fujikawa Shunsuke,9,8,8,0,1,0,0,0,1,0,0,1,0,0,2,0,0,0,0,0.125,0.125,0.125,0.250,-31,0.000,0.167,25.0%,25.0%,0.0%,0.00,<a href=https://npb.jp/bis/eng/teams/index_t.html>Hanshin</a>,CL
Fujinami Shintaro,24,19,16,1,1,0,0,0,1,1,0,0,3,0,11,0,0,0,0,0.063,0.063,0.063,0.126,-68,0.000,0.200,57.9%,57.9%,0.0%,0.00,<a href=https://npb.jp/bis/eng/teams/index_t.html>Hanshin</a>,CL
Fukudome Kosuke,43,92,78,3,12,2,0,1,17,12,0,0,0,3,31,11,0,0,4,0.154,0.250,0.218,0.468,36,0.064,0.224,46.7%,33.7%,12.0%,0.35,<a href=https://npb.jp/bis/eng/teams/index_t.html>Hanshin</a>,CL
Garcia Onelki,14,23,22,0,2,0,0,0,2,0,0,0,1,0,8,0,0,0,0,0.091,0.091,0.091,0.182,-51,0.000,0.143,34.8%,34.8%,0.0%,0.00,<a href=https://npb.jp/bis/eng/teams/index_t.html>Hanshin</a>,CL
Gunkel Joe,28,13,11,0,3,1,0,0,4,0,0,0,1,0,5,0,0,1,0,0.273,0.333,0.364,0.697,103,0.091,0.500,38.5%,38.5%,0.0%,0.00,<a href=https://npb.jp/bis/eng/teams/index_t.html>Hanshin</a>,CL
Haraguchi Fumihito,48,78,72,5,20,3,0,3,32,19,0,0,0,0,16,5,1,1,2,0.278,0.333,0.444,0.777,126,0.166,0.321,30.8%,20.5%,6.4%,0.31,<a href=https://npb.jp/bis/eng/teams/index_t.html>Hanshin</a>,CL
Hojoh Fumiya,40,112,99,10,19,4,0,2,29,7,2,0,3,0,23,9,0,1,2,0.192,0.266,0.293,0.559,62,0.101,0.230,30.4%,20.5%,8.0%,0.39,<a href=https://npb.jp/bis/eng/teams/index_t.html>Hanshin</a>,CL
Inoue Kouta,6,11,11,0,1,1,0,0,2,1,0,0,0,0,5,0,0,0,0,0.091,0.091,0.182,0.273,-27,0.091,0.167,45.5%,45.5%,0.0%,0.00,<a href=https://npb.jp/bis/eng/teams/index_t.html>Hanshin</a>,CL
Itayama Yutaro,5,14,12,1,2,0,0,0,2,0,1,0,0,0,3,2,0,0,0,0.167,0.286,0.167,0.453,34,0.000,0.222,35.7%,21.4%,14.3%,0.67,<a href=https://npb.jp/bis/eng/teams/index_t.html>Hanshin</a>,CL
Itohara Kento,63,244,218,32,64,5,2,3,82,20,1,2,3,1,33,19,0,3,3,0.294,0.357,0.376,0.733,115,0.082,0.333,22.5%,13.5%,7.8%,0.58,<a href=https://npb.jp/bis/eng/teams/index_t.html>Hanshin</a>,CL
Itoi Yoshio,86,311,269,25,72,16,1,2,96,28,2,1,0,1,50,38,0,3,5,0.268,0.363,0.357,0.720,112,0.089,0.321,28.9%,16.1%,12.2%,0.76,<a href=https://npb.jp/bis/eng/teams/index_t.html>Hanshin</a>,CL
Iwasada Yuta,38,15,13,0,2,0,0,0,2,0,0,0,2,0,8,0,0,0,0,0.154,0.154,0.154,0.308,-13,0.000,0.400,53.3%,53.3%,0.0%,0.00,<a href=https://npb.jp/bis/eng/teams/index_t.html>Hanshin</a>,CL
Iwata Minoru,5,7,6,0,0,0,0,0,0,0,0,0,1,0,4,0,0,0,0,0.000,0.000,0.000,0.000,-106,0.000,0.000,57.1%,57.1%,0.0%,0.00,<a href=https://npb.jp/bis/eng/teams/index_t.html>Hanshin</a>,CL
Iwazaki Suguru,41,1,1,0,0,0,0,0,0,0,0,0,0,0,1,0,0,0,0,0.000,0.000,0.000,0.000,-106,0.000,,100.0%,100.0%,0.0%,0.00,<a href=https://npb.jp/bis/eng/teams/index_t.html>Hanshin</a>,CL
Kinami Seiya,92,334,297,42,74,20,1,3,105,25,2,1,8,3,54,24,3,2,1,0.249,0.307,0.354,0.661,93,0.105,0.292,24.3%,16.2%,7.2%,0.44,<a href=https://npb.jp/bis/eng/teams/index_t.html>Hanshin</a>,CL
Kumagai Takahiro,38,17,16,6,5,2,0,0,7,3,3,2,0,0,5,1,0,0,0,0.313,0.353,0.438,0.791,131,0.125,0.455,35.3%,29.4%,5.9%,0.20,<a href=https://npb.jp/bis/eng/teams/index_t.html>Hanshin</a>,CL
Marte Jefry,29,119,103,9,26,6,1,4,46,14,1,0,0,2,14,14,0,0,6,0.252,0.336,0.447,0.783,128,0.195,0.253,26.9%,11.8%,11.8%,1.00,<a href=https://npb.jp/bis/eng/teams/index_t.html>Hanshin</a>,CL
Nagasaka Kenya,5,5,5,1,2,0,0,1,5,2,1,0,0,0,3,0,0,0,0,0.400,0.400,1.000,1.400,302,0.600,1.000,80.0%,60.0%,0.0%,0.00,<a href=https://npb.jp/bis/eng/teams/index_t.html>Hanshin</a>,CL
Nakata Kenichi,3,2,2,0,1,0,0,0,1,0,0,0,0,0,1,0,0,0,0,0.500,0.500,0.500,1.000,196,0.000,1.000,50.0%,50.0%,0.0%,0.00,<a href=https://npb.jp/bis/eng/teams/index_t.html>Hanshin</a>,CL
Nakatani Masahiro,70,87,79,10,17,1,0,2,24,16,1,0,1,1,27,5,0,1,0,0.215,0.267,0.304,0.571,65,0.089,0.294,39.1%,31.0%,5.7%,0.19,<a href=https://npb.jp/bis/eng/teams/index_t.html>Hanshin</a>,CL
Nishi Yuki,21,56,46,5,5,2,0,1,10,7,0,0,9,0,16,1,0,0,0,0.109,0.128,0.217,0.345,-4,0.108,0.138,32.1%,28.6%,1.8%,0.06,<a href=https://npb.jp/bis/eng/teams/index_t.html>Hanshin</a>,CL
Nohmi Atsushi,34,1,1,0,0,0,0,0,0,0,0,0,0,0,1,0,0,0,0,0.000,0.000,0.000,0.000,-106,0.000,,100.0%,100.0%,0.0%,0.00,<a href=https://npb.jp/bis/eng/teams/index_t.html>Hanshin</a>,CL
Obata Ryuhei,54,134,127,15,28,1,2,0,33,7,3,1,1,0,37,5,1,1,1,0.220,0.256,0.260,0.516,50,0.040,0.311,31.3%,27.6%,3.7%,0.14,<a href=https://npb.jp/bis/eng/teams/index_t.html>Hanshin</a>,CL
Ohyama Yusuke,116,471,423,66,122,21,5,28,237,85,1,3,1,1,96,41,6,5,15,0.288,0.357,0.560,0.917,166,0.272,0.313,35.0%,20.4%,8.7%,0.43,<a href=https://npb.jp/bis/eng/teams/index_t.html>Hanshin</a>,CL
Saitoh Yukiya,5,1,1,1,1,0,0,0,1,0,0,0,0,0,0,0,0,0,0,1.000,1.000,1.000,2.000,498,0.000,1.000,0.0%,0.0%,0.0%,,<a href=https://npb.jp/bis/eng/teams/index_t.html>Hanshin</a>,CL
Sakamoto Seishiro,38,95,75,5,16,4,0,0,20,4,1,1,7,0,20,13,0,0,1,0.213,0.330,0.267,0.597,76,0.054,0.291,34.7%,21.1%,13.7%,0.65,<a href=https://npb.jp/bis/eng/teams/index_t.html>Hanshin</a>,CL
Sands Jerry,110,443,377,47,97,16,0,19,170,64,2,1,0,2,106,61,2,3,11,0.257,0.363,0.451,0.814,137,0.194,0.307,42.0%,23.9%,13.8%,0.58,<a href=https://npb.jp/bis/eng/teams/index_t.html>Hanshin</a>,CL
Shimada Kairi,43,21,17,4,3,0,0,0,3,1,3,0,1,0,4,2,1,1,0,0.176,0.300,0.176,0.476,40,0.000,0.231,28.6%,19.0%,9.5%,0.50,<a href=https://npb.jp/bis/eng/teams/index_t.html>Hanshin</a>,CL
Takahashi Haruto,12,24,23,2,3,0,0,0,3,1,0,0,1,0,8,0,0,0,0,0.130,0.130,0.130,0.260,-28,0.000,0.200,33.3%,33.3%,0.0%,0.00,<a href=https://npb.jp/bis/eng/teams/index_t.html>Hanshin</a>,CL
Takayama Shun,42,52,46,6,7,3,0,0,10,3,1,0,1,1,10,3,0,1,0,0.152,0.216,0.217,0.433,24,0.065,0.189,25.0%,19.2%,5.8%,0.30,<a href=https://npb.jp/bis/eng/teams/index_t.html>Hanshin</a>,CL
Ueda Kai,74,83,59,16,9,2,0,0,11,3,9,4,6,0,22,14,1,4,0,0.153,0.351,0.186,0.537,61,0.033,0.243,43.4%,26.5%,16.9%,0.64,<a href=https://npb.jp/bis/eng/teams/index_t.html>Hanshin</a>,CL
Uemoto Hiroki,25,51,41,2,7,3,0,0,10,4,2,2,5,1,11,4,0,0,2,0.171,0.239,0.244,0.483,39,0.073,0.226,29.4%,21.6%,7.8%,0.36,<a href=https://npb.jp/bis/eng/teams/index_t.html>Hanshin</a>,CL
Umeno Ryutaro,98,342,298,36,78,17,0,7,116,29,5,1,9,2,77,33,1,0,9,0.262,0.333,0.389,0.722,111,0.127,0.329,34.2%,22.5%,9.6%,0.43,<a href=https://npb.jp/bis/eng/teams/index_t.html>Hanshin</a>,CL
Yohkawa Naomasa,71,182,158,19,39,6,0,8,69,24,2,2,2,1,42,15,2,6,4,0.247,0.333,0.437,0.770,123,0.190,0.284,35.7%,23.1%,8.2%,0.36,<a href=https://npb.jp/bis/eng/teams/index_t.html>Hanshin</a>,CL
Abe Tomohiro,26,44,38,6,7,3,0,0,10,2,0,1,2,0,17,4,0,0,1,0.184,0.262,0.263,0.525,50,0.079,0.333,47.7%,38.6%,9.1%,0.24,<a href=https://npb.jp/bis/eng/teams/index_c.html>Hiroshima</a>,CL
Aizawa Tsubasa,79,263,229,25,61,13,0,7,95,36,2,0,1,0,51,22,2,11,8,0.266,0.359,0.415,0.774,121,0.149,0.316,30.4%,19.4%,8.4%,0.43,<a href=https://npb.jp/bis/eng/teams/index_c.html>Hiroshima</a>,CL
Chono Hisayoshi,95,299,267,30,76,17,1,10,125,42,1,0,0,2,61,29,0,1,5,0.285,0.355,0.468,0.823,134,0.183,0.333,33.4%,20.4%,9.7%,0.48,<a href=https://npb.jp/bis/eng/teams/index_c.html>Hiroshima</a>,CL
Dohbayashi Shota,111,451,401,55,112,21,0,14,175,58,17,4,3,2,91,41,2,4,12,0.279,0.350,0.436,0.786,123,0.157,0.329,32.4%,20.2%,9.1%,0.45,<a href=https://npb.jp/bis/eng/teams/index_c.html>Hiroshima</a>,CL
Endoh Atsushi,19,36,32,1,6,0,0,0,6,2,0,0,3,0,12,1,0,0,1,0.188,0.212,0.188,0.400,14,0.000,0.300,36.1%,33.3%,2.8%,0.08,<a href=https://npb.jp/bis/eng/teams/index_c.html>Hiroshima</a>,CL
Hatsuki Ryutaro,17,40,33,3,6,1,1,0,9,4,0,2,5,0,7,2,0,0,0,0.182,0.229,0.273,0.502,43,0.091,0.231,22.5%,17.5%,5.0%,0.29,<a href=https://npb.jp/bis/eng/teams/index_c.html>Hiroshima</a>,CL
Hayashi Kouta,4,8,8,1,1,1,0,0,2,0,0,0,0,0,5,0,0,0,1,0.125,0.125,0.250,0.375,4,0.125,0.333,62.5%,62.5%,0.0%,0.00,<a href=https://npb.jp/bis/eng/teams/index_c.html>Hiroshima</a>,CL
Horie Atsuya,52,1,1,0,0,0,0,0,0,0,0,0,0,0,1,0,0,0,0,0.000,0.000,0.000,0.000,-102,0.000,,100.0%,100.0%,0.0%,0.00,<a href=https://npb.jp/bis/eng/teams/index_c.html>Hiroshima</a>,CL
Ishihara Yoshiyuki,4,5,5,0,0,0,0,0,0,0,0,0,0,0,1,0,0,0,0,0.000,0.000,0.000,0.000,-102,0.000,0.000,20.0%,20.0%,0.0%,0.00,<a href=https://npb.jp/bis/eng/teams/index_c.html>Hiroshima</a>,CL
Isomura Yoshitaka,31,55,48,4,10,3,0,1,16,1,0,0,3,0,8,4,0,0,2,0.208,0.269,0.333,0.602,71,0.125,0.231,23.6%,14.5%,7.3%,0.50,<a href=https://npb.jp/bis/eng/teams/index_c.html>Hiroshima</a>,CL
Johnson Kris,10,15,14,0,1,0,0,0,1,0,0,0,1,0,7,0,0,0,0,0.071,0.071,0.071,0.142,-61,0.000,0.143,46.7%,46.7%,0.0%,0.00,<a href=https://npb.jp/bis/eng/teams/index_c.html>Hiroshima</a>,CL
Kemna Makoto,41,3,2,0,0,0,0,0,0,0,0,0,0,0,2,1,0,0,0,0.000,0.333,0.000,0.333,3,0.000,,100.0%,66.7%,33.3%,0.50,<a href=https://npb.jp/bis/eng/teams/index_c.html>Hiroshima</a>,CL
Kikuchi Ryosuke,106,429,376,43,102,19,4,10,159,41,3,2,16,1,68,35,2,1,9,0.271,0.334,0.423,0.757,115,0.152,0.308,26.3%,15.9%,8.2%,0.51,<a href=https://npb.jp/bis/eng/teams/index_c.html>Hiroshima</a>,CL
Kokubo Tetsuya,3,3,3,0,1,0,0,0,1,0,0,0,0,0,0,0,0,0,1,0.333,0.333,0.333,0.666,91,0.000,0.333,0.0%,0.0%,0.0%,,<a href=https://npb.jp/bis/eng/teams/index_c.html>Hiroshima</a>,CL
Kozono Kaito,3,6,6,0,0,0,0,0,0,0,0,0,0,0,1,0,0,0,0,0.000,0.000,0.000,0.000,-102,0.000,0.000,16.7%,16.7%,0.0%,0.00,<a href=https://npb.jp/bis/eng/teams/index_c.html>Hiroshima</a>,CL
Kuri Aren,20,42,33,0,2,0,0,0,2,1,0,0,8,0,24,1,0,0,0,0.061,0.088,0.061,0.149,-58,0.000,0.222,59.5%,57.1%,2.4%,0.04,<a href=https://npb.jp/bis/eng/teams/index_c.html>Hiroshima</a>,CL
Kuwahara Tatsuki,3,3,3,0,0,0,0,0,0,0,0,0,0,0,0,0,0,0,0,0.000,0.000,0.000,0.000,-102,0.000,0.000,0.0%,0.0%,0.0%,,<a href=https://npb.jp/bis/eng/teams/index_c.html>Hiroshima</a>,CL
Matsuyama Ryuhei,108,425,404,38,112,27,1,9,168,67,0,1,0,3,72,17,4,1,11,0.277,0.306,0.416,0.722,105,0.139,0.316,23.1%,16.9%,4.0%,0.24,<a href=https://npb.jp/bis/eng/teams/index_c.html>Hiroshima</a>,CL
Mejia Alejandro,37,85,80,4,15,2,0,2,23,4,1,0,0,0,21,5,0,0,3,0.188,0.235,0.288,0.523,48,0.100,0.228,32.9%,24.7%,5.9%,0.24,<a href=https://npb.jp/bis/eng/teams/index_c.html>Hiroshima</a>,CL
Miyoshi Takumi,62,29,24,3,3,0,0,0,3,2,0,0,2,1,5,2,0,0,0,0.125,0.185,0.125,0.310,-10,0.000,0.150,24.1%,17.2%,6.9%,0.40,<a href=https://npb.jp/bis/eng/teams/index_c.html>Hiroshima</a>,CL
Morishita Masato,18,46,39,0,6,2,0,0,8,3,0,0,6,0,16,0,0,1,0,0.154,0.175,0.205,0.380,7,0.051,0.261,34.8%,34.8%,0.0%,0.00,<a href=https://npb.jp/bis/eng/teams/index_c.html>Hiroshima</a>,CL
Nakamura Shosei,4,4,4,0,0,0,0,0,0,0,0,0,0,0,1,0,0,0,0,0.000,0.000,0.000,0.000,-102,0.000,0.000,25.0%,25.0%,0.0%,0.00,<a href=https://npb.jp/bis/eng/teams/index_c.html>Hiroshima</a>,CL
Nakamura Yuta,8,14,13,1,1,0,0,0,1,1,0,0,1,0,4,0,0,0,0,0.077,0.077,0.077,0.154,-57,0.000,0.111,28.6%,28.6%,0.0%,0.00,<a href=https://npb.jp/bis/eng/teams/index_c.html>Hiroshima</a>,CL
Nishikawa Ryoma,76,328,296,36,90,18,0,6,126,32,6,1,2,0,52,28,1,2,6,0.304,0.368,0.426,0.794,127,0.122,0.353,26.2%,15.9%,8.5%,0.54,<a href=https://npb.jp/bis/eng/teams/index_c.html>Hiroshima</a>,CL
Noma Takayoshi,70,56,50,10,12,0,0,0,12,1,2,3,2,0,17,4,0,0,0,0.240,0.296,0.240,0.536,55,0.000,0.364,37.5%,30.4%,7.1%,0.24,<a href=https://npb.jp/bis/eng/teams/index_c.html>Hiroshima</a>,CL
Nomura Yusuke,13,25,20,1,2,0,0,0,2,0,0,0,2,0,11,3,0,0,0,0.100,0.217,0.100,0.317,-7,0.000,0.222,56.0%,44.0%,12.0%,0.27,<a href=https://npb.jp/bis/eng/teams/index_c.html>Hiroshima</a>,CL
Ohmori Minoru,73,148,135,21,35,5,3,2,52,16,5,3,0,1,50,11,1,1,1,0.259,0.318,0.385,0.703,100,0.126,0.393,42.6%,33.8%,7.4%,0.22,<a href=https://npb.jp/bis/eng/teams/index_c.html>Hiroshima</a>,CL
Ohsera Daichi,11,24,19,4,5,0,0,1,8,4,0,0,4,0,6,1,0,0,0,0.263,0.300,0.421,0.721,104,0.158,0.333,33.3%,25.0%,4.2%,0.17,<a href=https://npb.jp/bis/eng/teams/index_c.html>Hiroshima</a>,CL
Pirela Jose,99,337,316,47,84,9,2,11,130,34,2,3,0,0,53,19,2,2,4,0.266,0.312,0.411,0.723,105,0.145,0.290,24.6%,15.7%,5.6%,0.36,<a href=https://npb.jp/bis/eng/teams/index_c.html>Hiroshima</a>,CL
Sakakura Shogo,81,228,209,24,60,15,1,3,86,26,1,1,0,0,36,17,1,2,6,0.287,0.346,0.411,0.757,116,0.124,0.335,24.6%,15.8%,7.5%,0.47,<a href=https://npb.jp/bis/eng/teams/index_c.html>Hiroshima</a>,CL
Scott Tayler,7,1,0,0,0,0,0,0,0,0,0,0,1,0,0,0,0,0,0,0.000,0.000,0.000,0.000,-102,0.000,,0.0%,0.0%,0.0%,,<a href=https://npb.jp/bis/eng/teams/index_c.html>Hiroshima</a>,CL
Shirahama Yuta,2,1,1,0,0,0,0,0,0,0,0,0,0,0,0,0,0,0,0,0.000,0.000,0.000,0.000,-102,0.000,0.000,0.0%,0.0%,0.0%,,<a href=https://npb.jp/bis/eng/teams/index_c.html>Hiroshima</a>,CL
Shozui Yuya,7,8,7,1,1,0,0,1,4,1,0,0,0,0,1,1,0,0,1,0.143,0.250,0.571,0.821,129,0.428,0.000,37.5%,12.5%,12.5%,1.00,<a href=https://npb.jp/bis/eng/teams/index_c.html>Hiroshima</a>,CL
Sone Kaisei,33,17,16,13,4,1,0,0,5,1,5,3,0,0,5,1,0,0,0,0.250,0.294,0.313,0.607,73,0.063,0.364,35.3%,29.4%,5.9%,0.20,<a href=https://npb.jp/bis/eng/teams/index_c.html>Hiroshima</a>,CL
Suzuki Seiya,118,514,430,85,129,26,2,25,234,75,6,4,0,3,73,72,9,9,15,0.300,0.409,0.544,0.953,171,0.244,0.310,33.1%,14.2%,14.0%,0.99,<a href=https://npb.jp/bis/eng/teams/index_c.html>Hiroshima</a>,CL
Takahashi Hiroki,14,16,15,1,3,0,0,0,3,0,0,0,0,0,5,1,0,0,0,0.200,0.250,0.200,0.450,30,0.000,0.300,37.5%,31.2%,6.2%,0.20,<a href=https://npb.jp/bis/eng/teams/index_c.html>Hiroshima</a>,CL
Tanaka Kosuke,112,454,378,51,95,11,5,8,140,39,8,4,12,4,86,55,3,5,1,0.251,0.351,0.370,0.721,106,0.119,0.302,32.8%,18.9%,12.1%,0.64,<a href=https://npb.jp/bis/eng/teams/index_c.html>Hiroshima</a>,CL
Tokoda Hiroki,15,30,27,2,5,1,0,0,6,1,0,0,3,0,6,0,0,0,0,0.185,0.185,0.222,0.407,15,0.037,0.238,20.0%,20.0%,0.0%,0.00,<a href=https://npb.jp/bis/eng/teams/index_c.html>Hiroshima</a>,CL
Uemoto Takashi,56,62,52,8,11,2,0,0,13,4,2,0,3,0,4,5,0,2,3,0.212,0.305,0.250,0.555,60,0.038,0.229,14.5%,6.5%,8.1%,1.25,<a href=https://npb.jp/bis/eng/teams/index_c.html>Hiroshima</a>,CL
Ugusa Koki,13,47,43,5,11,1,1,0,14,3,3,2,0,0,7,3,0,1,0,0.256,0.319,0.326,0.645,85,0.070,0.306,21.3%,14.9%,6.4%,0.43,<a href=https://npb.jp/bis/eng/teams/index_c.html>Hiroshima</a>,CL
Yabuta Kazuki,28,7,5,0,0,0,0,0,0,0,0,0,1,0,3,1,0,0,0,0.000,0.167,0.000,0.167,-50,0.000,0.000,57.1%,42.9%,14.3%,0.33,<a href=https://npb.jp/bis/eng/teams/index_c.html>Hiroshima</a>,CL
Austin Tyler,65,269,238,36,68,14,1,20,144,56,0,0,0,1,69,29,1,1,4,0.286,0.364,0.605,0.969,164,0.319,0.320,43.9%,25.7%,10.8%,0.42,<a href=https://npb.jp/bis/eng/teams/index_db.html>DeNA</a>,CL
Ebina Tatsuo,17,24,21,3,3,1,0,1,7,1,0,0,0,0,8,2,0,1,1,0.143,0.250,0.333,0.583,62,0.190,0.167,45.8%,33.3%,8.3%,0.25,<a href=https://npb.jp/bis/eng/teams/index_db.html>DeNA</a>,CL
Escobar Edwin,56,1,1,0,0,0,0,0,0,0,0,0,0,0,1,0,0,0,0,0.000,0.000,0.000,0.000,-97,0.000,,100.0%,100.0%,0.0%,0.00,<a href=https://npb.jp/bis/eng/teams/index_db.html>DeNA</a>,CL
Hamaguchi Haruhiro,16,31,26,0,2,0,0,0,2,0,0,0,4,0,15,1,0,0,0,0.077,0.111,0.077,0.188,-44,0.000,0.182,51.6%,48.4%,3.2%,0.07,<a href=https://npb.jp/bis/eng/teams/index_db.html>DeNA</a>,CL
Hirata Shingo,43,5,2,0,0,0,0,0,0,0,0,0,3,0,2,0,0,0,0,0.000,0.000,0.000,0.000,-97,0.000,,40.0%,40.0%,0.0%,0.00,<a href=https://npb.jp/bis/eng/teams/index_db.html>DeNA</a>,CL
Hosokawa Seiya,19,54,51,6,12,2,0,1,17,1,1,0,0,0,20,2,0,1,1,0.235,0.278,0.333,0.611,70,0.098,0.367,42.6%,37.0%,3.7%,0.10,<a href=https://npb.jp/bis/eng/teams/index_db.html>DeNA</a>,CL
Imanaga Shota,9,19,18,0,2,0,0,0,2,0,0,0,0,0,8,1,0,0,1,0.111,0.158,0.111,0.269,-21,0.000,0.200,47.4%,42.1%,5.3%,0.12,<a href=https://npb.jp/bis/eng/teams/index_db.html>DeNA</a>,CL
Inoh Shoichi,17,31,30,0,4,1,0,0,5,3,0,0,1,0,13,0,0,0,0,0.133,0.133,0.167,0.300,-15,0.034,0.235,41.9%,41.9%,0.0%,0.00,<a href=https://npb.jp/bis/eng/teams/index_db.html>DeNA</a>,CL
Ise Hiromu,33,3,2,0,0,0,0,0,0,0,0,0,0,0,2,1,0,0,0,0.000,0.333,0.000,0.333,3,0.000,,100.0%,66.7%,33.3%,0.50,<a href=https://npb.jp/bis/eng/teams/index_db.html>DeNA</a>,CL
Itoh Hikaru,30,63,51,5,11,3,1,0,16,6,0,0,1,0,15,10,1,1,2,0.216,0.355,0.314,0.669,88,0.098,0.306,39.7%,23.8%,15.9%,0.67,<a href=https://npb.jp/bis/eng/teams/index_db.html>DeNA</a>,CL
Itoh Yukiya,5,17,14,1,4,0,1,0,6,1,0,0,1,0,2,2,1,0,0,0.286,0.375,0.429,0.804,123,0.143,0.333,23.5%,11.8%,11.8%,1.00,<a href=https://npb.jp/bis/eng/teams/index_db.html>DeNA</a>,CL
Kajitani Takayuki,109,482,433,88,140,29,1,19,228,53,14,8,1,2,85,45,3,1,4,0.323,0.387,0.527,0.914,151,0.204,0.366,30.9%,17.6%,9.3%,0.53,<a href=https://npb.jp/bis/eng/teams/index_db.html>DeNA</a>,CL
Kamichatani Taiga,11,22,19,1,3,0,0,0,3,0,0,0,2,0,10,1,0,0,1,0.158,0.200,0.158,0.358,3,0.000,0.333,50.0%,45.5%,4.5%,0.10,<a href=https://npb.jp/bis/eng/teams/index_db.html>DeNA</a>,CL
Kamizato Kazuki,80,190,169,38,52,8,1,3,71,17,7,1,1,2,42,15,0,3,3,0.308,0.370,0.420,0.790,119,0.112,0.389,31.6%,22.1%,7.9%,0.36,<a href=https://npb.jp/bis/eng/teams/index_db.html>DeNA</a>,CL
Kuniyoshi Yuki,42,4,4,1,2,1,0,0,3,2,0,0,0,0,1,0,0,0,0,0.500,0.500,0.750,1.250,241,0.250,0.667,25.0%,25.0%,0.0%,0.00,<a href=https://npb.jp/bis/eng/teams/index_db.html>DeNA</a>,CL
Kuramoto Toshihiko,82,216,199,19,55,4,0,1,62,17,0,0,0,0,42,16,2,1,2,0.276,0.333,0.312,0.645,81,0.036,0.346,27.3%,19.4%,7.4%,0.38,<a href=https://npb.jp/bis/eng/teams/index_db.html>DeNA</a>,CL
Kusumoto Taishi,28,29,26,6,4,2,0,1,9,1,0,0,0,0,7,2,0,1,0,0.154,0.241,0.346,0.587,62,0.192,0.167,34.5%,24.1%,6.9%,0.29,<a href=https://npb.jp/bis/eng/teams/index_db.html>DeNA</a>,CL
Kuwahara Masayuki,34,42,36,8,5,0,0,1,8,2,0,0,1,1,11,3,0,1,2,0.139,0.220,0.222,0.442,25,0.083,0.160,35.7%,26.2%,7.1%,0.27,<a href=https://npb.jp/bis/eng/teams/index_db.html>DeNA</a>,CL
Kyoyama Masaya,6,10,5,1,0,0,0,0,0,0,0,0,3,0,2,2,0,0,0,0.000,0.286,0.000,0.286,-12,0.000,0.000,40.0%,20.0%,20.0%,1.00,<a href=https://npb.jp/bis/eng/teams/index_db.html>DeNA</a>,CL
Lopez Jose,81,305,293,26,72,8,0,12,116,42,0,0,0,2,36,10,1,0,8,0.246,0.269,0.396,0.665,83,0.150,0.243,19.0%,11.8%,3.3%,0.28,<a href=https://npb.jp/bis/eng/teams/index_db.html>DeNA</a>,CL
Maeda Yamato,85,225,199,23,56,7,1,4,77,23,3,3,3,3,28,20,0,0,8,0.281,0.342,0.387,0.729,102,0.106,0.306,23.1%,12.4%,8.9%,0.71,<a href=https://npb.jp/bis/eng/teams/index_db.html>DeNA</a>,CL
Minei Hiroki,41,60,55,2,18,3,0,0,21,8,0,0,0,0,14,4,0,1,1,0.327,0.383,0.382,0.765,113,0.055,0.439,30.0%,23.3%,6.7%,0.29,<a href=https://npb.jp/bis/eng/teams/index_db.html>DeNA</a>,CL
Miyamoto Shumei,6,5,5,1,2,0,0,0,2,0,0,1,0,0,3,0,0,0,0,0.400,0.400,0.400,0.800,123,0.000,1.000,60.0%,60.0%,0.0%,0.00,<a href=https://npb.jp/bis/eng/teams/index_db.html>DeNA</a>,CL
Miyazaki Toshiro,113,460,429,47,129,26,1,14,199,53,0,0,0,3,29,24,2,4,15,0.301,0.341,0.464,0.805,122,0.163,0.296,14.6%,6.3%,5.2%,0.83,<a href=https://npb.jp/bis/eng/teams/index_db.html>DeNA</a>,CL
Momose Hiroki,4,4,4,0,1,0,0,0,1,1,0,0,0,0,2,0,0,0,0,0.250,0.250,0.250,0.500,41,0.000,0.500,50.0%,50.0%,0.0%,0.00,<a href=https://npb.jp/bis/eng/teams/index_db.html>DeNA</a>,CL
Mori Keito,8,12,12,3,3,1,0,0,4,0,0,0,0,0,1,0,0,0,0,0.250,0.250,0.333,0.583,62,0.083,0.273,8.3%,8.3%,0.0%,0.00,<a href=https://npb.jp/bis/eng/teams/index_db.html>DeNA</a>,CL
Mutoh Yuta,22,5,4,0,0,0,0,0,0,0,0,0,1,0,3,0,0,0,0,0.000,0.000,0.000,0.000,-97,0.000,0.000,60.0%,60.0%,0.0%,0.00,<a href=https://npb.jp/bis/eng/teams/index_db.html>DeNA</a>,CL
Nakagawa Koh,3,2,2,1,1,1,0,0,2,0,0,0,0,0,0,0,0,0,0,0.500,0.500,1.000,1.500,303,0.500,0.500,0.0%,0.0%,0.0%,,<a href=https://npb.jp/bis/eng/teams/index_db.html>DeNA</a>,CL
Nakai Daisuke,69,105,100,12,25,3,1,2,36,4,1,0,1,0,23,3,0,1,1,0.250,0.279,0.360,0.639,77,0.110,0.307,26.7%,21.9%,2.9%,0.13,<a href=https://npb.jp/bis/eng/teams/index_db.html>DeNA</a>,CL
Ohnuki Shinichi,19,44,37,3,4,1,0,0,5,1,0,0,5,1,19,1,0,0,1,0.108,0.128,0.135,0.263,-24,0.027,0.211,45.5%,43.2%,2.3%,0.05,<a href=https://npb.jp/bis/eng/teams/index_db.html>DeNA</a>,CL
Otosaka Tomo,85,115,101,17,21,3,0,1,27,7,5,0,1,1,28,12,0,0,2,0.208,0.289,0.267,0.556,57,0.059,0.274,35.7%,24.3%,10.4%,0.43,<a href=https://npb.jp/bis/eng/teams/index_db.html>DeNA</a>,CL
Patton Spencer,57,1,1,0,0,0,0,0,0,0,0,0,0,0,0,0,0,0,0,0.000,0.000,0.000,0.000,-97,0.000,0.000,0.0%,0.0%,0.0%,,<a href=https://npb.jp/bis/eng/teams/index_db.html>DeNA</a>,CL
Peoples Michael,10,13,12,0,1,0,0,0,1,0,0,0,1,0,8,0,0,0,0,0.083,0.083,0.083,0.166,-51,0.000,0.250,61.5%,61.5%,0.0%,0.00,<a href=https://npb.jp/bis/eng/teams/index_db.html>DeNA</a>,CL
Sakaguchi Kousuke,3,2,2,0,0,0,0,0,0,0,0,0,0,0,2,0,0,0,0,0.000,0.000,0.000,0.000,-97,0.000,,100.0%,100.0%,0.0%,0.00,<a href=https://npb.jp/bis/eng/teams/index_db.html>DeNA</a>,CL
Sakamoto Yuya,10,17,16,0,1,0,0,0,1,0,0,0,1,0,4,0,0,0,0,0.063,0.063,0.063,0.126,-62,0.000,0.083,23.5%,23.5%,0.0%,0.00,<a href=https://npb.jp/bis/eng/teams/index_db.html>DeNA</a>,CL
Sakurai Shuto,3,3,3,0,0,0,0,0,0,0,0,0,0,0,0,0,0,0,1,0.000,0.000,0.000,0.000,-97,0.000,0.000,0.0%,0.0%,0.0%,,<a href=https://npb.jp/bis/eng/teams/index_db.html>DeNA</a>,CL
Sano Keita,106,451,402,48,132,20,1,20,214,69,0,0,0,3,58,42,1,4,13,0.328,0.395,0.532,0.927,155,0.204,0.343,26.6%,12.9%,9.3%,0.72,<a href=https://npb.jp/bis/eng/teams/index_db.html>DeNA</a>,CL
Shibata Tatsuhiro,110,276,233,33,62,14,0,2,82,20,0,0,9,1,50,29,3,4,1,0.266,0.356,0.352,0.708,98,0.086,0.330,29.3%,18.1%,10.5%,0.58,<a href=https://npb.jp/bis/eng/teams/index_db.html>DeNA</a>,CL
Shindoh Takuya,5,1,1,0,0,0,0,0,0,0,0,0,0,0,1,0,0,0,0,0.000,0.000,0.000,0.000,-97,0.000,,100.0%,100.0%,0.0%,0.00,<a href=https://npb.jp/bis/eng/teams/index_db.html>DeNA</a>,CL
Soto Neftali,114,480,428,59,108,18,0,25,201,78,0,0,0,5,103,44,0,3,12,0.252,0.323,0.470,0.793,118,0.218,0.272,35.8%,21.5%,9.2%,0.43,<a href=https://npb.jp/bis/eng/teams/index_db.html>DeNA</a>,CL
Sunada Yoshiki,17,1,1,0,1,0,0,0,1,0,0,0,0,0,0,0,0,0,0,1.000,1.000,1.000,2.000,452,0.000,1.000,0.0%,0.0%,0.0%,,<a href=https://npb.jp/bis/eng/teams/index_db.html>DeNA</a>,CL
Taira Kentaro,14,31,26,1,2,0,0,0,2,0,0,0,5,0,17,0,0,0,0,0.077,0.077,0.077,0.154,-54,0.000,0.222,54.8%,54.8%,0.0%,0.00,<a href=https://npb.jp/bis/eng/teams/index_db.html>DeNA</a>,CL
Takajoh Shuto,23,46,42,4,8,0,0,3,17,5,0,0,1,0,22,2,0,1,1,0.190,0.244,0.405,0.649,78,0.215,0.294,58.7%,47.8%,4.3%,0.09,<a href=https://npb.jp/bis/eng/teams/index_db.html>DeNA</a>,CL
Tobashira Yasutaka,96,276,259,21,55,8,1,5,80,23,0,2,5,1,53,11,0,0,8,0.212,0.244,0.309,0.553,54,0.097,0.248,25.0%,19.2%,4.0%,0.21,<a href=https://npb.jp/bis/eng/teams/index_db.html>DeNA</a>,CL
Yamamoto Yuudai,2,3,3,0,0,0,0,0,0,0,0,0,0,0,1,0,0,0,0,0.000,0.000,0.000,0.000,-97,0.000,0.000,33.3%,33.3%,0.0%,0.00,<a href=https://npb.jp/bis/eng/teams/index_db.html>DeNA</a>,CL
Yamashita Kouki,39,46,43,2,9,2,0,0,11,1,0,0,0,0,7,3,0,0,1,0.209,0.261,0.256,0.517,45,0.047,0.250,21.7%,15.2%,6.5%,0.43,<a href=https://npb.jp/bis/eng/teams/index_db.html>DeNA</a>,CL
Hatake Seishu,12,25,19,1,1,0,0,0,1,1,0,0,6,0,11,0,0,0,0,0.053,0.053,0.053,0.106,-68,0.000,0.125,44.0%,44.0%,0.0%,0.00,<a href=https://npb.jp/bis/eng/teams/index_g.html>Yomiuri</a>,CL
Imamura Nobutaka,12,24,20,2,1,0,0,0,1,2,0,0,3,0,12,1,0,0,0,0.050,0.095,0.050,0.145,-57,0.000,0.125,54.2%,50.0%,4.2%,0.08,<a href=https://npb.jp/bis/eng/teams/index_g.html>Yomiuri</a>,CL
Ishikawa Shingo,43,47,45,2,11,1,0,2,18,7,0,0,0,0,12,2,0,0,1,0.244,0.277,0.400,0.677,87,0.156,0.290,34.0%,25.5%,4.3%,0.17,<a href=https://npb.jp/bis/eng/teams/index_g.html>Yomiuri</a>,CL
Kamei Yoshiyuki,51,156,141,21,36,7,0,2,49,17,0,1,1,2,21,11,0,1,3,0.255,0.310,0.348,0.658,84,0.093,0.283,21.8%,13.5%,7.1%,0.52,<a href=https://npb.jp/bis/eng/teams/index_g.html>Yomiuri</a>,CL
Katoh Shuhei,1,1,1,0,0,0,0,0,0,0,0,0,0,0,1,0,0,0,0,0.000,0.000,0.000,0.000,-98,0.000,,100.0%,100.0%,0.0%,0.00,<a href=https://npb.jp/bis/eng/teams/index_g.html>Yomiuri</a>,CL
Katsuki Kazuya,8,9,9,0,0,0,0,0,0,0,0,0,0,0,2,0,0,0,1,0.000,0.000,0.000,0.000,-98,0.000,0.000,22.2%,22.2%,0.0%,0.00,<a href=https://npb.jp/bis/eng/teams/index_g.html>Yomiuri</a>,CL
Kishida Yukinori,34,48,43,2,13,3,0,1,19,5,0,0,1,1,16,3,0,0,4,0.302,0.340,0.442,0.782,117,0.140,0.444,41.7%,33.3%,6.2%,0.19,<a href=https://npb.jp/bis/eng/teams/index_g.html>Yomiuri</a>,CL
Kitamura Takumi,57,88,75,9,17,2,0,2,25,10,0,0,2,0,24,10,1,1,2,0.227,0.326,0.333,0.659,85,0.106,0.306,40.9%,27.3%,11.4%,0.42,<a href=https://npb.jp/bis/eng/teams/index_g.html>Yomiuri</a>,CL
Kobayashi Seiji,10,21,18,1,1,0,0,0,1,0,0,0,1,0,4,0,0,2,0,0.056,0.150,0.056,0.206,-38,0.000,0.071,19.0%,19.0%,0.0%,0.00,<a href=https://npb.jp/bis/eng/teams/index_g.html>Yomiuri</a>,CL
Kuwahara Takuya,5,1,1,0,0,0,0,0,0,0,0,0,0,0,0,0,0,0,0,0.000,0.000,0.000,0.000,-98,0.000,0.000,0.0%,0.0%,0.0%,,<a href=https://npb.jp/bis/eng/teams/index_g.html>Yomiuri</a>,CL
Maru Yoshihiro,120,491,423,63,120,31,1,27,234,77,8,4,3,2,101,63,4,0,3,0.284,0.375,0.553,0.928,156,0.269,0.313,38.9%,20.6%,12.8%,0.62,<a href=https://npb.jp/bis/eng/teams/index_g.html>Yomiuri</a>,CL
Masuda Daiki,74,48,37,30,11,2,0,0,13,2,23,8,0,0,12,11,0,0,1,0.297,0.458,0.351,0.809,129,0.054,0.440,47.9%,25.0%,22.9%,0.92,<a href=https://npb.jp/bis/eng/teams/index_g.html>Yomiuri</a>,CL
Matsubara Seiya,86,313,278,42,73,11,5,3,103,19,12,2,4,2,71,29,0,0,4,0.263,0.330,0.371,0.701,96,0.108,0.340,32.9%,22.7%,9.3%,0.41,<a href=https://npb.jp/bis/eng/teams/index_g.html>Yomiuri</a>,CL
Mercedes CC,11,22,19,0,2,0,0,0,2,0,0,0,3,0,8,0,0,0,0,0.105,0.105,0.105,0.210,-39,0.000,0.182,36.4%,36.4%,0.0%,0.00,<a href=https://npb.jp/bis/eng/teams/index_g.html>Yomiuri</a>,CL
Mota Israel,9,11,9,3,2,0,0,1,5,4,1,0,0,0,3,2,0,0,0,0.222,0.364,0.556,0.920,153,0.334,0.200,54.5%,27.3%,18.2%,0.67,<a href=https://npb.jp/bis/eng/teams/index_g.html>Yomiuri</a>,CL
Nakajima Hiroyuki,100,312,279,19,83,13,0,7,117,29,0,3,0,1,59,31,0,1,11,0.297,0.369,0.419,0.788,120,0.122,0.355,31.1%,18.9%,9.9%,0.53,<a href=https://npb.jp/bis/eng/teams/index_g.html>Yomiuri</a>,CL
Naoe Daisuke,3,4,3,0,0,0,0,0,0,0,0,0,1,0,1,0,0,0,0,0.000,0.000,0.000,0.000,-98,0.000,0.000,25.0%,25.0%,0.0%,0.00,<a href=https://npb.jp/bis/eng/teams/index_g.html>Yomiuri</a>,CL
Ohe Ryusei,43,1,1,0,0,0,0,0,0,0,0,0,0,0,1,0,0,0,0,0.000,0.000,0.000,0.000,-98,0.000,,100.0%,100.0%,0.0%,0.00,<a href=https://npb.jp/bis/eng/teams/index_g.html>Yomiuri</a>,CL
Ohshiro Takumi,93,308,274,30,74,10,1,9,113,41,1,0,1,3,82,30,6,0,1,0.270,0.339,0.412,0.751,109,0.142,0.349,39.3%,26.6%,9.7%,0.37,<a href=https://npb.jp/bis/eng/teams/index_g.html>Yomiuri</a>,CL
Okamoto Kazuma,118,500,440,79,121,26,0,31,240,97,2,0,0,0,85,55,2,5,10,0.275,0.362,0.545,0.907,149,0.270,0.278,34.2%,17.0%,11.0%,0.65,<a href=https://npb.jp/bis/eng/teams/index_g.html>Yomiuri</a>,CL
Parra Gerardo,47,154,146,14,39,3,1,4,56,13,0,2,0,0,35,8,1,0,6,0.267,0.305,0.384,0.689,92,0.117,0.327,30.5%,22.7%,5.2%,0.23,<a href=https://npb.jp/bis/eng/teams/index_g.html>Yomiuri</a>,CL
Sakamoto Hayato,115,479,412,64,119,28,1,19,206,65,4,1,1,4,85,62,7,0,9,0.289,0.379,0.500,0.879,143,0.211,0.321,34.7%,17.7%,12.9%,0.73,<a href=https://npb.jp/bis/eng/teams/index_g.html>Yomiuri</a>,CL
Sakurai Toshiki,25,18,15,0,1,0,0,0,1,0,0,0,2,0,6,1,0,0,0,0.067,0.125,0.067,0.192,-43,0.000,0.111,38.9%,33.3%,5.6%,0.17,<a href=https://npb.jp/bis/eng/teams/index_g.html>Yomiuri</a>,CL
Sanchez Angel,15,34,29,0,1,0,0,0,1,0,0,0,5,0,20,0,0,0,0,0.034,0.034,0.034,0.068,-79,0.000,0.111,58.8%,58.8%,0.0%,0.00,<a href=https://npb.jp/bis/eng/teams/index_g.html>Yomiuri</a>,CL
Sawamura Hirokazu,13,1,1,0,0,0,0,0,0,0,0,0,0,0,1,0,0,0,0,0.000,0.000,0.000,0.000,-98,0.000,,100.0%,100.0%,0.0%,0.00,<a href=https://npb.jp/bis/eng/teams/index_g.html>Yomiuri</a>,CL
Shigenobu Shinnosuke,60,96,90,17,23,5,1,1,33,6,5,1,0,0,33,6,0,0,1,0.256,0.302,0.367,0.669,87,0.111,0.393,41.7%,34.4%,6.2%,0.18,<a href=https://npb.jp/bis/eng/teams/index_g.html>Yomiuri</a>,CL
Sugano Tomoyuki,20,53,44,3,4,3,0,0,7,3,0,0,8,0,16,1,0,0,0,0.091,0.111,0.159,0.270,-23,0.068,0.143,32.1%,30.2%,1.9%,0.06,<a href=https://npb.jp/bis/eng/teams/index_g.html>Yomiuri</a>,CL
Sumitani Ginjiro,56,114,100,4,18,2,0,1,23,7,0,0,3,1,23,8,2,2,3,0.180,0.252,0.230,0.482,37,0.050,0.221,28.1%,20.2%,7.0%,0.35,<a href=https://npb.jp/bis/eng/teams/index_g.html>Yomiuri</a>,CL
Taguchi Kazuto,26,34,28,2,6,2,0,0,8,3,0,0,3,0,11,3,0,0,0,0.214,0.290,0.286,0.576,62,0.072,0.353,41.2%,32.4%,8.8%,0.27,<a href=https://npb.jp/bis/eng/teams/index_g.html>Yomiuri</a>,CL
Takahashi Yuki,8,7,7,0,1,0,1,0,3,1,0,0,0,0,3,0,0,0,0,0.143,0.143,0.429,0.572,55,0.286,0.250,42.9%,42.9%,0.0%,0.00,<a href=https://npb.jp/bis/eng/teams/index_g.html>Yomiuri</a>,CL
Tanaka Shunta,48,78,68,7,18,2,1,1,25,6,2,0,0,1,15,8,1,1,0,0.265,0.346,0.368,0.714,100,0.103,0.321,30.8%,19.2%,10.3%,0.53,<a href=https://npb.jp/bis/eng/teams/index_g.html>Yomiuri</a>,CL
Tanaka Toyoki,31,1,0,0,0,0,0,0,0,0,0,0,0,0,0,1,0,0,0,0.000,1.000,0.000,1.000,203,0.000,,100.0%,0.0%,100.0%,1.00,<a href=https://npb.jp/bis/eng/teams/index_g.html>Yomiuri</a>,CL
Tateoka Soichiro,29,27,23,5,6,0,1,1,11,4,1,0,0,0,6,4,1,0,1,0.261,0.370,0.478,0.848,135,0.217,0.312,40.7%,22.2%,14.8%,0.67,<a href=https://npb.jp/bis/eng/teams/index_g.html>Yomiuri</a>,CL
Togo Shosei,19,37,34,1,0,0,0,0,0,0,0,0,3,0,21,0,0,0,0,0.000,0.000,0.000,0.000,-98,0.000,0.000,56.8%,56.8%,0.0%,0.00,<a href=https://npb.jp/bis/eng/teams/index_g.html>Yomiuri</a>,CL
Urena Estamy,11,20,18,0,3,0,0,0,3,0,0,0,0,0,8,2,0,0,0,0.167,0.250,0.167,0.417,20,0.000,0.300,50.0%,40.0%,10.0%,0.25,<a href=https://npb.jp/bis/eng/teams/index_g.html>Yomiuri</a>,CL
Wakabayashi Akihiro,76,159,146,22,36,6,1,2,50,14,2,4,3,1,32,8,0,1,6,0.247,0.288,0.342,0.630,76,0.095,0.301,26.4%,20.1%,5.0%,0.25,<a href=https://npb.jp/bis/eng/teams/index_g.html>Yomiuri</a>,CL
Wheeler Zelous,98,288,263,26,65,9,0,12,110,36,3,3,0,1,47,22,1,2,6,0.247,0.309,0.418,0.727,101,0.171,0.259,28.1%,16.3%,7.6%,0.47,<a href=https://npb.jp/bis/eng/teams/index_g.html>Yomiuri</a>,CL
Yoh Daikan,38,77,63,12,15,1,0,1,19,6,1,0,0,2,21,9,1,3,1,0.238,0.351,0.302,0.653,85,0.064,0.326,40.3%,27.3%,11.7%,0.43,<a href=https://npb.jp/bis/eng/teams/index_g.html>Yomiuri</a>,CL
Yokogawa Kai,2,2,1,0,0,0,0,0,0,0,0,0,1,0,0,0,0,0,0,0.000,0.000,0.000,0.000,-98,0.000,0.000,0.0%,0.0%,0.0%,,<a href=https://npb.jp/bis/eng/teams/index_g.html>Yomiuri</a>,CL
Yoshikawa Daiki,30,12,10,1,1,0,0,0,1,0,2,1,1,0,2,1,0,0,0,0.100,0.182,0.100,0.282,-18,0.000,0.125,25.0%,16.7%,8.3%,0.50,<a href=https://npb.jp/bis/eng/teams/index_g.html>Yomiuri</a>,CL
Yoshikawa Naoki,112,389,354,47,97,16,2,8,141,32,11,3,2,0,60,30,4,3,6,0.274,0.336,0.398,0.734,104,0.124,0.311,25.2%,15.4%,7.7%,0.50,<a href=https://npb.jp/bis/eng/teams/index_g.html>Yomiuri</a>,CL
Yuasa Dai,13,9,7,3,0,0,0,0,0,0,2,0,1,0,3,1,0,0,0,0.000,0.125,0.000,0.125,-60,0.000,0.000,44.4%,33.3%,11.1%,0.33,<a href=https://npb.jp/bis/eng/teams/index_g.html>Yomiuri</a>,CL
Aoki Norichika,107,425,357,64,113,30,1,18,199,51,2,1,0,1,51,62,2,5,6,0.317,0.424,0.557,0.981,164,0.240,0.329,30.8%,12.0%,14.6%,1.22,<a href=https://npb.jp/bis/eng/teams/index_s.html>Yakult</a>,CL
Araki Takahiro,63,84,73,10,12,1,1,1,18,7,0,0,3,1,18,6,1,1,3,0.164,0.235,0.247,0.482,34,0.083,0.200,29.8%,21.4%,7.1%,0.33,<a href=https://npb.jp/bis/eng/teams/index_s.html>Yakult</a>,CL
Escobar Alcides,104,402,377,27,103,14,2,1,124,30,6,7,1,2,52,13,6,9,9,0.273,0.312,0.329,0.641,76,0.056,0.313,16.4%,12.9%,3.2%,0.25,<a href=https://npb.jp/bis/eng/teams/index_s.html>Yakult</a>,CL
Fujii Ryota,10,20,18,1,5,0,0,0,5,0,0,0,1,0,3,1,0,0,0,0.278,0.316,0.278,0.594,65,0.000,0.333,20.0%,15.0%,5.0%,0.33,<a href=https://npb.jp/bis/eng/teams/index_s.html>Yakult</a>,CL
Hamada Taiki,33,105,100,7,20,4,0,3,33,7,0,0,0,0,30,5,0,0,1,0.200,0.238,0.330,0.568,55,0.130,0.254,36.2%,28.6%,4.8%,0.17,<a href=https://npb.jp/bis/eng/teams/index_s.html>Yakult</a>,CL
Hara Juri,5,4,2,0,0,0,0,0,0,0,0,0,1,0,0,1,0,0,0,0.000,0.333,0.000,0.333,3,0.000,0.000,25.0%,0.0%,25.0%,1.00,<a href=https://npb.jp/bis/eng/teams/index_s.html>Yakult</a>,CL
Hirooka Taishi,87,142,121,15,26,4,0,8,54,15,4,0,3,2,43,16,0,0,4,0.215,0.302,0.446,0.748,101,0.231,0.250,47.2%,30.3%,11.3%,0.37,<a href=https://npb.jp/bis/eng/teams/index_s.html>Yakult</a>,CL
Hoshi Tomoya,36,2,2,0,1,0,0,0,1,0,0,0,0,0,1,0,0,0,0,0.500,0.500,0.500,1.000,171,0.000,1.000,50.0%,50.0%,0.0%,0.00,<a href=https://npb.jp/bis/eng/teams/index_s.html>Yakult</a>,CL
Ino Suguru,32,22,19,1,2,0,1,0,4,4,0,0,2,0,6,1,0,0,1,0.105,0.150,0.211,0.361,1,0.106,0.154,31.8%,27.3%,4.5%,0.17,<a href=https://npb.jp/bis/eng/teams/index_s.html>Yakult</a>,CL
Ishikawa Masanori,15,27,24,0,1,0,0,0,1,0,0,0,2,0,9,1,0,0,0,0.042,0.080,0.042,0.122,-60,0.000,0.067,37.0%,33.3%,3.7%,0.11,<a href=https://npb.jp/bis/eng/teams/index_s.html>Yakult</a>,CL
Kanakubo Yuto,3,4,4,0,1,1,0,0,2,0,0,0,0,0,1,0,0,0,0,0.250,0.250,0.500,0.750,100,0.250,0.333,25.0%,25.0%,0.0%,0.00,<a href=https://npb.jp/bis/eng/teams/index_s.html>Yakult</a>,CL
Kawabata Shingo,39,42,39,3,5,0,0,0,5,2,0,0,0,0,4,3,0,0,1,0.128,0.190,0.128,0.318,-7,0.000,0.143,16.7%,9.5%,7.1%,0.75,<a href=https://npb.jp/bis/eng/teams/index_s.html>Yakult</a>,CL
Kazahari Ren,11,1,1,0,0,0,0,0,0,0,0,0,0,0,1,0,0,0,0,0.000,0.000,0.000,0.000,-93,0.000,,100.0%,100.0%,0.0%,0.00,<a href=https://npb.jp/bis/eng/teams/index_s.html>Yakult</a>,CL
Koch Matt,7,3,3,0,0,0,0,0,0,0,0,0,0,0,1,0,0,0,0,0.000,0.000,0.000,0.000,-93,0.000,0.000,33.3%,33.3%,0.0%,0.00,<a href=https://npb.jp/bis/eng/teams/index_s.html>Yakult</a>,CL
Koga Yudai,27,46,42,0,2,0,0,0,2,1,0,0,1,1,4,0,0,2,4,0.048,0.089,0.048,0.137,-56,0.000,0.051,8.7%,8.7%,0.0%,0.00,<a href=https://npb.jp/bis/eng/teams/index_s.html>Yakult</a>,CL
Matsumoto Naoki,6,14,13,0,3,0,0,0,3,0,0,0,0,0,3,1,0,0,0,0.231,0.286,0.231,0.517,45,0.000,0.300,28.6%,21.4%,7.1%,0.33,<a href=https://npb.jp/bis/eng/teams/index_s.html>Yakult</a>,CL
Matsumoto Yu,9,11,10,2,2,1,0,0,3,0,0,0,0,0,3,1,0,0,1,0.200,0.273,0.300,0.573,58,0.100,0.286,36.4%,27.3%,9.1%,0.33,<a href=https://npb.jp/bis/eng/teams/index_s.html>Yakult</a>,CL
Miyamoto Takeshi,94,171,146,16,40,8,0,2,54,12,3,1,5,0,23,18,0,2,3,0.274,0.361,0.370,0.731,100,0.096,0.314,25.1%,13.5%,10.5%,0.78,<a href=https://npb.jp/bis/eng/teams/index_s.html>Yakult</a>,CL
Murakami Munetaka,120,515,424,70,130,30,2,28,248,86,11,5,0,1,115,87,12,3,8,0.307,0.427,0.585,1.012,171,0.278,0.362,44.7%,22.3%,16.9%,0.76,<a href=https://npb.jp/bis/eng/teams/index_s.html>Yakult</a>,CL
Nagaoka Hideki,6,13,12,0,1,0,0,0,1,0,0,0,1,0,3,0,0,0,1,0.083,0.083,0.083,0.166,-49,0.000,0.111,23.1%,23.1%,0.0%,0.00,<a href=https://npb.jp/bis/eng/teams/index_s.html>Yakult</a>,CL
Nakamura Yuhei,29,92,80,10,14,2,0,0,16,3,0,1,2,1,14,9,0,0,2,0.175,0.256,0.200,0.456,29,0.025,0.209,25.0%,15.2%,9.8%,0.64,<a href=https://npb.jp/bis/eng/teams/index_s.html>Yakult</a>,CL
Nakayama Shota,29,53,48,4,11,1,0,4,24,8,0,0,0,1,19,3,0,1,2,0.229,0.283,0.500,0.783,109,0.271,0.269,49.1%,35.8%,5.7%,0.16,<a href=https://npb.jp/bis/eng/teams/index_s.html>Yakult</a>,CL
Nishida Akihisa,69,215,190,20,44,5,0,7,70,20,0,1,1,1,48,20,2,3,4,0.232,0.313,0.368,0.681,86,0.136,0.272,34.9%,22.3%,9.3%,0.42,<a href=https://npb.jp/bis/eng/teams/index_s.html>Yakult</a>,CL
Nishiura Naomichi,101,310,286,24,70,10,0,10,110,43,4,2,4,2,74,16,3,2,11,0.245,0.288,0.385,0.673,83,0.140,0.294,32.3%,23.9%,5.2%,0.22,<a href=https://npb.jp/bis/eng/teams/index_s.html>Yakult</a>,CL
Ogawa Yasuhiro,20,47,38,1,5,0,0,0,5,2,0,0,6,0,16,3,0,0,0,0.132,0.195,0.132,0.327,-6,0.000,0.227,40.4%,34.0%,6.4%,0.19,<a href=https://npb.jp/bis/eng/teams/index_s.html>Yakult</a>,CL
Ohnishi Hiroki,5,1,1,0,0,0,0,0,0,0,0,0,0,0,1,0,0,0,0,0.000,0.000,0.000,0.000,-93,0.000,,100.0%,100.0%,0.0%,0.00,<a href=https://npb.jp/bis/eng/teams/index_s.html>Yakult</a>,CL
Ohta Kengo,4,4,4,0,0,0,0,0,0,0,0,0,0,0,1,0,0,0,1,0.000,0.000,0.000,0.000,-93,0.000,0.000,25.0%,25.0%,0.0%,0.00,<a href=https://npb.jp/bis/eng/teams/index_s.html>Yakult</a>,CL
Saiuchi Hiroaki,7,12,12,0,1,0,0,0,1,0,0,0,0,0,2,0,0,0,0,0.083,0.083,0.083,0.166,-49,0.000,0.100,16.7%,16.7%,0.0%,0.00,<a href=https://npb.jp/bis/eng/teams/index_s.html>Yakult</a>,CL
Sakaguchi Tomotaka,114,458,398,55,98,14,1,9,141,36,4,5,3,3,60,47,1,7,8,0.246,0.334,0.354,0.688,88,0.108,0.268,25.3%,13.1%,10.3%,0.78,<a href=https://npb.jp/bis/eng/teams/index_s.html>Yakult</a>,CL
Shima Motohiro,20,45,41,2,4,2,0,0,6,4,0,0,1,0,19,3,0,0,1,0.098,0.159,0.146,0.305,-12,0.048,0.182,48.9%,42.2%,6.7%,0.16,<a href=https://npb.jp/bis/eng/teams/index_s.html>Yakult</a>,CL
Shiomi Yasutaka,43,179,154,20,43,4,2,8,75,21,13,2,3,0,44,17,0,5,4,0.279,0.369,0.487,0.856,130,0.208,0.343,38.5%,24.6%,9.5%,0.39,<a href=https://npb.jp/bis/eng/teams/index_s.html>Yakult</a>,CL
Suarez Albert,12,23,23,0,0,0,0,0,0,0,0,0,0,0,10,0,0,0,3,0.000,0.000,0.000,0.000,-93,0.000,0.000,43.5%,43.5%,0.0%,0.00,<a href=https://npb.jp/bis/eng/teams/index_s.html>Yakult</a>,CL
Takahashi Keiji,10,17,15,0,1,0,0,0,1,0,0,0,0,0,8,2,0,0,0,0.067,0.176,0.067,0.243,-26,0.000,0.143,58.8%,47.1%,11.8%,0.25,<a href=https://npb.jp/bis/eng/teams/index_s.html>Yakult</a>,CL
Takai Yuhei,43,113,103,6,23,4,0,0,27,9,3,0,0,3,23,6,0,1,2,0.223,0.265,0.262,0.527,47,0.039,0.277,25.7%,20.4%,5.3%,0.26,<a href=https://npb.jp/bis/eng/teams/index_s.html>Yakult</a>,CL
Takanashi Hirotoshi,18,32,29,1,6,0,0,0,6,0,0,1,2,0,14,1,0,0,0,0.207,0.233,0.207,0.440,24,0.000,0.400,46.9%,43.8%,3.1%,0.07,<a href=https://npb.jp/bis/eng/teams/index_s.html>Yakult</a>,CL
Takeoka Ryusei,5,12,9,0,3,0,0,0,3,0,0,0,1,0,3,2,0,0,0,0.333,0.455,0.333,0.788,118,0.000,0.500,41.7%,25.0%,16.7%,0.67,<a href=https://npb.jp/bis/eng/teams/index_s.html>Yakult</a>,CL
Tashiro Shotaro,46,53,47,5,7,1,1,0,10,2,1,1,1,0,16,5,0,0,0,0.149,0.231,0.213,0.444,25,0.064,0.226,39.6%,30.2%,9.4%,0.31,<a href=https://npb.jp/bis/eng/teams/index_s.html>Yakult</a>,CL
Terashima Naruki,30,1,1,0,0,0,0,0,0,0,0,0,0,0,0,0,0,0,0,0.000,0.000,0.000,0.000,-93,0.000,0.000,0.0%,0.0%,0.0%,,<a href=https://npb.jp/bis/eng/teams/index_s.html>Yakult</a>,CL
Ueda Tsuyoshi,53,61,56,13,7,1,0,0,8,2,5,0,2,1,15,2,0,0,3,0.125,0.153,0.143,0.296,-15,0.018,0.167,27.9%,24.6%,3.3%,0.13,<a href=https://npb.jp/bis/eng/teams/index_s.html>Yakult</a>,CL
Watanabe Daiki,33,12,11,7,3,0,0,0,3,0,2,2,0,0,3,1,0,0,0,0.273,0.333,0.273,0.606,69,0.000,0.375,33.3%,25.0%,8.3%,0.33,<a href=https://npb.jp/bis/eng/teams/index_s.html>Yakult</a>,CL
Yamada Hiroki,2,2,2,0,1,0,0,0,1,0,0,0,0,0,1,0,0,0,0,0.500,0.500,0.500,1.000,171,0.000,1.000,50.0%,50.0%,0.0%,0.00,<a href=https://npb.jp/bis/eng/teams/index_s.html>Yakult</a>,CL
Yamada Tetsuto,94,384,334,52,85,17,1,12,140,52,8,4,0,2,83,48,3,0,6,0.254,0.346,0.419,0.765,108,0.165,0.303,37.2%,21.6%,12.5%,0.58,<a href=https://npb.jp/bis/eng/teams/index_s.html>Yakult</a>,CL
Yamanaka Hirofumi,6,11,10,2,1,1,0,0,2,2,0,0,0,0,5,1,0,0,0,0.100,0.182,0.200,0.382,7,0.100,0.200,54.5%,45.5%,9.1%,0.20,<a href=https://npb.jp/bis/eng/teams/index_s.html>Yakult</a>,CL
Yamasaki Kotaro,109,323,282,29,69,6,1,3,86,23,8,9,7,2,70,31,0,1,5,0.245,0.320,0.305,0.625,73,0.060,0.313,32.2%,21.7%,9.6%,0.44,<a href=https://npb.jp/bis/eng/teams/index_s.html>Yakult</a>,CL
Ynoa Gabriel,9,6,5,0,0,0,0,0,0,2,0,0,0,1,2,0,0,0,0,0.000,0.000,0.000,0.000,-93,0.000,0.000,33.3%,33.3%,0.0%,0.00,<a href=https://npb.jp/bis/eng/teams/index_s.html>Yakult</a>,CL
Yoshida Daiki,14,22,19,1,3,1,0,0,4,4,0,0,2,1,7,0,0,0,0,0.158,0.150,0.211,0.361,1,0.053,0.231,31.8%,31.8%,0.0%,0.00,<a href=https://npb.jp/bis/eng/teams/index_s.html>Yakult</a>,CL
Yoshida Taisei,8,11,9,0,1,1,0,0,2,1,0,0,1,0,2,1,0,0,1,0.111,0.200,0.222,0.422,18,0.111,0.143,27.3%,18.2%,9.1%,0.50,<a href=https://npb.jp/bis/eng/teams/index_s.html>Yakult</a>,CL
Abe Toshiki,115,459,421,44,108,25,0,13,172,61,2,4,5,2,92,30,0,1,21,0.257,0.306,0.409,0.715,108,0.152,0.299,29.4%,20.0%,6.5%,0.33,<a href=https://npb.jp/bis/eng/teams/index_d.html>Chunichi</a>,CL
Almonte Zoilo,62,247,214,32,63,9,0,9,99,29,1,0,0,1,42,30,2,2,9,0.294,0.385,0.463,0.848,149,0.169,0.329,32.8%,17.0%,12.1%,0.71,<a href=https://npb.jp/bis/eng/teams/index_d.html>Chunichi</a>,CL
Donoue Naomichi,43,55,50,2,10,2,0,0,12,4,0,1,0,1,11,4,0,0,2,0.200,0.255,0.240,0.495,44,0.040,0.250,27.3%,20.0%,7.3%,0.36,<a href=https://npb.jp/bis/eng/teams/index_d.html>Chunichi</a>,CL
Endoh Issei,65,87,73,16,16,1,0,0,17,4,0,1,4,1,12,6,0,3,1,0.219,0.301,0.233,0.534,57,0.014,0.258,20.7%,13.8%,6.9%,0.50,<a href=https://npb.jp/bis/eng/teams/index_d.html>Chunichi</a>,CL
Fukuda Nobumasa,64,216,195,18,48,11,1,5,76,24,0,0,0,1,43,18,0,2,7,0.246,0.315,0.390,0.705,106,0.144,0.291,30.6%,19.9%,8.3%,0.42,<a href=https://npb.jp/bis/eng/teams/index_d.html>Chunichi</a>,CL
Fukutani Koji,14,36,29,2,6,1,0,0,7,2,0,0,7,0,10,0,0,0,0,0.207,0.207,0.241,0.448,29,0.034,0.316,27.8%,27.8%,0.0%,0.00,<a href=https://npb.jp/bis/eng/teams/index_d.html>Chunichi</a>,CL
Gunji Yuya,30,76,64,6,10,3,0,0,13,4,0,0,1,1,19,9,1,1,1,0.156,0.267,0.203,0.470,37,0.047,0.217,36.8%,25.0%,11.8%,0.47,<a href=https://npb.jp/bis/eng/teams/index_d.html>Chunichi</a>,CL
Hirata Ryosuke,55,193,166,26,39,7,0,3,55,17,0,1,0,1,33,24,2,2,4,0.235,0.337,0.331,0.668,96,0.096,0.275,31.1%,17.1%,12.4%,0.73,<a href=https://npb.jp/bis/eng/teams/index_d.html>Chunichi</a>,CL
Iryo Masataka,79,155,135,9,27,3,0,0,30,12,0,0,2,0,24,18,0,0,4,0.200,0.294,0.222,0.516,51,0.022,0.243,27.1%,15.5%,11.6%,0.75,<a href=https://npb.jp/bis/eng/teams/index_d.html>Chunichi</a>,CL
Ishigaki Masami,25,34,33,5,4,0,0,1,7,1,0,0,0,0,12,1,0,0,0,0.121,0.147,0.212,0.359,0,0.091,0.150,41.2%,35.3%,2.9%,0.08,<a href=https://npb.jp/bis/eng/teams/index_d.html>Chunichi</a>,CL
Ishikawa Shun,11,13,10,0,3,0,1,0,5,2,0,0,0,0,3,1,0,2,0,0.300,0.462,0.500,0.962,184,0.200,0.429,30.8%,23.1%,7.7%,0.33,<a href=https://npb.jp/bis/eng/teams/index_d.html>Chunichi</a>,CL
Ishikawa Takaya,14,41,36,3,8,2,0,0,10,1,0,0,1,0,12,3,0,1,1,0.222,0.300,0.278,0.578,70,0.056,0.333,36.6%,29.3%,7.3%,0.25,<a href=https://npb.jp/bis/eng/teams/index_d.html>Chunichi</a>,CL
Katoh Takuma,29,43,37,0,5,1,0,0,6,1,0,0,5,0,8,1,1,0,1,0.135,0.158,0.162,0.320,-10,0.027,0.172,20.9%,18.6%,2.3%,0.12,<a href=https://npb.jp/bis/eng/teams/index_d.html>Chunichi</a>,CL
Katsuno Akiyoshi,13,25,22,0,2,0,1,0,4,2,0,0,1,0,16,2,0,0,0,0.091,0.167,0.182,0.349,-1,0.091,0.333,72.0%,64.0%,8.0%,0.12,<a href=https://npb.jp/bis/eng/teams/index_d.html>Chunichi</a>,CL
Katsura Iori,2,9,9,1,2,1,0,0,3,2,0,0,0,0,3,0,0,0,0,0.222,0.222,0.333,0.555,59,0.111,0.333,33.3%,33.3%,0.0%,0.00,<a href=https://npb.jp/bis/eng/teams/index_d.html>Chunichi</a>,CL
Kinoshita Takuya,88,269,251,19,67,14,1,6,101,32,0,0,5,0,49,12,2,1,1,0.267,0.303,0.402,0.705,105,0.135,0.311,24.9%,18.2%,4.5%,0.24,<a href=https://npb.jp/bis/eng/teams/index_d.html>Chunichi</a>,CL
Kyoda Yota,120,491,442,43,109,16,7,5,154,29,8,4,15,1,80,27,4,6,4,0.247,0.298,0.348,0.646,88,0.101,0.291,22.8%,16.3%,5.5%,0.34,<a href=https://npb.jp/bis/eng/teams/index_d.html>Chunichi</a>,CL
Martinez Ariel,39,109,95,8,28,6,0,2,40,13,0,0,0,0,31,14,0,0,1,0.295,0.385,0.421,0.806,137,0.126,0.419,43.1%,28.4%,12.8%,0.45,<a href=https://npb.jp/bis/eng/teams/index_d.html>Chunichi</a>,CL
Matsuba Takahiro,15,25,23,0,3,0,0,0,3,0,0,0,2,0,10,0,0,0,1,0.130,0.130,0.130,0.260,-28,0.000,0.231,40.0%,40.0%,0.0%,0.00,<a href=https://npb.jp/bis/eng/teams/index_d.html>Chunichi</a>,CL
Mitsuma Takuya,5,1,1,0,0,0,0,0,0,0,0,0,0,0,1,0,0,0,0,0.000,0.000,0.000,0.000,-107,0.000,,100.0%,100.0%,0.0%,0.00,<a href=https://npb.jp/bis/eng/teams/index_d.html>Chunichi</a>,CL
Mitsumata Taiki,8,6,6,1,1,0,0,0,1,0,0,0,0,0,2,0,0,0,0,0.167,0.167,0.167,0.334,-5,0.000,0.250,33.3%,33.3%,0.0%,0.00,<a href=https://npb.jp/bis/eng/teams/index_d.html>Chunichi</a>,CL
Mizowaki Hayato,39,50,47,6,10,1,2,0,15,3,0,0,1,0,8,2,0,0,0,0.213,0.245,0.319,0.564,63,0.106,0.256,20.0%,16.0%,4.0%,0.25,<a href=https://npb.jp/bis/eng/teams/index_d.html>Chunichi</a>,CL
Neo Akira,9,25,23,3,2,0,0,0,2,0,0,0,0,0,7,2,0,0,0,0.087,0.160,0.087,0.247,-30,0.000,0.125,36.0%,28.0%,8.0%,0.29,<a href=https://npb.jp/bis/eng/teams/index_d.html>Chunichi</a>,CL
Ogasawara Shinnosuke,4,7,6,0,1,0,0,0,1,0,0,0,1,0,3,0,0,0,0,0.167,0.167,0.167,0.334,-5,0.000,0.333,42.9%,42.9%,0.0%,0.00,<a href=https://npb.jp/bis/eng/teams/index_d.html>Chunichi</a>,CL
Ohno Yudai,20,53,48,2,5,0,1,0,7,4,0,0,3,0,28,2,0,0,0,0.104,0.140,0.146,0.286,-20,0.042,0.250,56.6%,52.8%,3.8%,0.07,<a href=https://npb.jp/bis/eng/teams/index_d.html>Chunichi</a>,CL
Ohshima Yohei,118,525,462,58,146,21,3,1,176,30,16,8,9,3,51,47,3,4,5,0.316,0.382,0.381,0.763,125,0.065,0.351,18.9%,9.7%,9.0%,0.92,<a href=https://npb.jp/bis/eng/teams/index_d.html>Chunichi</a>,CL
Okabayashi Yuki,6,7,7,2,2,0,0,0,2,0,0,0,0,0,2,0,0,0,0,0.286,0.286,0.286,0.572,67,0.000,0.400,28.6%,28.6%,0.0%,0.00,<a href=https://npb.jp/bis/eng/teams/index_d.html>Chunichi</a>,CL
Okano Yuichiro,11,12,11,0,0,0,0,0,0,0,0,0,1,0,5,0,0,0,0,0.000,0.000,0.000,0.000,-107,0.000,0.000,41.7%,41.7%,0.0%,0.00,<a href=https://npb.jp/bis/eng/teams/index_d.html>Chunichi</a>,CL
Rodriguez Yariel,11,20,20,1,3,0,0,0,3,0,0,0,0,0,6,0,0,0,0,0.150,0.150,0.150,0.300,-16,0.000,0.214,30.0%,30.0%,0.0%,0.00,<a href=https://npb.jp/bis/eng/teams/index_d.html>Chunichi</a>,CL
Shimizu Tatsuya,6,6,5,0,0,0,0,0,0,0,0,0,1,0,3,0,0,0,0,0.000,0.000,0.000,0.000,-107,0.000,0.000,50.0%,50.0%,0.0%,0.00,<a href=https://npb.jp/bis/eng/teams/index_d.html>Chunichi</a>,CL
Sierra Moises,25,94,80,9,18,2,0,1,23,7,1,0,0,1,25,10,0,3,6,0.225,0.330,0.288,0.618,82,0.063,0.309,38.3%,26.6%,10.6%,0.40,<a href=https://npb.jp/bis/eng/teams/index_d.html>Chunichi</a>,CL
Takahashi Shuhei,108,438,394,46,120,25,1,7,168,46,1,1,0,3,70,39,6,2,13,0.305,0.368,0.426,0.794,133,0.121,0.353,26.5%,16.0%,8.9%,0.56,<a href=https://npb.jp/bis/eng/teams/index_d.html>Chunichi</a>,CL
Takeda Kengo,84,64,55,9,10,2,0,0,12,2,1,0,3,1,13,5,0,0,2,0.182,0.246,0.218,0.464,35,0.036,0.233,28.1%,20.3%,7.8%,0.38,<a href=https://npb.jp/bis/eng/teams/index_d.html>Chunichi</a>,CL
Takino Kaname,10,8,7,2,2,0,0,0,2,0,0,0,0,0,1,1,0,0,0,0.286,0.375,0.286,0.661,96,0.000,0.333,25.0%,12.5%,12.5%,1.00,<a href=https://npb.jp/bis/eng/teams/index_d.html>Chunichi</a>,CL
Umetsu Kodai,7,15,12,2,4,1,0,0,5,0,0,0,1,0,4,2,0,0,0,0.333,0.429,0.417,0.846,151,0.084,0.500,40.0%,26.7%,13.3%,0.50,<a href=https://npb.jp/bis/eng/teams/index_d.html>Chunichi</a>,CL
Viciedo Dayan,109,462,409,48,109,23,0,17,183,82,3,2,0,10,48,34,3,9,17,0.267,0.329,0.447,0.776,126,0.180,0.260,21.4%,10.4%,7.4%,0.71,<a href=https://npb.jp/bis/eng/teams/index_d.html>Chunichi</a>,CL
Watanabe Masaru,19,16,15,6,3,0,0,0,3,0,0,0,0,0,6,1,0,0,0,0.200,0.250,0.200,0.450,31,0.000,0.333,43.8%,37.5%,6.2%,0.17,<a href=https://npb.jp/bis/eng/teams/index_d.html>Chunichi</a>,CL
Yamamoto Takumi,9,7,6,0,1,0,0,0,1,0,0,0,1,0,3,0,0,0,0,0.167,0.167,0.167,0.334,-5,0.000,0.333,42.9%,42.9%,0.0%,0.00,<a href=https://npb.jp/bis/eng/teams/index_d.html>Chunichi</a>,CL
Yanagi Yuya,15,32,28,0,2,1,0,0,3,1,0,0,3,0,13,1,0,0,0,0.071,0.103,0.107,0.210,-43,0.036,0.133,43.8%,40.6%,3.1%,0.08,<a href=https://npb.jp/bis/eng/teams/index_d.html>Chunichi</a>,CL
Yoshimi Kazuki,5,6,5,0,0,0,0,0,0,0,0,0,1,0,3,0,0,0,0,0.000,0.000,0.000,0.000,-107,0.000,0.000,50.0%,50.0%,0.0%,0.00,<a href=https://npb.jp/bis/eng/teams/index_d.html>Chunichi</a>,CL
Adachi Ryoichi,78,311,266,32,77,9,2,2,96,23,15,4,16,2,48,26,1,1,9,0.289,0.353,0.361,0.714,106,0.072,0.344,24.4%,15.4%,8.4%,0.54,<a href=https://npb.jp/bis/eng/teams/index_b.html>ORIX</a>,PL
Fukuda Shuhei,76,312,260,33,67,12,4,0,87,24,13,5,3,3,44,43,0,3,5,0.258,0.366,0.335,0.701,103,0.077,0.306,27.9%,14.1%,13.8%,0.98,<a href=https://npb.jp/bis/eng/teams/index_b.html>ORIX</a>,PL
Fushimi Torai,71,198,189,14,49,7,2,6,78,23,0,0,2,1,35,6,0,0,4,0.259,0.281,0.413,0.694,96,0.154,0.289,23.7%,17.7%,3.0%,0.17,<a href=https://npb.jp/bis/eng/teams/index_b.html>ORIX</a>,PL
Gibo Sho,10,18,17,0,2,1,0,0,3,2,0,0,1,0,7,0,0,0,0,0.118,0.118,0.176,0.294,-18,0.058,0.200,38.9%,38.9%,0.0%,0.00,<a href=https://npb.jp/bis/eng/teams/index_b.html>ORIX</a>,PL
Gotoh Shunta,23,62,50,4,6,0,0,0,6,1,2,0,4,0,17,8,0,0,0,0.120,0.241,0.120,0.361,5,0.000,0.182,40.3%,27.4%,12.9%,0.47,<a href=https://npb.jp/bis/eng/teams/index_b.html>ORIX</a>,PL
Hirosawa Shinya,23,22,19,2,3,0,0,0,3,0,0,0,3,0,7,0,0,0,0,0.158,0.158,0.158,0.316,-10,0.000,0.250,31.8%,31.8%,0.0%,0.00,<a href=https://npb.jp/bis/eng/teams/index_b.html>ORIX</a>,PL
Jones Adam,87,338,302,29,78,12,0,12,126,43,1,0,0,2,66,32,0,2,9,0.258,0.331,0.417,0.748,114,0.159,0.292,32.5%,19.5%,9.5%,0.48,<a href=https://npb.jp/bis/eng/teams/index_b.html>ORIX</a>,PL
Katsumata Shoki,5,8,8,0,0,0,0,0,0,0,0,0,0,0,8,0,0,0,0,0.000,0.000,0.000,0.000,-103,0.000,,100.0%,100.0%,0.0%,0.00,<a href=https://npb.jp/bis/eng/teams/index_b.html>ORIX</a>,PL
Kojima Shuhei,13,20,20,1,3,2,0,0,5,0,0,0,0,0,9,0,0,0,1,0.150,0.150,0.250,0.400,11,0.100,0.273,45.0%,45.0%,0.0%,0.00,<a href=https://npb.jp/bis/eng/teams/index_b.html>ORIX</a>,PL
Kurebayashi Kotaro,5,18,17,1,4,0,0,0,4,2,0,0,0,0,4,1,0,0,1,0.235,0.278,0.235,0.513,48,0.000,0.308,27.8%,22.2%,5.6%,0.25,<a href=https://npb.jp/bis/eng/teams/index_b.html>ORIX</a>,PL
Matsui Masato,23,40,36,5,8,2,0,1,13,4,0,0,0,0,7,3,0,1,2,0.222,0.300,0.361,0.661,88,0.139,0.250,27.5%,17.5%,7.5%,0.43,<a href=https://npb.jp/bis/eng/teams/index_b.html>ORIX</a>,PL
Matsui Yusuke,29,53,53,2,11,2,1,0,15,2,0,0,0,0,12,0,0,0,1,0.208,0.208,0.283,0.491,39,0.075,0.268,22.6%,22.6%,0.0%,0.00,<a href=https://npb.jp/bis/eng/teams/index_b.html>ORIX</a>,PL
Moya Steven,46,176,164,20,45,8,2,12,93,38,0,0,0,0,33,11,1,1,7,0.274,0.324,0.567,0.891,151,0.293,0.277,31.8%,18.8%,6.2%,0.33,<a href=https://npb.jp/bis/eng/teams/index_b.html>ORIX</a>,PL
Mune Yuma,72,203,182,16,41,10,1,1,56,9,5,5,5,0,32,10,0,6,2,0.225,0.288,0.308,0.596,71,0.083,0.268,21.2%,15.8%,4.9%,0.31,<a href=https://npb.jp/bis/eng/teams/index_b.html>ORIX</a>,PL
Nakagawa Keita,45,155,144,15,21,3,0,2,30,13,3,2,1,1,25,9,0,0,5,0.146,0.195,0.208,0.403,14,0.062,0.161,23.2%,16.1%,5.8%,0.36,<a href=https://npb.jp/bis/eng/teams/index_b.html>ORIX</a>,PL
Nishimura Ryo,29,76,62,7,10,2,0,1,15,3,2,2,5,0,12,9,0,0,0,0.161,0.268,0.242,0.510,47,0.081,0.184,28.9%,15.8%,11.8%,0.75,<a href=https://npb.jp/bis/eng/teams/index_b.html>ORIX</a>,PL
Nishino Masahiro,23,77,69,10,17,3,0,0,20,3,0,0,3,0,10,5,0,0,1,0.246,0.297,0.290,0.587,69,0.044,0.288,19.5%,13.0%,6.5%,0.50,<a href=https://npb.jp/bis/eng/teams/index_b.html>ORIX</a>,PL
Nishiura Hayato,49,97,91,13,17,1,0,2,24,4,3,2,1,0,21,5,0,0,1,0.187,0.229,0.264,0.493,40,0.077,0.221,28.9%,21.6%,5.2%,0.24,<a href=https://npb.jp/bis/eng/teams/index_b.html>ORIX</a>,PL
Oda Yuya,87,94,88,19,21,3,2,1,31,7,4,2,3,0,23,2,0,1,1,0.239,0.264,0.352,0.616,75,0.113,0.312,27.7%,24.5%,2.1%,0.09,<a href=https://npb.jp/bis/eng/teams/index_b.html>ORIX</a>,PL
Ohshiro Koji,94,285,251,25,52,3,0,1,58,14,7,3,11,0,51,20,0,3,4,0.207,0.274,0.231,0.505,46,0.024,0.256,25.3%,17.9%,7.0%,0.39,<a href=https://npb.jp/bis/eng/teams/index_b.html>ORIX</a>,PL
Ohshita Seiichiro,32,104,88,10,19,6,0,2,31,9,0,1,2,1,15,8,0,5,3,0.216,0.314,0.352,0.666,90,0.136,0.236,24.0%,14.4%,7.7%,0.53,<a href=https://npb.jp/bis/eng/teams/index_b.html>ORIX</a>,PL
Ohta Ryo,20,61,54,6,14,2,0,3,25,5,0,0,2,0,19,4,0,1,0,0.259,0.322,0.463,0.785,123,0.204,0.344,42.6%,31.1%,6.6%,0.21,<a href=https://npb.jp/bis/eng/teams/index_b.html>ORIX</a>,PL
Okada Takahiro,100,377,328,36,84,18,0,16,150,55,5,3,0,5,87,40,1,4,11,0.256,0.340,0.457,0.797,127,0.201,0.296,37.9%,23.1%,10.6%,0.46,<a href=https://npb.jp/bis/eng/teams/index_b.html>ORIX</a>,PL
Rodriguez Aderlin,59,211,193,11,42,10,0,6,70,25,1,0,0,1,55,14,0,3,3,0.218,0.280,0.363,0.643,83,0.145,0.271,35.5%,26.1%,6.6%,0.25,<a href=https://npb.jp/bis/eng/teams/index_b.html>ORIX</a>,PL
Sano Kodai,77,162,140,22,30,5,3,0,41,3,20,4,13,0,37,9,0,0,2,0.214,0.262,0.293,0.555,58,0.079,0.291,28.4%,22.8%,5.6%,0.24,<a href=https://npb.jp/bis/eng/teams/index_b.html>ORIX</a>,PL
Sugimoto Yutaro,41,141,127,13,34,3,1,2,45,17,1,0,0,0,34,10,0,4,4,0.268,0.340,0.354,0.694,99,0.086,0.352,32.6%,24.1%,7.1%,0.29,<a href=https://npb.jp/bis/eng/teams/index_b.html>ORIX</a>,PL
Tongu Yuma,12,35,32,5,10,3,0,2,19,5,0,0,0,0,11,3,0,0,0,0.313,0.371,0.594,0.965,173,0.281,0.421,45.7%,31.4%,8.6%,0.27,<a href=https://npb.jp/bis/eng/teams/index_b.html>ORIX</a>,PL
Wakatsuki Kenya,75,215,192,14,46,12,0,3,67,19,2,0,8,1,40,9,0,5,4,0.240,0.290,0.349,0.639,82,0.109,0.287,24.2%,18.6%,4.2%,0.22,<a href=https://npb.jp/bis/eng/teams/index_b.html>ORIX</a>,PL
Yamaashi Tatsuya,63,105,96,21,21,5,0,1,29,5,3,1,6,0,13,2,0,1,0,0.219,0.242,0.302,0.544,54,0.083,0.244,15.2%,12.4%,1.9%,0.15,<a href=https://npb.jp/bis/eng/teams/index_b.html>ORIX</a>,PL
Yamazaki Katsuki,2,1,1,0,0,0,0,0,0,0,0,0,0,0,0,0,0,0,0,0.000,0.000,0.000,0.000,-103,0.000,0.000,0.0%,0.0%,0.0%,,<a href=https://npb.jp/bis/eng/teams/index_b.html>ORIX</a>,PL
Yoshida Masataka,120,492,408,55,143,22,1,14,209,64,8,5,0,4,29,72,17,8,6,0.350,0.453,0.512,0.965,177,0.162,0.350,23.4%,5.9%,14.6%,2.48,<a href=https://npb.jp/bis/eng/teams/index_b.html>ORIX</a>,PL
Chatani Kenta,31,17,16,1,1,0,0,0,1,0,1,0,1,0,6,0,0,0,0,0.063,0.063,0.063,0.126,-65,0.000,0.100,35.3%,35.3%,0.0%,0.00,<a href=https://npb.jp/bis/eng/teams/index_m.html>Lotte</a>,PL
Emura Naoya,5,6,6,0,0,0,0,0,0,0,0,0,0,0,1,0,0,0,0,0.000,0.000,0.000,0.000,-102,0.000,0.000,16.7%,16.7%,0.0%,0.00,<a href=https://npb.jp/bis/eng/teams/index_m.html>Lotte</a>,PL
Fujioka Yudai,106,370,314,34,72,11,2,4,99,33,8,2,16,2,60,36,1,1,5,0.229,0.309,0.315,0.624,78,0.086,0.270,27.0%,16.2%,9.7%,0.60,<a href=https://npb.jp/bis/eng/teams/index_m.html>Lotte</a>,PL
Fujiwara Kyota,26,105,96,10,25,5,0,3,39,10,4,1,2,1,33,6,0,0,1,0.260,0.301,0.406,0.707,99,0.146,0.361,40.0%,31.4%,5.7%,0.18,<a href=https://npb.jp/bis/eng/teams/index_m.html>Lotte</a>,PL
Fukuda Koki,15,26,23,2,2,1,0,0,3,0,0,0,0,0,8,3,1,0,0,0.087,0.192,0.130,0.322,-7,0.043,0.133,42.3%,30.8%,11.5%,0.38,<a href=https://npb.jp/bis/eng/teams/index_m.html>Lotte</a>,PL
Fukuda Shuhei,62,225,204,20,44,11,1,5,72,19,3,5,4,0,73,17,2,0,3,0.216,0.276,0.353,0.629,78,0.137,0.310,42.2%,32.4%,7.6%,0.23,<a href=https://npb.jp/bis/eng/teams/index_m.html>Lotte</a>,PL
Hosokawa Toru,1,1,1,0,0,0,0,0,0,0,0,0,0,0,1,0,0,0,0,0.000,0.000,0.000,0.000,-102,0.000,,100.0%,100.0%,0.0%,0.00,<a href=https://npb.jp/bis/eng/teams/index_m.html>Lotte</a>,PL
Inoue Seiya,113,447,376,44,92,11,0,15,148,67,0,0,0,4,93,59,2,8,11,0.245,0.356,0.394,0.750,114,0.149,0.283,37.4%,20.8%,13.2%,0.63,<a href=https://npb.jp/bis/eng/teams/index_m.html>Lotte</a>,PL
Kakinuma Tomoya,56,129,106,6,17,1,0,0,18,9,0,0,15,0,31,5,0,3,2,0.160,0.219,0.170,0.389,12,0.010,0.227,27.9%,24.0%,3.9%,0.16,<a href=https://npb.jp/bis/eng/teams/index_m.html>Lotte</a>,PL
Kakunaka Katsuya,84,254,217,21,53,9,3,2,74,15,2,0,7,1,41,24,0,5,7,0.244,0.332,0.341,0.673,92,0.097,0.291,26.4%,16.1%,9.4%,0.59,<a href=https://npb.jp/bis/eng/teams/index_m.html>Lotte</a>,PL
Katoh Shohei,22,79,70,13,21,5,1,0,28,3,3,2,0,0,15,8,0,1,0,0.300,0.380,0.400,0.780,123,0.100,0.382,29.1%,19.0%,10.1%,0.53,<a href=https://npb.jp/bis/eng/teams/index_m.html>Lotte</a>,PL
Kiyota Ikuhiro,70,209,180,18,50,13,0,7,84,23,0,0,5,0,52,22,2,2,6,0.278,0.363,0.467,0.830,135,0.189,0.355,38.8%,24.9%,10.5%,0.42,<a href=https://npb.jp/bis/eng/teams/index_m.html>Lotte</a>,PL
Laird Brandon,39,147,133,15,31,3,0,6,52,15,0,0,0,1,28,13,1,0,5,0.233,0.299,0.391,0.690,95,0.158,0.250,32.0%,19.0%,8.8%,0.46,<a href=https://npb.jp/bis/eng/teams/index_m.html>Lotte</a>,PL
Martin Leonys,104,448,359,72,84,15,0,25,174,65,7,2,0,2,100,70,5,17,10,0.234,0.382,0.485,0.867,146,0.251,0.250,43.5%,22.3%,15.6%,0.70,<a href=https://npb.jp/bis/eng/teams/index_m.html>Lotte</a>,PL
Miki Ryo,22,5,4,1,1,0,0,0,1,0,0,0,1,0,2,0,0,0,0,0.250,0.250,0.250,0.500,43,0.000,0.500,40.0%,40.0%,0.0%,0.00,<a href=https://npb.jp/bis/eng/teams/index_m.html>Lotte</a>,PL
Nakamura Shogo,120,499,422,57,105,25,0,8,154,49,6,3,15,2,97,52,1,8,6,0.249,0.341,0.365,0.706,102,0.116,0.304,31.5%,19.4%,10.4%,0.54,<a href=https://npb.jp/bis/eng/teams/index_m.html>Lotte</a>,PL
Nishimaki Kenji,11,19,16,2,4,1,0,0,5,0,0,1,1,0,6,2,0,0,0,0.250,0.333,0.313,0.646,85,0.063,0.400,42.1%,31.6%,10.5%,0.33,<a href=https://npb.jp/bis/eng/teams/index_m.html>Lotte</a>,PL
Ogino Takashi,53,236,203,30,59,17,0,1,79,10,19,4,6,1,23,24,0,2,2,0.291,0.370,0.389,0.759,117,0.098,0.322,20.3%,9.7%,10.2%,1.04,<a href=https://npb.jp/bis/eng/teams/index_m.html>Lotte</a>,PL
Oka Hiromi,62,64,56,12,8,0,0,0,8,2,7,3,1,0,18,7,0,0,1,0.143,0.238,0.143,0.381,11,0.000,0.211,39.1%,28.1%,10.9%,0.39,<a href=https://npb.jp/bis/eng/teams/index_m.html>Lotte</a>,PL
Satoh Toshiya,60,127,114,6,26,4,0,2,36,12,0,0,2,0,25,9,0,2,1,0.228,0.296,0.316,0.612,74,0.088,0.276,28.3%,19.7%,7.1%,0.36,<a href=https://npb.jp/bis/eng/teams/index_m.html>Lotte</a>,PL
Sugano Tsuyoshi,81,275,223,24,58,10,3,2,80,20,1,3,5,0,55,45,0,2,7,0.260,0.389,0.359,0.748,115,0.099,0.337,37.1%,20.0%,16.4%,0.82,<a href=https://npb.jp/bis/eng/teams/index_m.html>Lotte</a>,PL
Takabe Akito,5,11,10,0,1,0,0,0,1,0,0,0,1,0,4,0,0,0,0,0.100,0.100,0.100,0.200,-44,0.000,0.167,36.4%,36.4%,0.0%,0.00,<a href=https://npb.jp/bis/eng/teams/index_m.html>Lotte</a>,PL
Tamura Tatsuhiro,92,237,203,12,44,7,0,4,63,23,1,1,10,1,45,20,0,3,3,0.217,0.295,0.310,0.605,73,0.093,0.258,29.1%,19.0%,8.4%,0.44,<a href=https://npb.jp/bis/eng/teams/index_m.html>Lotte</a>,PL
Toritani Takashi,42,39,36,5,5,2,0,0,7,6,0,1,0,0,8,1,0,2,0,0.139,0.205,0.194,0.399,14,0.055,0.179,23.1%,20.5%,2.6%,0.12,<a href=https://npb.jp/bis/eng/teams/index_m.html>Lotte</a>,PL
Wada Koshiro,71,69,59,24,12,1,0,0,13,0,23,3,3,0,23,6,0,1,0,0.203,0.288,0.220,0.508,47,0.017,0.333,42.0%,33.3%,8.7%,0.26,<a href=https://npb.jp/bis/eng/teams/index_m.html>Lotte</a>,PL
Yasuda Hisanori,113,460,393,32,87,19,1,6,126,54,2,1,0,4,106,62,1,1,10,0.221,0.326,0.321,0.647,85,0.100,0.284,37.8%,23.0%,13.5%,0.58,<a href=https://npb.jp/bis/eng/teams/index_m.html>Lotte</a>,PL
Yoshida Yuta,1,1,0,0,0,0,0,0,0,0,0,0,1,0,0,0,0,0,0,0.000,0.000,0.000,0.000,-102,0.000,,0.0%,0.0%,0.0%,,<a href=https://npb.jp/bis/eng/teams/index_m.html>Lotte</a>,PL
Akashi Kenji,63,172,154,20,39,9,1,2,56,17,4,2,5,1,32,12,0,0,1,0.253,0.305,0.364,0.669,89,0.111,0.306,26.7%,18.6%,7.0%,0.38,<a href=https://npb.jp/bis/eng/teams/index_h.html>SoftBank</a>,PL
Balentien Wladimir,60,218,191,16,32,7,0,9,66,22,0,1,0,2,59,25,1,0,8,0.168,0.261,0.346,0.607,70,0.178,0.184,42.7%,27.1%,11.5%,0.42,<a href=https://npb.jp/bis/eng/teams/index_h.html>SoftBank</a>,PL
Despaigne Alfredo,25,97,85,9,19,1,0,6,38,12,0,0,0,0,11,12,1,0,5,0.224,0.320,0.447,0.767,116,0.223,0.191,29.9%,11.3%,12.4%,1.09,<a href=https://npb.jp/bis/eng/teams/index_h.html>SoftBank</a>,PL
Gracial Yurisbel,69,276,256,30,71,12,0,10,113,35,2,0,0,1,62,16,2,3,2,0.277,0.326,0.441,0.767,116,0.164,0.330,31.9%,22.5%,5.8%,0.26,<a href=https://npb.jp/bis/eng/teams/index_h.html>SoftBank</a>,PL
Hasegawa Yuya,29,87,76,6,17,5,0,1,25,7,0,0,0,0,18,10,0,1,2,0.224,0.322,0.329,0.651,85,0.105,0.281,33.3%,20.7%,11.5%,0.56,<a href=https://npb.jp/bis/eng/teams/index_h.html>SoftBank</a>,PL
Imamiya Kenta,43,177,164,30,44,7,2,6,73,22,2,0,5,3,22,5,1,0,2,0.268,0.285,0.445,0.730,105,0.177,0.273,18.6%,12.4%,2.8%,0.23,<a href=https://npb.jp/bis/eng/teams/index_h.html>SoftBank</a>,PL
Kai Takuya,104,360,289,44,61,15,0,11,109,33,4,4,22,3,80,43,0,3,7,0.211,0.317,0.377,0.694,96,0.166,0.249,37.2%,22.2%,11.9%,0.54,<a href=https://npb.jp/bis/eng/teams/index_h.html>SoftBank</a>,PL
Kamamoto Go,32,29,26,5,5,0,0,0,5,2,3,0,0,0,10,3,0,0,1,0.192,0.276,0.192,0.468,35,0.000,0.312,44.8%,34.5%,10.3%,0.30,<a href=https://npb.jp/bis/eng/teams/index_h.html>SoftBank</a>,PL
Kawase Hikaru,70,164,141,12,27,6,1,0,35,10,2,1,10,1,26,11,0,1,0,0.191,0.253,0.248,0.501,43,0.057,0.233,22.6%,15.9%,6.7%,0.42,<a href=https://npb.jp/bis/eng/teams/index_h.html>SoftBank</a>,PL
Kawashima Keizo,59,162,137,21,36,4,0,4,52,9,0,4,2,0,17,19,0,4,2,0.263,0.369,0.380,0.749,114,0.117,0.276,24.7%,10.5%,11.7%,1.12,<a href=https://npb.jp/bis/eng/teams/index_h.html>SoftBank</a>,PL
Kuki Ryuhei,5,5,4,2,1,0,0,1,4,1,0,0,0,0,2,1,0,0,0,0.250,0.400,1.000,1.400,285,0.750,0.000,80.0%,40.0%,20.0%,0.50,<a href=https://npb.jp/bis/eng/teams/index_h.html>SoftBank</a>,PL
Kurihara Ryoya,118,500,440,52,107,21,3,17,185,73,5,5,11,6,90,38,0,5,7,0.243,0.307,0.420,0.727,105,0.177,0.265,29.0%,18.0%,7.6%,0.42,<a href=https://npb.jp/bis/eng/teams/index_h.html>SoftBank</a>,PL
Makihara Taisei,77,180,170,25,41,7,2,1,55,8,6,1,4,2,25,3,0,1,2,0.241,0.256,0.324,0.580,63,0.083,0.274,16.1%,13.9%,1.7%,0.12,<a href=https://npb.jp/bis/eng/teams/index_h.html>SoftBank</a>,PL
Masago Yusuke,50,41,35,9,11,2,1,1,18,6,2,2,0,0,11,4,0,2,0,0.314,0.415,0.514,0.929,163,0.200,0.435,39.0%,26.8%,9.8%,0.36,<a href=https://npb.jp/bis/eng/teams/index_h.html>SoftBank</a>,PL
Matsuda Nobuhiro,116,431,395,36,90,16,3,13,151,46,1,0,0,3,76,32,0,1,2,0.228,0.285,0.382,0.667,87,0.154,0.249,28.1%,17.6%,7.4%,0.42,<a href=https://npb.jp/bis/eng/teams/index_h.html>SoftBank</a>,PL
Mimori Masaki,24,46,43,4,7,2,0,0,9,2,1,1,1,0,17,1,0,1,0,0.163,0.200,0.209,0.409,16,0.046,0.269,39.1%,37.0%,2.2%,0.06,<a href=https://npb.jp/bis/eng/teams/index_h.html>SoftBank</a>,PL
Nakamura Akira,100,413,362,43,98,13,2,6,133,50,0,0,3,6,47,39,0,3,4,0.271,0.341,0.367,0.708,102,0.096,0.292,22.3%,11.4%,9.4%,0.83,<a href=https://npb.jp/bis/eng/teams/index_h.html>SoftBank</a>,PL
Nishida Tetsuro,36,11,11,6,1,0,0,0,1,1,2,1,0,0,4,0,0,0,0,0.091,0.091,0.091,0.182,-48,0.000,0.143,36.4%,36.4%,0.0%,0.00,<a href=https://npb.jp/bis/eng/teams/index_h.html>SoftBank</a>,PL
Shuto Ukyo,103,346,307,48,83,8,7,1,108,27,50,6,11,2,79,24,0,2,2,0.270,0.325,0.352,0.677,92,0.082,0.358,30.1%,22.8%,6.9%,0.30,<a href=https://npb.jp/bis/eng/teams/index_h.html>SoftBank</a>,PL
Takaya Hiroaki,33,62,52,6,13,3,0,2,22,10,0,0,4,0,19,4,0,2,0,0.250,0.328,0.423,0.751,112,0.173,0.355,40.3%,30.6%,6.5%,0.21,<a href=https://npb.jp/bis/eng/teams/index_h.html>SoftBank</a>,PL
Uebayashi Seiji,69,178,160,17,29,4,1,6,53,20,8,2,2,1,39,11,0,4,1,0.181,0.250,0.331,0.581,63,0.150,0.198,31.5%,21.9%,6.2%,0.28,<a href=https://npb.jp/bis/eng/teams/index_h.html>SoftBank</a>,PL
Umino Takashi,5,4,4,0,0,0,0,0,0,0,0,0,0,0,2,0,0,0,0,0.000,0.000,0.000,0.000,-101,0.000,0.000,50.0%,50.0%,0.0%,0.00,<a href=https://npb.jp/bis/eng/teams/index_h.html>SoftBank</a>,PL
Yanagimachi Tatsuru,12,6,4,0,1,0,0,0,1,1,0,0,1,0,0,1,0,0,0,0.250,0.400,0.250,0.650,88,0.000,0.250,16.7%,0.0%,16.7%,1.00,<a href=https://npb.jp/bis/eng/teams/index_h.html>SoftBank</a>,PL
Yanagita Yuki,119,515,427,90,146,23,5,29,266,86,7,2,0,3,103,84,8,1,2,0.342,0.449,0.623,1.072,202,0.281,0.393,41.9%,20.0%,16.3%,0.82,<a href=https://npb.jp/bis/eng/teams/index_h.html>SoftBank</a>,PL
Adachi Yuichi,42,66,60,6,10,1,1,1,16,3,0,0,0,0,15,6,0,0,2,0.167,0.242,0.267,0.509,44,0.100,0.205,33.3%,22.7%,9.1%,0.40,<a href=https://npb.jp/bis/eng/teams/index_e.html>Rakuten</a>,PL
Akaminai Ginji,88,245,212,16,50,8,0,0,58,23,3,2,5,3,28,23,0,2,5,0.236,0.313,0.274,0.587,68,0.038,0.267,20.8%,11.4%,9.4%,0.82,<a href=https://npb.jp/bis/eng/teams/index_e.html>Rakuten</a>,PL
Asamura Hideto,120,529,432,72,121,25,0,32,242,104,1,1,0,2,111,91,2,4,15,0.280,0.408,0.560,0.968,171,0.280,0.306,44.2%,21.0%,17.2%,0.82,<a href=https://npb.jp/bis/eng/teams/index_e.html>Rakuten</a>,PL
Blash Jabari,37,149,119,25,28,7,0,2,41,18,1,1,0,3,46,25,1,2,2,0.235,0.369,0.345,0.714,103,0.110,0.351,49.0%,30.9%,16.8%,0.54,<a href=https://npb.jp/bis/eng/teams/index_e.html>Rakuten</a>,PL
Fujita Kazuya,55,38,35,3,7,1,0,0,8,4,0,0,2,0,5,1,0,0,2,0.200,0.222,0.229,0.451,28,0.029,0.233,15.8%,13.2%,2.6%,0.20,<a href=https://npb.jp/bis/eng/teams/index_e.html>Rakuten</a>,PL
Horiuchi Kengo,10,8,7,0,0,0,0,0,0,0,0,0,1,0,4,0,0,0,0,0.000,0.000,0.000,0.000,-100,0.000,0.000,50.0%,50.0%,0.0%,0.00,<a href=https://npb.jp/bis/eng/teams/index_e.html>Rakuten</a>,PL
Ishihara Tsuyoshi,18,24,23,1,4,1,0,0,5,1,0,0,1,0,13,0,0,0,0,0.174,0.174,0.217,0.391,10,0.043,0.400,54.2%,54.2%,0.0%,0.00,<a href=https://npb.jp/bis/eng/teams/index_e.html>Rakuten</a>,PL
Iwami Masaki,16,38,37,2,8,1,1,1,14,4,0,0,0,0,11,1,0,0,2,0.216,0.237,0.378,0.615,71,0.162,0.280,34.2%,28.9%,2.6%,0.09,<a href=https://npb.jp/bis/eng/teams/index_e.html>Rakuten</a>,PL
Kobukata Hiroto,112,437,378,61,109,16,5,3,144,31,17,9,11,2,59,42,0,4,5,0.288,0.364,0.381,0.745,111,0.093,0.333,23.8%,13.5%,9.6%,0.71,<a href=https://npb.jp/bis/eng/teams/index_e.html>Rakuten</a>,PL
Kurokawa Fumiya,10,17,14,0,2,0,0,0,2,2,0,0,0,1,6,1,0,1,1,0.143,0.235,0.143,0.378,10,0.000,0.222,41.2%,35.3%,5.9%,0.17,<a href=https://npb.jp/bis/eng/teams/index_e.html>Rakuten</a>,PL
Mogi Eigoro,73,321,276,43,83,14,4,7,126,33,8,3,0,1,52,39,0,5,4,0.301,0.396,0.457,0.853,141,0.156,0.349,30.5%,16.2%,12.1%,0.75,<a href=https://npb.jp/bis/eng/teams/index_e.html>Rakuten</a>,PL
Murabayashi Itsuki,3,1,1,0,0,0,0,0,0,0,0,0,0,0,0,0,0,0,0,0.000,0.000,0.000,0.000,-100,0.000,0.000,0.0%,0.0%,0.0%,,<a href=https://npb.jp/bis/eng/teams/index_e.html>Rakuten</a>,PL
Ogoh Yuya,58,129,105,23,31,3,0,4,46,12,8,2,3,1,34,19,0,1,0,0.295,0.405,0.438,0.843,139,0.143,0.397,44.2%,26.4%,14.7%,0.56,<a href=https://npb.jp/bis/eng/teams/index_e.html>Rakuten</a>,PL
Ohta Hikaru,67,164,130,17,26,10,0,2,42,16,0,1,11,3,38,18,0,2,2,0.200,0.301,0.323,0.624,77,0.123,0.258,35.4%,23.2%,11.0%,0.47,<a href=https://npb.jp/bis/eng/teams/index_e.html>Rakuten</a>,PL
Okajima Takero,35,85,75,10,15,6,1,0,23,9,0,0,2,0,26,8,0,0,2,0.200,0.277,0.307,0.584,65,0.107,0.306,40.0%,30.6%,9.4%,0.31,<a href=https://npb.jp/bis/eng/teams/index_e.html>Rakuten</a>,PL
Romero Stefen,103,404,356,46,97,19,2,24,192,63,0,0,0,2,108,38,5,8,8,0.272,0.354,0.539,0.893,149,0.267,0.323,42.1%,26.7%,9.4%,0.35,<a href=https://npb.jp/bis/eng/teams/index_e.html>Rakuten</a>,PL
Shimauchi Hiroaki,114,471,406,50,114,17,2,8,159,53,9,1,6,4,71,48,1,7,8,0.281,0.363,0.392,0.755,114,0.111,0.320,27.0%,15.1%,10.2%,0.68,<a href=https://npb.jp/bis/eng/teams/index_e.html>Rakuten</a>,PL
Shimotsuma Takahiro,43,90,77,5,12,4,0,1,19,9,0,0,11,1,26,1,0,0,0,0.156,0.165,0.247,0.412,15,0.091,0.216,31.1%,28.9%,1.1%,0.04,<a href=https://npb.jp/bis/eng/teams/index_e.html>Rakuten</a>,PL
Shimozuru Ko,20,35,32,1,6,0,1,1,11,5,0,0,0,0,11,2,0,1,0,0.188,0.257,0.344,0.601,69,0.156,0.250,40.0%,31.4%,5.7%,0.18,<a href=https://npb.jp/bis/eng/teams/index_e.html>Rakuten</a>,PL
Suzuki Daichi,120,546,478,71,141,27,1,4,182,55,1,3,12,3,58,46,0,7,18,0.295,0.363,0.381,0.744,111,0.086,0.327,19.8%,10.6%,8.4%,0.79,<a href=https://npb.jp/bis/eng/teams/index_e.html>Rakuten</a>,PL
Tanaka Kazuki,80,282,254,38,61,10,1,8,97,25,6,2,3,1,76,23,0,1,2,0.240,0.305,0.382,0.687,93,0.142,0.310,37.9%,27.0%,8.2%,0.30,<a href=https://npb.jp/bis/eng/teams/index_e.html>Rakuten</a>,PL
Tanaka Takaya,9,18,15,5,6,0,0,1,9,4,0,0,2,0,7,1,0,0,0,0.400,0.438,0.600,1.038,191,0.200,0.714,50.0%,38.9%,5.6%,0.14,<a href=https://npb.jp/bis/eng/teams/index_e.html>Rakuten</a>,PL
Tatsumi Ryosuke,104,282,251,38,56,9,3,8,95,28,11,5,9,0,57,20,0,2,1,0.223,0.286,0.378,0.664,87,0.155,0.258,30.1%,20.2%,7.1%,0.35,<a href=https://npb.jp/bis/eng/teams/index_e.html>Rakuten</a>,PL
Uchida Yasuhito,38,109,93,9,16,3,0,5,34,18,1,0,0,1,31,14,0,1,5,0.172,0.284,0.366,0.650,83,0.194,0.190,45.9%,28.4%,12.8%,0.45,<a href=https://npb.jp/bis/eng/teams/index_e.html>Rakuten</a>,PL
Wada Ren,7,17,16,0,2,1,0,0,3,1,0,0,0,0,4,1,0,0,2,0.125,0.176,0.188,0.364,3,0.063,0.167,29.4%,23.5%,5.9%,0.25,<a href=https://npb.jp/bis/eng/teams/index_e.html>Rakuten</a>,PL
Watanabe Naoto,1,4,4,1,2,1,0,0,3,0,0,0,0,0,1,0,0,0,0,0.500,0.500,0.750,1.250,249,0.250,0.667,25.0%,25.0%,0.0%,0.00,<a href=https://npb.jp/bis/eng/teams/index_e.html>Rakuten</a>,PL
Watanabe Yoshiaki,35,95,85,9,20,5,1,0,27,12,0,0,6,1,15,3,0,0,1,0.235,0.258,0.318,0.576,62,0.083,0.282,18.9%,15.8%,3.2%,0.20,<a href=https://npb.jp/bis/eng/teams/index_e.html>Rakuten</a>,PL
Yamasaki Tsuyoshi,20,16,12,4,2,1,0,0,3,1,1,0,2,1,2,1,0,0,0,0.167,0.214,0.250,0.464,31,0.083,0.182,18.8%,12.5%,6.2%,0.50,<a href=https://npb.jp/bis/eng/teams/index_e.html>Rakuten</a>,PL
Yamashita Ayatsugu,8,8,7,1,0,0,0,0,0,0,0,0,0,0,3,1,0,0,0,0.000,0.125,0.000,0.125,-62,0.000,0.000,50.0%,37.5%,12.5%,0.33,<a href=https://npb.jp/bis/eng/teams/index_e.html>Rakuten</a>,PL
Genda Sosuke,120,518,455,67,123,14,5,1,150,21,18,8,22,2,80,38,0,1,6,0.270,0.327,0.330,0.657,83,0.060,0.324,23.0%,15.4%,7.3%,0.48,<a href=https://npb.jp/bis/eng/teams/index_l.html>Seibu</a>,PL
Kaneko Yuji,86,338,301,41,75,7,0,3,91,21,14,9,5,3,55,29,0,0,5,0.249,0.312,0.302,0.614,72,0.053,0.293,25.7%,16.3%,8.6%,0.53,<a href=https://npb.jp/bis/eng/teams/index_l.html>Seibu</a>,PL
Kawagoe Seiji,48,74,64,10,10,0,1,2,18,5,0,0,1,0,24,9,0,0,0,0.156,0.260,0.281,0.541,51,0.125,0.211,47.3%,32.4%,12.2%,0.38,<a href=https://npb.jp/bis/eng/teams/index_l.html>Seibu</a>,PL
Kimura Fumikazu,90,301,264,25,61,12,2,8,101,33,5,4,9,3,75,18,0,7,4,0.231,0.295,0.383,0.678,87,0.152,0.288,33.6%,24.9%,6.0%,0.24,<a href=https://npb.jp/bis/eng/teams/index_l.html>Seibu</a>,PL
Kishi Junichiro,5,3,2,0,0,0,0,0,0,0,0,1,0,0,1,1,0,0,0,0.000,0.333,0.000,0.333,3,0.000,0.000,66.7%,33.3%,33.3%,1.00,<a href=https://npb.jp/bis/eng/teams/index_l.html>Seibu</a>,PL
Kumashiro Masato,38,11,10,2,1,0,0,0,1,0,2,0,0,0,3,1,0,0,0,0.100,0.182,0.100,0.282,-17,0.000,0.143,36.4%,27.3%,9.1%,0.33,<a href=https://npb.jp/bis/eng/teams/index_l.html>Seibu</a>,PL
Kuriyama Takumi,111,428,372,37,101,22,0,12,159,67,0,0,0,2,77,53,2,1,10,0.272,0.362,0.427,0.789,118,0.155,0.312,33.2%,18.0%,12.4%,0.69,<a href=https://npb.jp/bis/eng/teams/index_l.html>Seibu</a>,PL
Mejia Ernesto,74,260,237,20,49,13,1,11,97,33,0,0,0,1,82,20,1,2,5,0.207,0.273,0.409,0.682,87,0.202,0.262,43.5%,31.5%,7.7%,0.24,<a href=https://npb.jp/bis/eng/teams/index_l.html>Seibu</a>,PL
Mizuguchi Daichi,7,6,6,2,1,0,0,0,1,0,1,0,0,0,2,0,0,0,0,0.167,0.167,0.167,0.334,-5,0.000,0.250,33.3%,33.3%,0.0%,0.00,<a href=https://npb.jp/bis/eng/teams/index_l.html>Seibu</a>,PL
Mori Tomoya,104,405,358,46,90,15,2,9,136,38,4,2,2,4,67,38,0,3,7,0.251,0.325,0.380,0.705,95,0.129,0.283,28.1%,16.5%,9.4%,0.57,<a href=https://npb.jp/bis/eng/teams/index_l.html>Seibu</a>,PL
Nakamura Takeya,79,297,258,32,55,14,0,9,96,31,0,1,0,2,75,34,2,3,7,0.213,0.310,0.372,0.682,88,0.159,0.261,39.7%,25.3%,11.4%,0.45,<a href=https://npb.jp/bis/eng/teams/index_l.html>Seibu</a>,PL
Nishikawa Manaya,3,4,4,0,1,1,0,0,2,2,0,0,0,0,0,0,0,0,0,0.250,0.250,0.500,0.750,102,0.250,0.250,0.0%,0.0%,0.0%,,<a href=https://npb.jp/bis/eng/teams/index_l.html>Seibu</a>,PL
Okada Masatoshi,29,65,56,1,6,1,0,0,7,3,0,0,7,0,7,1,0,1,4,0.107,0.138,0.125,0.263,-24,0.018,0.122,12.3%,10.8%,1.5%,0.14,<a href=https://npb.jp/bis/eng/teams/index_l.html>Seibu</a>,PL
Spangenberg Cory,111,445,407,51,109,26,8,15,196,57,12,2,0,2,150,32,0,4,2,0.268,0.326,0.482,0.808,121,0.214,0.385,44.3%,33.7%,7.2%,0.21,<a href=https://npb.jp/bis/eng/teams/index_l.html>Seibu</a>,PL
Suzuki Shohei,46,157,140,7,29,4,2,1,40,10,0,2,4,2,24,10,0,1,2,0.207,0.261,0.286,0.547,53,0.079,0.239,22.3%,15.3%,6.4%,0.42,<a href=https://npb.jp/bis/eng/teams/index_l.html>Seibu</a>,PL
Takagi Wataru,12,40,40,6,7,1,1,2,16,5,0,0,0,0,8,0,0,0,2,0.175,0.175,0.400,0.575,56,0.225,0.167,25.0%,20.0%,0.0%,0.00,<a href=https://npb.jp/bis/eng/teams/index_l.html>Seibu</a>,PL
Takeda Aito,7,14,13,0,2,0,0,0,2,3,0,0,0,1,5,0,0,0,2,0.154,0.143,0.154,0.297,-15,0.000,0.222,35.7%,35.7%,0.0%,0.00,<a href=https://npb.jp/bis/eng/teams/index_l.html>Seibu</a>,PL
Togawa Daisuke,4,9,9,1,1,0,0,0,1,0,0,0,0,0,0,0,0,0,0,0.111,0.111,0.111,0.222,-35,0.000,0.111,0.0%,0.0%,0.0%,,<a href=https://npb.jp/bis/eng/teams/index_l.html>Seibu</a>,PL
Tonosaki Shuta,120,500,433,62,107,18,2,8,153,43,21,7,7,2,87,54,1,4,7,0.247,0.335,0.353,0.688,91,0.106,0.291,29.8%,17.4%,10.8%,0.62,<a href=https://npb.jp/bis/eng/teams/index_l.html>Seibu</a>,PL
Tsuge Sena,17,43,38,5,7,0,0,2,13,5,1,0,1,0,14,4,0,0,2,0.184,0.262,0.342,0.604,67,0.158,0.227,46.5%,32.6%,9.3%,0.29,<a href=https://npb.jp/bis/eng/teams/index_l.html>Seibu</a>,PL
Wu Nien-Ting,51,52,44,5,10,3,0,0,13,5,2,2,2,0,8,4,0,2,1,0.227,0.320,0.295,0.615,72,0.068,0.278,23.1%,15.4%,7.7%,0.50,<a href=https://npb.jp/bis/eng/teams/index_l.html>Seibu</a>,PL
Yamada Haruka,8,5,5,1,1,0,0,0,1,0,0,0,0,0,1,0,0,0,0,0.200,0.200,0.200,0.400,13,0.000,0.250,20.0%,20.0%,0.0%,0.00,<a href=https://npb.jp/bis/eng/teams/index_l.html>Seibu</a>,PL
Yamakawa Hotaka,102,401,322,47,66,7,0,24,145,73,0,0,0,2,100,64,4,13,6,0.205,0.357,0.450,0.807,122,0.245,0.210,46.9%,24.9%,16.0%,0.64,<a href=https://npb.jp/bis/eng/teams/index_l.html>Seibu</a>,PL
Yamanobe Kakeru,53,64,60,11,14,3,0,0,17,4,5,2,0,1,11,1,0,2,2,0.233,0.266,0.283,0.549,54,0.050,0.280,18.8%,17.2%,1.6%,0.09,<a href=https://npb.jp/bis/eng/teams/index_l.html>Seibu</a>,PL
Asama Daiki,42,63,58,3,11,2,0,0,13,1,0,0,2,0,21,3,0,0,1,0.190,0.230,0.224,0.454,30,0.034,0.297,38.1%,33.3%,4.8%,0.14,<a href=https://npb.jp/bis/eng/teams/index_f.html>Nipponham</a>,PL
Higuchi Ryunosuke,25,64,50,4,7,0,0,1,10,1,0,0,4,0,15,9,0,1,2,0.140,0.283,0.200,0.483,40,0.060,0.176,39.1%,23.4%,14.1%,0.60,<a href=https://npb.jp/bis/eng/teams/index_f.html>Nipponham</a>,PL
Hiranuma Shota,52,180,158,18,36,6,2,0,46,6,1,2,6,0,24,12,0,4,5,0.228,0.299,0.291,0.590,70,0.063,0.269,20.0%,13.3%,6.7%,0.50,<a href=https://npb.jp/bis/eng/teams/index_f.html>Nipponham</a>,PL
Ishii Kazunari,59,104,95,9,17,4,1,0,23,3,1,1,5,1,13,3,0,0,1,0.179,0.202,0.242,0.444,26,0.063,0.205,15.4%,12.5%,2.9%,0.23,<a href=https://npb.jp/bis/eng/teams/index_f.html>Nipponham</a>,PL
Ishikawa Ryo,17,22,21,0,3,1,0,0,4,1,0,0,1,0,8,0,0,0,0,0.143,0.143,0.190,0.333,-6,0.047,0.231,36.4%,36.4%,0.0%,0.00,<a href=https://npb.jp/bis/eng/teams/index_f.html>Nipponham</a>,PL
Kiyomiya Kotaro,96,263,226,23,43,9,0,7,73,22,2,0,0,1,59,33,0,3,6,0.190,0.300,0.323,0.623,79,0.133,0.224,37.6%,22.4%,12.5%,0.56,<a href=https://npb.jp/bis/eng/teams/index_f.html>Nipponham</a>,PL
Kohri Takuya,9,7,6,1,0,0,0,0,0,0,0,0,0,0,1,1,0,0,0,0.000,0.143,0.000,0.143,-58,0.000,0.000,28.6%,14.3%,14.3%,1.00,<a href=https://npb.jp/bis/eng/teams/index_f.html>Nipponham</a>,PL
Kondoh Kensuke,108,467,371,56,126,31,1,5,174,60,4,0,0,5,72,89,3,2,6,0.340,0.465,0.469,0.934,170,0.129,0.405,35.5%,15.4%,19.1%,1.24,<a href=https://npb.jp/bis/eng/teams/index_f.html>Nipponham</a>,PL
Matsumoto Go,84,162,138,19,28,2,2,1,37,11,5,2,11,1,21,8,1,4,1,0.203,0.265,0.268,0.533,53,0.065,0.231,18.5%,13.0%,4.9%,0.38,<a href=https://npb.jp/bis/eng/teams/index_f.html>Nipponham</a>,PL
Nakashima Takuya,88,191,159,22,32,5,0,0,37,8,11,2,10,0,36,22,0,0,1,0.201,0.298,0.233,0.531,54,0.032,0.260,30.4%,18.8%,11.5%,0.61,<a href=https://npb.jp/bis/eng/teams/index_f.html>Nipponham</a>,PL
Nakata Sho,119,506,440,52,105,18,0,31,216,108,1,0,0,9,109,55,3,2,19,0.239,0.320,0.491,0.811,130,0.252,0.239,38.5%,21.5%,10.9%,0.50,<a href=https://npb.jp/bis/eng/teams/index_f.html>Nipponham</a>,PL
Nishikawa Haruki,115,523,422,82,129,17,3,5,167,39,42,7,4,3,84,92,1,2,5,0.306,0.430,0.396,0.826,140,0.090,0.369,34.6%,16.1%,17.6%,1.10,<a href=https://npb.jp/bis/eng/teams/index_f.html>Nipponham</a>,PL
Nomura Yuki,21,76,74,8,19,3,2,3,35,18,0,0,0,0,17,1,0,1,1,0.257,0.276,0.473,0.749,111,0.216,0.296,27.6%,22.4%,1.3%,0.06,<a href=https://npb.jp/bis/eng/teams/index_f.html>Nipponham</a>,PL
Ohta Taishi,115,481,455,57,125,16,1,14,185,68,3,3,0,0,105,25,1,1,11,0.275,0.314,0.407,0.721,106,0.132,0.330,29.9%,21.8%,5.2%,0.24,<a href=https://npb.jp/bis/eng/teams/index_f.html>Nipponham</a>,PL
Shimizu Yushi,69,157,135,13,26,7,0,3,42,16,0,0,12,2,37,7,0,1,5,0.193,0.234,0.311,0.545,55,0.118,0.237,29.9%,23.6%,4.5%,0.19,<a href=https://npb.jp/bis/eng/teams/index_f.html>Nipponham</a>,PL
Sugiya Kenshi,88,161,131,28,29,8,1,2,45,11,4,1,14,0,32,12,0,4,2,0.221,0.306,0.344,0.650,87,0.123,0.278,28.6%,19.9%,7.5%,0.38,<a href=https://npb.jp/bis/eng/teams/index_f.html>Nipponham</a>,PL
Takahama Yuto,10,23,19,4,6,0,0,0,6,0,0,0,2,0,6,2,0,0,0,0.316,0.381,0.316,0.697,103,0.000,0.462,34.8%,26.1%,8.7%,0.33,<a href=https://npb.jp/bis/eng/teams/index_f.html>Nipponham</a>,PL
Tamiya Yua,4,7,7,1,3,0,0,0,3,0,1,0,0,0,2,0,0,0,0,0.429,0.429,0.429,0.858,148,0.000,0.600,28.6%,28.6%,0.0%,0.00,<a href=https://npb.jp/bis/eng/teams/index_f.html>Nipponham</a>,PL
Taniguchi Yuya,7,9,9,1,2,1,0,0,3,1,0,0,0,0,3,0,0,0,0,0.222,0.222,0.333,0.555,57,0.111,0.333,33.3%,33.3%,0.0%,0.00,<a href=https://npb.jp/bis/eng/teams/index_f.html>Nipponham</a>,PL
Tsuruoka Shinya,18,17,17,0,5,0,0,0,5,2,0,0,0,0,2,0,0,0,0,0.294,0.294,0.294,0.588,69,0.000,0.333,11.8%,11.8%,0.0%,0.00,<a href=https://npb.jp/bis/eng/teams/index_f.html>Nipponham</a>,PL
Usami Shingo,80,187,169,10,30,1,0,3,40,15,0,1,9,1,45,8,0,0,5,0.178,0.213,0.237,0.450,28,0.059,0.221,29.9%,24.1%,4.3%,0.18,<a href=https://npb.jp/bis/eng/teams/index_f.html>Nipponham</a>,PL
Villanueva Christian,54,196,168,11,37,3,0,4,52,19,1,2,0,2,39,22,0,4,1,0.220,0.321,0.310,0.631,82,0.090,0.260,33.2%,19.9%,11.2%,0.56,<a href=https://npb.jp/bis/eng/teams/index_f.html>Nipponham</a>,PL
Wang Po-Jung,52,95,87,9,18,4,0,2,28,9,0,0,0,1,27,6,0,1,2,0.207,0.263,0.322,0.585,67,0.115,0.271,36.8%,28.4%,6.3%,0.22,<a href=https://npb.jp/bis/eng/teams/index_f.html>Nipponham</a>,PL
Watanabe Ryo,117,465,414,49,117,13,4,6,156,39,4,2,5,3,81,43,0,0,9,0.283,0.348,0.377,0.725,108,0.094,0.336,28.0%,17.4%,9.2%,0.53,<a href=https://npb.jp/bis/eng/teams/index_f.html>Nipponham</a>,PL
Yachi Ryota,50,18,16,3,5,0,0,0,5,3,0,0,0,1,3,1,0,0,0,0.313,0.333,0.313,0.646,87,0.000,0.357,22.2%,16.7%,5.6%,0.33,<a href=https://npb.jp/bis/eng/teams/index_f.html>Nipponham</a>,PL
Yokoo Toshitake,44,116,107,10,27,2,0,2,35,11,0,0,0,1,16,6,0,2,3,0.252,0.302,0.327,0.629,80,0.075,0.278,20.7%,13.8%,5.2%,0.38,<a href=https://npb.jp/bis/eng/teams/index_f.html>Nipponham</a>,PL
