Player,G,PA,AB,R,H,2B,3B,HR,TB,RBI,SB,CS,SH,SF,SO,BB,IBB,HP,GDP,AVG,OBP,SLG,OPS,OPS+,ISO,BABIP,TTO%,K%,BB%,BB/K,Team,League
Bour Justin,99,379,329,27,80,8,0,17,139,45,1,1,0,2,88,45,5,3,13,0.243,0.338,0.422,0.760,121,0.179,0.279,39.6%,23.2%,11.9%,0.51,<a href=https://npb.jp/bis/eng/teams/index_t.html>Hanshin</a>,CL
Chikamoto Koji,120,519,474,81,139,21,5,9,197,45,31,8,7,1,61,30,2,7,4,0.293,0.344,0.416,0.760,121,0.123,0.321,19.3%,11.8%,5.8%,0.49,<a href=https://npb.jp/bis/eng/teams/index_t.html>Hanshin</a>,CL
Ohyama Yusuke,116,471,423,66,122,21,5,28,237,85,1,3,1,1,96,41,6,5,15,0.288,0.357,0.560,0.917,166,0.272,0.313,35.0%,20.4%,8.7%,0.43,<a href=https://npb.jp/bis/eng/teams/index_t.html>Hanshin</a>,CL
Sands Jerry,110,443,377,47,97,16,0,19,170,64,2,1,0,2,106,61,2,3,11,0.257,0.363,0.451,0.814,137,0.194,0.307,42.0%,23.9%,13.8%,0.58,<a href=https://npb.jp/bis/eng/teams/index_t.html>Hanshin</a>,CL
Dohbayashi Shota,111,451,401,55,112,21,0,14,175,58,17,4,3,2,91,41,2,4,12,0.279,0.350,0.436,0.786,123,0.157,0.329,32.4%,20.2%,9.1%,0.45,<a href=https://npb.jp/bis/eng/teams/index_c.html>Hiroshima</a>,CL
Kikuchi Ryosuke,106,429,376,43,102,19,4,10,159,41,3,2,16,1,68,35,2,1,9,0.271,0.334,0.423,0.757,115,0.152,0.308,26.3%,15.9%,8.2%,0.51,<a href=https://npb.jp/bis/eng/teams/index_c.html>Hiroshima</a>,CL
Matsuyama Ryuhei,108,425,404,38,112,27,1,9,168,67,0,1,0,3,72,17,4,1,11,0.277,0.306,0.416,0.722,105,0.139,0.316,23.1%,16.9%,4.0%,0.24,<a href=https://npb.jp/bis/eng/teams/index_c.html>Hiroshima</a>,CL
Suzuki Seiya,118,514,430,85,129,26,2,25,234,75,6,4,0,3,73,72,9,9,15,0.300,0.409,0.544,0.953,171,0.244,0.310,33.1%,14.2%,14.0%,0.99,<a href=https://npb.jp/bis/eng/teams/index_c.html>Hiroshima</a>,CL
Tanaka Kosuke,112,454,378,51,95,11,5,8,140,39,8,4,12,4,86,55,3,5,1,0.251,0.351,0.370,0.721,106,0.119,0.302,32.8%,18.9%,12.1%,0.64,<a href=https://npb.jp/bis/eng/teams/index_c.html>Hiroshima</a>,CL
Kajitani Takayuki,109,482,433,88,140,29,1,19,228,53,14,8,1,2,85,45,3,1,4,0.323,0.387,0.527,0.914,151,0.204,0.366,30.9%,17.6%,9.3%,0.53,<a href=https://npb.jp/bis/eng/teams/index_db.html>DeNA</a>,CL
Miyazaki Toshiro,113,460,429,47,129,26,1,14,199,53,0,0,0,3,29,24,2,4,15,0.301,0.341,0.464,0.805,122,0.163,0.296,14.6%,6.3%,5.2%,0.83,<a href=https://npb.jp/bis/eng/teams/index_db.html>DeNA</a>,CL
Sano Keita,106,451,402,48,132,20,1,20,214,69,0,0,0,3,58,42,1,4,13,0.328,0.395,0.532,0.927,155,0.204,0.343,26.6%,12.9%,9.3%,0.72,<a href=https://npb.jp/bis/eng/teams/index_db.html>DeNA</a>,CL
Soto Neftali,114,480,428,59,108,18,0,25,201,78,0,0,0,5,103,44,0,3,12,0.252,0.323,0.470,0.793,118,0.218,0.272,35.8%,21.5%,9.2%,0.43,<a href=https://npb.jp/bis/eng/teams/index_db.html>DeNA</a>,CL
Maru Yoshihiro,120,491,423,63,120,31,1,27,234,77,8,4,3,2,101,63,4,0,3,0.284,0.375,0.553,0.928,156,0.269,0.313,38.9%,20.6%,12.8%,0.62,<a href=https://npb.jp/bis/eng/teams/index_g.html>Yomiuri</a>,CL
Okamoto Kazuma,118,500,440,79,121,26,0,31,240,97,2,0,0,0,85,55,2,5,10,0.275,0.362,0.545,0.907,149,0.270,0.278,34.2%,17.0%,11.0%,0.65,<a href=https://npb.jp/bis/eng/teams/index_g.html>Yomiuri</a>,CL
Sakamoto Hayato,115,479,412,64,119,28,1,19,206,65,4,1,1,4,85,62,7,0,9,0.289,0.379,0.500,0.879,143,0.211,0.321,34.7%,17.7%,12.9%,0.73,<a href=https://npb.jp/bis/eng/teams/index_g.html>Yomiuri</a>,CL
Yoshikawa Naoki,112,389,354,47,97,16,2,8,141,32,11,3,2,0,60,30,4,3,6,0.274,0.336,0.398,0.734,104,0.124,0.311,25.2%,15.4%,7.7%,0.50,<a href=https://npb.jp/bis/eng/teams/index_g.html>Yomiuri</a>,CL
Aoki Norichika,107,425,357,64,113,30,1,18,199,51,2,1,0,1,51,62,2,5,6,0.317,0.424,0.557,0.981,164,0.240,0.329,30.8%,12.0%,14.6%,1.22,<a href=https://npb.jp/bis/eng/teams/index_s.html>Yakult</a>,CL
Escobar Alcides,104,402,377,27,103,14,2,1,124,30,6,7,1,2,52,13,6,9,9,0.273,0.312,0.329,0.641,76,0.056,0.313,16.4%,12.9%,3.2%,0.25,<a href=https://npb.jp/bis/eng/teams/index_s.html>Yakult</a>,CL
Murakami Munetaka,120,515,424,70,130,30,2,28,248,86,11,5,0,1,115,87,12,3,8,0.307,0.427,0.585,1.012,171,0.278,0.362,44.7%,22.3%,16.9%,0.76,<a href=https://npb.jp/bis/eng/teams/index_s.html>Yakult</a>,CL
Sakaguchi Tomotaka,114,458,398,55,98,14,1,9,141,36,4,5,3,3,60,47,1,7,8,0.246,0.334,0.354,0.688,88,0.108,0.268,25.3%,13.1%,10.3%,0.78,<a href=https://npb.jp/bis/eng/teams/index_s.html>Yakult</a>,CL
Yamada Tetsuto,94,384,334,52,85,17,1,12,140,52,8,4,0,2,83,48,3,0,6,0.254,0.346,0.419,0.765,108,0.165,0.303,37.2%,21.6%,12.5%,0.58,<a href=https://npb.jp/bis/eng/teams/index_s.html>Yakult</a>,CL
Abe Toshiki,115,459,421,44,108,25,0,13,172,61,2,4,5,2,92,30,0,1,21,0.257,0.306,0.409,0.715,108,0.152,0.299,29.4%,20.0%,6.5%,0.33,<a href=https://npb.jp/bis/eng/teams/index_d.html>Chunichi</a>,CL
Kyoda Yota,120,491,442,43,109,16,7,5,154,29,8,4,15,1,80,27,4,6,4,0.247,0.298,0.348,0.646,88,0.101,0.291,22.8%,16.3%,5.5%,0.34,<a href=https://npb.jp/bis/eng/teams/index_d.html>Chunichi</a>,CL
Ohshima Yohei,118,525,462,58,146,21,3,1,176,30,16,8,9,3,51,47,3,4,5,0.316,0.382,0.381,0.763,125,0.065,0.351,18.9%,9.7%,9.0%,0.92,<a href=https://npb.jp/bis/eng/teams/index_d.html>Chunichi</a>,CL
Takahashi Shuhei,108,438,394,46,120,25,1,7,168,46,1,1,0,3,70,39,6,2,13,0.305,0.368,0.426,0.794,133,0.121,0.353,26.5%,16.0%,8.9%,0.56,<a href=https://npb.jp/bis/eng/teams/index_d.html>Chunichi</a>,CL
Viciedo Dayan,109,462,409,48,109,23,0,17,183,82,3,2,0,10,48,34,3,9,17,0.267,0.329,0.447,0.776,126,0.180,0.260,21.4%,10.4%,7.4%,0.71,<a href=https://npb.jp/bis/eng/teams/index_d.html>Chunichi</a>,CL
Okada Takahiro,100,377,328,36,84,18,0,16,150,55,5,3,0,5,87,40,1,4,11,0.256,0.340,0.457,0.797,127,0.201,0.296,37.9%,23.1%,10.6%,0.46,<a href=https://npb.jp/bis/eng/teams/index_b.html>ORIX</a>,PL
Yoshida Masataka,120,492,408,55,143,22,1,14,209,64,8,5,0,4,29,72,17,8,6,0.350,0.453,0.512,0.965,177,0.162,0.350,23.4%,5.9%,14.6%,2.48,<a href=https://npb.jp/bis/eng/teams/index_b.html>ORIX</a>,PL
Inoue Seiya,113,447,376,44,92,11,0,15,148,67,0,0,0,4,93,59,2,8,11,0.245,0.356,0.394,0.750,114,0.149,0.283,37.4%,20.8%,13.2%,0.63,<a href=https://npb.jp/bis/eng/teams/index_m.html>Lotte</a>,PL
Martin Leonys,104,448,359,72,84,15,0,25,174,65,7,2,0,2,100,70,5,17,10,0.234,0.382,0.485,0.867,146,0.251,0.250,43.5%,22.3%,15.6%,0.70,<a href=https://npb.jp/bis/eng/teams/index_m.html>Lotte</a>,PL
Nakamura Shogo,120,499,422,57,105,25,0,8,154,49,6,3,15,2,97,52,1,8,6,0.249,0.341,0.365,0.706,102,0.116,0.304,31.5%,19.4%,10.4%,0.54,<a href=https://npb.jp/bis/eng/teams/index_m.html>Lotte</a>,PL
Yasuda Hisanori,113,460,393,32,87,19,1,6,126,54,2,1,0,4,106,62,1,1,10,0.221,0.326,0.321,0.647,85,0.100,0.284,37.8%,23.0%,13.5%,0.58,<a href=https://npb.jp/bis/eng/teams/index_m.html>Lotte</a>,PL
Kurihara Ryoya,118,500,440,52,107,21,3,17,185,73,5,5,11,6,90,38,0,5,7,0.243,0.307,0.420,0.727,105,0.177,0.265,29.0%,18.0%,7.6%,0.42,<a href=https://npb.jp/bis/eng/teams/index_h.html>SoftBank</a>,PL
Matsuda Nobuhiro,116,431,395,36,90,16,3,13,151,46,1,0,0,3,76,32,0,1,2,0.228,0.285,0.382,0.667,87,0.154,0.249,28.1%,17.6%,7.4%,0.42,<a href=https://npb.jp/bis/eng/teams/index_h.html>SoftBank</a>,PL
Nakamura Akira,100,413,362,43,98,13,2,6,133,50,0,0,3,6,47,39,0,3,4,0.271,0.341,0.367,0.708,102,0.096,0.292,22.3%,11.4%,9.4%,0.83,<a href=https://npb.jp/bis/eng/teams/index_h.html>SoftBank</a>,PL
Yanagita Yuki,119,515,427,90,146,23,5,29,266,86,7,2,0,3,103,84,8,1,2,0.342,0.449,0.623,1.072,202,0.281,0.393,41.9%,20.0%,16.3%,0.82,<a href=https://npb.jp/bis/eng/teams/index_h.html>SoftBank</a>,PL
Asamura Hideto,120,529,432,72,121,25,0,32,242,104,1,1,0,2,111,91,2,4,15,0.280,0.408,0.560,0.968,171,0.280,0.306,44.2%,21.0%,17.2%,0.82,<a href=https://npb.jp/bis/eng/teams/index_e.html>Rakuten</a>,PL
Kobukata Hiroto,112,437,378,61,109,16,5,3,144,31,17,9,11,2,59,42,0,4,5,0.288,0.364,0.381,0.745,111,0.093,0.333,23.8%,13.5%,9.6%,0.71,<a href=https://npb.jp/bis/eng/teams/index_e.html>Rakuten</a>,PL
Romero Stefen,103,404,356,46,97,19,2,24,192,63,0,0,0,2,108,38,5,8,8,0.272,0.354,0.539,0.893,149,0.267,0.323,42.1%,26.7%,9.4%,0.35,<a href=https://npb.jp/bis/eng/teams/index_e.html>Rakuten</a>,PL
Shimauchi Hiroaki,114,471,406,50,114,17,2,8,159,53,9,1,6,4,71,48,1,7,8,0.281,0.363,0.392,0.755,114,0.111,0.320,27.0%,15.1%,10.2%,0.68,<a href=https://npb.jp/bis/eng/teams/index_e.html>Rakuten</a>,PL
Suzuki Daichi,120,546,478,71,141,27,1,4,182,55,1,3,12,3,58,46,0,7,18,0.295,0.363,0.381,0.744,111,0.086,0.327,19.8%,10.6%,8.4%,0.79,<a href=https://npb.jp/bis/eng/teams/index_e.html>Rakuten</a>,PL
Genda Sosuke,120,518,455,67,123,14,5,1,150,21,18,8,22,2,80,38,0,1,6,0.270,0.327,0.330,0.657,83,0.060,0.324,23.0%,15.4%,7.3%,0.48,<a href=https://npb.jp/bis/eng/teams/index_l.html>Seibu</a>,PL
Kuriyama Takumi,111,428,372,37,101,22,0,12,159,67,0,0,0,2,77,53,2,1,10,0.272,0.362,0.427,0.789,118,0.155,0.312,33.2%,18.0%,12.4%,0.69,<a href=https://npb.jp/bis/eng/teams/index_l.html>Seibu</a>,PL
Mori Tomoya,104,405,358,46,90,15,2,9,136,38,4,2,2,4,67,38,0,3,7,0.251,0.325,0.380,0.705,95,0.129,0.283,28.1%,16.5%,9.4%,0.57,<a href=https://npb.jp/bis/eng/teams/index_l.html>Seibu</a>,PL
Spangenberg Cory,111,445,407,51,109,26,8,15,196,57,12,2,0,2,150,32,0,4,2,0.268,0.326,0.482,0.808,121,0.214,0.385,44.3%,33.7%,7.2%,0.21,<a href=https://npb.jp/bis/eng/teams/index_l.html>Seibu</a>,PL
Tonosaki Shuta,120,500,433,62,107,18,2,8,153,43,21,7,7,2,87,54,1,4,7,0.247,0.335,0.353,0.688,91,0.106,0.291,29.8%,17.4%,10.8%,0.62,<a href=https://npb.jp/bis/eng/teams/index_l.html>Seibu</a>,PL
Yamakawa Hotaka,102,401,322,47,66,7,0,24,145,73,0,0,0,2,100,64,4,13,6,0.205,0.357,0.450,0.807,122,0.245,0.210,46.9%,24.9%,16.0%,0.64,<a href=https://npb.jp/bis/eng/teams/index_l.html>Seibu</a>,PL
Kondoh Kensuke,108,467,371,56,126,31,1,5,174,60,4,0,0,5,72,89,3,2,6,0.340,0.465,0.469,0.934,170,0.129,0.405,35.5%,15.4%,19.1%,1.24,<a href=https://npb.jp/bis/eng/teams/index_f.html>Nipponham</a>,PL
Nakata Sho,119,506,440,52,105,18,0,31,216,108,1,0,0,9,109,55,3,2,19,0.239,0.320,0.491,0.811,130,0.252,0.239,38.5%,21.5%,10.9%,0.50,<a href=https://npb.jp/bis/eng/teams/index_f.html>Nipponham</a>,PL
Nishikawa Haruki,115,523,422,82,129,17,3,5,167,39,42,7,4,3,84,92,1,2,5,0.306,0.430,0.396,0.826,140,0.090,0.369,34.6%,16.1%,17.6%,1.10,<a href=https://npb.jp/bis/eng/teams/index_f.html>Nipponham</a>,PL
Ohta Taishi,115,481,455,57,125,16,1,14,185,68,3,3,0,0,105,25,1,1,11,0.275,0.314,0.407,0.721,106,0.132,0.330,29.9%,21.8%,5.2%,0.24,<a href=https://npb.jp/bis/eng/teams/index_f.html>Nipponham</a>,PL
Watanabe Ryo,117,465,414,49,117,13,4,6,156,39,4,2,5,3,81,43,0,0,9,0.283,0.348,0.377,0.725,108,0.094,0.336,28.0%,17.4%,9.2%,0.53,<a href=https://npb.jp/bis/eng/teams/index_f.html>Nipponham</a>,PL
