Pitcher,G,W,L,SV,HLD,CG,SHO,BF,IP,H,HR,SO,BB,IBB,HB,WP,R,ER,ERA,FIP,kwERA,WHIP,ERA+,FIP-,kwERA-,Diff,HR%,K%,BB%,K-BB%,Team,League
Akiyama Takumi,18,11,3,0,0,2,0,435,112.0,97,17,64,12,1,0,2,45,36,2.89,4.52,3.60,0.97,125,113,97,-1.63,3.9%,14.7%,2.8%,11.9%,<a href=https://npb.jp/bis/eng/teams/index_t.html>Hanshin</a>,CL
Aoyagi Koyo,21,7,9,0,0,1,0,510,120.2,111,4,88,44,3,5,2,51,45,3.36,3.55,3.94,1.28,108,89,106,-0.19,0.8%,17.3%,8.6%,8.7%,<a href=https://npb.jp/bis/eng/teams/index_t.html>Hanshin</a>,CL
Baba Kosuke,32,2,1,0,9,0,0,136,30.1,28,1,27,16,1,1,4,12,7,2.08,3.69,3.99,1.45,174,92,107,-1.61,0.7%,19.9%,11.8%,8.1%,<a href=https://npb.jp/bis/eng/teams/index_t.html>Hanshin</a>,CL
Edwards Jon,23,0,1,0,12,0,0,86,22.2,17,2,17,3,0,2,0,6,6,2.38,3.67,3.17,0.88,152,92,85,-1.29,2.3%,19.8%,3.5%,16.3%,<a href=https://npb.jp/bis/eng/teams/index_t.html>Hanshin</a>,CL
Fujikawa Kyuji,16,1,3,2,1,0,0,65,13.1,16,3,15,9,0,1,1,11,9,6.08,6.29,3.88,1.88,60,157,104,-0.21,4.6%,23.1%,13.8%,9.3%,<a href=https://npb.jp/bis/eng/teams/index_t.html>Hanshin</a>,CL
Fujinami Shintaro,24,1,6,0,7,0,0,341,76.1,71,5,85,40,1,2,4,47,34,4.01,3.64,3.48,1.45,90,91,94,0.37,1.5%,24.9%,11.7%,13.2%,<a href=https://npb.jp/bis/eng/teams/index_t.html>Hanshin</a>,CL
Fukunaga Shungo,1,0,0,0,0,0,0,6,1.0,3,0,1,0,0,0,1,2,2,18.00,1.36,3.13,3.00,20,34,84,16.64,0.0%,16.7%,0.0%,16.7%,<a href=https://npb.jp/bis/eng/teams/index_t.html>Hanshin</a>,CL
Garcia Onelki,14,2,6,0,0,0,0,326,75.1,71,9,51,35,2,1,4,39,37,4.42,5.00,4.31,1.41,82,125,116,-0.58,2.8%,15.6%,10.7%,4.9%,<a href=https://npb.jp/bis/eng/teams/index_t.html>Hanshin</a>,CL
Gunkel Joe,28,2,4,0,11,0,0,232,56.2,54,6,39,13,1,3,0,21,20,3.18,4.21,3.68,1.18,114,105,99,-1.03,2.6%,16.8%,5.6%,11.2%,<a href=https://npb.jp/bis/eng/teams/index_t.html>Hanshin</a>,CL
Hamachi Masumi,1,0,0,0,0,0,0,4,1.0,1,0,0,0,0,0,0,0,0,0.00,3.36,4.80,1.00,999,84,129,-3.36,0.0%,0.0%,0.0%,0.0%,<a href=https://npb.jp/bis/eng/teams/index_t.html>Hanshin</a>,CL
Ishii Masaki,1,0,0,0,0,0,0,7,1.0,2,0,0,2,0,0,0,1,1,9.00,9.36,7.66,4.00,40,234,206,-0.36,0.0%,0.0%,28.6%,-28.6%,<a href=https://npb.jp/bis/eng/teams/index_t.html>Hanshin</a>,CL
Itoh Kazuo,15,1,1,0,1,0,0,74,15.1,8,0,15,20,3,0,1,7,6,3.52,5.32,5.48,1.83,103,133,147,-1.80,0.0%,20.3%,27.0%,-6.7%,<a href=https://npb.jp/bis/eng/teams/index_t.html>Hanshin</a>,CL
Iwasada Yuta,38,7,3,0,8,0,0,298,71.0,67,7,63,23,1,0,3,32,26,3.30,3.84,3.46,1.27,110,96,93,-0.54,2.3%,21.1%,7.7%,13.4%,<a href=https://npb.jp/bis/eng/teams/index_t.html>Hanshin</a>,CL
Iwata Minoru,5,1,2,0,0,0,0,107,22.2,26,1,15,15,1,2,0,16,16,6.35,4.86,4.80,1.81,57,121,129,1.49,0.9%,14.0%,14.0%,0.0%,<a href=https://npb.jp/bis/eng/teams/index_t.html>Hanshin</a>,CL
Iwazaki Suguru,41,5,2,2,17,0,0,163,39.2,26,2,37,15,1,2,3,9,8,1.82,3.44,3.45,1.03,199,86,93,-1.62,1.2%,22.7%,9.2%,13.5%,<a href=https://npb.jp/bis/eng/teams/index_t.html>Hanshin</a>,CL
Kobayashi Keisuke,2,0,0,0,0,0,0,14,3.0,3,0,5,2,1,0,0,0,0,0.00,2.03,2.66,1.67,999,51,72,-2.03,0.0%,35.7%,14.3%,21.4%,<a href=https://npb.jp/bis/eng/teams/index_t.html>Hanshin</a>,CL
Kuwahara Kentaro,12,0,0,0,2,0,0,43,10.1,7,2,8,4,0,0,1,4,4,3.48,5.49,3.87,1.06,104,137,104,-2.01,4.7%,18.6%,9.3%,9.3%,<a href=https://npb.jp/bis/eng/teams/index_t.html>Hanshin</a>,CL
Mochizuki Atsushi,16,0,0,0,0,0,0,81,19.0,18,2,18,8,0,0,3,11,11,5.21,4.10,3.57,1.37,69,102,96,1.11,2.5%,22.2%,9.9%,12.3%,<a href=https://npb.jp/bis/eng/teams/index_t.html>Hanshin</a>,CL
Moriya Kouki,3,0,0,0,0,0,0,23,4.0,6,1,3,4,0,2,0,5,5,11.25,9.61,5.23,2.50,32,240,141,1.64,4.3%,13.0%,17.4%,-4.4%,<a href=https://npb.jp/bis/eng/teams/index_t.html>Hanshin</a>,CL
Nakata Kenichi,3,0,2,0,0,0,0,53,10.2,18,0,11,5,0,0,0,9,9,7.59,2.71,3.67,2.16,48,68,99,4.88,0.0%,20.8%,9.4%,11.4%,<a href=https://npb.jp/bis/eng/teams/index_t.html>Hanshin</a>,CL
Nishi Yuki,21,11,5,0,0,4,2,582,147.2,116,15,115,28,2,4,1,44,37,2.26,3.78,3.31,0.98,160,94,89,-1.52,2.6%,19.8%,4.8%,15.0%,<a href=https://npb.jp/bis/eng/teams/index_t.html>Hanshin</a>,CL
Nohmi Atsushi,34,1,0,1,4,0,0,109,24.2,25,6,19,12,0,1,1,14,13,4.74,6.57,4.16,1.50,76,164,112,-1.83,5.5%,17.4%,11.0%,6.4%,<a href=https://npb.jp/bis/eng/teams/index_t.html>Hanshin</a>,CL
Ogawa Ippei,21,0,0,0,0,0,0,101,21.0,28,1,18,13,2,0,5,15,11,4.71,4.13,4.30,1.95,77,103,116,0.58,1.0%,17.8%,12.9%,4.9%,<a href=https://npb.jp/bis/eng/teams/index_t.html>Hanshin</a>,CL
Onaka Yuya,4,0,0,0,0,0,0,21,4.1,6,0,2,2,0,0,0,3,3,6.23,3.83,4.80,1.85,58,96,129,2.40,0.0%,9.5%,9.5%,0.0%,<a href=https://npb.jp/bis/eng/teams/index_t.html>Hanshin</a>,CL
Saitoh Yukiya,5,0,0,0,0,0,0,35,7.0,9,1,11,5,0,0,3,6,6,7.71,4.22,3.09,2.00,47,105,83,3.49,2.9%,31.4%,14.3%,17.1%,<a href=https://npb.jp/bis/eng/teams/index_t.html>Hanshin</a>,CL
Suarez Robert,51,3,1,25,8,0,0,208,52.1,36,2,50,19,4,0,2,15,13,2.24,3.04,3.31,1.05,162,76,89,-0.80,1.0%,24.0%,9.1%,14.9%,<a href=https://npb.jp/bis/eng/teams/index_t.html>Hanshin</a>,CL
Takahashi Haruto,12,5,4,0,0,1,0,306,76.0,67,4,75,17,1,1,1,25,21,2.49,2.79,2.90,1.11,145,70,78,-0.30,1.3%,24.5%,5.6%,18.9%,<a href=https://npb.jp/bis/eng/teams/index_t.html>Hanshin</a>,CL
Tanigawa Masaki,14,0,0,0,0,0,0,61,14.1,13,2,15,4,1,2,1,8,8,5.02,4.34,3.00,1.19,72,108,81,0.68,3.3%,24.6%,6.6%,18.0%,<a href=https://npb.jp/bis/eng/teams/index_t.html>Hanshin</a>,CL
Yokoyama Yuya,1,0,0,0,0,0,0,6,1.0,2,1,0,1,0,0,0,2,2,18.00,19.36,6.47,3.00,20,484,174,-1.36,16.7%,0.0%,16.7%,-16.7%,<a href=https://npb.jp/bis/eng/teams/index_t.html>Hanshin</a>,CL
Endoh Atsushi,19,5,6,0,0,2,0,464,107.0,90,13,97,52,2,4,2,53,46,3.87,4.70,3.83,1.33,97,113,103,-0.83,2.8%,20.9%,11.2%,9.7%,<a href=https://npb.jp/bis/eng/teams/index_c.html>Hiroshima</a>,CL
Franzua Geronimo,53,2,3,19,7,0,0,217,55.0,39,7,62,17,2,1,1,18,15,2.45,3.75,2.73,1.02,154,90,73,-1.30,3.2%,28.6%,7.8%,20.8%,<a href=https://npb.jp/bis/eng/teams/index_c.html>Hiroshima</a>,CL
Fujii Reira,3,0,0,0,0,0,0,14,3.0,4,0,4,1,0,0,0,2,2,6.00,1.70,2.66,1.67,63,41,72,4.30,0.0%,28.6%,7.1%,21.5%,<a href=https://npb.jp/bis/eng/teams/index_c.html>Hiroshima</a>,CL
Horie Atsuya,52,3,4,0,19,0,0,224,49.2,50,7,41,31,6,1,4,26,23,4.17,5.48,4.35,1.63,90,131,117,-1.31,3.1%,18.3%,13.8%,4.5%,<a href=https://npb.jp/bis/eng/teams/index_c.html>Hiroshima</a>,CL
Ichioka Ryuji,19,0,1,1,2,0,0,81,17.1,25,2,14,5,0,1,0,12,12,6.23,4.29,3.69,1.73,61,103,99,1.94,2.5%,17.3%,6.2%,11.1%,<a href=https://npb.jp/bis/eng/teams/index_c.html>Hiroshima</a>,CL
Imamura Takeru,6,0,0,0,1,0,0,25,4.1,10,0,1,2,0,0,1,6,6,12.46,4.29,5.20,2.77,30,103,140,8.17,0.0%,4.0%,8.0%,-4.0%,<a href=https://npb.jp/bis/eng/teams/index_c.html>Hiroshima</a>,CL
Johnson DJ,14,0,0,0,1,0,0,69,13.2,19,0,13,8,1,1,3,10,7,4.61,3.44,4.08,1.98,82,82,110,1.17,0.0%,18.8%,11.6%,7.2%,<a href=https://npb.jp/bis/eng/teams/index_c.html>Hiroshima</a>,CL
Johnson Kris,10,0,7,0,0,0,0,237,51.2,60,3,35,25,0,1,5,38,35,6.10,4.27,4.38,1.65,62,102,118,1.83,1.3%,14.8%,10.5%,4.3%,<a href=https://npb.jp/bis/eng/teams/index_c.html>Hiroshima</a>,CL
Kemna Makoto,41,1,1,0,11,0,0,212,51.0,37,3,55,23,1,1,3,22,22,3.88,3.38,3.29,1.18,97,81,88,0.50,1.4%,25.9%,10.8%,15.1%,<a href=https://npb.jp/bis/eng/teams/index_c.html>Hiroshima</a>,CL
Kikuchi Yasunori,44,1,0,1,4,0,0,189,42.0,41,6,53,19,0,3,3,24,21,4.50,4.27,3.00,1.43,84,102,81,0.23,3.2%,28.0%,10.1%,17.9%,<a href=https://npb.jp/bis/eng/teams/index_c.html>Hiroshima</a>,CL
Kuri Aren,20,8,6,0,0,2,1,544,130.2,116,11,106,44,0,0,4,46,43,2.96,3.85,3.66,1.22,127,92,98,-0.89,2.0%,19.5%,8.1%,11.4%,<a href=https://npb.jp/bis/eng/teams/index_c.html>Hiroshima</a>,CL
Montilla Emailin,1,0,0,0,0,0,0,6,1.0,3,0,0,0,0,0,0,2,2,18.00,3.36,4.80,3.00,21,80,129,14.64,0.0%,0.0%,0.0%,0.0%,<a href=https://npb.jp/bis/eng/teams/index_c.html>Hiroshima</a>,CL
Morishita Masato,18,10,3,0,0,2,1,485,122.2,102,6,124,32,0,4,2,30,26,1.91,2.86,2.90,1.09,198,69,78,-0.95,1.2%,25.6%,6.6%,19.0%,<a href=https://npb.jp/bis/eng/teams/index_c.html>Hiroshima</a>,CL
Nakamura Kyohei,14,0,0,0,1,0,0,44,9.1,7,0,4,8,0,1,0,1,1,0.96,5.40,5.71,1.61,393,129,153,-4.44,0.0%,9.1%,18.2%,-9.1%,<a href=https://npb.jp/bis/eng/teams/index_c.html>Hiroshima</a>,CL
Nakamura Yuta,8,3,4,0,0,0,0,191,46.2,42,8,37,11,0,2,1,12,12,2.31,4.84,3.44,1.14,163,116,92,-2.53,4.2%,19.4%,5.8%,13.6%,<a href=https://npb.jp/bis/eng/teams/index_c.html>Hiroshima</a>,CL
Nakata Ren,32,0,1,0,4,0,0,116,27.1,28,6,22,8,0,0,0,13,13,4.28,5.49,3.59,1.32,88,132,97,-1.21,5.2%,19.0%,6.9%,12.1%,<a href=https://npb.jp/bis/eng/teams/index_c.html>Hiroshima</a>,CL
Nakazaki Shota,6,1,0,0,0,0,0,25,5.0,8,3,3,3,0,0,0,5,5,9.00,11.76,4.80,2.20,42,282,129,-2.76,12.0%,12.0%,12.0%,0.0%,<a href=https://npb.jp/bis/eng/teams/index_c.html>Hiroshima</a>,CL
Nomura Yusuke,13,6,3,0,0,0,0,309,70.2,81,9,35,22,1,3,0,36,36,4.58,5.09,4.38,1.46,82,122,118,-0.51,2.9%,11.3%,7.1%,4.2%,<a href=https://npb.jp/bis/eng/teams/index_c.html>Hiroshima</a>,CL
Ohsera Daichi,11,5,4,0,0,2,0,272,63.1,70,6,38,14,1,1,0,33,31,4.41,4.11,3.92,1.33,86,98,105,0.30,2.2%,14.0%,5.1%,8.9%,<a href=https://npb.jp/bis/eng/teams/index_c.html>Hiroshima</a>,CL
Scott Tayler,7,0,3,0,0,0,0,49,8.0,17,1,7,8,1,1,0,14,14,15.75,6.61,5.00,3.12,24,158,134,9.14,2.0%,14.3%,16.3%,-2.0%,<a href=https://npb.jp/bis/eng/teams/index_c.html>Hiroshima</a>,CL
Shimauchi Sotaro,38,1,0,0,4,0,0,166,37.2,29,1,48,28,2,1,1,23,19,4.54,3.47,3.60,1.51,83,83,97,1.07,0.6%,28.9%,16.9%,12.0%,<a href=https://npb.jp/bis/eng/teams/index_c.html>Hiroshima</a>,CL
Takahashi Mikiya,18,0,0,0,0,0,0,94,18.2,31,3,15,8,0,1,1,18,17,8.20,5.29,4.06,2.09,46,127,109,2.91,3.2%,16.0%,8.5%,7.5%,<a href=https://npb.jp/bis/eng/teams/index_c.html>Hiroshima</a>,CL
Tanaka Norihiko,2,0,0,0,0,0,0,8,2.0,1,0,0,1,0,0,0,0,0,0.00,4.86,6.05,1.00,999,116,163,-4.86,0.0%,0.0%,12.5%,-12.5%,<a href=https://npb.jp/bis/eng/teams/index_c.html>Hiroshima</a>,CL
Tokoda Hiroki,15,5,8,0,0,0,0,343,76.2,101,10,56,23,0,0,1,51,42,4.93,4.50,3.84,1.62,77,108,103,0.43,2.9%,16.3%,6.7%,9.6%,<a href=https://npb.jp/bis/eng/teams/index_c.html>Hiroshima</a>,CL
Yabuta Kazuki,28,1,2,0,2,0,0,213,47.0,44,5,33,31,2,0,6,25,24,4.60,5.32,4.71,1.60,82,127,127,-0.72,2.3%,15.5%,14.6%,0.9%,<a href=https://npb.jp/bis/eng/teams/index_c.html>Hiroshima</a>,CL
Yasaki Takuya,6,0,0,0,0,0,0,39,7.2,11,3,10,5,0,1,2,9,8,9.39,8.19,3.52,2.09,40,196,95,1.20,7.7%,25.6%,12.8%,12.8%,<a href=https://npb.jp/bis/eng/teams/index_c.html>Hiroshima</a>,CL
Escobar Edwin,56,1,4,0,17,0,0,217,54.0,39,3,58,17,2,4,0,15,14,2.33,3.10,2.91,1.04,171,70,78,-0.77,1.4%,26.7%,7.8%,18.9%,<a href=https://npb.jp/bis/eng/teams/index_db.html>DeNA</a>,CL
Fujioka Yoshiaki,4,0,0,0,1,0,0,12,1.2,4,0,3,3,0,0,0,4,4,21.60,5.16,4.80,4.20,18,117,129,16.44,0.0%,25.0%,25.0%,0.0%,<a href=https://npb.jp/bis/eng/teams/index_db.html>DeNA</a>,CL
Hamaguchi Haruhiro,16,6,5,0,0,0,0,363,78.1,84,8,67,47,1,3,4,43,40,4.60,4.90,4.25,1.67,87,111,114,-0.30,2.2%,18.5%,12.9%,5.6%,<a href=https://npb.jp/bis/eng/teams/index_db.html>DeNA</a>,CL
Hirata Shingo,43,1,1,0,11,0,0,195,44.1,38,2,46,25,3,2,3,16,14,2.84,3.70,3.72,1.42,140,84,100,-0.86,1.0%,23.6%,12.8%,10.8%,<a href=https://npb.jp/bis/eng/teams/index_db.html>DeNA</a>,CL
Imanaga Shota,9,5,3,0,0,0,0,224,53.0,47,2,63,17,1,1,2,24,19,3.23,2.50,2.75,1.21,123,57,74,0.73,0.9%,28.1%,7.6%,20.5%,<a href=https://npb.jp/bis/eng/teams/index_db.html>DeNA</a>,CL
Inoh Shoichi,17,6,7,0,0,1,0,384,89.0,98,10,69,26,7,1,2,41,39,3.94,4.18,3.68,1.39,101,95,99,-0.24,2.6%,18.0%,6.8%,11.2%,<a href=https://npb.jp/bis/eng/teams/index_db.html>DeNA</a>,CL
Ise Hiromu,33,3,1,0,4,0,0,143,35.0,28,2,39,12,1,2,0,9,7,1.80,3.08,2.91,1.14,221,70,78,-1.28,1.4%,27.3%,8.4%,18.9%,<a href=https://npb.jp/bis/eng/teams/index_db.html>DeNA</a>,CL
Ishida Kenta,50,1,4,0,25,0,0,176,42.2,32,1,46,14,5,1,3,15,12,2.53,2.57,2.98,1.08,157,58,80,-0.04,0.6%,26.1%,8.0%,18.1%,<a href=https://npb.jp/bis/eng/teams/index_db.html>DeNA</a>,CL
Kamichatani Taiga,11,2,3,0,0,1,1,247,59.0,57,8,50,20,2,2,4,29,27,4.12,4.55,3.59,1.31,97,103,97,-0.43,3.2%,20.2%,8.1%,12.1%,<a href=https://npb.jp/bis/eng/teams/index_db.html>DeNA</a>,CL
Kasai Takamasa,1,0,0,0,0,0,0,7,1.0,2,0,1,2,1,0,0,2,2,18.00,7.36,6.23,4.00,22,167,167,10.64,0.0%,14.3%,28.6%,-14.3%,<a href=https://npb.jp/bis/eng/teams/index_db.html>DeNA</a>,CL
Kuniyoshi Yuki,42,3,4,0,10,0,0,191,46.0,36,5,51,22,2,4,1,18,16,3.13,4.26,3.28,1.26,127,97,88,-1.13,2.6%,26.7%,11.5%,15.2%,<a href=https://npb.jp/bis/eng/teams/index_db.html>DeNA</a>,CL
Kyoyama Masaya,6,2,1,0,0,0,0,127,29.0,29,4,25,11,1,1,0,15,15,4.66,4.67,3.70,1.38,86,106,99,-0.01,3.1%,19.7%,8.7%,11.0%,<a href=https://npb.jp/bis/eng/teams/index_db.html>DeNA</a>,CL
Mikami Tomoya,10,0,0,0,0,0,0,55,13.0,13,0,7,6,1,1,1,4,4,2.77,3.90,4.62,1.46,144,88,124,-1.13,0.0%,12.7%,10.9%,1.8%,<a href=https://npb.jp/bis/eng/teams/index_db.html>DeNA</a>,CL
Mishima Kazuki,48,3,1,18,5,0,0,180,47.2,30,1,46,13,3,1,1,13,13,2.45,2.59,2.97,0.90,163,59,80,-0.14,0.6%,25.6%,7.2%,18.4%,<a href=https://npb.jp/bis/eng/teams/index_db.html>DeNA</a>,CL
Mutoh Yuta,21,0,1,0,0,0,0,154,31.1,42,3,22,18,6,1,1,29,26,7.47,5.02,4.54,1.91,53,114,122,2.45,1.9%,14.3%,11.7%,2.6%,<a href=https://npb.jp/bis/eng/teams/index_db.html>DeNA</a>,CL
Nakagawa Koh,3,0,1,0,0,0,0,27,6.1,6,2,3,4,0,0,0,5,5,7.11,8.42,5.17,1.58,56,191,139,-1.31,7.4%,11.1%,14.8%,-3.7%,<a href=https://npb.jp/bis/eng/teams/index_db.html>DeNA</a>,CL
Ohnuki Shinichi,19,10,6,0,0,1,0,452,113.2,96,13,81,29,4,3,0,34,32,2.53,4.27,3.65,1.10,157,97,98,-1.74,2.9%,17.9%,6.4%,11.5%,<a href=https://npb.jp/bis/eng/teams/index_db.html>DeNA</a>,CL
Patton Spencer,57,3,2,0,19,0,0,231,53.0,52,6,65,27,3,2,0,31,29,4.92,4.02,3.15,1.49,81,91,85,0.90,2.6%,28.1%,11.7%,16.4%,<a href=https://npb.jp/bis/eng/teams/index_db.html>DeNA</a>,CL
Peoples Michael,10,2,2,0,0,0,0,166,38.0,40,6,29,13,3,2,0,22,21,4.97,5.07,3.84,1.39,80,115,103,-0.10,3.6%,17.5%,7.8%,9.7%,<a href=https://npb.jp/bis/eng/teams/index_db.html>DeNA</a>,CL
Sakaguchi Kousuke,3,0,2,0,0,0,0,62,12.0,22,2,10,7,1,0,1,10,10,7.50,5.61,4.32,2.42,53,127,116,1.89,3.2%,16.1%,11.3%,4.8%,<a href=https://npb.jp/bis/eng/teams/index_db.html>DeNA</a>,CL
Sakamoto Yuya,10,4,1,0,0,0,0,200,46.0,48,10,29,17,3,3,1,30,29,5.67,6.23,4.20,1.41,70,141,113,-0.56,5.0%,14.5%,8.5%,6.0%,<a href=https://npb.jp/bis/eng/teams/index_db.html>DeNA</a>,CL
Sakurai Shuto,3,0,0,0,0,0,0,35,7.1,12,0,4,3,0,0,1,6,6,7.36,3.50,4.51,2.05,54,79,121,3.86,0.0%,11.4%,8.6%,2.8%,<a href=https://npb.jp/bis/eng/teams/index_db.html>DeNA</a>,CL
Shindoh Takuya,5,0,0,0,0,0,0,24,5.1,5,1,8,3,0,0,0,3,3,5.06,4.49,2.72,1.50,79,102,73,0.57,4.2%,33.3%,12.5%,20.8%,<a href=https://npb.jp/bis/eng/teams/index_db.html>DeNA</a>,CL
Sunada Yoshiki,17,0,0,0,4,0,0,68,17.0,10,2,14,5,1,2,0,6,5,2.65,4.48,3.48,0.88,150,102,94,-1.83,2.9%,20.6%,7.4%,13.2%,<a href=https://npb.jp/bis/eng/teams/index_db.html>DeNA</a>,CL
Taira Kentaro,14,4,6,0,0,1,0,335,83.1,75,3,65,17,2,2,0,24,21,2.27,2.96,3.37,1.10,176,67,91,-0.69,0.9%,19.4%,5.1%,14.3%,<a href=https://npb.jp/bis/eng/teams/index_db.html>DeNA</a>,CL
Yamasaki Yasuaki,40,0,3,6,8,0,0,176,38.0,52,4,31,14,2,0,1,26,24,5.68,4.21,3.83,1.74,70,95,103,1.47,2.3%,17.6%,8.0%,9.6%,<a href=https://npb.jp/bis/eng/teams/index_db.html>DeNA</a>,CL
De La Rosa Rubby,35,2,0,17,5,0,0,132,31.2,23,3,28,16,0,3,1,9,9,2.56,4.63,3.89,1.23,154,106,105,-2.07,2.3%,21.2%,12.1%,9.1%,<a href=https://npb.jp/bis/eng/teams/index_g.html>Yomiuri</a>,CL
Diplan Nattino,2,0,0,0,0,0,0,16,2.1,7,3,2,2,0,1,1,5,5,19.29,22.22,4.80,3.86,20,509,129,-2.93,18.8%,12.5%,12.5%,0.0%,<a href=https://npb.jp/bis/eng/teams/index_g.html>Yomiuri</a>,CL
Fujioka Takahiro,12,0,0,0,0,0,0,39,8.2,7,1,6,6,1,1,1,3,3,3.12,5.90,4.80,1.50,126,135,129,-2.78,2.6%,15.4%,15.4%,0.0%,<a href=https://npb.jp/bis/eng/teams/index_g.html>Yomiuri</a>,CL
Furukawa Yuri,5,0,0,0,0,0,0,26,4.2,12,1,4,1,1,0,1,6,6,11.57,5.08,3.65,2.79,34,116,98,6.49,3.8%,15.4%,3.8%,11.6%,<a href=https://npb.jp/bis/eng/teams/index_g.html>Yomiuri</a>,CL
Hatake Seishu,12,4,4,0,0,1,1,265,65.2,47,5,49,23,0,4,1,22,21,2.88,4.09,3.82,1.07,137,94,103,-1.21,1.9%,18.5%,8.7%,9.8%,<a href=https://npb.jp/bis/eng/teams/index_g.html>Yomiuri</a>,CL
Horioka Hayato,12,0,0,0,1,0,0,62,12.2,16,2,11,8,0,0,0,13,11,7.82,5.57,4.32,1.89,50,128,116,2.25,3.2%,17.7%,12.9%,4.8%,<a href=https://npb.jp/bis/eng/teams/index_g.html>Yomiuri</a>,CL
Imamura Nobutaka,12,5,2,0,0,0,0,260,62.2,53,8,55,21,0,2,0,23,22,3.16,4.37,3.49,1.18,125,100,94,-1.21,3.1%,21.2%,8.1%,13.1%,<a href=https://npb.jp/bis/eng/teams/index_g.html>Yomiuri</a>,CL
Kagiya Yohei,46,3,1,0,13,0,0,148,37.1,25,2,40,13,1,1,0,12,12,2.89,3.04,2.98,1.02,137,70,80,-0.15,1.4%,27.0%,8.8%,18.2%,<a href=https://npb.jp/bis/eng/teams/index_g.html>Yomiuri</a>,CL
Kuwahara Takuya,5,1,0,0,0,0,0,32,7.0,6,0,6,5,0,1,0,5,5,6.43,4.22,4.49,1.57,61,97,121,2.21,0.0%,18.8%,15.6%,3.2%,<a href=https://npb.jp/bis/eng/teams/index_g.html>Yomiuri</a>,CL
Masuda Daiki,1,0,0,0,0,0,0,3,0.2,0,0,0,1,0,0,0,0,0,0.00,7.86,8.13,1.50,999,180,219,-7.86,0.0%,0.0%,33.3%,-33.3%,<a href=https://npb.jp/bis/eng/teams/index_g.html>Yomiuri</a>,CL
Mercedes CC,11,4,4,0,0,0,0,243,58.0,53,5,45,19,2,2,0,20,20,3.10,4.02,3.73,1.24,127,92,100,-0.92,2.1%,18.5%,7.8%,10.7%,<a href=https://npb.jp/bis/eng/teams/index_g.html>Yomiuri</a>,CL
Miyaguni Ryosuke,21,0,0,0,0,0,0,109,25.1,27,5,22,8,1,0,1,15,15,5.33,5.14,3.52,1.38,74,118,95,0.19,4.6%,20.2%,7.3%,12.9%,<a href=https://npb.jp/bis/eng/teams/index_g.html>Yomiuri</a>,CL
Nakagawa Kota,37,2,1,6,15,0,0,139,36.0,24,1,26,10,3,1,0,4,4,1.00,3.20,3.65,0.94,395,73,98,-2.20,0.7%,18.7%,7.2%,11.5%,<a href=https://npb.jp/bis/eng/teams/index_g.html>Yomiuri</a>,CL
Naoe Daisuke,3,0,0,0,0,0,0,49,12.0,10,2,11,3,0,1,0,4,4,3.00,4.70,3.17,1.08,132,108,85,-1.70,4.1%,22.4%,6.1%,16.3%,<a href=https://npb.jp/bis/eng/teams/index_g.html>Yomiuri</a>,CL
Numata Shohei,5,0,0,0,0,0,0,23,4.1,6,1,3,4,0,0,1,5,5,10.38,7.75,5.23,2.31,38,178,141,2.63,4.3%,13.0%,17.4%,-4.4%,<a href=https://npb.jp/bis/eng/teams/index_g.html>Yomiuri</a>,CL
Ohe Ryusei,43,3,0,0,9,0,0,156,37.2,21,5,30,22,1,5,0,15,13,3.11,5.65,4.29,1.14,127,129,115,-2.54,3.2%,19.2%,14.1%,5.1%,<a href=https://npb.jp/bis/eng/teams/index_g.html>Yomiuri</a>,CL
Ohtake Kan,29,1,2,0,16,0,0,100,24.1,20,3,16,9,0,1,0,9,7,2.59,4.88,4.10,1.19,152,112,110,-2.29,3.0%,16.0%,9.0%,7.0%,<a href=https://npb.jp/bis/eng/teams/index_g.html>Yomiuri</a>,CL
Sakurai Toshiki,24,2,4,0,4,0,0,281,63.2,68,15,43,21,1,5,0,37,35,4.95,6.30,4.02,1.40,80,144,108,-1.35,5.3%,15.3%,7.5%,7.8%,<a href=https://npb.jp/bis/eng/teams/index_g.html>Yomiuri</a>,CL
Sanchez Angel,15,8,4,0,0,0,0,363,87.2,74,8,59,34,1,0,0,35,30,3.08,4.37,4.11,1.23,128,100,110,-1.29,2.2%,16.3%,9.4%,6.9%,<a href=https://npb.jp/bis/eng/teams/index_g.html>Yomiuri</a>,CL
Sawamura Hirokazu,13,1,1,0,1,0,0,64,13.1,14,1,11,8,0,2,0,9,9,6.08,4.94,4.33,1.65,65,113,116,1.14,1.6%,17.2%,12.5%,4.7%,<a href=https://npb.jp/bis/eng/teams/index_g.html>Yomiuri</a>,CL
Sugano Tomoyuki,20,14,2,0,0,3,3,532,137.1,97,8,131,25,0,7,2,33,30,1.97,2.91,2.81,0.89,200,67,76,-0.94,1.5%,24.6%,4.7%,19.9%,<a href=https://npb.jp/bis/eng/teams/index_g.html>Yomiuri</a>,CL
Taguchi Kazuto,26,5,7,1,2,0,0,379,89.1,91,10,58,26,2,5,2,48,46,4.63,4.56,3.96,1.31,85,104,106,0.07,2.6%,15.3%,6.9%,8.4%,<a href=https://npb.jp/bis/eng/teams/index_g.html>Yomiuri</a>,CL
Takagi Kyosuke,17,0,1,1,4,0,0,49,12.1,11,1,12,2,0,0,2,5,5,3.65,2.96,2.76,1.05,108,68,74,0.69,2.0%,24.5%,4.1%,20.4%,<a href=https://npb.jp/bis/eng/teams/index_g.html>Yomiuri</a>,CL
Takahashi Yuki,8,1,3,0,2,0,0,101,23.0,22,2,23,12,0,0,3,12,11,4.30,4.06,3.71,1.48,92,93,100,0.24,2.0%,22.8%,11.9%,10.9%,<a href=https://npb.jp/bis/eng/teams/index_g.html>Yomiuri</a>,CL
Takanashi Yuhei,44,1,1,2,21,0,0,141,37.1,17,2,37,13,0,6,1,10,8,1.93,3.61,3.10,0.80,204,83,83,-1.68,1.4%,26.2%,9.2%,17.0%,<a href=https://npb.jp/bis/eng/teams/index_g.html>Yomiuri</a>,CL
Tanaka Toyoki,31,1,1,0,1,0,0,133,27.2,32,4,21,18,1,3,0,19,15,4.88,6.00,4.57,1.81,81,137,123,-1.12,3.0%,15.8%,13.5%,2.3%,<a href=https://npb.jp/bis/eng/teams/index_g.html>Yomiuri</a>,CL
Togo Shosei,19,9,6,0,0,0,0,446,107.2,87,12,106,42,0,6,1,33,33,2.76,4.18,3.37,1.20,143,96,91,-1.42,2.7%,23.8%,9.4%,14.4%,<a href=https://npb.jp/bis/eng/teams/index_g.html>Yomiuri</a>,CL
Vieira Thyago,27,0,1,0,2,0,0,118,24.2,27,3,29,17,1,2,1,9,9,3.28,4.90,3.78,1.78,120,112,102,-1.62,2.5%,24.6%,14.4%,10.2%,<a href=https://npb.jp/bis/eng/teams/index_g.html>Yomiuri</a>,CL
Yokogawa Kai,2,0,0,0,0,0,0,20,5.2,4,1,2,1,0,0,0,1,1,1.59,5.48,4.30,0.88,248,126,116,-3.89,5.0%,10.0%,5.0%,5.0%,<a href=https://npb.jp/bis/eng/teams/index_g.html>Yomiuri</a>,CL
Hara Juri,5,2,2,0,1,0,0,88,17.1,20,6,14,13,0,1,0,16,10,5.19,8.67,4.69,1.90,80,189,126,-3.48,6.8%,15.9%,14.8%,1.1%,<a href=https://npb.jp/bis/eng/teams/index_s.html>Yakult</a>,CL
Hasegawa Hiroki,44,1,2,0,7,0,0,196,43.1,50,3,45,23,0,0,2,29,28,5.82,3.78,3.68,1.68,71,83,99,2.04,1.5%,23.0%,11.7%,11.3%,<a href=https://npb.jp/bis/eng/teams/index_s.html>Yakult</a>,CL
Hoshi Tomoya,36,0,1,0,3,0,0,216,48.0,57,7,40,24,0,1,2,28,28,5.25,5.16,4.06,1.69,79,113,109,0.09,3.2%,18.5%,11.1%,7.4%,<a href=https://npb.jp/bis/eng/teams/index_s.html>Yakult</a>,CL
Igarashi Ryota,1,0,0,0,0,0,0,1,0.1,0,0,0,0,0,0,0,0,0,0.00,3.36,4.80,0.00,999,73,129,-3.36,0.0%,0.0%,0.0%,0.0%,<a href=https://npb.jp/bis/eng/teams/index_s.html>Yakult</a>,CL
Ishikawa Masanori,15,2,8,0,0,0,0,331,76.1,85,7,41,19,2,2,2,40,38,4.48,4.31,4.14,1.36,92,94,111,0.17,2.1%,12.4%,5.7%,6.7%,<a href=https://npb.jp/bis/eng/teams/index_s.html>Yakult</a>,CL
Ishiyama Taichi,44,3,2,20,4,0,0,186,44.2,42,2,58,11,2,1,2,10,10,2.01,2.16,2.27,1.19,206,47,61,-0.15,1.1%,31.2%,5.9%,25.3%,<a href=https://npb.jp/bis/eng/teams/index_s.html>Yakult</a>,CL
Kanakubo Yuto,3,0,0,0,0,0,0,44,10.0,10,0,10,5,0,0,0,6,6,5.40,2.86,3.66,1.50,77,62,98,2.54,0.0%,22.7%,11.4%,11.3%,<a href=https://npb.jp/bis/eng/teams/index_s.html>Yakult</a>,CL
Kazahari Ren,11,0,0,0,0,0,0,75,14.2,22,2,11,9,0,1,2,13,13,7.98,5.68,4.53,2.11,52,124,122,2.30,2.7%,14.7%,12.0%,2.7%,<a href=https://npb.jp/bis/eng/teams/index_s.html>Yakult</a>,CL
Koch Matt,7,0,3,0,0,0,0,82,16.0,29,2,6,3,0,1,0,19,14,7.88,4.99,4.43,2.00,53,109,119,2.89,2.4%,7.3%,3.7%,3.6%,<a href=https://npb.jp/bis/eng/teams/index_s.html>Yakult</a>,CL
Kondoh Kazuki,20,0,1,1,2,0,0,81,19.0,21,4,11,6,0,0,0,13,10,4.74,5.89,4.18,1.42,87,129,112,-1.15,4.9%,13.6%,7.4%,6.2%,<a href=https://npb.jp/bis/eng/teams/index_s.html>Yakult</a>,CL
Konno Ryuta,20,0,1,0,0,0,0,113,25.1,23,1,36,13,2,0,4,10,8,2.84,2.57,2.76,1.42,146,56,74,0.27,0.9%,31.9%,11.5%,20.4%,<a href=https://npb.jp/bis/eng/teams/index_s.html>Yakult</a>,CL
Kubo Takuma,10,0,1,0,0,0,0,61,13.2,15,1,15,5,0,1,0,9,9,5.93,3.44,3.16,1.46,70,75,85,2.49,1.6%,24.6%,8.2%,16.4%,<a href=https://npb.jp/bis/eng/teams/index_s.html>Yakult</a>,CL
McGough Scott,50,4,1,0,23,0,0,195,46.0,42,4,52,15,1,3,2,20,20,3.91,3.41,2.90,1.24,106,74,78,0.50,2.1%,26.7%,7.7%,19.0%,<a href=https://npb.jp/bis/eng/teams/index_s.html>Yakult</a>,CL
Nakao Hikaru,5,0,0,0,0,0,0,41,9.0,9,3,6,5,0,0,0,5,5,5.00,8.03,4.56,1.56,83,175,123,-3.03,7.3%,14.6%,12.2%,2.4%,<a href=https://npb.jp/bis/eng/teams/index_s.html>Yakult</a>,CL
Nakazawa Masato,28,1,1,0,3,0,0,119,25.2,32,6,19,9,2,1,0,21,21,7.36,6.09,3.96,1.60,56,133,106,1.27,5.0%,16.0%,7.6%,8.4%,<a href=https://npb.jp/bis/eng/teams/index_s.html>Yakult</a>,CL
Ogawa Yasuhiro,20,10,8,0,0,1,1,515,119.0,132,20,83,29,1,2,2,64,61,4.61,4.94,3.75,1.35,90,108,101,-0.33,3.9%,16.1%,5.6%,10.5%,<a href=https://npb.jp/bis/eng/teams/index_s.html>Yakult</a>,CL
Ohnishi Hiroki,5,0,1,0,0,0,0,44,9.0,14,1,6,5,0,0,0,5,5,5.00,5.14,4.57,2.11,83,112,123,-0.14,2.3%,13.6%,11.4%,2.2%,<a href=https://npb.jp/bis/eng/teams/index_s.html>Yakult</a>,CL
Ohshita Yuma,13,0,1,0,0,0,0,72,16.1,20,2,10,3,1,0,1,11,10,5.51,4.28,3.83,1.41,75,93,103,1.23,2.8%,13.9%,4.2%,9.7%,<a href=https://npb.jp/bis/eng/teams/index_s.html>Yakult</a>,CL
Okugawa Yasunobu,1,0,1,0,0,0,0,15,2.0,9,1,2,0,0,0,0,5,5,22.50,7.86,3.47,4.50,18,172,93,14.64,6.7%,13.3%,0.0%,13.3%,<a href=https://npb.jp/bis/eng/teams/index_s.html>Yakult</a>,CL
Saiuchi Hiroaki,7,1,2,0,0,0,0,157,33.2,49,2,21,13,1,1,0,17,16,4.28,4.14,4.29,1.84,97,90,115,0.14,1.3%,13.4%,8.3%,5.1%,<a href=https://npb.jp/bis/eng/teams/index_s.html>Yakult</a>,CL
Sakamoto Koshiro,1,0,0,0,0,0,0,19,3.0,5,1,3,4,0,1,0,6,4,12.00,10.70,5.33,3.00,34,234,143,1.30,5.3%,15.8%,21.1%,-5.3%,<a href=https://npb.jp/bis/eng/teams/index_s.html>Yakult</a>,CL
Shimizu Noboru,52,0,4,0,30,0,0,221,53.1,45,10,58,16,1,1,2,23,21,3.54,4.58,2.90,1.14,117,100,78,-1.04,4.5%,26.2%,7.2%,19.0%,<a href=https://npb.jp/bis/eng/teams/index_s.html>Yakult</a>,CL
Suarez Albert,12,4,4,0,0,0,0,285,67.1,56,4,52,27,1,6,2,25,20,2.67,4.06,3.92,1.23,155,89,105,-1.39,1.4%,18.2%,9.5%,8.7%,<a href=https://npb.jp/bis/eng/teams/index_s.html>Yakult</a>,CL
Takahashi Keiji,10,1,3,0,0,0,0,212,48.0,47,6,51,21,1,4,1,24,21,3.94,4.43,3.38,1.42,105,97,91,-0.49,2.8%,24.1%,9.9%,14.2%,<a href=https://npb.jp/bis/eng/teams/index_s.html>Yakult</a>,CL
Takanashi Hirotoshi,18,3,6,0,0,0,0,412,94.0,101,11,84,38,3,0,3,43,43,4.12,4.31,3.68,1.48,100,94,99,-0.19,2.7%,20.4%,9.2%,11.2%,<a href=https://npb.jp/bis/eng/teams/index_s.html>Yakult</a>,CL
Terashima Naruki,30,1,0,0,3,0,0,163,36.1,41,5,27,15,1,1,1,14,10,2.48,4.99,4.06,1.54,167,109,109,-2.51,3.1%,16.6%,9.2%,7.4%,<a href=https://npb.jp/bis/eng/teams/index_s.html>Yakult</a>,CL
Umeno Yugo,42,5,2,0,12,0,0,175,42.1,37,6,35,17,0,0,1,18,17,3.61,4.76,3.77,1.28,115,104,101,-1.15,3.4%,20.0%,9.7%,10.3%,<a href=https://npb.jp/bis/eng/teams/index_s.html>Yakult</a>,CL
Yamada Hiroki,2,0,2,0,0,0,0,36,8.2,8,1,4,4,0,0,0,8,8,8.31,5.33,4.80,1.38,50,116,129,2.98,2.8%,11.1%,11.1%,0.0%,<a href=https://npb.jp/bis/eng/teams/index_s.html>Yakult</a>,CL
Yamanaka Hirofumi,6,1,2,0,0,0,0,125,29.1,31,3,16,8,0,0,0,18,18,5.52,4.42,4.16,1.33,75,97,112,1.10,2.4%,12.8%,6.4%,6.4%,<a href=https://npb.jp/bis/eng/teams/index_s.html>Yakult</a>,CL
Ynoa Gabriel,9,0,3,0,0,0,0,125,24.0,45,8,15,10,0,0,2,29,27,10.13,7.70,4.40,2.29,41,168,118,2.43,6.4%,12.0%,8.0%,4.0%,<a href=https://npb.jp/bis/eng/teams/index_s.html>Yakult</a>,CL
Yoshida Daiki,14,2,7,0,0,0,0,308,67.1,80,10,53,34,2,0,2,40,39,5.21,5.24,4.18,1.69,79,114,112,-0.03,3.2%,17.2%,11.0%,6.2%,<a href=https://npb.jp/bis/eng/teams/index_s.html>Yakult</a>,CL
Fujishima Kento,26,1,0,1,3,0,0,103,25.1,21,5,21,9,0,1,2,11,11,3.91,5.46,3.63,1.18,92,137,98,-1.55,4.9%,20.4%,8.7%,11.7%,<a href=https://npb.jp/bis/eng/teams/index_d.html>Chunichi</a>,CL
Fuku Hiroto,53,5,5,2,25,0,0,217,50.2,43,4,39,23,1,1,1,24,20,3.55,4.27,4.06,1.30,101,107,109,-0.72,1.8%,18.0%,10.6%,7.4%,<a href=https://npb.jp/bis/eng/teams/index_d.html>Chunichi</a>,CL
Fukutani Koji,14,8,2,0,0,0,0,359,92.0,81,7,72,13,0,1,2,27,27,2.64,3.24,3.16,1.02,136,81,85,-0.60,1.9%,20.1%,3.6%,16.5%,<a href=https://npb.jp/bis/eng/teams/index_d.html>Chunichi</a>,CL
Gonzalez Luis,28,0,0,0,4,0,0,119,26.1,34,3,27,9,0,1,2,16,14,4.78,3.93,3.29,1.63,75,99,88,0.85,2.5%,22.7%,7.6%,15.1%,<a href=https://npb.jp/bis/eng/teams/index_d.html>Chunichi</a>,CL
Hamada Tatsuro,7,0,0,0,0,0,0,27,5.1,7,2,5,3,0,1,0,4,4,6.75,8.61,4.06,1.88,53,216,109,-1.86,7.4%,18.5%,11.1%,7.4%,<a href=https://npb.jp/bis/eng/teams/index_d.html>Chunichi</a>,CL
Hashimoto Yuki,14,0,0,0,0,0,0,80,17.0,20,3,13,13,0,1,1,15,14,7.41,6.60,4.80,1.94,49,166,129,0.81,3.8%,16.2%,16.2%,0.0%,<a href=https://npb.jp/bis/eng/teams/index_d.html>Chunichi</a>,CL
Ishida KentoMarc,3,0,0,0,0,0,0,17,3.0,5,1,3,3,0,0,0,4,4,12.00,8.70,4.80,2.67,30,218,129,3.30,5.9%,17.6%,17.6%,0.0%,<a href=https://npb.jp/bis/eng/teams/index_d.html>Chunichi</a>,CL
Katsuno Akiyoshi,13,4,5,0,0,0,0,298,72.0,74,7,56,17,0,2,7,32,31,3.88,3.86,3.49,1.26,93,97,94,0.02,2.3%,18.8%,5.7%,13.1%,<a href=https://npb.jp/bis/eng/teams/index_d.html>Chunichi</a>,CL
Kinoshita Yusuke,18,0,0,1,0,0,0,81,17.2,19,1,24,12,0,1,1,9,8,4.08,3.59,3.32,1.75,88,90,89,0.49,1.2%,29.6%,14.8%,14.8%,<a href=https://npb.jp/bis/eng/teams/index_d.html>Chunichi</a>,CL
Martinez Raidel,40,2,0,21,7,0,0,155,40.0,24,2,49,12,1,1,2,5,5,1.13,2.54,2.41,0.90,319,64,65,-1.41,1.3%,31.6%,7.7%,23.9%,<a href=https://npb.jp/bis/eng/teams/index_d.html>Chunichi</a>,CL
Matayoshi Katsuki,26,4,0,0,7,0,0,105,26.0,22,2,18,8,1,1,0,8,8,2.77,4.02,3.85,1.15,130,101,103,-1.25,1.9%,17.1%,7.6%,9.5%,<a href=https://npb.jp/bis/eng/teams/index_d.html>Chunichi</a>,CL
Matsuba Takahiro,15,3,7,0,0,0,0,319,73.1,86,9,50,17,2,2,4,33,33,4.05,4.37,3.77,1.40,89,110,101,-0.32,2.8%,15.7%,5.3%,10.4%,<a href=https://npb.jp/bis/eng/teams/index_d.html>Chunichi</a>,CL
Mitsuma Takuya,4,0,0,0,0,0,0,27,4.1,11,1,7,2,0,1,0,10,10,20.77,5.21,2.95,3.00,17,131,79,15.56,3.7%,25.9%,7.4%,18.5%,<a href=https://npb.jp/bis/eng/teams/index_d.html>Chunichi</a>,CL
Ogasawara Shinnosuke,4,1,3,0,0,0,0,85,19.0,22,4,16,8,0,1,0,17,15,7.11,5.84,3.86,1.58,51,147,104,1.27,4.7%,18.8%,9.4%,9.4%,<a href=https://npb.jp/bis/eng/teams/index_d.html>Chunichi</a>,CL
Ohno Yudai,20,11,6,0,0,10,6,559,148.2,106,13,148,23,2,0,3,33,30,1.82,2.97,2.56,0.87,198,75,69,-1.15,2.3%,26.5%,4.1%,22.4%,<a href=https://npb.jp/bis/eng/teams/index_d.html>Chunichi</a>,CL
Okada Toshiya,29,2,2,3,3,0,0,112,24.0,28,3,27,14,2,0,2,20,13,4.88,4.49,3.64,1.75,74,113,98,0.39,2.7%,24.1%,12.5%,11.6%,<a href=https://npb.jp/bis/eng/teams/index_d.html>Chunichi</a>,CL
Okano Yuichiro,11,2,2,0,0,0,0,189,42.1,50,9,41,13,0,3,2,30,29,6.17,5.32,3.32,1.49,58,134,89,0.85,4.8%,21.7%,6.9%,14.8%,<a href=https://npb.jp/bis/eng/teams/index_d.html>Chunichi</a>,CL
Rodriguez Yariel,11,3,4,0,0,0,0,248,59.0,50,4,67,21,0,5,2,30,27,4.12,3.30,2.95,1.20,87,83,79,0.82,1.6%,27.0%,8.5%,18.5%,<a href=https://npb.jp/bis/eng/teams/index_d.html>Chunichi</a>,CL
Satoh Yu,14,0,0,0,4,0,0,77,16.2,18,2,12,6,0,2,1,18,17,9.18,4.92,4.02,1.44,39,124,108,4.26,2.6%,15.6%,7.8%,7.8%,<a href=https://npb.jp/bis/eng/teams/index_d.html>Chunichi</a>,CL
Shimizu Tatsuya,6,1,1,0,0,0,0,92,21.1,15,3,21,15,0,0,1,9,8,3.38,5.33,4.15,1.41,106,134,112,-1.95,3.3%,22.8%,16.3%,6.5%,<a href=https://npb.jp/bis/eng/teams/index_d.html>Chunichi</a>,CL
Sobue Daisuke,54,2,0,3,28,0,0,195,50.1,42,1,35,7,0,0,2,10,10,1.79,2.65,3.36,0.97,201,67,90,-0.86,0.5%,17.9%,3.6%,14.3%,<a href=https://npb.jp/bis/eng/teams/index_d.html>Chunichi</a>,CL
Suzuki Hiroshi,6,0,0,0,0,0,0,44,7.2,14,2,4,6,0,0,0,12,11,12.91,8.06,5.25,2.61,28,202,141,4.85,4.5%,9.1%,13.6%,-4.5%,<a href=https://npb.jp/bis/eng/teams/index_d.html>Chunichi</a>,CL
Tanimoto Keisuke,36,1,3,0,13,0,0,122,30.0,20,3,21,13,1,0,1,13,12,3.60,4.56,4.14,1.10,100,114,111,-0.96,2.5%,17.2%,10.7%,6.5%,<a href=https://npb.jp/bis/eng/teams/index_d.html>Chunichi</a>,CL
Umetsu Kodai,7,2,3,0,0,1,0,184,43.1,39,4,43,19,2,1,1,22,18,3.74,3.96,3.50,1.34,96,99,94,-0.22,2.2%,23.4%,10.3%,13.1%,<a href=https://npb.jp/bis/eng/teams/index_d.html>Chunichi</a>,CL
Yamai Daisuke,6,0,0,0,0,0,0,42,8.0,12,1,5,5,0,1,1,8,8,9.00,5.99,4.80,2.12,40,150,129,3.01,2.4%,11.9%,11.9%,0.0%,<a href=https://npb.jp/bis/eng/teams/index_d.html>Chunichi</a>,CL
Yamamoto Takumi,9,1,3,0,0,0,0,133,29.0,31,4,25,17,0,1,0,20,18,5.59,5.30,4.20,1.66,64,133,113,0.29,3.0%,18.8%,12.8%,6.0%,<a href=https://npb.jp/bis/eng/teams/index_d.html>Chunichi</a>,CL
Yanagi Yuya,15,6,7,0,0,0,0,365,85.0,87,10,88,29,3,6,3,38,34,3.60,4.06,3.18,1.36,100,102,85,-0.46,2.7%,24.1%,7.9%,16.2%,<a href=https://npb.jp/bis/eng/teams/index_d.html>Chunichi</a>,CL
Yoshimi Kazuki,5,1,2,0,0,0,0,77,17.2,21,6,10,3,0,2,0,11,11,5.60,7.50,3.89,1.36,64,188,105,-1.90,7.8%,13.0%,3.9%,9.1%,<a href=https://npb.jp/bis/eng/teams/index_d.html>Chunichi</a>,CL
Albers Andrew,16,4,8,0,0,0,0,376,89.0,93,12,66,22,0,3,0,42,39,3.94,4.48,3.63,1.29,95,108,98,-0.54,3.2%,17.6%,5.9%,11.7%,<a href=https://npb.jp/bis/eng/teams/index_b.html>ORIX</a>,PL
Aranishi Yudai,29,0,0,0,3,0,0,135,31.1,31,6,21,11,0,2,1,18,17,4.88,5.76,4.06,1.34,77,139,109,-0.88,4.4%,15.6%,8.1%,7.5%,<a href=https://npb.jp/bis/eng/teams/index_b.html>ORIX</a>,PL
Cho Yaku,13,2,4,0,0,0,0,212,48.0,50,5,46,16,0,2,1,26,23,4.31,3.93,3.38,1.38,87,95,91,0.38,2.4%,21.7%,7.5%,14.2%,<a href=https://npb.jp/bis/eng/teams/index_b.html>ORIX</a>,PL
Dickson Brandon,39,0,4,16,5,0,0,152,35.2,34,2,32,16,1,1,2,15,13,3.28,3.73,3.75,1.40,114,90,101,-0.45,1.3%,21.1%,10.5%,10.6%,<a href=https://npb.jp/bis/eng/teams/index_b.html>ORIX</a>,PL
Hidarisawa Yu,2,0,0,0,0,0,0,8,1.1,3,0,1,1,0,0,0,3,3,20.25,4.11,4.80,3.00,19,99,129,16.14,0.0%,12.5%,12.5%,0.0%,<a href=https://npb.jp/bis/eng/teams/index_b.html>ORIX</a>,PL
Higa Motoki,20,0,0,0,9,0,0,49,12.2,5,1,11,5,2,1,0,1,1,0.71,4.07,3.58,0.79,529,98,96,-3.36,2.0%,22.4%,10.2%,12.2%,<a href=https://npb.jp/bis/eng/teams/index_b.html>ORIX</a>,PL
Higgins Tyler,41,3,3,0,19,0,0,175,41.1,37,2,45,20,3,0,1,11,11,2.40,3.27,3.37,1.38,156,79,91,-0.87,1.1%,25.7%,11.4%,14.3%,<a href=https://npb.jp/bis/eng/teams/index_b.html>ORIX</a>,PL
Honda Hitomi,1,0,1,0,0,0,0,24,4.0,8,0,2,4,0,0,0,7,3,6.75,5.36,5.63,3.00,56,129,151,1.39,0.0%,8.3%,16.7%,-8.4%,<a href=https://npb.jp/bis/eng/teams/index_b.html>ORIX</a>,PL
Iida Yuya,4,1,0,0,0,0,0,24,4.0,11,0,5,1,1,0,1,7,7,15.75,1.61,3.13,3.00,24,39,84,14.14,0.0%,20.8%,4.2%,16.6%,<a href=https://npb.jp/bis/eng/teams/index_b.html>ORIX</a>,PL
Kaida Tomoyuki,6,0,1,0,2,0,0,22,4.1,8,0,4,1,0,0,0,7,7,14.54,2.21,3.44,2.08,26,53,92,12.33,0.0%,18.2%,4.5%,13.7%,<a href=https://npb.jp/bis/eng/teams/index_b.html>ORIX</a>,PL
Kambe Fumiya,5,0,1,0,1,0,0,33,5.2,9,0,5,7,0,0,0,7,6,9.53,5.31,5.41,2.82,39,128,145,4.22,0.0%,15.2%,21.2%,-6.0%,<a href=https://npb.jp/bis/eng/teams/index_b.html>ORIX</a>,PL
Kaneda Kazuyuki,6,0,0,0,0,0,0,39,8.1,10,1,7,7,0,0,0,6,6,6.48,5.76,4.80,2.04,58,139,129,0.72,2.6%,17.9%,17.9%,0.0%,<a href=https://npb.jp/bis/eng/teams/index_b.html>ORIX</a>,PL
Kobayashi Keisuke,7,0,0,0,0,0,0,35,6.2,11,0,5,5,1,1,0,3,3,4.05,4.56,4.80,2.40,93,110,129,-0.51,0.0%,14.3%,14.3%,0.0%,<a href=https://npb.jp/bis/eng/teams/index_b.html>ORIX</a>,PL
Masui Hirotoshi,16,2,2,0,5,0,0,153,35.2,27,3,29,20,0,1,1,13,12,3.03,4.60,4.21,1.32,124,111,113,-1.57,2.0%,19.0%,13.1%,5.9%,<a href=https://npb.jp/bis/eng/teams/index_b.html>ORIX</a>,PL
Miyagi Hiroya,3,1,1,0,0,0,0,73,16.0,19,0,16,6,0,1,1,8,7,3.94,2.68,3.43,1.56,95,65,92,1.26,0.0%,21.9%,8.2%,13.7%,<a href=https://npb.jp/bis/eng/teams/index_b.html>ORIX</a>,PL
Muranishi Ryota,4,0,1,0,0,0,0,39,8.0,6,2,5,10,0,0,0,8,8,9.00,9.11,6.08,2.00,42,219,163,-0.11,5.1%,12.8%,25.6%,-12.8%,<a href=https://npb.jp/bis/eng/teams/index_b.html>ORIX</a>,PL
Saitoh Koki,32,1,1,0,4,0,0,105,24.2,24,3,23,8,1,1,1,11,11,4.01,4.17,3.37,1.30,94,100,91,-0.16,2.9%,21.9%,7.6%,14.3%,<a href=https://npb.jp/bis/eng/teams/index_b.html>ORIX</a>,PL
Sakakibara Tsubasa,9,1,4,0,0,0,0,206,43.1,44,5,31,39,0,1,2,26,25,5.19,6.20,5.19,1.92,72,149,140,-1.01,2.4%,15.0%,18.9%,-3.9%,<a href=https://npb.jp/bis/eng/teams/index_b.html>ORIX</a>,PL
Sawada Keisuke,24,0,2,0,0,0,0,87,21.0,16,5,24,8,2,0,0,10,8,3.43,5.32,2.96,1.14,109,128,80,-1.89,5.7%,27.6%,9.2%,18.4%,<a href=https://npb.jp/bis/eng/teams/index_b.html>ORIX</a>,PL
Suzuki Kohei,8,0,2,0,1,0,0,78,13.2,23,4,10,14,0,1,0,17,16,10.54,9.00,5.31,2.71,36,217,143,1.54,5.1%,12.8%,17.9%,-5.1%,<a href=https://npb.jp/bis/eng/teams/index_b.html>ORIX</a>,PL
Suzuki Yu,13,1,3,1,2,0,0,173,38.2,30,6,41,29,0,1,1,29,28,6.52,5.59,4.11,1.53,58,135,110,0.93,3.5%,23.7%,16.8%,6.9%,<a href=https://npb.jp/bis/eng/teams/index_b.html>ORIX</a>,PL
Tajima Daiki,20,4,6,0,0,1,1,512,122.1,102,14,89,42,0,7,2,57,55,4.05,4.60,3.88,1.18,93,111,104,-0.55,2.7%,17.4%,8.2%,9.2%,<a href=https://npb.jp/bis/eng/teams/index_b.html>ORIX</a>,PL
Takeyasu Daichi,2,1,0,0,0,0,0,40,9.0,8,0,3,5,0,1,0,5,3,3.00,4.70,5.30,1.44,125,113,142,-1.70,0.0%,7.5%,12.5%,-5.0%,<a href=https://npb.jp/bis/eng/teams/index_b.html>ORIX</a>,PL
Tohmei Daiki,2,0,0,0,0,0,0,14,3.2,4,1,1,1,0,0,0,2,2,4.91,7.18,4.80,1.36,76,173,129,-2.27,7.1%,7.1%,7.1%,0.0%,<a href=https://npb.jp/bis/eng/teams/index_b.html>ORIX</a>,PL
Tomiyama Ryoga,18,0,2,0,3,0,0,77,18.1,14,3,15,10,0,1,0,9,9,4.42,5.65,4.15,1.31,85,136,112,-1.23,3.9%,19.5%,13.0%,6.5%,<a href=https://npb.jp/bis/eng/teams/index_b.html>ORIX</a>,PL
Urushihara Taisei,22,0,0,2,5,0,0,102,23.2,20,2,30,13,0,1,0,9,9,3.42,3.70,3.13,1.39,110,89,84,-0.28,2.0%,29.4%,12.7%,16.7%,<a href=https://npb.jp/bis/eng/teams/index_b.html>ORIX</a>,PL
Yamada Nobuyoshi,48,4,5,0,18,0,0,170,39.1,37,1,44,19,1,0,0,20,17,3.89,2.91,3.33,1.42,96,70,90,0.98,0.6%,25.9%,11.2%,14.7%,<a href=https://npb.jp/bis/eng/teams/index_b.html>ORIX</a>,PL
Yamamoto Yoshinobu,18,8,4,0,0,1,0,494,126.2,82,6,149,37,0,6,1,34,31,2.20,2.65,2.53,0.94,171,64,68,-0.45,1.2%,30.2%,7.5%,22.7%,<a href=https://npb.jp/bis/eng/teams/index_b.html>ORIX</a>,PL
Yamaoka Taisuke,12,4,5,0,0,1,0,284,69.1,68,7,64,21,1,2,3,22,20,2.60,3.83,3.29,1.28,144,92,88,-1.23,2.5%,22.5%,7.4%,15.1%,<a href=https://npb.jp/bis/eng/teams/index_b.html>ORIX</a>,PL
Yamasaki Sachiya,15,5,5,0,0,0,0,347,84.0,71,12,46,33,0,2,0,45,42,4.50,5.38,4.43,1.24,83,130,119,-0.88,3.5%,13.3%,9.5%,3.8%,<a href=https://npb.jp/bis/eng/teams/index_b.html>ORIX</a>,PL
Yoshida Kazumasa,23,1,1,1,0,0,0,153,35.1,38,3,34,12,0,1,2,17,16,4.08,3.65,3.36,1.42,92,88,90,0.43,2.0%,22.2%,7.8%,14.4%,<a href=https://npb.jp/bis/eng/teams/index_b.html>ORIX</a>,PL
Yoshida Ryo,35,2,2,0,7,0,0,118,29.0,15,1,33,15,1,2,3,7,7,2.17,3.30,3.27,1.03,173,79,88,-1.13,0.8%,28.0%,12.7%,15.3%,<a href=https://npb.jp/bis/eng/teams/index_b.html>ORIX</a>,PL
Ariyoshi Yuki,3,1,1,0,0,0,0,49,11.0,15,1,5,2,1,0,0,6,6,4.91,4.18,4.19,1.55,77,100,113,0.73,2.0%,10.2%,4.1%,6.1%,<a href=https://npb.jp/bis/eng/teams/index_m.html>Lotte</a>,PL
Azuma Yusuke,13,0,0,0,1,0,0,69,15.0,10,2,4,14,1,0,0,5,5,3.00,7.36,6.25,1.60,126,175,168,-4.36,2.9%,5.8%,20.3%,-14.5%,<a href=https://npb.jp/bis/eng/teams/index_m.html>Lotte</a>,PL
Chen Kuan-Yu,19,1,0,0,2,0,0,89,19.2,20,1,12,13,1,0,0,8,7,3.20,4.79,4.91,1.68,119,114,132,-1.59,1.1%,13.5%,14.6%,-1.1%,<a href=https://npb.jp/bis/eng/teams/index_m.html>Lotte</a>,PL
Chen Wei-Yin,4,0,3,0,0,1,0,102,26.0,22,4,14,4,1,0,2,7,7,2.42,4.75,3.82,1.00,157,113,103,-2.33,3.9%,13.7%,3.9%,9.8%,<a href=https://npb.jp/bis/eng/teams/index_m.html>Lotte</a>,PL
Flores Jose,14,2,2,0,1,0,0,108,22.1,27,3,25,16,1,0,2,19,19,7.66,5.02,3.97,1.93,50,120,107,2.64,2.8%,23.1%,14.8%,8.3%,<a href=https://npb.jp/bis/eng/teams/index_m.html>Lotte</a>,PL
Furuya Takuro,2,0,1,0,0,0,0,30,6.1,6,1,7,7,0,1,3,3,3,4.26,7.00,4.80,2.05,89,167,129,-2.74,3.3%,23.3%,23.3%,0.0%,<a href=https://npb.jp/bis/eng/teams/index_m.html>Lotte</a>,PL
Futaki Kota,15,9,3,0,0,1,1,361,92.2,72,7,79,12,0,3,3,36,35,3.40,3.13,2.94,0.91,112,75,79,0.27,1.9%,21.9%,3.3%,18.6%,<a href=https://npb.jp/bis/eng/teams/index_m.html>Lotte</a>,PL
Herrmann Frank,38,3,2,1,23,0,0,149,37.2,28,2,37,12,3,0,4,9,9,2.15,3.05,3.12,1.06,176,73,84,-0.90,1.3%,24.8%,8.1%,16.7%,<a href=https://npb.jp/bis/eng/teams/index_m.html>Lotte</a>,PL
Ishikawa Ayumu,21,7,6,0,0,0,0,555,133.1,138,19,77,26,0,4,3,65,63,4.25,4.74,3.88,1.23,89,113,104,-0.49,3.4%,13.9%,4.7%,9.2%,<a href=https://npb.jp/bis/eng/teams/index_m.html>Lotte</a>,PL
Ishizaki Tsuyoshi,12,0,1,0,2,0,0,69,14.0,12,2,19,15,0,0,1,14,14,9.00,5.72,4.22,1.93,42,136,113,3.28,2.9%,27.5%,21.7%,5.8%,<a href=https://npb.jp/bis/eng/teams/index_m.html>Lotte</a>,PL
Iwashita Daiki,17,7,7,0,0,0,0,393,90.0,98,11,74,35,1,3,4,44,42,4.20,4.58,3.81,1.48,90,109,102,-0.38,2.8%,18.8%,8.9%,9.9%,<a href=https://npb.jp/bis/eng/teams/index_m.html>Lotte</a>,PL
Jackson Jay,7,0,0,1,3,0,0,29,7.0,4,1,12,3,0,0,0,3,3,3.86,3.08,1.70,1.00,98,73,46,0.78,3.4%,41.4%,10.3%,31.1%,<a href=https://npb.jp/bis/eng/teams/index_m.html>Lotte</a>,PL
Karakawa Yuki,32,1,1,0,14,0,0,118,30.1,22,1,23,9,0,0,0,4,4,1.19,3.17,3.61,1.02,319,76,97,-1.98,0.8%,19.5%,7.6%,11.9%,<a href=https://npb.jp/bis/eng/teams/index_m.html>Lotte</a>,PL
Masuda Naoya,54,3,5,31,5,0,0,214,52.0,42,1,53,17,1,2,4,15,13,2.25,2.67,3.12,1.13,169,64,84,-0.42,0.5%,24.8%,7.9%,16.9%,<a href=https://npb.jp/bis/eng/teams/index_m.html>Lotte</a>,PL
Matsunaga Takahiro,5,0,0,0,3,0,0,15,3.1,3,0,3,3,0,0,0,0,0,0.00,4.26,4.80,1.80,999,102,129,-4.26,0.0%,20.0%,20.0%,0.0%,<a href=https://npb.jp/bis/eng/teams/index_m.html>Lotte</a>,PL
Mima Manabu,19,10,4,0,0,1,0,517,123.0,130,9,88,25,0,0,3,62,54,3.95,3.49,3.58,1.26,96,83,96,0.46,1.7%,17.0%,4.8%,12.2%,<a href=https://npb.jp/bis/eng/teams/index_m.html>Lotte</a>,PL
Minami Masaki,6,0,0,0,0,0,0,32,7.1,5,2,6,5,0,0,1,4,4,4.91,7.32,4.49,1.36,77,174,121,-2.41,6.2%,18.8%,15.6%,3.2%,<a href=https://npb.jp/bis/eng/teams/index_m.html>Lotte</a>,PL
Nagano Shoji,13,0,0,0,0,0,0,73,15.0,16,0,14,13,0,0,2,9,9,5.40,4.10,4.66,1.93,70,98,125,1.30,0.0%,19.2%,17.8%,1.4%,<a href=https://npb.jp/bis/eng/teams/index_m.html>Lotte</a>,PL
Nakamura Toshiya,16,2,5,0,0,0,0,278,64.0,61,11,40,31,1,0,4,41,34,4.78,5.80,4.48,1.44,79,138,120,-1.02,4.0%,14.4%,11.2%,3.2%,<a href=https://npb.jp/bis/eng/teams/index_m.html>Lotte</a>,PL
Narita Kakeru,3,0,0,0,0,0,0,15,3.0,5,2,3,0,0,1,0,6,6,18.00,11.03,2.80,1.67,21,263,75,6.97,13.3%,20.0%,0.0%,20.0%,<a href=https://npb.jp/bis/eng/teams/index_m.html>Lotte</a>,PL
Ohmine Yuta,2,0,1,0,0,0,0,45,9.0,15,1,9,6,0,0,0,9,9,9.00,4.81,4.13,2.33,42,115,111,4.19,2.2%,20.0%,13.3%,6.7%,<a href=https://npb.jp/bis/eng/teams/index_m.html>Lotte</a>,PL
Ojima Kazuya,20,7,8,0,0,0,0,479,113.1,106,12,83,47,0,3,0,50,47,3.73,4.60,4.05,1.35,102,110,109,-0.87,2.5%,17.3%,9.8%,7.5%,<a href=https://npb.jp/bis/eng/teams/index_m.html>Lotte</a>,PL
Ono Fumiya,40,2,2,0,4,0,0,162,39.0,31,2,32,18,1,1,0,18,14,3.23,3.85,3.94,1.26,117,92,106,-0.62,1.2%,19.8%,11.1%,8.7%,<a href=https://npb.jp/bis/eng/teams/index_m.html>Lotte</a>,PL
Sasaki Chihaya,5,0,0,0,0,0,0,23,4.1,7,1,5,2,0,1,1,4,4,8.31,6.13,3.50,2.08,46,146,94,2.18,4.3%,21.7%,8.7%,13.0%,<a href=https://npb.jp/bis/eng/teams/index_m.html>Lotte</a>,PL
Sawamura Hirokazu,22,0,2,1,13,0,0,82,21.0,10,2,29,10,0,0,3,4,4,1.71,3.27,2.48,0.95,222,78,67,-1.56,2.4%,35.4%,12.2%,23.2%,<a href=https://npb.jp/bis/eng/teams/index_m.html>Lotte</a>,PL
Tanaka Yasuhiro,8,1,0,0,2,0,0,30,7.1,5,1,8,4,0,0,0,2,2,2.45,4.59,3.47,1.23,155,109,93,-2.14,3.3%,26.7%,13.3%,13.4%,<a href=https://npb.jp/bis/eng/teams/index_m.html>Lotte</a>,PL
Taneichi Atsuki,7,3,2,0,0,1,1,198,46.2,43,7,41,15,0,5,0,18,18,3.47,4.84,3.49,1.24,109,115,94,-1.37,3.5%,20.7%,7.6%,13.1%,<a href=https://npb.jp/bis/eng/teams/index_m.html>Lotte</a>,PL
Tojo Taiki,39,1,1,0,5,0,0,121,28.1,25,3,26,12,0,4,0,10,8,2.54,4.60,3.64,1.31,149,110,98,-2.06,2.5%,21.5%,9.9%,11.6%,<a href=https://npb.jp/bis/eng/teams/index_m.html>Lotte</a>,PL
Yamamoto Daiki,12,0,0,0,0,0,0,54,13.2,11,1,7,6,0,0,0,4,4,2.63,4.61,4.61,1.24,144,110,124,-1.98,1.9%,13.0%,11.1%,1.9%,<a href=https://npb.jp/bis/eng/teams/index_m.html>Lotte</a>,PL
Bandoh Yugo,15,2,2,0,2,0,0,129,31.2,26,4,29,10,1,0,0,9,9,2.56,4.12,3.33,1.14,150,97,90,-1.56,3.1%,22.5%,7.8%,14.7%,<a href=https://npb.jp/bis/eng/teams/index_h.html>SoftBank</a>,PL
Furuya Yuto,4,0,0,0,0,0,0,29,5.2,5,0,9,6,0,0,1,3,2,3.18,3.36,3.77,1.94,120,79,101,-0.18,0.0%,31.0%,20.7%,10.3%,<a href=https://npb.jp/bis/eng/teams/index_h.html>SoftBank</a>,PL
Higashihama Nao,19,9,2,0,0,0,0,479,119.0,83,10,102,49,0,2,2,32,31,2.34,4.03,3.69,1.11,164,95,99,-1.69,2.1%,21.3%,10.2%,11.1%,<a href=https://npb.jp/bis/eng/teams/index_h.html>SoftBank</a>,PL
Ishikawa Shuta,18,11,3,0,0,2,1,443,111.2,68,9,103,41,0,12,0,32,30,2.42,3.99,3.40,0.98,158,94,91,-1.57,2.0%,23.3%,9.3%,14.0%,<a href=https://npb.jp/bis/eng/teams/index_h.html>SoftBank</a>,PL
Iwasaki Sho,17,0,2,0,10,0,0,70,15.0,19,3,20,6,0,1,0,12,12,7.20,4.70,2.80,1.67,53,111,75,2.50,4.3%,28.6%,8.6%,20.0%,<a href=https://npb.jp/bis/eng/teams/index_h.html>SoftBank</a>,PL
Izumi Keisuke,40,0,1,0,8,0,0,143,34.2,26,1,28,19,0,1,1,9,8,2.08,3.85,4.17,1.30,184,91,112,-1.77,0.7%,19.6%,13.3%,6.3%,<a href=https://npb.jp/bis/eng/teams/index_h.html>SoftBank</a>,PL
Kajiya Ren,6,0,0,0,0,0,0,30,6.0,10,1,2,3,0,1,0,4,4,6.00,6.86,5.13,2.17,64,162,138,-0.86,3.3%,6.7%,10.0%,-3.3%,<a href=https://npb.jp/bis/eng/teams/index_h.html>SoftBank</a>,PL
Kasaya Shunsuke,20,4,4,0,0,0,0,246,57.0,44,2,67,31,0,4,0,21,18,2.84,3.31,3.34,1.32,135,78,90,-0.47,0.8%,27.2%,12.6%,14.6%,<a href=https://npb.jp/bis/eng/teams/index_h.html>SoftBank</a>,PL
Kawahara Hiroyuki,22,0,0,0,4,0,0,79,18.0,12,0,15,14,1,3,2,5,4,2.00,4.53,4.67,1.44,192,107,126,-2.53,0.0%,19.0%,17.7%,1.3%,<a href=https://npb.jp/bis/eng/teams/index_h.html>SoftBank</a>,PL
Kayama Shinya,50,3,1,0,18,0,0,117,30.0,18,1,33,10,0,2,0,7,7,2.10,2.80,2.83,0.93,182,66,76,-0.70,0.9%,28.2%,8.5%,19.7%,<a href=https://npb.jp/bis/eng/teams/index_h.html>SoftBank</a>,PL
Matsumoto Yuki,25,0,1,0,6,0,0,120,28.1,20,4,27,19,0,0,2,11,11,3.49,5.31,4.13,1.38,110,125,111,-1.82,3.3%,22.5%,15.8%,6.7%,<a href=https://npb.jp/bis/eng/teams/index_h.html>SoftBank</a>,PL
Moinelo Livan,50,2,3,1,38,0,0,193,48.0,26,1,77,25,3,2,0,9,9,1.69,2.11,2.11,1.06,227,50,57,-0.42,0.5%,39.9%,13.0%,26.9%,<a href=https://npb.jp/bis/eng/teams/index_h.html>SoftBank</a>,PL
Moore Matt,13,6,3,0,0,0,0,320,78.0,64,7,89,22,0,4,1,32,23,2.65,3.25,2.71,1.10,145,77,73,-0.60,2.2%,27.8%,6.9%,20.9%,<a href=https://npb.jp/bis/eng/teams/index_h.html>SoftBank</a>,PL
Mori Yuito,52,1,1,32,6,0,0,205,51.1,39,4,40,13,3,2,0,14,13,2.28,3.70,3.48,1.01,168,87,94,-1.42,2.0%,19.5%,6.3%,13.2%,<a href=https://npb.jp/bis/eng/teams/index_h.html>SoftBank</a>,PL
Niho Akira,12,4,5,0,0,0,0,256,56.2,63,5,28,24,0,6,1,40,31,4.92,5.11,4.64,1.54,78,121,125,-0.19,2.0%,10.9%,9.4%,1.5%,<a href=https://npb.jp/bis/eng/teams/index_h.html>SoftBank</a>,PL
Ogata Shuto,1,0,0,0,0,0,0,8,1.0,2,0,2,3,0,0,0,3,3,27.00,8.36,6.05,5.00,14,197,163,18.64,0.0%,25.0%,37.5%,-12.5%,<a href=https://npb.jp/bis/eng/teams/index_h.html>SoftBank</a>,PL
Ohtake Koutaro,3,2,0,0,0,0,0,60,15.2,13,1,8,3,0,0,0,4,4,2.30,3.75,3.97,1.02,167,88,107,-1.45,1.7%,13.3%,5.0%,8.3%,<a href=https://npb.jp/bis/eng/teams/index_h.html>SoftBank</a>,PL
Okumura Masato,5,0,0,0,0,0,0,20,4.1,3,0,7,3,0,2,0,1,1,2.08,3.59,2.80,1.38,184,85,75,-1.51,0.0%,35.0%,15.0%,20.0%,<a href=https://npb.jp/bis/eng/teams/index_h.html>SoftBank</a>,PL
Senga Koudai,18,11,6,0,0,1,0,503,121.0,90,4,149,57,0,2,5,37,29,2.16,2.79,2.97,1.21,177,66,80,-0.63,0.8%,29.6%,11.3%,18.3%,<a href=https://npb.jp/bis/eng/teams/index_h.html>SoftBank</a>,PL
Shiino Arata,12,1,1,0,1,0,0,49,11.0,12,1,13,5,0,0,1,7,7,5.73,3.55,3.17,1.55,67,84,85,2.18,2.0%,26.5%,10.2%,16.3%,<a href=https://npb.jp/bis/eng/teams/index_h.html>SoftBank</a>,PL
Sugiyama Kazuki,11,0,0,0,1,0,0,69,16.2,15,1,22,6,0,0,1,5,4,2.16,2.58,2.48,1.26,177,61,67,-0.42,1.4%,31.9%,8.7%,23.2%,<a href=https://npb.jp/bis/eng/teams/index_h.html>SoftBank</a>,PL
Takahashi Rei,52,4,2,0,23,0,0,220,51.0,42,2,29,24,0,9,1,17,15,2.65,4.68,4.57,1.29,145,110,123,-2.03,0.9%,13.2%,10.9%,2.3%,<a href=https://npb.jp/bis/eng/teams/index_h.html>SoftBank</a>,PL
Takeda Shota,7,2,2,0,0,0,0,121,25.0,34,7,23,14,1,1,2,19,18,6.48,6.96,4.06,1.92,59,164,109,-0.48,5.8%,19.0%,11.6%,7.4%,<a href=https://npb.jp/bis/eng/teams/index_h.html>SoftBank</a>,PL
Tsumori Yuki,14,1,0,0,3,0,0,72,16.1,15,2,17,8,0,1,1,5,5,2.76,4.53,3.55,1.41,139,107,95,-1.77,2.8%,23.6%,11.1%,12.5%,<a href=https://npb.jp/bis/eng/teams/index_h.html>SoftBank</a>,PL
van den Hurk Rick,5,2,2,0,0,0,0,113,26.0,28,6,20,10,0,0,0,21,20,6.92,5.98,3.92,1.46,55,141,105,0.94,5.3%,17.7%,8.8%,8.9%,<a href=https://npb.jp/bis/eng/teams/index_h.html>SoftBank</a>,PL
Wada Tsuyoshi,16,8,1,0,0,0,0,346,85.2,66,7,75,31,0,1,1,30,28,2.94,3.80,3.53,1.13,130,90,95,-0.86,2.0%,21.7%,9.0%,12.7%,<a href=https://npb.jp/bis/eng/teams/index_h.html>SoftBank</a>,PL
Watanabe Yuta,3,0,0,0,0,0,0,6,1.2,0,0,1,1,0,0,0,0,0,0.00,3.96,4.80,0.60,999,93,129,-3.96,0.0%,16.7%,16.7%,0.0%,<a href=https://npb.jp/bis/eng/teams/index_h.html>SoftBank</a>,PL
Anraku Tomohiro,27,1,0,0,5,0,0,131,31.0,24,2,30,17,0,0,1,12,12,3.48,3.91,3.81,1.32,111,92,102,-0.43,1.5%,22.9%,13.0%,9.9%,<a href=https://npb.jp/bis/eng/teams/index_e.html>Rakuten</a>,PL
Aoyama Kouji,11,2,0,0,0,0,0,50,10.1,11,0,8,6,0,0,1,6,5,4.35,3.56,4.40,1.65,89,84,118,0.79,0.0%,16.0%,12.0%,4.0%,<a href=https://npb.jp/bis/eng/teams/index_e.html>Rakuten</a>,PL
Busenitz Alan,46,1,4,18,13,0,0,195,44.0,46,2,32,18,3,1,4,16,14,2.86,3.80,4.08,1.45,135,89,110,-0.94,1.0%,16.4%,9.2%,7.2%,<a href=https://npb.jp/bis/eng/teams/index_e.html>Rakuten</a>,PL
Chargois Jon Thomas,31,0,3,1,6,0,0,121,26.1,23,2,19,14,1,4,2,17,17,5.81,4.96,4.39,1.41,66,116,118,0.85,1.7%,15.7%,11.6%,4.1%,<a href=https://npb.jp/bis/eng/teams/index_e.html>Rakuten</a>,PL
Fujihira Shoma,1,0,0,0,0,0,0,2,0.0,1,0,0,0,0,1,0,2,2,,,4.80,,0,,129,,0.0%,0.0%,0.0%,0.0%,<a href=https://npb.jp/bis/eng/teams/index_e.html>Rakuten</a>,PL
Fukui Yuya,7,0,4,0,0,0,0,128,29.2,26,2,18,14,0,2,0,18,18,5.46,4.64,4.49,1.35,71,109,121,0.82,1.6%,14.1%,10.9%,3.2%,<a href=https://npb.jp/bis/eng/teams/index_e.html>Rakuten</a>,PL
Fukuyama Hiroyuki,14,0,0,0,6,0,0,49,12.0,12,1,8,5,1,0,0,1,1,0.75,4.36,4.19,1.42,513,102,113,-3.61,2.0%,16.3%,10.2%,6.1%,<a href=https://npb.jp/bis/eng/teams/index_e.html>Rakuten</a>,PL
Ikeda Shun,21,1,0,0,0,0,0,77,16.2,21,0,13,7,0,0,0,8,8,4.32,3.06,4.02,1.68,89,72,108,1.26,0.0%,16.9%,9.1%,7.8%,<a href=https://npb.jp/bis/eng/teams/index_e.html>Rakuten</a>,PL
Ishibashi Ryota,13,1,6,0,0,0,0,285,63.1,72,9,46,28,1,4,2,43,43,6.11,5.27,4.17,1.58,63,124,112,0.84,3.2%,16.1%,9.8%,6.3%,<a href=https://npb.jp/bis/eng/teams/index_e.html>Rakuten</a>,PL
Johnson DJ,16,1,0,0,4,0,0,62,14.2,13,2,16,6,0,0,3,6,5,3.07,4.18,3.19,1.30,125,98,86,-1.11,3.2%,25.8%,9.7%,16.1%,<a href=https://npb.jp/bis/eng/teams/index_e.html>Rakuten</a>,PL
Kamata Yoshinao,4,0,0,0,0,0,0,26,3.2,9,0,4,4,0,1,0,5,4,9.82,5.27,4.80,3.55,39,124,129,4.55,0.0%,15.4%,15.4%,0.0%,<a href=https://npb.jp/bis/eng/teams/index_e.html>Rakuten</a>,PL
Karashima Wataru,19,1,3,1,2,0,0,170,38.1,43,6,26,15,0,3,2,22,21,4.93,5.45,4.15,1.51,78,128,112,-0.52,3.5%,15.3%,8.8%,6.5%,<a href=https://npb.jp/bis/eng/teams/index_e.html>Rakuten</a>,PL
Kishi Takayuki,11,7,0,0,0,2,1,269,67.1,48,5,70,20,1,1,0,24,24,3.21,3.19,2.94,1.01,120,75,79,0.02,1.9%,26.0%,7.4%,18.6%,<a href=https://npb.jp/bis/eng/teams/index_e.html>Rakuten</a>,PL
Kondoh Hiroki,6,0,0,0,1,0,0,31,6.2,5,2,4,5,0,1,1,4,4,5.40,8.76,5.12,1.50,71,206,138,-3.36,6.5%,12.9%,16.1%,-3.2%,<a href=https://npb.jp/bis/eng/teams/index_e.html>Rakuten</a>,PL
Kubo Yuya,5,1,0,0,1,0,0,10,2.0,4,0,1,0,0,0,0,3,3,13.50,2.36,3.80,2.00,29,55,102,11.14,0.0%,10.0%,0.0%,10.0%,<a href=https://npb.jp/bis/eng/teams/index_e.html>Rakuten</a>,PL
Makita Kazuhisa,52,2,2,2,22,0,0,197,50.0,39,5,33,12,0,0,1,15,12,2.16,4.06,3.73,1.02,178,95,100,-1.90,2.5%,16.8%,6.1%,10.7%,<a href=https://npb.jp/bis/eng/teams/index_e.html>Rakuten</a>,PL
Matsui Yuki,25,4,5,2,8,0,0,286,68.0,56,5,82,28,0,3,4,25,24,3.18,3.28,2.91,1.24,121,77,78,-0.10,1.7%,28.7%,9.8%,18.9%,<a href=https://npb.jp/bis/eng/teams/index_e.html>Rakuten</a>,PL
Morihara Kohei,17,1,2,4,2,0,0,81,16.2,23,4,14,7,2,1,1,14,14,7.56,6.24,3.94,1.80,51,146,106,1.32,4.9%,17.3%,8.6%,8.7%,<a href=https://npb.jp/bis/eng/teams/index_e.html>Rakuten</a>,PL
Norimoto Takahiro,18,5,7,0,0,0,0,475,109.0,110,13,105,34,0,5,3,56,48,3.96,4.06,3.31,1.32,97,95,89,-0.10,2.7%,22.1%,7.2%,14.9%,<a href=https://npb.jp/bis/eng/teams/index_e.html>Rakuten</a>,PL
Sakai Tomohito,46,3,2,0,12,0,0,188,44.1,38,4,34,18,2,3,1,20,18,3.65,4.42,3.95,1.26,105,104,106,-0.77,2.1%,18.1%,9.6%,8.5%,<a href=https://npb.jp/bis/eng/teams/index_e.html>Rakuten</a>,PL
Shiomi Takahiro,16,4,8,0,0,0,0,350,84.1,88,10,63,20,0,1,1,45,45,4.80,4.16,3.57,1.28,80,98,96,0.64,2.9%,18.0%,5.7%,12.3%,<a href=https://npb.jp/bis/eng/teams/index_e.html>Rakuten</a>,PL
Sung Chia-Hao,38,1,2,0,10,0,0,162,36.1,35,7,29,17,2,1,2,29,28,6.94,5.76,4.06,1.43,55,135,109,1.18,4.3%,17.9%,10.5%,7.4%,<a href=https://npb.jp/bis/eng/teams/index_e.html>Rakuten</a>,PL
Suzuki Sora,2,0,0,0,0,0,0,8,1.1,2,1,1,1,0,2,0,2,2,13.50,18.36,4.80,2.25,29,431,129,-4.86,12.5%,12.5%,12.5%,0.0%,<a href=https://npb.jp/bis/eng/teams/index_e.html>Rakuten</a>,PL
Takinaka Ryota,8,2,1,0,0,0,0,182,45.0,34,1,29,15,0,3,1,18,17,3.40,3.56,4.03,1.09,113,84,108,-0.16,0.5%,15.9%,8.2%,7.7%,<a href=https://npb.jp/bis/eng/teams/index_e.html>Rakuten</a>,PL
Teraoka Kanji,24,2,1,0,10,0,0,88,20.0,15,0,14,11,1,2,2,7,7,3.15,3.91,4.46,1.30,122,92,120,-0.76,0.0%,15.9%,12.5%,3.4%,<a href=https://npb.jp/bis/eng/teams/index_e.html>Rakuten</a>,PL
Tsurusaki Taisei,33,1,1,0,1,0,0,147,34.1,30,1,24,18,0,1,2,17,16,4.19,4.00,4.39,1.40,92,94,118,0.19,0.7%,16.3%,12.2%,4.1%,<a href=https://npb.jp/bis/eng/teams/index_e.html>Rakuten</a>,PL
Wakui Hideaki,20,11,4,0,0,1,1,529,130.0,110,17,110,38,1,3,3,53,52,3.60,4.32,3.44,1.14,107,101,92,-0.72,3.2%,20.8%,7.2%,13.6%,<a href=https://npb.jp/bis/eng/teams/index_e.html>Rakuten</a>,PL
Yuge Hayato,10,3,2,0,0,0,0,229,50.1,57,9,34,20,0,3,2,34,28,5.01,5.71,4.19,1.53,77,134,113,-0.70,3.9%,14.8%,8.7%,6.1%,<a href=https://npb.jp/bis/eng/teams/index_e.html>Rakuten</a>,PL
Enokida Daiki,5,1,1,0,0,0,0,103,24.0,26,4,9,6,0,1,0,14,14,5.25,5.66,4.51,1.33,77,127,121,-0.41,3.9%,8.7%,5.8%,2.9%,<a href=https://npb.jp/bis/eng/teams/index_l.html>Seibu</a>,PL
Garrett Reed,49,3,2,0,16,0,0,220,49.1,52,2,45,20,0,3,1,20,17,3.10,3.47,3.66,1.46,130,78,98,-0.37,0.9%,20.5%,9.1%,11.4%,<a href=https://npb.jp/bis/eng/teams/index_l.html>Seibu</a>,PL
Hamaya Syota,12,3,3,0,0,0,0,217,50.2,48,7,23,21,0,3,1,30,28,4.97,5.67,4.71,1.36,81,127,127,-0.70,3.2%,10.6%,9.7%,0.9%,<a href=https://npb.jp/bis/eng/teams/index_l.html>Seibu</a>,PL
Hirai Katsunori,41,5,5,0,7,0,0,260,60.1,60,3,53,23,2,1,3,35,28,4.18,3.45,3.65,1.38,96,78,98,0.73,1.2%,20.4%,8.8%,11.6%,<a href=https://npb.jp/bis/eng/teams/index_l.html>Seibu</a>,PL
Honda Keisuke,7,1,4,0,0,0,0,149,35.1,35,6,24,13,0,0,1,17,16,4.08,5.32,4.06,1.36,99,120,109,-1.24,4.0%,16.1%,8.7%,7.4%,<a href=https://npb.jp/bis/eng/teams/index_l.html>Seibu</a>,PL
Imai Tatsuya,19,3,4,0,0,0,0,310,61.2,72,5,44,52,0,5,2,49,42,6.13,5.76,5.06,2.01,66,129,136,0.37,1.6%,14.2%,16.8%,-2.6%,<a href=https://npb.jp/bis/eng/teams/index_l.html>Seibu</a>,PL
Itoh Sho,12,0,2,0,0,0,0,128,28.2,30,3,18,16,0,0,6,13,13,4.08,5.14,4.64,1.60,99,115,125,-1.06,2.3%,14.1%,12.5%,1.6%,<a href=https://npb.jp/bis/eng/teams/index_l.html>Seibu</a>,PL
Kokuba Tsubasa,7,0,0,0,1,0,0,55,11.0,14,2,8,8,0,0,2,11,9,7.36,6.45,4.80,2.00,55,145,129,0.91,3.6%,14.5%,14.5%,0.0%,<a href=https://npb.jp/bis/eng/teams/index_l.html>Seibu</a>,PL
Masuda Tatsushi,48,5,0,33,1,0,0,196,49.0,41,3,42,10,1,2,0,11,11,2.02,3.18,3.17,1.04,199,71,85,-1.16,1.5%,21.4%,5.1%,16.3%,<a href=https://npb.jp/bis/eng/teams/index_l.html>Seibu</a>,PL
Matsumoto Wataru,20,6,7,0,0,0,0,452,103.0,89,19,66,56,1,2,2,55,50,4.37,6.17,4.58,1.41,92,139,123,-1.80,4.2%,14.6%,12.4%,2.2%,<a href=https://npb.jp/bis/eng/teams/index_l.html>Seibu</a>,PL
Matsuoka Kouki,2,0,0,0,0,0,0,12,2.0,5,0,0,2,0,0,0,3,3,13.50,6.36,6.47,3.50,30,143,174,7.14,0.0%,0.0%,16.7%,-16.7%,<a href=https://npb.jp/bis/eng/teams/index_l.html>Seibu</a>,PL
Miyagawa Tetsu,49,2,1,0,13,0,0,202,44.2,40,1,45,29,0,1,3,21,19,3.83,3.66,4.01,1.54,105,82,108,0.17,0.5%,22.3%,14.4%,7.9%,<a href=https://npb.jp/bis/eng/teams/index_l.html>Seibu</a>,PL
Moriwaki Ryosuke,47,7,1,1,16,0,0,178,46.2,22,3,41,20,0,1,1,8,7,1.35,3.79,3.62,0.90,298,85,97,-2.44,1.7%,23.0%,11.2%,11.8%,<a href=https://npb.jp/bis/eng/teams/index_l.html>Seibu</a>,PL
Nakatsuka Shunta,6,0,0,0,0,0,0,33,7.0,8,0,5,4,0,0,0,4,4,5.14,3.65,4.50,1.71,78,82,121,1.49,0.0%,15.2%,12.1%,3.1%,<a href=https://npb.jp/bis/eng/teams/index_l.html>Seibu</a>,PL
Neal Zach,21,6,8,0,0,0,0,485,112.0,125,13,66,35,0,8,0,68,65,5.22,4.85,4.16,1.43,77,109,112,0.37,2.7%,13.6%,7.2%,6.4%,<a href=https://npb.jp/bis/eng/teams/index_l.html>Seibu</a>,PL
Noda Shogo,3,0,0,0,0,0,0,6,1.0,2,0,1,1,0,0,0,0,0,0.00,4.36,4.80,3.00,999,98,129,-4.36,0.0%,16.7%,16.7%,0.0%,<a href=https://npb.jp/bis/eng/teams/index_l.html>Seibu</a>,PL
Nolin Sean,5,1,2,0,0,0,0,96,21.1,22,3,21,10,1,1,0,16,16,6.75,4.77,3.65,1.50,60,107,98,1.98,3.1%,21.9%,10.4%,11.5%,<a href=https://npb.jp/bis/eng/teams/index_l.html>Seibu</a>,PL
Ogawa Ryuya,38,2,1,0,3,0,0,109,25.2,22,1,13,14,1,1,2,6,6,2.10,4.61,4.89,1.40,192,104,131,-2.51,0.9%,11.9%,12.8%,-0.9%,<a href=https://npb.jp/bis/eng/teams/index_l.html>Seibu</a>,PL
Saito Hiromasa,7,0,1,0,0,0,0,51,10.0,15,2,3,7,0,1,1,12,11,9.90,7.76,5.58,2.20,41,174,150,2.14,3.9%,5.9%,13.7%,-7.8%,<a href=https://npb.jp/bis/eng/teams/index_l.html>Seibu</a>,PL
Sano Yasuo,8,0,0,0,0,0,0,30,6.2,9,1,1,2,0,0,1,1,1,1.35,5.91,5.13,1.65,298,133,138,-4.56,3.3%,3.3%,6.7%,-3.4%,<a href=https://npb.jp/bis/eng/teams/index_l.html>Seibu</a>,PL
Taira Kaima,54,1,0,1,33,0,0,214,53.0,22,2,62,29,0,8,5,11,11,1.87,3.61,3.26,0.96,215,81,88,-1.74,0.9%,29.0%,13.6%,15.4%,<a href=https://npb.jp/bis/eng/teams/index_l.html>Seibu</a>,PL
Takahashi Kona,20,8,8,0,0,1,1,501,120.1,100,9,100,44,0,7,6,51,50,3.74,3.95,3.68,1.20,108,89,99,-0.21,1.8%,20.0%,8.8%,11.2%,<a href=https://npb.jp/bis/eng/teams/index_l.html>Seibu</a>,PL
Takekuma Shota,3,0,0,0,0,0,0,28,3.2,9,0,4,7,0,0,0,11,9,22.09,6.91,5.87,4.36,18,155,158,15.18,0.0%,14.3%,25.0%,-10.7%,<a href=https://npb.jp/bis/eng/teams/index_l.html>Seibu</a>,PL
Tamura Ichiro,31,0,0,0,0,0,0,181,41.0,47,4,27,16,0,2,4,20,18,3.95,4.63,4.19,1.54,102,104,113,-0.68,2.2%,14.9%,8.8%,6.1%,<a href=https://npb.jp/bis/eng/teams/index_l.html>Seibu</a>,PL
Togame Ken,8,1,2,0,0,0,0,117,24.0,30,5,13,13,0,3,4,21,20,7.50,6.99,4.80,1.79,54,157,129,0.51,4.3%,11.1%,11.1%,0.0%,<a href=https://npb.jp/bis/eng/teams/index_l.html>Seibu</a>,PL
Utsumi Tetsuya,4,1,2,0,0,0,0,83,19.0,18,3,12,6,0,1,0,12,9,4.26,5.26,4.08,1.26,94,118,110,-1.00,3.6%,14.5%,7.2%,7.3%,<a href=https://npb.jp/bis/eng/teams/index_l.html>Seibu</a>,PL
Yoza Kaito,8,2,4,0,0,0,0,169,38.0,47,5,18,13,0,2,0,23,23,5.45,5.31,4.50,1.58,74,119,121,0.14,3.0%,10.7%,7.7%,3.0%,<a href=https://npb.jp/bis/eng/teams/index_l.html>Seibu</a>,PL
Akiyoshi Ryo,33,1,2,12,4,0,0,131,29.2,30,6,28,11,0,0,0,21,21,6.37,5.22,3.50,1.38,59,126,94,1.15,4.6%,21.4%,8.4%,13.0%,<a href=https://npb.jp/bis/eng/teams/index_f.html>Nipponham</a>,PL
Arihara Kohei,20,8,9,0,0,3,1,547,132.2,125,11,106,30,0,6,2,56,51,3.46,3.66,3.41,1.17,108,89,92,-0.20,2.0%,19.4%,5.5%,13.9%,<a href=https://npb.jp/bis/eng/teams/index_f.html>Nipponham</a>,PL
Fukuda Suguru,30,0,0,0,2,0,0,132,30.1,29,4,27,14,0,0,1,12,11,3.26,4.68,3.82,1.42,115,113,103,-1.42,3.0%,20.5%,10.6%,9.9%,<a href=https://npb.jp/bis/eng/teams/index_f.html>Nipponham</a>,PL
Hori Mizuki,45,2,1,1,14,0,0,173,38.2,30,2,45,22,0,6,0,20,18,4.19,3.88,3.47,1.34,89,94,93,0.31,1.2%,26.0%,12.7%,13.3%,<a href=https://npb.jp/bis/eng/teams/index_f.html>Nipponham</a>,PL
Iguchi Kazutomo,29,1,0,0,2,0,0,113,26.1,27,5,18,8,2,2,0,14,12,4.10,5.60,3.92,1.33,91,136,105,-1.50,4.4%,15.9%,7.1%,8.8%,<a href=https://npb.jp/bis/eng/teams/index_f.html>Nipponham</a>,PL
Kaneko Chihiro,34,1,3,0,1,0,0,199,44.0,49,5,47,17,1,2,1,29,25,5.11,4.00,3.29,1.50,73,97,88,1.11,2.5%,23.6%,8.5%,15.1%,<a href=https://npb.jp/bis/eng/teams/index_f.html>Nipponham</a>,PL
Katoh Takayuki,28,4,2,0,1,0,0,249,58.0,57,4,51,23,2,2,1,23,21,3.26,3.80,3.68,1.38,115,92,99,-0.54,1.6%,20.5%,9.2%,11.3%,<a href=https://npb.jp/bis/eng/teams/index_f.html>Nipponham</a>,PL
Kawano Ryusei,12,3,5,0,0,0,0,269,60.1,63,9,43,30,2,3,1,40,34,5.07,5.52,4.32,1.54,74,134,116,-0.45,3.3%,16.0%,11.2%,4.8%,<a href=https://npb.jp/bis/eng/teams/index_f.html>Nipponham</a>,PL
Kitaura Ryuji,3,0,1,0,0,0,0,22,3.1,9,0,0,3,0,0,0,7,6,16.20,6.06,6.16,3.60,23,147,166,10.14,0.0%,0.0%,13.6%,-13.6%,<a href=https://npb.jp/bis/eng/teams/index_f.html>Nipponham</a>,PL
Kumon Katsuhiko,29,0,2,1,8,0,0,116,24.0,33,3,19,11,1,0,0,24,21,7.88,4.78,4.11,1.83,47,116,110,3.10,2.6%,16.4%,9.5%,6.9%,<a href=https://npb.jp/bis/eng/teams/index_f.html>Nipponham</a>,PL
Martinez Nick,17,2,7,1,1,0,0,344,76.0,76,8,66,40,4,3,8,44,39,4.62,4.69,4.04,1.53,81,114,109,-0.07,2.3%,19.2%,11.6%,7.6%,<a href=https://npb.jp/bis/eng/teams/index_f.html>Nipponham</a>,PL
Miyanishi Naoki,50,2,1,8,21,0,0,197,48.1,34,4,53,22,2,4,1,12,11,2.05,3.86,3.23,1.16,182,93,87,-1.81,2.0%,26.9%,11.2%,15.7%,<a href=https://npb.jp/bis/eng/teams/index_f.html>Nipponham</a>,PL
Mochizuki Daiki,2,0,0,0,0,0,0,8,2.0,1,0,1,0,0,0,0,0,0,0.00,2.36,3.55,0.50,999,57,95,-2.36,0.0%,12.5%,0.0%,12.5%,<a href=https://npb.jp/bis/eng/teams/index_f.html>Nipponham</a>,PL
Murata Toru,21,1,1,0,5,0,0,161,38.0,38,3,23,12,0,3,0,16,15,3.55,4.36,4.12,1.32,105,106,111,-0.81,1.9%,14.3%,7.5%,6.8%,<a href=https://npb.jp/bis/eng/teams/index_f.html>Nipponham</a>,PL
Nabatame Tsubasa,3,0,1,0,0,0,0,29,6.0,9,1,5,3,0,0,2,6,5,7.50,5.36,4.11,2.00,50,130,110,2.14,3.4%,17.2%,10.3%,6.9%,<a href=https://npb.jp/bis/eng/teams/index_f.html>Nipponham</a>,PL
Nishimura Takahiro,16,0,0,0,0,0,0,115,25.2,23,4,29,14,0,2,0,14,13,4.56,5.00,3.50,1.44,82,121,94,-0.44,3.5%,25.2%,12.2%,13.0%,<a href=https://npb.jp/bis/eng/teams/index_f.html>Nipponham</a>,PL
Rodriguez Bryan,7,0,0,0,3,0,0,34,8.0,7,0,9,3,1,0,1,2,2,2.25,2.24,3.04,1.25,166,54,82,0.01,0.0%,26.5%,8.8%,17.7%,<a href=https://npb.jp/bis/eng/teams/index_f.html>Nipponham</a>,PL
Sugiura Toshihiro,17,7,5,1,0,0,0,319,74.2,59,6,68,37,1,1,2,29,26,3.13,4.11,3.83,1.29,119,99,103,-0.98,1.9%,21.3%,11.6%,9.7%,<a href=https://npb.jp/bis/eng/teams/index_f.html>Nipponham</a>,PL
Suzuki Kenya,11,0,1,0,0,0,0,55,11.1,15,0,11,7,0,0,0,10,10,7.94,3.28,4.07,1.94,47,79,109,4.66,0.0%,20.0%,12.7%,7.3%,<a href=https://npb.jp/bis/eng/teams/index_f.html>Nipponham</a>,PL
Tamai Taisho,49,4,4,1,21,0,0,175,41.2,36,5,29,18,1,1,3,17,16,3.46,4.90,4.17,1.30,108,119,112,-1.44,2.9%,16.6%,10.3%,6.3%,<a href=https://npb.jp/bis/eng/teams/index_f.html>Nipponham</a>,PL
Uehara Kenta,7,1,3,0,0,0,0,149,34.1,37,3,28,12,1,0,3,20,17,4.46,3.92,3.73,1.43,84,95,100,0.54,2.0%,18.8%,8.1%,10.7%,<a href=https://npb.jp/bis/eng/teams/index_f.html>Nipponham</a>,PL
Urano Hiroshi,1,0,0,0,0,0,0,1,0.1,0,0,1,0,0,0,0,0,0,0.00,-2.64,-5.20,0.00,999,-64,-140,2.64,0.0%,100.0%,0.0%,100.0%,<a href=https://npb.jp/bis/eng/teams/index_f.html>Nipponham</a>,PL
Uwasawa Naoyuki,15,8,6,0,0,1,0,411,97.0,85,6,90,38,1,1,4,40,33,3.06,3.52,3.53,1.27,122,85,95,-0.46,1.5%,21.9%,9.2%,12.7%,<a href=https://npb.jp/bis/eng/teams/index_f.html>Nipponham</a>,PL
VerHagen Drew,18,8,6,0,0,1,1,454,111.2,91,7,115,29,2,6,4,45,40,3.22,3.06,2.91,1.07,116,74,78,0.16,1.5%,25.3%,6.4%,18.9%,<a href=https://npb.jp/bis/eng/teams/index_f.html>Nipponham</a>,PL
Yoshida Kosei,5,0,2,0,0,0,0,99,20.1,26,2,11,12,0,1,0,22,19,8.41,5.48,4.90,1.87,44,133,132,2.93,2.0%,11.1%,12.1%,-1.0%,<a href=https://npb.jp/bis/eng/teams/index_f.html>Nipponham</a>,PL
Yoshida Yuki,5,0,0,0,0,0,0,27,6.1,8,0,6,2,0,0,0,3,3,4.26,2.42,3.32,1.58,88,59,89,1.84,0.0%,22.2%,7.4%,14.8%,<a href=https://npb.jp/bis/eng/teams/index_f.html>Nipponham</a>,PL
Yoshikawa Mitsuo,5,0,0,0,0,0,0,24,5.1,5,0,1,4,0,0,1,2,2,3.38,5.24,6.05,1.69,110,127,163,-1.86,0.0%,4.2%,16.7%,-12.5%,<a href=https://npb.jp/bis/eng/teams/index_f.html>Nipponham</a>,PL
