Team,G,W,L,T,PCT,GB,RS,RA,Diff,XPCT,Home,Road,vs G,vs T,vs D,vs DB,vs C,vs S
<a href=https://npb.jp/bis/eng/teams/index_g.html>Yomiuri Giants</a>,120,67,45,8,0.598,--,532,421,111,0.605,39-18(3),28-27(5),--,16-8,12-10(2),12-12,12-9(3),15-6(3)
<a href=https://npb.jp/bis/eng/teams/index_t.html>Hanshin Tigers</a>,120,60,53,7,0.531,7.5,494,460,34,0.533,37-19(4),23-34(3),8-16,--,14-10,12-9(3),13-8(3),13-10(1)
<a href=https://npb.jp/bis/eng/teams/index_d.html>Chunichi Dragons</a>,120,60,55,5,0.522,8.5,429,489,-60,0.440,36-20(4),24-35(1),10-12(2),10-14,--,15-9,10-13(1),15-7(2)
<a href=https://npb.jp/bis/eng/teams/index_db.html>DeNA BayStars</a>,120,56,58,6,0.491,12.0,516,474,42,0.539,33-24(3),23-34(3),12-12,9-12(3),9-15,--,14-8(2),12-11(1)
<a href=https://npb.jp/bis/eng/teams/index_c.html>Hiroshima Carp</a>,120,52,56,12,0.481,13.0,523,529,-6,0.495,25-27(8),27-29(4),9-12(3),8-13(3),13-10(1),8-14(2),--,14-7(3)
<a href=https://npb.jp/bis/eng/teams/index_s.html>Yakult Swallows</a>,120,41,69,10,0.373,25.0,468,589,-121,0.396,24-34(2),17-35(8),6-15(3),10-13(1),7-15(2),11-12(1),7-14(3),--
