Pitcher,G,W,L,SV,CG,SHO,BF,IP,H,HR,SO,BB,IBB,HB,WP,R,ER,ERA,FIP,kwERA,WHIP,ERA+,FIP-,kwERA-,Diff,HR%,K%,BB%,K-BB%,Team,League
Akiyama Takumi,1,0,0,0,0,0,8,2.0,2,0,2,0,0,0,0,1,1,4.50,1.56,2.30,1.00,82,36,59,2.94,0.0%,25.0%,0.0%,25.0%,<a href=https://npb.jp/bis/eng/teams/index_t.html>Hanshin</a>,WL
Baba Kosuke,4,0,0,0,0,0,26,6.0,5,0,4,4,0,0,0,1,1,1.50,4.22,4.80,1.50,246,98,124,-2.72,0.0%,15.4%,15.4%,0.0%,<a href=https://npb.jp/bis/eng/teams/index_t.html>Hanshin</a>,WL
Edwards Jon,9,0,0,1,0,0,32,8.2,4,0,10,3,0,0,0,0,0,0.00,2.29,2.61,0.81,999,53,67,-2.29,0.0%,31.2%,9.4%,21.8%,<a href=https://npb.jp/bis/eng/teams/index_t.html>Hanshin</a>,WL
Fujikawa Kyuji,2,0,0,0,0,0,9,2.0,2,0,2,1,0,0,0,0,0,0.00,3.06,3.69,1.50,999,71,95,-3.06,0.0%,22.2%,11.1%,11.1%,<a href=https://npb.jp/bis/eng/teams/index_t.html>Hanshin</a>,WL
Fujinami Shintaro,4,3,0,0,0,0,85,22.0,10,0,29,10,0,0,0,1,1,0.41,2.28,2.56,0.91,901,53,66,-1.87,0.0%,34.1%,11.8%,22.3%,<a href=https://npb.jp/bis/eng/teams/index_t.html>Hanshin</a>,WL
Fukunaga Shungo,30,3,2,2,0,0,144,32.0,33,1,25,19,0,1,3,16,14,3.94,4.27,4.38,1.62,94,99,113,-0.33,0.7%,17.4%,13.2%,4.2%,<a href=https://npb.jp/bis/eng/teams/index_t.html>Hanshin</a>,WL
Garcia Onelki,3,1,1,0,0,0,74,19.0,19,2,10,2,0,0,0,6,4,1.89,4.19,3.72,1.11,195,97,96,-2.30,2.7%,13.5%,2.7%,10.8%,<a href=https://npb.jp/bis/eng/teams/index_t.html>Hanshin</a>,WL
Gunkel Joe,1,0,0,0,0,0,15,5.0,1,0,2,0,0,0,0,0,0,0.00,2.76,3.47,0.20,999,64,90,-2.76,0.0%,13.3%,0.0%,13.3%,<a href=https://npb.jp/bis/eng/teams/index_t.html>Hanshin</a>,WL
Hamachi Masumi,24,1,0,4,0,0,116,26.0,29,4,23,9,0,0,1,15,10,3.46,4.82,3.59,1.46,107,112,93,-1.36,3.4%,19.8%,7.8%,12.0%,<a href=https://npb.jp/bis/eng/teams/index_t.html>Hanshin</a>,WL
Iida Yuya,10,2,1,0,0,0,74,18.0,19,0,18,6,1,0,0,7,7,3.50,2.56,3.18,1.39,106,59,82,0.94,0.0%,24.3%,8.1%,16.2%,<a href=https://npb.jp/bis/eng/teams/index_t.html>Hanshin</a>,WL
Ishii Masaki,27,0,0,1,0,0,102,24.0,17,0,13,10,0,1,1,5,4,1.50,3.85,4.51,1.12,246,89,117,-2.35,0.0%,12.7%,9.8%,2.9%,<a href=https://npb.jp/bis/eng/teams/index_t.html>Hanshin</a>,WL
Itoh Kazuo,9,0,2,1,0,0,31,7.1,7,0,6,4,0,0,0,4,3,3.68,3.56,4.15,1.50,100,83,107,0.12,0.0%,19.4%,12.9%,6.5%,<a href=https://npb.jp/bis/eng/teams/index_t.html>Hanshin</a>,WL
Iwata Minoru,9,1,3,0,0,0,126,31.0,31,0,30,7,0,1,0,12,10,2.90,2.39,2.97,1.23,127,55,77,0.51,0.0%,23.8%,5.6%,18.2%,<a href=https://npb.jp/bis/eng/teams/index_t.html>Hanshin</a>,WL
Iwazaki Suguru,1,0,0,0,0,0,3,1.0,0,0,2,0,0,0,0,0,0,0.00,-0.44,-1.87,0.00,999,-10,-48,0.44,0.0%,66.7%,0.0%,66.7%,<a href=https://npb.jp/bis/eng/teams/index_t.html>Hanshin</a>,WL
Kawahara Riku,3,0,2,0,0,0,36,7.0,8,0,4,6,0,0,0,6,4,5.14,4.98,5.36,2.00,72,115,139,0.16,0.0%,11.1%,16.7%,-5.6%,<a href=https://npb.jp/bis/eng/teams/index_t.html>Hanshin</a>,WL
Kobayashi Keisuke,10,1,1,1,0,0,39,9.1,11,1,6,1,0,1,0,5,5,4.82,4.31,3.52,1.29,77,100,91,0.51,2.6%,15.4%,2.6%,12.8%,<a href=https://npb.jp/bis/eng/teams/index_t.html>Hanshin</a>,WL
Kuwahara Kentaro,13,0,1,1,0,0,58,13.0,15,1,16,4,0,0,1,8,8,5.54,3.02,2.73,1.46,67,70,71,2.52,1.7%,27.6%,6.9%,20.7%,<a href=https://npb.jp/bis/eng/teams/index_t.html>Hanshin</a>,WL
Lu Yen-Ching,16,1,4,0,0,0,171,40.0,38,4,36,17,0,1,5,24,14,3.15,4.40,3.69,1.38,117,102,95,-1.25,2.3%,21.1%,9.9%,11.2%,<a href=https://npb.jp/bis/eng/teams/index_t.html>Hanshin</a>,WL
Maki Johichiro,22,0,1,0,0,0,161,36.1,40,2,23,17,0,2,3,22,19,4.71,4.57,4.43,1.57,78,106,114,0.14,1.2%,14.3%,10.6%,3.7%,<a href=https://npb.jp/bis/eng/teams/index_t.html>Hanshin</a>,WL
Mochizuki Atsushi,11,1,1,2,0,0,94,20.2,24,0,10,12,0,1,3,15,15,6.53,4.47,5.01,1.74,57,104,129,2.06,0.0%,10.6%,12.8%,-2.2%,<a href=https://npb.jp/bis/eng/teams/index_t.html>Hanshin</a>,WL
Moriya Kouki,9,0,1,0,0,0,36,8.1,8,0,9,1,0,1,0,5,2,2.16,2.11,2.58,1.08,171,49,67,0.05,0.0%,25.0%,2.8%,22.2%,<a href=https://npb.jp/bis/eng/teams/index_t.html>Hanshin</a>,WL
Nakata Kenichi,10,2,4,0,0,0,201,46.1,42,3,29,22,0,6,6,20,18,3.50,4.96,4.45,1.38,106,115,115,-1.46,1.5%,14.4%,10.9%,3.5%,<a href=https://npb.jp/bis/eng/teams/index_t.html>Hanshin</a>,WL
Nishi Junya,11,4,3,0,0,0,201,45.0,46,6,27,27,0,3,3,21,20,4.00,6.09,4.80,1.62,92,141,124,-2.09,3.0%,13.4%,13.4%,0.0%,<a href=https://npb.jp/bis/eng/teams/index_t.html>Hanshin</a>,WL
Nohmi Atsushi,2,0,0,0,0,0,8,2.0,2,0,3,0,0,0,0,0,0,0.00,0.56,1.05,1.00,999,13,27,-0.56,0.0%,37.5%,0.0%,37.5%,<a href=https://npb.jp/bis/eng/teams/index_t.html>Hanshin</a>,WL
Ogawa Ippei,7,1,0,0,0,0,29,8.0,3,0,6,2,1,0,1,1,1,1.13,2.80,3.42,0.62,327,65,88,-1.67,0.0%,20.7%,6.9%,13.8%,<a href=https://npb.jp/bis/eng/teams/index_t.html>Hanshin</a>,WL
Onaka Yuya,21,0,0,4,0,0,87,19.2,28,3,10,2,0,0,1,16,15,6.86,4.83,3.88,1.53,54,112,100,2.03,3.4%,11.5%,2.3%,9.2%,<a href=https://npb.jp/bis/eng/teams/index_t.html>Hanshin</a>,WL
Ono Taiki,15,0,4,0,0,0,125,22.2,33,4,14,27,0,2,2,29,29,11.51,8.45,5.84,2.65,32,196,151,3.06,3.2%,11.2%,21.6%,-10.4%,<a href=https://npb.jp/bis/eng/teams/index_t.html>Hanshin</a>,WL
Oyokawa Masaki,9,2,4,0,0,0,145,33.0,38,7,11,13,0,0,3,25,22,6.00,6.83,4.94,1.55,62,158,128,-0.83,4.8%,7.6%,9.0%,-1.4%,<a href=https://npb.jp/bis/eng/teams/index_t.html>Hanshin</a>,WL
Saiki Hiroto,5,0,1,0,0,0,71,16.0,17,1,17,4,0,0,1,7,6,3.38,2.99,2.97,1.31,109,69,77,0.39,1.4%,23.9%,5.6%,18.3%,<a href=https://npb.jp/bis/eng/teams/index_t.html>Hanshin</a>,WL
Saitoh Yukiya,17,2,3,0,0,0,191,46.0,39,1,51,20,0,4,6,18,14,2.74,3.19,3.18,1.28,135,74,82,-0.45,0.5%,26.7%,10.5%,16.2%,<a href=https://npb.jp/bis/eng/teams/index_t.html>Hanshin</a>,WL
Shimamoto Hiroya,1,0,1,0,0,0,7,1.0,2,0,2,2,0,0,0,2,2,18.00,5.56,4.80,4.00,21,129,124,12.44,0.0%,28.6%,28.6%,0.0%,<a href=https://npb.jp/bis/eng/teams/index_t.html>Hanshin</a>,WL
Takahashi Haruto,4,0,1,0,0,0,32,9.0,7,0,9,1,0,0,2,2,2,2.00,1.89,2.30,0.89,185,44,59,0.11,0.0%,28.1%,3.1%,25.0%,<a href=https://npb.jp/bis/eng/teams/index_t.html>Hanshin</a>,WL
Takano Keisuke,20,0,1,0,0,0,204,41.2,54,6,23,27,0,5,6,29,27,5.83,6.63,5.00,1.94,63,154,129,-0.80,2.9%,11.3%,13.2%,-1.9%,<a href=https://npb.jp/bis/eng/teams/index_t.html>Hanshin</a>,WL
Tanigawa Masaki,21,1,0,3,0,0,99,22.0,29,0,17,7,0,0,1,10,10,4.09,2.96,3.79,1.64,90,69,98,1.13,0.0%,17.2%,7.1%,10.1%,<a href=https://npb.jp/bis/eng/teams/index_t.html>Hanshin</a>,WL
Yokoyama Yuya,16,4,2,0,0,0,282,67.1,55,6,35,25,1,2,0,24,19,2.54,4.88,4.45,1.19,145,113,115,-2.34,2.1%,12.4%,8.9%,3.5%,<a href=https://npb.jp/bis/eng/teams/index_t.html>Hanshin</a>,WL
Aduwa Makoto,8,2,4,0,0,0,138,29.0,43,2,15,12,0,1,1,21,20,6.21,4.76,4.58,1.90,59,112,118,1.45,1.4%,10.9%,8.7%,2.2%,<a href=https://npb.jp/bis/eng/teams/index_c.html>Hiroshima</a>,WL
Corniel Robert,10,1,1,1,0,0,50,12.0,12,1,11,4,0,0,0,5,4,3.00,3.80,3.40,1.33,121,89,88,-0.80,2.0%,22.0%,8.0%,14.0%,<a href=https://npb.jp/bis/eng/teams/index_c.html>Hiroshima</a>,WL
Fujii Kouya,27,2,2,2,0,0,124,27.1,26,1,22,18,0,0,2,17,14,4.61,4.40,4.48,1.61,79,104,116,0.21,0.8%,17.7%,14.5%,3.2%,<a href=https://npb.jp/bis/eng/teams/index_c.html>Hiroshima</a>,WL
Fujii Reira,18,0,1,1,0,0,96,24.2,13,1,28,8,0,0,1,5,3,1.09,2.78,2.72,0.85,334,65,70,-1.69,1.0%,29.2%,8.3%,20.9%,<a href=https://npb.jp/bis/eng/teams/index_c.html>Hiroshima</a>,WL
Hiraoka Takato,16,1,1,0,0,0,80,17.1,21,2,17,7,0,1,1,18,18,9.35,4.48,3.55,1.62,39,105,92,4.87,2.5%,21.2%,8.8%,12.4%,<a href=https://npb.jp/bis/eng/teams/index_c.html>Hiroshima</a>,WL
Ichioka Ryuji,19,1,0,0,0,0,85,19.0,17,2,16,10,0,1,3,8,8,3.79,4.98,4.09,1.42,96,117,106,-1.19,2.4%,18.8%,11.8%,7.0%,<a href=https://npb.jp/bis/eng/teams/index_c.html>Hiroshima</a>,WL
Imamura Takeru,23,2,1,0,0,0,103,23.2,23,2,19,11,0,0,1,13,13,4.94,4.44,4.02,1.44,74,105,104,0.50,1.9%,18.4%,10.7%,7.7%,<a href=https://npb.jp/bis/eng/teams/index_c.html>Hiroshima</a>,WL
Johnson DJ,12,0,0,0,0,0,51,12.0,9,0,13,6,0,2,5,3,3,2.25,3.39,3.43,1.25,162,80,89,-1.14,0.0%,25.5%,11.8%,13.7%,<a href=https://npb.jp/bis/eng/teams/index_c.html>Hiroshima</a>,WL
Johnson Kris,8,2,3,0,0,0,179,39.2,46,3,30,21,0,0,2,21,18,4.08,4.61,4.30,1.69,89,109,111,-0.53,1.7%,16.8%,11.7%,5.1%,<a href=https://npb.jp/bis/eng/teams/index_c.html>Hiroshima</a>,WL
Kemna Makoto,3,0,0,1,0,0,10,3.0,2,0,3,0,0,0,0,1,0,0.00,1.56,1.80,0.67,999,37,47,-1.56,0.0%,30.0%,0.0%,30.0%,<a href=https://npb.jp/bis/eng/teams/index_c.html>Hiroshima</a>,WL
Mena Alfredo,15,3,2,0,0,0,190,45.2,39,1,45,16,0,2,2,15,15,2.96,3.05,3.27,1.20,123,72,84,-0.09,0.5%,23.7%,8.4%,15.3%,<a href=https://npb.jp/bis/eng/teams/index_c.html>Hiroshima</a>,WL
Montilla Emailin,14,2,2,0,0,0,175,37.2,46,2,34,20,0,0,4,23,21,5.02,4.03,4.00,1.75,73,95,103,0.99,1.1%,19.4%,11.4%,8.0%,<a href=https://npb.jp/bis/eng/teams/index_c.html>Hiroshima</a>,WL
Nakamura Kyohei,12,1,1,0,0,0,56,12.2,11,1,16,8,0,0,1,6,5,3.55,3.95,3.37,1.50,103,93,87,-0.40,1.8%,28.6%,14.3%,14.3%,<a href=https://npb.jp/bis/eng/teams/index_c.html>Hiroshima</a>,WL
Nakamura Yuta,10,3,4,0,0,0,232,55.0,60,5,31,10,0,0,1,28,25,4.09,4.16,3.89,1.27,89,98,101,-0.07,2.2%,13.4%,4.3%,9.1%,<a href=https://npb.jp/bis/eng/teams/index_c.html>Hiroshima</a>,WL
Nakata Ren,8,1,0,1,0,0,30,7.1,5,0,7,4,0,0,1,1,1,1.23,3.28,3.80,1.23,296,77,98,-2.05,0.0%,23.3%,13.3%,10.0%,<a href=https://npb.jp/bis/eng/teams/index_c.html>Hiroshima</a>,WL
Nakazaki Shota,5,0,0,0,0,0,21,5.0,3,0,4,4,0,0,0,1,1,1.80,4.36,4.80,1.40,202,103,124,-2.56,0.0%,19.0%,19.0%,0.0%,<a href=https://npb.jp/bis/eng/teams/index_c.html>Hiroshima</a>,WL
Nomura Yusuke,5,1,2,0,0,0,104,24.2,25,1,21,9,0,0,0,12,8,2.92,3.47,3.65,1.38,125,82,94,-0.55,1.0%,20.2%,8.7%,11.5%,<a href=https://npb.jp/bis/eng/teams/index_c.html>Hiroshima</a>,WL
Okada Akitake,14,0,4,0,0,0,128,29.1,16,2,21,25,0,2,8,20,17,5.22,5.77,5.11,1.40,70,136,132,-0.55,1.6%,16.4%,19.5%,-3.1%,<a href=https://npb.jp/bis/eng/teams/index_c.html>Hiroshima</a>,WL
Sasaki Ken,3,0,0,0,0,0,19,2.1,4,0,3,8,0,0,3,6,6,23.14,11.27,7.43,5.14,16,265,192,11.87,0.0%,15.8%,42.1%,-26.3%,<a href=https://npb.jp/bis/eng/teams/index_c.html>Hiroshima</a>,WL
Scott Tayler,19,3,3,1,0,0,166,40.2,38,1,39,6,0,3,2,19,13,2.88,2.62,2.81,1.08,126,62,73,0.26,0.6%,23.5%,3.6%,19.9%,<a href=https://npb.jp/bis/eng/teams/index_c.html>Hiroshima</a>,WL
Shimauchi Sotaro,6,0,0,0,0,0,21,6.0,1,0,6,2,0,0,0,0,0,0.00,2.56,2.90,0.50,999,60,75,-2.56,0.0%,28.6%,9.5%,19.1%,<a href=https://npb.jp/bis/eng/teams/index_c.html>Hiroshima</a>,WL
Suzuki Hiroto,1,0,0,0,0,0,5,1.0,2,0,0,1,0,0,0,1,1,9.00,6.56,6.80,3.00,40,154,176,2.44,0.0%,0.0%,20.0%,-20.0%,<a href=https://npb.jp/bis/eng/teams/index_c.html>Hiroshima</a>,WL
Takahashi Kouya,7,0,2,1,0,0,97,23.2,23,1,26,9,0,0,0,12,11,4.18,3.05,3.05,1.35,87,72,79,1.13,1.0%,26.8%,9.3%,17.5%,<a href=https://npb.jp/bis/eng/teams/index_c.html>Hiroshima</a>,WL
Takahashi Mikiya,17,0,0,0,0,0,74,18.0,19,0,19,5,0,1,4,7,7,3.50,2.44,2.91,1.33,104,57,75,1.06,0.0%,25.7%,6.8%,18.9%,<a href=https://npb.jp/bis/eng/teams/index_c.html>Hiroshima</a>,WL
Tamamura Shogo,1,0,0,0,0,0,6,0.0,6,0,0,0,0,0,0,4,3,,nan,4.80,,0,nan,124,,0.0%,0.0%,0.0%,0.0%,<a href=https://npb.jp/bis/eng/teams/index_c.html>Hiroshima</a>,WL
Tanaka Norihiko,25,1,1,12,0,0,104,26.0,16,1,27,8,0,1,3,7,5,1.73,3.02,2.97,0.92,210,71,77,-1.29,1.0%,26.0%,7.7%,18.3%,<a href=https://npb.jp/bis/eng/teams/index_c.html>Hiroshima</a>,WL
Tokoda Hiroki,4,2,1,0,0,0,89,22.0,23,2,12,3,0,0,1,8,8,3.27,4.06,3.79,1.18,111,96,98,-0.79,2.2%,13.5%,3.4%,10.1%,<a href=https://npb.jp/bis/eng/teams/index_c.html>Hiroshima</a>,WL
Une Takamasa,20,0,1,0,0,0,109,20.2,37,3,15,8,0,4,2,20,20,8.71,5.73,4.16,2.18,42,135,107,2.98,2.8%,13.8%,7.3%,6.5%,<a href=https://npb.jp/bis/eng/teams/index_c.html>Hiroshima</a>,WL
Yabuta Kazuki,4,1,2,0,0,0,94,22.0,21,1,19,6,0,2,3,15,14,5.73,3.51,3.42,1.23,64,83,88,2.22,1.1%,20.2%,6.4%,13.8%,<a href=https://npb.jp/bis/eng/teams/index_c.html>Hiroshima</a>,WL
Yamaguchi Sho,8,0,4,0,0,0,122,26.0,31,3,17,17,0,1,1,18,18,6.23,5.82,4.80,1.85,58,137,124,0.41,2.5%,13.9%,13.9%,0.0%,<a href=https://npb.jp/bis/eng/teams/index_c.html>Hiroshima</a>,WL
Yasaki Takuya,8,1,0,0,0,0,102,27.0,13,2,33,9,0,0,1,7,7,2.33,3.07,2.45,0.81,156,72,63,-0.74,2.0%,32.4%,8.8%,23.6%,<a href=https://npb.jp/bis/eng/teams/index_c.html>Hiroshima</a>,WL
Akama Ken,33,4,0,0,0,0,188,42.1,44,4,45,16,0,0,2,21,18,3.83,3.79,3.26,1.42,94,90,84,0.04,2.1%,23.9%,8.5%,15.4%,<a href=https://npb.jp/bis/eng/teams/index_db.html>DeNA</a>,EL
Asada Sota,11,3,2,0,0,0,223,50.2,48,8,24,34,0,2,3,29,23,4.09,6.79,5.25,1.62,88,161,136,-2.70,3.6%,10.8%,15.2%,-4.4%,<a href=https://npb.jp/bis/eng/teams/index_db.html>DeNA</a>,EL
Cordero Remy,22,2,1,0,0,0,121,25.1,20,3,35,26,0,1,2,17,14,4.97,5.53,4.06,1.82,72,131,105,-0.56,2.5%,28.9%,21.5%,7.4%,<a href=https://npb.jp/bis/eng/teams/index_db.html>DeNA</a>,EL
Diaz Yofrec,13,1,2,0,0,0,74,13.2,12,0,10,22,0,0,3,14,12,7.90,6.92,6.42,2.49,46,165,166,0.98,0.0%,13.5%,29.7%,-16.2%,<a href=https://npb.jp/bis/eng/teams/index_db.html>DeNA</a>,EL
Escobar Edwin,4,1,0,0,0,0,15,4.0,1,0,4,1,0,0,0,0,0,0.00,2.31,2.80,0.50,999,55,72,-2.31,0.0%,26.7%,6.7%,20.0%,<a href=https://npb.jp/bis/eng/teams/index_db.html>DeNA</a>,EL
Fujioka Yoshiaki,21,1,2,3,0,0,85,21.0,17,3,15,8,0,1,0,9,8,3.43,5.27,3.98,1.19,105,125,103,-1.84,3.5%,17.6%,9.4%,8.2%,<a href=https://npb.jp/bis/eng/teams/index_db.html>DeNA</a>,EL
Hamaguchi Haruhiro,2,1,0,0,0,0,35,8.1,7,0,8,3,0,1,1,2,2,2.16,3.07,3.37,1.20,167,73,87,-0.91,0.0%,22.9%,8.6%,14.3%,<a href=https://npb.jp/bis/eng/teams/index_db.html>DeNA</a>,EL
Hamaya Kodai,18,2,1,0,0,0,114,25.0,19,0,18,21,0,3,2,17,10,3.60,5.00,5.06,1.60,100,119,131,-1.40,0.0%,15.8%,18.4%,-2.6%,<a href=https://npb.jp/bis/eng/teams/index_db.html>DeNA</a>,EL
Iizuka Satoshi,27,1,2,0,0,0,217,39.0,67,3,26,30,0,2,4,50,39,9.00,5.68,4.98,2.49,40,135,129,3.32,1.4%,12.0%,13.8%,-1.8%,<a href=https://npb.jp/bis/eng/teams/index_db.html>DeNA</a>,EL
Inoh Shoichi,2,0,0,0,0,0,22,6.0,2,0,5,3,0,0,0,0,0,0.00,3.39,3.89,0.83,999,81,101,-3.39,0.0%,22.7%,13.6%,9.1%,<a href=https://npb.jp/bis/eng/teams/index_db.html>DeNA</a>,EL
Ise Hiromu,10,0,0,1,0,0,38,10.1,4,1,10,4,0,1,0,1,1,0.87,4.33,3.22,0.77,414,103,83,-3.46,2.6%,26.3%,10.5%,15.8%,<a href=https://npb.jp/bis/eng/teams/index_db.html>DeNA</a>,EL
Kamichatani Taiga,6,1,1,0,0,0,90,23.0,17,0,30,3,0,1,1,6,4,1.57,1.47,1.80,0.87,229,35,47,0.10,0.0%,33.3%,3.3%,30.0%,<a href=https://npb.jp/bis/eng/teams/index_db.html>DeNA</a>,EL
Kasai Takamasa,27,4,4,1,0,0,130,26.2,30,3,33,16,0,3,5,16,12,4.05,4.68,3.49,1.73,89,111,90,-0.63,2.3%,25.4%,12.3%,13.1%,<a href=https://npb.jp/bis/eng/teams/index_db.html>DeNA</a>,EL
Katsumata Atsushi,1,0,0,0,0,0,6,1.0,2,0,0,1,0,0,0,2,2,18.00,6.56,6.47,3.00,20,156,167,11.44,0.0%,0.0%,16.7%,-16.7%,<a href=https://npb.jp/bis/eng/teams/index_db.html>DeNA</a>,EL
Komura Toru,4,0,0,0,0,0,22,4.0,5,0,4,5,0,1,1,1,1,2.25,6.06,5.25,2.50,160,144,136,-3.81,0.0%,18.2%,22.7%,-4.5%,<a href=https://npb.jp/bis/eng/teams/index_db.html>DeNA</a>,EL
Kyoyama Masaya,8,0,2,0,0,0,144,31.2,37,7,31,15,0,0,2,20,20,5.68,5.89,3.69,1.64,63,140,95,-0.21,4.9%,21.5%,10.4%,11.1%,<a href=https://npb.jp/bis/eng/teams/index_db.html>DeNA</a>,EL
Mikami Tomoya,22,2,2,7,0,0,88,21.1,18,1,18,7,0,0,1,10,8,3.38,3.46,3.55,1.17,107,82,92,-0.08,1.1%,20.5%,8.0%,12.5%,<a href=https://npb.jp/bis/eng/teams/index_db.html>DeNA</a>,EL
Miyagi Daita,12,5,4,0,1,0,273,64.0,63,5,33,26,0,2,3,28,22,3.09,4.85,4.54,1.39,117,115,117,-1.76,1.8%,12.1%,9.5%,2.6%,<a href=https://npb.jp/bis/eng/teams/index_db.html>DeNA</a>,EL
Mutoh Yuta,2,1,0,0,0,0,15,4.0,3,0,3,0,0,0,0,0,0,0.00,2.06,2.80,0.75,999,49,72,-2.06,0.0%,20.0%,0.0%,20.0%,<a href=https://npb.jp/bis/eng/teams/index_db.html>DeNA</a>,EL
Nakagawa Koh,8,1,1,0,0,0,145,34.0,26,2,26,20,0,3,2,16,14,3.71,4.82,4.39,1.35,97,115,113,-1.11,1.4%,17.9%,13.8%,4.1%,<a href=https://npb.jp/bis/eng/teams/index_db.html>DeNA</a>,EL
Ohnuki Shinichi,2,1,0,0,0,0,46,11.0,13,0,9,1,0,0,2,3,1,0.82,2.19,3.06,1.27,439,52,79,-1.37,0.0%,19.6%,2.2%,17.4%,<a href=https://npb.jp/bis/eng/teams/index_db.html>DeNA</a>,EL
Peoples Michael,6,1,2,0,0,0,103,23.0,27,0,22,5,0,1,0,14,12,4.70,2.42,3.15,1.39,77,58,81,2.28,0.0%,21.4%,4.9%,16.5%,<a href=https://npb.jp/bis/eng/teams/index_db.html>DeNA</a>,EL
Saito Shunsuke,7,0,1,0,0,0,35,7.0,11,0,10,4,0,1,0,5,5,6.43,2.84,3.09,2.14,56,68,80,3.59,0.0%,28.6%,11.4%,17.2%,<a href=https://npb.jp/bis/eng/teams/index_db.html>DeNA</a>,EL
Sakaguchi Kousuke,12,4,1,0,0,0,245,61.0,53,1,43,20,0,2,1,21,14,2.07,3.44,3.86,1.20,174,82,100,-1.37,0.4%,17.6%,8.2%,9.4%,<a href=https://npb.jp/bis/eng/teams/index_db.html>DeNA</a>,EL
Sakamoto Yuya,4,0,0,0,0,0,71,18.1,9,0,14,10,0,0,0,3,3,1.47,3.66,4.24,1.04,245,87,110,-2.19,0.0%,19.7%,14.1%,5.6%,<a href=https://npb.jp/bis/eng/teams/index_db.html>DeNA</a>,EL
Sakurai Shuto,17,0,2,1,0,0,147,29.0,40,2,31,24,0,3,1,21,21,6.52,5.11,4.32,2.21,55,121,112,1.41,1.4%,21.1%,16.3%,4.8%,<a href=https://npb.jp/bis/eng/teams/index_db.html>DeNA</a>,EL
Shindoh Takuya,20,2,2,10,0,0,98,21.0,19,0,27,15,0,2,0,8,6,2.57,3.41,3.58,1.62,140,81,93,-0.84,0.0%,27.6%,15.3%,12.3%,<a href=https://npb.jp/bis/eng/teams/index_db.html>DeNA</a>,EL
Sunada Yoshiki,29,3,0,5,0,0,112,27.1,24,1,28,8,0,1,1,5,4,1.32,2.97,3.01,1.17,273,71,78,-1.65,0.9%,25.0%,7.1%,17.9%,<a href=https://npb.jp/bis/eng/teams/index_db.html>DeNA</a>,EL
Taira Kentaro,3,1,0,0,0,0,44,10.2,11,0,5,1,0,0,0,5,2,1.69,2.90,3.89,1.13,213,69,101,-1.21,0.0%,11.4%,2.3%,9.1%,<a href=https://npb.jp/bis/eng/teams/index_db.html>DeNA</a>,EL
De La Rosa Rubby,1,0,0,0,0,0,3,1.0,0,0,1,1,0,0,0,0,0,0.00,4.56,4.80,1.00,999,104,124,-4.56,0.0%,33.3%,33.3%,0.0%,<a href=https://npb.jp/bis/eng/teams/index_g.html>Yomiuri</a>,EL
Diplan Nattino,11,1,2,0,0,0,208,46.2,50,3,34,23,0,4,3,28,22,4.24,4.67,4.27,1.56,89,106,110,-0.43,1.4%,16.3%,11.1%,5.2%,<a href=https://npb.jp/bis/eng/teams/index_g.html>Yomiuri</a>,EL
Fujioka Takahiro,22,3,2,0,0,0,121,29.1,25,1,22,11,0,1,2,15,12,3.68,3.73,3.89,1.23,102,85,101,-0.05,0.8%,18.2%,9.1%,9.1%,<a href=https://npb.jp/bis/eng/teams/index_g.html>Yomiuri</a>,EL
Furukawa Yuri,32,0,1,2,0,0,216,49.1,44,5,52,21,0,0,1,25,16,2.92,4.04,3.36,1.32,129,92,87,-1.12,2.3%,24.1%,9.7%,14.4%,<a href=https://npb.jp/bis/eng/teams/index_g.html>Yomiuri</a>,EL
Hatake Seishu,5,1,2,1,0,0,105,25.2,22,2,25,8,0,0,0,13,12,4.21,3.56,3.18,1.17,90,81,82,0.65,1.9%,23.8%,7.6%,16.2%,<a href=https://npb.jp/bis/eng/teams/index_g.html>Yomiuri</a>,EL
Hirai Kaisei,2,0,0,0,0,0,13,2.0,2,1,1,5,0,0,1,4,4,18.00,16.56,7.88,3.50,21,376,204,1.44,7.7%,7.7%,38.5%,-30.8%,<a href=https://npb.jp/bis/eng/teams/index_g.html>Yomiuri</a>,EL
Horioka Hayato,27,2,1,3,0,0,198,47.1,36,3,36,24,0,3,3,16,14,2.66,4.57,4.19,1.27,142,104,108,-1.91,1.5%,18.2%,12.1%,6.1%,<a href=https://npb.jp/bis/eng/teams/index_g.html>Yomiuri</a>,EL
Imamura Nobutaka,5,1,1,0,0,0,102,25.0,23,2,13,4,0,2,1,12,11,3.96,4.28,3.92,1.08,95,97,101,-0.32,2.0%,12.7%,3.9%,8.8%,<a href=https://npb.jp/bis/eng/teams/index_g.html>Yomiuri</a>,EL
Inoue Haruto,9,1,1,0,0,0,132,30.0,38,3,18,12,0,1,4,16,16,4.80,4.96,4.35,1.67,79,113,112,-0.16,2.3%,13.6%,9.1%,4.5%,<a href=https://npb.jp/bis/eng/teams/index_g.html>Yomiuri</a>,EL
Kuwahara Takuya,4,2,1,0,0,0,83,19.2,17,2,12,7,0,0,1,6,5,2.29,4.72,4.20,1.22,165,107,109,-2.43,2.4%,14.5%,8.4%,6.1%,<a href=https://npb.jp/bis/eng/teams/index_g.html>Yomiuri</a>,EL
Miyaguni Ryosuke,4,2,1,0,0,0,75,17.0,18,1,15,5,0,1,0,10,7,3.71,3.61,3.47,1.35,102,82,90,0.10,1.3%,20.0%,6.7%,13.3%,<a href=https://npb.jp/bis/eng/teams/index_g.html>Yomiuri</a>,EL
Naoe Daisuke,5,2,2,0,0,0,104,24.0,23,3,23,7,0,1,2,13,13,4.88,4.26,3.26,1.25,77,97,84,0.62,2.9%,22.1%,6.7%,15.4%,<a href=https://npb.jp/bis/eng/teams/index_g.html>Yomiuri</a>,EL
Nogami Ryoma,18,0,3,0,0,0,211,47.0,58,8,28,17,0,0,3,27,26,4.98,5.66,4.28,1.60,76,129,111,-0.68,3.8%,13.3%,8.1%,5.2%,<a href=https://npb.jp/bis/eng/teams/index_g.html>Yomiuri</a>,EL
Numata Shohei,33,5,1,6,0,0,144,34.2,28,4,35,15,2,1,1,11,11,2.86,4.42,3.41,1.24,132,100,88,-1.56,2.8%,24.3%,10.4%,13.9%,<a href=https://npb.jp/bis/eng/teams/index_g.html>Yomiuri</a>,EL
Ohe Ryusei,8,0,0,0,0,0,37,8.0,10,0,11,2,0,0,0,3,3,3.38,1.56,2.37,1.50,111,35,61,1.82,0.0%,29.7%,5.4%,24.3%,<a href=https://npb.jp/bis/eng/teams/index_g.html>Yomiuri</a>,EL
Ohta Ryu,17,5,6,0,0,0,381,90.1,104,9,60,26,0,3,2,44,41,4.08,4.48,3.91,1.44,92,102,101,-0.40,2.4%,15.7%,6.8%,8.9%,<a href=https://npb.jp/bis/eng/teams/index_g.html>Yomiuri</a>,EL
Ohtake Kan,4,1,0,0,0,0,15,4.0,4,0,2,0,0,0,0,0,0,0.00,2.56,3.47,1.00,999,58,90,-2.56,0.0%,13.3%,0.0%,13.3%,<a href=https://npb.jp/bis/eng/teams/index_g.html>Yomiuri</a>,EL
Ramos Reimin,9,0,0,0,0,0,39,10.2,5,0,11,3,0,0,1,1,1,0.84,2.34,2.75,0.75,449,53,71,-1.50,0.0%,28.2%,7.7%,20.5%,<a href=https://npb.jp/bis/eng/teams/index_g.html>Yomiuri</a>,EL
Sakurai Toshiki,4,2,0,0,0,0,66,17.0,16,0,10,5,0,1,0,3,3,1.59,3.44,4.04,1.24,237,78,104,-1.85,0.0%,15.2%,7.6%,7.6%,<a href=https://npb.jp/bis/eng/teams/index_g.html>Yomiuri</a>,EL
Sanchez Angel,2,0,1,0,0,0,41,9.1,5,1,8,8,0,0,1,7,6,5.79,5.81,4.80,1.39,65,132,124,-0.02,2.4%,19.5%,19.5%,0.0%,<a href=https://npb.jp/bis/eng/teams/index_g.html>Yomiuri</a>,EL
Sawamura Hirokazu,7,0,1,0,0,0,34,7.0,4,0,2,10,1,0,1,5,1,1.29,7.27,7.15,2.00,292,165,185,-5.98,0.0%,5.9%,29.4%,-23.5%,<a href=https://npb.jp/bis/eng/teams/index_g.html>Yomiuri</a>,EL
Taguchi Kazuto,3,0,0,0,0,0,28,9.0,2,0,10,1,0,0,0,0,0,0.00,1.67,1.59,0.33,999,38,41,-1.67,0.0%,35.7%,3.6%,32.1%,<a href=https://npb.jp/bis/eng/teams/index_g.html>Yomiuri</a>,EL
Tahara Seiji,35,1,1,0,0,0,136,29.1,39,1,18,11,1,2,0,26,23,7.06,4.10,4.29,1.70,53,93,111,2.96,0.7%,13.2%,8.1%,5.1%,<a href=https://npb.jp/bis/eng/teams/index_g.html>Yomiuri</a>,EL
Takahashi Yuki,5,1,2,0,0,0,103,21.0,29,2,15,18,0,1,0,17,14,6.00,6.08,5.09,2.24,63,138,132,-0.08,1.9%,14.6%,17.5%,-2.9%,<a href=https://npb.jp/bis/eng/teams/index_g.html>Yomiuri</a>,EL
Takai Suguru,1,1,0,0,0,0,8,2.0,0,0,2,3,0,0,0,0,0,0.00,6.06,6.05,1.50,999,138,156,-6.06,0.0%,25.0%,37.5%,-12.5%,<a href=https://npb.jp/bis/eng/teams/index_g.html>Yomiuri</a>,EL
Takanashi Yuhei,1,0,0,0,0,0,3,0.2,1,0,0,0,0,0,0,0,0,0.00,3.56,4.80,1.50,999,81,124,-3.56,0.0%,0.0%,0.0%,0.0%,<a href=https://npb.jp/bis/eng/teams/index_g.html>Yomiuri</a>,EL
Takata Hosei,1,0,0,0,0,0,6,0.2,3,0,1,1,0,0,0,2,2,27.00,5.06,4.80,6.00,14,115,124,21.94,0.0%,16.7%,16.7%,0.0%,<a href=https://npb.jp/bis/eng/teams/index_g.html>Yomiuri</a>,EL
Tanaka Toyoki,12,1,0,3,0,0,43,11.1,6,0,19,3,0,0,2,3,3,2.38,1.00,1.08,0.79,158,23,28,1.38,0.0%,44.2%,7.0%,37.2%,<a href=https://npb.jp/bis/eng/teams/index_g.html>Yomiuri</a>,EL
Tanaka Yudai,12,0,1,0,0,0,48,9.1,10,1,9,8,0,2,0,7,6,5.79,6.23,4.59,1.93,65,142,119,-0.44,2.1%,18.8%,16.7%,2.1%,<a href=https://npb.jp/bis/eng/teams/index_g.html>Yomiuri</a>,EL
Tanioka Tappei,3,0,0,0,0,0,12,3.0,2,0,0,1,0,0,0,1,1,3.00,4.56,5.63,1.00,126,104,145,-1.56,0.0%,0.0%,8.3%,-8.3%,<a href=https://npb.jp/bis/eng/teams/index_g.html>Yomiuri</a>,EL
Tatsumi Daisuke,2,0,0,0,0,0,5,0.1,3,0,0,1,0,0,1,3,3,81.00,12.56,6.80,12.00,5,286,176,68.44,0.0%,0.0%,20.0%,-20.0%,<a href=https://npb.jp/bis/eng/teams/index_g.html>Yomiuri</a>,EL
Vieira Thyago,16,0,0,5,0,0,59,15.1,10,0,17,2,0,2,1,3,3,1.76,2.12,2.26,0.78,214,48,58,-0.36,0.0%,28.8%,3.4%,25.4%,<a href=https://npb.jp/bis/eng/teams/index_g.html>Yomiuri</a>,EL
Yamakawa Tomohiro,17,5,2,0,0,0,157,39.2,28,4,37,15,0,1,1,11,11,2.50,4.21,3.40,1.08,151,96,88,-1.71,2.5%,23.6%,9.6%,14.0%,<a href=https://npb.jp/bis/eng/teams/index_g.html>Yomiuri</a>,EL
Yokogawa Kai,7,1,1,0,0,0,91,20.2,19,1,10,9,0,3,1,10,8,3.48,4.96,4.69,1.35,108,113,121,-1.48,1.1%,11.0%,9.9%,1.1%,<a href=https://npb.jp/bis/eng/teams/index_g.html>Yomiuri</a>,EL
Hara Juri,10,0,4,0,0,0,172,39.0,48,6,26,6,0,3,2,26,22,5.08,4.91,3.64,1.38,72,114,94,0.17,3.5%,15.1%,3.5%,11.6%,<a href=https://npb.jp/bis/eng/teams/index_s.html>Yakult</a>,EL
Higuma Julius,10,0,0,0,0,0,59,12.1,13,1,7,9,0,1,1,6,6,4.38,5.91,5.14,1.78,84,138,133,-1.53,1.7%,11.9%,15.3%,-3.4%,<a href=https://npb.jp/bis/eng/teams/index_s.html>Yakult</a>,EL
Hoshi Tomoya,6,0,0,1,0,0,29,7.0,6,2,6,2,0,0,0,3,3,3.86,6.41,3.42,1.14,95,149,88,-2.55,6.9%,20.7%,6.9%,13.8%,<a href=https://npb.jp/bis/eng/teams/index_s.html>Yakult</a>,EL
Ichikawa Yuta,12,0,4,0,0,0,126,28.0,30,5,22,9,0,3,0,24,17,5.46,5.59,3.77,1.39,67,130,97,-0.13,4.0%,17.5%,7.1%,10.4%,<a href=https://npb.jp/bis/eng/teams/index_s.html>Yakult</a>,EL
Igarashi Ryota,23,1,0,1,0,0,102,22.2,25,4,13,9,0,0,0,14,13,5.16,5.89,4.41,1.50,71,137,114,-0.73,3.9%,12.7%,8.8%,3.9%,<a href=https://npb.jp/bis/eng/teams/index_s.html>Yakult</a>,EL
Ishikawa Masanori,2,0,0,0,0,0,26,6.0,5,1,2,3,0,0,0,3,2,3.00,6.56,5.18,1.33,123,153,134,-3.56,3.8%,7.7%,11.5%,-3.8%,<a href=https://npb.jp/bis/eng/teams/index_s.html>Yakult</a>,EL
Kanakubo Yuto,14,1,2,0,0,0,134,31.1,33,3,21,11,0,0,3,18,14,4.02,4.51,4.05,1.40,91,105,105,-0.49,2.2%,15.7%,8.2%,7.5%,<a href=https://npb.jp/bis/eng/teams/index_s.html>Yakult</a>,EL
Kazahari Ren,19,3,0,3,0,0,77,19.2,18,0,13,5,1,0,0,5,4,1.83,3.00,3.76,1.17,201,70,97,-1.17,0.0%,16.9%,6.5%,10.4%,<a href=https://npb.jp/bis/eng/teams/index_s.html>Yakult</a>,EL
Koch Matt,13,5,2,0,0,0,152,36.1,34,5,17,9,0,2,3,19,16,3.96,5.32,4.27,1.18,93,124,110,-1.36,3.3%,11.2%,5.9%,5.3%,<a href=https://npb.jp/bis/eng/teams/index_s.html>Yakult</a>,EL
Kondoh Kazuki,14,2,1,2,0,0,55,13.2,11,0,11,3,0,0,1,3,3,1.98,2.60,3.35,1.02,186,61,87,-0.62,0.0%,20.0%,5.5%,14.5%,<a href=https://npb.jp/bis/eng/teams/index_s.html>Yakult</a>,EL
Konno Ryuta,12,0,1,0,0,0,61,13.1,10,0,13,11,0,0,2,7,6,4.05,4.08,4.47,1.58,91,95,116,-0.03,0.0%,21.3%,18.0%,3.3%,<a href=https://npb.jp/bis/eng/teams/index_s.html>Yakult</a>,EL
Kubo Takuma,12,2,1,0,0,0,140,33.2,28,0,35,13,0,2,3,10,10,2.67,2.81,3.23,1.22,138,65,83,-0.14,0.0%,25.0%,9.3%,15.7%,<a href=https://npb.jp/bis/eng/teams/index_s.html>Yakult</a>,EL
Kuramoto Harutaka,17,2,0,1,0,0,69,15.2,17,1,8,10,0,2,1,8,7,4.02,5.66,5.09,1.72,91,132,132,-1.64,1.4%,11.6%,14.5%,-2.9%,<a href=https://npb.jp/bis/eng/teams/index_s.html>Yakult</a>,EL
Nakao Hikaru,21,0,1,1,0,0,92,23.0,16,2,26,10,1,1,2,7,7,2.74,3.86,3.06,1.13,134,90,79,-1.12,2.2%,28.3%,10.9%,17.4%,<a href=https://npb.jp/bis/eng/teams/index_s.html>Yakult</a>,EL
Nakazawa Masato,9,0,0,1,0,0,30,8.0,4,0,11,1,0,0,1,0,0,0.00,1.18,1.47,0.62,999,27,38,-1.18,0.0%,36.7%,3.3%,33.4%,<a href=https://npb.jp/bis/eng/teams/index_s.html>Yakult</a>,EL
Ohnishi Hiroki,14,3,3,0,1,0,228,53.2,61,4,34,14,0,0,3,31,21,3.52,4.04,3.92,1.40,104,94,101,-0.52,1.8%,14.9%,6.1%,8.8%,<a href=https://npb.jp/bis/eng/teams/index_s.html>Yakult</a>,EL
Ohshita Yuma,13,1,0,0,0,0,49,12.2,13,2,9,0,0,0,2,6,6,4.26,4.19,2.96,1.03,86,98,76,0.07,4.1%,18.4%,0.0%,18.4%,<a href=https://npb.jp/bis/eng/teams/index_s.html>Yakult</a>,EL
Okugawa Yasunobu,7,1,1,0,0,0,69,19.2,11,1,18,2,0,0,0,4,4,1.83,2.69,2.48,0.66,201,63,64,-0.86,1.4%,26.1%,2.9%,23.2%,<a href=https://npb.jp/bis/eng/teams/index_s.html>Yakult</a>,EL
Saiuchi Hiroaki,1,1,0,0,0,0,20,6.0,3,0,5,0,0,0,0,0,0,0.00,1.89,2.30,0.50,999,44,59,-1.89,0.0%,25.0%,0.0%,25.0%,<a href=https://npb.jp/bis/eng/teams/index_s.html>Yakult</a>,EL
Sakamoto Koshiro,28,0,2,2,0,0,147,30.0,34,4,28,20,0,4,1,18,15,4.50,5.82,4.26,1.80,82,136,110,-1.32,2.7%,19.0%,13.6%,5.4%,<a href=https://npb.jp/bis/eng/teams/index_s.html>Yakult</a>,EL
Suarez Albert,4,1,1,0,0,0,67,13.0,24,0,12,6,0,0,2,15,15,10.38,3.09,3.90,2.31,35,72,101,7.29,0.0%,17.9%,9.0%,8.9%,<a href=https://npb.jp/bis/eng/teams/index_s.html>Yakult</a>,EL
Sugiyama Koki,9,0,0,0,0,0,37,7.0,5,0,3,10,0,1,1,5,4,5.14,7.41,6.69,2.14,72,173,173,-2.27,0.0%,8.1%,27.0%,-18.9%,<a href=https://npb.jp/bis/eng/teams/index_s.html>Yakult</a>,EL
Suzuki Yuta,24,1,2,2,0,0,108,23.2,29,6,16,9,0,2,3,14,13,4.94,6.89,4.15,1.61,74,161,107,-1.95,5.6%,14.8%,8.3%,6.5%,<a href=https://npb.jp/bis/eng/teams/index_s.html>Yakult</a>,EL
Tagawa Kengo,20,0,1,2,0,0,145,37.0,30,2,41,9,0,1,3,8,8,1.95,2.85,2.59,1.05,189,66,67,-0.90,1.4%,28.3%,6.2%,22.1%,<a href=https://npb.jp/bis/eng/teams/index_s.html>Yakult</a>,EL
Takahashi Keiji,4,2,0,0,0,0,78,21.0,11,0,20,6,0,2,1,3,3,1.29,2.79,3.01,0.81,285,65,78,-1.50,0.0%,25.6%,7.7%,17.9%,<a href=https://npb.jp/bis/eng/teams/index_s.html>Yakult</a>,EL
Terashima Naruki,9,1,0,0,0,0,40,11.1,6,0,15,0,0,0,0,0,0,0.00,0.91,1.05,0.53,999,21,27,-0.91,0.0%,37.5%,0.0%,37.5%,<a href=https://npb.jp/bis/eng/teams/index_s.html>Yakult</a>,EL
Umeno Yugo,5,0,0,0,0,0,22,5.0,4,1,3,1,0,0,0,3,0,0.00,5.56,3.89,1.00,999,130,101,-5.56,4.5%,13.6%,4.5%,9.1%,<a href=https://npb.jp/bis/eng/teams/index_s.html>Yakult</a>,EL
Yamada Hiroki,15,2,6,0,0,0,270,63.1,76,11,33,17,0,3,0,36,32,4.55,5.72,4.21,1.47,81,133,109,-1.17,4.1%,12.2%,6.3%,5.9%,<a href=https://npb.jp/bis/eng/teams/index_s.html>Yakult</a>,EL
Yamanaka Hirofumi,8,0,3,0,0,0,120,28.0,29,7,10,8,0,2,0,15,15,4.82,7.16,4.63,1.32,76,167,120,-2.34,5.8%,8.3%,6.7%,1.6%,<a href=https://npb.jp/bis/eng/teams/index_s.html>Yakult</a>,EL
Ynoa Gabriel,8,1,3,0,0,0,148,36.0,31,5,19,9,0,2,0,16,14,3.50,5.22,4.12,1.11,105,122,106,-1.72,3.4%,12.8%,6.1%,6.7%,<a href=https://npb.jp/bis/eng/teams/index_s.html>Yakult</a>,EL
Yoshida Daiki,3,2,0,0,0,0,41,10.0,10,0,14,2,0,1,1,2,2,1.80,1.66,1.87,1.20,204,39,48,0.14,0.0%,34.1%,4.9%,29.2%,<a href=https://npb.jp/bis/eng/teams/index_s.html>Yakult</a>,EL
Achira Takuma,12,0,0,0,0,0,100,24.2,21,2,16,8,0,1,0,10,6,2.19,4.41,4.00,1.18,193,89,103,-2.22,2.0%,16.0%,8.0%,8.0%,<a href=https://npb.jp/bis/eng/teams/index_d.html>Chunichi</a>,WL
Brito Sandy,4,0,0,0,0,0,20,3.0,4,0,0,5,0,1,2,6,5,15.00,9.56,7.30,3.00,28,194,189,5.44,0.0%,0.0%,25.0%,-25.0%,<a href=https://npb.jp/bis/eng/teams/index_d.html>Chunichi</a>,WL
Fujishima Kento,15,1,1,1,0,0,60,15.0,13,1,19,2,0,0,0,4,4,2.40,2.29,1.97,1.00,176,46,51,0.11,1.7%,31.7%,3.3%,28.4%,<a href=https://npb.jp/bis/eng/teams/index_d.html>Chunichi</a>,WL
Fukutani Koji,3,1,0,0,0,0,46,11.0,10,0,9,2,0,0,0,3,1,0.82,2.46,3.28,1.09,516,50,85,-1.64,0.0%,19.6%,4.3%,15.3%,<a href=https://npb.jp/bis/eng/teams/index_d.html>Chunichi</a>,WL
Gonzalez Luis,6,0,0,1,0,0,26,7.0,4,1,11,1,0,0,0,2,2,2.57,2.70,0.95,0.71,165,55,25,-0.13,3.8%,42.3%,3.8%,38.5%,<a href=https://npb.jp/bis/eng/teams/index_d.html>Chunichi</a>,WL
Hamada Tatsuro,25,0,1,1,0,0,84,20.0,16,0,20,7,0,1,0,8,3,1.35,2.76,3.25,1.15,313,56,84,-1.41,0.0%,23.8%,8.3%,15.5%,<a href=https://npb.jp/bis/eng/teams/index_d.html>Chunichi</a>,WL
Hamada Tomohiro,26,0,1,0,0,0,81,16.2,23,1,9,9,0,1,1,11,11,5.94,5.06,4.80,1.92,71,103,124,0.88,1.2%,11.1%,11.1%,0.0%,<a href=https://npb.jp/bis/eng/teams/index_d.html>Chunichi</a>,WL
Hashimoto Yuki,11,0,1,0,0,0,79,19.1,22,1,13,0,0,0,0,7,7,3.26,2.88,3.15,1.14,130,58,81,0.38,1.3%,16.5%,0.0%,16.5%,<a href=https://npb.jp/bis/eng/teams/index_d.html>Chunichi</a>,WL
Ishida KentoMarc,23,0,1,3,0,0,87,22.0,19,3,15,5,0,1,0,6,5,2.05,4.78,3.65,1.09,206,97,94,-2.73,3.4%,17.2%,5.7%,11.5%,<a href=https://npb.jp/bis/eng/teams/index_d.html>Chunichi</a>,WL
Ishikawa Sho,3,0,0,0,0,0,14,3.0,1,0,3,4,0,1,1,2,2,6.00,6.56,5.51,1.67,70,133,142,-0.56,0.0%,21.4%,28.6%,-7.2%,<a href=https://npb.jp/bis/eng/teams/index_d.html>Chunichi</a>,WL
Itoh Junki,8,0,1,2,0,0,25,6.0,6,0,6,2,0,0,0,3,3,4.50,2.56,3.20,1.33,94,52,83,1.94,0.0%,24.0%,8.0%,16.0%,<a href=https://npb.jp/bis/eng/teams/index_d.html>Chunichi</a>,WL
Kasahara Shotaro,10,2,3,0,0,0,213,49.1,49,4,32,17,0,2,1,25,22,4.01,4.47,4.10,1.34,105,91,106,-0.46,1.9%,15.0%,8.0%,7.0%,<a href=https://npb.jp/bis/eng/teams/index_d.html>Chunichi</a>,WL
Katsuno Akiyoshi,4,1,0,0,1,0,73,20.1,9,0,11,4,0,1,1,2,2,0.89,3.21,3.84,0.64,475,65,99,-2.32,0.0%,15.1%,5.5%,9.6%,<a href=https://npb.jp/bis/eng/teams/index_d.html>Chunichi</a>,WL
Kinoshita Yusuke,8,0,1,0,0,0,36,8.2,8,0,6,2,1,0,0,1,0,0.00,2.86,3.69,1.15,999,58,95,-2.86,0.0%,16.7%,5.6%,11.1%,<a href=https://npb.jp/bis/eng/teams/index_d.html>Chunichi</a>,WL
Maruyama Taisuke,1,0,0,0,0,0,4,1.0,1,0,0,0,0,0,0,0,0,0.00,3.56,4.80,1.00,999,72,124,-3.56,0.0%,0.0%,0.0%,0.0%,<a href=https://npb.jp/bis/eng/teams/index_d.html>Chunichi</a>,WL
Matayoshi Katsuki,6,1,0,0,0,0,22,5.1,6,0,6,0,0,0,0,0,0,0.00,1.30,2.07,1.13,999,26,53,-1.30,0.0%,27.3%,0.0%,27.3%,<a href=https://npb.jp/bis/eng/teams/index_d.html>Chunichi</a>,WL
Matsuba Takahiro,2,1,1,0,0,0,52,13.0,14,0,7,2,0,0,0,8,8,5.54,2.94,3.84,1.23,76,60,99,2.60,0.0%,13.5%,3.8%,9.7%,<a href=https://npb.jp/bis/eng/teams/index_d.html>Chunichi</a>,WL
Mitsuma Takuya,23,1,2,0,0,0,92,21.2,19,0,24,7,0,3,1,14,12,4.98,2.72,2.95,1.20,85,55,76,2.26,0.0%,26.1%,7.6%,18.5%,<a href=https://npb.jp/bis/eng/teams/index_d.html>Chunichi</a>,WL
Ogasawara Shinnosuke,8,1,3,0,1,0,206,50.1,56,3,27,11,0,2,4,26,23,4.11,4.03,4.02,1.33,103,82,104,0.08,1.5%,13.1%,5.3%,7.8%,<a href=https://npb.jp/bis/eng/teams/index_d.html>Chunichi</a>,WL
Oguma Ryosuke,12,0,2,0,0,0,84,17.2,28,2,16,3,0,3,1,12,10,5.09,4.23,3.25,1.75,83,86,84,0.86,2.4%,19.0%,3.6%,15.4%,<a href=https://npb.jp/bis/eng/teams/index_d.html>Chunichi</a>,WL
Ohkura Akito,12,0,0,0,0,0,54,11.2,11,2,10,8,0,1,0,9,8,6.17,6.38,4.43,1.63,69,129,114,-0.21,3.7%,18.5%,14.8%,3.7%,<a href=https://npb.jp/bis/eng/teams/index_d.html>Chunichi</a>,WL
Okada Toshiya,8,0,3,0,0,0,57,11.1,17,2,9,9,0,0,2,13,13,10.32,6.64,4.80,2.29,41,135,124,3.68,3.5%,15.8%,15.8%,0.0%,<a href=https://npb.jp/bis/eng/teams/index_d.html>Chunichi</a>,WL
Okano Yuichiro,6,3,0,0,0,0,119,29.2,25,1,24,7,0,0,0,6,5,1.52,3.08,3.37,1.08,278,62,87,-1.56,0.8%,20.2%,5.9%,14.3%,<a href=https://npb.jp/bis/eng/teams/index_d.html>Chunichi</a>,WL
Rodriguez Yariel,6,3,0,0,0,0,79,22.2,7,0,18,8,0,2,0,1,1,0.40,3.29,3.53,0.66,1057,67,91,-2.89,0.0%,22.8%,10.1%,12.7%,<a href=https://npb.jp/bis/eng/teams/index_d.html>Chunichi</a>,WL
Satoh Yu,23,2,1,6,0,0,116,25.2,25,2,15,15,0,2,0,16,16,5.61,5.39,4.80,1.56,75,109,124,0.22,1.7%,12.9%,12.9%,0.0%,<a href=https://npb.jp/bis/eng/teams/index_d.html>Chunichi</a>,WL
Shimizu Tatsuya,11,4,1,0,1,0,182,45.2,30,1,40,15,0,2,1,12,7,1.38,3.20,3.43,0.99,306,65,89,-1.82,0.5%,22.0%,8.2%,13.8%,<a href=https://npb.jp/bis/eng/teams/index_d.html>Chunichi</a>,WL
Suzuki Hiroshi,16,2,1,1,0,0,74,15.0,23,1,11,3,0,1,2,15,8,4.80,3.76,3.72,1.73,88,76,96,1.04,1.4%,14.9%,4.1%,10.8%,<a href=https://npb.jp/bis/eng/teams/index_d.html>Chunichi</a>,WL
Suzuki Shota,18,2,2,2,0,0,116,26.2,23,3,11,14,0,2,1,17,17,5.74,5.99,5.06,1.39,74,121,131,-0.25,2.6%,9.5%,12.1%,-2.6%,<a href=https://npb.jp/bis/eng/teams/index_d.html>Chunichi</a>,WL
Tanimoto Keisuke,5,0,0,0,0,0,17,5.0,1,0,5,1,0,0,0,0,0,0.00,2.16,2.45,0.40,999,44,63,-2.16,0.0%,29.4%,5.9%,23.5%,<a href=https://npb.jp/bis/eng/teams/index_d.html>Chunichi</a>,WL
Umetsu Kodai,3,0,1,0,0,0,37,8.0,12,1,5,2,0,1,0,7,7,7.88,5.06,3.99,1.75,54,103,103,2.82,2.7%,13.5%,5.4%,8.1%,<a href=https://npb.jp/bis/eng/teams/index_d.html>Chunichi</a>,WL
Yamai Daisuke,15,1,0,1,0,0,73,18.1,12,2,15,4,0,1,4,5,3,1.47,4.16,3.29,0.87,288,84,85,-2.69,2.7%,20.5%,5.5%,15.0%,<a href=https://npb.jp/bis/eng/teams/index_d.html>Chunichi</a>,WL
Yamamoto Takumi,8,4,2,0,0,0,182,44.2,41,7,28,13,0,0,2,16,16,3.22,5.21,3.98,1.21,131,106,103,-1.99,3.8%,15.4%,7.1%,8.3%,<a href=https://npb.jp/bis/eng/teams/index_d.html>Chunichi</a>,WL
Yanagi Yuya,2,2,0,0,0,0,36,9.0,5,0,9,3,0,1,1,0,0,0.00,2.89,3.13,0.89,999,59,81,-2.89,0.0%,25.0%,8.3%,16.7%,<a href=https://npb.jp/bis/eng/teams/index_d.html>Chunichi</a>,WL
Yoshimi Kazuki,12,5,3,0,0,0,259,65.0,57,4,36,11,0,3,0,22,20,2.77,3.89,3.83,1.05,153,79,99,-1.12,1.5%,13.9%,4.2%,9.7%,<a href=https://npb.jp/bis/eng/teams/index_d.html>Chunichi</a>,WL
Albers Andrew,1,1,0,0,0,0,26,7.0,5,0,4,2,0,0,0,1,0,0.00,3.27,4.03,1.00,999,79,104,-3.27,0.0%,15.4%,7.7%,7.7%,<a href=https://npb.jp/bis/eng/teams/index_b.html>ORIX</a>,WL
Aranishi Yudai,3,0,0,0,0,0,17,5.0,1,0,2,1,0,0,0,0,0,0.00,3.36,4.21,0.40,999,81,109,-3.36,0.0%,11.8%,5.9%,5.9%,<a href=https://npb.jp/bis/eng/teams/index_b.html>ORIX</a>,WL
Azuma Kohei,6,0,2,0,0,0,94,18.1,30,0,13,12,0,2,1,15,14,6.87,4.43,4.69,2.29,52,107,121,2.44,0.0%,13.8%,12.8%,1.0%,<a href=https://npb.jp/bis/eng/teams/index_b.html>ORIX</a>,WL
Cho Yaku,5,2,1,0,0,0,92,21.1,24,1,16,5,0,3,2,6,5,2.11,3.79,3.60,1.36,168,92,93,-1.68,1.1%,17.4%,5.4%,12.0%,<a href=https://npb.jp/bis/eng/teams/index_b.html>ORIX</a>,WL
Hidarisawa Yu,25,2,1,0,0,0,158,36.1,41,3,15,16,0,1,3,18,12,2.97,5.21,4.86,1.57,119,126,126,-2.24,1.9%,9.5%,10.1%,-0.6%,<a href=https://npb.jp/bis/eng/teams/index_b.html>ORIX</a>,WL
Higa Motoki,8,1,2,0,0,0,36,7.2,11,0,8,1,0,0,0,7,6,7.04,1.86,2.86,1.57,50,45,74,5.18,0.0%,22.2%,2.8%,19.4%,<a href=https://npb.jp/bis/eng/teams/index_b.html>ORIX</a>,WL
Higgins Tyler,2,0,0,0,0,0,8,2.0,1,0,3,1,0,0,1,1,1,4.50,2.06,2.30,1.00,79,50,59,2.44,0.0%,37.5%,12.5%,25.0%,<a href=https://npb.jp/bis/eng/teams/index_b.html>ORIX</a>,WL
Honda Hitomi,14,4,5,0,1,0,343,78.2,103,3,55,18,0,2,4,39,36,4.12,3.42,3.72,1.54,86,83,96,0.70,0.9%,16.0%,5.2%,10.8%,<a href=https://npb.jp/bis/eng/teams/index_b.html>ORIX</a>,WL
Iida Yuya,6,0,1,0,0,0,56,11.0,18,4,8,6,0,0,1,10,9,7.36,8.46,4.44,2.18,48,204,115,-1.10,7.1%,14.3%,10.7%,3.6%,<a href=https://npb.jp/bis/eng/teams/index_b.html>ORIX</a>,WL
Kaida Tomoyuki,25,0,1,0,0,0,101,22.0,30,1,21,4,0,0,0,13,8,3.27,2.78,3.12,1.55,108,67,81,0.49,1.0%,20.8%,4.0%,16.8%,<a href=https://npb.jp/bis/eng/teams/index_b.html>ORIX</a>,WL
Kambe Fumiya,3,0,1,0,0,0,13,2.1,5,0,1,1,0,0,0,6,5,19.29,3.98,4.80,2.57,18,96,124,15.31,0.0%,7.7%,7.7%,0.0%,<a href=https://npb.jp/bis/eng/teams/index_b.html>ORIX</a>,WL
Kaneda Kazuyuki,30,1,1,4,0,0,112,26.2,28,1,30,4,0,0,3,8,5,1.69,2.24,2.48,1.20,210,54,64,-0.55,0.9%,26.8%,3.6%,23.2%,<a href=https://npb.jp/bis/eng/teams/index_b.html>ORIX</a>,WL
Kobayashi Keisuke,10,0,0,0,0,0,40,10.0,8,0,9,4,0,0,0,3,2,1.80,2.96,3.55,1.20,197,71,92,-1.16,0.0%,22.5%,10.0%,12.5%,<a href=https://npb.jp/bis/eng/teams/index_b.html>ORIX</a>,WL
Kondoh Taisuke,2,0,0,0,0,0,6,2.0,1,0,2,0,0,0,0,0,0,0.00,1.56,1.47,0.50,999,38,38,-1.56,0.0%,33.3%,0.0%,33.3%,<a href=https://npb.jp/bis/eng/teams/index_b.html>ORIX</a>,WL
Kuroki Yuta,2,0,0,0,0,0,8,2.0,0,0,3,2,0,0,0,0,0,0.00,3.56,3.55,1.00,999,86,92,-3.56,0.0%,37.5%,25.0%,12.5%,<a href=https://npb.jp/bis/eng/teams/index_b.html>ORIX</a>,WL
Mae Yuito,14,0,3,0,0,0,106,24.0,19,3,28,14,0,0,0,15,9,3.38,4.60,3.48,1.38,105,111,90,-1.22,2.8%,26.4%,13.2%,13.2%,<a href=https://npb.jp/bis/eng/teams/index_b.html>ORIX</a>,WL
Masui Hirotoshi,10,2,0,1,0,0,126,31.0,26,0,27,9,0,0,0,8,5,1.45,2.68,3.37,1.13,245,65,87,-1.23,0.0%,21.4%,7.1%,14.3%,<a href=https://npb.jp/bis/eng/teams/index_b.html>ORIX</a>,WL
Matsuyama Masayuki,21,1,0,1,0,0,92,20.0,22,2,14,12,0,2,0,13,12,5.40,5.56,4.58,1.70,66,134,118,-0.16,2.2%,15.2%,13.0%,2.2%,<a href=https://npb.jp/bis/eng/teams/index_b.html>ORIX</a>,WL
Miyagi Hiroya,13,6,2,0,0,0,246,59.2,51,2,49,23,0,1,3,22,18,2.72,3.56,3.74,1.24,130,86,97,-0.84,0.8%,19.9%,9.3%,10.6%,<a href=https://npb.jp/bis/eng/teams/index_b.html>ORIX</a>,WL
Muranishi Ryota,8,2,1,0,0,0,103,22.1,24,3,21,17,0,1,1,14,9,3.63,5.84,4.41,1.84,98,141,114,-2.21,2.9%,20.4%,16.5%,3.9%,<a href=https://npb.jp/bis/eng/teams/index_b.html>ORIX</a>,WL
Nakata Yuito,21,1,2,3,0,0,99,22.0,27,1,9,9,0,1,0,12,10,4.09,4.69,4.80,1.64,87,113,124,-0.60,1.0%,9.1%,9.1%,0.0%,<a href=https://npb.jp/bis/eng/teams/index_b.html>ORIX</a>,WL
Saitoh Koki,13,0,0,0,0,0,42,11.0,10,0,12,1,0,0,1,0,0,0.00,1.65,2.18,1.00,999,40,56,-1.65,0.0%,28.6%,2.4%,26.2%,<a href=https://npb.jp/bis/eng/teams/index_b.html>ORIX</a>,WL
Sakakibara Tsubasa,10,4,1,0,0,0,223,51.1,48,3,30,24,0,0,2,28,21,3.68,4.55,4.53,1.40,96,110,117,-0.87,1.3%,13.5%,10.8%,2.7%,<a href=https://npb.jp/bis/eng/teams/index_b.html>ORIX</a>,WL
Satoh Kazuma,4,0,2,0,0,0,43,6.2,12,3,1,11,0,0,4,14,13,17.55,14.06,7.13,3.45,20,339,184,3.49,7.0%,2.3%,25.6%,-23.3%,<a href=https://npb.jp/bis/eng/teams/index_b.html>ORIX</a>,WL
Sawada Keisuke,7,0,2,0,0,0,30,7.0,11,0,7,0,0,0,0,3,3,3.86,1.56,2.47,1.57,92,38,64,2.30,0.0%,23.3%,0.0%,23.3%,<a href=https://npb.jp/bis/eng/teams/index_b.html>ORIX</a>,WL
Suzuki Kohei,29,2,4,11,0,0,165,37.2,42,3,29,9,0,1,2,18,16,3.82,3.85,3.59,1.35,93,93,93,-0.03,1.8%,17.6%,5.5%,12.1%,<a href=https://npb.jp/bis/eng/teams/index_b.html>ORIX</a>,WL
Suzuki Yu,12,1,1,2,0,0,142,33.0,30,1,36,16,0,1,0,13,10,2.73,3.31,3.39,1.39,130,80,88,-0.58,0.7%,25.4%,11.3%,14.1%,<a href=https://npb.jp/bis/eng/teams/index_b.html>ORIX</a>,WL
Takeyasu Daichi,8,1,1,0,0,0,112,27.2,23,0,25,9,0,0,3,3,3,0.98,2.72,3.37,1.16,362,66,87,-1.74,0.0%,22.3%,8.0%,14.3%,<a href=https://npb.jp/bis/eng/teams/index_b.html>ORIX</a>,WL
Tanioka Futa,1,0,0,0,0,0,9,1.0,3,0,1,3,0,0,0,3,3,27.00,10.56,7.02,6.00,13,255,181,16.44,0.0%,11.1%,33.3%,-22.2%,<a href=https://npb.jp/bis/eng/teams/index_b.html>ORIX</a>,WL
Tohmei Daiki,25,1,0,0,0,0,110,25.2,27,2,19,6,0,2,2,14,11,3.86,4.02,3.62,1.29,92,97,94,-0.16,1.8%,17.3%,5.5%,11.8%,<a href=https://npb.jp/bis/eng/teams/index_b.html>ORIX</a>,WL
Tomiyama Ryoga,9,3,1,1,0,0,166,40.0,36,2,25,15,0,0,1,16,11,2.48,4.08,4.20,1.27,143,99,109,-1.60,1.2%,15.1%,9.0%,6.1%,<a href=https://npb.jp/bis/eng/teams/index_b.html>ORIX</a>,WL
Urushihara Taisei,6,1,2,0,0,0,130,34.0,24,2,29,8,0,1,0,8,8,2.12,3.41,3.18,0.94,167,82,82,-1.29,1.5%,22.3%,6.2%,16.1%,<a href=https://npb.jp/bis/eng/teams/index_b.html>ORIX</a>,WL
Yamada Nobuyoshi,1,1,0,0,0,0,3,1.0,0,0,1,0,0,0,0,0,0,0.00,1.56,1.47,0.00,999,38,38,-1.56,0.0%,33.3%,0.0%,33.3%,<a href=https://npb.jp/bis/eng/teams/index_b.html>ORIX</a>,WL
Yamaoka Taisuke,3,1,0,0,0,0,57,11.2,16,0,12,7,0,0,0,9,8,6.17,3.30,3.92,1.97,58,80,101,2.87,0.0%,21.1%,12.3%,8.8%,<a href=https://npb.jp/bis/eng/teams/index_b.html>ORIX</a>,WL
Yamasaki Sachiya,4,2,1,0,0,0,73,20.2,10,0,16,6,0,0,0,2,2,0.87,2.88,3.43,0.77,408,70,89,-2.01,0.0%,21.9%,8.2%,13.7%,<a href=https://npb.jp/bis/eng/teams/index_b.html>ORIX</a>,WL
Yamazaki Soichiro,2,1,0,0,0,0,12,3.0,2,0,3,1,0,0,0,0,0,0.00,2.56,3.13,1.00,999,62,81,-2.56,0.0%,25.0%,8.3%,16.7%,<a href=https://npb.jp/bis/eng/teams/index_b.html>ORIX</a>,WL
Yoshida Kazumasa,5,0,0,0,0,0,38,9.0,8,1,8,2,0,0,0,2,2,2.00,3.89,3.22,1.11,177,94,83,-1.89,2.6%,21.1%,5.3%,15.8%,<a href=https://npb.jp/bis/eng/teams/index_b.html>ORIX</a>,WL
Yoshida Ryo,7,1,0,0,0,0,19,5.0,3,1,5,1,0,0,0,2,2,3.60,4.76,2.69,0.80,99,115,70,-1.16,5.3%,26.3%,5.3%,21.0%,<a href=https://npb.jp/bis/eng/teams/index_b.html>ORIX</a>,WL
Acosta Jose,28,0,0,6,0,0,109,25.0,15,1,18,19,0,2,1,11,11,3.96,5.16,4.89,1.36,99,113,126,-1.20,0.9%,16.5%,17.4%,-0.9%,<a href=https://npb.jp/bis/eng/teams/index_m.html>Lotte</a>,EL
Ariyoshi Yuki,11,4,4,0,0,0,238,56.0,69,7,29,7,0,6,0,24,23,3.70,4.84,3.88,1.36,106,106,100,-1.14,2.9%,12.2%,2.9%,9.3%,<a href=https://npb.jp/bis/eng/teams/index_m.html>Lotte</a>,EL
Azuma Yusuke,11,0,0,1,0,0,41,9.1,11,0,6,4,0,0,0,8,5,4.82,3.56,4.31,1.61,81,78,111,1.26,0.0%,14.6%,9.8%,4.8%,<a href=https://npb.jp/bis/eng/teams/index_m.html>Lotte</a>,EL
Chen Kuan-Yu,6,0,0,0,0,0,37,10.2,3,0,6,4,0,0,0,0,0,0.00,3.56,4.26,0.66,999,78,110,-3.56,0.0%,16.2%,10.8%,5.4%,<a href=https://npb.jp/bis/eng/teams/index_m.html>Lotte</a>,EL
Doi Hideto,12,0,0,0,0,0,51,10.1,14,3,8,6,0,1,0,6,6,5.23,7.81,4.41,1.94,75,171,114,-2.58,5.9%,15.7%,11.8%,3.9%,<a href=https://npb.jp/bis/eng/teams/index_m.html>Lotte</a>,EL
Flores Jose,17,2,1,1,0,0,121,31.1,23,2,30,8,0,0,4,7,7,2.01,3.24,2.98,0.99,195,71,77,-1.23,1.7%,24.8%,6.6%,18.2%,<a href=https://npb.jp/bis/eng/teams/index_m.html>Lotte</a>,EL
Furuya Takuro,7,2,2,0,0,0,140,36.1,31,6,32,8,0,0,0,14,12,2.97,4.60,3.09,1.07,132,101,80,-1.63,4.3%,22.9%,5.7%,17.2%,<a href=https://npb.jp/bis/eng/teams/index_m.html>Lotte</a>,EL
Futaki Kota,4,1,1,0,0,0,90,24.0,14,3,23,5,0,2,1,7,7,2.63,4.14,2.80,0.79,149,91,72,-1.51,3.3%,25.6%,5.6%,20.0%,<a href=https://npb.jp/bis/eng/teams/index_m.html>Lotte</a>,EL
Hara Shu,17,0,2,0,0,0,114,22.2,27,2,22,17,0,1,0,26,20,7.94,5.14,4.36,1.94,49,112,113,2.80,1.8%,19.3%,14.9%,4.4%,<a href=https://npb.jp/bis/eng/teams/index_m.html>Lotte</a>,EL
Herrmann Frank,2,0,0,0,0,0,6,2.0,0,0,3,0,0,0,0,0,0,0.00,0.56,-0.20,0.00,999,12,-5,-0.56,0.0%,50.0%,0.0%,50.0%,<a href=https://npb.jp/bis/eng/teams/index_m.html>Lotte</a>,EL
Ishizaki Tsuyoshi,13,2,0,0,0,0,109,26.2,16,1,39,10,0,2,0,6,4,1.35,2.47,2.14,0.98,290,54,55,-1.12,0.9%,35.8%,9.2%,26.6%,<a href=https://npb.jp/bis/eng/teams/index_m.html>Lotte</a>,EL
Iwashita Daiki,1,0,0,0,0,0,9,1.2,4,0,3,0,0,0,0,1,1,5.40,-0.05,1.47,2.40,73,-1,38,5.45,0.0%,33.3%,0.0%,33.3%,<a href=https://npb.jp/bis/eng/teams/index_m.html>Lotte</a>,EL
Kamata Mizuki,19,1,0,0,0,0,77,17.1,11,0,12,12,0,0,2,6,6,3.12,4.25,4.80,1.33,125,93,124,-1.13,0.0%,15.6%,15.6%,0.0%,<a href=https://npb.jp/bis/eng/teams/index_m.html>Lotte</a>,EL
Karakawa Yuki,2,0,0,0,0,0,7,2.0,1,0,1,0,0,0,0,0,0,0.00,2.56,3.37,0.50,999,56,87,-2.56,0.0%,14.3%,0.0%,14.3%,<a href=https://npb.jp/bis/eng/teams/index_m.html>Lotte</a>,EL
Matsunaga Takahiro,8,0,1,1,0,0,31,6.0,8,1,8,3,1,1,0,6,3,4.50,5.06,3.19,1.83,87,111,82,-0.56,3.2%,25.8%,9.7%,16.1%,<a href=https://npb.jp/bis/eng/teams/index_m.html>Lotte</a>,EL
Minami Masaki,9,0,0,1,0,0,31,9.0,2,0,12,2,0,0,0,0,0,0.00,1.56,1.57,0.44,999,34,41,-1.56,0.0%,38.7%,6.5%,32.2%,<a href=https://npb.jp/bis/eng/teams/index_m.html>Lotte</a>,EL
Mori Ryotaro,14,1,6,0,1,0,260,61.0,66,6,45,19,0,3,0,26,26,3.84,4.44,3.80,1.39,102,97,98,-0.60,2.3%,17.3%,7.3%,10.0%,<a href=https://npb.jp/bis/eng/teams/index_m.html>Lotte</a>,EL
Motomae Fumiya,11,2,0,0,0,0,160,38.2,40,3,38,9,0,0,1,12,11,2.56,3.30,2.99,1.27,153,72,77,-0.74,1.9%,23.8%,5.6%,18.2%,<a href=https://npb.jp/bis/eng/teams/index_m.html>Lotte</a>,EL
Nagano Shoji,14,2,0,0,0,0,38,10.2,2,0,13,5,1,0,1,0,0,0.00,2.52,2.69,0.66,999,55,70,-2.52,0.0%,34.2%,13.2%,21.0%,<a href=https://npb.jp/bis/eng/teams/index_m.html>Lotte</a>,EL
Nakamura Toshiya,1,1,0,0,0,0,19,5.0,4,0,9,1,0,0,1,0,0,0.00,0.56,0.59,1.00,999,12,15,-0.56,0.0%,47.4%,5.3%,42.1%,<a href=https://npb.jp/bis/eng/teams/index_m.html>Lotte</a>,EL
Narita Kakeru,31,1,1,0,0,0,98,21.0,17,3,21,12,0,6,1,11,10,4.29,5.98,3.88,1.38,91,131,100,-1.69,3.1%,21.4%,12.2%,9.2%,<a href=https://npb.jp/bis/eng/teams/index_m.html>Lotte</a>,EL
Ohmine Yuta,12,4,5,0,0,0,226,54.2,51,5,32,18,0,3,2,23,21,3.46,4.73,4.18,1.26,113,103,108,-1.27,2.2%,14.2%,8.0%,6.2%,<a href=https://npb.jp/bis/eng/teams/index_m.html>Lotte</a>,EL
Ohtani Tomohisa,24,1,3,1,0,0,101,22.2,26,3,15,6,0,4,1,7,6,2.38,5.28,3.91,1.41,165,116,101,-2.90,3.0%,14.9%,5.9%,9.0%,<a href=https://npb.jp/bis/eng/teams/index_m.html>Lotte</a>,EL
Ono Fumiya,1,0,0,0,0,0,5,1.0,2,0,1,0,0,0,0,0,0,0.00,1.56,2.80,2.00,999,34,72,-1.56,0.0%,20.0%,0.0%,20.0%,<a href=https://npb.jp/bis/eng/teams/index_m.html>Lotte</a>,EL
Santos Eduard,19,0,0,0,0,0,78,18.2,13,1,15,17,0,0,1,7,7,3.38,5.38,5.06,1.61,116,118,131,-2.00,1.3%,19.2%,21.8%,-2.6%,<a href=https://npb.jp/bis/eng/teams/index_m.html>Lotte</a>,EL
Sasaki Chihaya,8,0,1,0,0,0,38,8.2,9,0,8,4,0,1,1,5,4,4.15,3.44,3.75,1.50,94,75,97,0.71,0.0%,21.1%,10.5%,10.6%,<a href=https://npb.jp/bis/eng/teams/index_m.html>Lotte</a>,EL
Tanaka Yasuhiro,4,0,0,0,0,0,16,2.1,8,0,1,0,0,0,0,5,4,15.43,2.70,4.18,3.43,25,59,108,12.73,0.0%,6.2%,0.0%,6.2%,<a href=https://npb.jp/bis/eng/teams/index_m.html>Lotte</a>,EL
Tojo Taiki,2,1,0,0,0,0,7,2.0,1,0,2,0,0,0,0,0,0,0.00,1.56,1.94,0.50,999,34,50,-1.56,0.0%,28.6%,0.0%,28.6%,<a href=https://npb.jp/bis/eng/teams/index_m.html>Lotte</a>,EL
Uchi Tatsuya,24,4,1,1,0,0,98,22.2,24,5,18,7,0,1,1,14,14,5.56,5.89,3.68,1.37,70,129,95,-0.33,5.1%,18.4%,7.1%,11.3%,<a href=https://npb.jp/bis/eng/teams/index_m.html>Lotte</a>,EL
Watanabe Keita,27,4,2,0,0,0,111,24.2,24,4,16,14,0,1,2,13,12,4.38,6.19,4.62,1.54,89,135,119,-1.81,3.6%,14.4%,12.6%,1.8%,<a href=https://npb.jp/bis/eng/teams/index_m.html>Lotte</a>,EL
Yamamoto Daiki,16,1,1,1,0,0,66,16.0,10,1,12,11,1,0,1,7,7,3.94,4.93,4.65,1.31,99,108,120,-0.99,1.5%,18.2%,16.7%,1.5%,<a href=https://npb.jp/bis/eng/teams/index_m.html>Lotte</a>,EL
Yokoyama Rikuto,11,0,0,0,0,0,67,15.0,21,1,9,6,0,3,1,10,10,6.00,5.02,4.35,1.80,65,110,112,0.98,1.5%,13.4%,9.0%,4.4%,<a href=https://npb.jp/bis/eng/teams/index_m.html>Lotte</a>,EL
Bandoh Yugo,3,0,0,0,0,0,21,6.0,5,1,5,1,0,0,0,2,2,3.00,4.56,2.90,1.00,119,109,75,-1.56,4.8%,23.8%,4.8%,19.0%,<a href=https://npb.jp/bis/eng/teams/index_h.html>SoftBank</a>,WL
Furuya Yuto,21,3,1,0,0,0,164,39.0,24,0,31,25,0,2,14,15,10,2.31,4.04,4.43,1.26,155,97,114,-1.73,0.0%,18.9%,15.2%,3.7%,<a href=https://npb.jp/bis/eng/teams/index_h.html>SoftBank</a>,WL
Higashihama Nao,1,0,0,0,0,0,16,3.0,5,0,3,2,0,0,0,2,2,6.00,3.56,4.18,2.33,60,85,108,2.44,0.0%,18.8%,12.5%,6.3%,<a href=https://npb.jp/bis/eng/teams/index_h.html>SoftBank</a>,WL
Iwasaki Sho,17,0,1,2,0,0,81,21.0,13,1,18,3,0,0,0,7,5,2.14,2.89,2.95,0.76,168,69,76,-0.75,1.2%,22.2%,3.7%,18.5%,<a href=https://npb.jp/bis/eng/teams/index_h.html>SoftBank</a>,WL
Kaino Hiroshi,1,0,0,0,0,0,6,1.0,2,0,1,1,0,0,0,2,2,18.00,4.56,4.80,3.00,20,109,124,13.44,0.0%,16.7%,16.7%,0.0%,<a href=https://npb.jp/bis/eng/teams/index_h.html>SoftBank</a>,WL
Kajiya Ren,19,1,1,2,0,0,86,21.1,12,0,23,10,0,2,2,4,4,1.69,3.09,3.29,1.03,212,74,85,-1.40,0.0%,26.7%,11.6%,15.1%,<a href=https://npb.jp/bis/eng/teams/index_h.html>SoftBank</a>,WL
Kasaya Shunsuke,2,0,1,0,0,0,36,8.0,10,0,10,2,0,0,0,4,4,4.50,1.81,2.58,1.50,80,43,67,2.69,0.0%,27.8%,5.6%,22.2%,<a href=https://npb.jp/bis/eng/teams/index_h.html>SoftBank</a>,WL
Kawahara Hiroyuki,15,0,0,0,0,0,50,12.1,9,0,13,7,0,1,1,3,2,1.46,3.39,3.60,1.30,246,81,93,-1.93,0.0%,26.0%,14.0%,12.0%,<a href=https://npb.jp/bis/eng/teams/index_h.html>SoftBank</a>,WL
Kozawa Reiji,6,2,1,0,0,0,74,16.1,18,0,10,8,0,2,3,10,10,5.51,4.17,4.53,1.59,65,100,117,1.34,0.0%,13.5%,10.8%,2.7%,<a href=https://npb.jp/bis/eng/teams/index_h.html>SoftBank</a>,WL
Matsuda Ryoma,36,3,0,3,0,0,160,40.0,31,2,41,11,0,1,5,10,10,2.25,3.06,2.92,1.05,159,73,75,-0.81,1.2%,25.6%,6.9%,18.7%,<a href=https://npb.jp/bis/eng/teams/index_h.html>SoftBank</a>,WL
Matsumoto Yuki,5,1,1,0,0,0,77,17.0,20,1,10,6,0,1,0,10,9,4.76,4.38,4.28,1.53,75,105,111,0.38,1.3%,13.0%,7.8%,5.2%,<a href=https://npb.jp/bis/eng/teams/index_h.html>SoftBank</a>,WL
Moore Matt,2,0,0,0,0,0,29,7.0,5,0,9,4,0,0,1,2,2,2.57,2.70,3.08,1.29,139,65,80,-0.13,0.0%,31.0%,13.8%,17.2%,<a href=https://npb.jp/bis/eng/teams/index_h.html>SoftBank</a>,WL
Niho Akira,6,2,1,0,2,1,109,28.0,20,0,15,5,1,1,4,6,6,1.93,3.13,3.88,0.89,186,75,100,-1.20,0.0%,13.8%,4.6%,9.2%,<a href=https://npb.jp/bis/eng/teams/index_h.html>SoftBank</a>,WL
Nozawa Yuto,15,0,0,0,0,0,69,14.1,20,1,17,7,0,0,4,10,9,5.65,3.56,3.35,1.88,63,85,87,2.09,1.4%,24.6%,10.1%,14.5%,<a href=https://npb.jp/bis/eng/teams/index_h.html>SoftBank</a>,WL
Ogata Shuto,13,0,0,1,0,0,74,16.1,16,1,16,10,0,0,2,5,5,2.76,4.23,3.99,1.59,130,101,103,-1.47,1.4%,21.6%,13.5%,8.1%,<a href=https://npb.jp/bis/eng/teams/index_h.html>SoftBank</a>,WL
Ohtake Koutaro,16,6,3,0,1,0,375,92.1,76,8,73,20,0,2,2,32,26,2.53,3.81,3.39,1.04,142,91,88,-1.28,2.1%,19.5%,5.3%,14.2%,<a href=https://npb.jp/bis/eng/teams/index_h.html>SoftBank</a>,WL
Ohzeki Tomohisa,5,0,0,0,0,0,18,5.0,3,0,4,1,0,0,1,0,0,0.00,2.56,3.13,0.80,999,61,81,-2.56,0.0%,22.2%,5.6%,16.6%,<a href=https://npb.jp/bis/eng/teams/index_h.html>SoftBank</a>,WL
Okumura Masato,22,4,1,2,0,0,105,25.0,16,0,22,13,1,2,2,8,8,2.88,3.60,3.94,1.16,124,86,102,-0.72,0.0%,21.0%,12.4%,8.6%,<a href=https://npb.jp/bis/eng/teams/index_h.html>SoftBank</a>,WL
Senga Koudai,2,0,1,0,0,0,38,10.0,5,0,10,2,0,1,0,3,3,2.70,2.46,2.69,0.70,133,59,70,0.24,0.0%,26.3%,5.3%,21.0%,<a href=https://npb.jp/bis/eng/teams/index_h.html>SoftBank</a>,WL
Shigeta Tomoaki,1,0,1,0,0,0,20,3.0,6,0,3,2,0,2,1,6,6,18.00,5.56,4.30,2.67,20,133,111,12.44,0.0%,15.0%,10.0%,5.0%,<a href=https://npb.jp/bis/eng/teams/index_h.html>SoftBank</a>,WL
Shiino Arata,23,2,0,4,0,0,116,31.1,22,1,34,4,0,1,1,6,5,1.44,2.28,2.21,0.83,249,54,57,-0.84,0.9%,29.3%,3.4%,25.9%,<a href=https://npb.jp/bis/eng/teams/index_h.html>SoftBank</a>,WL
Stewart Jr. Carter,15,3,7,0,0,0,292,67.0,65,5,48,33,0,4,6,39,31,4.16,4.75,4.29,1.46,86,114,111,-0.59,1.7%,16.4%,11.3%,5.1%,<a href=https://npb.jp/bis/eng/teams/index_h.html>SoftBank</a>,WL
Sugiyama Kazuki,14,4,4,0,0,0,251,60.0,50,4,83,25,0,2,9,19,17,2.55,3.00,2.49,1.25,141,72,64,-0.45,1.6%,33.1%,10.0%,23.1%,<a href=https://npb.jp/bis/eng/teams/index_h.html>SoftBank</a>,WL
Takahashi Jumpei,19,0,0,0,0,0,77,18.0,16,0,19,8,0,1,2,10,10,5.00,2.94,3.37,1.33,72,70,87,2.06,0.0%,24.7%,10.4%,14.3%,<a href=https://npb.jp/bis/eng/teams/index_h.html>SoftBank</a>,WL
Takeda Shota,8,4,1,1,0,0,152,38.2,27,2,30,12,0,0,1,12,12,2.79,3.61,3.62,1.01,128,86,94,-0.82,1.3%,19.7%,7.9%,11.8%,<a href=https://npb.jp/bis/eng/teams/index_h.html>SoftBank</a>,WL
Tanaka Seigi,4,0,0,0,0,0,12,4.0,0,0,5,0,0,0,0,0,0,0.00,1.06,0.63,0.00,999,25,16,-1.06,0.0%,41.7%,0.0%,41.7%,<a href=https://npb.jp/bis/eng/teams/index_h.html>SoftBank</a>,WL
Taura Fumimaru,1,0,0,0,0,0,3,1.0,0,0,0,0,0,0,0,0,0,0.00,3.56,4.80,0.00,999,85,124,-3.56,0.0%,0.0%,0.0%,0.0%,<a href=https://npb.jp/bis/eng/teams/index_h.html>SoftBank</a>,WL
Tsumori Yuki,14,2,1,2,0,0,86,20.1,18,0,26,7,0,1,1,7,6,2.66,2.18,2.59,1.23,135,52,67,0.48,0.0%,30.2%,8.1%,22.1%,<a href=https://npb.jp/bis/eng/teams/index_h.html>SoftBank</a>,WL
van den Hurk Rick,6,4,0,0,0,0,111,26.2,21,2,28,9,0,0,0,9,8,2.70,3.44,3.09,1.13,133,82,80,-0.74,1.8%,25.2%,8.1%,17.1%,<a href=https://npb.jp/bis/eng/teams/index_h.html>SoftBank</a>,WL
Watanabe Yuta,12,2,0,2,0,0,48,12.2,2,0,20,5,0,2,0,0,0,0.00,2.05,1.67,0.55,999,49,43,-2.05,0.0%,41.7%,10.4%,31.3%,<a href=https://npb.jp/bis/eng/teams/index_h.html>SoftBank</a>,WL
Anraku Tomohiro,8,0,0,0,0,0,33,7.1,6,0,8,6,0,0,1,2,2,2.45,3.83,4.19,1.64,151,89,108,-1.38,0.0%,24.2%,18.2%,6.0%,<a href=https://npb.jp/bis/eng/teams/index_e.html>Rakuten</a>,EL
Aoyama Kouji,21,1,1,0,0,0,90,19.2,27,1,11,6,0,1,0,12,12,5.49,4.17,4.24,1.68,67,97,110,1.32,1.1%,12.2%,6.7%,5.5%,<a href=https://npb.jp/bis/eng/teams/index_e.html>Rakuten</a>,EL
Chargois Jon Thomas,10,0,0,0,0,0,36,9.0,3,0,6,7,0,0,0,1,1,1.00,4.56,5.08,1.11,369,106,131,-3.56,0.0%,16.7%,19.4%,-2.7%,<a href=https://npb.jp/bis/eng/teams/index_e.html>Rakuten</a>,EL
Fujihira Shoma,10,1,0,0,0,0,152,31.1,41,3,31,21,0,2,2,21,18,5.17,5.02,4.14,1.98,71,116,107,0.15,2.0%,20.4%,13.8%,6.6%,<a href=https://npb.jp/bis/eng/teams/index_e.html>Rakuten</a>,EL
Fukui Yuya,7,0,2,0,0,0,113,25.2,31,1,8,10,0,0,0,21,18,6.31,4.61,4.98,1.60,59,107,129,1.70,0.9%,7.1%,8.8%,-1.7%,<a href=https://npb.jp/bis/eng/teams/index_e.html>Rakuten</a>,EL
Fukumori Yoma,7,2,1,1,0,0,29,5.2,7,1,6,6,0,1,4,7,7,11.12,7.44,4.80,2.29,33,172,124,3.68,3.4%,20.7%,20.7%,0.0%,<a href=https://npb.jp/bis/eng/teams/index_e.html>Rakuten</a>,EL
Fukuyama Hiroyuki,12,0,0,1,0,0,42,11.1,10,0,4,2,1,1,0,1,1,0.79,3.64,4.32,1.06,468,84,112,-2.85,0.0%,9.5%,4.8%,4.7%,<a href=https://npb.jp/bis/eng/teams/index_e.html>Rakuten</a>,EL
Hikiji Shuichiro,8,1,0,1,0,0,50,12.0,15,0,5,3,0,0,0,3,2,1.50,3.47,4.40,1.50,246,80,114,-1.97,0.0%,10.0%,6.0%,4.0%,<a href=https://npb.jp/bis/eng/teams/index_e.html>Rakuten</a>,EL
Ikeda Shun,21,4,0,0,0,0,78,20.2,11,0,14,5,0,0,1,4,3,1.31,2.93,3.65,0.77,282,68,94,-1.62,0.0%,17.9%,6.4%,11.5%,<a href=https://npb.jp/bis/eng/teams/index_e.html>Rakuten</a>,EL
Ikeda Takahide,21,1,1,0,0,0,129,32.2,22,2,26,8,0,3,1,8,6,1.65,3.77,3.40,0.92,224,87,88,-2.12,1.6%,20.2%,6.2%,14.0%,<a href=https://npb.jp/bis/eng/teams/index_e.html>Rakuten</a>,EL
Ishibashi Ryota,5,1,2,0,0,0,110,30.1,21,2,25,3,0,0,0,6,6,1.78,3.06,2.80,0.79,208,71,72,-1.28,1.8%,22.7%,2.7%,20.0%,<a href=https://npb.jp/bis/eng/teams/index_e.html>Rakuten</a>,EL
Kamata Yoshinao,30,0,2,12,0,0,141,33.1,25,0,40,16,0,1,1,11,7,1.89,2.68,3.10,1.23,195,62,80,-0.79,0.0%,28.4%,11.3%,17.1%,<a href=https://npb.jp/bis/eng/teams/index_e.html>Rakuten</a>,EL
Karashima Wataru,6,3,3,0,0,0,140,34.1,29,2,26,10,0,2,2,11,9,2.36,3.85,3.66,1.14,157,89,95,-1.49,1.4%,18.6%,7.1%,11.5%,<a href=https://npb.jp/bis/eng/teams/index_e.html>Rakuten</a>,EL
Kimura Toshiyasu,12,0,0,0,0,0,73,17.1,17,1,10,4,0,3,1,5,3,1.56,4.36,3.98,1.21,237,101,103,-2.80,1.4%,13.7%,5.5%,8.2%,<a href=https://npb.jp/bis/eng/teams/index_e.html>Rakuten</a>,EL
Kishi Takayuki,5,0,0,0,0,0,85,20.0,17,2,21,9,0,0,2,8,7,3.15,4.11,3.39,1.30,117,95,88,-0.96,2.4%,24.7%,10.6%,14.1%,<a href=https://npb.jp/bis/eng/teams/index_e.html>Rakuten</a>,EL
Kondoh Hiroki,21,3,1,0,0,0,81,19.1,16,1,14,10,1,1,2,6,6,2.79,4.49,4.31,1.34,132,104,111,-1.70,1.2%,17.3%,12.3%,5.0%,<a href=https://npb.jp/bis/eng/teams/index_e.html>Rakuten</a>,EL
Kubo Yuya,16,2,1,0,0,0,77,15.1,24,3,10,8,0,0,3,14,13,7.63,6.36,4.54,2.09,48,147,117,1.27,3.9%,13.0%,10.4%,2.6%,<a href=https://npb.jp/bis/eng/teams/index_e.html>Rakuten</a>,EL
Kumabara Kento,1,0,0,0,0,0,8,1.0,1,0,1,4,0,0,0,3,3,27.00,13.56,8.55,5.00,14,314,221,13.44,0.0%,12.5%,50.0%,-37.5%,<a href=https://npb.jp/bis/eng/teams/index_e.html>Rakuten</a>,EL
Matsui Yuki,3,2,1,0,0,0,71,17.0,13,5,32,9,0,0,0,12,12,6.35,5.20,1.56,1.29,58,121,40,1.15,7.0%,45.1%,12.7%,32.4%,<a href=https://npb.jp/bis/eng/teams/index_e.html>Rakuten</a>,EL
Morihara Kohei,8,0,0,0,0,0,36,7.2,12,0,7,2,0,0,0,7,7,8.22,2.51,3.41,1.83,45,58,88,5.71,0.0%,19.4%,5.6%,13.8%,<a href=https://npb.jp/bis/eng/teams/index_e.html>Rakuten</a>,EL
Nishiguchi Naoto,14,3,2,0,0,0,162,38.2,29,2,26,23,0,3,2,16,16,3.72,4.90,4.61,1.34,99,114,119,-1.18,1.2%,16.0%,14.2%,1.8%,<a href=https://npb.jp/bis/eng/teams/index_e.html>Rakuten</a>,EL
Norimoto Takahiro,1,0,0,0,0,0,19,5.0,5,1,4,2,0,0,0,2,2,3.60,5.76,3.75,1.40,103,134,97,-2.16,5.3%,21.1%,10.5%,10.6%,<a href=https://npb.jp/bis/eng/teams/index_e.html>Rakuten</a>,EL
Satoh Tomoki,3,0,1,0,0,0,12,2.1,2,0,2,2,0,0,0,3,0,0.00,4.41,4.80,1.71,999,102,124,-4.41,0.0%,16.7%,16.7%,0.0%,<a href=https://npb.jp/bis/eng/teams/index_e.html>Rakuten</a>,EL
Satoh Yoshinori,15,1,0,0,0,0,94,21.1,20,2,16,12,0,1,2,10,10,4.22,5.10,4.37,1.50,88,118,113,-0.88,2.1%,17.0%,12.8%,4.2%,<a href=https://npb.jp/bis/eng/teams/index_e.html>Rakuten</a>,EL
Seimiya Kotaro,4,0,0,0,0,0,37,8.2,5,0,12,6,0,1,1,1,0,0.00,3.21,3.18,1.27,999,74,82,-3.21,0.0%,32.4%,16.2%,16.2%,<a href=https://npb.jp/bis/eng/teams/index_e.html>Rakuten</a>,EL
Shiomi Takahiro,1,1,0,0,0,0,21,6.0,2,0,3,1,0,0,0,0,0,0.00,3.06,3.85,0.50,999,71,99,-3.06,0.0%,14.3%,4.8%,9.5%,<a href=https://npb.jp/bis/eng/teams/index_e.html>Rakuten</a>,EL
Sugahara Shu,13,1,0,1,0,0,56,11.1,13,1,11,11,0,1,1,8,8,6.35,5.94,4.80,2.12,58,138,124,0.41,1.8%,19.6%,19.6%,0.0%,<a href=https://npb.jp/bis/eng/teams/index_e.html>Rakuten</a>,EL
Sung Chia-Hao,6,0,0,0,0,0,22,6.0,3,0,2,1,0,0,0,0,0,0.00,3.39,4.35,0.67,999,79,112,-3.39,0.0%,9.1%,4.5%,4.6%,<a href=https://npb.jp/bis/eng/teams/index_e.html>Rakuten</a>,EL
Suzuki Sora,21,0,0,3,0,0,93,22.2,19,1,28,9,0,0,3,5,5,1.99,2.85,2.76,1.24,186,66,71,-0.86,1.1%,30.1%,9.7%,20.4%,<a href=https://npb.jp/bis/eng/teams/index_e.html>Rakuten</a>,EL
Takanashi Yuhei,2,1,0,0,0,0,6,1.0,0,0,2,3,0,0,0,1,1,9.00,8.56,6.47,3.00,41,198,167,0.44,0.0%,33.3%,50.0%,-16.7%,<a href=https://npb.jp/bis/eng/teams/index_e.html>Rakuten</a>,EL
Takata Hosei,10,4,1,0,0,0,233,49.1,59,6,43,34,0,0,4,31,31,5.66,5.46,4.41,1.89,65,127,114,0.20,2.6%,18.5%,14.6%,3.9%,<a href=https://npb.jp/bis/eng/teams/index_e.html>Rakuten</a>,EL
Takinaka Ryota,9,2,1,0,0,0,182,47.0,26,1,40,18,0,3,0,10,9,1.72,3.47,3.59,0.94,215,80,93,-1.75,0.5%,22.0%,9.9%,12.1%,<a href=https://npb.jp/bis/eng/teams/index_e.html>Rakuten</a>,EL
Teraoka Kanji,13,2,1,3,0,0,48,12.0,8,0,8,5,1,2,0,1,1,0.75,3.97,4.18,1.08,493,92,108,-3.22,0.0%,16.7%,10.4%,6.3%,<a href=https://npb.jp/bis/eng/teams/index_e.html>Rakuten</a>,EL
Tsurusaki Taisei,6,2,1,1,0,0,24,6.0,6,0,5,1,0,0,0,2,0,0.00,2.39,3.13,1.17,999,55,81,-2.39,0.0%,20.8%,4.2%,16.6%,<a href=https://npb.jp/bis/eng/teams/index_e.html>Rakuten</a>,EL
Wang Yan-Cheng,10,2,4,0,0,0,172,38.0,40,7,22,16,0,2,2,28,22,5.21,6.21,4.45,1.47,71,144,115,-1.00,4.1%,12.8%,9.3%,3.5%,<a href=https://npb.jp/bis/eng/teams/index_e.html>Rakuten</a>,EL
Watanabe Yuki,22,2,2,0,0,0,270,57.1,66,5,44,42,0,2,6,31,29,4.55,5.46,4.73,1.88,81,127,122,-0.91,1.9%,16.3%,15.6%,0.7%,<a href=https://npb.jp/bis/eng/teams/index_e.html>Rakuten</a>,EL
Aiuchi Makoto,13,0,0,2,0,0,53,12.2,15,1,6,3,0,0,1,4,3,2.13,4.34,4.23,1.42,172,102,109,-2.21,1.9%,11.3%,5.7%,5.6%,<a href=https://npb.jp/bis/eng/teams/index_l.html>Seibu</a>,EL
Awatsu Kaito,13,1,1,0,0,0,77,15.1,17,2,10,9,1,4,0,13,12,7.04,6.49,4.67,1.70,52,152,121,0.55,2.6%,13.0%,11.7%,1.3%,<a href=https://npb.jp/bis/eng/teams/index_l.html>Seibu</a>,EL
Enokida Daiki,9,5,1,0,1,0,190,49.0,34,5,39,16,0,0,0,10,10,1.84,4.27,3.59,1.02,199,100,93,-2.43,2.6%,20.5%,8.4%,12.1%,<a href=https://npb.jp/bis/eng/teams/index_l.html>Seibu</a>,EL
Fujita Kouki,8,0,1,0,0,0,36,6.2,7,0,7,11,0,0,1,10,10,13.50,6.41,5.91,2.70,27,150,153,7.09,0.0%,19.4%,30.6%,-11.2%,<a href=https://npb.jp/bis/eng/teams/index_l.html>Seibu</a>,EL
Hamaya Syota,5,1,2,0,0,0,129,30.1,26,2,35,10,0,4,2,15,15,4.45,3.49,2.86,1.19,82,82,74,0.96,1.6%,27.1%,7.8%,19.3%,<a href=https://npb.jp/bis/eng/teams/index_l.html>Seibu</a>,EL
Hirai Katsunori,3,0,0,0,0,0,17,4.0,3,0,7,1,0,1,1,2,2,4.50,1.56,1.27,1.00,81,37,33,2.94,0.0%,41.2%,5.9%,35.3%,<a href=https://npb.jp/bis/eng/teams/index_l.html>Seibu</a>,EL
Honda Keisuke,10,1,3,0,0,0,205,42.2,61,7,28,19,0,1,3,33,25,5.27,5.78,4.36,1.88,69,135,113,-0.51,3.4%,13.7%,9.3%,4.4%,<a href=https://npb.jp/bis/eng/teams/index_l.html>Seibu</a>,EL
Idei Toshihiro,2,0,1,0,0,0,23,6.0,4,0,2,1,0,0,1,2,2,3.00,3.39,4.37,0.83,122,79,113,-0.39,0.0%,8.7%,4.3%,4.4%,<a href=https://npb.jp/bis/eng/teams/index_l.html>Seibu</a>,EL
Imai Tatsuya,4,1,2,0,0,0,95,21.0,21,6,23,10,0,2,0,12,9,3.86,6.79,3.43,1.48,95,159,89,-2.93,6.3%,24.2%,10.5%,13.7%,<a href=https://npb.jp/bis/eng/teams/index_l.html>Seibu</a>,EL
Inoue Hiroki,2,0,1,0,0,0,14,3.0,2,1,0,2,0,1,1,3,3,9.00,10.89,6.23,1.33,41,255,161,-1.89,7.1%,0.0%,14.3%,-14.3%,<a href=https://npb.jp/bis/eng/teams/index_l.html>Seibu</a>,EL
Itoh Sho,8,2,2,1,0,0,175,41.1,38,1,24,20,0,0,1,16,14,3.05,4.16,4.57,1.40,120,97,118,-1.11,0.6%,13.7%,11.4%,2.3%,<a href=https://npb.jp/bis/eng/teams/index_l.html>Seibu</a>,EL
Kokuba Tsubasa,10,0,1,1,0,0,62,13.0,16,4,10,8,0,0,1,13,12,8.31,7.86,4.48,1.85,44,184,116,0.45,6.5%,16.1%,12.9%,3.2%,<a href=https://npb.jp/bis/eng/teams/index_l.html>Seibu</a>,EL
Matsuoka Kouki,19,1,3,0,0,0,118,22.0,34,3,16,19,0,3,1,23,19,7.77,6.87,5.05,2.41,47,161,130,0.90,2.5%,13.6%,16.1%,-2.5%,<a href=https://npb.jp/bis/eng/teams/index_l.html>Seibu</a>,EL
Nakatsuka Shunta,16,0,2,0,0,0,95,19.0,18,1,21,19,0,2,4,11,11,5.21,5.34,4.59,1.95,70,125,119,-0.13,1.1%,22.1%,20.0%,2.1%,<a href=https://npb.jp/bis/eng/teams/index_l.html>Seibu</a>,EL
Noda Shogo,30,1,1,1,0,0,125,27.0,32,3,26,12,0,1,2,15,15,5.00,4.52,3.68,1.63,73,106,95,0.48,2.4%,20.8%,9.6%,11.2%,<a href=https://npb.jp/bis/eng/teams/index_l.html>Seibu</a>,EL
Nolin Sean,3,1,0,0,0,0,48,14.0,9,0,10,1,0,0,0,0,0,0.00,2.34,2.92,0.71,999,55,75,-2.34,0.0%,20.8%,2.1%,18.7%,<a href=https://npb.jp/bis/eng/teams/index_l.html>Seibu</a>,EL
Ogawa Ryuya,9,0,0,2,0,0,34,9.0,6,0,8,2,0,1,0,1,1,1.00,2.78,3.04,0.89,366,65,79,-1.78,0.0%,23.5%,5.9%,17.6%,<a href=https://npb.jp/bis/eng/teams/index_l.html>Seibu</a>,EL
Ohkubo Jiyu,6,0,1,0,0,0,40,8.0,8,0,5,10,0,0,2,10,8,9.00,6.06,6.05,2.25,41,142,156,2.94,0.0%,12.5%,25.0%,-12.5%,<a href=https://npb.jp/bis/eng/teams/index_l.html>Seibu</a>,EL
Saito Hiromasa,21,3,1,1,0,0,176,43.1,31,2,27,23,0,0,0,17,12,2.49,4.50,4.57,1.25,147,105,118,-2.01,1.1%,15.3%,13.1%,2.2%,<a href=https://npb.jp/bis/eng/teams/index_l.html>Seibu</a>,EL
Sano Yasuo,5,1,1,0,0,0,45,10.0,10,2,12,5,0,1,0,11,11,9.90,5.56,3.24,1.50,37,130,84,4.34,4.4%,26.7%,11.1%,15.6%,<a href=https://npb.jp/bis/eng/teams/index_l.html>Seibu</a>,EL
Takahashi Tomomi,1,0,0,0,0,0,1,0.1,0,0,0,0,0,0,0,0,0,0.00,3.56,4.80,0.00,999,83,124,-3.56,0.0%,0.0%,0.0%,0.0%,<a href=https://npb.jp/bis/eng/teams/index_l.html>Seibu</a>,EL
Takekuma Shota,21,2,1,3,0,0,111,24.1,27,1,22,13,0,2,3,11,11,4.07,4.13,3.99,1.64,90,97,103,-0.06,0.9%,19.8%,11.7%,8.1%,<a href=https://npb.jp/bis/eng/teams/index_l.html>Seibu</a>,EL
Tamura Ichiro,1,0,0,0,0,0,7,2.0,1,0,1,0,0,0,0,0,0,0.00,2.56,3.37,0.50,999,60,87,-2.56,0.0%,14.3%,0.0%,14.3%,<a href=https://npb.jp/bis/eng/teams/index_l.html>Seibu</a>,EL
Tawata Shinsaburo,5,1,2,0,0,0,107,24.2,36,5,13,4,0,1,0,13,10,3.65,5.74,3.96,1.62,100,134,102,-2.09,4.7%,12.1%,3.7%,8.4%,<a href=https://npb.jp/bis/eng/teams/index_l.html>Seibu</a>,EL
Togame Ken,8,3,3,0,1,0,212,50.0,53,2,32,12,0,3,0,22,18,3.24,3.70,3.86,1.30,113,87,100,-0.46,0.9%,15.1%,5.7%,9.4%,<a href=https://npb.jp/bis/eng/teams/index_l.html>Seibu</a>,EL
Tohno Aoi,11,0,1,0,0,0,97,21.2,14,1,14,19,0,5,3,10,9,3.74,6.19,5.32,1.52,98,145,137,-2.45,1.0%,14.4%,19.6%,-5.2%,<a href=https://npb.jp/bis/eng/teams/index_l.html>Seibu</a>,EL
Uema Towa,9,0,2,0,0,0,165,35.1,40,4,21,24,1,2,1,23,20,5.09,6.05,4.98,1.81,72,142,129,-0.96,2.4%,12.7%,14.5%,-1.8%,<a href=https://npb.jp/bis/eng/teams/index_l.html>Seibu</a>,EL
Utsumi Tetsuya,7,3,2,0,0,0,145,33.2,37,7,19,9,0,1,2,21,20,5.35,6.02,4.11,1.37,68,141,106,-0.67,4.8%,13.1%,6.2%,6.9%,<a href=https://npb.jp/bis/eng/teams/index_l.html>Seibu</a>,EL
Watanabe Yutaro,4,0,1,0,0,0,100,22.1,30,1,13,7,0,1,2,13,13,5.24,4.05,4.20,1.66,70,95,109,1.19,1.0%,13.0%,7.0%,6.0%,<a href=https://npb.jp/bis/eng/teams/index_l.html>Seibu</a>,EL
Yoza Kaito,9,1,5,0,0,0,212,50.0,47,7,31,14,0,5,0,33,27,4.86,5.28,4.00,1.22,75,124,103,-0.42,3.3%,14.6%,6.6%,8.0%,<a href=https://npb.jp/bis/eng/teams/index_l.html>Seibu</a>,EL
Akiyoshi Ryo,5,0,0,0,0,0,19,5.0,3,0,6,1,0,0,0,0,0,0.00,1.76,2.17,0.80,999,43,56,-1.76,0.0%,31.6%,5.3%,26.3%,<a href=https://npb.jp/bis/eng/teams/index_f.html>Nipponham</a>,EL
Fukuda Suguru,8,0,0,0,0,0,36,9.2,4,0,12,4,0,0,0,0,0,0.00,2.31,2.58,0.83,999,56,67,-2.31,0.0%,33.3%,11.1%,22.2%,<a href=https://npb.jp/bis/eng/teams/index_f.html>Nipponham</a>,EL
Hasegawa Ryota,30,3,2,1,0,0,144,34.1,35,6,27,11,0,0,3,15,14,3.67,5.22,3.69,1.34,96,127,95,-1.55,4.2%,18.8%,7.6%,11.2%,<a href=https://npb.jp/bis/eng/teams/index_f.html>Nipponham</a>,EL
Hori Mizuki,2,0,0,0,0,0,11,2.0,2,0,2,2,0,0,0,2,1,4.50,4.56,4.80,2.00,78,111,124,-0.06,0.0%,18.2%,18.2%,0.0%,<a href=https://npb.jp/bis/eng/teams/index_f.html>Nipponham</a>,EL
Iguchi Kazutomo,9,1,0,2,0,0,35,9.1,8,0,8,1,0,0,0,1,1,0.96,2.16,2.80,0.96,366,53,72,-1.20,0.0%,22.9%,2.9%,20.0%,<a href=https://npb.jp/bis/eng/teams/index_f.html>Nipponham</a>,EL
Ishikawa Naoya,1,0,0,0,0,0,4,0.2,1,0,0,1,0,0,0,2,1,13.50,8.06,7.30,3.00,26,197,189,5.44,0.0%,0.0%,25.0%,-25.0%,<a href=https://npb.jp/bis/eng/teams/index_f.html>Nipponham</a>,EL
Kakigi Ren,6,0,0,0,0,0,22,7.0,2,0,3,1,0,0,0,0,0,0.00,3.13,3.89,0.43,999,76,101,-3.13,0.0%,13.6%,4.5%,9.1%,<a href=https://npb.jp/bis/eng/teams/index_f.html>Nipponham</a>,EL
Katoh Takayuki,2,1,0,0,0,0,31,8.0,7,2,11,1,0,0,0,3,3,3.38,4.43,1.57,1.00,104,108,41,-1.05,6.5%,35.5%,3.2%,32.3%,<a href=https://npb.jp/bis/eng/teams/index_f.html>Nipponham</a>,EL
Kawano Ryusei,5,1,1,0,0,0,108,24.2,22,1,20,12,0,1,1,15,13,4.74,4.04,4.06,1.38,74,99,105,0.70,0.9%,18.5%,11.1%,7.4%,<a href=https://npb.jp/bis/eng/teams/index_f.html>Nipponham</a>,EL
Kitaura Ryuji,11,4,2,0,1,1,253,62.0,51,3,37,19,0,1,1,16,12,1.74,3.96,4.09,1.13,202,97,106,-2.22,1.2%,14.6%,7.5%,7.1%,<a href=https://npb.jp/bis/eng/teams/index_f.html>Nipponham</a>,EL
Kumon Katsuhiko,3,0,0,0,0,0,12,2.2,3,0,5,0,0,0,1,0,0,0.00,-0.20,0.63,1.13,999,-5,16,0.20,0.0%,41.7%,0.0%,41.7%,<a href=https://npb.jp/bis/eng/teams/index_f.html>Nipponham</a>,EL
Martinez Nick,1,1,0,0,0,0,23,7.0,2,0,9,0,0,0,0,0,0,0.00,0.98,0.89,0.29,999,24,23,-0.98,0.0%,39.1%,0.0%,39.1%,<a href=https://npb.jp/bis/eng/teams/index_f.html>Nipponham</a>,EL
Miyadai Kohei,14,0,4,0,0,0,184,39.2,44,7,34,30,0,3,6,34,34,7.71,6.63,4.58,1.87,46,162,118,1.08,3.8%,18.5%,16.3%,2.2%,<a href=https://npb.jp/bis/eng/teams/index_f.html>Nipponham</a>,EL
Mochizuki Daiki,11,1,4,0,0,0,200,46.0,48,8,40,18,0,0,2,23,16,3.13,5.25,3.70,1.43,112,128,96,-2.12,4.0%,20.0%,9.0%,11.0%,<a href=https://npb.jp/bis/eng/teams/index_f.html>Nipponham</a>,EL
Murata Toru,7,0,0,1,0,0,27,7.1,5,0,3,1,0,0,0,0,0,0.00,3.15,4.06,0.82,999,77,105,-3.15,0.0%,11.1%,3.7%,7.4%,<a href=https://npb.jp/bis/eng/teams/index_f.html>Nipponham</a>,EL
Nabatame Tsubasa,26,0,2,1,0,0,188,42.0,42,2,29,24,0,3,7,21,18,3.86,4.72,4.53,1.57,91,115,117,-0.86,1.1%,15.4%,12.8%,2.6%,<a href=https://npb.jp/bis/eng/teams/index_f.html>Nipponham</a>,EL
Nishimura Takahiro,16,2,0,0,0,0,77,18.1,17,3,27,6,0,0,3,8,8,3.93,3.72,2.07,1.25,89,91,53,0.21,3.9%,35.1%,7.8%,27.3%,<a href=https://npb.jp/bis/eng/teams/index_f.html>Nipponham</a>,EL
Rodriguez Bryan,3,0,0,0,0,0,15,2.2,4,0,1,3,0,0,0,1,1,3.38,6.18,6.13,2.63,104,151,158,-2.80,0.0%,6.7%,20.0%,-13.3%,<a href=https://npb.jp/bis/eng/teams/index_f.html>Nipponham</a>,EL
Saitoh Yuki,19,1,3,0,0,0,103,19.1,29,4,11,17,1,2,0,20,20,9.31,8.06,5.38,2.38,38,197,139,1.25,3.9%,10.7%,16.5%,-5.8%,<a href=https://npb.jp/bis/eng/teams/index_f.html>Nipponham</a>,EL
Sugiura Toshihiro,1,0,0,0,0,0,3,1.0,0,0,1,0,0,0,0,0,0,0.00,1.56,1.47,0.00,999,38,38,-1.56,0.0%,33.3%,0.0%,33.3%,<a href=https://npb.jp/bis/eng/teams/index_f.html>Nipponham</a>,EL
Suzuki Kenya,27,2,1,1,0,0,127,27.2,30,1,30,8,0,6,0,14,12,3.90,3.37,3.07,1.37,90,82,79,0.53,0.8%,23.6%,6.3%,17.3%,<a href=https://npb.jp/bis/eng/teams/index_f.html>Nipponham</a>,EL
Suzuki Ryotaro,27,0,4,1,0,0,171,38.1,43,5,45,18,1,1,5,20,16,3.76,4.39,3.22,1.59,93,107,83,-0.63,2.9%,26.3%,10.5%,15.8%,<a href=https://npb.jp/bis/eng/teams/index_f.html>Nipponham</a>,EL
Takayama Yuki,21,0,1,0,0,0,99,18.0,33,7,12,15,0,0,1,26,26,13.00,9.78,5.10,2.67,27,239,132,3.22,7.1%,12.1%,15.2%,-3.1%,<a href=https://npb.jp/bis/eng/teams/index_f.html>Nipponham</a>,EL
Tateno Kazuaki,12,2,3,1,1,0,229,52.0,54,7,48,20,0,3,2,31,22,3.81,4.79,3.58,1.42,92,117,93,-0.98,3.1%,21.0%,8.7%,12.3%,<a href=https://npb.jp/bis/eng/teams/index_f.html>Nipponham</a>,EL
Uehara Kenta,12,1,5,0,0,0,181,41.0,52,4,27,11,0,0,2,26,25,5.49,4.31,3.92,1.54,64,105,101,1.18,2.2%,14.9%,6.1%,8.8%,<a href=https://npb.jp/bis/eng/teams/index_f.html>Nipponham</a>,EL
Urano Hiroshi,20,0,0,0,0,0,96,21.2,24,5,21,7,0,0,0,11,10,4.15,5.59,3.34,1.43,85,136,86,-1.44,5.2%,21.9%,7.3%,14.6%,<a href=https://npb.jp/bis/eng/teams/index_f.html>Nipponham</a>,EL
Uwasawa Naoyuki,1,1,0,0,0,0,17,5.0,1,1,3,1,0,0,0,1,1,1.80,5.56,3.62,0.40,195,136,94,-3.76,5.9%,17.6%,5.9%,11.7%,<a href=https://npb.jp/bis/eng/teams/index_f.html>Nipponham</a>,EL
Yoshida Kosei,12,3,3,0,0,0,230,59.2,45,4,60,11,0,1,1,18,17,2.56,3.02,2.67,0.94,137,74,69,-0.46,1.7%,26.1%,4.8%,21.3%,<a href=https://npb.jp/bis/eng/teams/index_f.html>Nipponham</a>,EL
Yoshida Yuki,23,1,6,3,0,0,157,33.1,49,3,27,10,0,1,3,28,18,4.86,4.10,3.72,1.77,72,100,96,0.76,1.9%,17.2%,6.4%,10.8%,<a href=https://npb.jp/bis/eng/teams/index_f.html>Nipponham</a>,EL
Yoshikawa Mitsuo,19,3,0,0,0,0,114,25.2,23,2,25,15,0,0,3,8,6,2.10,4.37,3.92,1.48,167,107,101,-2.27,1.8%,21.9%,13.2%,8.7%,<a href=https://npb.jp/bis/eng/teams/index_f.html>Nipponham</a>,EL
