Player,G,PA,AB,R,H,2B,3B,HR,TB,RBI,SB,CS,SH,SF,SO,BB,IBB,HP,GDP,AVG,OBP,SLG,OPS,OPS+,ISO,BABIP,TTO%,K%,BB%,BB/K,Team,League
Araki Fumiya,37,130,120,7,31,3,0,0,34,7,7,4,2,1,18,7,0,0,1,0.258,0.297,0.283,0.580,65,0.025,0.301,19.2%,13.8%,5.4%,0.39,<a href=https://npb.jp/bis/eng/teams/index_t.html>Hanshin</a>,WL
Bour Justin,3,10,6,1,2,1,0,0,3,2,0,0,0,0,2,4,0,0,0,0.333,0.600,0.500,1.100,213,0.167,0.500,60.0%,20.0%,40.0%,2.00,<a href=https://npb.jp/bis/eng/teams/index_t.html>Hanshin</a>,WL
Egoshi Taiga,21,90,80,12,24,4,3,3,43,14,4,2,0,1,20,7,0,2,0,0.300,0.367,0.538,0.905,153,0.238,0.362,33.3%,22.2%,7.8%,0.35,<a href=https://npb.jp/bis/eng/teams/index_t.html>Hanshin</a>,WL
Endo Jo,62,178,159,15,25,6,0,1,34,7,3,5,4,0,62,14,0,1,2,0.157,0.230,0.214,0.444,26,0.057,0.250,43.3%,34.8%,7.9%,0.23,<a href=https://npb.jp/bis/eng/teams/index_t.html>Hanshin</a>,WL
Fujikawa Shunsuke,45,125,115,7,29,3,0,1,35,7,0,2,0,0,19,10,0,0,4,0.252,0.312,0.304,0.616,75,0.052,0.295,24.0%,15.2%,8.0%,0.53,<a href=https://npb.jp/bis/eng/teams/index_t.html>Hanshin</a>,WL
Fujita Kento,36,81,73,4,13,2,0,0,15,5,0,1,0,1,18,5,0,2,1,0.178,0.247,0.205,0.452,29,0.027,0.232,28.4%,22.2%,6.2%,0.28,<a href=https://npb.jp/bis/eng/teams/index_t.html>Hanshin</a>,WL
Fujitani Kosuke,43,114,102,7,22,3,0,3,34,9,1,2,1,0,40,8,0,3,4,0.216,0.292,0.333,0.625,77,0.117,0.322,44.7%,35.1%,7.0%,0.20,<a href=https://npb.jp/bis/eng/teams/index_t.html>Hanshin</a>,WL
Fukudome Kosuke,12,37,29,3,6,1,0,1,10,5,1,0,0,1,11,6,0,1,1,0.207,0.351,0.345,0.696,98,0.138,0.278,48.6%,29.7%,16.2%,0.55,<a href=https://npb.jp/bis/eng/teams/index_t.html>Hanshin</a>,WL
Haraguchi Fumihito,24,91,83,9,30,10,0,2,46,6,0,1,0,0,11,6,0,2,1,0.361,0.418,0.554,0.972,173,0.193,0.400,20.9%,12.1%,6.6%,0.55,<a href=https://npb.jp/bis/eng/teams/index_t.html>Hanshin</a>,WL
Hojoh Fumiya,24,98,80,8,16,1,0,1,20,7,2,1,1,1,17,16,0,0,1,0.200,0.330,0.250,0.580,66,0.050,0.238,34.7%,17.3%,16.3%,0.94,<a href=https://npb.jp/bis/eng/teams/index_t.html>Hanshin</a>,WL
Inoue Kouta,69,280,248,26,56,14,0,9,97,36,0,1,0,2,96,29,0,1,2,0.226,0.307,0.391,0.698,97,0.165,0.324,47.9%,34.3%,10.4%,0.30,<a href=https://npb.jp/bis/eng/teams/index_t.html>Hanshin</a>,WL
Itayama Yutaro,72,260,231,21,60,15,0,3,84,23,1,4,1,1,39,27,0,0,4,0.260,0.336,0.364,0.700,98,0.104,0.300,26.5%,15.0%,10.4%,0.69,<a href=https://npb.jp/bis/eng/teams/index_t.html>Hanshin</a>,WL
Itoh Hayata,46,117,102,7,19,11,0,1,33,14,0,1,0,0,16,15,1,0,3,0.186,0.291,0.324,0.615,74,0.138,0.212,27.4%,13.7%,12.8%,0.94,<a href=https://npb.jp/bis/eng/teams/index_t.html>Hanshin</a>,WL
Itohara Kento,3,11,8,1,3,1,0,0,4,1,0,0,0,1,1,2,0,0,0,0.375,0.455,0.500,0.955,169,0.125,0.375,27.3%,9.1%,18.2%,2.00,<a href=https://npb.jp/bis/eng/teams/index_t.html>Hanshin</a>,WL
Katayama Yuya,55,152,132,14,29,3,0,2,38,19,4,0,1,0,17,17,0,1,3,0.220,0.313,0.288,0.601,71,0.068,0.239,23.7%,11.2%,11.2%,1.00,<a href=https://npb.jp/bis/eng/teams/index_t.html>Hanshin</a>,WL
Kinami Seiya,11,46,42,4,10,6,1,0,18,8,1,0,1,0,8,3,0,0,1,0.238,0.289,0.429,0.718,100,0.191,0.294,23.9%,17.4%,6.5%,0.38,<a href=https://npb.jp/bis/eng/teams/index_t.html>Hanshin</a>,WL
Kumagai Takahiro,39,139,126,10,22,2,5,0,34,9,5,2,4,0,27,7,0,2,4,0.175,0.230,0.270,0.500,41,0.095,0.222,24.5%,19.4%,5.0%,0.26,<a href=https://npb.jp/bis/eng/teams/index_t.html>Hanshin</a>,WL
Marte Jefry,22,70,58,8,15,4,0,1,22,6,0,0,0,1,14,11,0,0,0,0.259,0.371,0.379,0.750,112,0.120,0.318,37.1%,20.0%,15.7%,0.79,<a href=https://npb.jp/bis/eng/teams/index_t.html>Hanshin</a>,WL
Nagasaka Kenya,39,109,94,11,19,3,1,3,33,6,1,1,2,2,28,10,0,1,4,0.202,0.280,0.351,0.631,78,0.149,0.246,37.6%,25.7%,9.2%,0.36,<a href=https://npb.jp/bis/eng/teams/index_t.html>Hanshin</a>,WL
Nakatani Masahiro,16,58,52,7,13,3,0,3,25,5,0,2,0,0,13,6,0,0,4,0.250,0.328,0.481,0.809,126,0.231,0.278,37.9%,22.4%,10.3%,0.46,<a href=https://npb.jp/bis/eng/teams/index_t.html>Hanshin</a>,WL
Obata Ryuhei,32,116,104,12,30,1,1,0,33,2,9,3,2,1,19,8,0,1,3,0.288,0.342,0.317,0.659,87,0.029,0.349,23.3%,16.4%,6.9%,0.42,<a href=https://npb.jp/bis/eng/teams/index_t.html>Hanshin</a>,WL
Okazaki Taichi,29,32,24,3,3,1,0,0,4,2,1,0,0,1,5,7,0,0,1,0.125,0.313,0.167,0.480,39,0.042,0.150,37.5%,15.6%,21.9%,1.40,<a href=https://npb.jp/bis/eng/teams/index_t.html>Hanshin</a>,WL
Okuyama Kouta,17,12,11,2,1,0,0,0,1,1,1,0,0,0,5,1,0,0,0,0.091,0.167,0.091,0.258,-26,0.000,0.167,50.0%,41.7%,8.3%,0.20,<a href=https://npb.jp/bis/eng/teams/index_t.html>Hanshin</a>,WL
Onodera Dan,44,144,129,7,30,5,0,0,35,9,0,0,3,1,23,10,0,1,3,0.233,0.291,0.271,0.562,60,0.038,0.280,22.9%,16.0%,6.9%,0.43,<a href=https://npb.jp/bis/eng/teams/index_t.html>Hanshin</a>,WL
Sakamoto Seishiro,3,12,9,2,4,1,0,0,5,1,0,1,1,0,2,2,0,0,0,0.444,0.545,0.556,1.101,211,0.112,0.571,33.3%,16.7%,16.7%,1.00,<a href=https://npb.jp/bis/eng/teams/index_t.html>Hanshin</a>,WL
Sands Jerry,2,7,4,0,1,0,0,0,1,0,0,0,0,0,1,3,0,0,0,0.250,0.571,0.250,0.821,137,0.000,0.333,57.1%,14.3%,42.9%,3.00,<a href=https://npb.jp/bis/eng/teams/index_t.html>Hanshin</a>,WL
Shimada Kairi,48,178,161,15,32,1,2,1,40,5,5,5,4,2,34,11,0,0,0,0.199,0.247,0.248,0.495,40,0.049,0.242,25.8%,19.1%,6.2%,0.32,<a href=https://npb.jp/bis/eng/teams/index_t.html>Hanshin</a>,WL
Takayama Shun,42,169,153,21,38,12,0,2,56,11,1,3,0,0,28,15,0,1,3,0.248,0.320,0.366,0.686,94,0.118,0.293,26.6%,16.6%,8.9%,0.54,<a href=https://npb.jp/bis/eng/teams/index_t.html>Hanshin</a>,WL
Ueda Kai,3,11,8,1,1,1,0,0,2,1,1,0,1,0,4,2,0,0,0,0.125,0.300,0.250,0.550,57,0.125,0.250,54.5%,36.4%,18.2%,0.50,<a href=https://npb.jp/bis/eng/teams/index_t.html>Hanshin</a>,WL
Uemoto Hiroki,37,129,107,15,27,4,2,2,41,19,3,3,3,5,19,14,0,0,1,0.252,0.325,0.383,0.708,100,0.131,0.275,27.1%,14.7%,10.9%,0.74,<a href=https://npb.jp/bis/eng/teams/index_t.html>Hanshin</a>,WL
Umeno Ryutaro,1,3,3,1,3,0,0,0,3,1,0,0,0,0,0,0,0,0,0,1.000,1.000,1.000,2.000,465,0.000,1.000,0.0%,0.0%,0.0%,,<a href=https://npb.jp/bis/eng/teams/index_t.html>Hanshin</a>,WL
Yohkawa Naomasa,6,23,17,4,4,0,0,1,7,3,0,0,0,0,4,6,0,0,0,0.235,0.435,0.412,0.847,140,0.177,0.250,47.8%,17.4%,26.1%,1.50,<a href=https://npb.jp/bis/eng/teams/index_t.html>Hanshin</a>,WL
Abe Tomohiro,18,48,41,5,11,2,2,1,20,5,0,1,0,1,12,5,0,1,0,0.268,0.354,0.488,0.842,138,0.220,0.345,37.5%,25.0%,10.4%,0.42,<a href=https://npb.jp/bis/eng/teams/index_c.html>Hiroshima</a>,WL
Aduwa Makoto,8,1,1,0,0,0,0,0,0,0,0,0,0,0,1,0,0,0,0,0.000,0.000,0.000,0.000,-101,0.000,,100.0%,100.0%,0.0%,0.00,<a href=https://npb.jp/bis/eng/teams/index_c.html>Hiroshima</a>,WL
Fujii Kouya,27,1,1,0,0,0,0,0,0,0,0,0,0,0,1,0,0,0,0,0.000,0.000,0.000,0.000,-101,0.000,,100.0%,100.0%,0.0%,0.00,<a href=https://npb.jp/bis/eng/teams/index_c.html>Hiroshima</a>,WL
Fujii Reira,18,1,1,0,0,0,0,0,0,0,0,0,0,0,0,0,0,0,0,0.000,0.000,0.000,0.000,-101,0.000,0.000,0.0%,0.0%,0.0%,,<a href=https://npb.jp/bis/eng/teams/index_c.html>Hiroshima</a>,WL
Hatsuki Ryutaro,49,165,149,19,52,1,3,0,59,11,17,6,4,1,35,11,0,0,2,0.349,0.391,0.396,0.787,124,0.047,0.452,27.9%,21.2%,6.7%,0.31,<a href=https://npb.jp/bis/eng/teams/index_c.html>Hiroshima</a>,WL
Hayashi Kouta,69,288,259,29,69,16,0,9,112,40,3,1,0,3,52,23,1,3,9,0.266,0.330,0.432,0.762,116,0.166,0.299,29.2%,18.1%,8.0%,0.44,<a href=https://npb.jp/bis/eng/teams/index_c.html>Hiroshima</a>,WL
Ishihara Tomoki,34,102,84,9,17,2,1,4,33,8,0,0,7,0,15,10,0,1,4,0.202,0.295,0.393,0.688,95,0.191,0.200,28.4%,14.7%,9.8%,0.67,<a href=https://npb.jp/bis/eng/teams/index_c.html>Hiroshima</a>,WL
Ishihara Yoshiyuki,3,5,5,0,1,0,0,0,1,0,0,0,0,0,0,0,0,0,0,0.200,0.200,0.200,0.400,13,0.000,0.200,0.0%,0.0%,0.0%,,<a href=https://npb.jp/bis/eng/teams/index_c.html>Hiroshima</a>,WL
Isomura Yoshitaka,15,47,42,5,12,2,0,1,17,5,0,0,0,0,2,4,0,1,2,0.286,0.362,0.405,0.767,118,0.119,0.282,14.9%,4.3%,8.5%,2.00,<a href=https://npb.jp/bis/eng/teams/index_c.html>Hiroshima</a>,WL
Johnson Kris,8,8,8,0,2,0,0,0,2,0,0,0,0,0,0,0,0,0,1,0.250,0.250,0.250,0.500,42,0.000,0.250,0.0%,0.0%,0.0%,,<a href=https://npb.jp/bis/eng/teams/index_c.html>Hiroshima</a>,WL
Kinoshita Motohide,60,201,189,14,34,6,0,7,61,26,0,0,0,1,41,10,0,1,3,0.180,0.224,0.323,0.547,55,0.143,0.190,28.9%,20.4%,5.0%,0.24,<a href=https://npb.jp/bis/eng/teams/index_c.html>Hiroshima</a>,WL
Kokubo Tetsuya,29,65,55,5,14,2,0,0,16,7,0,0,0,2,10,8,0,0,1,0.255,0.338,0.291,0.629,80,0.036,0.298,27.7%,15.4%,12.3%,0.80,<a href=https://npb.jp/bis/eng/teams/index_c.html>Hiroshima</a>,WL
Kozono Kaito,66,266,249,34,76,12,6,1,103,20,11,6,3,2,22,12,0,0,4,0.305,0.335,0.414,0.749,112,0.109,0.329,13.2%,8.3%,4.5%,0.55,<a href=https://npb.jp/bis/eng/teams/index_c.html>Hiroshima</a>,WL
Kuwahara Tatsuki,37,53,46,5,16,3,1,0,21,3,1,0,0,0,5,7,0,0,2,0.348,0.434,0.457,0.891,154,0.109,0.390,22.6%,9.4%,13.2%,1.40,<a href=https://npb.jp/bis/eng/teams/index_c.html>Hiroshima</a>,WL
Matsuyama Ryuhei,3,8,8,0,0,0,0,0,0,0,0,0,0,0,0,0,0,0,0,0.000,0.000,0.000,0.000,-101,0.000,0.000,0.0%,0.0%,0.0%,,<a href=https://npb.jp/bis/eng/teams/index_c.html>Hiroshima</a>,WL
Mejia Alejandro,25,74,71,6,16,4,0,1,23,4,0,0,0,0,7,3,0,0,1,0.225,0.257,0.324,0.581,65,0.099,0.238,14.9%,9.5%,4.1%,0.43,<a href=https://npb.jp/bis/eng/teams/index_c.html>Hiroshima</a>,WL
Mena Alfredo,15,5,4,0,0,0,0,0,0,0,0,0,1,0,3,0,0,0,1,0.000,0.000,0.000,0.000,-101,0.000,0.000,60.0%,60.0%,0.0%,0.00,<a href=https://npb.jp/bis/eng/teams/index_c.html>Hiroshima</a>,WL
Mochimaru Taiki,27,36,33,1,4,0,0,0,4,1,0,0,0,0,7,3,0,0,1,0.121,0.194,0.121,0.315,-9,0.000,0.154,27.8%,19.4%,8.3%,0.43,<a href=https://npb.jp/bis/eng/teams/index_c.html>Hiroshima</a>,WL
Montilla Emailin,14,4,4,0,0,0,0,0,0,0,0,0,0,0,2,0,0,0,0,0.000,0.000,0.000,0.000,-101,0.000,0.000,50.0%,50.0%,0.0%,0.00,<a href=https://npb.jp/bis/eng/teams/index_c.html>Hiroshima</a>,WL
Nagai Atsushi,27,60,55,8,11,1,2,0,16,2,1,1,1,0,14,4,0,0,1,0.200,0.254,0.291,0.545,55,0.091,0.268,30.0%,23.3%,6.7%,0.29,<a href=https://npb.jp/bis/eng/teams/index_c.html>Hiroshima</a>,WL
Nakagami Takuto,55,149,138,8,30,4,0,2,40,11,2,0,1,2,29,8,0,0,4,0.217,0.257,0.290,0.547,56,0.073,0.257,26.2%,19.5%,5.4%,0.28,<a href=https://npb.jp/bis/eng/teams/index_c.html>Hiroshima</a>,WL
Nakamura Shosei,55,189,164,20,40,6,3,1,55,14,8,3,2,0,32,23,0,0,7,0.244,0.337,0.335,0.672,92,0.091,0.298,29.6%,16.9%,12.2%,0.72,<a href=https://npb.jp/bis/eng/teams/index_c.html>Hiroshima</a>,WL
Nakamura Yuta,10,4,2,0,0,0,0,0,0,1,0,0,1,0,1,1,0,0,0,0.000,0.333,0.000,0.333,-0,0.000,0.000,50.0%,25.0%,25.0%,1.00,<a href=https://npb.jp/bis/eng/teams/index_c.html>Hiroshima</a>,WL
Nirasawa Yuya,68,236,218,18,50,4,3,0,60,13,1,4,1,3,30,11,0,3,3,0.229,0.272,0.275,0.547,56,0.046,0.262,17.4%,12.7%,4.7%,0.37,<a href=https://npb.jp/bis/eng/teams/index_c.html>Hiroshima</a>,WL
Nishikawa Ryoma,3,9,7,0,1,1,0,0,2,0,0,0,0,0,0,2,0,0,0,0.143,0.333,0.286,0.619,77,0.143,0.143,22.2%,0.0%,22.2%,1.00,<a href=https://npb.jp/bis/eng/teams/index_c.html>Hiroshima</a>,WL
Noma Takayoshi,12,53,46,10,15,5,2,0,24,5,2,0,0,0,11,4,0,3,1,0.326,0.415,0.522,0.937,166,0.196,0.429,28.3%,20.8%,7.5%,0.36,<a href=https://npb.jp/bis/eng/teams/index_c.html>Hiroshima</a>,WL
Nomura Yusuke,5,2,2,0,0,0,0,0,0,0,0,0,0,0,1,0,0,0,0,0.000,0.000,0.000,0.000,-101,0.000,0.000,50.0%,50.0%,0.0%,0.00,<a href=https://npb.jp/bis/eng/teams/index_c.html>Hiroshima</a>,WL
Ohmori Minoru,19,81,75,7,24,2,1,1,31,6,6,0,0,0,13,6,0,0,1,0.320,0.370,0.413,0.783,122,0.093,0.377,24.7%,16.0%,7.4%,0.46,<a href=https://npb.jp/bis/eng/teams/index_c.html>Hiroshima</a>,WL
Okada Akitake,14,3,3,0,0,0,0,0,0,0,0,0,0,0,1,0,0,0,0,0.000,0.000,0.000,0.000,-101,0.000,0.000,33.3%,33.3%,0.0%,0.00,<a href=https://npb.jp/bis/eng/teams/index_c.html>Hiroshima</a>,WL
Scott Tayler,19,6,6,0,0,0,0,0,0,0,0,0,0,0,4,0,0,0,0,0.000,0.000,0.000,0.000,-101,0.000,0.000,66.7%,66.7%,0.0%,0.00,<a href=https://npb.jp/bis/eng/teams/index_c.html>Hiroshima</a>,WL
Shirahama Yuta,15,3,3,0,1,0,0,0,1,0,0,0,0,0,0,0,0,0,0,0.333,0.333,0.333,0.666,90,0.000,0.333,0.0%,0.0%,0.0%,,<a href=https://npb.jp/bis/eng/teams/index_c.html>Hiroshima</a>,WL
Shozui Yuya,50,185,156,17,46,10,1,2,64,17,1,1,2,1,25,24,0,2,9,0.295,0.393,0.410,0.803,129,0.115,0.338,27.6%,13.5%,13.0%,0.96,<a href=https://npb.jp/bis/eng/teams/index_c.html>Hiroshima</a>,WL
Sone Kaisei,10,18,16,4,6,0,0,0,6,2,0,2,1,1,6,0,0,0,0,0.375,0.353,0.375,0.728,107,0.000,0.545,33.3%,33.3%,0.0%,0.00,<a href=https://npb.jp/bis/eng/teams/index_c.html>Hiroshima</a>,WL
Takahashi Hiroki,48,156,144,9,35,5,0,5,55,19,1,1,0,0,26,9,0,3,5,0.243,0.301,0.382,0.683,93,0.139,0.265,25.6%,16.7%,5.8%,0.35,<a href=https://npb.jp/bis/eng/teams/index_c.html>Hiroshima</a>,WL
Takahashi Kouya,7,6,4,0,0,0,0,0,0,0,0,0,2,0,3,0,0,0,0,0.000,0.000,0.000,0.000,-101,0.000,0.000,50.0%,50.0%,0.0%,0.00,<a href=https://npb.jp/bis/eng/teams/index_c.html>Hiroshima</a>,WL
Tanaka Norihiko,25,1,1,0,0,0,0,0,0,0,0,0,0,0,0,0,0,0,0,0.000,0.000,0.000,0.000,-101,0.000,0.000,0.0%,0.0%,0.0%,,<a href=https://npb.jp/bis/eng/teams/index_c.html>Hiroshima</a>,WL
Tokoda Hiroki,4,4,2,0,1,0,0,0,1,0,0,0,1,0,0,1,0,0,0,0.500,0.667,0.500,1.167,236,0.000,0.500,25.0%,0.0%,25.0%,1.00,<a href=https://npb.jp/bis/eng/teams/index_c.html>Hiroshima</a>,WL
Ugusa Koki,54,236,221,27,62,7,4,2,83,15,11,5,2,0,34,10,0,3,3,0.281,0.321,0.376,0.697,98,0.095,0.324,19.5%,14.4%,4.2%,0.29,<a href=https://npb.jp/bis/eng/teams/index_c.html>Hiroshima</a>,WL
Une Takamasa,21,1,1,0,0,0,0,0,0,0,0,0,0,0,0,0,0,0,0,0.000,0.000,0.000,0.000,-101,0.000,0.000,0.0%,0.0%,0.0%,,<a href=https://npb.jp/bis/eng/teams/index_c.html>Hiroshima</a>,WL
Yabuta Kazuki,4,5,5,0,0,0,0,0,0,0,0,0,0,0,2,0,0,0,0,0.000,0.000,0.000,0.000,-101,0.000,0.000,40.0%,40.0%,0.0%,0.00,<a href=https://npb.jp/bis/eng/teams/index_c.html>Hiroshima</a>,WL
Yamaguchi Sho,8,2,2,0,0,0,0,0,0,0,0,0,0,0,1,0,0,0,0,0.000,0.000,0.000,0.000,-101,0.000,0.000,50.0%,50.0%,0.0%,0.00,<a href=https://npb.jp/bis/eng/teams/index_c.html>Hiroshima</a>,WL
Yasaki Takuya,8,5,4,0,0,0,0,0,0,0,0,0,1,0,2,0,0,0,0,0.000,0.000,0.000,0.000,-101,0.000,0.000,40.0%,40.0%,0.0%,0.00,<a href=https://npb.jp/bis/eng/teams/index_c.html>Hiroshima</a>,WL
Austin Tyler,7,25,21,0,3,1,0,0,4,3,0,0,0,0,10,4,0,0,0,0.143,0.280,0.190,0.470,36,0.047,0.273,56.0%,40.0%,16.0%,0.40,<a href=https://npb.jp/bis/eng/teams/index_db.html>DeNA</a>,EL
Azuma Junpei,32,69,57,7,4,2,0,0,6,4,0,0,2,2,28,8,0,0,4,0.070,0.179,0.105,0.284,-18,0.035,0.129,52.2%,40.6%,11.6%,0.29,<a href=https://npb.jp/bis/eng/teams/index_db.html>DeNA</a>,EL
Chino Naoto,67,258,228,33,54,8,0,6,80,24,7,4,6,0,57,23,0,1,4,0.237,0.310,0.351,0.661,89,0.114,0.291,33.3%,22.1%,8.9%,0.40,<a href=https://npb.jp/bis/eng/teams/index_db.html>DeNA</a>,EL
De La Rosa Frandy,25,50,44,6,9,2,0,0,11,5,1,0,0,0,18,6,0,0,0,0.205,0.300,0.250,0.550,58,0.045,0.346,48.0%,36.0%,12.0%,0.33,<a href=https://npb.jp/bis/eng/teams/index_db.html>DeNA</a>,EL
Ebina Tatsuo,32,128,107,20,30,8,2,6,60,19,3,2,1,0,23,20,0,0,4,0.280,0.394,0.561,0.955,171,0.281,0.308,38.3%,18.0%,15.6%,0.87,<a href=https://npb.jp/bis/eng/teams/index_db.html>DeNA</a>,EL
Hosokawa Seiya,64,270,214,41,68,6,2,13,117,53,7,4,0,3,62,48,1,5,1,0.318,0.448,0.547,0.995,185,0.229,0.387,45.6%,23.0%,17.8%,0.77,<a href=https://npb.jp/bis/eng/teams/index_db.html>DeNA</a>,EL
Ishikawa Takehiro,36,130,106,14,24,3,1,0,29,6,2,3,4,1,26,18,0,1,0,0.226,0.341,0.274,0.615,78,0.048,0.296,33.8%,20.0%,13.8%,0.69,<a href=https://npb.jp/bis/eng/teams/index_db.html>DeNA</a>,EL
Itoh Hikaru,10,26,22,2,3,0,0,0,3,1,0,1,0,0,5,4,0,0,2,0.136,0.269,0.136,0.405,17,0.000,0.176,34.6%,19.2%,15.4%,0.80,<a href=https://npb.jp/bis/eng/teams/index_db.html>DeNA</a>,EL
Itoh Yukiya,70,265,230,30,57,7,0,7,85,28,2,1,1,3,58,27,1,4,9,0.248,0.333,0.370,0.703,101,0.122,0.298,34.7%,21.9%,10.2%,0.47,<a href=https://npb.jp/bis/eng/teams/index_db.html>DeNA</a>,EL
Kamizato Kazuki,6,22,18,4,5,1,0,0,6,0,3,1,0,0,0,2,0,2,0,0.278,0.409,0.333,0.742,114,0.055,0.278,9.1%,0.0%,9.1%,1.00,<a href=https://npb.jp/bis/eng/teams/index_db.html>DeNA</a>,EL
Kusumoto Taishi,30,121,104,24,38,13,0,6,69,24,2,2,0,0,24,13,0,4,1,0.365,0.455,0.663,1.118,218,0.298,0.432,35.5%,19.8%,10.7%,0.54,<a href=https://npb.jp/bis/eng/teams/index_db.html>DeNA</a>,EL
Kuwahara Masayuki,28,116,102,20,25,1,2,5,45,17,6,2,0,1,13,10,0,3,4,0.245,0.328,0.441,0.769,118,0.196,0.235,24.1%,11.2%,8.6%,0.77,<a href=https://npb.jp/bis/eng/teams/index_db.html>DeNA</a>,EL
Lopez Jose,6,17,16,2,3,0,0,1,6,2,0,0,0,0,4,1,0,0,0,0.188,0.235,0.375,0.610,72,0.187,0.182,35.3%,23.5%,5.9%,0.25,<a href=https://npb.jp/bis/eng/teams/index_db.html>DeNA</a>,EL
Maeda Yamato,4,15,14,2,3,0,0,0,3,1,0,0,0,0,2,1,0,0,0,0.214,0.267,0.214,0.481,38,0.000,0.250,20.0%,13.3%,6.7%,0.50,<a href=https://npb.jp/bis/eng/teams/index_db.html>DeNA</a>,EL
Mashiko Kyosuke,29,64,50,7,11,2,0,1,16,7,0,0,0,1,19,10,0,3,3,0.220,0.375,0.320,0.695,100,0.100,0.323,46.9%,29.7%,15.6%,0.53,<a href=https://npb.jp/bis/eng/teams/index_db.html>DeNA</a>,EL
Matsui Hyuma,48,121,101,13,36,9,0,2,51,24,0,0,3,1,17,16,0,0,5,0.356,0.441,0.505,0.946,170,0.149,0.410,28.9%,14.0%,13.2%,0.94,<a href=https://npb.jp/bis/eng/teams/index_db.html>DeNA</a>,EL
Minei Hiroki,10,33,31,4,10,0,0,2,16,4,0,0,0,0,6,0,0,2,1,0.323,0.364,0.516,0.880,150,0.193,0.348,24.2%,18.2%,0.0%,0.00,<a href=https://npb.jp/bis/eng/teams/index_db.html>DeNA</a>,EL
Miyamoto Shumei,67,226,200,22,48,10,3,4,76,16,15,8,8,1,73,16,0,1,0,0.240,0.298,0.380,0.678,93,0.140,0.355,41.2%,32.3%,7.1%,0.22,<a href=https://npb.jp/bis/eng/teams/index_db.html>DeNA</a>,EL
Momose Hiroki,53,123,110,13,20,5,2,0,29,13,4,2,3,1,29,8,0,1,1,0.182,0.242,0.264,0.506,44,0.082,0.244,30.1%,23.6%,6.5%,0.28,<a href=https://npb.jp/bis/eng/teams/index_db.html>DeNA</a>,EL
Mori Keito,58,207,186,22,39,3,2,2,52,13,7,7,7,1,48,12,0,1,3,0.210,0.260,0.280,0.540,54,0.070,0.270,30.0%,23.2%,5.8%,0.25,<a href=https://npb.jp/bis/eng/teams/index_db.html>DeNA</a>,EL
Sekine Taiki,54,185,146,25,44,5,2,2,59,15,5,2,7,0,23,32,0,0,3,0.301,0.427,0.404,0.831,139,0.103,0.347,30.8%,12.4%,17.3%,1.39,<a href=https://npb.jp/bis/eng/teams/index_db.html>DeNA</a>,EL
Takajoh Shuto,5,8,8,0,0,0,0,0,0,0,0,0,0,0,3,0,0,0,0,0.000,0.000,0.000,0.000,-102,0.000,0.000,37.5%,37.5%,0.0%,0.00,<a href=https://npb.jp/bis/eng/teams/index_db.html>DeNA</a>,EL
Tanabe Hayato,44,138,121,6,29,2,0,0,31,13,0,0,4,3,26,5,0,5,5,0.240,0.291,0.256,0.547,57,0.016,0.296,22.5%,18.8%,3.6%,0.19,<a href=https://npb.jp/bis/eng/teams/index_db.html>DeNA</a>,EL
Yamamoto Yuudai,48,144,124,11,34,8,1,3,53,14,0,1,9,1,20,9,0,1,8,0.274,0.326,0.427,0.753,114,0.153,0.304,22.2%,13.9%,6.2%,0.45,<a href=https://npb.jp/bis/eng/teams/index_db.html>DeNA</a>,EL
Yamashita Kouki,22,69,62,6,20,5,1,1,30,11,1,0,2,2,5,2,0,1,4,0.323,0.343,0.484,0.827,135,0.161,0.328,11.6%,7.2%,2.9%,0.40,<a href=https://npb.jp/bis/eng/teams/index_db.html>DeNA</a>,EL
Arai Sota,8,7,6,0,2,0,0,0,2,0,0,1,1,0,2,0,0,0,0,0.333,0.333,0.333,0.666,87,0.000,0.500,28.6%,28.6%,0.0%,0.00,<a href=https://npb.jp/bis/eng/teams/index_g.html>Yomiuri</a>,EL
Hirama Hayato,9,11,7,1,0,0,0,0,0,0,0,0,0,0,2,4,0,0,0,0.000,0.364,0.000,0.364,9,0.000,0.000,54.5%,18.2%,36.4%,2.00,<a href=https://npb.jp/bis/eng/teams/index_g.html>Yomiuri</a>,EL
Hirohata Rui,9,5,5,1,1,0,0,0,1,0,0,0,0,0,1,0,0,0,0,0.200,0.200,0.200,0.400,13,0.000,0.250,20.0%,20.0%,0.0%,0.00,<a href=https://npb.jp/bis/eng/teams/index_g.html>Yomiuri</a>,EL
Ishikawa Shingo,24,97,80,12,29,3,2,3,45,11,0,1,0,1,9,14,0,2,4,0.363,0.464,0.563,1.027,185,0.200,0.377,26.8%,9.3%,14.4%,1.56,<a href=https://npb.jp/bis/eng/teams/index_g.html>Yomiuri</a>,EL
Itoh Kaito,38,96,94,5,22,2,0,0,24,5,0,0,0,0,17,2,0,0,3,0.234,0.250,0.255,0.505,42,0.021,0.286,19.8%,17.7%,2.1%,0.12,<a href=https://npb.jp/bis/eng/teams/index_g.html>Yomiuri</a>,EL
Kasai Shun,6,5,3,0,0,0,0,0,0,0,0,1,0,0,0,1,0,1,0,0.000,0.400,0.000,0.400,20,0.000,0.000,20.0%,0.0%,20.0%,1.00,<a href=https://npb.jp/bis/eng/teams/index_g.html>Yomiuri</a>,EL
Katoh Shuhei,60,178,158,20,44,4,2,1,55,14,3,2,1,1,25,18,0,0,2,0.278,0.350,0.348,0.698,96,0.070,0.323,24.7%,14.0%,10.1%,0.72,<a href=https://npb.jp/bis/eng/teams/index_g.html>Yomiuri</a>,EL
Katoh Sota,13,26,23,0,1,0,0,0,1,0,1,0,1,0,11,2,0,0,0,0.043,0.120,0.043,0.163,-51,0.000,0.083,50.0%,42.3%,7.7%,0.18,<a href=https://npb.jp/bis/eng/teams/index_g.html>Yomiuri</a>,EL
Katsuki Kazuya,20,91,75,17,30,5,0,6,53,21,0,0,0,1,12,14,1,1,4,0.400,0.495,0.707,1.202,232,0.307,0.414,35.2%,13.2%,15.4%,1.17,<a href=https://npb.jp/bis/eng/teams/index_g.html>Yomiuri</a>,EL
Kikuta Hirokazu,44,149,141,9,28,6,0,1,37,10,0,1,1,0,31,5,0,2,5,0.199,0.236,0.262,0.498,40,0.063,0.248,24.8%,20.8%,3.4%,0.16,<a href=https://npb.jp/bis/eng/teams/index_g.html>Yomiuri</a>,EL
Kishida Yukinori,18,76,67,9,21,6,0,2,33,13,0,0,0,0,11,9,0,0,5,0.313,0.395,0.493,0.888,146,0.180,0.352,28.9%,14.5%,11.8%,0.82,<a href=https://npb.jp/bis/eng/teams/index_g.html>Yomiuri</a>,EL
Kitamura Takumi,16,75,68,8,21,2,0,3,32,16,0,0,0,0,10,6,0,1,2,0.309,0.373,0.471,0.844,135,0.162,0.327,25.3%,13.3%,8.0%,0.60,<a href=https://npb.jp/bis/eng/teams/index_g.html>Yomiuri</a>,EL
Kobayashi Seiji,9,28,26,2,4,0,0,0,4,0,1,0,0,0,4,2,0,0,0,0.154,0.214,0.154,0.368,5,0.000,0.182,21.4%,14.3%,7.1%,0.50,<a href=https://npb.jp/bis/eng/teams/index_g.html>Yomiuri</a>,EL
Koyama Shohei,11,9,6,3,1,0,0,1,4,1,0,0,0,0,2,3,0,0,1,0.167,0.444,0.667,1.111,207,0.500,0.000,66.7%,22.2%,33.3%,1.50,<a href=https://npb.jp/bis/eng/teams/index_g.html>Yomiuri</a>,EL
Kuroda Hibiki,3,6,6,0,1,0,0,0,1,1,0,0,0,0,2,0,0,0,0,0.167,0.167,0.167,0.334,-5,0.000,0.250,33.3%,33.3%,0.0%,0.00,<a href=https://npb.jp/bis/eng/teams/index_g.html>Yomiuri</a>,EL
Masuda Daiki,2,7,6,2,2,1,0,0,3,1,0,0,0,0,2,1,0,0,0,0.333,0.429,0.500,0.929,158,0.167,0.500,42.9%,28.6%,14.3%,0.50,<a href=https://npb.jp/bis/eng/teams/index_g.html>Yomiuri</a>,EL
Masuda Riku,48,154,136,8,22,2,0,2,30,9,0,2,5,0,23,9,0,4,10,0.162,0.235,0.221,0.456,29,0.059,0.180,22.1%,14.9%,5.8%,0.39,<a href=https://npb.jp/bis/eng/teams/index_g.html>Yomiuri</a>,EL
Matsubara Seiya,14,44,38,6,12,2,0,1,17,3,1,1,2,0,6,4,0,0,1,0.316,0.381,0.447,0.828,131,0.131,0.355,25.0%,13.6%,9.1%,0.67,<a href=https://npb.jp/bis/eng/teams/index_g.html>Yomiuri</a>,EL
Matsui Yoshiya,4,10,10,2,3,0,0,1,6,2,0,0,0,0,5,0,0,0,0,0.300,0.300,0.600,0.900,146,0.300,0.500,60.0%,50.0%,0.0%,0.00,<a href=https://npb.jp/bis/eng/teams/index_g.html>Yomiuri</a>,EL
Mota Israel,44,118,98,15,20,4,0,4,36,13,5,3,1,1,32,18,0,0,0,0.204,0.325,0.367,0.692,94,0.163,0.254,45.8%,27.1%,15.3%,0.56,<a href=https://npb.jp/bis/eng/teams/index_g.html>Yomiuri</a>,EL
Murakami Kaito,8,10,9,3,1,0,0,0,1,0,2,0,0,0,4,1,0,0,0,0.111,0.200,0.111,0.311,-10,0.000,0.200,50.0%,40.0%,10.0%,0.25,<a href=https://npb.jp/bis/eng/teams/index_g.html>Yomiuri</a>,EL
Parra Gerardo,8,24,23,3,7,1,0,0,8,1,0,0,0,0,4,1,0,0,2,0.304,0.333,0.348,0.681,91,0.044,0.368,20.8%,16.7%,4.2%,0.25,<a href=https://npb.jp/bis/eng/teams/index_g.html>Yomiuri</a>,EL
Shigenobu Shinnosuke,13,45,39,11,17,3,0,2,26,5,1,1,0,0,6,6,0,0,0,0.436,0.511,0.667,1.178,226,0.231,0.484,31.1%,13.3%,13.3%,1.00,<a href=https://npb.jp/bis/eng/teams/index_g.html>Yomiuri</a>,EL
Sumitani Ginjiro,1,4,4,1,1,0,0,0,1,0,0,0,0,0,0,0,0,0,1,0.250,0.250,0.250,0.500,41,0.000,0.250,0.0%,0.0%,0.0%,,<a href=https://npb.jp/bis/eng/teams/index_g.html>Yomiuri</a>,EL
Takayama Ryutaro,6,7,7,0,1,0,0,0,1,0,0,0,0,0,2,0,0,0,0,0.143,0.143,0.143,0.286,-19,0.000,0.200,28.6%,28.6%,0.0%,0.00,<a href=https://npb.jp/bis/eng/teams/index_g.html>Yomiuri</a>,EL
Tanaka Shunta,40,142,120,21,33,6,2,1,46,14,5,0,1,0,25,20,0,1,3,0.275,0.383,0.383,0.766,114,0.108,0.340,32.4%,17.6%,14.1%,0.80,<a href=https://npb.jp/bis/eng/teams/index_g.html>Yomiuri</a>,EL
Tanaka Takaya,40,107,94,12,22,5,0,4,39,12,0,0,2,0,16,11,0,0,5,0.234,0.314,0.415,0.729,102,0.181,0.243,29.0%,15.0%,10.3%,0.69,<a href=https://npb.jp/bis/eng/teams/index_g.html>Yomiuri</a>,EL
Tateoka Soichiro,31,84,75,12,23,3,1,2,34,10,6,4,0,1,16,6,0,2,1,0.307,0.369,0.453,0.822,129,0.146,0.362,28.6%,19.0%,7.1%,0.38,<a href=https://npb.jp/bis/eng/teams/index_g.html>Yomiuri</a>,EL
Tone Chiaki,13,39,33,2,5,1,0,0,6,2,0,1,0,1,8,4,0,1,0,0.152,0.256,0.182,0.438,24,0.030,0.192,30.8%,20.5%,10.3%,0.50,<a href=https://npb.jp/bis/eng/teams/index_g.html>Yomiuri</a>,EL
Urena Estamy,65,268,236,37,70,8,0,12,114,47,0,1,0,4,40,27,1,1,4,0.297,0.366,0.483,0.849,136,0.186,0.309,29.5%,14.9%,10.1%,0.68,<a href=https://npb.jp/bis/eng/teams/index_g.html>Yomiuri</a>,EL
Wakabayashi Akihiro,12,46,42,5,13,2,1,5,32,11,0,0,0,0,9,2,0,2,2,0.310,0.370,0.762,1.132,210,0.452,0.286,34.8%,19.6%,4.3%,0.22,<a href=https://npb.jp/bis/eng/teams/index_g.html>Yomiuri</a>,EL
Yamamoto Yasuhiro,61,197,163,24,46,6,1,3,63,32,4,2,1,3,14,28,0,2,3,0.282,0.388,0.387,0.775,117,0.105,0.289,22.8%,7.1%,14.2%,2.00,<a href=https://npb.jp/bis/eng/teams/index_g.html>Yomiuri</a>,EL
Yamase Shinnosuke,44,116,98,8,16,2,0,2,24,6,2,0,7,0,16,11,0,0,3,0.163,0.248,0.245,0.493,39,0.082,0.175,25.0%,13.8%,9.5%,0.69,<a href=https://npb.jp/bis/eng/teams/index_g.html>Yomiuri</a>,EL
Yamashita Kota,4,15,14,1,2,0,0,0,2,1,1,1,0,0,2,1,0,0,1,0.143,0.200,0.143,0.343,-2,0.000,0.167,20.0%,13.3%,6.7%,0.50,<a href=https://npb.jp/bis/eng/teams/index_g.html>Yomiuri</a>,EL
Yaoita Takumaru,70,244,217,34,68,6,4,8,106,26,6,2,3,1,37,20,0,3,1,0.313,0.378,0.488,0.866,140,0.175,0.347,26.6%,15.2%,8.2%,0.54,<a href=https://npb.jp/bis/eng/teams/index_g.html>Yomiuri</a>,EL
Yoh Daikan,41,152,133,23,45,8,0,5,68,22,0,0,0,0,29,18,0,1,5,0.338,0.421,0.511,0.932,159,0.173,0.404,34.2%,19.1%,11.8%,0.62,<a href=https://npb.jp/bis/eng/teams/index_g.html>Yomiuri</a>,EL
Yoshikawa Daiki,39,98,83,12,17,4,0,2,27,8,5,2,2,1,15,10,0,2,1,0.205,0.302,0.325,0.627,76,0.120,0.224,27.6%,15.3%,10.2%,0.67,<a href=https://npb.jp/bis/eng/teams/index_g.html>Yomiuri</a>,EL
Yuasa Dai,74,266,224,37,56,5,0,3,70,23,22,5,8,1,52,29,0,4,5,0.250,0.345,0.313,0.658,85,0.063,0.312,31.6%,19.5%,10.9%,0.56,<a href=https://npb.jp/bis/eng/teams/index_g.html>Yomiuri</a>,EL
Araki Takahiro,10,40,32,8,12,3,0,2,21,7,0,0,0,0,5,7,0,1,2,0.375,0.500,0.656,1.156,225,0.281,0.400,35.0%,12.5%,17.5%,1.40,<a href=https://npb.jp/bis/eng/teams/index_s.html>Yakult</a>,EL
Fujii Ryota,69,180,161,24,42,6,1,0,50,16,5,3,3,1,19,15,0,0,5,0.261,0.322,0.311,0.633,80,0.050,0.294,18.9%,10.6%,8.3%,0.79,<a href=https://npb.jp/bis/eng/teams/index_s.html>Yakult</a>,EL
Hamada Taiki,58,237,207,27,46,2,0,11,81,34,0,2,0,3,51,22,0,5,11,0.222,0.308,0.391,0.699,97,0.169,0.236,35.4%,21.5%,9.3%,0.43,<a href=https://npb.jp/bis/eng/teams/index_s.html>Yakult</a>,EL
Higuma Julius,10,1,1,0,0,0,0,0,0,0,0,0,0,0,0,0,0,0,0,0.000,0.000,0.000,0.000,-100,0.000,0.000,0.0%,0.0%,0.0%,,<a href=https://npb.jp/bis/eng/teams/index_s.html>Yakult</a>,EL
Hirooka Taishi,10,37,33,3,7,1,0,0,8,1,0,0,0,0,12,4,0,0,1,0.212,0.297,0.242,0.539,54,0.030,0.333,43.2%,32.4%,10.8%,0.33,<a href=https://npb.jp/bis/eng/teams/index_s.html>Yakult</a>,EL
Ichikawa Yuta,12,1,1,0,0,0,0,0,0,0,0,0,0,0,1,0,0,0,0,0.000,0.000,0.000,0.000,-100,0.000,,100.0%,100.0%,0.0%,0.00,<a href=https://npb.jp/bis/eng/teams/index_s.html>Yakult</a>,EL
Ino Suguru,5,10,9,2,4,0,0,0,4,0,0,0,0,0,1,1,0,0,0,0.444,0.500,0.444,0.944,169,0.000,0.500,20.0%,10.0%,10.0%,1.00,<a href=https://npb.jp/bis/eng/teams/index_s.html>Yakult</a>,EL
Kawabata Shingo,35,97,88,4,23,2,0,1,28,12,0,0,0,1,8,8,0,0,3,0.261,0.320,0.318,0.638,81,0.057,0.275,17.5%,8.2%,8.2%,1.00,<a href=https://npb.jp/bis/eng/teams/index_s.html>Yakult</a>,EL
Koch Matt,13,5,3,0,0,0,0,0,0,0,0,0,2,0,2,0,0,0,0,0.000,0.000,0.000,0.000,-100,0.000,0.000,40.0%,40.0%,0.0%,0.00,<a href=https://npb.jp/bis/eng/teams/index_s.html>Yakult</a>,EL
Koga Yudai,39,139,127,15,48,2,0,3,59,12,0,1,3,1,11,8,0,0,4,0.378,0.412,0.465,0.877,148,0.087,0.395,15.8%,7.9%,5.8%,0.73,<a href=https://npb.jp/bis/eng/teams/index_s.html>Yakult</a>,EL
Matsumoto Naoki,43,83,73,5,15,1,0,1,19,6,1,0,2,1,13,7,0,0,7,0.205,0.272,0.260,0.532,51,0.055,0.233,25.3%,15.7%,8.4%,0.54,<a href=https://npb.jp/bis/eng/teams/index_s.html>Yakult</a>,EL
Matsumoto Yu,61,242,224,23,66,7,1,4,87,20,3,0,1,2,33,14,0,1,7,0.295,0.336,0.388,0.724,105,0.093,0.328,21.1%,13.6%,5.8%,0.42,<a href=https://npb.jp/bis/eng/teams/index_s.html>Yakult</a>,EL
Miyamoto Takeshi,2,8,8,0,3,0,0,0,3,1,0,0,0,0,0,0,0,0,0,0.375,0.375,0.375,0.750,113,0.000,0.375,0.0%,0.0%,0.0%,,<a href=https://npb.jp/bis/eng/teams/index_s.html>Yakult</a>,EL
Nagaoka Hideki,71,268,237,22,52,12,0,2,70,26,1,1,6,1,48,23,0,1,11,0.219,0.290,0.295,0.585,66,0.076,0.266,27.2%,17.9%,8.6%,0.48,<a href=https://npb.jp/bis/eng/teams/index_s.html>Yakult</a>,EL
Nakamura Yuhei,10,24,22,3,6,0,0,0,6,1,0,0,0,0,3,2,0,0,1,0.273,0.333,0.273,0.606,73,0.000,0.316,20.8%,12.5%,8.3%,0.67,<a href=https://npb.jp/bis/eng/teams/index_s.html>Yakult</a>,EL
Nakayama Shota,41,150,134,15,32,6,0,2,44,12,1,1,0,0,23,13,0,3,5,0.239,0.320,0.328,0.648,84,0.089,0.275,25.3%,15.3%,8.7%,0.57,<a href=https://npb.jp/bis/eng/teams/index_s.html>Yakult</a>,EL
Nishida Akihisa,7,26,24,4,9,1,0,2,16,7,0,0,0,2,2,0,0,0,3,0.375,0.346,0.667,1.013,182,0.292,0.318,15.4%,7.7%,0.0%,0.00,<a href=https://npb.jp/bis/eng/teams/index_s.html>Yakult</a>,EL
Nishiura Naomichi,1,4,4,1,1,0,0,0,1,0,0,0,0,0,1,0,0,0,0,0.250,0.250,0.250,0.500,42,0.000,0.333,25.0%,25.0%,0.0%,0.00,<a href=https://npb.jp/bis/eng/teams/index_s.html>Yakult</a>,EL
Ohmura Hajime,56,146,129,14,34,2,1,1,41,12,1,0,2,2,17,13,0,0,2,0.264,0.326,0.318,0.644,83,0.054,0.292,21.2%,11.6%,8.9%,0.76,<a href=https://npb.jp/bis/eng/teams/index_s.html>Yakult</a>,EL
Ohnishi Hiroki,14,1,1,0,0,0,0,0,0,0,0,0,0,0,0,0,0,0,0,0.000,0.000,0.000,0.000,-100,0.000,0.000,0.0%,0.0%,0.0%,,<a href=https://npb.jp/bis/eng/teams/index_s.html>Yakult</a>,EL
Ohta Kengo,65,255,224,25,55,10,3,3,80,22,2,2,2,0,40,27,0,2,6,0.246,0.332,0.357,0.689,95,0.111,0.287,27.5%,15.7%,10.6%,0.68,<a href=https://npb.jp/bis/eng/teams/index_s.html>Yakult</a>,EL
Okugawa Yasunobu,7,2,0,0,0,0,0,0,0,0,0,0,1,0,0,1,0,0,0,0.000,1.000,0.000,1.000,200,0.000,,50.0%,0.0%,50.0%,1.00,<a href=https://npb.jp/bis/eng/teams/index_s.html>Yakult</a>,EL
Okumura Nobuyuki,1,1,0,0,0,0,0,0,0,0,0,0,0,0,0,1,0,0,0,0.000,1.000,0.000,1.000,200,0.000,,100.0%,0.0%,100.0%,1.00,<a href=https://npb.jp/bis/eng/teams/index_s.html>Yakult</a>,EL
Shima Motohiro,2,3,2,0,1,0,0,0,1,1,0,0,0,1,0,0,0,0,0,0.500,0.333,0.500,0.833,134,0.000,0.333,0.0%,0.0%,0.0%,,<a href=https://npb.jp/bis/eng/teams/index_s.html>Yakult</a>,EL
Shiomi Yasutaka,18,69,58,11,17,3,0,1,23,6,3,1,0,2,18,8,0,1,1,0.293,0.377,0.397,0.774,119,0.104,0.390,39.1%,26.1%,11.6%,0.44,<a href=https://npb.jp/bis/eng/teams/index_s.html>Yakult</a>,EL
Takai Yuhei,34,124,113,8,36,5,1,1,46,12,3,1,0,0,9,11,0,0,2,0.319,0.379,0.407,0.786,123,0.088,0.340,16.9%,7.3%,8.9%,1.22,<a href=https://npb.jp/bis/eng/teams/index_s.html>Yakult</a>,EL
Takeoka Ryusei,72,277,238,25,52,8,1,2,68,14,3,7,8,1,56,29,1,1,2,0.218,0.305,0.286,0.591,68,0.068,0.276,31.4%,20.2%,10.5%,0.52,<a href=https://npb.jp/bis/eng/teams/index_s.html>Yakult</a>,EL
Tashiro Shotaro,46,139,124,18,32,4,2,3,49,13,5,3,2,1,25,11,0,1,3,0.258,0.321,0.395,0.716,102,0.137,0.299,28.1%,18.0%,7.9%,0.44,<a href=https://npb.jp/bis/eng/teams/index_s.html>Yakult</a>,EL
Uchiyama Taishi,47,94,84,7,23,2,0,0,25,15,0,0,0,0,17,9,0,1,6,0.274,0.351,0.298,0.649,85,0.024,0.343,27.7%,18.1%,9.6%,0.53,<a href=https://npb.jp/bis/eng/teams/index_s.html>Yakult</a>,EL
Ueda Tsuyoshi,13,43,39,2,11,1,0,0,12,3,2,2,0,0,4,4,0,0,0,0.282,0.349,0.308,0.657,87,0.026,0.314,18.6%,9.3%,9.3%,1.00,<a href=https://npb.jp/bis/eng/teams/index_s.html>Yakult</a>,EL
Watanabe Daiki,32,93,86,14,25,3,0,2,34,6,4,1,0,0,25,6,0,1,1,0.291,0.344,0.395,0.739,109,0.104,0.390,35.5%,26.9%,6.5%,0.24,<a href=https://npb.jp/bis/eng/teams/index_s.html>Yakult</a>,EL
Yamada Hiroki,15,1,1,0,0,0,0,0,0,0,0,0,0,0,1,0,0,0,0,0.000,0.000,0.000,0.000,-100,0.000,,100.0%,100.0%,0.0%,0.00,<a href=https://npb.jp/bis/eng/teams/index_s.html>Yakult</a>,EL
Yamasaki Kotaro,2,7,6,1,1,0,0,0,1,0,0,1,0,0,0,1,0,0,0,0.167,0.286,0.167,0.453,30,0.000,0.167,14.3%,0.0%,14.3%,1.00,<a href=https://npb.jp/bis/eng/teams/index_s.html>Yakult</a>,EL
Yoshida Taisei,45,144,117,13,29,4,0,2,39,12,1,2,4,1,38,22,1,0,0,0.248,0.364,0.333,0.697,98,0.085,0.346,43.1%,26.4%,15.3%,0.58,<a href=https://npb.jp/bis/eng/teams/index_s.html>Yakult</a>,EL
Almonte Zoilo,2,5,4,0,1,0,0,0,1,0,0,0,0,0,1,1,0,0,0,0.250,0.400,0.250,0.650,76,0.000,0.333,40.0%,20.0%,20.0%,1.00,<a href=https://npb.jp/bis/eng/teams/index_d.html>Chunichi</a>,WL
Brito Sandy,4,1,1,0,0,0,0,0,0,0,0,0,0,0,1,0,0,0,0,0.000,0.000,0.000,0.000,-87,0.000,,100.0%,100.0%,0.0%,0.00,<a href=https://npb.jp/bis/eng/teams/index_d.html>Chunichi</a>,WL
Donoue Naomichi,3,8,8,0,2,0,0,0,2,1,0,0,0,0,1,0,0,0,0,0.250,0.250,0.250,0.500,37,0.000,0.286,12.5%,12.5%,0.0%,0.00,<a href=https://npb.jp/bis/eng/teams/index_d.html>Chunichi</a>,WL
Endoh Issei,1,3,3,0,0,0,0,0,0,0,0,0,0,0,0,0,0,0,0,0.000,0.000,0.000,0.000,-87,0.000,0.000,0.0%,0.0%,0.0%,,<a href=https://npb.jp/bis/eng/teams/index_d.html>Chunichi</a>,WL
Fujii Atsushi,66,176,160,17,38,8,0,1,49,21,1,1,0,1,28,15,0,0,7,0.238,0.301,0.306,0.607,63,0.068,0.280,25.0%,15.9%,8.5%,0.54,<a href=https://npb.jp/bis/eng/teams/index_d.html>Chunichi</a>,WL
Fukuda Nobumasa,11,20,18,2,2,0,0,0,2,0,1,0,0,0,5,2,0,0,1,0.111,0.200,0.111,0.311,-9,0.000,0.154,35.0%,25.0%,10.0%,0.40,<a href=https://npb.jp/bis/eng/teams/index_d.html>Chunichi</a>,WL
Gunji Yuya,17,46,38,7,11,1,0,1,15,4,0,0,0,0,11,7,0,1,0,0.289,0.413,0.395,0.808,113,0.106,0.385,41.3%,23.9%,15.2%,0.64,<a href=https://npb.jp/bis/eng/teams/index_d.html>Chunichi</a>,WL
Hashimoto Yuki,11,1,1,0,0,0,0,0,0,0,0,0,0,0,1,0,0,0,0,0.000,0.000,0.000,0.000,-87,0.000,,100.0%,100.0%,0.0%,0.00,<a href=https://npb.jp/bis/eng/teams/index_d.html>Chunichi</a>,WL
Hirata Ryosuke,19,51,49,4,18,1,0,1,22,7,0,0,0,0,9,2,0,0,0,0.367,0.392,0.449,0.841,120,0.082,0.436,23.5%,17.6%,3.9%,0.22,<a href=https://npb.jp/bis/eng/teams/index_d.html>Chunichi</a>,WL
Iryo Masataka,1,4,4,0,1,0,0,0,1,1,0,0,0,0,0,0,0,0,0,0.250,0.250,0.250,0.500,37,0.000,0.250,0.0%,0.0%,0.0%,,<a href=https://npb.jp/bis/eng/teams/index_d.html>Chunichi</a>,WL
Ishibashi Kota,53,159,143,23,42,17,0,3,68,22,1,0,4,1,32,8,1,3,1,0.294,0.342,0.476,0.818,113,0.182,0.358,27.0%,20.1%,5.0%,0.25,<a href=https://npb.jp/bis/eng/teams/index_d.html>Chunichi</a>,WL
Ishigaki Masami,40,149,137,24,51,10,1,5,78,21,1,2,1,0,30,10,0,1,4,0.372,0.419,0.569,0.988,155,0.197,0.451,30.2%,20.1%,6.7%,0.33,<a href=https://npb.jp/bis/eng/teams/index_d.html>Chunichi</a>,WL
Ishikawa Takaya,58,238,205,37,57,12,0,3,78,24,3,4,0,1,57,28,0,4,7,0.278,0.374,0.380,0.754,99,0.102,0.370,37.0%,23.9%,11.8%,0.49,<a href=https://npb.jp/bis/eng/teams/index_d.html>Chunichi</a>,WL
Ishioka Ryota,68,173,160,21,44,7,3,2,63,20,11,3,0,0,44,13,0,0,2,0.275,0.329,0.394,0.723,90,0.119,0.368,34.1%,25.4%,7.5%,0.30,<a href=https://npb.jp/bis/eng/teams/index_d.html>Chunichi</a>,WL
Itoh Kosuke,76,264,247,27,54,9,3,1,72,22,5,5,1,4,48,11,0,1,5,0.219,0.251,0.291,0.542,46,0.072,0.262,22.7%,18.2%,4.2%,0.23,<a href=https://npb.jp/bis/eng/teams/index_d.html>Chunichi</a>,WL
Katoh Takuma,2,7,7,0,1,0,0,0,1,0,0,0,0,0,2,0,0,0,1,0.143,0.143,0.143,0.286,-17,0.000,0.200,28.6%,28.6%,0.0%,0.00,<a href=https://npb.jp/bis/eng/teams/index_d.html>Chunichi</a>,WL
Katsura Iori,29,64,57,7,14,1,1,2,23,6,1,0,2,0,15,5,0,0,3,0.246,0.306,0.404,0.710,87,0.158,0.300,34.4%,23.4%,7.8%,0.33,<a href=https://npb.jp/bis/eng/teams/index_d.html>Chunichi</a>,WL
Martinez Ariel,10,20,17,2,7,3,0,2,16,6,0,1,0,0,3,3,0,0,0,0.412,0.500,0.941,1.441,263,0.529,0.417,40.0%,15.0%,15.0%,1.00,<a href=https://npb.jp/bis/eng/teams/index_d.html>Chunichi</a>,WL
Maruyama Taisuke,1,1,1,0,1,0,0,0,1,0,0,0,0,0,0,0,0,0,0,1.000,1.000,1.000,2.000,406,0.000,1.000,0.0%,0.0%,0.0%,,<a href=https://npb.jp/bis/eng/teams/index_d.html>Chunichi</a>,WL
Matsuba Takahiro,2,3,3,0,0,0,0,0,0,0,0,0,0,0,0,0,0,0,0,0.000,0.000,0.000,0.000,-87,0.000,0.000,0.0%,0.0%,0.0%,,<a href=https://npb.jp/bis/eng/teams/index_d.html>Chunichi</a>,WL
Mitsumata Taiki,51,161,120,19,36,11,2,3,60,23,0,1,6,2,21,31,0,2,5,0.300,0.445,0.500,0.945,145,0.200,0.337,34.2%,13.0%,19.3%,1.48,<a href=https://npb.jp/bis/eng/teams/index_d.html>Chunichi</a>,WL
Mizowaki Hayato,7,21,19,3,5,0,1,0,7,2,2,0,0,0,1,2,0,0,0,0.263,0.333,0.368,0.701,85,0.105,0.278,14.3%,4.8%,9.5%,2.00,<a href=https://npb.jp/bis/eng/teams/index_d.html>Chunichi</a>,WL
Neo Akira,71,307,282,37,67,11,3,5,99,33,2,1,3,2,69,20,0,0,8,0.238,0.286,0.351,0.637,70,0.113,0.295,30.6%,22.5%,6.5%,0.29,<a href=https://npb.jp/bis/eng/teams/index_d.html>Chunichi</a>,WL
Ohkura Akito,12,1,1,0,0,0,0,0,0,0,0,0,0,0,1,0,0,0,0,0.000,0.000,0.000,0.000,-87,0.000,,100.0%,100.0%,0.0%,0.00,<a href=https://npb.jp/bis/eng/teams/index_d.html>Chunichi</a>,WL
Ohno Shota,45,91,78,10,25,3,0,1,31,13,0,1,0,1,17,9,0,3,3,0.321,0.407,0.397,0.804,111,0.076,0.393,29.7%,18.7%,9.9%,0.53,<a href=https://npb.jp/bis/eng/teams/index_d.html>Chunichi</a>,WL
Okabayashi Yuki,64,236,214,30,61,5,4,0,74,15,4,6,5,1,38,15,0,1,1,0.285,0.333,0.346,0.679,80,0.061,0.345,22.5%,16.1%,6.4%,0.39,<a href=https://npb.jp/bis/eng/teams/index_d.html>Chunichi</a>,WL
Sierra Moises,44,147,122,11,34,6,0,3,49,11,1,0,0,0,30,18,0,7,4,0.279,0.401,0.402,0.803,111,0.123,0.348,34.7%,20.4%,12.2%,0.60,<a href=https://npb.jp/bis/eng/teams/index_d.html>Chunichi</a>,WL
Takamatsu Wataru,61,180,170,19,32,5,1,0,39,13,11,3,5,4,41,0,0,1,1,0.188,0.189,0.229,0.418,16,0.041,0.241,22.8%,22.8%,0.0%,0.00,<a href=https://npb.jp/bis/eng/teams/index_d.html>Chunichi</a>,WL
Takeda Kengo,3,10,10,0,2,1,0,0,3,3,0,0,0,0,0,0,0,0,0,0.200,0.200,0.300,0.500,35,0.100,0.200,0.0%,0.0%,0.0%,,<a href=https://npb.jp/bis/eng/teams/index_d.html>Chunichi</a>,WL
Takino Kaname,58,202,187,18,47,6,0,1,56,21,12,6,3,1,19,11,0,0,5,0.251,0.291,0.299,0.590,58,0.048,0.274,15.3%,9.4%,5.4%,0.58,<a href=https://npb.jp/bis/eng/teams/index_d.html>Chunichi</a>,WL
Watanabe Masaru,42,153,130,24,51,8,3,1,68,18,9,3,2,1,21,19,0,1,1,0.392,0.470,0.523,0.993,157,0.131,0.459,26.8%,13.7%,12.4%,0.90,<a href=https://npb.jp/bis/eng/teams/index_d.html>Chunichi</a>,WL
Yamamoto Takumi,8,2,2,1,1,0,0,0,1,0,0,0,0,0,1,0,0,0,0,0.500,0.500,0.500,1.000,160,0.000,1.000,50.0%,50.0%,0.0%,0.00,<a href=https://npb.jp/bis/eng/teams/index_d.html>Chunichi</a>,WL
Fukuda Shuhei,4,17,11,5,4,0,0,1,7,3,1,0,0,0,1,6,0,0,0,0.364,0.588,0.636,1.224,255,0.272,0.333,47.1%,5.9%,35.3%,6.00,<a href=https://npb.jp/bis/eng/teams/index_b.html>ORIX</a>,WL
Gibo Sho,41,83,78,9,17,2,1,0,21,7,2,1,1,1,21,3,0,0,2,0.218,0.244,0.269,0.513,47,0.051,0.293,28.9%,25.3%,3.6%,0.14,<a href=https://npb.jp/bis/eng/teams/index_b.html>ORIX</a>,WL
Gotoh Shunta,63,178,153,28,37,4,3,5,62,17,5,6,2,1,38,21,0,1,1,0.242,0.335,0.405,0.740,113,0.163,0.288,36.0%,21.3%,11.8%,0.55,<a href=https://npb.jp/bis/eng/teams/index_b.html>ORIX</a>,WL
Hirano Yamato,8,13,12,1,1,0,0,0,1,0,0,0,0,0,7,1,0,0,0,0.083,0.154,0.083,0.237,-33,0.000,0.200,61.5%,53.8%,7.7%,0.14,<a href=https://npb.jp/bis/eng/teams/index_b.html>ORIX</a>,WL
Hirosawa Shinya,52,136,115,17,26,5,2,1,38,9,9,1,6,0,28,15,0,0,4,0.226,0.315,0.330,0.645,86,0.104,0.291,32.4%,20.6%,11.0%,0.54,<a href=https://npb.jp/bis/eng/teams/index_b.html>ORIX</a>,WL
Hiyane Akihito,9,8,8,1,0,0,0,0,0,0,0,0,0,0,2,0,0,0,0,0.000,0.000,0.000,0.000,-104,0.000,0.000,25.0%,25.0%,0.0%,0.00,<a href=https://npb.jp/bis/eng/teams/index_b.html>ORIX</a>,WL
Iida Daisuke,46,83,65,7,13,2,0,0,15,6,1,0,6,0,21,12,0,0,2,0.200,0.325,0.231,0.556,61,0.031,0.295,39.8%,25.3%,14.5%,0.57,<a href=https://npb.jp/bis/eng/teams/index_b.html>ORIX</a>,WL
Inatomi Hiroki,39,99,92,10,22,1,2,2,33,12,0,0,3,1,18,3,0,0,3,0.239,0.260,0.359,0.619,77,0.120,0.274,23.2%,18.2%,3.0%,0.17,<a href=https://npb.jp/bis/eng/teams/index_b.html>ORIX</a>,WL
Katsumata Shoki,48,146,130,7,23,6,0,0,29,12,0,2,2,1,45,11,0,2,6,0.177,0.250,0.223,0.473,36,0.046,0.267,38.4%,30.8%,7.5%,0.24,<a href=https://npb.jp/bis/eng/teams/index_b.html>ORIX</a>,WL
Kissu Felipe,46,104,96,9,18,2,1,0,22,12,0,2,2,0,23,6,0,0,0,0.188,0.235,0.229,0.464,33,0.041,0.247,27.9%,22.1%,5.8%,0.26,<a href=https://npb.jp/bis/eng/teams/index_b.html>ORIX</a>,WL
Kojima Shuhei,31,58,51,10,15,4,0,0,19,7,1,1,0,0,6,7,0,0,0,0.294,0.379,0.373,0.752,117,0.079,0.333,22.4%,10.3%,12.1%,1.17,<a href=https://npb.jp/bis/eng/teams/index_b.html>ORIX</a>,WL
Kurebayashi Kotaro,86,338,309,28,68,10,1,1,83,20,1,0,0,2,83,23,0,4,9,0.220,0.281,0.269,0.550,58,0.049,0.295,31.7%,24.6%,6.8%,0.28,<a href=https://npb.jp/bis/eng/teams/index_b.html>ORIX</a>,WL
Matsui Masato,4,5,5,0,0,0,0,0,0,0,0,0,0,0,0,0,0,0,0,0.000,0.000,0.000,0.000,-104,0.000,0.000,0.0%,0.0%,0.0%,,<a href=https://npb.jp/bis/eng/teams/index_b.html>ORIX</a>,WL
Matsui Yusuke,40,111,102,12,32,7,1,2,47,17,0,2,0,0,19,7,1,2,5,0.314,0.369,0.461,0.830,139,0.147,0.370,25.2%,17.1%,6.3%,0.37,<a href=https://npb.jp/bis/eng/teams/index_b.html>ORIX</a>,WL
Moya Steven,33,106,92,9,26,8,0,5,49,12,0,0,0,0,14,14,0,0,2,0.283,0.377,0.533,0.910,162,0.250,0.288,31.1%,13.2%,13.2%,1.00,<a href=https://npb.jp/bis/eng/teams/index_b.html>ORIX</a>,WL
Mune Yuma,17,72,61,6,17,2,2,0,23,9,0,0,0,1,4,7,0,3,2,0.279,0.375,0.377,0.752,117,0.098,0.293,15.3%,5.6%,9.7%,1.75,<a href=https://npb.jp/bis/eng/teams/index_b.html>ORIX</a>,WL
Nakagawa Keita,39,154,135,21,45,10,3,5,76,33,3,0,0,1,8,17,0,1,3,0.333,0.409,0.563,0.972,179,0.230,0.325,19.5%,5.2%,11.0%,2.12,<a href=https://npb.jp/bis/eng/teams/index_b.html>ORIX</a>,WL
Nemoto Kaoru,83,200,174,15,35,9,1,2,52,12,4,9,6,1,55,18,0,1,1,0.201,0.278,0.299,0.577,65,0.098,0.280,37.5%,27.5%,9.0%,0.33,<a href=https://npb.jp/bis/eng/teams/index_b.html>ORIX</a>,WL
Nishimura Ryo,36,125,112,16,33,9,1,2,50,13,1,2,0,0,20,11,0,2,3,0.295,0.368,0.446,0.814,135,0.151,0.344,26.4%,16.0%,8.8%,0.55,<a href=https://npb.jp/bis/eng/teams/index_b.html>ORIX</a>,WL
Nishino Masahiro,22,75,64,8,23,5,0,0,28,8,0,0,0,2,4,8,0,1,1,0.359,0.427,0.438,0.865,150,0.079,0.371,16.0%,5.3%,10.7%,2.00,<a href=https://npb.jp/bis/eng/teams/index_b.html>ORIX</a>,WL
Nishiura Hayato,41,168,143,20,39,6,6,0,57,12,9,4,4,1,29,20,0,0,2,0.273,0.360,0.399,0.759,119,0.126,0.339,29.2%,17.3%,11.9%,0.69,<a href=https://npb.jp/bis/eng/teams/index_b.html>ORIX</a>,WL
Ohshiro Koji,3,11,9,2,4,0,0,0,4,1,1,3,0,0,1,2,0,0,0,0.444,0.545,0.444,0.989,189,0.000,0.500,27.3%,9.1%,18.2%,2.00,<a href=https://npb.jp/bis/eng/teams/index_b.html>ORIX</a>,WL
Ohshita Seiichiro,58,204,178,18,39,15,1,2,62,21,1,1,1,0,25,20,0,5,9,0.219,0.315,0.348,0.663,91,0.129,0.245,23.0%,12.3%,9.8%,0.80,<a href=https://npb.jp/bis/eng/teams/index_b.html>ORIX</a>,WL
Ohta Ryo,40,166,144,14,35,6,1,3,52,14,0,1,0,1,39,20,0,1,4,0.243,0.337,0.361,0.698,102,0.118,0.311,37.3%,23.5%,12.0%,0.51,<a href=https://npb.jp/bis/eng/teams/index_b.html>ORIX</a>,WL
Okazaki Daisuke,46,68,62,12,14,1,2,0,19,3,3,0,1,0,10,3,0,2,1,0.226,0.284,0.306,0.590,69,0.080,0.269,19.1%,14.7%,4.4%,0.30,<a href=https://npb.jp/bis/eng/teams/index_b.html>ORIX</a>,WL
Rodriguez Aderlin,21,66,58,11,17,2,0,5,34,13,0,0,0,2,16,6,0,0,1,0.293,0.348,0.586,0.934,167,0.293,0.308,40.9%,24.2%,9.1%,0.38,<a href=https://npb.jp/bis/eng/teams/index_b.html>ORIX</a>,WL
Sano Kodai,12,53,50,7,11,4,0,1,18,4,2,0,0,1,12,2,0,0,0,0.220,0.245,0.360,0.605,73,0.140,0.263,28.3%,22.6%,3.8%,0.17,<a href=https://npb.jp/bis/eng/teams/index_b.html>ORIX</a>,WL
Satoh Yugo,35,72,59,6,14,4,1,0,20,4,2,1,1,0,19,6,0,6,1,0.237,0.366,0.339,0.705,104,0.102,0.350,34.7%,26.4%,8.3%,0.32,<a href=https://npb.jp/bis/eng/teams/index_b.html>ORIX</a>,WL
Shirasaki Hiroyuki,46,125,109,15,27,9,1,3,47,19,2,0,1,1,28,11,0,3,3,0.248,0.331,0.431,0.762,119,0.183,0.304,33.6%,22.4%,8.8%,0.39,<a href=https://npb.jp/bis/eng/teams/index_b.html>ORIX</a>,WL
Sugimoto Yutaro,33,101,81,20,30,9,1,3,50,12,0,0,0,0,12,14,0,6,2,0.370,0.495,0.617,1.112,221,0.247,0.409,28.7%,11.9%,13.9%,1.17,<a href=https://npb.jp/bis/eng/teams/index_b.html>ORIX</a>,WL
Tongu Yuma,20,66,58,7,15,7,0,4,34,13,1,1,0,0,15,7,0,1,2,0.259,0.348,0.586,0.934,167,0.327,0.282,39.4%,22.7%,10.6%,0.47,<a href=https://npb.jp/bis/eng/teams/index_b.html>ORIX</a>,WL
Yamaashi Tatsuya,3,6,5,2,0,0,0,0,0,0,0,0,0,0,1,0,0,1,0,0.000,0.167,0.000,0.167,-52,0.000,0.000,16.7%,16.7%,0.0%,0.00,<a href=https://npb.jp/bis/eng/teams/index_b.html>ORIX</a>,WL
Yamazaki Katsuki,18,23,22,0,3,0,0,0,3,1,0,0,0,0,6,1,0,0,1,0.136,0.174,0.136,0.310,-11,0.000,0.188,30.4%,26.1%,4.3%,0.17,<a href=https://npb.jp/bis/eng/teams/index_b.html>ORIX</a>,WL
Chatani Kenta,14,46,41,3,11,2,0,0,13,3,0,0,2,1,12,2,0,0,1,0.268,0.295,0.317,0.612,69,0.049,0.367,30.4%,26.1%,4.3%,0.17,<a href=https://npb.jp/bis/eng/teams/index_m.html>Lotte</a>,EL
Emura Naoya,28,51,37,6,10,2,0,1,15,6,0,0,7,0,13,7,0,0,0,0.270,0.386,0.405,0.791,116,0.135,0.391,41.2%,25.5%,13.7%,0.54,<a href=https://npb.jp/bis/eng/teams/index_m.html>Lotte</a>,EL
Fujiwara Kyota,58,263,226,35,52,8,2,7,85,19,14,3,1,1,75,29,0,6,7,0.230,0.332,0.376,0.708,94,0.146,0.310,42.2%,28.5%,11.0%,0.39,<a href=https://npb.jp/bis/eng/teams/index_m.html>Lotte</a>,EL
Fukuda Koki,61,214,185,15,39,7,0,2,52,17,0,0,0,1,52,25,0,3,5,0.211,0.313,0.281,0.594,65,0.070,0.280,36.9%,24.3%,11.7%,0.48,<a href=https://npb.jp/bis/eng/teams/index_m.html>Lotte</a>,EL
Fukuda Shuhei,6,24,21,3,5,1,1,0,8,3,0,1,0,0,4,3,0,0,0,0.238,0.333,0.381,0.714,96,0.143,0.294,29.2%,16.7%,12.5%,0.75,<a href=https://npb.jp/bis/eng/teams/index_m.html>Lotte</a>,EL
Hirasawa Taiga,56,182,141,17,20,2,1,1,27,10,6,0,7,2,42,28,0,4,5,0.142,0.297,0.191,0.488,38,0.049,0.190,39.0%,23.1%,15.4%,0.67,<a href=https://npb.jp/bis/eng/teams/index_m.html>Lotte</a>,EL
Hosoya Kei,55,141,124,19,37,8,1,4,59,25,2,2,0,2,24,14,0,1,0,0.298,0.369,0.476,0.845,130,0.178,0.337,29.8%,17.0%,9.9%,0.58,<a href=https://npb.jp/bis/eng/teams/index_m.html>Lotte</a>,EL
Katoh Shohei,50,199,174,22,60,8,3,2,80,27,4,5,1,3,28,20,1,1,0,0.345,0.409,0.460,0.869,137,0.115,0.395,25.1%,14.1%,10.1%,0.71,<a href=https://npb.jp/bis/eng/teams/index_m.html>Lotte</a>,EL
Katsuki Kazuya,43,136,126,14,36,4,0,5,55,27,0,0,0,0,19,7,0,3,3,0.286,0.338,0.437,0.775,111,0.151,0.304,22.8%,14.0%,5.1%,0.37,<a href=https://npb.jp/bis/eng/teams/index_m.html>Lotte</a>,EL
Matsuda Shin,62,129,110,15,29,7,0,3,45,13,1,1,4,0,31,9,0,6,1,0.264,0.352,0.409,0.761,108,0.145,0.342,33.3%,24.0%,7.0%,0.29,<a href=https://npb.jp/bis/eng/teams/index_m.html>Lotte</a>,EL
Mike Kazuma,64,157,130,15,30,9,2,2,49,17,2,1,6,2,33,16,0,3,4,0.231,0.325,0.377,0.702,92,0.146,0.289,32.5%,21.0%,10.2%,0.48,<a href=https://npb.jp/bis/eng/teams/index_m.html>Lotte</a>,EL
Miki Ryo,41,94,80,4,17,2,0,1,22,3,0,0,5,0,20,6,0,3,4,0.213,0.292,0.275,0.567,57,0.062,0.271,28.7%,21.3%,6.4%,0.30,<a href=https://npb.jp/bis/eng/teams/index_m.html>Lotte</a>,EL
Munetsugu Yuito,48,94,77,6,18,4,0,2,28,9,0,0,9,0,30,6,0,2,0,0.234,0.306,0.364,0.670,84,0.130,0.356,40.4%,31.9%,6.4%,0.20,<a href=https://npb.jp/bis/eng/teams/index_m.html>Lotte</a>,EL
Nishimaki Kenji,54,149,127,21,30,4,1,0,36,6,5,4,3,0,36,19,0,0,2,0.236,0.336,0.283,0.619,71,0.047,0.330,36.9%,24.2%,12.8%,0.53,<a href=https://npb.jp/bis/eng/teams/index_m.html>Lotte</a>,EL
Ogino Takashi,5,19,17,1,6,1,0,0,7,2,0,0,1,0,2,1,0,0,1,0.353,0.389,0.412,0.801,119,0.059,0.400,15.8%,10.5%,5.3%,0.50,<a href=https://npb.jp/bis/eng/teams/index_m.html>Lotte</a>,EL
Oka Hiromi,5,18,14,4,7,2,0,0,9,3,3,1,0,0,2,4,0,0,1,0.500,0.611,0.643,1.254,239,0.143,0.583,33.3%,11.1%,22.2%,2.00,<a href=https://npb.jp/bis/eng/teams/index_m.html>Lotte</a>,EL
Satoh Toshiya,6,13,11,1,3,0,0,1,6,3,2,0,0,0,3,1,0,1,0,0.273,0.385,0.545,0.930,151,0.272,0.286,38.5%,23.1%,7.7%,0.33,<a href=https://npb.jp/bis/eng/teams/index_m.html>Lotte</a>,EL
Sugano Tsuyoshi,9,27,20,4,7,0,0,3,16,7,0,1,0,0,2,7,0,0,0,0.350,0.519,0.800,1.319,254,0.450,0.267,44.4%,7.4%,25.9%,3.50,<a href=https://npb.jp/bis/eng/teams/index_m.html>Lotte</a>,EL
Takabe Akito,67,200,192,25,66,6,3,1,81,16,14,3,1,0,33,7,0,0,2,0.344,0.367,0.422,0.789,115,0.078,0.411,20.5%,16.5%,3.5%,0.21,<a href=https://npb.jp/bis/eng/teams/index_m.html>Lotte</a>,EL
Takahama Takuya,54,110,92,15,23,4,0,4,39,15,0,1,0,1,16,17,0,0,5,0.250,0.364,0.424,0.788,115,0.174,0.260,33.6%,14.5%,15.5%,1.06,<a href=https://npb.jp/bis/eng/teams/index_m.html>Lotte</a>,EL
Ueda Shota,35,39,27,3,3,0,0,0,3,1,0,0,5,0,13,7,0,0,0,0.111,0.294,0.111,0.405,17,0.000,0.214,51.3%,33.3%,17.9%,0.54,<a href=https://npb.jp/bis/eng/teams/index_m.html>Lotte</a>,EL
Wada Koshiro,2,6,6,0,0,0,0,0,0,0,0,0,0,0,2,0,0,0,0,0.000,0.000,0.000,0.000,-94,0.000,0.000,33.3%,33.3%,0.0%,0.00,<a href=https://npb.jp/bis/eng/teams/index_m.html>Lotte</a>,EL
Yamaguchi Koki,70,267,244,29,63,8,2,7,96,30,0,4,0,2,51,19,0,2,14,0.258,0.315,0.393,0.708,94,0.135,0.298,28.8%,19.1%,7.1%,0.37,<a href=https://npb.jp/bis/eng/teams/index_m.html>Lotte</a>,EL
Yasuda Hisanori,1,3,2,1,1,0,0,0,1,0,0,0,0,0,0,1,0,0,0,0.500,0.667,0.500,1.167,220,0.000,0.500,33.3%,0.0%,33.3%,1.00,<a href=https://npb.jp/bis/eng/teams/index_m.html>Lotte</a>,EL
Yoshida Yuta,35,80,69,6,13,4,0,2,23,8,0,0,3,1,15,5,0,2,0,0.188,0.260,0.333,0.593,63,0.145,0.208,27.5%,18.8%,6.2%,0.33,<a href=https://npb.jp/bis/eng/teams/index_m.html>Lotte</a>,EL
Akashi Kenji,9,23,21,2,5,1,0,0,6,2,0,0,0,0,4,2,0,0,0,0.238,0.304,0.286,0.590,70,0.048,0.294,26.1%,17.4%,8.7%,0.50,<a href=https://npb.jp/bis/eng/teams/index_h.html>SoftBank</a>,WL
Balentien Wladimir,19,56,43,5,7,2,0,1,12,7,0,0,0,1,10,10,0,2,2,0.163,0.339,0.279,0.618,78,0.116,0.182,37.5%,17.9%,17.9%,1.00,<a href=https://npb.jp/bis/eng/teams/index_h.html>SoftBank</a>,WL
Despaigne Alfredo,16,44,40,4,18,2,0,1,23,13,0,0,0,0,8,4,1,0,1,0.450,0.500,0.575,1.075,209,0.125,0.548,29.5%,18.2%,9.1%,0.50,<a href=https://npb.jp/bis/eng/teams/index_h.html>SoftBank</a>,WL
Furusawa Shogo,61,114,98,12,27,4,1,0,33,17,1,1,3,2,13,10,0,1,0,0.276,0.342,0.337,0.679,95,0.061,0.310,20.2%,11.4%,8.8%,0.77,<a href=https://npb.jp/bis/eng/teams/index_h.html>SoftBank</a>,WL
Gracial Yurisbel,3,10,10,0,5,2,0,0,7,2,0,0,0,0,2,0,0,0,0,0.500,0.500,0.700,1.200,243,0.200,0.625,20.0%,20.0%,0.0%,0.00,<a href=https://npb.jp/bis/eng/teams/index_h.html>SoftBank</a>,WL
Hasegawa Yuya,13,38,30,5,8,2,0,1,13,3,0,0,0,1,6,7,0,0,1,0.267,0.395,0.433,0.828,137,0.166,0.292,36.8%,15.8%,18.4%,1.17,<a href=https://npb.jp/bis/eng/teams/index_h.html>SoftBank</a>,WL
Horiuchi Tamon,26,25,20,1,3,0,0,0,3,0,0,0,2,0,4,3,0,0,1,0.150,0.261,0.150,0.411,18,0.000,0.188,28.0%,16.0%,12.0%,0.75,<a href=https://npb.jp/bis/eng/teams/index_h.html>SoftBank</a>,WL
Itoh Daisuke,1,1,0,0,0,0,0,0,0,0,0,0,0,0,0,1,0,0,0,0.000,1.000,0.000,1.000,205,0.000,,100.0%,0.0%,100.0%,1.00,<a href=https://npb.jp/bis/eng/teams/index_h.html>SoftBank</a>,WL
Kamamoto Go,41,144,113,21,25,6,0,2,37,16,6,5,1,1,40,27,0,2,1,0.221,0.378,0.327,0.705,104,0.106,0.319,47.9%,27.8%,18.8%,0.68,<a href=https://npb.jp/bis/eng/teams/index_h.html>SoftBank</a>,WL
Katsuren Haruki,37,74,65,6,9,0,0,1,12,3,0,1,2,1,18,5,0,1,0,0.138,0.208,0.185,0.393,12,0.047,0.170,32.4%,24.3%,6.8%,0.28,<a href=https://npb.jp/bis/eng/teams/index_h.html>SoftBank</a>,WL
Kawase Hikaru,13,49,44,7,10,0,0,0,10,3,0,1,1,1,6,3,0,0,0,0.227,0.271,0.227,0.498,43,0.000,0.256,18.4%,12.2%,6.1%,0.50,<a href=https://npb.jp/bis/eng/teams/index_h.html>SoftBank</a>,WL
Kobayashi Jui,2,1,1,0,0,0,0,0,0,0,0,0,0,0,1,0,0,0,0,0.000,0.000,0.000,0.000,-103,0.000,,100.0%,100.0%,0.0%,0.00,<a href=https://npb.jp/bis/eng/teams/index_h.html>SoftBank</a>,WL
Kuki Ryuhei,7,21,19,1,3,0,1,0,5,2,0,0,0,1,7,1,0,0,0,0.158,0.190,0.263,0.453,28,0.105,0.231,38.1%,33.3%,4.8%,0.14,<a href=https://npb.jp/bis/eng/teams/index_h.html>SoftBank</a>,WL
Kurose Kenta,11,17,13,0,2,1,0,0,3,2,0,0,0,0,5,4,0,0,0,0.154,0.353,0.231,0.584,70,0.077,0.250,52.9%,29.4%,23.5%,0.80,<a href=https://npb.jp/bis/eng/teams/index_h.html>SoftBank</a>,WL
Makihara Taisei,2,6,6,1,3,0,0,0,3,2,0,0,0,0,1,0,0,0,0,0.500,0.500,0.500,1.000,189,0.000,0.600,16.7%,16.7%,0.0%,0.00,<a href=https://npb.jp/bis/eng/teams/index_h.html>SoftBank</a>,WL
Masago Yusuke,29,101,89,18,28,8,0,2,42,13,4,5,0,0,12,12,0,0,4,0.315,0.396,0.472,0.868,149,0.157,0.347,25.7%,11.9%,11.9%,1.00,<a href=https://npb.jp/bis/eng/teams/index_h.html>SoftBank</a>,WL
Masuda Shu,8,11,9,2,3,0,0,0,3,1,0,0,0,0,0,2,0,0,0,0.333,0.455,0.333,0.788,129,0.000,0.333,18.2%,0.0%,18.2%,1.00,<a href=https://npb.jp/bis/eng/teams/index_h.html>SoftBank</a>,WL
Mimori Masaki,49,213,186,29,60,14,0,1,77,21,11,9,4,0,44,22,1,1,0,0.323,0.397,0.414,0.811,133,0.091,0.418,31.5%,20.7%,10.3%,0.50,<a href=https://npb.jp/bis/eng/teams/index_h.html>SoftBank</a>,WL
Mizutani Shun,50,123,108,23,27,8,3,4,53,15,5,1,1,0,37,13,0,1,2,0.250,0.336,0.491,0.827,135,0.241,0.343,43.9%,30.1%,10.6%,0.35,<a href=https://npb.jp/bis/eng/teams/index_h.html>SoftBank</a>,WL
Nakamura Akira,11,37,27,4,11,4,0,0,15,5,0,0,0,0,3,10,0,0,0,0.407,0.568,0.556,1.124,225,0.149,0.458,35.1%,8.1%,27.0%,3.33,<a href=https://npb.jp/bis/eng/teams/index_h.html>SoftBank</a>,WL
Nakamura Takamasa,2,1,0,1,0,0,0,0,0,0,0,0,0,0,0,1,0,0,0,0.000,1.000,0.000,1.000,205,0.000,,100.0%,0.0%,100.0%,1.00,<a href=https://npb.jp/bis/eng/teams/index_h.html>SoftBank</a>,WL
Nishida Tetsuro,21,71,62,12,13,3,0,2,22,8,0,0,0,0,21,7,0,2,1,0.210,0.310,0.355,0.665,90,0.145,0.282,42.3%,29.6%,9.9%,0.33,<a href=https://npb.jp/bis/eng/teams/index_h.html>SoftBank</a>,WL
Nomura Daiju,74,254,224,34,59,10,1,3,80,20,1,4,2,1,33,27,0,0,9,0.263,0.341,0.357,0.698,101,0.094,0.296,24.8%,13.0%,10.6%,0.82,<a href=https://npb.jp/bis/eng/teams/index_h.html>SoftBank</a>,WL
Ohmoto Shogo,10,14,13,1,3,2,0,0,5,2,0,0,0,0,3,1,0,0,0,0.231,0.286,0.385,0.671,91,0.154,0.300,28.6%,21.4%,7.1%,0.33,<a href=https://npb.jp/bis/eng/teams/index_h.html>SoftBank</a>,WL
Satoh Naoki,59,194,175,29,40,8,4,3,65,23,20,0,2,3,58,11,0,3,1,0.229,0.281,0.371,0.652,85,0.142,0.316,37.1%,29.9%,5.7%,0.19,<a href=https://npb.jp/bis/eng/teams/index_h.html>SoftBank</a>,WL
Sunagawa Richard,72,273,249,30,57,11,1,12,106,47,1,1,1,3,72,17,0,3,8,0.229,0.283,0.426,0.709,102,0.197,0.268,37.0%,26.4%,6.2%,0.24,<a href=https://npb.jp/bis/eng/teams/index_h.html>SoftBank</a>,WL
Takata Tomoki,23,66,61,9,18,3,0,1,24,7,1,2,0,1,11,4,0,0,0,0.295,0.333,0.393,0.726,108,0.098,0.340,24.2%,16.7%,6.1%,0.36,<a href=https://npb.jp/bis/eng/teams/index_h.html>SoftBank</a>,WL
Tanigawara Kenta,70,203,163,27,43,7,1,4,64,13,9,10,7,1,38,31,0,1,2,0.264,0.383,0.393,0.776,123,0.129,0.320,36.0%,18.7%,15.3%,0.82,<a href=https://npb.jp/bis/eng/teams/index_h.html>SoftBank</a>,WL
Tashiro Tsubasa,37,95,90,8,18,6,0,0,24,4,3,0,1,0,15,4,0,0,1,0.200,0.234,0.267,0.501,43,0.067,0.240,20.0%,15.8%,4.2%,0.27,<a href=https://npb.jp/bis/eng/teams/index_h.html>SoftBank</a>,WL
Uchikawa Seiichi,42,119,98,8,32,6,0,1,41,17,0,0,0,4,9,17,0,0,1,0.327,0.412,0.418,0.830,138,0.091,0.337,22.7%,7.6%,14.3%,1.89,<a href=https://npb.jp/bis/eng/teams/index_h.html>SoftBank</a>,WL
Uebayashi Seiji,26,106,96,16,26,6,1,5,49,19,2,2,0,3,18,6,0,1,3,0.271,0.311,0.510,0.821,133,0.239,0.276,27.4%,17.0%,5.7%,0.33,<a href=https://npb.jp/bis/eng/teams/index_h.html>SoftBank</a>,WL
Umino Takashi,43,137,121,14,29,8,1,0,39,15,0,1,5,0,25,11,0,0,3,0.240,0.303,0.322,0.625,79,0.082,0.302,26.3%,18.2%,8.0%,0.44,<a href=https://npb.jp/bis/eng/teams/index_h.html>SoftBank</a>,WL
Yanagimachi Tatsuru,58,196,173,27,51,9,2,4,76,35,3,0,0,0,38,20,0,3,2,0.295,0.378,0.439,0.817,134,0.144,0.359,31.6%,19.4%,10.2%,0.53,<a href=https://npb.jp/bis/eng/teams/index_h.html>SoftBank</a>,WL
Adachi Yuichi,9,25,20,4,7,2,0,2,15,5,0,0,0,0,2,5,0,0,1,0.350,0.480,0.750,1.230,244,0.400,0.312,36.0%,8.0%,20.0%,2.50,<a href=https://npb.jp/bis/eng/teams/index_e.html>Rakuten</a>,EL
Blash Jabari,6,22,14,3,1,0,0,1,4,2,0,0,0,0,8,6,0,2,0,0.071,0.409,0.286,0.695,99,0.215,0.000,68.2%,36.4%,27.3%,0.75,<a href=https://npb.jp/bis/eng/teams/index_e.html>Rakuten</a>,EL
Egawa Yuto,3,3,2,1,1,0,0,0,1,0,0,0,0,0,0,1,0,0,0,0.500,0.667,0.500,1.167,233,0.000,0.500,33.3%,0.0%,33.3%,1.00,<a href=https://npb.jp/bis/eng/teams/index_e.html>Rakuten</a>,EL
Fernando Luciano,45,139,131,9,36,6,0,2,48,15,0,1,0,0,28,8,0,0,5,0.275,0.317,0.366,0.683,93,0.091,0.337,27.3%,20.1%,5.8%,0.29,<a href=https://npb.jp/bis/eng/teams/index_e.html>Rakuten</a>,EL
Fujita Kazuya,11,36,35,3,9,0,0,0,9,2,0,1,0,0,4,1,0,0,1,0.257,0.278,0.257,0.535,52,0.000,0.290,13.9%,11.1%,2.8%,0.25,<a href=https://npb.jp/bis/eng/teams/index_e.html>Rakuten</a>,EL
Horiuchi Kengo,41,128,108,8,23,2,0,0,25,14,1,0,3,3,17,13,0,1,4,0.213,0.296,0.231,0.527,51,0.018,0.245,23.4%,13.3%,10.2%,0.76,<a href=https://npb.jp/bis/eng/teams/index_e.html>Rakuten</a>,EL
Ishihara Tsuyoshi,23,62,55,11,18,3,1,3,32,11,1,0,0,0,14,7,0,0,2,0.327,0.403,0.582,0.985,176,0.255,0.395,38.7%,22.6%,11.3%,0.50,<a href=https://npb.jp/bis/eng/teams/index_e.html>Rakuten</a>,EL
Iwami Masaki,52,180,168,13,56,8,0,7,85,29,0,1,0,2,31,9,0,1,6,0.333,0.367,0.506,0.873,144,0.173,0.371,26.1%,17.2%,5.0%,0.29,<a href=https://npb.jp/bis/eng/teams/index_e.html>Rakuten</a>,EL
Kobukata Hiroto,1,4,3,0,0,0,0,0,0,0,0,0,0,0,0,1,0,0,0,0.000,0.250,0.000,0.250,-25,0.000,0.000,25.0%,0.0%,25.0%,1.00,<a href=https://npb.jp/bis/eng/teams/index_e.html>Rakuten</a>,EL
Kurokawa Fumiya,57,248,219,35,65,3,0,6,86,31,1,4,2,3,35,22,0,2,3,0.297,0.362,0.393,0.755,113,0.096,0.326,25.4%,14.1%,8.9%,0.63,<a href=https://npb.jp/bis/eng/teams/index_e.html>Rakuten</a>,EL
Matsumoto Kyoshiro,37,99,90,11,27,4,1,1,36,6,0,0,3,0,14,6,0,0,2,0.300,0.344,0.400,0.744,109,0.100,0.347,21.2%,14.1%,6.1%,0.43,<a href=https://npb.jp/bis/eng/teams/index_e.html>Rakuten</a>,EL
Minami Yosuke,53,88,72,17,13,1,3,0,20,4,5,3,1,1,20,11,0,3,1,0.181,0.310,0.278,0.588,67,0.097,0.245,35.2%,22.7%,12.5%,0.55,<a href=https://npb.jp/bis/eng/teams/index_e.html>Rakuten</a>,EL
Mizukami Kei,23,35,31,1,3,0,0,0,3,0,0,1,0,0,10,4,0,0,0,0.097,0.200,0.097,0.297,-14,0.000,0.143,40.0%,28.6%,11.4%,0.40,<a href=https://npb.jp/bis/eng/teams/index_e.html>Rakuten</a>,EL
Murabayashi Itsuki,69,268,237,28,70,5,1,2,83,23,15,9,9,3,17,18,0,1,7,0.295,0.344,0.350,0.694,97,0.055,0.308,13.8%,6.3%,6.7%,1.06,<a href=https://npb.jp/bis/eng/teams/index_e.html>Rakuten</a>,EL
Mutoh Atsuki,3,5,5,0,2,0,0,0,2,0,0,1,0,0,1,0,0,0,0,0.400,0.400,0.400,0.800,126,0.000,0.500,20.0%,20.0%,0.0%,0.00,<a href=https://npb.jp/bis/eng/teams/index_e.html>Rakuten</a>,EL
Nakamura Kazuki,32,72,71,5,14,2,0,0,16,5,1,0,0,0,9,1,0,0,4,0.197,0.208,0.225,0.433,23,0.028,0.226,13.9%,12.5%,1.4%,0.11,<a href=https://npb.jp/bis/eng/teams/index_e.html>Rakuten</a>,EL
Ogoh Yuya,39,171,139,25,36,7,2,1,50,10,16,7,8,0,40,21,0,3,1,0.259,0.368,0.360,0.728,106,0.101,0.357,36.3%,23.4%,12.3%,0.52,<a href=https://npb.jp/bis/eng/teams/index_e.html>Rakuten</a>,EL
Ohta Hikaru,6,15,13,0,2,0,0,0,2,0,0,0,0,0,9,1,0,1,1,0.154,0.267,0.154,0.421,21,0.000,0.500,66.7%,60.0%,6.7%,0.11,<a href=https://npb.jp/bis/eng/teams/index_e.html>Rakuten</a>,EL
Okajima Takero,27,71,63,8,22,6,1,2,36,14,0,0,1,1,18,6,0,0,1,0.349,0.400,0.571,0.971,172,0.222,0.455,36.6%,25.4%,8.5%,0.33,<a href=https://npb.jp/bis/eng/teams/index_e.html>Rakuten</a>,EL
Okoye Louis,27,73,67,11,18,1,0,0,19,5,3,3,0,0,8,6,0,0,5,0.269,0.329,0.284,0.613,75,0.015,0.305,19.2%,11.0%,8.2%,0.75,<a href=https://npb.jp/bis/eng/teams/index_e.html>Rakuten</a>,EL
Sawano Kiyoharu,4,9,9,3,4,1,0,0,5,0,0,0,0,0,2,0,0,0,0,0.444,0.444,0.556,1.000,181,0.112,0.571,22.2%,22.2%,0.0%,0.00,<a href=https://npb.jp/bis/eng/teams/index_e.html>Rakuten</a>,EL
Shimotsuma Takahiro,16,39,36,2,8,2,0,0,10,3,0,0,0,0,6,3,0,0,0,0.222,0.282,0.278,0.560,59,0.056,0.267,23.1%,15.4%,7.7%,0.50,<a href=https://npb.jp/bis/eng/teams/index_e.html>Rakuten</a>,EL
Shimozuru Ko,34,123,105,14,34,6,1,2,48,23,1,0,0,3,13,14,0,1,3,0.324,0.398,0.457,0.855,141,0.133,0.344,23.6%,10.6%,11.4%,1.08,<a href=https://npb.jp/bis/eng/teams/index_e.html>Rakuten</a>,EL
Tanaka Akito,45,125,112,13,37,4,0,4,53,23,2,0,0,2,16,9,0,2,5,0.330,0.384,0.473,0.857,141,0.143,0.351,23.2%,12.8%,7.2%,0.56,<a href=https://npb.jp/bis/eng/teams/index_e.html>Rakuten</a>,EL
Tanaka Kazuki,20,75,70,11,21,7,0,2,34,11,2,3,0,0,13,5,0,0,1,0.300,0.347,0.486,0.833,133,0.186,0.345,26.7%,17.3%,6.7%,0.38,<a href=https://npb.jp/bis/eng/teams/index_e.html>Rakuten</a>,EL
Tanaka Takaya,10,25,20,2,9,3,0,0,12,2,0,0,2,0,0,2,0,1,1,0.450,0.522,0.600,1.122,216,0.150,0.450,8.0%,0.0%,8.0%,1.00,<a href=https://npb.jp/bis/eng/teams/index_e.html>Rakuten</a>,EL
Tatsumi Ryosuke,1,4,4,0,0,0,0,0,0,0,0,0,0,0,0,0,0,0,0,0.000,0.000,0.000,0.000,-100,0.000,0.000,0.0%,0.0%,0.0%,,<a href=https://npb.jp/bis/eng/teams/index_e.html>Rakuten</a>,EL
Uchida Yasuhito,24,102,88,10,26,3,0,1,32,16,0,0,0,1,27,10,0,3,2,0.295,0.382,0.364,0.746,111,0.069,0.410,37.3%,26.5%,9.8%,0.37,<a href=https://npb.jp/bis/eng/teams/index_e.html>Rakuten</a>,EL
Wada Ren,67,267,229,35,55,6,0,12,97,35,0,2,0,1,56,32,2,5,11,0.240,0.345,0.424,0.769,116,0.184,0.265,37.5%,21.0%,12.0%,0.57,<a href=https://npb.jp/bis/eng/teams/index_e.html>Rakuten</a>,EL
Watanabe Yoshiaki,41,180,147,22,43,6,0,0,49,8,1,2,3,1,16,29,0,0,2,0.293,0.407,0.333,0.740,110,0.040,0.326,25.0%,8.9%,16.1%,1.81,<a href=https://npb.jp/bis/eng/teams/index_e.html>Rakuten</a>,EL
Wheeler Zelous,1,4,3,2,2,0,0,0,2,0,0,0,0,0,0,1,0,0,0,0.667,0.750,0.667,1.417,301,0.000,0.667,25.0%,0.0%,25.0%,1.00,<a href=https://npb.jp/bis/eng/teams/index_e.html>Rakuten</a>,EL
Yamasaki Tsuyoshi,2,9,7,3,3,1,0,1,7,4,1,0,0,0,1,2,0,0,0,0.429,0.556,1.000,1.556,332,0.571,0.400,44.4%,11.1%,22.2%,2.00,<a href=https://npb.jp/bis/eng/teams/index_e.html>Rakuten</a>,EL
Yamashita Ayatsugu,63,233,207,34,59,10,1,6,89,26,0,1,1,2,39,22,1,1,11,0.285,0.353,0.430,0.783,120,0.145,0.323,28.8%,16.7%,9.4%,0.56,<a href=https://npb.jp/bis/eng/teams/index_e.html>Rakuten</a>,EL
Yoshimochi Ryota,53,95,83,17,21,2,0,0,23,6,4,3,2,1,18,9,0,0,0,0.253,0.323,0.277,0.600,71,0.024,0.318,28.4%,18.9%,9.5%,0.50,<a href=https://npb.jp/bis/eng/teams/index_e.html>Rakuten</a>,EL
Kaneko Yuji,9,33,32,6,11,3,0,0,14,1,2,1,0,0,6,1,0,0,0,0.344,0.364,0.438,0.802,127,0.094,0.423,21.2%,18.2%,3.0%,0.17,<a href=https://npb.jp/bis/eng/teams/index_l.html>Seibu</a>,EL
Kawagoe Seiji,24,99,86,8,23,2,0,4,37,15,1,1,0,0,15,13,0,0,1,0.267,0.364,0.430,0.794,125,0.163,0.284,32.3%,15.2%,13.1%,0.87,<a href=https://npb.jp/bis/eng/teams/index_l.html>Seibu</a>,EL
Kawano Ryota,58,176,149,18,36,5,1,3,52,12,3,5,5,1,43,21,0,0,3,0.242,0.333,0.349,0.682,93,0.107,0.317,38.1%,24.4%,11.9%,0.49,<a href=https://npb.jp/bis/eng/teams/index_l.html>Seibu</a>,EL
Kimura Fumikazu,5,15,12,1,2,0,0,1,5,1,0,1,0,0,5,3,0,0,1,0.167,0.333,0.417,0.750,112,0.250,0.167,60.0%,33.3%,20.0%,0.60,<a href=https://npb.jp/bis/eng/teams/index_l.html>Seibu</a>,EL
Kishi Junichiro,54,177,150,20,38,7,2,4,61,21,4,3,2,1,28,20,0,4,5,0.253,0.354,0.407,0.761,116,0.154,0.286,29.4%,15.8%,11.3%,0.71,<a href=https://npb.jp/bis/eng/teams/index_l.html>Seibu</a>,EL
Komazuki Hitoto,29,81,69,10,17,3,0,3,29,9,0,1,1,1,22,7,0,3,2,0.246,0.338,0.420,0.758,115,0.174,0.311,39.5%,27.2%,8.6%,0.32,<a href=https://npb.jp/bis/eng/teams/index_l.html>Seibu</a>,EL
Kumashiro Masato,6,25,22,0,5,0,0,0,5,2,0,0,0,0,8,3,0,0,0,0.227,0.320,0.227,0.547,57,0.000,0.357,44.0%,32.0%,12.0%,0.38,<a href=https://npb.jp/bis/eng/teams/index_l.html>Seibu</a>,EL
Makino Shoya,22,69,62,6,10,1,1,0,13,3,1,1,3,1,18,2,0,1,0,0.161,0.197,0.210,0.407,15,0.049,0.222,29.0%,26.1%,2.9%,0.11,<a href=https://npb.jp/bis/eng/teams/index_l.html>Seibu</a>,EL
Mejia Ernesto,13,47,36,7,7,2,0,3,18,7,0,0,0,0,14,9,0,2,0,0.194,0.383,0.500,0.883,150,0.306,0.211,55.3%,29.8%,19.1%,0.64,<a href=https://npb.jp/bis/eng/teams/index_l.html>Seibu</a>,EL
Mizuguchi Daichi,44,178,158,25,42,0,2,1,49,14,7,2,1,2,18,16,1,0,3,0.266,0.330,0.310,0.640,82,0.044,0.291,19.7%,10.1%,9.0%,0.89,<a href=https://npb.jp/bis/eng/teams/index_l.html>Seibu</a>,EL
Mori Tomoya,1,4,3,0,0,0,0,0,0,0,0,0,0,0,0,1,0,0,1,0.000,0.250,0.000,0.250,-25,0.000,0.000,25.0%,0.0%,25.0%,1.00,<a href=https://npb.jp/bis/eng/teams/index_l.html>Seibu</a>,EL
Morikoshi Yuto,40,114,98,12,11,1,0,0,12,2,1,0,0,0,23,13,0,3,4,0.112,0.237,0.122,0.359,4,0.010,0.147,31.6%,20.2%,11.4%,0.57,<a href=https://npb.jp/bis/eng/teams/index_l.html>Seibu</a>,EL
Nagae Kyohei,26,78,65,7,13,1,1,2,22,5,2,0,1,0,23,12,0,0,3,0.200,0.325,0.338,0.663,88,0.138,0.275,47.4%,29.5%,15.4%,0.52,<a href=https://npb.jp/bis/eng/teams/index_l.html>Seibu</a>,EL
Nakaguma Daichi,56,188,173,12,51,4,0,3,64,19,2,1,4,1,27,7,0,3,4,0.295,0.332,0.370,0.702,99,0.075,0.333,19.7%,14.4%,3.7%,0.26,<a href=https://npb.jp/bis/eng/teams/index_l.html>Seibu</a>,EL
Nakamura Takeya,7,30,26,3,3,1,0,1,7,2,1,0,0,0,9,4,0,0,1,0.115,0.233,0.269,0.502,42,0.154,0.125,46.7%,30.0%,13.3%,0.44,<a href=https://npb.jp/bis/eng/teams/index_l.html>Seibu</a>,EL
Nishikawa Manaya,49,164,146,18,36,9,4,3,62,20,5,1,4,1,34,12,0,1,2,0.247,0.306,0.425,0.731,106,0.178,0.300,29.9%,20.7%,7.3%,0.35,<a href=https://npb.jp/bis/eng/teams/index_l.html>Seibu</a>,EL
Okada Masatoshi,2,6,4,1,1,0,0,0,1,0,0,0,0,0,2,1,0,1,0,0.250,0.500,0.250,0.750,118,0.000,0.500,50.0%,33.3%,16.7%,0.50,<a href=https://npb.jp/bis/eng/teams/index_l.html>Seibu</a>,EL
Saito Masato,33,72,59,3,5,1,0,0,6,2,0,1,1,0,16,12,0,0,1,0.085,0.239,0.102,0.341,-1,0.017,0.116,38.9%,22.2%,16.7%,0.75,<a href=https://npb.jp/bis/eng/teams/index_l.html>Seibu</a>,EL
Satoh Ryusei,27,116,99,17,30,5,0,5,50,18,1,0,0,2,18,14,0,1,2,0.303,0.388,0.505,0.893,152,0.202,0.321,31.9%,15.5%,12.1%,0.78,<a href=https://npb.jp/bis/eng/teams/index_l.html>Seibu</a>,EL
Suzuki Shohei,11,36,32,2,5,0,1,0,7,3,0,1,0,0,2,3,0,1,0,0.156,0.250,0.219,0.469,34,0.063,0.167,13.9%,5.6%,8.3%,1.50,<a href=https://npb.jp/bis/eng/teams/index_l.html>Seibu</a>,EL
Takagi Wataru,53,234,203,26,48,10,1,9,87,24,3,1,0,0,49,31,2,0,9,0.236,0.338,0.429,0.767,117,0.193,0.269,38.0%,20.9%,13.2%,0.63,<a href=https://npb.jp/bis/eng/teams/index_l.html>Seibu</a>,EL
Takeda Aito,55,225,203,29,52,5,0,10,87,32,5,2,0,2,27,15,0,5,10,0.256,0.320,0.429,0.749,112,0.173,0.250,23.1%,12.0%,6.7%,0.56,<a href=https://npb.jp/bis/eng/teams/index_l.html>Seibu</a>,EL
Togawa Daisuke,55,196,180,29,54,6,2,3,73,26,1,1,4,0,41,9,2,3,4,0.300,0.344,0.406,0.750,113,0.106,0.375,27.0%,20.9%,4.6%,0.22,<a href=https://npb.jp/bis/eng/teams/index_l.html>Seibu</a>,EL
Tsuge Sena,12,40,38,3,10,1,0,2,17,6,0,1,0,0,11,2,0,0,0,0.263,0.300,0.447,0.747,111,0.184,0.320,37.5%,27.5%,5.0%,0.18,<a href=https://npb.jp/bis/eng/teams/index_l.html>Seibu</a>,EL
Tsunashima Ryusei,44,142,134,17,35,9,3,2,56,15,2,1,1,0,34,7,0,0,1,0.261,0.298,0.418,0.716,102,0.157,0.337,30.3%,23.9%,4.9%,0.21,<a href=https://npb.jp/bis/eng/teams/index_l.html>Seibu</a>,EL
Wu Nien-Ting,17,71,60,17,23,3,0,5,41,13,1,0,0,0,5,11,0,0,0,0.383,0.479,0.683,1.162,227,0.300,0.360,29.6%,7.0%,15.5%,2.20,<a href=https://npb.jp/bis/eng/teams/index_l.html>Seibu</a>,EL
Yamada Haruka,62,255,215,27,62,15,2,7,102,25,5,3,5,1,44,31,0,3,0,0.288,0.384,0.474,0.858,143,0.186,0.333,32.2%,17.3%,12.2%,0.70,<a href=https://npb.jp/bis/eng/teams/index_l.html>Seibu</a>,EL
Yamanobe Kakeru,7,25,24,4,7,0,1,2,15,3,2,0,0,0,3,1,0,0,1,0.292,0.320,0.625,0.945,164,0.333,0.263,24.0%,12.0%,4.0%,0.33,<a href=https://npb.jp/bis/eng/teams/index_l.html>Seibu</a>,EL
Asama Daiki,29,99,87,23,30,5,2,3,48,11,12,1,0,0,18,12,0,0,2,0.345,0.424,0.552,0.976,183,0.207,0.409,33.3%,18.2%,12.1%,0.67,<a href=https://npb.jp/bis/eng/teams/index_f.html>Nipponham</a>,EL
Ebihara Kazuyoshi,45,176,150,19,35,3,0,10,68,24,0,0,0,0,44,22,0,4,4,0.233,0.347,0.453,0.800,131,0.220,0.260,43.2%,25.0%,12.5%,0.50,<a href=https://npb.jp/bis/eng/teams/index_f.html>Nipponham</a>,EL
Hakumura Akihiro,33,102,87,9,17,4,2,3,34,7,0,2,1,0,23,10,0,4,1,0.195,0.307,0.391,0.698,102,0.196,0.230,35.3%,22.5%,9.8%,0.43,<a href=https://npb.jp/bis/eng/teams/index_f.html>Nipponham</a>,EL
Higuchi Ryunosuke,45,179,152,25,52,11,0,12,99,32,0,1,0,0,42,20,0,7,3,0.342,0.441,0.651,1.092,216,0.309,0.408,41.3%,23.5%,11.2%,0.48,<a href=https://npb.jp/bis/eng/teams/index_f.html>Nipponham</a>,EL
Himeno Yuya,44,98,88,11,18,2,1,3,31,13,1,1,1,0,32,7,0,2,2,0.205,0.278,0.352,0.630,82,0.147,0.283,42.9%,32.7%,7.1%,0.22,<a href=https://npb.jp/bis/eng/teams/index_f.html>Nipponham</a>,EL
Hiranuma Shota,14,54,47,8,13,3,0,1,19,5,2,1,0,1,8,4,0,2,1,0.277,0.352,0.404,0.756,119,0.127,0.308,24.1%,14.8%,7.4%,0.50,<a href=https://npb.jp/bis/eng/teams/index_f.html>Nipponham</a>,EL
Imai Junnosuke,58,224,180,20,48,12,0,5,75,25,0,0,4,1,28,30,0,9,4,0.267,0.395,0.417,0.812,136,0.150,0.291,28.1%,12.5%,13.4%,1.07,<a href=https://npb.jp/bis/eng/teams/index_f.html>Nipponham</a>,EL
Ishii Kazunari,16,60,48,6,10,1,0,2,17,5,2,3,1,0,11,11,0,0,0,0.208,0.356,0.354,0.710,106,0.146,0.229,40.0%,18.3%,18.3%,1.00,<a href=https://npb.jp/bis/eng/teams/index_f.html>Nipponham</a>,EL
Ishikawa Ryo,28,55,42,8,11,2,0,0,13,8,1,0,1,1,10,11,0,0,1,0.262,0.407,0.310,0.717,110,0.048,0.333,38.2%,18.2%,20.0%,1.10,<a href=https://npb.jp/bis/eng/teams/index_f.html>Nipponham</a>,EL
Kataoka Shoto,56,202,178,14,41,5,1,0,48,18,3,6,3,2,36,19,0,0,3,0.230,0.302,0.270,0.572,66,0.040,0.285,27.2%,17.8%,9.4%,0.53,<a href=https://npb.jp/bis/eng/teams/index_f.html>Nipponham</a>,EL
Kohri Takuya,48,175,147,22,29,6,1,5,52,16,2,6,2,2,28,19,0,5,2,0.197,0.306,0.354,0.660,90,0.157,0.207,29.7%,16.0%,10.9%,0.68,<a href=https://npb.jp/bis/eng/teams/index_f.html>Nipponham</a>,EL
Kurobane Toshiki,24,40,31,4,5,0,0,0,5,0,0,0,1,0,11,8,0,0,2,0.161,0.333,0.161,0.494,45,0.000,0.250,47.5%,27.5%,20.0%,0.73,<a href=https://npb.jp/bis/eng/teams/index_f.html>Nipponham</a>,EL
Mannami Chusei,58,240,209,27,41,10,2,8,79,31,5,1,0,0,87,31,0,0,4,0.196,0.300,0.378,0.678,95,0.182,0.289,52.5%,36.2%,12.9%,0.36,<a href=https://npb.jp/bis/eng/teams/index_f.html>Nipponham</a>,EL
Matsumoto Go,2,6,5,2,2,1,0,0,3,0,0,1,0,0,1,1,0,0,0,0.400,0.500,0.600,1.100,220,0.200,0.500,33.3%,16.7%,16.7%,1.00,<a href=https://npb.jp/bis/eng/teams/index_f.html>Nipponham</a>,EL
Miyata Hokuto,40,104,94,18,30,4,1,0,36,10,13,6,1,0,11,9,0,0,0,0.319,0.379,0.383,0.762,121,0.064,0.361,19.2%,10.6%,8.7%,0.82,<a href=https://npb.jp/bis/eng/teams/index_f.html>Nipponham</a>,EL
Nanba Yuhei,58,186,158,15,29,3,1,1,37,7,1,2,7,2,39,18,0,1,4,0.184,0.268,0.234,0.502,45,0.050,0.233,31.2%,21.0%,9.7%,0.46,<a href=https://npb.jp/bis/eng/teams/index_f.html>Nipponham</a>,EL
Nomura Yuki,13,54,50,7,12,2,3,0,20,5,1,0,0,0,13,2,0,2,1,0.240,0.296,0.400,0.696,101,0.160,0.324,27.8%,24.1%,3.7%,0.15,<a href=https://npb.jp/bis/eng/teams/index_f.html>Nipponham</a>,EL
Shimizu Yushi,11,35,30,5,6,1,0,1,10,3,0,0,0,0,2,5,0,0,2,0.200,0.314,0.333,0.647,87,0.133,0.185,22.9%,5.7%,14.3%,2.50,<a href=https://npb.jp/bis/eng/teams/index_f.html>Nipponham</a>,EL
Takahama Yuto,39,147,117,22,33,8,0,3,50,18,4,1,0,2,25,26,0,2,0,0.282,0.415,0.427,0.842,146,0.145,0.330,36.7%,17.0%,17.7%,1.04,<a href=https://npb.jp/bis/eng/teams/index_f.html>Nipponham</a>,EL
Tamiya Yua,41,138,124,15,25,4,0,1,32,11,7,1,4,1,27,8,0,1,5,0.202,0.254,0.258,0.512,47,0.056,0.247,26.1%,19.6%,5.8%,0.30,<a href=https://npb.jp/bis/eng/teams/index_f.html>Nipponham</a>,EL
Taniguchi Yuya,34,88,78,12,28,9,0,5,52,12,2,0,0,1,18,8,1,1,1,0.359,0.420,0.667,1.087,214,0.308,0.411,35.2%,20.5%,9.1%,0.44,<a href=https://npb.jp/bis/eng/teams/index_f.html>Nipponham</a>,EL
Ueno Kyohei,51,175,161,12,28,2,1,0,32,8,0,1,7,0,37,5,0,2,6,0.174,0.208,0.199,0.407,17,0.025,0.226,24.0%,21.1%,2.9%,0.14,<a href=https://npb.jp/bis/eng/teams/index_f.html>Nipponham</a>,EL
Umebayashi Yuki,39,111,105,5,18,2,1,0,22,4,2,2,1,0,35,4,0,1,5,0.171,0.209,0.210,0.419,20,0.039,0.257,35.1%,31.5%,3.6%,0.11,<a href=https://npb.jp/bis/eng/teams/index_f.html>Nipponham</a>,EL
Villanueva Christian,5,12,12,3,6,2,0,2,14,8,0,0,0,0,2,0,0,0,0,0.500,0.500,1.167,1.667,379,0.667,0.500,33.3%,16.7%,0.0%,0.00,<a href=https://npb.jp/bis/eng/teams/index_f.html>Nipponham</a>,EL
Wang Po-Jung,9,30,21,9,14,2,0,2,22,7,0,0,0,1,0,7,0,1,0,0.667,0.733,1.048,1.781,419,0.381,0.600,30.0%,0.0%,23.3%,1.00,<a href=https://npb.jp/bis/eng/teams/index_f.html>Nipponham</a>,EL
Yachi Ryota,14,35,27,5,8,0,0,2,14,4,0,0,2,1,4,5,0,0,2,0.296,0.394,0.519,0.913,164,0.223,0.273,31.4%,11.4%,14.3%,1.25,<a href=https://npb.jp/bis/eng/teams/index_f.html>Nipponham</a>,EL
Yokoo Toshitake,22,81,74,6,12,3,0,2,21,9,0,0,0,0,13,4,0,3,2,0.162,0.235,0.284,0.519,48,0.122,0.169,23.5%,16.0%,4.9%,0.31,<a href=https://npb.jp/bis/eng/teams/index_f.html>Nipponham</a>,EL
