Rank,Player,G,PA,AB,R,H,2B,3B,HR,TB,RBI,SB,CS,SH,SF,SO,BB,IBB,HP,GDP,AVG,OBP,SLG,OPS,OPS+,ISO,BABIP,TTO%,K%,BB%,BB/K,,Team,League
,Okoye Louis,6,20,19,1,3,1,0,0,4,0,0,0,1,0,9,0,0,0,0,0.158,0.158,0.211,0.368,14,0.053,0.300,45.0%,45.0%,0.0%,0.00,🐰,<a href=https://npb.jp/bis/eng/teams/index_g.html>Yomiuri Giants</a>,CL
,Austin Tyler,13,54,43,4,11,4,0,3,24,7,0,0,0,0,16,10,0,1,1,0.256,0.407,0.558,0.966,193,0.302,0.333,53.7%,29.6%,18.5%,0.62,⭐,<a href=https://npb.jp/bis/eng/teams/index_db.html>DeNA BayStars</a>,CL
,Griffin Foster,1,1,1,0,0,0,0,0,0,0,0,0,0,0,1,0,0,0,0,0.000,0.000,0.000,0.000,-101,0.000,,100.0%,100.0%,0.0%,0.00,🐰,<a href=https://npb.jp/bis/eng/teams/index_g.html>Yomiuri Giants</a>,CL
,Kay Anthony,2,3,3,0,0,0,0,0,0,0,0,0,0,0,3,0,0,0,0,0.000,0.000,0.000,0.000,-98,0.000,,100.0%,100.0%,0.0%,0.00,⭐,<a href=https://npb.jp/bis/eng/teams/index_db.html>DeNA BayStars</a>,CL
,Jackson Andre,4,5,4,0,1,0,0,0,1,0,0,0,1,0,2,0,0,0,0,0.250,0.250,0.250,0.500,55,0.000,0.500,40.0%,40.0%,0.0%,0.00,⭐,<a href=https://npb.jp/bis/eng/teams/index_db.html>DeNA BayStars</a>,CL
,Soto Neftali,3,12,10,0,0,0,0,0,0,0,0,0,0,0,3,2,1,0,1,0.000,0.167,0.000,0.167,-43,0.000,0.000,41.7%,25.0%,16.7%,0.67,⚓,<a href=https://npb.jp/bis/eng/teams/index_m.html>Lotte Marines</a>,PL
,Downs Jeter,6,16,14,1,3,0,0,0,3,0,0,0,0,0,3,2,0,0,0,0.214,0.312,0.214,0.527,65,0.000,0.273,31.2%,18.8%,12.5%,0.67,🪶,<a href=https://npb.jp/bis/eng/teams/index_h.html>SoftBank Hawks</a>,PL
,Ford Mike,12,17,15,1,5,1,0,1,9,2,0,0,0,0,2,1,0,1,0,0.333,0.412,0.600,1.012,206,0.267,0.333,23.5%,11.8%,5.9%,0.50,⭐,<a href=https://npb.jp/bis/eng/teams/index_db.html>DeNA BayStars</a>,CL
,Hernandez Elier,3,11,11,0,0,0,0,0,0,0,0,0,0,0,3,0,0,0,0,0.000,0.000,0.000,0.000,-101,0.000,0.000,27.3%,27.3%,0.0%,0.00,🐰,<a href=https://npb.jp/bis/eng/teams/index_g.html>Yomiuri Giants</a>,CL
,Polanco Gregory,3,12,12,1,2,0,0,1,5,1,0,0,0,0,4,0,0,0,0,0.167,0.167,0.417,0.583,74,0.250,0.143,41.7%,33.3%,0.0%,0.00,⚓,<a href=https://npb.jp/bis/eng/teams/index_m.html>Lotte Marines</a>,PL
,Martinez Ariel,4,12,11,0,1,0,0,0,1,1,0,0,0,0,4,1,0,0,0,0.091,0.167,0.091,0.258,-17,0.000,0.143,41.7%,33.3%,8.3%,0.25,🦊,<a href=https://npb.jp/bis/eng/teams/index_f.html>Nipponham Fighters</a>,PL
,Moinelo Livan,1,3,2,0,0,0,0,0,0,0,0,0,1,0,1,0,0,0,0,0.000,0.000,0.000,0.000,-98,0.000,0.000,33.3%,33.3%,0.0%,0.00,🪶,<a href=https://npb.jp/bis/eng/teams/index_h.html>SoftBank Hawks</a>,PL
,Montes Coco,1,4,4,0,0,0,0,0,0,0,0,0,0,0,2,0,0,0,0,0.000,0.000,0.000,0.000,-101,0.000,0.000,50.0%,50.0%,0.0%,0.00,🐰,<a href=https://npb.jp/bis/eng/teams/index_g.html>Yomiuri Giants</a>,CL
,Reyes Franmil,6,24,22,2,7,0,0,1,10,1,0,0,0,0,10,2,0,0,0,0.318,0.375,0.455,0.830,152,0.136,0.545,54.2%,41.7%,8.3%,0.20,🦊,<a href=https://npb.jp/bis/eng/teams/index_f.html>Nipponham Fighters</a>,PL
,Mannami Chusei,6,24,22,2,7,1,0,1,11,3,0,0,0,0,7,2,0,0,0,0.318,0.375,0.500,0.875,164,0.182,0.429,41.7%,29.2%,8.3%,0.29,🦊,<a href=https://npb.jp/bis/eng/teams/index_f.html>Nipponham Fighters</a>,PL
,Kamikawabata Daigo,6,13,12,1,2,0,0,0,2,0,0,0,0,0,1,0,0,1,2,0.167,0.231,0.167,0.397,25,0.000,0.182,7.7%,7.7%,0.0%,0.00,🦊,<a href=https://npb.jp/bis/eng/teams/index_f.html>Nipponham Fighters</a>,PL
,Nakayama Raito,6,19,19,1,5,0,0,1,8,1,0,0,0,0,4,0,0,0,0,0.263,0.263,0.421,0.684,110,0.158,0.286,26.3%,21.1%,0.0%,0.00,🐰,<a href=https://npb.jp/bis/eng/teams/index_g.html>Yomiuri Giants</a>,CL
,Nakashima Takuya,1,2,1,0,0,0,0,0,0,0,0,0,1,0,0,0,0,0,0,0.000,0.000,0.000,0.000,-97,0.000,0.000,0.0%,0.0%,0.0%,,🦊,<a href=https://npb.jp/bis/eng/teams/index_f.html>Nipponham Fighters</a>,PL
,Nakagawa Hayate,3,1,1,0,0,0,0,0,0,0,0,0,0,0,0,0,0,0,0,0.000,0.000,0.000,0.000,-98,0.000,0.000,0.0%,0.0%,0.0%,,⭐,<a href=https://npb.jp/bis/eng/teams/index_db.html>DeNA BayStars</a>,CL
,Nakamura Shogo,2,8,7,2,2,0,0,1,5,1,0,0,0,0,2,0,0,1,0,0.286,0.375,0.714,1.089,225,0.429,0.250,37.5%,25.0%,0.0%,0.00,⚓,<a href=https://npb.jp/bis/eng/teams/index_m.html>Lotte Marines</a>,PL
,Nakamura Akira,3,3,3,0,0,0,0,0,0,0,0,0,0,0,0,0,0,0,0,0.000,0.000,0.000,0.000,-98,0.000,0.000,0.0%,0.0%,0.0%,,🪶,<a href=https://npb.jp/bis/eng/teams/index_h.html>SoftBank Hawks</a>,PL
,Nakano Takumu,2,9,9,0,1,0,0,0,1,0,0,0,0,0,1,0,0,0,0,0.111,0.111,0.111,0.222,-32,0.000,0.125,11.1%,11.1%,0.0%,0.00,🐯,<a href=https://npb.jp/bis/eng/teams/index_t.html>Hanshin Tigers</a>,CL
,Maru Yoshihiro,6,25,24,0,5,1,0,0,6,0,0,1,0,0,4,1,0,0,1,0.208,0.240,0.250,0.490,53,0.042,0.250,20.0%,16.0%,4.0%,0.25,🐰,<a href=https://npb.jp/bis/eng/teams/index_g.html>Yomiuri Giants</a>,CL
,Inoue Haruto,1,1,1,0,0,0,0,0,0,0,0,0,0,0,0,0,0,0,0,0.000,0.000,0.000,0.000,-101,0.000,0.000,0.0%,0.0%,0.0%,,🐰,<a href=https://npb.jp/bis/eng/teams/index_g.html>Yomiuri Giants</a>,CL
,Imamiya Kenta,9,37,34,4,14,4,0,1,21,3,0,0,2,0,6,1,0,0,0,0.412,0.429,0.618,1.046,217,0.206,0.481,21.6%,16.2%,2.7%,0.17,🪶,<a href=https://npb.jp/bis/eng/teams/index_h.html>SoftBank Hawks</a>,PL
,Itoh Hikaru,1,4,3,0,0,0,0,0,0,0,0,0,0,0,0,1,0,0,1,0.000,0.250,0.000,0.250,-15,0.000,0.000,25.0%,0.0%,25.0%,1.00,⭐,<a href=https://npb.jp/bis/eng/teams/index_db.html>DeNA BayStars</a>,CL
,Fushimi Torai,4,10,9,1,2,0,0,1,5,1,0,0,1,0,1,0,0,0,0,0.222,0.222,0.556,0.778,130,0.333,0.143,20.0%,10.0%,0.0%,0.00,🦊,<a href=https://npb.jp/bis/eng/teams/index_f.html>Nipponham Fighters</a>,PL
,Sasaki Shunsuke,2,2,2,0,0,0,0,0,0,0,0,0,0,0,0,0,0,0,0,0.000,0.000,0.000,0.000,-101,0.000,0.000,0.0%,0.0%,0.0%,,🐰,<a href=https://npb.jp/bis/eng/teams/index_g.html>Yomiuri Giants</a>,CL
,Sato Teruaki,2,8,8,0,1,1,0,0,2,0,0,0,0,0,5,0,0,0,0,0.125,0.125,0.250,0.375,14,0.125,0.333,62.5%,62.5%,0.0%,0.00,🐯,<a href=https://npb.jp/bis/eng/teams/index_t.html>Hanshin Tigers</a>,CL
,Satoh Toshiya,3,12,11,1,2,1,0,0,3,0,0,0,0,0,2,1,0,0,0,0.182,0.250,0.273,0.523,61,0.091,0.222,25.0%,16.7%,8.3%,0.50,⚓,<a href=https://npb.jp/bis/eng/teams/index_m.html>Lotte Marines</a>,PL
,Sano Keita,13,52,46,4,10,2,0,2,18,4,0,0,0,0,6,3,0,3,4,0.217,0.308,0.391,0.699,113,0.174,0.211,21.2%,11.5%,5.8%,0.50,⭐,<a href=https://npb.jp/bis/eng/teams/index_db.html>DeNA BayStars</a>,CL
,Maegawa Ukyo,2,8,7,0,1,0,0,0,1,0,0,0,0,0,3,0,0,1,0,0.143,0.250,0.143,0.393,26,0.000,0.250,37.5%,37.5%,0.0%,0.00,🐯,<a href=https://npb.jp/bis/eng/teams/index_t.html>Hanshin Tigers</a>,CL
,Haraguchi Fumihito,2,2,2,1,1,0,0,1,4,1,0,0,0,0,0,0,0,0,0,0.500,0.500,2.000,2.500,660,1.500,0.000,50.0%,0.0%,0.0%,,🐯,<a href=https://npb.jp/bis/eng/teams/index_t.html>Hanshin Tigers</a>,CL
,Tomosugi Atsuki,3,12,11,0,3,1,0,0,4,1,0,1,1,0,0,0,0,0,0,0.273,0.273,0.364,0.636,94,0.091,0.273,0.0%,0.0%,0.0%,,⚓,<a href=https://npb.jp/bis/eng/teams/index_m.html>Lotte Marines</a>,PL
,Yoshino Teruki,1,1,1,0,0,0,0,0,0,0,0,0,0,0,1,0,0,0,0,0.000,0.000,0.000,0.000,-98,0.000,,100.0%,100.0%,0.0%,0.00,⭐,<a href=https://npb.jp/bis/eng/teams/index_db.html>DeNA BayStars</a>,CL
,Shuto Ukyo,9,35,32,3,8,1,0,0,9,2,2,1,0,1,8,2,0,0,0,0.250,0.286,0.281,0.567,75,0.031,0.320,28.6%,22.9%,5.7%,0.25,🪶,<a href=https://npb.jp/bis/eng/teams/index_h.html>SoftBank Hawks</a>,PL
,Sakamoto Hayato,6,19,17,2,6,1,0,0,7,0,0,0,0,0,3,2,0,0,0,0.353,0.421,0.412,0.833,161,0.059,0.429,26.3%,15.8%,10.5%,0.67,🐰,<a href=https://npb.jp/bis/eng/teams/index_g.html>Yomiuri Giants</a>,CL
,Sakamoto Seishiro,1,3,2,0,0,0,0,0,0,0,0,0,0,0,1,1,0,0,0,0.000,0.333,0.000,0.333,13,0.000,0.000,66.7%,33.3%,33.3%,1.00,🐯,<a href=https://npb.jp/bis/eng/teams/index_t.html>Hanshin Tigers</a>,CL
,Masuda Daiki,4,4,3,1,0,0,0,0,0,0,3,0,0,0,2,1,0,0,0,0.000,0.250,0.000,0.250,-16,0.000,0.000,75.0%,50.0%,25.0%,0.50,🐰,<a href=https://npb.jp/bis/eng/teams/index_g.html>Yomiuri Giants</a>,CL
,Ohshiro Takumi,3,9,8,0,0,0,0,0,0,0,0,0,0,0,3,1,0,0,2,0.000,0.111,0.000,0.111,-63,0.000,0.000,44.4%,33.3%,11.1%,0.33,🐰,<a href=https://npb.jp/bis/eng/teams/index_g.html>Yomiuri Giants</a>,CL
,Ohyama Yusuke,2,8,8,1,2,0,0,0,2,0,0,0,0,0,1,0,0,0,0,0.250,0.250,0.250,0.500,57,0.000,0.286,12.5%,12.5%,0.0%,0.00,🐯,<a href=https://npb.jp/bis/eng/teams/index_t.html>Hanshin Tigers</a>,CL
,Ohnuki Shinichi,3,4,4,0,0,0,0,0,0,0,0,0,0,0,3,0,0,0,1,0.000,0.000,0.000,0.000,-98,0.000,0.000,75.0%,75.0%,0.0%,0.00,⭐,<a href=https://npb.jp/bis/eng/teams/index_db.html>DeNA BayStars</a>,CL
,Narama Taiki,1,2,2,0,0,0,0,0,0,0,0,0,0,0,2,0,0,0,0,0.000,0.000,0.000,0.000,-97,0.000,,100.0%,100.0%,0.0%,0.00,🦊,<a href=https://npb.jp/bis/eng/teams/index_f.html>Nipponham Fighters</a>,PL
,Yasuda Hisanori,1,4,4,1,2,0,0,1,5,1,0,0,0,0,1,0,0,0,0,0.500,0.500,1.250,1.750,416,0.750,0.500,50.0%,25.0%,0.0%,0.00,⚓,<a href=https://npb.jp/bis/eng/teams/index_m.html>Lotte Marines</a>,PL
,Miyazaki Toshiro,14,58,54,3,10,6,0,1,19,2,0,0,0,0,11,3,1,1,1,0.185,0.241,0.352,0.593,80,0.167,0.214,25.9%,19.0%,5.2%,0.27,⭐,<a href=https://npb.jp/bis/eng/teams/index_db.html>DeNA BayStars</a>,CL
,Obata Ryuhei,2,1,1,0,0,0,0,0,0,0,0,0,0,0,0,0,0,0,0,0.000,0.000,0.000,0.000,-103,0.000,0.000,0.0%,0.0%,0.0%,,🐯,<a href=https://npb.jp/bis/eng/teams/index_t.html>Hanshin Tigers</a>,CL
,Kobayashi Seiji,2,4,3,0,2,0,0,0,2,0,0,0,0,0,1,1,0,0,0,0.667,0.750,0.667,1.417,347,0.000,1.000,50.0%,25.0%,25.0%,1.00,🐰,<a href=https://npb.jp/bis/eng/teams/index_g.html>Yomiuri Giants</a>,CL
,Yamakawa Hotaka,9,35,34,7,9,2,0,4,23,9,0,0,0,0,11,1,0,0,1,0.265,0.286,0.676,0.962,186,0.412,0.263,45.7%,31.4%,2.9%,0.09,🪶,<a href=https://npb.jp/bis/eng/teams/index_h.html>SoftBank Hawks</a>,PL
,Yamasaki Iori,1,2,2,0,0,0,0,0,0,0,0,0,0,0,2,0,0,0,0,0.000,0.000,0.000,0.000,-101,0.000,,100.0%,100.0%,0.0%,0.00,🐰,<a href=https://npb.jp/bis/eng/teams/index_g.html>Yomiuri Giants</a>,CL
,Oka Hiromi,3,9,9,0,0,0,0,0,0,0,0,0,0,0,1,0,0,0,0,0.000,0.000,0.000,0.000,-98,0.000,0.000,11.1%,11.1%,0.0%,0.00,⚓,<a href=https://npb.jp/bis/eng/teams/index_m.html>Lotte Marines</a>,PL
,Okamoto Kazuma,6,24,18,1,4,0,0,1,7,2,0,0,0,0,4,6,4,0,1,0.222,0.417,0.389,0.806,153,0.167,0.231,45.8%,16.7%,25.0%,1.50,🐰,<a href=https://npb.jp/bis/eng/teams/index_g.html>Yomiuri Giants</a>,CL
,Kishida Yukinori,4,12,8,1,0,0,0,0,0,1,1,0,2,0,2,2,0,0,0,0.000,0.200,0.000,0.200,-33,0.000,0.000,33.3%,16.7%,16.7%,1.00,🐰,<a href=https://npb.jp/bis/eng/teams/index_g.html>Yomiuri Giants</a>,CL
,Shimada Kairi,1,1,0,0,0,0,0,0,0,0,0,0,0,0,0,1,0,0,0,nan,1.000,nan,nan,nan,nan,,100.0%,0.0%,100.0%,1.00,🐯,<a href=https://npb.jp/bis/eng/teams/index_t.html>Hanshin Tigers</a>,CL
,Minei Hiroki,2,3,3,0,1,0,0,0,1,0,0,0,0,0,1,0,0,0,0,0.333,0.333,0.333,0.667,106,0.000,0.500,33.3%,33.3%,0.0%,0.00,🪶,<a href=https://npb.jp/bis/eng/teams/index_h.html>SoftBank Hawks</a>,PL
,Kawase Hikaru,3,6,6,1,2,0,0,0,2,0,0,0,0,0,1,0,0,0,0,0.333,0.333,0.333,0.667,106,0.000,0.400,16.7%,16.7%,0.0%,0.00,🪶,<a href=https://npb.jp/bis/eng/teams/index_h.html>SoftBank Hawks</a>,PL
,Takeda Aito,2,1,1,0,0,0,0,0,0,0,0,0,0,0,1,0,0,0,0,0.000,0.000,0.000,0.000,-98,0.000,,100.0%,100.0%,0.0%,0.00,⚓,<a href=https://npb.jp/bis/eng/teams/index_m.html>Lotte Marines</a>,PL
,Tobashira Yasutaka,13,50,48,6,15,3,0,1,21,7,0,0,0,0,8,2,0,0,0,0.312,0.340,0.438,0.778,137,0.125,0.359,22.0%,16.0%,4.0%,0.25,⭐,<a href=https://npb.jp/bis/eng/teams/index_db.html>DeNA BayStars</a>,CL
,Togo Shosei,2,4,1,0,0,0,0,0,0,1,0,0,3,0,1,0,0,0,0,0.000,0.000,0.000,0.000,-101,0.000,,25.0%,25.0%,0.0%,0.00,🐰,<a href=https://npb.jp/bis/eng/teams/index_g.html>Yomiuri Giants</a>,CL
,Saiki Hiroto,1,1,1,0,0,0,0,0,0,0,0,0,0,0,0,0,0,0,0,0.000,0.000,0.000,0.000,-103,0.000,0.000,0.0%,0.0%,0.0%,,🐯,<a href=https://npb.jp/bis/eng/teams/index_t.html>Hanshin Tigers</a>,CL
,Arihara Kohei,2,4,4,0,1,0,0,0,1,2,0,0,0,0,1,0,0,0,0,0.250,0.250,0.250,0.500,55,0.000,0.333,25.0%,25.0%,0.0%,0.00,🪶,<a href=https://npb.jp/bis/eng/teams/index_h.html>SoftBank Hawks</a>,PL
,Kinami Seiya,2,6,4,0,1,0,0,0,1,1,0,0,0,0,2,2,0,0,0,0.250,0.500,0.250,0.750,144,0.000,0.500,66.7%,33.3%,33.3%,1.00,🐯,<a href=https://npb.jp/bis/eng/teams/index_t.html>Hanshin Tigers</a>,CL
,Azuma Katsuki,1,2,2,0,1,0,0,0,1,0,0,0,0,0,0,0,0,0,0,0.500,0.500,0.500,1.000,207,0.000,0.500,0.0%,0.0%,0.0%,,⭐,<a href=https://npb.jp/bis/eng/teams/index_db.html>DeNA BayStars</a>,CL
,Matsuo Shion,2,4,4,1,2,1,0,0,3,0,0,0,0,0,1,0,0,0,0,0.500,0.500,0.750,1.250,277,0.250,0.667,25.0%,25.0%,0.0%,0.00,⭐,<a href=https://npb.jp/bis/eng/teams/index_db.html>DeNA BayStars</a>,CL
,Matsumoto Go,6,24,20,2,5,0,0,0,5,1,1,2,1,1,2,2,0,0,2,0.250,0.304,0.250,0.554,72,0.000,0.263,16.7%,8.3%,8.3%,1.00,🦊,<a href=https://npb.jp/bis/eng/teams/index_f.html>Nipponham Fighters</a>,PL
,Hayashi Takuma,1,1,1,0,0,0,0,0,0,0,0,0,0,0,0,0,0,0,0,0.000,0.000,0.000,0.000,-98,0.000,0.000,0.0%,0.0%,0.0%,,⭐,<a href=https://npb.jp/bis/eng/teams/index_db.html>DeNA BayStars</a>,CL
,Yanagita Yuki,9,40,37,3,9,1,0,1,13,3,0,1,0,0,10,3,0,0,1,0.243,0.300,0.351,0.651,100,0.108,0.308,35.0%,25.0%,7.5%,0.30,🪶,<a href=https://npb.jp/bis/eng/teams/index_h.html>SoftBank Hawks</a>,PL
,Yanagimachi Tatsuru,2,4,4,1,0,0,0,0,0,0,0,0,0,0,2,0,0,0,0,0.000,0.000,0.000,0.000,-98,0.000,0.000,50.0%,50.0%,0.0%,0.00,🪶,<a href=https://npb.jp/bis/eng/teams/index_h.html>SoftBank Hawks</a>,PL
,Shibata Tatsuhiro,4,2,1,0,0,0,0,0,0,0,0,0,1,0,1,0,0,0,0,0.000,0.000,0.000,0.000,-98,0.000,,50.0%,50.0%,0.0%,0.00,⭐,<a href=https://npb.jp/bis/eng/teams/index_db.html>DeNA BayStars</a>,CL
,Kurihara Ryoya,9,37,33,3,6,0,0,1,9,2,0,0,1,0,10,3,0,0,2,0.182,0.250,0.273,0.523,61,0.091,0.227,37.8%,27.0%,8.1%,0.30,🪶,<a href=https://npb.jp/bis/eng/teams/index_h.html>SoftBank Hawks</a>,PL
,Kuwahara Masayuki,14,62,54,8,18,5,1,1,28,10,1,1,2,0,4,4,0,2,0,0.333,0.400,0.519,0.919,180,0.185,0.347,14.5%,6.5%,6.5%,1.00,⭐,<a href=https://npb.jp/bis/eng/teams/index_db.html>DeNA BayStars</a>,CL
,Umeno Ryutaro,2,5,5,0,1,0,0,0,1,0,0,0,0,0,1,0,0,0,0,0.200,0.200,0.200,0.400,25,0.000,0.250,20.0%,20.0%,0.0%,0.00,🐯,<a href=https://npb.jp/bis/eng/teams/index_t.html>Hanshin Tigers</a>,CL
,Kajiwara Kouki,14,63,62,8,16,2,0,0,18,4,2,1,1,0,16,0,0,0,1,0.258,0.258,0.290,0.548,69,0.032,0.348,25.4%,25.4%,0.0%,0.00,⭐,<a href=https://npb.jp/bis/eng/teams/index_db.html>DeNA BayStars</a>,CL
,Mori Keito,14,55,46,10,14,1,1,0,17,4,2,1,2,0,8,6,1,1,0,0.304,0.396,0.370,0.766,137,0.065,0.368,25.5%,14.5%,10.9%,0.75,⭐,<a href=https://npb.jp/bis/eng/teams/index_db.html>DeNA BayStars</a>,CL
,Morishita Shota,2,9,8,1,5,0,0,1,8,2,0,0,0,0,1,1,0,0,0,0.625,0.667,1.000,1.667,423,0.375,0.667,33.3%,11.1%,11.1%,1.00,🐯,<a href=https://npb.jp/bis/eng/teams/index_t.html>Hanshin Tigers</a>,CL
,Masaki Tomoya,5,17,15,1,2,1,0,0,3,1,0,0,1,0,1,1,0,0,0,0.133,0.188,0.200,0.388,20,0.067,0.143,11.8%,5.9%,5.9%,1.00,🪶,<a href=https://npb.jp/bis/eng/teams/index_h.html>SoftBank Hawks</a>,PL
,Mizutani Shun,4,6,6,0,0,0,0,0,0,0,0,0,0,0,5,0,0,0,0,0.000,0.000,0.000,0.000,-97,0.000,0.000,83.3%,83.3%,0.0%,0.00,🦊,<a href=https://npb.jp/bis/eng/teams/index_f.html>Nipponham Fighters</a>,PL
,Mizuno Tatsuki,6,21,20,2,8,1,1,0,11,2,0,0,1,0,8,0,0,0,0,0.400,0.400,0.550,0.950,187,0.150,0.667,38.1%,38.1%,0.0%,0.00,🦊,<a href=https://npb.jp/bis/eng/teams/index_f.html>Nipponham Fighters</a>,PL
,Asano Shogo,1,4,4,0,0,0,0,0,0,0,0,0,0,0,2,0,0,0,0,0.000,0.000,0.000,0.000,-101,0.000,0.000,50.0%,50.0%,0.0%,0.00,🐰,<a href=https://npb.jp/bis/eng/teams/index_g.html>Yomiuri Giants</a>,CL
,Umino Takashi,2,1,1,0,0,0,0,0,0,0,0,0,0,0,1,0,0,0,0,0.000,0.000,0.000,0.000,-98,0.000,,100.0%,100.0%,0.0%,0.00,🪶,<a href=https://npb.jp/bis/eng/teams/index_h.html>SoftBank Hawks</a>,PL
,Asama Daiki,5,11,10,0,1,0,0,0,1,1,0,1,0,0,7,1,0,0,0,0.100,0.182,0.100,0.282,-10,0.000,0.333,72.7%,63.6%,9.1%,0.14,🦊,<a href=https://npb.jp/bis/eng/teams/index_f.html>Nipponham Fighters</a>,PL
,Kiyomiya Kotaro,6,26,25,1,6,1,0,0,7,3,1,0,0,0,3,1,0,0,0,0.240,0.269,0.280,0.549,69,0.040,0.273,15.4%,11.5%,3.8%,0.33,🦊,<a href=https://npb.jp/bis/eng/teams/index_f.html>Nipponham Fighters</a>,PL
,Shimizu Yushi,1,1,1,0,1,0,0,0,1,0,0,0,0,0,0,0,0,0,0,1.000,1.000,1.000,2.000,508,0.000,1.000,0.0%,0.0%,0.0%,,🦊,<a href=https://npb.jp/bis/eng/teams/index_f.html>Nipponham Fighters</a>,PL
,Watanabe Ryo,2,2,2,0,0,0,0,0,0,0,0,0,0,0,1,0,0,0,0,0.000,0.000,0.000,0.000,-103,0.000,0.000,50.0%,50.0%,0.0%,0.00,🐯,<a href=https://npb.jp/bis/eng/teams/index_t.html>Hanshin Tigers</a>,CL
,Hamaguchi Haruhiro,1,1,1,0,1,0,0,0,1,0,0,0,0,0,0,0,0,0,0,1.000,1.000,1.000,2.000,513,0.000,1.000,0.0%,0.0%,0.0%,,⭐,<a href=https://npb.jp/bis/eng/teams/index_db.html>DeNA BayStars</a>,CL
,Maki Shugo,14,65,56,6,16,2,0,1,21,7,0,0,0,0,10,7,0,2,1,0.286,0.385,0.375,0.760,134,0.089,0.333,27.7%,15.4%,10.8%,0.70,⭐,<a href=https://npb.jp/bis/eng/teams/index_db.html>DeNA BayStars</a>,CL
,Makihara Taisei,5,18,15,1,4,1,0,0,5,2,0,0,1,0,0,2,0,0,1,0.267,0.353,0.333,0.686,112,0.067,0.267,11.1%,0.0%,11.1%,1.00,🪶,<a href=https://npb.jp/bis/eng/teams/index_h.html>SoftBank Hawks</a>,PL
,Tamiya Yua,4,9,8,1,1,1,0,0,2,0,0,0,0,0,3,1,0,0,1,0.125,0.222,0.250,0.472,45,0.125,0.200,44.4%,33.3%,11.1%,0.33,🦊,<a href=https://npb.jp/bis/eng/teams/index_f.html>Nipponham Fighters</a>,PL
,Kai Takuya,8,26,22,0,1,0,0,0,1,1,0,0,1,1,13,2,2,0,0,0.045,0.120,0.045,0.165,-46,0.000,0.100,57.7%,50.0%,7.7%,0.15,🪶,<a href=https://npb.jp/bis/eng/teams/index_h.html>SoftBank Hawks</a>,PL
,Yazawa Kota,1,3,3,0,1,0,0,0,1,1,0,0,0,0,1,0,0,0,0,0.333,0.333,0.333,0.667,105,0.000,0.500,33.3%,33.3%,0.0%,0.00,🦊,<a href=https://npb.jp/bis/eng/teams/index_f.html>Nipponham Fighters</a>,PL
,Chino Naoto,1,1,1,0,0,0,0,0,0,0,0,0,0,0,1,0,0,0,0,0.000,0.000,0.000,0.000,-98,0.000,,100.0%,100.0%,0.0%,0.00,⭐,<a href=https://npb.jp/bis/eng/teams/index_db.html>DeNA BayStars</a>,CL
,Ishii Kazunari,2,3,3,1,1,0,0,0,1,0,0,0,0,0,2,0,0,0,0,0.333,0.333,0.333,0.667,105,0.000,1.000,66.7%,66.7%,0.0%,0.00,🦊,<a href=https://npb.jp/bis/eng/teams/index_f.html>Nipponham Fighters</a>,PL
,Ishikawa Shingo,1,1,1,0,0,0,0,0,0,0,0,0,0,0,0,0,0,0,0,0.000,0.000,0.000,0.000,-98,0.000,0.000,0.0%,0.0%,0.0%,,⚓,<a href=https://npb.jp/bis/eng/teams/index_m.html>Lotte Marines</a>,PL
,Kamizato Kazuki,3,1,1,1,0,0,0,0,0,0,0,0,0,0,0,0,0,0,0,0.000,0.000,0.000,0.000,-98,0.000,0.000,0.0%,0.0%,0.0%,,⭐,<a href=https://npb.jp/bis/eng/teams/index_db.html>DeNA BayStars</a>,CL
,Akihiro Yuto,2,2,2,0,0,0,0,0,0,0,0,0,0,0,2,0,0,0,0,0.000,0.000,0.000,0.000,-101,0.000,,100.0%,100.0%,0.0%,0.00,🐰,<a href=https://npb.jp/bis/eng/teams/index_g.html>Yomiuri Giants</a>,CL
,Tateoka Soichiro,3,4,4,0,0,0,0,0,0,0,0,0,0,0,1,0,0,0,0,0.000,0.000,0.000,0.000,-101,0.000,0.000,25.0%,25.0%,0.0%,0.00,🐰,<a href=https://npb.jp/bis/eng/teams/index_g.html>Yomiuri Giants</a>,CL
,Sasagawa Yoshiyasu,2,7,7,0,1,0,0,0,1,0,1,0,0,0,2,0,0,0,0,0.143,0.143,0.143,0.286,-11,0.000,0.200,28.6%,28.6%,0.0%,0.00,🪶,<a href=https://npb.jp/bis/eng/teams/index_h.html>SoftBank Hawks</a>,PL
,Tsutsugoh Yoshitomo,10,28,26,2,7,2,0,1,12,7,0,0,0,1,8,1,0,0,1,0.269,0.286,0.462,0.747,126,0.192,0.333,35.7%,28.6%,3.6%,0.12,⭐,<a href=https://npb.jp/bis/eng/teams/index_db.html>DeNA BayStars</a>,CL
,Itohara Kento,2,2,2,0,1,0,0,0,1,0,0,0,0,0,0,0,0,0,0,0.500,0.500,0.500,1.000,218,0.000,0.500,0.0%,0.0%,0.0%,,🐯,<a href=https://npb.jp/bis/eng/teams/index_t.html>Hanshin Tigers</a>,CL
,Ogata Riku,2,1,1,0,0,0,0,0,0,0,0,0,0,0,0,0,0,0,0,0.000,0.000,0.000,0.000,-98,0.000,0.000,0.0%,0.0%,0.0%,,🪶,<a href=https://npb.jp/bis/eng/teams/index_h.html>SoftBank Hawks</a>,PL
,Ogino Takashi,2,8,6,0,1,0,0,0,1,1,0,0,0,1,1,1,0,0,1,0.167,0.250,0.167,0.417,31,0.000,0.167,25.0%,12.5%,12.5%,1.00,⚓,<a href=https://npb.jp/bis/eng/teams/index_m.html>Lotte Marines</a>,PL
,Sugano Tomoyuki,2,2,1,0,0,0,0,0,0,0,0,0,1,0,0,0,0,0,0,0.000,0.000,0.000,0.000,-101,0.000,0.000,0.0%,0.0%,0.0%,,🐰,<a href=https://npb.jp/bis/eng/teams/index_g.html>Yomiuri Giants</a>,CL
,Fujiwara Kyota,3,10,9,0,3,0,0,0,3,0,0,0,1,0,0,0,0,0,0,0.333,0.333,0.333,0.667,105,0.000,0.333,0.0%,0.0%,0.0%,,⚓,<a href=https://npb.jp/bis/eng/teams/index_m.html>Lotte Marines</a>,PL
,Fujioka Yudai,3,12,11,0,3,0,0,0,3,0,0,0,1,0,2,0,0,0,0,0.273,0.273,0.273,0.545,68,0.000,0.333,16.7%,16.7%,0.0%,0.00,⚓,<a href=https://npb.jp/bis/eng/teams/index_m.html>Lotte Marines</a>,PL
,Ebina Tatsuo,8,5,4,0,0,0,0,0,0,0,0,0,0,0,2,1,0,0,1,0.000,0.200,0.000,0.200,-32,0.000,0.000,60.0%,40.0%,20.0%,0.50,⭐,<a href=https://npb.jp/bis/eng/teams/index_db.html>DeNA BayStars</a>,CL
,Kakunaka Katsuya,2,6,4,1,1,0,0,1,4,1,0,0,0,0,0,2,0,0,0,0.250,0.500,1.000,1.500,346,0.750,0.000,50.0%,0.0%,33.3%,1.00,⚓,<a href=https://npb.jp/bis/eng/teams/index_m.html>Lotte Marines</a>,PL
,Chikamoto Koji,2,9,9,1,1,0,0,0,1,0,0,0,0,0,3,0,0,0,0,0.111,0.111,0.111,0.222,-32,0.000,0.167,33.3%,33.3%,0.0%,0.00,🐯,<a href=https://npb.jp/bis/eng/teams/index_t.html>Hanshin Tigers</a>,CL
,Kondoh Kensuke,8,28,24,3,11,4,0,1,18,4,0,0,0,0,6,3,1,1,0,0.458,0.536,0.750,1.286,289,0.292,0.588,35.7%,21.4%,10.7%,0.50,🪶,<a href=https://npb.jp/bis/eng/teams/index_h.html>SoftBank Hawks</a>,PL
,Gunji Yuya,6,18,16,1,0,0,0,0,0,0,0,0,0,0,2,2,0,0,2,0.000,0.111,0.000,0.111,-61,0.000,0.000,22.2%,11.1%,11.1%,1.00,🦊,<a href=https://npb.jp/bis/eng/teams/index_f.html>Nipponham Fighters</a>,PL
,Chono Hisayoshi,3,8,7,1,1,0,0,0,1,1,0,0,0,0,1,1,0,0,1,0.143,0.250,0.143,0.393,25,0.000,0.167,25.0%,12.5%,12.5%,1.00,🐰,<a href=https://npb.jp/bis/eng/teams/index_g.html>Yomiuri Giants</a>,CL
,Kadowaki Makoto,6,23,17,1,4,1,0,0,5,0,1,0,1,0,2,5,1,0,0,0.235,0.409,0.294,0.703,123,0.059,0.267,30.4%,8.7%,21.7%,2.50,🐰,<a href=https://npb.jp/bis/eng/teams/index_g.html>Yomiuri Giants</a>,CL
,Takahashi Haruto,1,1,1,0,0,0,0,0,0,0,0,0,0,0,1,0,0,0,0,0.000,0.000,0.000,0.000,-103,0.000,,100.0%,100.0%,0.0%,0.00,🐯,<a href=https://npb.jp/bis/eng/teams/index_t.html>Hanshin Tigers</a>,CL
