Rank,Pitcher,G,W,L,SV,HLD,CG,SHO,BF,IP,H,HR,SO,BB,IBB,HB,WP,R,ER,ERA,FIP,kwERA,WHIP,ERA+,FIP-,kwERA-,Diff,HR%,K%,BB%,K-BB%,Team,League
,Aoyagi Koyo,12,2,3,0,0,0,0,269,61.0,66,2,35,21,1,6,1,31,25,3.69,3.69,4.28,1.43,78,113,118,0.00,0.7%,13.0%,7.8%,5.2%,<a href=https://npb.jp/bis/eng/teams/index_t.html>Hanshin</a>,CL
,Beasley Jeremy,14,8,3,0,0,1,0,305,76.2,53,6,75,24,0,5,4,23,21,2.47,3.28,3.13,1.00,116,101,86,-0.81,2.0%,24.6%,7.9%,16.7%,<a href=https://npb.jp/bis/eng/teams/index_t.html>Hanshin</a>,CL
,Guerra Javy,59,1,4,14,31,0,0,226,58.0,47,3,48,11,1,0,2,10,10,1.55,2.67,3.16,1.00,185,82,87,-1.12,1.3%,21.2%,4.9%,16.3%,<a href=https://npb.jp/bis/eng/teams/index_t.html>Hanshin</a>,CL
,Hamachi Masumi,18,0,0,0,0,0,0,83,21.1,17,2,9,2,1,0,1,6,5,2.11,3.74,3.96,0.89,136,115,109,-1.63,2.4%,10.8%,2.4%,8.4%,<a href=https://npb.jp/bis/eng/teams/index_t.html>Hanshin</a>,CL
,Ishiguro Yuya,3,0,0,0,0,0,0,16,3.1,6,0,3,1,0,0,0,2,2,5.40,2.19,3.55,2.10,53,67,98,3.21,0.0%,18.8%,6.2%,12.6%,<a href=https://npb.jp/bis/eng/teams/index_t.html>Hanshin</a>,CL
,Ishii Daichi,56,4,1,1,30,0,0,189,48.2,34,0,58,14,4,0,5,12,8,1.48,1.57,2.47,0.99,194,48,68,-0.09,0.0%,30.7%,7.4%,23.3%,<a href=https://npb.jp/bis/eng/teams/index_t.html>Hanshin</a>,CL
,Itoh Masashi,18,4,5,0,0,1,0,323,74.0,90,5,33,16,0,2,1,46,38,4.62,3.80,4.27,1.43,62,117,117,0.82,1.5%,10.2%,5.0%,5.2%,<a href=https://npb.jp/bis/eng/teams/index_t.html>Hanshin</a>,CL
,Iwasada Yuta,2,0,1,0,0,0,0,9,1.2,1,0,2,2,1,1,0,2,1,5.40,6.09,4.80,1.80,53,187,132,-0.69,0.0%,22.2%,22.2%,0.0%,<a href=https://npb.jp/bis/eng/teams/index_t.html>Hanshin</a>,CL
,Iwazaki Suguru,60,4,4,23,17,0,0,231,57.1,48,3,46,15,1,0,1,14,14,2.20,2.95,3.46,1.10,131,91,95,-0.75,1.3%,19.9%,6.5%,13.4%,<a href=https://npb.jp/bis/eng/teams/index_t.html>Hanshin</a>,CL
,Kajiya Ren,13,2,0,0,1,0,0,54,12.0,11,0,12,7,1,1,2,8,6,4.50,3.09,3.87,1.50,64,95,106,1.41,0.0%,22.2%,13.0%,9.2%,<a href=https://npb.jp/bis/eng/teams/index_t.html>Hanshin</a>,CL
,Kawahara Riku,1,0,0,0,0,0,0,5,1.0,1,0,2,1,0,0,0,0,0,0.00,2.09,2.80,2.00,999,64,77,-2.09,0.0%,40.0%,20.0%,20.0%,<a href=https://npb.jp/bis/eng/teams/index_t.html>Hanshin</a>,CL
,Kirishiki Takuma,70,3,1,0,40,0,0,263,65.1,48,0,60,18,5,4,1,14,13,1.79,2.26,3.20,1.01,161,69,88,-0.47,0.0%,22.8%,6.8%,16.0%,<a href=https://npb.jp/bis/eng/teams/index_t.html>Hanshin</a>,CL
,Mombetsu Keito,5,0,2,0,0,0,0,54,12.0,15,1,8,4,0,0,2,8,6,4.50,3.84,4.06,1.58,64,118,112,0.66,1.9%,14.8%,7.4%,7.4%,<a href=https://npb.jp/bis/eng/teams/index_t.html>Hanshin</a>,CL
,Murakami Shoki,25,7,11,0,0,2,0,635,153.2,143,7,130,33,2,2,5,57,44,2.58,2.67,3.27,1.15,111,82,90,-0.09,1.1%,20.5%,5.2%,15.3%,<a href=https://npb.jp/bis/eng/teams/index_t.html>Hanshin</a>,CL
,Nishi Junya,4,0,1,0,0,0,0,28,6.2,5,0,0,3,1,0,0,2,2,2.70,4.44,5.87,1.20,106,136,161,-1.74,0.0%,0.0%,10.7%,-10.7%,<a href=https://npb.jp/bis/eng/teams/index_t.html>Hanshin</a>,CL
,Nishi Yuki,21,6,7,0,0,1,1,511,124.2,113,5,71,23,2,5,0,39,31,2.24,3.14,3.86,1.09,128,96,106,-0.90,1.0%,13.9%,4.5%,9.4%,<a href=https://npb.jp/bis/eng/teams/index_t.html>Hanshin</a>,CL
,Ohtake Koutaro,24,11,7,0,0,0,0,587,144.2,134,8,91,33,1,1,1,47,45,2.80,3.25,3.81,1.15,103,100,105,-0.45,1.4%,15.5%,5.6%,9.9%,<a href=https://npb.jp/bis/eng/teams/index_t.html>Hanshin</a>,CL
,Okadome Hidetaka,35,1,0,1,6,0,0,163,38.0,36,1,24,11,1,2,0,16,12,2.84,3.19,4.00,1.24,101,98,110,-0.35,0.6%,14.7%,6.7%,8.0%,<a href=https://npb.jp/bis/eng/teams/index_t.html>Hanshin</a>,CL
,Oyokawa Masaki,9,1,3,0,0,1,0,121,29.1,25,2,23,10,1,0,2,11,9,2.76,3.43,3.73,1.19,104,105,102,-0.67,1.7%,19.0%,8.3%,10.7%,<a href=https://npb.jp/bis/eng/teams/index_t.html>Hanshin</a>,CL
,Saiki Hiroto,25,13,3,0,0,4,3,671,167.2,140,4,137,38,2,0,4,35,34,1.83,2.44,3.32,1.06,157,75,91,-0.61,0.6%,20.4%,5.7%,14.7%,<a href=https://npb.jp/bis/eng/teams/index_t.html>Hanshin</a>,CL
,Satoh Ren,1,0,0,0,0,0,0,3,1.0,0,0,1,0,0,0,0,0,0,0.00,1.09,1.47,0.00,999,33,40,-1.09,0.0%,33.3%,0.0%,33.3%,<a href=https://npb.jp/bis/eng/teams/index_t.html>Hanshin</a>,CL
,Shimamoto Hiroya,33,2,1,0,6,0,0,113,25.2,27,1,10,10,0,1,1,9,8,2.81,4.10,4.80,1.44,102,126,132,-1.29,0.9%,8.8%,8.8%,0.0%,<a href=https://npb.jp/bis/eng/teams/index_t.html>Hanshin</a>,CL
,Takahashi Haruto,5,4,1,0,0,0,0,114,29.2,20,0,28,4,0,1,1,5,5,1.52,1.71,2.69,0.81,189,53,74,-0.19,0.0%,24.6%,3.5%,21.1%,<a href=https://npb.jp/bis/eng/teams/index_t.html>Hanshin</a>,CL
,Tomida Ren,33,0,1,0,4,0,0,142,35.2,26,1,22,5,1,2,1,7,3,0.76,2.81,3.60,0.87,378,86,99,-2.05,0.7%,15.5%,3.5%,12.0%,<a href=https://npb.jp/bis/eng/teams/index_t.html>Hanshin</a>,CL
,Urushihara Taisei,38,1,4,0,5,0,0,153,34.2,38,0,22,17,0,0,0,16,15,3.89,3.29,4.47,1.59,74,101,123,0.60,0.0%,14.4%,11.1%,3.3%,<a href=https://npb.jp/bis/eng/teams/index_t.html>Hanshin</a>,CL
,Aduwa Makoto,20,6,4,0,0,1,1,452,106.1,102,9,61,29,2,5,0,43,37,3.13,4.00,4.09,1.23,96,118,112,-0.87,2.0%,13.5%,6.4%,7.1%,<a href=https://npb.jp/bis/eng/teams/index_c.html>Hiroshima</a>,CL
,Corniel Robert,16,0,0,0,0,0,0,71,17.0,15,1,14,7,0,0,0,7,5,2.65,3.44,3.81,1.29,113,102,105,-0.79,1.4%,19.7%,9.9%,9.8%,<a href=https://npb.jp/bis/eng/teams/index_c.html>Hiroshima</a>,CL
,Endoh Atsushi,3,0,0,0,0,0,0,17,4.0,5,0,0,3,0,0,0,2,2,4.50,5.34,6.56,2.00,66,158,180,-0.84,0.0%,0.0%,17.6%,-17.6%,<a href=https://npb.jp/bis/eng/teams/index_c.html>Hiroshima</a>,CL
,Hasebe Ginji,5,0,0,0,1,0,0,25,7.0,1,0,4,5,0,0,0,0,0,0.00,4.09,5.20,0.86,999,121,143,-4.09,0.0%,16.0%,20.0%,-4.0%,<a href=https://npb.jp/bis/eng/teams/index_c.html>Hiroshima</a>,CL
,Hatch Thomas,5,0,3,0,0,0,0,105,22.0,28,5,18,10,0,2,1,18,18,7.36,6.04,4.04,1.73,41,178,111,1.32,4.8%,17.1%,9.5%,7.6%,<a href=https://npb.jp/bis/eng/teams/index_c.html>Hiroshima</a>,CL
,Hearn Taylor,35,0,1,2,17,0,0,129,35.0,18,1,26,7,0,0,0,5,5,1.29,2.57,3.33,0.71,232,76,91,-1.28,0.8%,20.2%,5.4%,14.8%,<a href=https://npb.jp/bis/eng/teams/index_c.html>Hiroshima</a>,CL
,Horie Atsuya,53,2,0,0,16,0,0,174,40.0,39,0,38,16,0,4,1,13,7,1.58,2.69,3.54,1.38,189,79,97,-1.11,0.0%,21.8%,9.2%,12.6%,<a href=https://npb.jp/bis/eng/teams/index_c.html>Hiroshima</a>,CL
,Kawano Kei,13,0,0,1,0,0,0,72,16.2,20,1,17,4,0,1,0,4,4,2.16,2.73,2.99,1.44,139,81,82,-0.57,1.4%,23.6%,5.6%,18.0%,<a href=https://npb.jp/bis/eng/teams/index_c.html>Hiroshima</a>,CL
,Kemna Makoto,5,0,0,0,0,0,0,25,5.0,6,0,5,5,0,0,0,1,1,1.80,4.09,4.80,2.20,166,121,132,-2.29,0.0%,20.0%,20.0%,0.0%,<a href=https://npb.jp/bis/eng/teams/index_c.html>Hiroshima</a>,CL
,Kuri Aren,23,7,10,0,0,1,1,529,131.2,115,12,95,29,2,4,1,49,47,3.21,3.58,3.55,1.09,93,106,98,-0.37,2.3%,18.0%,5.5%,12.5%,<a href=https://npb.jp/bis/eng/teams/index_c.html>Hiroshima</a>,CL
,Kuribayashi Ryoji,60,0,6,38,12,0,0,214,55.0,33,3,65,16,2,2,3,14,12,1.96,2.42,2.51,0.89,153,71,69,-0.46,1.4%,30.4%,7.5%,22.9%,<a href=https://npb.jp/bis/eng/teams/index_c.html>Hiroshima</a>,CL
,Kurohara Takumi,53,4,3,0,3,0,0,244,59.2,40,2,67,20,0,3,0,15,14,2.11,2.43,2.87,1.01,142,72,79,-0.32,0.8%,27.5%,8.2%,19.3%,<a href=https://npb.jp/bis/eng/teams/index_c.html>Hiroshima</a>,CL
,Masuda Takehisa,10,0,0,0,3,0,0,45,8.1,12,2,9,6,0,2,0,6,6,6.48,6.93,4.13,2.16,46,205,113,-0.45,4.4%,20.0%,13.3%,6.7%,<a href=https://npb.jp/bis/eng/teams/index_c.html>Hiroshima</a>,CL
,Matsumoto Ryuya,12,0,1,0,0,0,0,50,12.2,9,1,10,5,2,0,0,4,4,2.84,3.72,3.80,1.11,105,110,104,-0.88,2.0%,20.0%,10.0%,10.0%,<a href=https://npb.jp/bis/eng/teams/index_c.html>Hiroshima</a>,CL
,Mori Shohei,5,1,3,0,0,1,0,109,26.2,25,1,17,4,1,1,0,10,8,2.70,2.86,3.61,1.09,111,84,99,-0.16,0.9%,15.6%,3.7%,11.9%,<a href=https://npb.jp/bis/eng/teams/index_c.html>Hiroshima</a>,CL
,Morishita Masato,23,10,10,0,0,2,1,612,151.2,137,6,98,29,3,7,2,46,43,2.55,3.02,3.67,1.09,117,89,101,-0.47,1.0%,16.0%,4.7%,11.3%,<a href=https://npb.jp/bis/eng/teams/index_c.html>Hiroshima</a>,CL
,Moriura Daisuke,53,2,0,0,17,0,0,203,46.2,40,1,43,27,6,1,0,13,13,2.51,3.32,4.01,1.44,119,98,110,-0.81,0.5%,21.2%,13.3%,7.9%,<a href=https://npb.jp/bis/eng/teams/index_c.html>Hiroshima</a>,CL
,Nakazaki Shota,24,1,1,0,3,0,0,94,23.0,24,1,16,2,0,1,1,5,5,1.96,2.65,3.31,1.13,153,78,91,-0.69,1.1%,17.0%,2.1%,14.9%,<a href=https://npb.jp/bis/eng/teams/index_c.html>Hiroshima</a>,CL
,Nomura Yusuke,3,0,1,0,0,0,0,46,11.0,11,1,8,2,0,0,0,4,3,2.45,3.36,3.50,1.18,122,99,96,-0.91,2.2%,17.4%,4.3%,13.1%,<a href=https://npb.jp/bis/eng/teams/index_c.html>Hiroshima</a>,CL
,Ohmichi Haruki,4,0,0,0,0,0,0,22,4.1,9,3,2,0,0,0,0,5,5,10.38,11.16,3.89,2.08,29,329,107,-0.78,13.6%,9.1%,0.0%,9.1%,<a href=https://npb.jp/bis/eng/teams/index_c.html>Hiroshima</a>,CL
,Ohsera Daichi,25,6,6,0,0,2,1,627,155.0,118,5,98,49,3,3,0,37,32,1.86,3.25,4.02,1.08,161,96,110,-1.39,0.8%,15.6%,7.8%,7.8%,<a href=https://npb.jp/bis/eng/teams/index_c.html>Hiroshima</a>,CL
,Shimauchi Sotaro,58,11,6,0,24,0,0,238,55.1,43,2,53,27,2,2,4,20,17,2.77,3.21,3.71,1.27,108,95,102,-0.44,0.8%,22.3%,11.3%,11.0%,<a href=https://npb.jp/bis/eng/teams/index_c.html>Hiroshima</a>,CL
,Taka Taichi,1,0,0,0,1,0,0,8,2.0,1,0,2,1,0,0,0,0,0,0.00,2.59,3.55,1.00,999,76,98,-2.59,0.0%,25.0%,12.5%,12.5%,<a href=https://npb.jp/bis/eng/teams/index_c.html>Hiroshima</a>,CL
,Takahashi Kouya,1,0,0,1,0,0,0,3,1.0,0,0,1,0,0,0,0,0,0,0.00,1.09,1.47,0.00,999,32,40,-1.09,0.0%,33.3%,0.0%,33.3%,<a href=https://npb.jp/bis/eng/teams/index_c.html>Hiroshima</a>,CL
,Takita Kazuki,1,1,0,0,0,0,0,18,4.0,2,0,5,4,0,0,0,1,1,2.25,3.59,4.24,1.50,133,106,116,-1.34,0.0%,27.8%,22.2%,5.6%,<a href=https://npb.jp/bis/eng/teams/index_c.html>Hiroshima</a>,CL
,Tamamura Shogo,15,4,5,0,0,2,0,311,76.0,77,3,58,11,0,2,1,32,25,2.96,2.59,3.29,1.16,101,76,90,0.37,1.0%,18.6%,3.5%,15.1%,<a href=https://npb.jp/bis/eng/teams/index_c.html>Hiroshima</a>,CL
,Tokoda Hiroki,26,11,9,0,0,0,0,693,167.0,170,9,95,48,4,4,0,52,46,2.48,3.59,4.12,1.31,121,106,113,-1.11,1.3%,13.7%,6.9%,6.8%,<a href=https://npb.jp/bis/eng/teams/index_c.html>Hiroshima</a>,CL
,Tsunehiro Hayato,2,1,0,0,0,0,0,52,11.0,15,0,7,4,0,1,1,3,3,2.45,3.18,4.22,1.73,122,94,116,-0.73,0.0%,13.5%,7.7%,5.8%,<a href=https://npb.jp/bis/eng/teams/index_c.html>Hiroshima</a>,CL
,Yasaki Takuya,26,1,1,0,10,0,0,108,25.0,22,2,17,13,0,1,0,10,10,3.60,4.45,4.43,1.40,83,131,122,-0.85,1.9%,15.7%,12.0%,3.7%,<a href=https://npb.jp/bis/eng/teams/index_c.html>Hiroshima</a>,CL
,Azuma Katsuki,26,13,4,0,0,2,2,731,183.0,166,11,140,27,2,6,0,45,44,2.16,2.88,3.25,1.05,140,84,89,-0.72,1.5%,19.2%,3.7%,15.5%,<a href=https://npb.jp/bis/eng/teams/index_db.html>DeNA</a>,CL
,Diaz Yofrec,7,0,0,0,4,0,0,19,4.2,2,0,1,3,0,0,3,0,0,0.00,4.59,5.85,1.07,999,134,161,-4.59,0.0%,5.3%,15.8%,-10.5%,<a href=https://npb.jp/bis/eng/teams/index_db.html>DeNA</a>,CL
,Hamaguchi Haruhiro,11,2,4,0,0,1,0,229,52.2,47,3,45,29,0,1,0,26,19,3.25,3.83,4.10,1.44,93,112,113,-0.58,1.3%,19.7%,12.7%,7.0%,<a href=https://npb.jp/bis/eng/teams/index_db.html>DeNA</a>,CL
,Horioka Hayato,6,0,0,0,1,0,0,24,6.0,5,0,6,1,1,0,0,0,0,0.00,1.59,2.72,1.00,999,46,75,-1.59,0.0%,25.0%,4.2%,20.8%,<a href=https://npb.jp/bis/eng/teams/index_db.html>DeNA</a>,CL
,Ise Hiromu,37,2,3,0,18,0,0,129,32.1,28,5,28,5,0,2,1,13,13,3.62,4.02,3.02,1.02,83,117,83,-0.40,3.9%,21.7%,3.9%,17.8%,<a href=https://npb.jp/bis/eng/teams/index_db.html>DeNA</a>,CL
,Ishida Kenta,6,2,3,0,0,0,0,126,32.0,28,5,24,6,0,0,0,13,12,3.38,4.18,3.37,1.06,89,122,93,-0.80,4.0%,19.0%,4.8%,14.2%,<a href=https://npb.jp/bis/eng/teams/index_db.html>DeNA</a>,CL
,Ishida Yutaro,12,4,3,0,0,1,1,260,59.0,76,4,39,12,1,0,1,27,26,3.97,3.26,3.76,1.49,76,95,103,0.71,1.5%,15.0%,4.6%,10.4%,<a href=https://npb.jp/bis/eng/teams/index_db.html>DeNA</a>,CL
,Ishikawa Tatsuya,15,0,0,0,2,0,0,58,14.0,15,1,8,3,0,1,0,3,3,1.93,3.73,3.94,1.29,157,109,108,-1.80,1.7%,13.8%,5.2%,8.6%,<a href=https://npb.jp/bis/eng/teams/index_db.html>DeNA</a>,CL
,Jackson Andre,25,8,7,0,0,0,0,587,143.0,109,8,121,51,3,6,9,53,46,2.90,3.32,3.61,1.12,104,97,99,-0.42,1.4%,20.6%,8.7%,11.9%,<a href=https://npb.jp/bis/eng/teams/index_db.html>DeNA</a>,CL
,Kamichatani Taiga,18,2,2,0,1,0,0,110,22.2,32,3,16,11,2,1,0,14,11,4.37,4.99,4.35,1.90,69,146,120,-0.62,2.7%,14.5%,10.0%,4.5%,<a href=https://npb.jp/bis/eng/teams/index_db.html>DeNA</a>,CL
,Kay Anthony,24,6,9,0,0,1,0,590,136.2,130,6,119,53,5,7,4,61,52,3.42,3.23,3.68,1.34,88,94,101,0.19,1.0%,20.2%,9.0%,11.2%,<a href=https://npb.jp/bis/eng/teams/index_db.html>DeNA</a>,CL
,Kozono Kenta,1,0,1,0,0,0,0,18,2.2,7,0,3,3,0,0,0,5,5,16.88,4.21,4.80,3.75,18,123,132,12.67,0.0%,16.7%,16.7%,0.0%,<a href=https://npb.jp/bis/eng/teams/index_db.html>DeNA</a>,CL
,Kyoyama Masaya,23,2,1,0,5,0,0,103,22.1,18,0,20,18,4,0,3,7,5,2.01,3.71,4.61,1.61,150,108,127,-1.70,0.0%,19.4%,17.5%,1.9%,<a href=https://npb.jp/bis/eng/teams/index_db.html>DeNA</a>,CL
,Matsumoto Ryoto,10,0,0,0,1,0,0,50,10.2,10,0,3,6,1,2,0,7,7,5.91,4.78,5.40,1.50,51,140,148,1.13,0.0%,6.0%,12.0%,-6.0%,<a href=https://npb.jp/bis/eng/teams/index_db.html>DeNA</a>,CL
,Matsumoto Ryunosuke,1,0,0,0,0,0,0,22,5.0,6,0,4,3,0,0,0,2,2,3.60,3.29,4.35,1.80,84,96,120,0.31,0.0%,18.2%,13.6%,4.6%,<a href=https://npb.jp/bis/eng/teams/index_db.html>DeNA</a>,CL
,Mishima Kazuki,7,1,1,0,0,0,0,33,7.0,6,1,7,6,0,0,0,4,4,5.14,5.52,4.50,1.71,59,161,124,-0.38,3.0%,21.2%,18.2%,3.0%,<a href=https://npb.jp/bis/eng/teams/index_db.html>DeNA</a>,CL
,Miyagi Daita,1,0,0,0,0,0,0,12,2.0,3,0,4,3,0,0,0,3,3,13.50,3.59,3.97,3.00,22,105,109,9.91,0.0%,33.3%,25.0%,8.3%,<a href=https://npb.jp/bis/eng/teams/index_db.html>DeNA</a>,CL
,Mori Yuito,14,1,3,0,1,0,0,157,32.1,50,4,25,8,2,3,0,33,27,7.52,4.17,3.72,1.79,40,122,102,3.35,2.5%,15.9%,5.1%,10.8%,<a href=https://npb.jp/bis/eng/teams/index_db.html>DeNA</a>,CL
,Morihara Kohei,58,2,6,29,11,0,0,247,59.2,54,3,59,12,4,1,0,18,16,2.41,2.42,2.90,1.11,125,71,80,-0.01,1.2%,23.9%,4.9%,19.0%,<a href=https://npb.jp/bis/eng/teams/index_db.html>DeNA</a>,CL
,Nakagawa Hayate,29,3,0,1,5,0,0,250,57.0,65,3,36,13,0,6,0,30,28,4.42,3.51,3.88,1.37,68,103,107,0.91,1.2%,14.4%,5.2%,9.2%,<a href=https://npb.jp/bis/eng/teams/index_db.html>DeNA</a>,CL
,Nakagawa Koh,31,1,3,0,10,0,0,134,31.0,29,2,30,10,2,1,2,11,11,3.19,3.06,3.31,1.26,95,89,91,0.13,1.5%,22.4%,7.5%,14.9%,<a href=https://npb.jp/bis/eng/teams/index_db.html>DeNA</a>,CL
,Ohnuki Shinichi,15,6,7,0,0,0,0,370,88.1,78,6,58,24,0,4,0,35,28,2.85,3.61,3.88,1.15,106,106,107,-0.76,1.6%,15.7%,6.5%,9.2%,<a href=https://npb.jp/bis/eng/teams/index_db.html>DeNA</a>,CL
,Sakamoto Yuya,48,1,1,0,13,0,0,190,45.0,43,3,39,12,2,1,3,16,11,2.20,3.09,3.38,1.22,137,90,93,-0.89,1.6%,20.5%,6.3%,14.2%,<a href=https://npb.jp/bis/eng/teams/index_db.html>DeNA</a>,CL
,Sasaki Chihaya,28,0,1,1,6,0,0,158,37.0,30,3,28,17,2,2,0,9,8,1.95,4.17,4.10,1.27,155,122,113,-2.22,1.9%,17.7%,10.8%,6.9%,<a href=https://npb.jp/bis/eng/teams/index_db.html>DeNA</a>,CL
,Taira Kentaro,4,2,0,0,0,1,1,108,29.2,24,1,22,2,0,0,0,4,4,1.21,2.25,2.95,0.88,250,66,81,-1.04,0.9%,20.4%,1.9%,18.5%,<a href=https://npb.jp/bis/eng/teams/index_db.html>DeNA</a>,CL
,Tokuyama Souma,29,1,1,0,8,0,0,125,29.1,27,1,12,15,0,0,2,10,8,2.45,4.25,5.04,1.43,123,124,138,-1.80,0.8%,9.6%,12.0%,-2.4%,<a href=https://npb.jp/bis/eng/teams/index_db.html>DeNA</a>,CL
,Wendelken J.B.,28,1,1,0,16,0,0,109,26.1,20,1,25,9,0,2,0,5,5,1.71,2.94,3.33,1.10,177,86,91,-1.23,0.9%,22.9%,8.3%,14.6%,<a href=https://npb.jp/bis/eng/teams/index_db.html>DeNA</a>,CL
,Wick Rowan,43,5,1,1,11,0,0,193,45.0,36,3,50,20,1,1,3,16,13,2.60,3.13,3.25,1.24,116,91,89,-0.53,1.6%,25.9%,10.4%,15.5%,<a href=https://npb.jp/bis/eng/teams/index_db.html>DeNA</a>,CL
,Yamasaki Yasuaki,38,3,5,4,11,0,0,163,37.2,35,4,29,11,0,3,1,18,14,3.35,4.04,3.70,1.22,90,118,102,-0.69,2.5%,17.8%,6.7%,11.1%,<a href=https://npb.jp/bis/eng/teams/index_db.html>DeNA</a>,CL
,Yoshino Teruki,7,3,2,0,0,0,0,137,31.1,34,5,29,11,0,1,1,15,15,4.31,4.46,3.49,1.44,70,130,96,-0.15,3.6%,21.2%,8.0%,13.2%,<a href=https://npb.jp/bis/eng/teams/index_db.html>DeNA</a>,CL
,Akahoshi Yuji,21,1,7,0,1,0,0,291,75.0,66,8,43,10,0,2,1,28,26,3.12,3.81,3.67,1.01,94,115,101,-0.69,2.7%,14.8%,3.4%,11.4%,<a href=https://npb.jp/bis/eng/teams/index_g.html>Yomiuri</a>,CL
,Baba Kosuke,1,0,0,0,0,0,0,3,0.2,1,0,1,0,0,0,0,0,0,0.00,0.09,1.47,1.50,999,3,40,-0.09,0.0%,33.3%,0.0%,33.3%,<a href=https://npb.jp/bis/eng/teams/index_g.html>Yomiuri</a>,CL
,Baldonado Alberto,58,2,3,9,26,0,0,220,51.2,40,1,63,28,1,0,2,15,14,2.44,2.53,3.21,1.32,120,76,88,-0.09,0.5%,28.6%,12.7%,15.9%,<a href=https://npb.jp/bis/eng/teams/index_g.html>Yomiuri</a>,CL
,Funabasama Hiromasa,51,4,0,0,22,0,0,150,38.0,28,4,23,8,2,3,0,12,10,2.37,4.11,3.80,0.95,124,124,104,-1.74,2.7%,15.3%,5.3%,10.0%,<a href=https://npb.jp/bis/eng/teams/index_g.html>Yomiuri</a>,CL
,Griffin Foster,20,6,4,0,0,0,0,468,116.2,99,9,126,23,0,4,0,40,39,3.01,2.63,2.60,1.05,97,79,71,0.38,1.9%,26.9%,4.9%,22.0%,<a href=https://npb.jp/bis/eng/teams/index_g.html>Yomiuri</a>,CL
,Hatake Seishu,1,0,0,0,0,0,0,10,3.0,1,1,3,0,0,0,0,1,1,3.00,5.42,1.80,0.33,98,163,49,-2.42,10.0%,30.0%,0.0%,30.0%,<a href=https://npb.jp/bis/eng/teams/index_g.html>Yomiuri</a>,CL
,Heinai Ryuta,31,1,2,0,2,0,0,140,33.1,35,4,22,6,1,1,2,11,8,2.16,3.96,3.66,1.23,136,119,101,-1.80,2.9%,15.7%,4.3%,11.4%,<a href=https://npb.jp/bis/eng/teams/index_g.html>Yomiuri</a>,CL
,Hotta Kenshin,17,3,3,0,0,0,0,200,51.1,43,2,30,13,0,2,0,14,14,2.45,3.30,3.95,1.09,120,99,109,-0.85,1.0%,15.0%,6.5%,8.5%,<a href=https://npb.jp/bis/eng/teams/index_g.html>Yomiuri</a>,CL
,Imamura Nobutaka,7,0,0,0,0,0,0,30,8.0,6,0,7,1,0,1,0,2,2,2.25,2.09,2.80,0.88,130,63,77,0.16,0.0%,23.3%,3.3%,20.0%,<a href=https://npb.jp/bis/eng/teams/index_g.html>Yomiuri</a>,CL
,Inoue Haruto,25,8,5,0,2,0,0,413,101.0,87,5,99,27,1,3,3,33,31,2.76,2.66,3.06,1.13,106,80,84,0.10,1.2%,24.0%,6.5%,17.5%,<a href=https://npb.jp/bis/eng/teams/index_g.html>Yomiuri</a>,CL
,Itoh Yusuke,8,0,0,0,1,0,0,32,8.2,5,0,8,3,0,1,0,1,1,1.04,2.63,3.24,0.92,282,79,89,-1.59,0.0%,25.0%,9.4%,15.6%,<a href=https://npb.jp/bis/eng/teams/index_g.html>Yomiuri</a>,CL
,Izumi Keisuke,35,2,0,1,5,0,0,149,37.1,28,0,30,11,2,4,1,10,8,1.93,2.69,3.52,1.04,152,81,97,-0.76,0.0%,20.1%,7.4%,12.7%,<a href=https://npb.jp/bis/eng/teams/index_g.html>Yomiuri</a>,CL
,Keller Kyle,52,2,2,1,20,0,0,183,47.0,24,5,54,19,1,0,0,10,8,1.53,3.39,2.89,0.91,192,102,79,-1.86,2.7%,29.5%,10.4%,19.1%,<a href=https://npb.jp/bis/eng/teams/index_g.html>Yomiuri</a>,CL
,Kyomoto Makoto,4,0,0,0,0,0,0,20,5.0,4,0,3,2,1,1,0,2,2,3.60,3.69,4.30,1.20,81,111,118,-0.09,0.0%,15.0%,10.0%,5.0%,<a href=https://npb.jp/bis/eng/teams/index_g.html>Yomiuri</a>,CL
,Mataki Teppei,3,0,1,0,0,0,0,51,10.1,11,2,7,10,0,0,0,7,7,6.10,7.15,5.39,2.03,48,215,148,-1.05,3.9%,13.7%,19.6%,-5.9%,<a href=https://npb.jp/bis/eng/teams/index_g.html>Yomiuri</a>,CL
,Matsui Hayate,2,0,0,0,0,0,0,9,1.1,2,1,1,3,0,0,0,2,2,13.50,18.09,7.02,3.75,22,545,193,-4.59,11.1%,11.1%,33.3%,-22.2%,<a href=https://npb.jp/bis/eng/teams/index_g.html>Yomiuri</a>,CL
,Mendez Yohander,2,0,2,0,0,0,0,27,4.1,6,0,4,7,0,0,0,8,6,12.46,6.09,5.91,3.00,24,183,162,6.37,0.0%,14.8%,25.9%,-11.1%,<a href=https://npb.jp/bis/eng/teams/index_g.html>Yomiuri</a>,CL
,Nakagawa Kota,15,0,2,0,7,0,0,60,12.1,19,3,7,3,0,0,0,12,12,8.76,5.84,4.13,1.78,33,176,113,2.92,5.0%,11.7%,5.0%,6.7%,<a href=https://npb.jp/bis/eng/teams/index_g.html>Yomiuri</a>,CL
,Nishidate Yuhi,28,1,3,1,20,0,0,126,30.2,22,2,25,14,0,0,0,14,13,3.82,3.67,3.93,1.17,77,111,108,0.15,1.6%,19.8%,11.1%,8.7%,<a href=https://npb.jp/bis/eng/teams/index_g.html>Yomiuri</a>,CL
,Ohe Ryusei,16,0,0,0,5,0,0,56,13.2,9,1,13,8,0,0,0,4,4,2.63,3.89,3.91,1.24,112,117,107,-1.26,1.8%,23.2%,14.3%,8.9%,<a href=https://npb.jp/bis/eng/teams/index_g.html>Yomiuri</a>,CL
,Ota Taisei,43,1,2,29,5,0,0,161,41.0,28,0,54,8,2,0,1,4,4,0.88,1.04,1.94,0.88,333,31,53,-0.16,0.0%,33.5%,5.0%,28.5%,<a href=https://npb.jp/bis/eng/teams/index_g.html>Yomiuri</a>,CL
,Sugano Tomoyuki,24,15,3,0,0,3,1,608,156.2,132,6,111,16,0,4,4,31,29,1.67,2.55,3.24,0.94,176,77,89,-0.88,1.0%,18.3%,2.6%,15.7%,<a href=https://npb.jp/bis/eng/teams/index_g.html>Yomiuri</a>,CL
,Takahashi Rei,11,2,2,0,0,1,0,199,46.2,42,3,22,21,1,1,1,20,19,3.66,4.40,4.75,1.35,80,132,130,-0.74,1.5%,11.1%,10.6%,0.5%,<a href=https://npb.jp/bis/eng/teams/index_g.html>Yomiuri</a>,CL
,Takanashi Yuhei,51,4,3,0,25,0,0,145,35.1,26,1,29,15,2,0,1,9,8,2.04,3.09,3.83,1.16,144,93,105,-1.05,0.7%,20.0%,10.3%,9.7%,<a href=https://npb.jp/bis/eng/teams/index_g.html>Yomiuri</a>,CL
,Tanaka Chiharu,3,0,0,0,0,0,0,14,4.0,2,0,4,0,0,0,0,0,0,0.00,1.09,1.94,0.50,999,33,53,-1.09,0.0%,28.6%,0.0%,28.6%,<a href=https://npb.jp/bis/eng/teams/index_g.html>Yomiuri</a>,CL
,Togo Shosei,26,12,8,0,0,4,3,703,180.0,129,12,156,44,3,7,3,39,39,1.95,3.07,3.21,0.96,150,92,88,-1.12,1.7%,22.2%,6.3%,15.9%,<a href=https://npb.jp/bis/eng/teams/index_g.html>Yomiuri</a>,CL
,Yamasaki Iori,24,10,6,0,0,1,1,621,147.1,140,8,103,42,1,10,2,48,46,2.81,3.45,3.82,1.24,104,104,105,-0.64,1.3%,16.6%,6.8%,9.8%,<a href=https://npb.jp/bis/eng/teams/index_g.html>Yomiuri</a>,CL
,Yokogawa Kai,12,3,1,0,0,0,0,111,28.2,23,0,9,10,1,0,0,4,3,0.94,3.51,4.89,1.15,312,106,134,-2.57,0.0%,8.1%,9.0%,-0.9%,<a href=https://npb.jp/bis/eng/teams/index_g.html>Yomiuri</a>,CL
,Espada Jose,24,0,2,0,5,0,0,118,27.0,27,3,16,14,1,0,1,15,15,5.00,4.90,4.63,1.52,64,135,127,0.10,2.5%,13.6%,11.9%,1.7%,<a href=https://npb.jp/bis/eng/teams/index_s.html>Yakult</a>,CL
,Hara Juri,7,0,0,0,0,0,0,39,10.0,6,1,2,3,1,0,0,2,2,1.80,4.89,5.06,0.90,179,134,139,-3.09,2.6%,5.1%,7.7%,-2.6%,<a href=https://npb.jp/bis/eng/teams/index_s.html>Yakult</a>,CL
,Hasegawa Hiroki,19,1,0,0,2,0,0,92,21.0,21,4,21,10,1,1,2,11,11,4.71,5.14,3.60,1.48,68,141,99,-0.43,4.3%,22.8%,10.9%,11.9%,<a href=https://npb.jp/bis/eng/teams/index_s.html>Yakult</a>,CL
,Hoshi Tomoya,36,1,0,1,2,0,0,166,37.1,37,4,33,18,2,2,1,15,15,3.62,4.32,3.90,1.47,89,119,107,-0.70,2.4%,19.9%,10.8%,9.1%,<a href=https://npb.jp/bis/eng/teams/index_s.html>Yakult</a>,CL
,Ishihara Yuki,1,0,0,0,0,0,0,5,1.0,1,0,0,0,0,0,0,1,1,9.00,3.09,4.80,1.00,36,85,132,5.91,0.0%,0.0%,0.0%,0.0%,<a href=https://npb.jp/bis/eng/teams/index_s.html>Yakult</a>,CL
,Ishikawa Masanori,9,1,4,0,0,1,1,161,37.1,45,4,10,6,0,1,1,20,17,4.10,4.51,4.55,1.37,78,124,125,-0.41,2.5%,6.2%,3.7%,2.5%,<a href=https://npb.jp/bis/eng/teams/index_s.html>Yakult</a>,CL
,Ishiyama Taichi,37,1,0,5,8,0,0,189,41.1,53,2,39,14,5,1,3,20,20,4.35,2.92,3.48,1.62,74,80,96,1.43,1.1%,20.6%,7.4%,13.2%,<a href=https://npb.jp/bis/eng/teams/index_s.html>Yakult</a>,CL
,Kanakubo Yuto,5,0,1,0,0,0,0,33,7.2,5,1,8,4,0,1,0,3,3,3.52,4.65,3.59,1.17,91,128,99,-1.13,3.0%,24.2%,12.1%,12.1%,<a href=https://npb.jp/bis/eng/teams/index_s.html>Yakult</a>,CL
,Kayama Shinya,9,0,0,0,1,0,0,24,4.1,12,0,4,0,0,0,0,7,7,14.54,1.24,3.13,2.77,22,34,86,13.30,0.0%,16.7%,0.0%,16.7%,<a href=https://npb.jp/bis/eng/teams/index_s.html>Yakult</a>,CL
,Kizawa Naofumi,55,3,3,5,16,0,0,225,53.0,50,4,46,20,5,0,5,19,18,3.06,3.47,3.64,1.32,105,95,100,-0.41,1.8%,20.4%,8.9%,11.5%,<a href=https://npb.jp/bis/eng/teams/index_s.html>Yakult</a>,CL
,Konno Ryuta,6,0,0,0,1,0,0,28,6.1,7,0,4,3,1,0,0,0,0,0.00,3.25,4.44,1.58,999,89,122,-3.25,0.0%,14.3%,10.7%,3.6%,<a href=https://npb.jp/bis/eng/teams/index_s.html>Yakult</a>,CL
,Kozawa Reiji,40,6,6,11,2,0,0,309,77.2,64,6,66,23,2,1,4,22,22,2.55,3.32,3.41,1.12,126,91,94,-0.77,1.9%,21.4%,7.4%,14.0%,<a href=https://npb.jp/bis/eng/teams/index_s.html>Yakult</a>,CL
,Maruyama Shota,27,1,0,0,5,0,0,125,31.1,23,0,23,9,0,1,2,4,2,0.57,2.58,3.68,1.02,564,71,101,-2.01,0.0%,18.4%,7.2%,11.2%,<a href=https://npb.jp/bis/eng/teams/index_s.html>Yakult</a>,CL
,Matsumoto Kengo,3,1,1,0,0,1,1,60,14.1,17,2,12,1,0,1,0,7,7,4.40,3.65,2.97,1.26,73,100,82,0.75,3.3%,20.0%,1.7%,18.3%,<a href=https://npb.jp/bis/eng/teams/index_s.html>Yakult</a>,CL
,Miyagawa Tetsu,4,0,0,0,0,0,0,21,4.0,9,0,4,1,0,0,0,3,3,6.75,1.84,3.37,2.50,48,51,93,4.91,0.0%,19.0%,4.8%,14.2%,<a href=https://npb.jp/bis/eng/teams/index_s.html>Yakult</a>,CL
,Ogawa Yasuhiro,12,2,5,0,0,0,0,264,62.0,75,6,40,8,2,0,0,35,32,4.65,3.44,3.59,1.34,69,95,99,1.21,2.3%,15.2%,3.0%,12.2%,<a href=https://npb.jp/bis/eng/teams/index_s.html>Yakult</a>,CL
,Ohnishi Hiroki,60,9,1,1,23,0,0,235,60.1,53,3,31,12,3,2,2,12,9,1.34,3.40,3.99,1.08,240,93,110,-2.06,1.3%,13.2%,5.1%,8.1%,<a href=https://npb.jp/bis/eng/teams/index_s.html>Yakult</a>,CL
,Okugawa Yasunobu,7,3,2,0,0,0,0,136,32.2,29,4,12,9,0,3,1,12,10,2.76,5.05,4.58,1.16,116,139,126,-2.29,2.9%,8.8%,6.6%,2.2%,<a href=https://npb.jp/bis/eng/teams/index_s.html>Yakult</a>,CL
,Onaka Yuya,1,0,0,0,0,0,0,10,2.0,3,1,0,2,0,0,0,4,4,18.00,12.59,6.80,2.50,18,346,187,5.41,10.0%,0.0%,20.0%,-20.0%,<a href=https://npb.jp/bis/eng/teams/index_s.html>Yakult</a>,CL
,Rodriguez Elvin,32,1,1,1,8,0,0,183,45.0,40,1,44,12,3,1,2,13,9,1.80,2.29,3.05,1.16,179,63,84,-0.49,0.5%,24.0%,6.6%,17.4%,<a href=https://npb.jp/bis/eng/teams/index_s.html>Yakult</a>,CL
,Sakaguchi Kousuke,2,0,1,0,0,0,0,43,8.1,11,0,6,8,0,0,2,10,10,10.80,4.53,5.27,2.28,30,124,145,6.27,0.0%,14.0%,18.6%,-4.6%,<a href=https://npb.jp/bis/eng/teams/index_s.html>Yakult</a>,CL
,Shibata Daichi,1,0,0,0,0,0,0,8,2.0,1,0,2,2,0,0,0,1,1,4.50,4.09,4.80,1.50,71,112,132,0.41,0.0%,25.0%,25.0%,0.0%,<a href=https://npb.jp/bis/eng/teams/index_s.html>Yakult</a>,CL
,Shimizu Noboru,17,0,3,2,2,0,0,81,17.1,24,1,8,4,1,0,0,14,14,7.27,3.61,4.31,1.62,44,99,118,3.66,1.2%,9.9%,4.9%,5.0%,<a href=https://npb.jp/bis/eng/teams/index_s.html>Yakult</a>,CL
,Sneed Cy,24,2,8,0,0,1,1,536,120.0,148,16,89,31,1,5,3,69,67,5.03,4.24,3.72,1.49,64,116,102,0.79,3.0%,16.6%,5.8%,10.8%,<a href=https://npb.jp/bis/eng/teams/index_s.html>Yakult</a>,CL
,Taguchi Kazuto,41,1,4,7,13,0,0,139,33.2,34,2,22,9,0,1,2,14,11,2.94,3.44,3.86,1.28,109,95,106,-0.50,1.4%,15.8%,6.5%,9.3%,<a href=https://npb.jp/bis/eng/teams/index_s.html>Yakult</a>,CL
,Takahashi Keiji,21,8,9,0,1,0,0,504,115.2,116,12,106,38,1,8,1,55,46,3.58,3.80,3.45,1.33,90,104,95,-0.22,2.4%,21.0%,7.5%,13.5%,<a href=https://npb.jp/bis/eng/teams/index_s.html>Yakult</a>,CL
,Takanashi Hirotoshi,8,1,4,0,0,0,0,158,37.0,44,7,37,8,3,1,2,19,17,4.14,4.28,2.96,1.41,78,118,81,-0.14,4.4%,23.4%,5.1%,18.3%,<a href=https://npb.jp/bis/eng/teams/index_s.html>Yakult</a>,CL
,Yajure Miguel,23,5,10,0,1,1,1,550,129.1,130,8,84,43,7,5,5,50,48,3.34,3.71,4.05,1.34,96,102,111,-0.37,1.5%,15.3%,7.8%,7.5%,<a href=https://npb.jp/bis/eng/teams/index_s.html>Yakult</a>,CL
,Yamamoto Daiki,44,3,0,1,12,0,0,126,31.2,18,0,31,15,3,0,2,6,5,1.42,2.55,3.53,1.04,226,70,97,-1.13,0.0%,24.6%,11.9%,12.7%,<a href=https://npb.jp/bis/eng/teams/index_s.html>Yakult</a>,CL
,Yamano Taichi,14,3,4,0,0,0,0,217,50.1,59,8,32,12,3,2,0,38,34,6.08,4.72,3.88,1.41,53,130,107,1.36,3.7%,14.7%,5.5%,9.2%,<a href=https://npb.jp/bis/eng/teams/index_s.html>Yakult</a>,CL
,Yoshimura Kojiro,23,9,8,0,0,1,1,584,138.1,144,8,114,39,3,2,0,55,49,3.19,3.08,3.52,1.32,101,85,97,0.11,1.4%,19.5%,6.7%,12.8%,<a href=https://npb.jp/bis/eng/teams/index_s.html>Yakult</a>,CL
,Feliz Michael,17,0,1,0,0,0,0,74,17.1,15,2,10,8,0,0,3,10,10,5.19,4.82,4.53,1.33,53,154,124,0.37,2.7%,13.5%,10.8%,2.7%,<a href=https://npb.jp/bis/eng/teams/index_d.html>Chunichi</a>,CL
,Fujishima Kento,50,3,3,0,14,0,0,193,49.0,29,5,46,17,0,2,1,13,12,2.20,3.70,3.30,0.94,125,119,91,-1.50,2.6%,23.8%,8.8%,15.0%,<a href=https://npb.jp/bis/eng/teams/index_d.html>Chunichi</a>,CL
,Fuku Hiroto,13,0,0,0,0,0,0,46,11.2,4,0,7,8,0,0,0,2,2,1.54,3.95,5.02,1.03,179,127,138,-2.41,0.0%,15.2%,17.4%,-2.2%,<a href=https://npb.jp/bis/eng/teams/index_d.html>Chunichi</a>,CL
,Fukutani Koji,8,3,1,0,1,0,0,121,29.0,30,3,16,7,0,0,1,12,12,3.72,4.05,4.06,1.28,74,130,112,-0.33,2.5%,13.2%,5.8%,7.4%,<a href=https://npb.jp/bis/eng/teams/index_d.html>Chunichi</a>,CL
,Habu Shohta,7,0,0,0,0,0,0,55,12.0,13,0,9,6,0,0,0,10,8,6.00,3.09,4.25,1.58,46,99,117,2.91,0.0%,16.4%,10.9%,5.5%,<a href=https://npb.jp/bis/eng/teams/index_d.html>Chunichi</a>,CL
,Hashimoto Yuki,47,3,1,0,5,0,0,225,52.0,46,0,54,22,0,2,0,19,10,1.73,2.40,3.38,1.31,159,77,93,-0.67,0.0%,24.0%,9.8%,14.2%,<a href=https://npb.jp/bis/eng/teams/index_d.html>Chunichi</a>,CL
,Iwasaki Sho,21,0,0,0,1,0,0,94,20.0,24,0,18,11,0,0,0,14,13,5.85,2.94,4.06,1.75,47,94,112,2.91,0.0%,19.1%,11.7%,7.4%,<a href=https://npb.jp/bis/eng/teams/index_d.html>Chunichi</a>,CL
,Katsuno Akiyoshi,39,1,1,0,7,0,0,174,41.0,44,1,33,14,3,0,2,16,16,3.51,2.82,3.71,1.41,78,90,102,0.69,0.6%,19.0%,8.0%,11.0%,<a href=https://npb.jp/bis/eng/teams/index_d.html>Chunichi</a>,CL
,Martinez Raidel,60,2,3,43,7,0,0,217,58.0,35,1,59,12,2,2,0,8,7,1.09,2.00,2.63,0.81,253,64,72,-0.91,0.5%,27.2%,5.5%,21.7%,<a href=https://npb.jp/bis/eng/teams/index_d.html>Chunichi</a>,CL
,Matsuba Takahiro,17,5,6,0,0,2,0,381,93.1,85,8,50,24,0,2,2,33,32,3.09,3.97,4.12,1.17,89,127,113,-0.88,2.1%,13.1%,6.3%,6.8%,<a href=https://npb.jp/bis/eng/teams/index_d.html>Chunichi</a>,CL
,Matsukihira Yuta,8,2,4,0,0,0,0,206,48.2,46,5,40,16,1,4,1,20,20,3.70,4.01,3.63,1.27,74,129,100,-0.31,2.4%,19.4%,7.8%,11.6%,<a href=https://npb.jp/bis/eng/teams/index_d.html>Chunichi</a>,CL
,Matsuyama Shinya,59,2,3,0,41,0,0,214,54.1,38,0,57,17,5,3,2,9,8,1.33,2.09,2.93,1.01,207,67,80,-0.76,0.0%,26.6%,7.9%,18.7%,<a href=https://npb.jp/bis/eng/teams/index_d.html>Chunichi</a>,CL
,Mejia Humberto,15,3,8,0,0,0,0,323,75.2,73,7,51,24,1,4,1,42,41,4.88,4.05,3.96,1.28,56,130,109,0.83,2.2%,15.8%,7.4%,8.4%,<a href=https://npb.jp/bis/eng/teams/index_d.html>Chunichi</a>,CL
,Nakachi Reia,1,0,0,0,0,0,0,3,1.0,0,0,2,0,0,0,0,0,0,0.00,-0.91,-1.87,0.00,999,-29,-51,0.91,0.0%,66.7%,0.0%,66.7%,<a href=https://npb.jp/bis/eng/teams/index_d.html>Chunichi</a>,CL
,Neo Akira,3,0,1,0,0,0,0,39,7.2,10,2,7,7,0,0,1,9,8,9.39,7.39,4.80,2.22,29,237,132,2.00,5.1%,17.9%,17.9%,0.0%,<a href=https://npb.jp/bis/eng/teams/index_d.html>Chunichi</a>,CL
,Ogasawara Shinnosuke,24,5,11,0,0,0,0,602,144.1,151,9,82,22,2,4,2,59,50,3.12,3.30,3.80,1.20,88,106,104,-0.18,1.5%,13.6%,3.7%,9.9%,<a href=https://npb.jp/bis/eng/teams/index_d.html>Chunichi</a>,CL
,Ohno Yudai,9,2,6,0,0,0,0,192,44.1,50,5,27,12,0,2,1,27,24,4.87,4.28,4.02,1.40,57,137,110,0.59,2.6%,14.1%,6.2%,7.9%,<a href=https://npb.jp/bis/eng/teams/index_d.html>Chunichi</a>,CL
,Saitoh Kohki,56,4,3,0,19,0,0,200,47.1,45,1,44,18,4,1,2,11,11,2.09,2.71,3.50,1.33,132,87,96,-0.62,0.5%,22.0%,9.0%,13.0%,<a href=https://npb.jp/bis/eng/teams/index_d.html>Chunichi</a>,CL
,Shimizu Tatsuya,60,3,1,1,36,0,0,229,58.0,41,1,52,18,2,1,5,12,9,1.40,2.50,3.32,1.02,197,80,91,-1.10,0.4%,22.7%,7.9%,14.8%,<a href=https://npb.jp/bis/eng/teams/index_d.html>Chunichi</a>,CL
,Sobue Daisuke,28,0,0,0,4,0,0,116,28.1,26,4,15,6,1,0,1,13,9,2.86,4.50,4.02,1.13,96,144,110,-1.64,3.4%,12.9%,5.2%,7.7%,<a href=https://npb.jp/bis/eng/teams/index_d.html>Chunichi</a>,CL
,Tajima Shinji,2,0,0,0,1,0,0,6,0.1,4,0,1,1,0,0,0,4,4,108.00,6.09,4.80,15.00,3,195,132,101.91,0.0%,16.7%,16.7%,0.0%,<a href=https://npb.jp/bis/eng/teams/index_d.html>Chunichi</a>,CL
,Takahashi Hiroto,21,12,4,0,0,1,1,569,143.2,107,1,130,34,2,4,5,27,22,1.38,2.16,3.11,0.98,200,69,85,-0.78,0.2%,22.8%,6.0%,16.8%,<a href=https://npb.jp/bis/eng/teams/index_d.html>Chunichi</a>,CL
,Umeno Yugo,18,1,0,0,2,0,0,97,21.2,26,0,12,6,2,1,0,13,10,4.15,2.95,4.18,1.48,66,95,115,1.20,0.0%,12.4%,6.2%,6.2%,<a href=https://npb.jp/bis/eng/teams/index_d.html>Chunichi</a>,CL
,Umetsu Kodai,14,2,8,0,0,0,0,327,77.1,76,3,72,31,0,2,3,35,35,4.07,3.01,3.55,1.38,68,96,98,1.06,0.9%,22.0%,9.5%,12.5%,<a href=https://npb.jp/bis/eng/teams/index_d.html>Chunichi</a>,CL
,Wakui Hideaki,16,3,5,0,0,0,0,349,85.0,79,4,46,23,1,2,3,31,29,3.07,3.50,4.14,1.20,90,112,114,-0.43,1.1%,13.2%,6.6%,6.6%,<a href=https://npb.jp/bis/eng/teams/index_d.html>Chunichi</a>,CL
,Yanagi Yuya,13,4,5,0,0,0,0,286,67.0,75,5,34,20,1,0,3,29,28,3.76,3.94,4.31,1.42,73,126,118,-0.18,1.7%,11.9%,7.0%,4.9%,<a href=https://npb.jp/bis/eng/teams/index_d.html>Chunichi</a>,CL
,Abe Shota,17,0,1,0,4,0,0,63,14.2,12,0,13,7,0,0,0,3,3,1.84,2.75,3.85,1.30,158,84,106,-0.91,0.0%,20.6%,11.1%,9.5%,<a href=https://npb.jp/bis/eng/teams/index_b.html>ORIX</a>,PL
,Azuma Kohei,10,3,4,0,0,0,0,242,58.2,47,3,38,15,0,6,1,18,17,2.61,3.53,3.85,1.06,111,107,106,-0.92,1.2%,15.7%,6.2%,9.5%,<a href=https://npb.jp/bis/eng/teams/index_b.html>ORIX</a>,PL
,Castillo Luis,15,3,5,0,0,0,0,378,94.1,75,5,74,18,0,2,1,37,31,2.96,2.84,3.32,0.99,98,86,91,0.12,1.3%,19.6%,4.8%,14.8%,<a href=https://npb.jp/bis/eng/teams/index_b.html>ORIX</a>,PL
,Espinoza Anderson,22,7,9,0,0,1,0,550,133.2,122,2,113,48,0,6,1,43,39,2.63,2.80,3.62,1.27,110,85,99,-0.17,0.4%,20.5%,8.7%,11.8%,<a href=https://npb.jp/bis/eng/teams/index_b.html>ORIX</a>,PL
,Higa Motoki,5,0,0,0,0,0,0,14,3.2,1,0,3,3,1,0,0,0,0,0.00,3.91,4.80,1.09,999,119,132,-3.91,0.0%,21.4%,21.4%,0.0%,<a href=https://npb.jp/bis/eng/teams/index_b.html>ORIX</a>,PL
,Hirano Yoshihisa,12,1,1,7,1,0,0,58,10.2,19,1,11,5,0,0,0,10,5,4.22,3.65,3.77,2.25,69,111,104,0.57,1.7%,19.0%,8.6%,10.4%,<a href=https://npb.jp/bis/eng/teams/index_b.html>ORIX</a>,PL
,Honda Hitomi,23,2,0,0,9,0,0,92,22.0,21,1,21,5,0,1,1,7,7,2.86,2.59,3.06,1.18,102,79,84,0.27,1.1%,22.8%,5.4%,17.4%,<a href=https://npb.jp/bis/eng/teams/index_b.html>ORIX</a>,PL
,Iguchi Kazutomo,32,1,2,0,3,0,0,134,32.1,29,0,25,11,0,2,0,15,15,4.18,2.75,3.76,1.24,69,84,103,1.43,0.0%,18.7%,8.2%,10.5%,<a href=https://npb.jp/bis/eng/teams/index_b.html>ORIX</a>,PL
,Kawase Kento,8,0,1,0,0,0,0,51,10.1,11,0,3,7,0,1,0,5,4,3.48,4.83,5.58,1.74,83,147,153,-1.35,0.0%,5.9%,13.7%,-7.8%,<a href=https://npb.jp/bis/eng/teams/index_b.html>ORIX</a>,PL
,Kogita Atsuya,13,1,1,0,8,0,0,46,13.0,9,0,11,0,0,0,0,2,2,1.38,1.40,2.41,0.69,210,43,66,-0.02,0.0%,23.9%,0.0%,23.9%,<a href=https://npb.jp/bis/eng/teams/index_b.html>ORIX</a>,PL
,Kotajima Seiryu,50,2,1,0,24,0,0,179,45.2,30,2,43,17,1,1,1,6,4,0.79,2.96,3.35,1.03,368,90,92,-2.17,1.1%,24.0%,9.5%,14.5%,<a href=https://npb.jp/bis/eng/teams/index_b.html>ORIX</a>,PL
,Machado Andres,53,5,3,23,14,0,0,211,53.1,36,1,58,18,1,1,0,13,12,2.03,2.23,2.90,1.01,143,68,80,-0.20,0.5%,27.5%,8.5%,19.0%,<a href=https://npb.jp/bis/eng/teams/index_b.html>ORIX</a>,PL
,Mae Yuito,4,0,0,0,0,0,0,25,5.0,8,1,5,2,0,0,0,5,4,7.20,4.89,3.60,2.00,40,149,99,2.31,4.0%,20.0%,8.0%,12.0%,<a href=https://npb.jp/bis/eng/teams/index_b.html>ORIX</a>,PL
,Miyagi Hiroya,20,7,9,0,0,3,0,560,141.2,115,7,139,22,0,3,2,31,30,1.91,2.30,2.71,0.97,152,70,74,-0.39,1.2%,24.8%,3.9%,20.9%,<a href=https://npb.jp/bis/eng/teams/index_b.html>ORIX</a>,PL
,Mukunoki Ren,10,1,1,0,0,0,0,60,13.0,18,0,7,2,0,1,1,8,8,5.54,2.70,3.97,1.54,52,82,109,2.84,0.0%,11.7%,3.3%,8.4%,<a href=https://npb.jp/bis/eng/teams/index_b.html>ORIX</a>,PL
,Muranishi Ryota,1,0,0,0,0,0,0,6,1.0,1,1,0,2,0,0,0,1,1,9.00,22.09,8.13,3.00,32,672,223,-13.09,16.7%,0.0%,33.3%,-33.3%,<a href=https://npb.jp/bis/eng/teams/index_b.html>ORIX</a>,PL
,Perdomo Luis,28,1,0,4,14,0,0,105,28.0,20,1,19,3,0,0,0,2,2,0.64,2.52,3.28,0.82,454,77,90,-1.88,1.0%,18.1%,2.9%,15.2%,<a href=https://npb.jp/bis/eng/teams/index_b.html>ORIX</a>,PL
,Saiki Kaito,15,0,2,0,1,0,0,100,23.0,28,2,15,6,0,0,0,14,13,5.09,3.70,3.90,1.48,57,113,107,1.39,2.0%,15.0%,6.0%,9.0%,<a href=https://npb.jp/bis/eng/teams/index_b.html>ORIX</a>,PL
,Saito Kyosuke,8,2,3,0,0,0,0,165,37.2,29,2,28,19,0,2,1,20,17,4.06,3.96,4.25,1.27,72,120,117,0.10,1.2%,17.0%,11.5%,5.5%,<a href=https://npb.jp/bis/eng/teams/index_b.html>ORIX</a>,PL
,Satoh Kazuma,5,1,1,0,1,0,0,53,11.2,13,1,5,4,0,2,1,11,7,5.40,4.89,4.61,1.46,54,149,127,0.51,1.9%,9.4%,7.5%,1.9%,<a href=https://npb.jp/bis/eng/teams/index_b.html>ORIX</a>,PL
,Sotani Ryuhei,20,7,11,0,0,0,0,490,119.0,112,4,117,27,0,1,1,37,31,2.34,2.26,2.96,1.17,124,69,81,0.08,0.8%,23.9%,5.5%,18.4%,<a href=https://npb.jp/bis/eng/teams/index_b.html>ORIX</a>,PL
,Suzuki Hiroshi,32,1,1,0,9,0,0,166,39.1,40,4,32,14,2,2,0,14,13,2.97,4.00,3.72,1.37,98,122,102,-1.03,2.4%,19.3%,8.4%,10.9%,<a href=https://npb.jp/bis/eng/teams/index_b.html>ORIX</a>,PL
,Tajima Daiki,21,6,8,0,0,0,0,501,117.1,121,10,87,34,0,2,4,51,48,3.68,3.63,3.74,1.32,79,110,103,0.05,2.0%,17.4%,6.8%,10.6%,<a href=https://npb.jp/bis/eng/teams/index_b.html>ORIX</a>,PL
,Takashima Taito,21,2,2,0,4,0,0,238,56.0,50,3,30,20,0,4,1,27,25,4.02,4.00,4.38,1.25,72,122,120,0.02,1.3%,12.6%,8.4%,4.2%,<a href=https://npb.jp/bis/eng/teams/index_b.html>ORIX</a>,PL
,Tomiyama Ryoga,16,0,0,0,3,0,0,52,11.0,10,0,8,5,1,3,1,6,4,3.27,3.82,4.22,1.36,89,116,116,-0.55,0.0%,15.4%,9.6%,5.8%,<a href=https://npb.jp/bis/eng/teams/index_b.html>ORIX</a>,PL
,Udagawa Yuki,13,0,2,0,3,0,0,50,11.2,4,0,14,12,0,0,0,6,3,2.31,3.77,4.40,1.37,126,115,121,-1.46,0.0%,28.0%,24.0%,4.0%,<a href=https://npb.jp/bis/eng/teams/index_b.html>ORIX</a>,PL
,Yamada Nobuyoshi,50,3,2,0,16,0,0,177,43.1,30,1,44,16,2,2,0,13,10,2.08,2.60,3.22,1.06,140,79,88,-0.52,0.6%,24.9%,9.0%,15.9%,<a href=https://npb.jp/bis/eng/teams/index_b.html>ORIX</a>,PL
,Yamaoka Taisuke,6,0,0,0,1,0,0,21,5.1,5,1,5,1,0,0,0,2,2,3.38,4.21,2.90,1.13,86,128,80,-0.83,4.8%,23.8%,4.8%,19.0%,<a href=https://npb.jp/bis/eng/teams/index_b.html>ORIX</a>,PL
,Yamashita Shunpeita,14,3,6,0,0,1,0,269,64.0,49,5,83,31,0,5,4,25,24,3.38,3.20,2.87,1.25,86,97,79,0.18,1.9%,30.9%,11.5%,19.4%,<a href=https://npb.jp/bis/eng/teams/index_b.html>ORIX</a>,PL
,Yamazaki Soichiro,7,0,1,0,0,0,0,28,6.2,7,0,2,3,0,0,0,1,1,1.35,3.84,5.16,1.50,215,117,142,-2.49,0.0%,7.1%,10.7%,-3.6%,<a href=https://npb.jp/bis/eng/teams/index_b.html>ORIX</a>,PL
,Yoshida Kosei,50,4,0,0,14,0,0,173,40.2,40,1,30,14,0,5,1,15,15,3.32,3.33,3.88,1.33,87,101,107,-0.01,0.6%,17.3%,8.1%,9.2%,<a href=https://npb.jp/bis/eng/teams/index_b.html>ORIX</a>,PL
,Azuma Yusuke,6,0,1,0,0,0,0,37,7.1,13,2,7,2,0,1,1,9,9,11.05,5.95,3.45,2.05,27,173,95,5.10,5.4%,18.9%,5.4%,13.5%,<a href=https://npb.jp/bis/eng/teams/index_m.html>Lotte</a>,PL
,Cordero Jimmy,5,0,1,0,2,0,0,23,5.0,8,1,1,2,0,0,1,4,4,7.20,6.49,5.23,2.00,42,189,144,0.71,4.3%,4.3%,8.7%,-4.4%,<a href=https://npb.jp/bis/eng/teams/index_m.html>Lotte</a>,PL
,Dykstra James,3,1,0,0,0,0,0,49,11.0,10,2,11,8,0,0,1,3,2,1.64,5.63,4.19,1.64,185,164,115,-3.99,4.1%,22.4%,16.3%,6.1%,<a href=https://npb.jp/bis/eng/teams/index_m.html>Lotte</a>,PL
,Hirohata Atsuya,8,0,0,1,2,0,0,47,11.1,13,0,9,0,0,0,2,5,4,3.18,1.50,2.89,1.15,95,44,79,1.68,0.0%,19.1%,0.0%,19.1%,<a href=https://npb.jp/bis/eng/teams/index_m.html>Lotte</a>,PL
,Ishikawa Ayumu,5,3,1,0,0,0,0,105,24.1,30,2,11,6,0,1,0,10,10,3.70,4.12,4.32,1.48,82,120,119,-0.42,1.9%,10.5%,5.7%,4.8%,<a href=https://npb.jp/bis/eng/teams/index_m.html>Lotte</a>,PL
,Iwashita Daiki,21,2,0,0,3,0,0,85,21.2,13,2,13,9,0,0,2,7,7,2.91,4.33,4.33,1.02,104,126,119,-1.42,2.4%,15.3%,10.6%,4.7%,<a href=https://npb.jp/bis/eng/teams/index_m.html>Lotte</a>,PL
,Karakawa Yuki,8,3,2,0,0,0,0,147,38.0,28,5,31,3,0,2,0,10,10,2.37,3.56,2.90,0.82,128,104,80,-1.19,3.4%,21.1%,2.0%,19.1%,<a href=https://npb.jp/bis/eng/teams/index_m.html>Lotte</a>,PL
,Keuchel Dallas,8,2,4,0,0,0,0,170,40.0,37,3,29,15,0,2,0,18,16,3.60,3.89,3.98,1.30,84,113,109,-0.29,1.8%,17.1%,8.8%,8.3%,<a href=https://npb.jp/bis/eng/teams/index_m.html>Lotte</a>,PL
,Kikuchi Riku,20,1,0,1,2,0,0,97,24.0,21,3,27,5,2,2,0,6,6,2.25,3.34,2.53,1.08,135,97,70,-1.09,3.1%,27.8%,5.2%,22.6%,<a href=https://npb.jp/bis/eng/teams/index_m.html>Lotte</a>,PL
,Kuniyoshi Yuki,41,3,1,1,10,0,0,165,41.2,31,2,21,12,2,3,1,7,7,1.51,3.78,4.25,1.03,201,110,117,-2.27,1.2%,12.7%,7.3%,5.4%,<a href=https://npb.jp/bis/eng/teams/index_m.html>Lotte</a>,PL
,Masuda Naoya,44,1,4,25,6,0,0,172,41.2,27,2,35,14,1,3,2,16,12,2.59,3.26,3.58,0.98,117,95,98,-0.67,1.2%,20.3%,8.1%,12.2%,<a href=https://npb.jp/bis/eng/teams/index_m.html>Lotte</a>,PL
,Mercedes CC,21,4,8,0,0,0,0,502,126.1,97,12,91,34,0,2,0,45,38,2.71,3.74,3.66,1.04,112,109,101,-1.03,2.4%,18.1%,6.8%,11.3%,<a href=https://npb.jp/bis/eng/teams/index_m.html>Lotte</a>,PL
,Mima Manabu,3,0,2,0,0,0,0,69,13.1,17,2,8,9,1,0,0,12,11,7.43,5.86,4.94,1.95,41,170,136,1.57,2.9%,11.6%,13.0%,-1.4%,<a href=https://npb.jp/bis/eng/teams/index_m.html>Lotte</a>,PL
,Nakamori Shunsuke,5,1,1,0,0,0,0,103,24.0,23,0,13,7,0,1,0,7,7,2.63,3.00,4.22,1.25,115,87,116,-0.37,0.0%,12.6%,6.8%,5.8%,<a href=https://npb.jp/bis/eng/teams/index_m.html>Lotte</a>,PL
,Nakamura Toshiya,17,1,0,0,0,0,0,139,34.0,30,1,17,9,0,1,0,14,14,3.71,3.35,4.22,1.15,82,97,116,0.36,0.7%,12.2%,6.5%,5.7%,<a href=https://npb.jp/bis/eng/teams/index_m.html>Lotte</a>,PL
,Niho Akira,8,0,0,0,0,0,0,55,10.1,20,1,4,5,0,1,0,18,14,12.19,5.31,4.98,2.42,25,154,137,6.88,1.8%,7.3%,9.1%,-1.8%,<a href=https://npb.jp/bis/eng/teams/index_m.html>Lotte</a>,PL
,Nishimura Takahiro,17,0,0,0,7,0,0,80,17.2,18,1,15,10,0,0,3,13,13,6.62,3.82,4.18,1.58,46,111,115,2.80,1.2%,18.8%,12.5%,6.3%,<a href=https://npb.jp/bis/eng/teams/index_m.html>Lotte</a>,PL
,Nishino Yuji,20,9,8,0,0,1,0,510,122.1,120,8,77,31,1,4,1,46,44,3.24,3.54,3.90,1.23,94,103,107,-0.30,1.6%,15.1%,6.1%,9.0%,<a href=https://npb.jp/bis/eng/teams/index_m.html>Lotte</a>,PL
,Ohtani Hikaru,1,0,0,0,0,0,0,4,1.0,1,0,3,0,0,0,0,0,0,0.00,-2.91,-2.70,1.00,999,-85,-74,2.91,0.0%,75.0%,0.0%,75.0%,<a href=https://npb.jp/bis/eng/teams/index_m.html>Lotte</a>,PL
,Ojima Kazuya,25,12,10,0,0,5,1,671,163.1,157,15,132,36,0,7,5,68,65,3.58,3.46,3.37,1.18,85,101,93,0.12,2.2%,19.7%,5.4%,14.3%,<a href=https://npb.jp/bis/eng/teams/index_m.html>Lotte</a>,PL
,Ono Fumiya,3,0,0,0,0,0,0,13,3.0,4,0,1,1,0,0,1,1,1,3.00,3.42,4.80,1.67,101,99,132,-0.42,0.0%,7.7%,7.7%,0.0%,<a href=https://npb.jp/bis/eng/teams/index_m.html>Lotte</a>,PL
,Sakamoto Koshiro,37,1,2,0,11,0,0,146,33.0,34,3,34,12,2,5,2,22,21,5.73,3.75,3.29,1.39,53,109,90,1.98,2.1%,23.3%,8.2%,15.1%,<a href=https://npb.jp/bis/eng/teams/index_m.html>Lotte</a>,PL
,Sasaki Roki,18,10,5,0,0,1,0,450,111.0,83,2,129,32,1,8,9,34,29,2.35,2.08,2.64,1.04,129,60,73,0.27,0.4%,28.7%,7.1%,21.6%,<a href=https://npb.jp/bis/eng/teams/index_m.html>Lotte</a>,PL
,Sawada Keisuke,21,2,1,0,8,0,0,89,20.0,22,0,8,8,1,1,0,9,8,3.60,3.64,4.80,1.50,84,106,132,-0.04,0.0%,9.0%,9.0%,0.0%,<a href=https://npb.jp/bis/eng/teams/index_m.html>Lotte</a>,PL
,Sawamura Hirokazu,39,1,2,1,15,0,0,146,35.0,24,3,26,19,1,2,3,13,13,3.34,4.52,4.32,1.23,91,131,119,-1.18,2.1%,17.8%,13.0%,4.8%,<a href=https://npb.jp/bis/eng/teams/index_m.html>Lotte</a>,PL
,Suzuki Shota,51,2,2,5,27,0,0,194,49.1,32,2,42,18,2,1,1,7,4,0.73,3.07,3.56,1.01,416,89,98,-2.34,1.0%,21.6%,9.3%,12.3%,<a href=https://npb.jp/bis/eng/teams/index_m.html>Lotte</a>,PL
,Takano Shuta,6,1,1,0,0,0,0,64,14.2,16,1,16,4,0,0,0,6,6,3.68,2.61,2.92,1.36,83,76,80,1.07,1.6%,25.0%,6.2%,18.8%,<a href=https://npb.jp/bis/eng/teams/index_m.html>Lotte</a>,PL
,Tanaka Haruya,4,1,1,0,0,0,0,79,20.0,14,2,17,6,0,0,0,9,4,1.80,3.59,3.41,1.00,169,104,94,-1.79,2.5%,21.5%,7.6%,13.9%,<a href=https://npb.jp/bis/eng/teams/index_m.html>Lotte</a>,PL
,Taneichi Atsuki,23,7,8,0,0,2,0,612,147.1,128,5,148,38,0,9,4,55,50,3.05,2.48,3.00,1.13,100,72,82,0.57,0.8%,24.2%,6.2%,18.0%,<a href=https://npb.jp/bis/eng/teams/index_m.html>Lotte</a>,PL
,Yagi Akira,9,0,0,0,2,0,0,45,11.0,11,1,9,1,0,0,1,5,5,4.09,2.91,3.02,1.09,74,85,83,1.18,2.2%,20.0%,2.2%,17.8%,<a href=https://npb.jp/bis/eng/teams/index_m.html>Lotte</a>,PL
,Yokoyama Rikuto,43,3,1,3,18,0,0,169,42.0,27,1,37,13,3,5,2,8,8,1.71,2.92,3.38,0.95,178,85,93,-1.21,0.6%,21.9%,7.7%,14.2%,<a href=https://npb.jp/bis/eng/teams/index_m.html>Lotte</a>,PL
,Yoshida Ryo,9,0,0,0,0,0,0,51,11.2,11,3,11,5,0,0,1,8,8,6.17,5.83,3.62,1.37,49,170,99,0.34,5.9%,21.6%,9.8%,11.8%,<a href=https://npb.jp/bis/eng/teams/index_m.html>Lotte</a>,PL
,Arihara Kohei,26,14,7,0,0,3,2,718,182.2,142,12,137,37,0,8,1,56,48,2.36,3.18,3.41,0.98,128,93,94,-0.82,1.7%,19.1%,5.2%,13.9%,<a href=https://npb.jp/bis/eng/teams/index_h.html>SoftBank</a>,PL
,Fujii Kouya,40,2,1,1,19,0,0,170,40.0,28,2,45,20,1,1,3,11,8,1.80,3.06,3.33,1.20,168,89,91,-1.26,1.2%,26.5%,11.8%,14.7%,<a href=https://npb.jp/bis/eng/teams/index_h.html>SoftBank</a>,PL
,Hasegawa Takehiro,32,4,0,0,6,0,0,108,25.1,20,1,21,10,3,0,0,7,7,2.49,3.13,3.78,1.18,121,91,104,-0.64,0.9%,19.4%,9.3%,10.1%,<a href=https://npb.jp/bis/eng/teams/index_h.html>SoftBank</a>,PL
,Hernandez Darwinzon,48,3,3,3,21,0,0,194,48.0,34,2,72,14,1,6,1,13,12,2.25,1.88,1.81,1.00,134,55,50,0.37,1.0%,37.1%,7.2%,29.9%,<a href=https://npb.jp/bis/eng/teams/index_h.html>SoftBank</a>,PL
,Higashihama Nao,11,3,2,0,0,0,0,232,56.0,53,7,39,11,1,1,0,22,21,3.38,3.96,3.59,1.14,89,116,99,-0.58,3.0%,16.8%,4.7%,12.1%,<a href=https://npb.jp/bis/eng/teams/index_h.html>SoftBank</a>,PL
,Ishikawa Shuta,15,7,2,0,0,0,0,247,63.1,51,4,52,12,0,5,2,18,18,2.56,3.07,3.18,0.99,118,90,87,-0.51,1.6%,21.1%,4.9%,16.2%,<a href=https://npb.jp/bis/eng/teams/index_h.html>SoftBank</a>,PL
,Iwai Shunsuke,15,1,1,1,2,0,0,53,13.0,10,2,10,2,0,1,0,6,5,3.46,4.24,3.29,0.92,87,124,90,-0.78,3.8%,18.9%,3.8%,15.1%,<a href=https://npb.jp/bis/eng/teams/index_h.html>SoftBank</a>,PL
,Kimura Hikaru,5,0,0,0,1,0,0,24,6.0,5,0,8,1,0,0,0,1,1,1.50,0.92,1.88,1.00,201,27,52,0.58,0.0%,33.3%,4.2%,29.1%,<a href=https://npb.jp/bis/eng/teams/index_h.html>SoftBank</a>,PL
,Maeda Jun,1,1,0,0,0,0,0,20,6.0,3,0,5,0,0,0,0,0,0,0.00,1.42,2.30,0.50,999,41,63,-1.42,0.0%,25.0%,0.0%,25.0%,<a href=https://npb.jp/bis/eng/teams/index_h.html>SoftBank</a>,PL
,Maeda Yugo,1,0,0,0,0,0,0,19,3.0,8,1,0,1,0,1,0,6,6,18.00,9.42,5.33,3.00,17,275,146,8.58,5.3%,0.0%,5.3%,-5.3%,<a href=https://npb.jp/bis/eng/teams/index_h.html>SoftBank</a>,PL
,Matayoshi Katsuki,40,1,1,0,6,0,0,168,40.2,37,2,24,10,2,3,0,17,16,3.54,3.51,3.97,1.16,85,103,109,0.03,1.2%,14.3%,6.0%,8.3%,<a href=https://npb.jp/bis/eng/teams/index_h.html>SoftBank</a>,PL
,Matsumoto Haru,5,2,1,0,0,0,0,63,16.0,12,1,17,4,0,1,0,5,5,2.81,2.71,2.74,1.00,108,79,75,0.10,1.6%,27.0%,6.3%,20.7%,<a href=https://npb.jp/bis/eng/teams/index_h.html>SoftBank</a>,PL
,Matsumoto Yuki,50,2,2,14,23,0,0,198,46.2,37,3,47,17,3,4,0,17,15,2.89,3.26,3.28,1.16,105,95,90,-0.37,1.5%,23.7%,8.6%,15.1%,<a href=https://npb.jp/bis/eng/teams/index_h.html>SoftBank</a>,PL
,Miura Mizuki,5,0,0,0,0,0,0,22,5.0,4,0,4,3,0,2,0,0,0,0.00,4.49,4.35,1.40,999,131,120,-4.49,0.0%,18.2%,13.6%,4.6%,<a href=https://npb.jp/bis/eng/teams/index_h.html>SoftBank</a>,PL
,Moinelo Livan,25,11,5,0,0,2,0,636,163.0,107,11,155,47,1,5,3,39,34,1.88,3.02,3.10,0.94,161,88,85,-1.14,1.7%,24.4%,7.4%,17.0%,<a href=https://npb.jp/bis/eng/teams/index_h.html>SoftBank</a>,PL
,Murata Kenichi,1,0,0,0,0,0,0,5,1.0,2,1,0,0,0,0,0,2,2,18.00,16.09,4.80,2.00,17,470,132,1.91,20.0%,0.0%,0.0%,0.0%,<a href=https://npb.jp/bis/eng/teams/index_h.html>SoftBank</a>,PL
,Nakamura Ryota,1,0,0,0,0,0,0,6,1.0,3,2,1,0,0,0,0,2,2,18.00,27.09,3.13,3.00,17,792,86,-9.09,33.3%,16.7%,0.0%,16.7%,<a href=https://npb.jp/bis/eng/teams/index_h.html>SoftBank</a>,PL
,Ogata Shuto,12,2,0,0,3,0,0,46,11.2,8,0,15,3,0,0,0,4,3,2.31,1.29,2.19,0.94,131,38,60,1.02,0.0%,32.6%,6.5%,26.1%,<a href=https://npb.jp/bis/eng/teams/index_h.html>SoftBank</a>,PL
,Ohtsu Ryosuke,19,7,7,0,0,0,0,470,119.1,101,11,97,22,1,1,1,38,38,2.87,3.24,3.20,1.03,105,95,88,-0.37,2.3%,20.6%,4.7%,15.9%,<a href=https://npb.jp/bis/eng/teams/index_h.html>SoftBank</a>,PL
,Ohyama Ryo,18,1,1,0,1,0,0,114,27.2,19,2,23,14,0,2,1,10,10,3.25,4.10,4.01,1.19,93,120,110,-0.85,1.8%,20.2%,12.3%,7.9%,<a href=https://npb.jp/bis/eng/teams/index_h.html>SoftBank</a>,PL
,Ohzeki Tomohisa,20,8,4,0,0,0,0,481,122.1,84,10,77,29,0,10,0,34,34,2.50,3.85,3.80,0.92,121,113,104,-1.35,2.1%,16.0%,6.0%,10.0%,<a href=https://npb.jp/bis/eng/teams/index_h.html>SoftBank</a>,PL
,Osuna Roberto,39,0,3,24,5,0,0,157,38.1,36,3,23,10,0,2,1,16,16,3.76,3.84,3.97,1.20,80,112,109,-0.08,1.9%,14.6%,6.4%,8.2%,<a href=https://npb.jp/bis/eng/teams/index_h.html>SoftBank</a>,PL
,Sawayanagi Ryotaro,11,2,1,0,0,0,0,42,10.2,7,0,9,4,0,1,1,4,4,3.38,2.81,3.61,1.03,89,82,99,0.57,0.0%,21.4%,9.5%,11.9%,<a href=https://npb.jp/bis/eng/teams/index_h.html>SoftBank</a>,PL
,Stewart Jr. Carter,20,9,4,0,0,0,0,485,120.0,79,6,105,51,0,5,2,29,26,1.95,3.39,3.69,1.08,155,99,101,-1.44,1.2%,21.6%,10.5%,11.1%,<a href=https://npb.jp/bis/eng/teams/index_h.html>SoftBank</a>,PL
,Sugiyama Kazuki,50,4,0,1,14,0,0,198,50.1,28,2,61,22,0,1,1,10,9,1.61,2.55,2.83,0.99,188,75,78,-0.94,1.0%,30.8%,11.1%,19.7%,<a href=https://npb.jp/bis/eng/teams/index_h.html>SoftBank</a>,PL
,Taura Fumimaru,4,0,0,0,0,0,0,17,3.2,4,0,1,2,0,0,0,1,1,2.45,4.18,5.39,1.64,123,122,148,-1.73,0.0%,5.9%,11.8%,-5.9%,<a href=https://npb.jp/bis/eng/teams/index_h.html>SoftBank</a>,PL
,Tsumori Yuki,48,5,2,0,17,0,0,180,42.1,31,1,38,20,2,6,1,10,10,2.13,3.44,3.80,1.20,142,101,104,-1.31,0.6%,21.1%,11.1%,10.0%,<a href=https://npb.jp/bis/eng/teams/index_h.html>SoftBank</a>,PL
,Wada Tsuyoshi,8,2,2,0,3,0,0,108,26.1,27,2,18,4,0,2,0,12,11,3.76,3.39,3.50,1.18,80,99,96,0.37,1.9%,16.7%,3.7%,13.0%,<a href=https://npb.jp/bis/eng/teams/index_h.html>SoftBank</a>,PL
,Fujihira Shoma,47,0,1,1,20,0,0,182,46.1,29,4,58,12,2,3,3,11,9,1.75,2.68,2.27,0.88,164,82,62,-0.93,2.2%,31.9%,6.6%,25.3%,<a href=https://npb.jp/bis/eng/teams/index_e.html>Rakuten</a>,PL
,Fujii Masaru,22,11,5,0,0,0,0,529,126.0,138,8,74,29,0,7,3,45,41,2.93,3.60,3.95,1.33,98,111,109,-0.67,1.5%,14.0%,5.5%,8.5%,<a href=https://npb.jp/bis/eng/teams/index_e.html>Rakuten</a>,PL
,Hayakawa Takahisa,25,11,6,0,0,2,1,690,170.1,156,10,160,35,1,3,4,54,48,2.54,2.64,2.99,1.12,113,81,82,-0.10,1.4%,23.2%,5.1%,18.1%,<a href=https://npb.jp/bis/eng/teams/index_e.html>Rakuten</a>,PL
,Hinata Naoki,1,0,0,0,0,0,0,5,1.0,1,0,1,1,1,0,0,0,0,0.00,4.09,4.80,2.00,999,126,132,-4.09,0.0%,20.0%,20.0%,0.0%,<a href=https://npb.jp/bis/eng/teams/index_e.html>Rakuten</a>,PL
,Itoh Mao,6,0,0,0,1,0,0,29,5.2,7,0,6,4,0,2,0,5,5,7.94,4.15,4.11,1.94,36,128,113,3.79,0.0%,20.7%,13.8%,6.9%,<a href=https://npb.jp/bis/eng/teams/index_e.html>Rakuten</a>,PL
,Kishi Takayuki,22,6,11,0,0,3,2,590,143.1,144,13,73,29,1,2,1,52,45,2.83,3.90,4.05,1.21,102,120,111,-1.07,2.2%,12.4%,4.9%,7.5%,<a href=https://npb.jp/bis/eng/teams/index_e.html>Rakuten</a>,PL
,Koja Tatsuki,15,5,8,0,0,0,0,347,83.1,70,10,58,31,1,7,0,42,40,4.32,4.62,4.02,1.21,67,142,110,-0.30,2.9%,16.7%,8.9%,7.8%,<a href=https://npb.jp/bis/eng/teams/index_e.html>Rakuten</a>,PL
,Komago Ryuji,2,0,0,0,0,0,0,4,1.0,1,0,0,0,0,1,0,0,0,0.00,6.09,4.80,1.00,999,187,132,-6.09,0.0%,0.0%,0.0%,0.0%,<a href=https://npb.jp/bis/eng/teams/index_e.html>Rakuten</a>,PL
,Matsuda Takuma,7,0,0,0,0,0,0,64,15.0,14,2,8,9,0,0,0,6,6,3.60,5.55,4.96,1.53,80,171,136,-1.95,3.1%,12.5%,14.1%,-1.6%,<a href=https://npb.jp/bis/eng/teams/index_e.html>Rakuten</a>,PL
,Matsui Tomotaka,7,1,1,0,0,0,0,109,22.2,30,1,10,14,0,0,1,18,17,6.75,4.63,5.17,1.94,43,142,142,2.12,0.9%,9.2%,12.8%,-3.6%,<a href=https://npb.jp/bis/eng/teams/index_e.html>Rakuten</a>,PL
,Miyamori Satoshi,9,0,0,0,0,0,0,34,9.0,5,0,5,2,0,0,0,1,1,1.00,2.64,3.92,0.78,287,81,108,-1.64,0.0%,14.7%,5.9%,8.8%,<a href=https://npb.jp/bis/eng/teams/index_e.html>Rakuten</a>,PL
,Nishigaki Masaya,18,1,2,1,0,0,0,96,18.0,28,2,13,12,0,0,3,18,15,7.50,5.09,4.70,2.22,38,156,129,2.41,2.1%,13.5%,12.5%,1.0%,<a href=https://npb.jp/bis/eng/teams/index_e.html>Rakuten</a>,PL
,Norimoto Takahiro,54,3,4,32,4,0,0,223,52.0,57,2,44,11,3,3,2,21,20,3.46,2.70,3.32,1.31,83,83,91,0.76,0.9%,19.7%,4.9%,14.8%,<a href=https://npb.jp/bis/eng/teams/index_e.html>Rakuten</a>,PL
,Ponce Cody,15,3,6,0,0,1,0,308,67.0,92,6,56,16,0,5,3,55,50,6.72,3.52,3.50,1.61,43,108,96,3.20,1.9%,18.2%,5.2%,13.0%,<a href=https://npb.jp/bis/eng/teams/index_e.html>Rakuten</a>,PL
,Sakai Haruto,1,0,0,0,0,0,0,5,1.0,1,0,0,2,0,0,0,0,0,0.00,9.09,8.80,3.00,999,279,242,-9.09,0.0%,0.0%,40.0%,-40.0%,<a href=https://npb.jp/bis/eng/teams/index_e.html>Rakuten</a>,PL
,Sakai Tomohito,49,2,2,0,26,0,0,185,46.1,35,0,29,15,2,2,0,13,12,2.33,2.94,4.04,1.08,123,90,111,-0.61,0.0%,15.7%,8.1%,7.6%,<a href=https://npb.jp/bis/eng/teams/index_e.html>Rakuten</a>,PL
,Sakurai Shuto,8,0,0,0,0,0,0,48,10.2,11,0,9,8,1,0,1,10,10,8.44,3.65,4.59,1.78,34,112,126,4.79,0.0%,18.8%,16.7%,2.1%,<a href=https://npb.jp/bis/eng/teams/index_e.html>Rakuten</a>,PL
,Seimiya Kotaro,3,0,0,0,0,0,0,16,3.0,4,0,1,3,0,0,1,4,4,12.00,5.42,6.05,2.33,24,167,166,6.58,0.0%,6.2%,18.8%,-12.6%,<a href=https://npb.jp/bis/eng/teams/index_e.html>Rakuten</a>,PL
,Shoji Kosei,7,1,4,0,0,0,0,136,29.2,32,4,26,18,0,0,4,26,23,6.98,4.91,4.21,1.69,41,151,116,2.07,2.9%,19.1%,13.2%,5.9%,<a href=https://npb.jp/bis/eng/teams/index_e.html>Rakuten</a>,PL
,Sung Chia-Hao,41,1,2,0,17,0,0,164,39.2,41,3,22,7,3,2,1,15,14,3.18,3.64,3.89,1.21,90,112,107,-0.46,1.8%,13.4%,4.3%,9.1%,<a href=https://npb.jp/bis/eng/teams/index_e.html>Rakuten</a>,PL
,Suzuki Sora,49,2,0,1,24,0,0,186,48.2,24,0,48,21,0,1,3,9,9,1.66,2.47,3.35,0.92,173,76,92,-0.81,0.0%,25.8%,11.3%,14.5%,<a href=https://npb.jp/bis/eng/teams/index_e.html>Rakuten</a>,PL
,Takada Koichi,5,0,1,0,0,0,0,45,10.1,13,2,4,3,0,0,0,8,8,6.97,5.70,4.58,1.55,41,175,126,1.27,4.4%,8.9%,6.7%,2.2%,<a href=https://npb.jp/bis/eng/teams/index_e.html>Rakuten</a>,PL
,Takinaka Ryota,12,4,6,0,0,0,0,292,71.1,74,6,26,14,2,1,1,36,33,4.16,4.08,4.39,1.23,69,125,121,0.08,2.1%,8.9%,4.8%,4.1%,<a href=https://npb.jp/bis/eng/teams/index_e.html>Rakuten</a>,PL
,Tanaka Masahiro,1,0,1,0,0,0,0,23,5.0,6,1,1,2,0,0,0,4,4,7.20,6.49,5.23,1.60,40,199,144,0.71,4.3%,4.3%,8.7%,-4.4%,<a href=https://npb.jp/bis/eng/teams/index_e.html>Rakuten</a>,PL
,Tsurusaki Taisei,14,1,1,0,0,0,0,110,23.2,36,0,14,5,0,3,0,19,18,6.85,2.92,3.98,1.73,42,90,109,3.93,0.0%,12.7%,4.5%,8.2%,<a href=https://npb.jp/bis/eng/teams/index_e.html>Rakuten</a>,PL
,Turley Nik,17,0,1,1,2,0,0,72,15.1,15,2,13,12,0,1,0,5,5,2.93,5.63,4.66,1.76,98,173,128,-2.70,2.8%,18.1%,16.7%,1.4%,<a href=https://npb.jp/bis/eng/teams/index_e.html>Rakuten</a>,PL
,Uchi Seiryu,20,6,8,0,0,0,0,464,110.2,113,8,45,28,1,3,2,49,44,3.58,4.05,4.43,1.27,80,124,122,-0.47,1.7%,9.7%,6.0%,3.7%,<a href=https://npb.jp/bis/eng/teams/index_e.html>Rakuten</a>,PL
,Watanabe Shota,49,7,2,0,12,0,0,201,47.1,42,2,41,22,4,0,3,19,16,3.04,3.30,3.85,1.35,95,101,106,-0.26,1.0%,20.4%,10.9%,9.5%,<a href=https://npb.jp/bis/eng/teams/index_e.html>Rakuten</a>,PL
,Yoshikawa Kazuki,13,0,0,0,0,0,0,97,20.0,32,2,17,8,0,1,0,12,12,5.40,4.04,3.87,2.00,53,124,106,1.36,2.1%,17.5%,8.2%,9.3%,<a href=https://npb.jp/bis/eng/teams/index_e.html>Rakuten</a>,PL
,Yuge Hayato,34,2,0,0,1,0,0,150,33.1,42,1,28,9,1,1,0,22,22,5.94,2.70,3.53,1.53,48,83,97,3.24,0.7%,18.7%,6.0%,12.7%,<a href=https://npb.jp/bis/eng/teams/index_e.html>Rakuten</a>,PL
,Abreu Albert,52,2,5,28,11,0,0,202,49.0,38,1,33,20,3,3,0,17,13,2.39,3.41,4.16,1.18,123,103,114,-1.02,0.5%,16.3%,9.9%,6.4%,<a href=https://npb.jp/bis/eng/teams/index_l.html>Seibu</a>,PL
,Aoyama Minato,6,1,4,0,0,1,1,139,32.1,30,3,13,12,0,0,0,12,10,2.78,4.60,4.73,1.30,106,139,130,-1.82,2.2%,9.4%,8.6%,0.8%,<a href=https://npb.jp/bis/eng/teams/index_l.html>Seibu</a>,PL
,Hada Shinnosuke,9,1,3,0,2,0,0,73,16.1,14,0,11,10,0,2,1,8,5,2.76,3.95,4.66,1.47,106,119,128,-1.19,0.0%,15.1%,13.7%,1.4%,<a href=https://npb.jp/bis/eng/teams/index_l.html>Seibu</a>,PL
,Hamaya Shota,1,0,0,0,0,0,0,15,2.1,3,0,1,3,0,1,0,4,3,11.57,7.37,6.13,2.57,25,222,168,4.20,0.0%,6.7%,20.0%,-13.3%,<a href=https://npb.jp/bis/eng/teams/index_l.html>Seibu</a>,PL
,Hirai Katsunori,13,0,0,0,4,0,0,46,9.2,14,1,6,3,0,0,0,5,5,4.66,4.12,4.15,1.76,63,124,114,0.54,2.2%,13.0%,6.5%,6.5%,<a href=https://npb.jp/bis/eng/teams/index_l.html>Seibu</a>,PL
,Honda Keisuke,31,1,4,0,10,0,0,140,30.2,36,3,18,14,3,1,4,16,14,4.11,4.65,4.51,1.63,71,140,124,-0.54,2.1%,12.9%,10.0%,2.9%,<a href=https://npb.jp/bis/eng/teams/index_l.html>Seibu</a>,PL
,Imai Tatsuya,25,10,8,0,0,2,1,712,173.1,132,8,187,70,2,5,8,52,45,2.34,2.83,3.16,1.17,125,85,87,-0.49,1.1%,26.3%,9.8%,16.5%,<a href=https://npb.jp/bis/eng/teams/index_l.html>Seibu</a>,PL
,Itogawa Ryota,4,0,1,0,0,0,0,21,3.2,5,0,1,6,0,0,0,4,4,9.82,7.45,7.18,3.00,30,224,197,2.37,0.0%,4.8%,28.6%,-23.8%,<a href=https://npb.jp/bis/eng/teams/index_l.html>Seibu</a>,PL
,Kaino Hiroshi,19,0,2,0,11,0,0,81,18.1,15,2,15,10,2,1,0,7,6,2.95,4.67,4.18,1.36,99,141,115,-1.72,2.5%,18.5%,12.3%,6.2%,<a href=https://npb.jp/bis/eng/teams/index_l.html>Seibu</a>,PL
,Mameda Taishi,15,0,1,0,0,0,0,78,15.2,22,1,12,11,1,0,2,12,11,6.32,4.49,4.67,2.11,46,135,128,1.83,1.3%,15.4%,14.1%,1.3%,<a href=https://npb.jp/bis/eng/teams/index_l.html>Seibu</a>,PL
,Masuda Tatsushi,13,0,2,0,3,0,0,48,11.0,15,1,5,2,1,0,0,5,5,4.09,3.91,4.18,1.55,72,118,115,0.18,2.1%,10.4%,4.2%,6.2%,<a href=https://npb.jp/bis/eng/teams/index_l.html>Seibu</a>,PL
,Matsumoto Wataru,34,1,9,0,6,0,0,284,66.1,54,11,41,29,1,2,1,32,29,3.93,5.41,4.38,1.25,75,163,120,-1.48,3.9%,14.4%,10.2%,4.2%,<a href=https://npb.jp/bis/eng/teams/index_l.html>Seibu</a>,PL
,Mizukami Yoshinobu,29,1,1,0,6,0,0,131,29.0,34,1,13,14,0,1,0,18,17,5.28,4.19,4.88,1.66,56,126,134,1.09,0.8%,9.9%,10.7%,-0.8%,<a href=https://npb.jp/bis/eng/teams/index_l.html>Seibu</a>,PL
,Nakamura Yuta,27,0,1,0,0,0,0,134,32.0,26,2,17,12,3,2,2,12,11,3.09,4.15,4.43,1.19,95,125,122,-1.06,1.5%,12.7%,9.0%,3.7%,<a href=https://npb.jp/bis/eng/teams/index_l.html>Seibu</a>,PL
,Sato Shunsuke,45,2,1,0,17,0,0,149,37.1,20,1,31,17,1,2,1,8,7,1.69,3.30,3.86,0.99,174,99,106,-1.61,0.7%,20.8%,11.4%,9.4%,<a href=https://npb.jp/bis/eng/teams/index_l.html>Seibu</a>,PL
,Sugai Shinya,8,1,2,0,1,0,0,108,24.0,26,4,22,10,0,0,0,14,14,5.25,4.67,3.69,1.50,56,141,101,0.58,3.7%,20.4%,9.3%,11.1%,<a href=https://npb.jp/bis/eng/teams/index_l.html>Seibu</a>,PL
,Sugiyama Haruki,1,0,1,0,0,0,0,17,3.0,5,0,2,0,0,1,1,6,0,0.00,2.75,3.62,1.67,999,83,99,-2.75,0.0%,11.8%,0.0%,11.8%,<a href=https://npb.jp/bis/eng/teams/index_l.html>Seibu</a>,PL
,Sumida Chihiro,26,9,10,0,0,2,1,719,179.1,161,11,154,35,1,3,5,56,55,2.76,2.80,3.14,1.09,106,84,86,-0.04,1.5%,21.4%,4.9%,16.5%,<a href=https://npb.jp/bis/eng/teams/index_l.html>Seibu</a>,PL
,Taira Kaima,22,3,2,0,9,0,0,208,48.2,44,1,43,21,0,5,1,11,9,1.66,3.19,3.74,1.34,177,96,103,-1.53,0.5%,20.7%,10.1%,10.6%,<a href=https://npb.jp/bis/eng/teams/index_l.html>Seibu</a>,PL
,Takahashi Bo,33,2,9,0,7,0,0,315,72.2,70,4,48,27,2,6,2,31,26,3.22,3.84,4.13,1.33,91,116,113,-0.62,1.3%,15.2%,8.6%,6.6%,<a href=https://npb.jp/bis/eng/teams/index_l.html>Seibu</a>,PL
,Takahashi Kona,15,0,11,0,0,0,0,362,81.1,94,5,61,24,0,6,3,39,35,3.87,3.49,3.78,1.45,76,105,104,0.38,1.4%,16.9%,6.6%,10.3%,<a href=https://npb.jp/bis/eng/teams/index_l.html>Seibu</a>,PL
,Takeuchi Natsuki,21,10,6,0,0,1,1,568,145.1,120,6,107,22,0,3,2,39,35,2.17,2.67,3.30,0.98,135,80,91,-0.50,1.1%,18.8%,3.9%,14.9%,<a href=https://npb.jp/bis/eng/teams/index_l.html>Seibu</a>,PL
,Tamura Ichiro,28,1,0,0,1,0,0,122,29.2,24,1,24,11,0,0,0,10,6,1.82,3.02,3.73,1.18,161,91,102,-1.20,0.8%,19.7%,9.0%,10.7%,<a href=https://npb.jp/bis/eng/teams/index_l.html>Seibu</a>,PL
,Ueda Taiga,17,0,0,0,1,0,0,99,23.1,17,2,11,13,0,0,1,7,7,2.70,4.93,5.00,1.29,109,148,137,-2.23,2.0%,11.1%,13.1%,-2.0%,<a href=https://npb.jp/bis/eng/teams/index_l.html>Seibu</a>,PL
,Watanabe Yutaro,14,3,4,0,0,0,0,366,87.2,81,5,50,27,0,5,1,26,26,2.67,3.78,4.17,1.23,110,114,115,-1.11,1.4%,13.7%,7.4%,6.3%,<a href=https://npb.jp/bis/eng/teams/index_l.html>Seibu</a>,PL
,Yan Jefry,37,0,0,0,2,0,0,142,30.2,32,3,35,19,0,2,5,21,19,5.58,4.13,3.67,1.66,53,124,101,1.45,2.1%,24.6%,13.4%,11.2%,<a href=https://npb.jp/bis/eng/teams/index_l.html>Seibu</a>,PL
,Yoza Kaito,7,1,4,0,0,0,0,106,24.1,22,4,13,11,0,0,0,13,13,4.81,5.51,4.61,1.36,61,166,127,-0.70,3.8%,12.3%,10.4%,1.9%,<a href=https://npb.jp/bis/eng/teams/index_l.html>Seibu</a>,PL
,Fukuda Suguru,2,0,0,0,0,0,0,9,2.0,1,0,1,2,1,0,0,0,0,0.00,5.09,5.91,1.50,999,147,162,-5.09,0.0%,11.1%,22.2%,-11.1%,<a href=https://npb.jp/bis/eng/teams/index_f.html>Nipponham</a>,PL
,Fukushima Ren,12,2,3,0,0,0,0,249,61.0,51,6,35,17,0,3,1,33,24,3.54,4.20,4.08,1.11,86,122,112,-0.66,2.4%,14.1%,6.8%,7.3%,<a href=https://npb.jp/bis/eng/teams/index_f.html>Nipponham</a>,PL
,Hori Mizuki,10,0,0,0,0,0,0,42,8.1,12,2,14,4,0,1,0,9,8,8.64,4.65,2.42,1.92,35,135,66,3.99,4.8%,33.3%,9.5%,23.8%,<a href=https://npb.jp/bis/eng/teams/index_f.html>Nipponham</a>,PL
,Hosono Haruki,2,0,0,0,0,0,0,39,9.1,8,1,9,4,0,0,1,4,4,3.86,3.84,3.52,1.29,79,111,97,0.02,2.6%,23.1%,10.3%,12.8%,<a href=https://npb.jp/bis/eng/teams/index_f.html>Nipponham</a>,PL
,Ikeda Takahide,29,2,1,0,15,0,0,93,23.2,14,4,22,9,0,2,2,10,10,3.80,4.82,3.40,0.97,80,139,93,-1.02,4.3%,23.7%,9.7%,14.0%,<a href=https://npb.jp/bis/eng/teams/index_f.html>Nipponham</a>,PL
,Itoh Hiromi,26,14,5,0,0,5,4,710,176.1,150,14,161,39,0,3,1,60,52,2.65,3.01,3.08,1.07,115,87,85,-0.36,2.0%,22.7%,5.5%,17.2%,<a href=https://npb.jp/bis/eng/teams/index_f.html>Nipponham</a>,PL
,Kagiya Yohei,1,0,0,0,0,0,0,2,0.2,0,0,0,0,0,0,0,0,0,0.00,3.09,4.80,0.00,999,89,132,-3.09,0.0%,0.0%,0.0%,0.0%,<a href=https://npb.jp/bis/eng/teams/index_f.html>Nipponham</a>,PL
,Kanemura Shoma,29,7,6,0,6,0,0,537,136.0,116,11,98,24,0,3,1,38,36,2.38,3.29,3.42,1.03,128,95,94,-0.91,2.0%,18.2%,4.5%,13.7%,<a href=https://npb.jp/bis/eng/teams/index_f.html>Nipponham</a>,PL
,Katoh Takayuki,27,10,9,0,0,3,2,672,166.2,174,15,103,17,0,1,2,55,50,2.70,3.35,3.52,1.15,113,97,97,-0.65,2.2%,15.3%,2.5%,12.8%,<a href=https://npb.jp/bis/eng/teams/index_f.html>Nipponham</a>,PL
,Kawano Ryusei,52,1,4,0,33,0,0,168,42.1,33,5,33,11,4,1,4,10,10,2.13,3.91,3.49,1.04,143,113,96,-1.78,3.0%,19.6%,6.5%,13.1%,<a href=https://npb.jp/bis/eng/teams/index_f.html>Nipponham</a>,PL
,Kitaura Ryuji,12,2,1,0,4,0,0,52,11.1,15,2,6,3,1,0,0,8,4,3.18,5.12,4.22,1.59,96,148,116,-1.94,3.8%,11.5%,5.8%,5.7%,<a href=https://npb.jp/bis/eng/teams/index_f.html>Nipponham</a>,PL
,Kitayama Koki,14,5,1,0,1,1,1,320,81.2,52,5,87,28,0,5,1,22,21,2.31,2.97,2.96,0.98,132,86,81,-0.66,1.6%,27.2%,8.8%,18.4%,<a href=https://npb.jp/bis/eng/teams/index_f.html>Nipponham</a>,PL
,Kuroki Yuta,2,0,0,0,0,0,0,9,2.0,1,0,1,2,0,0,0,1,1,4.50,5.09,5.91,1.50,68,147,162,-0.59,0.0%,11.1%,22.2%,-11.1%,<a href=https://npb.jp/bis/eng/teams/index_f.html>Nipponham</a>,PL
,Kuroyanagi Kyosuke,5,0,0,0,0,0,0,25,6.0,3,1,1,5,0,0,0,3,3,4.50,7.42,6.40,1.33,68,215,176,-2.92,4.0%,4.0%,20.0%,-16.0%,<a href=https://npb.jp/bis/eng/teams/index_f.html>Nipponham</a>,PL
,Matsuura Keito,5,0,0,0,1,0,0,22,4.0,4,0,5,6,0,0,0,3,1,2.25,5.09,5.25,2.50,136,147,144,-2.84,0.0%,22.7%,27.3%,-4.6%,<a href=https://npb.jp/bis/eng/teams/index_f.html>Nipponham</a>,PL
,Miyanishi Naoki,30,0,1,0,19,0,0,105,25.2,18,2,24,10,2,0,2,10,6,2.10,3.40,3.47,1.09,145,98,95,-1.30,1.9%,22.9%,9.5%,13.4%,<a href=https://npb.jp/bis/eng/teams/index_f.html>Nipponham</a>,PL
,Murphy Patrick,40,1,2,0,13,0,0,158,38.2,31,2,30,15,1,3,1,17,14,3.26,3.61,3.85,1.19,94,104,106,-0.35,1.3%,19.0%,9.5%,9.5%,<a href=https://npb.jp/bis/eng/teams/index_f.html>Nipponham</a>,PL
,Nabatame Tsubasa,43,1,1,1,9,0,0,172,41.2,48,1,34,9,1,1,1,18,18,3.89,2.49,3.35,1.37,78,72,92,1.40,0.6%,19.8%,5.2%,14.6%,<a href=https://npb.jp/bis/eng/teams/index_f.html>Nipponham</a>,PL
,Nemoto Haruka,2,0,0,0,0,0,0,29,4.1,7,0,4,7,0,1,1,8,7,14.54,6.78,5.83,3.23,21,196,160,7.76,0.0%,13.8%,24.1%,-10.3%,<a href=https://npb.jp/bis/eng/teams/index_f.html>Nipponham</a>,PL
,Rodriguez Bryan,10,1,1,0,3,0,0,36,8.2,9,0,3,2,0,0,0,2,2,2.08,3.09,4.52,1.27,147,89,124,-1.01,0.0%,8.3%,5.6%,2.7%,<a href=https://npb.jp/bis/eng/teams/index_f.html>Nipponham</a>,PL
,Saito Yukiya,25,1,1,1,5,0,0,115,26.1,23,2,25,12,0,0,3,6,5,1.71,3.54,3.67,1.33,178,102,101,-1.83,1.7%,21.7%,10.4%,11.3%,<a href=https://npb.jp/bis/eng/teams/index_f.html>Nipponham</a>,PL
,Sugiura Toshihiro,40,2,0,3,15,0,0,137,34.2,24,1,23,12,0,1,4,8,6,1.56,3.26,4.00,1.04,196,94,110,-1.70,0.7%,16.8%,8.8%,8.0%,<a href=https://npb.jp/bis/eng/teams/index_f.html>Nipponham</a>,PL
,Suzuki Kenya,8,1,2,0,1,0,0,90,23.0,17,3,6,7,0,1,0,7,7,2.74,5.31,4.91,1.04,111,154,135,-2.57,3.3%,6.7%,7.8%,-1.1%,<a href=https://npb.jp/bis/eng/teams/index_f.html>Nipponham</a>,PL
,Tanaka Eito,3,0,0,0,0,0,0,22,4.0,6,2,2,4,0,0,1,5,5,11.25,11.59,5.71,2.50,27,335,157,-0.34,9.1%,9.1%,18.2%,-9.1%,<a href=https://npb.jp/bis/eng/teams/index_f.html>Nipponham</a>,PL
,Tanaka Seigi,53,4,4,20,12,0,0,201,49.2,33,4,47,17,2,3,1,14,12,2.17,3.45,3.31,1.01,141,100,91,-1.28,2.0%,23.4%,8.5%,14.9%,<a href=https://npb.jp/bis/eng/teams/index_f.html>Nipponham</a>,PL
,Tatsu Kota,1,1,0,0,0,0,0,18,5.0,3,0,4,0,0,0,0,0,0,0.00,1.49,2.58,0.60,999,43,71,-1.49,0.0%,22.2%,0.0%,22.2%,<a href=https://npb.jp/bis/eng/teams/index_f.html>Nipponham</a>,PL
,Uehara Kenta,7,0,5,0,0,0,0,126,25.1,40,2,13,13,1,1,0,26,26,9.24,4.75,4.80,2.09,33,137,132,4.49,1.6%,10.3%,10.3%,0.0%,<a href=https://npb.jp/bis/eng/teams/index_f.html>Nipponham</a>,PL
,VerHagen Drew,9,2,2,0,0,0,0,199,49.0,44,5,41,10,0,2,2,20,17,3.12,3.48,3.24,1.10,98,101,89,-0.36,2.5%,20.6%,5.0%,15.6%,<a href=https://npb.jp/bis/eng/teams/index_f.html>Nipponham</a>,PL
,Yamamoto Takumi,36,6,0,0,3,0,0,161,39.2,35,2,30,9,1,2,1,9,8,1.82,3.06,3.50,1.11,168,89,96,-1.24,1.2%,18.6%,5.6%,13.0%,<a href=https://npb.jp/bis/eng/teams/index_f.html>Nipponham</a>,PL
,Yamasaki Sachiya,24,10,6,0,0,2,0,600,147.2,142,17,74,28,1,4,3,57,52,3.17,4.23,4.03,1.15,96,122,111,-1.06,2.8%,12.3%,4.7%,7.6%,<a href=https://npb.jp/bis/eng/teams/index_f.html>Nipponham</a>,PL
,Yanagawa Taisei,21,1,3,8,1,0,0,93,22.0,11,0,20,15,0,0,2,11,10,4.09,3.32,4.26,1.18,75,96,117,0.77,0.0%,21.5%,16.1%,5.4%,<a href=https://npb.jp/bis/eng/teams/index_f.html>Nipponham</a>,PL
,Yazawa Kota,17,1,2,0,3,0,0,62,13.1,11,0,12,13,1,0,1,7,6,4.05,4.21,4.96,1.80,75,122,136,-0.16,0.0%,19.4%,21.0%,-1.6%,<a href=https://npb.jp/bis/eng/teams/index_f.html>Nipponham</a>,PL
,Zabala Aneurys,16,0,0,1,1,0,0,61,15.0,7,1,15,8,0,1,0,4,2,1.20,3.75,3.65,1.00,254,109,100,-2.55,1.6%,24.6%,13.1%,11.5%,<a href=https://npb.jp/bis/eng/teams/index_f.html>Nipponham</a>,PL
