Pitcher,Team,Throws,IP,TBF,FB Velo,K%,BB%,Swing%,Z-Swing%,Chase%,Contact%,Z-Contact%,O-Contact%,SwStr%,Whiff%,CSW%,GB%,FB%,LD%,Zone%,Arm%,Glove%,High%,Low%,MM%
Itoh Hiromi,Nipponham,R,168.0,685,92.9,24.81751825,3.357664234,52.03567274,37.14618069,14.88949205,77.27272727,85.38622129,57.03125,11.82628926,22.72727273,29.35246219,45.20833333,44.79166667,10.0,55.0213261,51.25920186,48.74079814,46.02867106,53.97132894,6.005424254
Tokoda Hiroki,Hiroshima,L,159.6666667,658,88.9,14.28571429,5.167173252,46.73553719,34.29752066,12.43801653,82.31653404,90.12048193,60.79734219,8.26446281,17.68346596,27.72727273,47.2972973,42.85714286,9.845559846,54.7107438,44.88026424,55.11973576,39.01734104,60.98265896,4.913294798
Takahashi Hiroto,Chunichi,R,154.6666667,636,94.4,19.18238994,6.603773585,48.61550633,32.95094937,15.66455696,74.12530513,84.27370948,52.77777778,12.57911392,25.87469487,26.62183544,56.14035088,35.0877193,8.771929825,47.42879747,50.51424051,49.48575949,44.30379747,55.69620253,5.458860759
Murakami Shoki,Hanshin,R,154.6666667,604,90.8,20.52980132,3.476821192,49.10154618,33.4726285,15.62891768,78.04255319,86.51685393,59.89304813,10.78144588,21.95744681,27.66402006,38.18181818,52.27272727,9.545454545,50.89845382,50.7518797,49.2481203,42.89891395,57.10108605,4.344193818
Moinelo Livan,SoftBank,L,151.6666667,598,93.0,27.090301,6.688963211,50.50167224,34.7826087,15.71906355,72.26821192,82.33173077,50.0,14.00501672,27.73178808,30.64381271,42.82051282,49.48717949,7.692307692,51.92307692,40.05016722,59.94983278,41.88963211,58.11036789,4.096989967
Arihara Kohei,SoftBank,R,151.3333333,647,91.6,16.07418856,5.7187017,48.23580034,32.65920826,15.57659208,76.36039251,88.53754941,50.82872928,11.40275387,23.63960749,27.53872633,52.81124498,36.14457831,11.04417671,49.44061962,59.1827957,40.8172043,34.10752688,65.89247312,2.967741935
Saiki Hiroto,Hanshin,R,150.0,613,93.3,19.08646003,6.688417618,47.1326915,34.57513604,12.55755546,78.86323268,84.98789346,62.0,9.962327334,21.13676732,27.04060276,42.0,48.0,10.0,52.07199665,47.40802676,52.59197324,48.99665552,51.00334448,5.727424749
Morishita Masato,Hiroshima,R,150.0,621,91.1,14.81481481,5.475040258,48.75322442,36.93035254,11.82287188,82.18694885,89.40628638,59.63636364,8.684436801,17.81305115,25.70937231,51.97505198,37.21413721,10.81081081,54.55717971,56.16673829,43.83326171,49.11903739,50.88096261,4.727116459
Kuri Allen,ORIX,R,148.3333333,624,88.3,16.66666667,6.891025641,43.4,28.12,15.28,77.88018433,90.18492176,55.23560209,9.6,22.11981567,27.12,52.34042553,36.38297872,11.27659574,46.0,57.23421263,42.76578737,26.25899281,73.74100719,4.076738609
Azuma Katsuki,DeNA,L,144.3333333,594,88.7,18.68686869,3.703703704,48.78957169,34.45065177,14.33891993,80.15267176,88.91891892,59.09090909,9.683426443,19.84732824,30.77281192,45.69536424,45.47461369,8.830022075,55.95903166,55.67970205,44.32029795,38.17504655,61.82495345,6.005586592
Imai Tatsuya,Seibu,R,143.0,567,94.8,28.39506173,6.701940035,48.78156845,32.38812583,16.39344262,67.84741144,82.62653899,38.64864865,15.684537,32.15258856,31.6792202,51.11111111,40.27777778,8.611111111,48.64864865,48.29419584,51.70580416,43.59769606,56.40230394,4.785112982
Sumida Chihiro,Seibu,L,142.6666667,585,91.9,21.88034188,4.786324786,47.45042493,33.05004721,14.40037771,76.71641791,86.71428571,53.7704918,11.04815864,23.28358209,30.16997167,48.33333333,42.61904762,9.047619048,52.45514636,42.75601699,57.24398301,36.43227938,63.56772062,5.096743747
Yamasaki Iori,Yomiuri,R,142.0,568,91.9,21.3028169,4.401408451,47.45080501,31.21645796,16.23434705,77.09707823,88.96848138,54.26997245,10.86762075,22.90292177,28.2647585,55.80808081,36.11111111,8.080808081,48.79248658,56.58776239,43.41223761,35.55158553,64.44841447,3.305046896
Kay Anthony,DeNA,L,142.0,571,94.5,21.01576182,5.779334501,48.69486949,32.89828983,15.79657966,75.69316081,87.14090287,51.85185185,11.83618362,24.30683919,28.89288929,57.73955774,34.64373464,7.616707617,50.3150315,38.41655421,61.58344579,42.95996401,57.04003599,4.633378318
Matsuba Takahiro,Chunichi,L,141.6666667,598,84.3,10.2006689,6.02006689,44.77407576,32.67914194,12.09493382,85.52497452,92.03910615,67.9245283,6.481058877,14.47502548,26.10680055,50.41322314,41.94214876,7.644628099,52.98950251,46.23459607,53.76540393,38.93199452,61.06800548,4.47284345
Taneichi Atsuki,Lotte,R,137.6666667,593,92.3,22.42833052,7.757166948,48.38709677,33.26068003,15.12641674,74.95495495,87.6802097,46.9740634,12.11857018,25.04504505,28.1168265,50.36855037,41.52334152,8.108108108,49.86922406,54.75152572,45.24847428,31.29904098,68.70095902,6.015693112
Miyagi Hiroya,ORIX,L,136.0,558,90.8,26.70250896,4.838709677,48.41525034,32.52181902,15.89343133,73.90891841,87.99435028,45.0867052,12.63206247,26.09108159,32.10840606,51.60427807,39.30481283,9.090909091,52.1819017,38.81488287,61.18511713,28.29581994,71.70418006,5.052824989
Jackson Andre,DeNA,R,135.6666667,594,94.2,16.83501684,7.744107744,46.78055191,34.20937363,12.57117827,79.21348315,87.06786172,57.83972125,9.724047306,20.78651685,27.24485326,52.92740047,39.11007026,7.962529274,52.3434078,35.43583005,64.56416995,51.07314936,48.92685064,6.482698204
Ohzeki Tomohisa,SoftBank,L,135.0,544,88.6,16.91176471,5.514705882,46.60421546,35.55035129,11.05386417,81.80904523,89.85507246,55.93220339,8.477751756,18.19095477,26.46370023,42.99516908,50.0,7.004830918,53.58313817,40.37470726,59.62529274,33.86416862,66.13583138,5.339578454
Kitayama Koki,Nipponham,R,134.0,543,93.3,23.02025783,6.998158379,48.58205486,34.77452348,13.80753138,78.37320574,85.02673797,61.61616162,10.50674105,21.62679426,28.21943282,41.28686327,48.79356568,9.919571046,52.90562529,42.53835425,57.46164575,53.88191539,46.11808461,5.718270572
Takahashi Kona,Seibu,R,127.6666667,542,93.0,13.65313653,6.642066421,45.52023121,33.76685934,11.75337187,82.11640212,92.01141227,53.68852459,8.140655106,17.88359788,25.57803468,51.06382979,39.71631206,9.219858156,51.54142582,51.75734232,48.24265768,44.53538758,55.46461242,5.633124699
Ohsera Daichi,Hiroshima,R,127.6666667,539,89.0,15.39888683,5.936920223,48.12286689,35.64115066,12.48171624,80.04052685,88.23529412,56.640625,9.605070697,19.95947315,25.49975622,44.16873449,47.14640199,8.684863524,52.16967333,48.48927875,51.51072125,38.15789474,61.84210526,4.532163743
Uwasawa Naoyuki,SoftBank,R,127.0,515,90.7,18.83495146,6.601941748,48.06930693,33.71287129,14.35643564,77.23995881,85.31571219,58.27586207,10.94059406,22.76004119,29.05940594,48.38709677,45.43010753,6.182795699,52.27722772,51.88118812,48.11881188,51.73267327,48.26732673,5.940594059
Bauer Trevor,DeNA,R,126.0,554,93.4,21.29963899,7.220216606,42.13536702,29.79027645,12.34509056,75.33936652,87.52,45.94594595,10.39084843,24.66063348,32.79313632,49.0616622,41.8230563,9.115281501,52.66920877,43.78275369,56.21724631,43.92567889,56.07432111,5.859933302
Ojima Kazuya,Lotte,L,123.6666667,534,89.6,14.23220974,8.61423221,45.31173294,31.61512027,13.69661267,80.06500542,90.0621118,56.98924731,9.032891507,19.93499458,26.31320569,46.07843137,45.83333333,8.088235294,49.09180167,43.74079529,56.25920471,35.54246441,64.45753559,4.025527737
Espinoza Anderson,ORIX,R,122.0,537,92.1,20.8566108,7.82122905,44.97607656,32.44019139,12.53588517,78.61702128,88.9380531,51.90839695,9.61722488,21.38297872,29.33014354,53.84615385,36.60477454,9.549071618,52.44019139,56.6507177,43.3492823,36.41148325,63.58851675,5.502392344
Watanabe Yutaro,Seibu,R,121.3333333,516,91.6,14.72868217,6.589147287,50.49816466,36.86418458,13.63398007,82.86604361,90.89615932,61.15384615,8.652333508,17.13395639,24.75091767,46.3840399,43.64089776,9.975062344,53.27739906,50.76035658,49.23964342,49.6591505,50.3408495,6.712113267
Mori Shohei,Hiroshima,L,120.6666667,511,89.0,18.00391389,5.283757339,44.13265306,33.57142857,10.56122449,81.15606936,88.44984802,57.97101449,8.316326531,18.84393064,28.57142857,48.31168831,41.2987013,10.38961039,54.3877551,45.66326531,54.33673469,41.58163265,58.41836735,4.795918367
Akahoshi Yuji,Yomiuri,R,119.3333333,486,90.9,18.10699588,3.29218107,46.23115578,32.27247348,13.9586823,83.09178744,92.04152249,62.4,7.816862088,16.90821256,28.75488554,54.86486486,35.94594595,9.189189189,53.71300949,52.39955357,47.60044643,32.08705357,67.91294643,5.189732143
Voth Austin,Lotte,R,118.0,508,91.2,17.71653543,5.118110236,47.37923947,35.09763618,12.28160329,77.54880694,84.91947291,56.48535565,10.63720452,22.45119306,28.62281603,39.84375,51.5625,8.59375,53.44295992,41.93216855,58.06783145,37.25590956,62.74409044,5.652620761
Yoshimura Kojiro,Yakult,R,115.3333333,488,91.4,15.57377049,4.508196721,49.83766234,34.84848485,14.98917749,83.17046688,88.97515528,69.67509025,8.387445887,16.82953312,26.73160173,45.85492228,43.00518135,11.13989637,53.73376623,47.86371011,52.13628989,49.97295836,50.02704164,5.570578691
Ohno Yudai,Chunichi,L,113.6666667,452,88.8,14.82300885,5.530973451,45.07803121,32.41296519,12.66506603,84.02130493,89.62962963,69.66824645,7.202881152,15.97869507,27.25090036,45.91549296,48.45070423,5.633802817,52.94117647,45.07803121,54.92196879,55.70228091,44.29771909,6.00240096
Lambert Peter,Yakult,R,112.6666667,512,93.6,20.3125,9.9609375,45.67901235,32.59259259,13.08641975,76.75675676,87.12121212,50.94339623,10.61728395,23.24324324,28.88888889,43.26647564,44.6991404,12.03438395,51.60493827,49.70384995,50.29615005,49.30898322,50.69101678,6.02171767
Katoh Takayuki,Nipponham,L,112.0,466,85.9,11.58798283,2.145922747,48.97067998,38.73986276,10.23081722,87.2611465,90.82125604,73.7804878,6.238303182,12.7388535,28.07236432,46.44670051,42.89340102,10.65989848,61.13537118,48.06733167,51.93266833,37.09476309,62.90523691,5.486284289
Yamasaki Sachiya,Nipponham,L,106.3333333,438,85.9,11.18721461,3.652968037,45.35554132,35.68225496,9.673286355,85.59322034,91.56193896,63.57615894,6.534272902,14.40677966,27.93081358,45.82210243,46.0916442,8.086253369,57.65534914,49.93597951,50.06402049,35.40332907,64.59667093,5.313700384
Inoue Haruto,Yomiuri,L,104.6666667,452,91.2,22.12389381,3.982300885,48.46153846,32.24852071,16.21301775,76.55677656,87.88990826,54.01459854,11.36094675,23.44322344,30.0,44.03669725,44.95412844,11.00917431,51.47928994,49.82248521,50.17751479,42.07100592,57.92899408,5.029585799
Sotani Ryuhei,ORIX,L,103.6666667,450,92.3,21.55555556,4.888888889,48.67256637,33.39233038,15.28023599,75.75757576,88.51590106,47.87644788,11.79941003,24.24242424,29.32153392,46.39498433,45.14106583,8.463949843,51.15044248,40.86084906,59.13915094,41.86320755,58.13679245,4.363207547
Fujii Masaru,Rakuten,L,102.3333333,460,86.9,12.39130435,9.347826087,42.47586599,30.60760931,11.86825667,82.48663102,90.72356215,61.24401914,7.438955139,17.51336898,25.32651902,40.2266289,48.72521246,11.04815864,48.8358887,44.29301533,55.70698467,33.95797842,66.04202158,5.621805792
Ihara Takato,Hanshin,L,99.0,412,88.5,17.47572816,5.097087379,46.95160277,33.87806411,13.07353865,81.92771084,87.38404453,67.78846154,8.485229415,18.07228916,26.96417348,46.42857143,47.4025974,6.168831169,52.79698303,35.61557789,64.38442211,45.66582915,54.33417085,4.020100503
Togo Shosei,Yomiuri,R,96.66666667,439,91.3,17.31207289,8.883826879,46.80851064,31.3973548,15.41115584,77.3955774,87.17948718,57.46268657,10.58079356,22.6044226,27.83208741,41.5625,49.6875,8.75,49.51121334,50.83381254,49.16618746,36.80276021,63.19723979,5.232892467
Tajima Daiki,ORIX,L,94.33333333,394,89.6,16.75126904,5.076142132,47.08171206,35.73281453,11.34889754,81.26721763,88.7477314,57.71428571,8.819714656,18.73278237,26.07003891,47.7124183,41.50326797,10.78431373,53.307393,39.81841764,60.18158236,34.43579767,65.56420233,5.447470817
Kishi Takayuki,Rakuten,R,93.66666667,408,87.8,11.76470588,4.901960784,44.85804416,32.80757098,12.05047319,84.95077356,91.73076923,66.4921466,6.750788644,15.04922644,26.68769716,34.02366864,55.0295858,10.94674556,52.93375394,49.27444795,50.72555205,32.49211356,67.50788644,5.173501577
Tatsu Kota,Nipponham,R,92.66666667,364,92.0,23.07692308,5.21978022,51.13941019,38.06970509,13.06970509,79.29226737,86.44366197,58.46153846,10.58981233,20.70773263,28.75335121,46.89922481,42.63565891,10.46511628,56.43431635,40.32150033,59.67849967,44.87608841,55.12391159,6.095110516
Koja Tatsuki,Rakuten,L,91.33333333,403,90.1,16.87344913,5.70719603,49.69615125,37.13706955,12.5590817,80.02717391,85.81818182,62.90322581,9.925725861,19.97282609,26.26603646,48.22006472,38.83495146,12.94498382,54.22012154,46.11748818,53.88251182,48.88588791,51.11411209,4.321404456
Okugawa Yasunobu,Yakult,R,91.0,417,91.4,16.54676259,6.714628297,47.5388601,33.2253886,14.3134715,79.42779292,89.86354776,55.20361991,9.779792746,20.57220708,29.40414508,49.35483871,42.25806452,8.387096774,53.36787565,51.81112549,48.18887451,43.72574386,56.27425614,5.627425614
Ishikawa Shuta,Lotte,R,90.0,404,89.7,11.88118812,8.168316832,43.90572391,33.46801347,10.43771044,85.73619632,92.15291751,65.16129032,6.262626263,14.26380368,26.32996633,46.20253165,44.62025316,9.17721519,54.00673401,46.12794613,53.87205387,44.37710438,55.62289562,6.936026936
Muller Kyle,Chunichi,L,90.0,392,92.3,20.66326531,6.37755102,47.11417817,31.74404015,15.37013802,76.69773635,89.13043478,51.02040816,10.97867001,23.30226365,29.36010038,53.28467153,36.13138686,10.58394161,50.62735257,44.22835634,55.77164366,42.40903388,57.59096612,3.513174404
Duplantier Jon,Hanshin,R,89.0,350,93.4,32.28571429,5.428571429,44.59654179,30.90778098,13.68876081,71.72859451,84.38228438,43.15789474,12.60806916,28.27140549,33.21325648,49.02912621,43.2038835,7.766990291,52.08933718,49.63976945,50.36023055,46.10951009,53.89048991,6.556195965
Kanemura Shoma,Nipponham,R,88.66666667,366,90.9,16.12021858,3.278688525,49.96309963,34.24354244,15.7195572,79.17282127,88.14655172,59.62441315,10.40590406,20.82717873,26.86346863,47.94520548,41.09589041,10.95890411,51.36531365,44.2804428,55.7195572,41.84501845,58.15498155,5.313653137
Takanashi Hirotoshi,Yakult,R,86.66666667,381,90.9,18.6351706,6.299212598,45.49731183,31.98924731,13.50806452,80.05908419,87.60504202,62.18905473,9.072580645,19.94091581,27.28494624,46.12546125,45.01845018,8.856088561,50.60483871,52.82258065,47.17741935,51.27688172,48.72311828,6.115591398
Ohtake Koutaro,Hanshin,L,84.0,338,85.2,10.94674556,1.775147929,46.46716542,34.66334165,11.80382377,87.65652952,90.88729017,78.16901408,5.735660848,12.34347048,29.01080632,44.5229682,46.28975265,9.187279152,58.35411471,37.62458472,62.37541528,42.52491694,57.47508306,4.900332226
Kanemaru Yumeto,Chunichi,L,82.66666667,334,92.4,20.65868263,4.191616766,48.60166289,33.48450491,15.11715797,79.9377916,87.35891648,63.5,9.750566893,20.0622084,28.11791383,44.12955466,47.77327935,8.097165992,52.75888133,49.39577039,50.60422961,44.86404834,55.13595166,7.099697885
Matsumoto Haru,SoftBank,L,82.33333333,357,91.1,24.08963585,5.042016807,48.48484848,36.36363636,12.12121212,77.59146341,88.41463415,45.12195122,10.86474501,22.40853659,29.49002217,51.02880658,36.21399177,12.75720165,55.50628234,38.22878229,61.77121771,40.88560886,59.11439114,5.461254613
Ishida Yutaro,DeNA,R,81.66666667,331,90.3,24.7734139,5.135951662,41.48606811,29.64396285,11.84210526,78.54477612,86.68407311,58.16993464,8.900928793,21.45522388,32.04334365,47.11111111,43.55555556,9.333333333,52.94117647,48.91808346,51.08191654,34.85316847,65.14683153,5.023183926
Tamamura Shogo,Hiroshima,L,81.33333333,343,89.1,19.82507289,3.206997085,50.07898894,38.15165877,11.92733017,81.23028391,86.33540373,64.90066225,9.399684044,18.76971609,29.14691943,42.69230769,47.30769231,10.0,58.45181675,44.59352802,55.40647198,39.38437253,60.61562747,4.656669298
Itoh Masashi,Hanshin,L,80.66666667,320,87.4,15.0,2.5,44.9618967,32.09144793,12.87044877,85.49905838,92.08443272,69.07894737,6.519898391,14.50094162,27.43437765,52.734375,40.234375,7.03125,53.59864522,44.9704142,55.0295858,37.36263736,62.63736264,5.83262891
Yoza Kaito,Seibu,R,79.33333333,325,81.5,11.69230769,3.384615385,49.48542024,37.65008576,11.83533448,84.05545927,88.83826879,68.84057971,7.890222985,15.94454073,26.41509434,41.94756554,51.31086142,6.741573034,56.86106346,52.74442539,47.25557461,43.99656947,56.00343053,6.003430532
Takinaka Ryota,Rakuten,R,77.0,339,88.6,12.97935103,5.899705015,44.2962963,32.0,12.2962963,83.61204013,89.12037037,69.27710843,7.259259259,16.38795987,25.33333333,39.25925926,51.48148148,9.259259259,50.22222222,45.62962963,54.37037037,38.44444444,61.55555556,4.592592593
Tanaka Haruya,Lotte,R,75.33333333,316,93.0,24.36708861,8.227848101,45.6916996,32.41106719,13.28063241,72.14532872,82.68292683,46.42857143,12.72727273,27.85467128,30.83003953,47.36842105,44.01913876,8.612440191,50.98814229,49.88142292,50.11857708,44.743083,55.256917,4.664031621
Uchi Seiryu,Rakuten,R,75.0,327,91.5,11.62079511,6.727828746,48.20512821,36.4957265,11.70940171,85.46099291,92.03747073,64.96350365,7.008547009,14.53900709,22.90598291,40.15444015,52.50965251,7.335907336,53.24786325,51.53846154,48.46153846,43.76068376,56.23931624,5.982905983
Griffin Foster,Yomiuri,L,74.66666667,295,90.8,26.10169492,4.745762712,46.17368874,33.44797936,12.72570937,73.74301676,83.03341902,49.32432432,12.12381771,26.25698324,31.04041273,53.06122449,40.30612245,6.632653061,53.39638865,49.61373391,50.38626609,44.72103004,55.27896996,5.493562232
Avila Pedro,Yakult,R,74.66666667,320,91.6,16.875,8.4375,45.2892562,30.24793388,15.04132231,77.18978102,89.89071038,51.64835165,10.33057851,22.81021898,28.42975207,46.49122807,44.73684211,8.771929825,48.84297521,52.80991736,47.19008264,43.30578512,56.69421488,4.79338843
Sammons Bryan,Lotte,L,74.33333333,328,89.4,19.51219512,10.67073171,43.09593023,30.66860465,12.42732558,79.93254637,90.04739336,54.97076023,8.648255814,20.06745363,25.94476744,37.21973094,57.84753363,4.932735426,48.47383721,39.31686047,60.68313953,42.00581395,57.99418605,4.869186047
Yanagi Yuya,Chunichi,R,67.66666667,295,88.9,19.3220339,7.796610169,41.79850125,28.72606162,13.07243963,79.6812749,90.43478261,56.05095541,8.492922565,20.3187251,28.80932556,50.0,43.75,6.25,49.45878435,48.37635304,51.62364696,35.80349709,64.19650291,4.329725229
Hayakawa Takahisa,Rakuten,L,67.33333333,291,89.5,20.96219931,6.872852234,49.34152766,34.9429324,14.39859526,76.51245552,84.42211055,57.31707317,11.58911326,23.48754448,28.53380158,33.81642512,59.42028986,6.763285024,52.32660228,46.22807018,53.77192982,38.07017544,61.92982456,5.526315789
Ohnuki Shinichi,DeNA,R,66.0,274,89.0,16.05839416,4.379562044,47.41873805,34.32122371,13.09751434,82.45967742,91.64345404,58.39416058,8.317399618,17.54032258,28.20267686,55.50239234,34.44976077,10.04784689,54.58891013,62.81070746,37.18929254,42.06500956,57.93499044,5.353728489
Ogawa Yasuhiro,Yakult,R,65.66666667,284,88.0,15.14084507,3.873239437,48.57685009,31.40417457,17.17267552,82.8125,90.93655589,67.9558011,8.34914611,17.1875,26.94497154,40.17857143,53.125,6.696428571,50.4743833,50.28462998,49.71537002,42.50474383,57.49525617,3.605313093
Yamano Taichi,Yakult,L,63.0,288,91.2,17.70833333,6.597222222,47.03832753,33.88501742,13.1533101,79.25925926,84.57583548,65.56291391,9.756097561,20.74074074,29.00696864,48.54368932,41.74757282,9.708737864,53.31010453,45.38327526,54.61672474,31.96864111,68.03135889,6.968641115
Takeuchi Natsuki,Seibu,L,60.33333333,257,90.0,17.12062257,5.836575875,48.02030457,36.24365482,11.77664975,79.9154334,87.39495798,56.89655172,9.644670051,20.0845666,25.98984772,42.78350515,45.87628866,11.34020619,53.19796954,50.40567951,49.59432049,41.78498986,58.21501014,6.592292089
Yajure Miguel,Rakuten,R,60.33333333,276,91.7,10.50724638,8.333333333,43.63449692,32.44353183,11.19096509,81.41176471,86.70886076,66.05504587,8.110882957,18.58823529,26.89938398,56.56108597,34.84162896,8.597285068,52.15605749,47.6386037,52.3613963,45.07186858,54.92813142,3.593429158
Oyokawa Masaki,Hanshin,L,57.33333333,221,91.2,27.14932127,6.334841629,46.47398844,32.02312139,14.45086705,72.13930348,90.61371841,31.2,12.94797688,27.86069652,31.56069364,60.0,32.14285714,7.857142857,51.56069364,41.01382488,58.98617512,27.76497696,72.23502304,4.608294931
Sugiyama Kazuki,SoftBank,R,57.33333333,244,95.1,31.96721311,8.196721311,50.71138211,31.80894309,18.90243902,64.12825651,81.46964856,34.94623656,18.19105691,35.87174349,33.94308943,44.20289855,46.37681159,9.420289855,47.86585366,50.81300813,49.18699187,36.38211382,63.61788618,5.487804878
Wakui Hideaki,Chunichi,R,57.0,245,90.1,15.91836735,6.93877551,47.10743802,35.33057851,11.7768595,82.6754386,89.18128655,63.15789474,8.161157025,17.3245614,25.41322314,46.96132597,41.43646409,11.60220994,53.61570248,52.27272727,47.72727273,44.11157025,55.88842975,7.128099174
Yokogawa Kai,Yomiuri,L,56.66666667,234,88.1,15.38461538,6.837606838,43.00578035,29.47976879,13.52601156,82.25806452,92.94117647,58.97435897,7.630057803,17.74193548,28.9017341,60.22727273,30.11363636,9.659090909,51.79190751,44.22632794,55.77367206,42.49422633,57.50577367,4.387990762
Ishikawa Tatsuya,Yomiuri,L,56.33333333,238,89.4,18.06722689,6.722689076,44.17112299,30.80213904,13.36898396,80.8716707,88.88888889,62.4,8.449197861,19.1283293,27.70053476,53.48837209,37.20930233,9.302325581,51.12299465,43.75667022,56.24332978,45.67769477,54.32230523,4.69583778
Takashima Taito,ORIX,R,55.33333333,246,91.9,12.60162602,5.691056911,47.78481013,33.86075949,13.92405063,83.00220751,92.83489097,59.09090909,8.122362869,16.99779249,24.05063291,46.84210526,45.26315789,7.894736842,50.21097046,59.81012658,40.18987342,47.0464135,52.9535865,5.5907173
Ota Taisei,Yomiuri,R,54.66666667,224,95.2,23.66071429,4.017857143,52.21556886,35.80838323,16.40718563,73.85321101,84.28093645,51.09489051,13.65269461,26.14678899,28.86227545,53.84615385,36.53846154,9.615384615,51.49700599,49.76133652,50.23866348,42.84009547,57.15990453,5.131264916
Shimauchi Sotaro,Hiroshima,R,54.66666667,216,94.2,25.92592593,9.259259259,49.63680387,33.17191283,16.46489104,69.51219512,83.21167883,41.91176471,15.13317191,30.48780488,29.53995157,45.92592593,45.92592593,8.148148148,47.94188862,64.16464891,35.83535109,45.03631961,54.96368039,5.205811138
Nishigaki Masaya,Rakuten,R,54.33333333,225,92.8,25.77777778,8.444444444,45.27687296,31.37893594,13.89793702,77.45803357,88.23529412,53.125,10.2062975,22.54196643,28.66449511,54.34782609,39.13043478,6.52173913,50.16286645,55.48317047,44.51682953,39.95656895,60.04343105,5.971769815
Shoji Kosei,Rakuten,R,54.0,226,92.9,24.77876106,8.407079646,48.40484048,32.23322332,16.17161716,72.5,85.32423208,46.93877551,13.31133113,27.5,28.49284928,53.37837838,41.21621622,5.405405405,47.85478548,49.6149615,50.3850385,41.25412541,58.74587459,3.96039604
Kimura Yuto,Lotte,R,53.0,226,91.8,17.25663717,6.637168142,46.05714286,33.48571429,12.57142857,79.15632754,92.49146758,43.63636364,9.6,20.84367246,28.91428571,47.92899408,43.78698225,8.284023669,53.37142857,47.08571429,52.91428571,31.08571429,68.91428571,5.142857143
Ohtsu Ryosuke,SoftBank,R,52.66666667,221,90.7,12.21719457,3.619909502,49.76247031,35.86698337,13.89548694,82.57756563,89.07284768,65.81196581,8.669833729,17.42243437,25.65320665,50.27932961,39.66480447,10.05586592,53.44418052,52.96912114,47.03087886,37.64845606,62.35154394,4.750593824
Moriura Daisuke,Hiroshima,L,52.33333333,220,92.2,27.27272727,4.545454545,47.76119403,32.95063146,14.81056257,71.15384615,78.39721254,55.03875969,13.77726751,28.84615385,29.04707233,46.5648855,38.93129771,14.50381679,49.02411022,45.98623853,54.01376147,42.31651376,57.68348624,4.931192661
Fujihira Shoma,Rakuten,R,52.0,214,94.4,27.57009346,7.943925234,48.59926918,33.25213155,15.34713764,69.92481203,84.61538462,38.0952381,14.61632156,30.07518797,30.57247259,49.23076923,46.92307692,3.846153846,49.45188794,56.272838,43.727162,42.99634592,57.00365408,5.481120585
Norimoto Takahiro,Rakuten,R,51.33333333,223,92.6,18.38565022,8.071748879,49.0104773,34.80791618,14.20256112,77.19714964,85.6187291,56.55737705,11.1757858,22.80285036,24.91268917,54.65838509,39.13043478,6.211180124,49.82537835,48.89406286,51.10593714,36.78696158,63.21303842,5.005820722
Fujishima Kento,Chunichi,R,50.66666667,211,88.8,15.63981043,5.687203791,45.81339713,31.93779904,13.87559809,79.11227154,86.51685393,62.06896552,9.56937799,20.88772846,26.55502392,49.68152866,43.31210191,7.006369427,50.11961722,47.19235364,52.80764636,47.31182796,52.68817204,5.13739546
Kuribayashi Ryoji,Hiroshima,R,50.66666667,205,92.0,26.34146341,7.804878049,47.21141375,31.90661479,15.30479896,71.42857143,80.08130081,53.38983051,13.48897536,28.57142857,32.55512322,55.03875969,38.75968992,6.201550388,51.49156939,51.55440415,48.44559585,40.28497409,59.71502591,6.476683938
Shimizu Tatsuya,Chunichi,R,50.0,214,93.0,21.02803738,7.476635514,44.09356725,34.26900585,9.824561404,78.77984085,86.6894198,51.19047619,9.356725146,21.22015915,27.36842105,57.24137931,31.72413793,11.03448276,52.98245614,54.24912689,45.75087311,37.71827707,62.28172293,7.217694994
Machado Andres,ORIX,R,49.66666667,213,97.1,29.57746479,6.572769953,56.41975309,37.28395062,19.13580247,69.14660832,81.78807947,44.51612903,17.40740741,30.85339168,29.25925926,55.55555556,38.0952381,6.349206349,49.62962963,60.7891492,39.2108508,40.1972873,59.8027127,4.192355117
Ishii Daichi,Hanshin,R,49.33333333,190,92.8,20.52631579,2.631578947,55.11049724,42.40331492,12.70718232,76.69172932,81.43322476,60.86956522,12.84530387,23.30827068,27.48618785,42.02898551,47.82608696,10.14492754,57.18232044,50.41436464,49.58563536,38.5359116,61.4640884,7.044198895
Nishino Yuji,Lotte,R,49.33333333,207,89.7,14.00966184,5.314009662,46.02564103,31.92307692,14.1025641,81.33704735,88.75502008,64.54545455,8.58974359,18.66295265,27.30769231,46.66666667,43.63636364,9.696969697,51.15384615,48.46153846,51.53846154,36.66666667,63.33333333,5.128205128
Maeda Jun,SoftBank,L,49.0,213,86.7,14.55399061,7.981220657,45.14285714,34.4,10.74285714,81.26582278,88.03986711,59.57446809,8.457142857,18.73417722,26.05714286,31.44654088,56.60377358,11.94968553,52.11428571,42.51428571,57.48571429,42.4,57.6,6.742857143
Sugai Shinya,Seibu,L,49.0,212,87.7,19.33962264,13.20754717,44.87334138,31.8455971,13.02774427,74.19354839,85.60606061,46.2962963,11.58021713,25.80645161,29.91556092,37.76223776,52.44755245,9.79020979,50.90470446,41.013269,58.986731,41.97828709,58.02171291,5.307599517
Martinez Raidel,Yomiuri,R,48.33333333,186,95.3,31.72043011,3.225806452,57.99721836,35.88317107,22.11404729,67.38609113,78.68217054,49.05660377,18.91515994,32.61390887,32.12795549,46.72897196,42.99065421,10.28037383,49.65229485,54.38108484,45.61891516,53.26842837,46.73157163,5.841446453
Yokoyama Rikuto,Lotte,R,48.33333333,197,93.7,19.2893401,5.583756345,48.71447903,34.64140731,14.07307172,75.55555556,84.375,53.84615385,11.90798376,24.44444444,27.33423545,44.52554745,48.17518248,7.299270073,50.33829499,47.16216216,52.83783784,37.02702703,62.97297297,4.864864865
Takano Shuta,Lotte,L,47.66666667,194,89.4,28.86597938,5.154639175,47.05111402,29.22673657,17.82437746,67.13091922,83.85650224,39.70588235,15.46526868,32.86908078,32.63433814,49.18032787,43.44262295,7.37704918,47.05111402,56.15183246,43.84816754,38.61256545,61.38743455,6.413612565
Nishidate Yuhi,Yomiuri,R,47.33333333,206,92.4,18.93203883,4.368932039,47.81456954,34.30463576,13.50993377,79.50138504,89.96138996,52.94117647,9.801324503,20.49861496,28.60927152,44.73684211,46.05263158,9.210526316,53.77483444,48.34437086,51.65562914,43.57615894,56.42384106,6.092715232
Taira Kentaro,DeNA,R,47.33333333,200,88.2,21.5,4.5,44.75609756,28.41463415,16.34146341,78.47411444,90.12875536,58.20895522,9.634146341,21.52588556,29.75609756,45.89041096,47.26027397,6.849315068,48.7804878,35.85365854,64.14634146,27.92682927,72.07317073,3.048780488
Matsuyama Shinya,Chunichi,R,47.0,187,95.7,33.68983957,5.882352941,46.17414248,31.00263852,15.17150396,72.28571429,84.25531915,47.82608696,12.79683377,27.71428571,30.07915567,53.57142857,37.5,8.928571429,48.94459103,52.11081794,47.88918206,39.31398417,60.68601583,5.672823219
Iwazaki Suguru,Hanshin,L,47.0,195,87.9,19.48717949,5.128205128,47.73371105,34.98583569,12.74787535,78.04154303,88.66396761,48.88888889,10.4815864,21.95845697,30.16997167,45.89041096,43.83561644,10.2739726,55.38243626,41.86704385,58.13295615,46.11032532,53.88967468,4.384724187
Nakagawa Kota,Yomiuri,L,46.66666667,205,91.0,26.82926829,3.902439024,52.61146497,35.79617834,16.81528662,74.81840194,84.34163701,54.54545455,13.24840764,25.18159806,29.17197452,47.01492537,42.53731343,10.44776119,52.22929936,49.68152866,50.31847134,41.27388535,58.72611465,4.331210191
Miyagi Daita,DeNA,R,46.66666667,197,91.4,19.79695431,10.15228426,44.49938195,30.90234858,13.59703337,78.05555556,88.8,53.63636364,9.765142151,21.94444444,28.80098888,49.61832061,45.80152672,4.580152672,50.92707046,55.30864198,44.69135802,44.19753086,55.80246914,5.432098765
Ise Hiromu,DeNA,R,46.33333333,189,91.5,26.98412698,5.291005291,46.76753783,33.97524072,12.79229711,75.88235294,82.18623482,59.13978495,11.27922971,24.11764706,31.91196699,38.88888889,50.79365079,10.31746032,55.43328748,43.20987654,56.79012346,43.62139918,56.37860082,4.938271605
Fujii Kouya,SoftBank,R,46.33333333,186,93.6,36.55913978,6.989247312,53.26215896,35.46856465,17.79359431,65.92427617,77.59197324,42.66666667,18.14946619,34.07572383,32.14709371,39.21568627,54.90196078,5.882352941,49.82206406,43.06049822,56.93950178,32.85883749,67.14116251,5.575326216
Taira Kaima,Seibu,R,46.0,190,95.4,25.78947368,7.894736842,50.20576132,34.56790123,15.63786008,71.58469945,85.31746032,41.22807018,14.26611797,28.41530055,29.218107,55.08474576,37.28813559,7.627118644,49.93141289,55.69272977,44.30727023,51.1659808,48.8340192,4.526748971
Hearn Taylor,Hiroshima,L,46.0,199,95.2,25.6281407,5.527638191,53.62318841,39.13043478,14.49275362,75.18427518,84.51178451,50.0,13.30698287,24.81572482,27.9314888,50.3875969,40.31007752,9.302325581,54.15019763,39.55321945,60.44678055,48.48883049,51.51116951,5.387647832
Nishiguchi Naoto,Rakuten,R,45.33333333,177,93.3,37.85310734,6.779661017,52.07792208,37.27272727,14.80519481,65.83541147,73.86759582,45.61403509,17.79220779,34.16458853,31.2987013,43.15789474,49.47368421,7.368421053,51.03896104,50.0,50.0,50.25974026,49.74025974,6.883116883
Matsumoto Yuki,SoftBank,R,44.66666667,169,94.0,30.17751479,5.917159763,47.94721408,34.60410557,13.3431085,74.9235474,85.16949153,48.35164835,12.02346041,25.0764526,31.96480938,47.61904762,45.71428571,6.666666667,55.13196481,49.26900585,50.73099415,34.21052632,65.78947368,4.532163743
Perdomo Luis,ORIX,R,44.66666667,185,91.8,12.97297297,4.864864865,47.78481013,33.38607595,14.39873418,81.12582781,94.31279621,50.54945055,9.018987342,18.87417219,27.05696203,55.39568345,29.49640288,15.10791367,52.37341772,53.55450237,46.44549763,27.80410742,72.19589258,4.58135861
Wingenter Trey,Seibu,R,44.33333333,178,96.2,37.64044944,11.23595506,49.92987377,30.71528752,19.21458626,61.23595506,74.42922374,40.1459854,19.35483871,38.76404494,32.39831697,31.46067416,61.79775281,6.741573034,44.3197756,44.46002805,55.53997195,45.02103787,54.97896213,6.171107994
Tanaka Eito,Yomiuri,R,44.0,191,93.0,18.32460733,5.235602094,48.46715328,33.86861314,14.59854015,77.40963855,88.36206897,52.0,10.94890511,22.59036145,27.29927007,69.91869919,21.95121951,8.130081301,50.94890511,60.34985423,39.65014577,34.25655977,65.74344023,5.247813411
Mombetsu Keito,Hanshin,L,43.66666667,197,89.0,14.21319797,7.106598985,46.41025641,32.69230769,13.71794872,82.32044199,90.19607843,63.55140187,8.205128205,17.67955801,24.35897436,47.61904762,45.57823129,6.802721088,49.23076923,41.02564103,58.97435897,41.66666667,58.33333333,4.615384615
Funabasama Hiromasa,Yomiuri,R,43.66666667,175,90.7,22.85714286,5.142857143,46.14173228,32.44094488,13.7007874,75.42662116,83.98058252,55.17241379,11.33858268,24.57337884,30.23622047,33.89830508,55.93220339,10.16949153,52.28346457,44.42700157,55.57299843,41.44427002,58.55572998,4.866562009
Keller Kyle,Yomiuri,R,42.0,171,94.3,25.14619883,11.11111111,48.94736842,31.84210526,17.10526316,77.15053763,83.05785124,66.15384615,11.18421053,22.84946237,25.26315789,39.25233645,55.14018692,5.607476636,46.44736842,44.34210526,55.65789474,65.13157895,34.86842105,5.263157895
Saito Yukiya,Nipponham,R,42.0,166,97.0,22.28915663,7.831325301,50.64935065,37.01298701,13.63636364,73.71794872,86.84210526,38.0952381,13.31168831,26.28205128,26.46103896,58.92857143,34.82142857,6.25,50.64935065,60.55194805,39.44805195,41.23376623,58.76623377,7.467532468
Konno Ryuta,Rakuten,R,41.66666667,181,89.5,12.15469613,9.392265193,46.54002714,35.00678426,11.53324288,79.88338192,83.33333333,69.41176471,9.362279512,20.11661808,24.15196744,39.41605839,56.93430657,3.649635036,50.61058345,53.73134328,46.26865672,48.43962008,51.56037992,5.563093623
Ohnishi Hiroki,Yakult,R,41.33333333,176,90.4,17.04545455,6.818181818,46.75324675,27.27272727,19.48051948,73.26388889,88.0952381,52.5,12.5,26.73611111,28.57142857,52.41935484,43.5483871,4.032258065,43.99350649,61.58833063,38.41166937,35.8184765,64.1815235,4.376012966
Tanaka Seigi,Nipponham,R,41.0,171,93.6,26.9005848,4.093567251,48.05598756,35.14774495,12.90824261,78.96440129,87.16814159,56.62650602,10.1088647,21.03559871,30.94867807,43.63636364,50.90909091,5.454545455,56.45412131,40.15503876,59.84496124,42.94573643,57.05426357,6.666666667
Yamada Haruto,Seibu,R,41.0,173,88.8,16.1849711,9.826589595,45.5988456,30.73593074,14.86291486,79.11392405,91.07981221,54.36893204,9.523809524,20.88607595,26.11832612,62.99212598,28.34645669,8.661417323,48.05194805,49.63924964,50.36075036,33.62193362,66.37806638,4.906204906
Irie Taisei,DeNA,R,40.33333333,169,95.6,22.4852071,8.284023669,54.74683544,39.87341772,14.87341772,72.25433526,77.38095238,58.5106383,15.18987342,27.74566474,27.68987342,38.53211009,55.96330275,5.504587156,53.16455696,55.06329114,44.93670886,47.94303797,52.05696203,6.170886076
Kajiya Ren,Rakuten,R,39.66666667,174,91.6,18.96551724,10.34482759,45.87155963,32.56880734,13.30275229,72.0,85.44600939,39.08045977,12.8440367,28.0,28.44036697,54.7008547,36.75213675,8.547008547,48.47094801,51.07033639,48.92966361,29.20489297,70.79510703,5.198776758
Okamoto Shun,Hiroshima,R,39.66666667,168,91.5,22.02380952,2.976190476,51.54471545,38.04878049,13.49593496,79.81072555,86.75213675,60.24096386,10.40650407,20.18927445,25.04065041,43.08943089,47.15447154,9.756097561,53.82113821,60.55194805,39.44805195,45.45454545,54.54545455,6.655844156
Yasaki Takuya,Yakult,R,39.33333333,154,91.0,20.77922078,7.792207792,47.06867672,33.16582915,13.90284757,71.53024911,76.26262626,60.24096386,13.40033501,28.46975089,29.48073702,42.45283019,50.94339623,6.603773585,49.58123953,48.24120603,51.75879397,49.58123953,50.41876047,5.192629816
Hashimoto Yuki,Chunichi,L,38.66666667,167,92.0,23.95209581,5.988023952,48.8372093,31.9379845,16.89922481,74.28571429,88.34951456,47.70642202,12.55813953,25.71428571,30.85271318,55.04587156,37.6146789,7.339449541,50.3875969,44.27244582,55.72755418,47.36842105,52.63157895,5.417956656
Wick Rowan,DeNA,R,38.66666667,153,96.3,28.75816993,6.535947712,48.96661367,36.56597774,12.40063593,73.05194805,78.69565217,56.41025641,13.19554849,26.94805195,32.59141494,49.47368421,42.10526316,8.421052632,56.27980922,44.83306836,55.16693164,61.04928458,38.95071542,6.836248013
Mejia Humberto,Chunichi,R,38.66666667,157,92.8,13.37579618,7.006369427,50.86206897,37.4137931,13.44827586,76.61016949,82.94930876,58.97435897,11.89655172,23.38983051,28.44827586,40.98360656,50.0,9.016393443,54.65517241,45.86206897,54.13793103,43.44827586,56.55172414,5.517241379
Hoshi Tomoya,Yakult,R,38.33333333,159,93.6,22.64150943,6.289308176,48.40764331,31.52866242,16.87898089,77.30263158,87.37373737,58.49056604,10.98726115,22.69736842,26.91082803,45.79439252,47.6635514,6.542056075,48.08917197,49.44356121,50.55643879,41.97138315,58.02861685,5.246422893
Takahashi Haruto,Hanshin,L,38.33333333,155,91.4,27.09677419,4.516129032,52.71028037,34.95327103,17.75700935,74.11347518,88.77005348,45.26315789,13.64485981,25.88652482,32.3364486,63.20754717,31.13207547,5.660377358,54.20560748,40.93457944,59.06542056,32.14953271,67.85046729,2.990654206
Suzuki Sora,Rakuten,L,38.33333333,158,91.3,30.37974684,8.860759494,50.0,35.8662614,14.1337386,69.90881459,78.81355932,47.31182796,15.04559271,30.09118541,29.33130699,43.15789474,48.42105263,8.421052632,50.30395137,43.16109422,56.83890578,39.81762918,60.18237082,3.343465046
Ono Fumiya,Lotte,R,38.33333333,170,94.6,21.76470588,7.647058824,49.45736434,36.27906977,13.17829457,77.42946708,87.17948718,50.58823529,11.1627907,22.57053292,26.20155039,45.2991453,41.88034188,12.82051282,51.9379845,53.79844961,46.20155039,45.42635659,54.57364341,6.201550388
Nakazaki Shota,Hiroshima,R,38.0,164,91.1,16.46341463,3.658536585,50.0792393,37.40095087,12.67828843,81.32911392,89.40677966,57.5,9.350237718,18.67088608,25.19809826,46.55172414,48.27586207,5.172413793,54.51664025,45.48335975,54.51664025,50.0792393,49.9207607,6.18066561
Kaino Hiroshi,Seibu,R,37.66666667,164,96.4,19.51219512,9.146341463,48.20512821,34.35897436,13.84615385,70.92198582,82.58706468,41.97530864,14.01709402,29.07801418,28.20512821,54.95495495,36.93693694,8.108108108,49.05982906,58.11965812,41.88034188,40.85470085,59.14529915,6.837606838
Howard Spencer,Rakuten,R,37.33333333,159,91.6,18.86792453,5.031446541,51.48205928,42.12168487,9.360374415,80.90909091,86.66666667,55.0,9.828393136,19.09090909,27.1450858,41.66666667,45.83333333,12.5,59.75039002,45.79439252,54.20560748,43.92523364,56.07476636,5.763239875
Kirishiki Takuma,Hanshin,L,37.33333333,165,91.3,21.21212121,3.03030303,50.0792393,35.81616482,14.26307448,79.11392405,88.49557522,55.55555556,10.45958796,20.88607595,26.30744849,64.46280992,28.92561983,6.611570248,52.13946117,50.23696682,49.76303318,30.8056872,69.1943128,5.213270142
Shoji Kota,Yakult,L,37.33333333,147,89.6,31.29251701,10.88435374,43.32298137,28.88198758,14.44099379,70.25089606,77.95698925,54.83870968,12.88819876,29.74910394,32.91925466,37.80487805,52.43902439,9.756097561,49.22360248,39.28571429,60.71428571,52.63975155,47.36024845,4.658385093
Taka Taichi,Hiroshima,L,36.66666667,143,89.5,18.18181818,5.594405594,49.63369963,35.71428571,13.91941392,82.65682657,87.69230769,69.73684211,8.608058608,17.34317343,25.09157509,46.2962963,49.07407407,4.62962963,52.56410256,47.98534799,52.01465201,48.71794872,51.28205128,4.945054945
Hosono Haruki,Nipponham,L,35.33333333,147,91.9,23.1292517,15.6462585,43.5483871,29.92831541,13.62007168,74.89711934,85.02994012,52.63157895,10.93189964,25.10288066,28.67383513,52.27272727,38.63636364,9.090909091,48.2078853,48.74551971,51.25448029,46.23655914,53.76344086,4.659498208
Kizawa Naofumi,Yakult,R,35.33333333,169,93.4,13.01775148,9.467455621,44.98432602,32.28840125,12.69592476,80.48780488,89.32038835,58.02469136,8.777429467,19.51219512,23.51097179,47.4137931,43.10344828,9.482758621,47.80564263,50.70422535,49.29577465,42.25352113,57.74647887,4.06885759
Fukushima Ren,Nipponham,R,34.33333333,145,93.5,21.37931034,7.586206897,48.09688581,29.58477509,18.51211073,73.38129496,77.77777778,66.35514019,12.80276817,26.61870504,28.5467128,38.23529412,50.98039216,10.78431373,45.5017301,43.25259516,56.74740484,56.92041522,43.07958478,3.806228374
Yanagawa Taisei,Nipponham,R,34.33333333,140,94.0,30.71428571,9.285714286,51.65016502,40.2640264,11.38613861,76.67731629,82.78688525,55.07246377,12.04620462,23.32268371,26.23762376,42.30769231,50.0,7.692307692,54.78547855,35.31353135,64.68646865,47.85478548,52.14521452,6.930693069
Iwasaki Sho,Chunichi,R,34.33333333,138,94.5,13.63636364,0.0,55.91397849,40.86021505,15.05376344,75.0,84.21052632,50.0,13.97849462,25.0,25.80645161,42.10526316,42.10526316,15.78947368,53.76344086,49.46236559,50.53763441,34.40860215,65.59139785,7.52688172
Iwasaki Sho,ORIX,R,34.33333333,138,94.5,27.5862069,6.034482759,51.8018018,33.55855856,18.24324324,72.17391304,86.57718121,45.67901235,14.41441441,27.82608696,28.82882883,46.05263158,48.68421053,5.263157895,48.1981982,51.35135135,48.64864865,36.93693694,63.06306306,5.18018018
Ishiyama Taichi,Yakult,R,34.0,126,91.5,25.3968254,3.968253968,50.51124744,36.400818,14.11042945,72.06477733,76.40449438,60.86956522,14.11042945,27.93522267,31.90184049,47.12643678,47.12643678,5.747126437,54.60122699,52.24489796,47.75510204,41.2244898,58.7755102,5.102040816
Shimizu Noboru,Yakult,R,33.66666667,156,90.8,20.51282051,5.128205128,43.72881356,31.69491525,12.03389831,78.29457364,89.30481283,49.29577465,9.491525424,21.70542636,28.30508475,51.81818182,40.90909091,7.272727273,51.3559322,52.62267343,47.37732657,31.64128596,68.35871404,4.060913706
Sakamoto Yuya,DeNA,L,33.66666667,147,90.7,21.76870748,5.442176871,48.58757062,31.07344633,17.51412429,74.41860465,87.27272727,51.61290323,12.42937853,25.58139535,29.56685499,47.11538462,46.15384615,6.730769231,48.3992467,44.09005629,55.90994371,38.46153846,61.53846154,5.816135084
Morita Shunya,Yomiuri,L,33.33333333,143,90.5,16.78321678,6.993006993,41.7699115,28.31858407,13.45132743,80.08474576,88.125,63.15789474,8.318584071,19.91525424,26.37168142,49.0,46.0,5.0,47.07964602,52.38938053,47.61061947,41.94690265,58.05309735,3.716814159
Tanaka Masahiro,Yomiuri,R,33.33333333,163,90.0,12.88343558,9.202453988,41.47909968,29.26045016,12.21864952,80.62015504,89.01098901,60.52631579,8.038585209,19.37984496,28.29581994,52.54237288,40.6779661,6.779661017,50.1607717,47.67255217,52.32744783,36.11556982,63.88443018,4.654895666
Yuasa Atsuki,Hanshin,R,33.0,136,91.6,19.11764706,8.088235294,43.60465116,31.39534884,12.20930233,75.55555556,87.65432099,44.44444444,10.65891473,24.44444444,28.10077519,58.88888889,33.33333333,7.777777778,50.0,58.91472868,41.08527132,42.24806202,57.75193798,5.23255814
Hernandez Darwinzon,SoftBank,L,32.66666667,138,94.3,25.36231884,7.246376812,52.65957447,38.12056738,14.53900709,76.76767677,81.39534884,64.63414634,12.23404255,23.23232323,26.24113475,48.88888889,36.66666667,14.44444444,52.30496454,43.79432624,56.20567376,52.65957447,47.34042553,6.028368794
Miura Mizuki,Chunichi,L,32.66666667,156,88.9,13.46153846,13.46153846,40.60995185,30.97913323,9.63081862,84.18972332,92.22797927,58.33333333,6.420545746,15.81027668,24.87961477,56.48148148,34.25925926,9.259259259,50.08025682,37.66025641,62.33974359,41.02564103,58.97435897,4.326923077
Takahashi Keiji,Yakult,L,32.33333333,140,93.0,22.14285714,8.571428571,45.2339688,32.75563258,12.47833622,79.31034483,88.35978836,55.55555556,9.358752166,20.68965517,27.20970537,49.45054945,41.75824176,8.791208791,50.95320624,34.83535529,65.16464471,49.04679376,50.95320624,4.852686308
Teranishi Naruki,ORIX,R,32.33333333,153,91.2,11.11111111,9.150326797,46.07142857,31.78571429,14.28571429,81.78294574,92.13483146,58.75,8.392857143,18.21705426,24.64285714,46.72131148,39.3442623,13.93442623,48.39285714,54.82142857,45.17857143,43.03571429,56.96428571,3.75
Yamaoka Taisuke,ORIX,R,32.33333333,147,90.0,19.72789116,4.761904762,47.10017575,32.86467487,14.23550088,79.47761194,90.37433155,54.32098765,9.666080844,20.52238806,27.59226714,42.99065421,42.99065421,14.01869159,50.96660808,47.54385965,52.45614035,32.80701754,67.19298246,5.614035088
Kawase Kento,ORIX,R,30.33333333,136,90.6,12.5,7.352941176,41.19922631,30.36750484,10.83172147,81.69014085,90.44585987,57.14285714,7.543520309,18.30985915,26.88588008,48.0,46.0,6.0,50.0967118,48.45559846,51.54440154,44.01544402,55.98455598,4.633204633
Ogata Shuto,SoftBank,R,30.0,135,95.6,28.88888889,7.407407407,52.66159696,43.91634981,8.745247148,75.09025271,78.78787879,56.52173913,13.11787072,24.90974729,29.65779468,31.76470588,60.0,8.235294118,60.8365019,50.09487666,49.90512334,42.88425047,57.11574953,5.5028463
Ohyama Ryo,SoftBank,R,30.0,132,92.2,15.90909091,7.575757576,48.0,33.33333333,14.66666667,75.79365079,88.0,48.05194805,11.61904762,24.20634921,27.23809524,44.08602151,50.53763441,5.376344086,49.14285714,50.66666667,49.33333333,36.95238095,63.04761905,4.571428571
Higashihama Nao,SoftBank,R,30.0,120,89.7,14.16666667,3.333333333,48.22695035,36.17021277,12.05673759,84.31372549,88.88888889,70.58823529,7.56501182,15.68627451,25.29550827,42.42424242,46.46464646,11.11111111,54.8463357,48.93617021,51.06382979,44.44444444,55.55555556,7.328605201
Gu Lin Ruei-Yang,Nipponham,R,29.66666667,123,92.4,26.82926829,4.87804878,48.42342342,35.36036036,13.06306306,75.34883721,84.07643312,51.72413793,11.93693694,24.65116279,29.95495495,50.0,43.90243902,6.097560976,53.82882883,53.15315315,46.84684685,48.1981982,51.8018018,5.855855856
Nakamori Shunsuke,Lotte,R,29.33333333,111,93.6,32.43243243,3.603603604,50.80091533,35.2402746,15.56064073,74.32432432,87.66233766,44.11764706,13.04347826,25.67567568,29.29061785,30.0,60.0,10.0,52.17391304,48.97025172,51.02974828,36.38443936,63.61556064,3.661327231
Beasley Jeremy,Hanshin,R,28.66666667,131,93.1,19.08396947,7.633587786,44.82109228,30.69679849,14.12429379,77.73109244,85.27607362,61.33333333,9.981167608,22.26890756,27.11864407,42.39130435,44.56521739,13.04347826,49.34086629,43.71482176,56.28517824,47.46716698,52.53283302,4.87804878
Marte Yunior,Chunichi,R,28.33333333,117,95.7,18.8034188,8.547008547,47.46835443,33.33333333,14.1350211,73.33333333,87.97468354,38.80597015,12.65822785,26.66666667,28.69198312,60.49382716,33.33333333,6.172839506,50.21097046,53.37552743,46.62447257,38.60759494,61.39240506,4.008438819
Katayama Raiku,ORIX,R,28.0,120,88.6,13.33333333,3.333333333,47.36842105,32.53588517,14.83253589,86.36363636,92.64705882,72.58064516,6.459330144,13.63636364,25.35885167,42.26804124,47.42268041,10.30927835,52.3923445,58.94988067,41.05011933,43.91408115,56.08591885,5.727923628
Tamai Taisho,Nipponham,R,28.0,110,89.6,19.09090909,4.545454545,47.34411085,34.18013857,13.16397229,81.95121951,91.89189189,56.14035088,8.545034642,18.04878049,27.71362587,54.21686747,39.75903614,6.024096386,53.81062356,49.88452656,50.11547344,41.33949192,58.66050808,4.618937644
Suzuki Shota,Lotte,L,27.66666667,122,90.3,22.13114754,6.557377049,44.79830149,32.05944798,12.7388535,76.77725118,85.43046358,55.0,10.40339703,23.22274882,28.66242038,37.64705882,54.11764706,8.235294118,51.59235669,38.64118896,61.35881104,32.05944798,67.94055202,4.883227176
Nelson Nick,Hanshin,R,27.33333333,114,93.3,19.29824561,5.263157895,46.78111588,34.54935622,12.23175966,71.10091743,83.85093168,35.0877193,13.5193133,28.89908257,29.61373391,41.97530864,53.08641975,4.938271605,51.93133047,44.20600858,55.79399142,43.13304721,56.86695279,6.223175966
Matsumoto Kengo,Yakult,R,27.33333333,108,91.6,18.51851852,5.555555556,48.94613583,34.19203747,14.75409836,77.51196172,85.61643836,58.73015873,11.00702576,22.48803828,26.93208431,58.02469136,35.80246914,6.172839506,51.05386417,47.30679157,52.69320843,38.87587822,61.12412178,3.981264637
Takahashi Kouya,Hiroshima,L,27.33333333,105,90.3,19.04761905,5.714285714,45.43209877,37.03703704,8.395061728,82.06521739,85.33333333,67.64705882,8.148148148,17.93478261,26.41975309,52.77777778,43.05555556,4.166666667,55.80246914,49.38271605,50.61728395,55.0617284,44.9382716,6.666666667
Saitoh Kohki,Chunichi,L,27.0,117,86.8,19.65811966,11.11111111,43.69369369,27.92792793,15.76576577,63.91752577,74.19354839,45.71428571,15.76576577,36.08247423,32.20720721,39.43661972,56.33802817,4.225352113,45.27027027,37.83783784,62.16216216,32.43243243,67.56756757,4.954954955
Tamura Ichiro,Seibu,R,26.66666667,116,90.5,17.24137931,5.172413793,54.44191344,41.23006834,13.2118451,76.56903766,85.63535912,48.27586207,12.75626424,23.43096234,26.19589977,38.55421687,51.80722892,9.638554217,55.5808656,48.97494305,51.02505695,41.6856492,58.3143508,5.922551253
VerHagen Drew,Nipponham,R,26.66666667,113,93.0,19.46902655,5.309734513,46.63341646,32.66832918,13.96508728,74.3315508,84.73282443,50.0,11.97007481,25.6684492,33.16708229,48.80952381,42.85714286,8.333333333,54.61346633,39.55223881,60.44776119,44.27860697,55.72139303,5.721393035
Kawano Ryusei,Nipponham,L,26.66666667,108,90.7,19.44444444,5.555555556,54.52322738,40.34229829,14.1809291,70.40358744,81.81818182,37.93103448,16.13691932,29.59641256,28.85085575,41.33333333,49.33333333,9.333333333,53.78973105,35.69682152,64.30317848,31.5403423,68.4596577,5.86797066
Suzuki Kenya,Hiroshima,R,26.33333333,107,80.3,11.21495327,5.607476636,45.23160763,34.60490463,10.626703,88.55421687,92.12598425,76.92307692,5.177111717,11.44578313,25.61307902,44.70588235,48.23529412,7.058823529,56.13079019,56.91056911,43.08943089,39.56639566,60.43360434,5.962059621
Ishikawa Masanori,Yakult,L,26.33333333,133,80.2,6.766917293,6.015037594,42.37995825,32.77661795,9.603340292,90.64039409,95.54140127,73.91304348,3.966597077,9.359605911,25.05219207,49.05660377,38.67924528,12.26415094,55.53235908,37.99582463,62.00417537,31.94154489,68.05845511,3.75782881
Saiki Kaito,ORIX,R,26.33333333,107,93.9,28.03738318,9.345794393,46.91075515,29.74828375,17.1624714,71.2195122,83.84615385,49.33333333,13.50114416,28.7804878,30.89244851,57.57575758,31.81818182,10.60606061,47.36842105,52.402746,47.597254,45.30892449,54.69107551,6.636155606
Katsuno Akiyoshi,Chunichi,R,26.0,118,95.5,28.81355932,8.474576271,50.9394572,32.98538622,17.95407098,69.67213115,87.97468354,36.04651163,15.44885177,30.32786885,28.39248434,40.84507042,49.29577465,9.85915493,46.76409186,53.33333333,46.66666667,35.83333333,64.16666667,5.416666667
Dominguez Johan,Hiroshima,R,26.0,115,92.5,17.39130435,14.7826087,44.20600858,33.69098712,10.51502146,77.66990291,86.62420382,48.97959184,9.871244635,22.33009709,26.18025751,51.31578947,42.10526316,6.578947368,50.64377682,44.84978541,55.15021459,62.66094421,37.33905579,4.935622318
Nabatame Tsubasa,Nipponham,R,26.0,102,92.6,15.68627451,4.901960784,54.97382199,40.83769634,14.13612565,82.85714286,89.1025641,64.81481481,9.42408377,17.14285714,20.94240838,54.43037975,40.50632911,5.063291139,53.14136126,53.14136126,46.85863874,46.07329843,53.92670157,4.45026178
Kuroki Yuta,Seibu,R,26.0,109,92.4,22.93577982,9.174311927,49.88066826,34.12887828,15.75178998,74.16267943,86.71328671,46.96969697,12.88782816,25.83732057,27.20763723,60.0,32.85714286,7.142857143,49.1646778,50.35799523,49.64200477,34.60620525,65.39379475,4.77326969
Azuma Kohei,ORIX,R,25.66666667,113,92.4,11.50442478,12.38938053,44.86607143,33.03571429,11.83035714,80.59701493,91.21621622,50.94339623,8.705357143,19.40298507,25.89285714,48.80952381,39.28571429,11.9047619,50.89285714,51.33928571,48.66071429,44.86607143,55.13392857,3.794642857
Matsui Tomotaka,Rakuten,R,25.66666667,126,91.3,19.84126984,13.49206349,40.34416826,30.01912046,10.3250478,79.14691943,87.2611465,55.55555556,8.413001912,20.85308057,27.72466539,34.17721519,55.69620253,10.12658228,49.33078394,59.92366412,40.07633588,33.39694656,66.60305344,5.152671756
Yamamoto Takumi,Nipponham,R,25.33333333,109,93.7,27.52293578,8.256880734,53.41463415,38.04878049,15.36585366,70.3196347,77.56410256,52.38095238,15.85365854,29.6803653,29.51219512,44.7761194,38.80597015,16.41791045,52.68292683,43.17073171,56.82926829,43.17073171,56.82926829,4.634146341
Kozawa Reiji,Yakult,R,25.33333333,122,88.1,24.59016393,13.1147541,43.98340249,31.12033195,12.86307054,74.52830189,80.66666667,59.67741935,11.2033195,25.47169811,29.25311203,45.07042254,50.70422535,4.225352113,50.0,54.97925311,45.02074689,50.20746888,49.79253112,4.356846473
Watanabe Shota,Rakuten,R,24.66666667,118,92.7,16.10169492,10.16949153,45.3539823,34.51327434,10.84070796,75.6097561,82.05128205,55.10204082,11.0619469,24.3902439,26.7699115,43.03797468,54.43037975,2.53164557,50.88495575,51.32743363,48.67256637,36.94690265,63.05309735,5.752212389
Ehara Masahiro,Rakuten,R,24.66666667,112,93.8,11.60714286,11.60714286,44.74789916,32.56302521,12.18487395,84.97652582,89.03225806,74.13793103,6.722689076,15.02347418,20.79831933,44.57831325,46.98795181,8.43373494,47.68907563,49.78991597,50.21008403,52.10084034,47.89915966,4.411764706
Takeda Yu,DeNA,R,24.33333333,93,91.6,20.43010753,7.52688172,46.04904632,35.96730245,10.08174387,81.65680473,89.39393939,54.05405405,8.446866485,18.34319527,28.88283379,58.46153846,36.92307692,4.615384615,57.22070845,45.65217391,54.34782609,44.29347826,55.70652174,7.608695652
Sawada Keisuke,Lotte,R,24.0,103,92.8,18.44660194,7.766990291,51.04895105,38.69463869,12.35431235,79.45205479,83.73493976,66.03773585,10.48951049,20.54794521,24.70862471,34.21052632,56.57894737,9.210526316,53.37995338,37.52913753,62.47086247,38.69463869,61.30536131,7.226107226
Iwasada Yuta,Hanshin,L,23.66666667,102,88.6,15.68627451,4.901960784,43.82871537,33.50125945,10.32745592,81.03448276,88.72180451,56.09756098,8.312342569,18.96551724,28.96725441,33.75,52.5,13.75,54.15617128,45.08816121,54.91183879,40.80604534,59.19395466,5.037783375
Osuna Roberto,SoftBank,R,23.66666667,102,94.6,14.70588235,4.901960784,53.82436261,42.77620397,11.04815864,81.57894737,86.09271523,64.1025641,9.915014164,18.42105263,20.9631728,42.85714286,51.42857143,5.714285714,54.95750708,43.62606232,56.37393768,47.30878187,52.69121813,5.382436261
Nakagawa Hayate,DeNA,R,23.0,104,83.3,15.38461538,5.769230769,51.61290323,42.74193548,8.870967742,80.20833333,86.16352201,51.51515152,10.21505376,19.79166667,23.92473118,52.0,38.66666667,9.333333333,56.98924731,61.39410188,38.60589812,36.72922252,63.27077748,4.557640751
Morihara Kohei,DeNA,R,23.0,94,90.9,23.40425532,2.127659574,50.92592593,37.34567901,13.58024691,76.36363636,84.29752066,54.54545455,12.03703704,23.63636364,29.9382716,46.26865672,46.26865672,7.462686567,56.17283951,56.30769231,43.69230769,40.92307692,59.07692308,7.076923077
Umeno Yugo,Chunichi,R,23.0,101,93.4,20.79207921,11.88118812,42.13075061,26.87651332,15.25423729,77.01149425,85.58558559,61.9047619,9.685230024,22.98850575,28.57142857,46.03174603,46.03174603,7.936507937,46.48910412,43.34140436,56.65859564,41.40435835,58.59564165,5.569007264
Nakagawa Koh,DeNA,R,22.66666667,97,91.3,24.74226804,5.154639175,45.38043478,29.34782609,16.0326087,67.66467066,81.48148148,42.37288136,14.67391304,32.33532934,33.9673913,41.37931034,50.0,8.620689655,48.64130435,50.81521739,49.18478261,39.67391304,60.32608696,5.97826087
Hotta Kenshin,Yomiuri,R,22.33333333,99,90.2,13.13131313,11.11111111,48.55643045,32.80839895,15.7480315,76.75675676,84.0,61.66666667,11.28608924,23.24324324,27.29658793,51.35135135,40.54054054,8.108108108,49.34383202,47.76902887,52.23097113,48.03149606,51.96850394,4.724409449
Tomida Ren,Hanshin,L,22.0,96,85.6,10.41666667,3.125,49.32614555,36.92722372,12.39892183,83.60655738,89.7810219,65.2173913,8.086253369,16.39344262,24.25876011,41.46341463,43.90243902,14.63414634,53.63881402,41.23989218,58.76010782,48.51752022,51.48247978,7.81671159
Hada Shinnosuke,Seibu,L,21.33333333,98,96.3,25.51020408,14.28571429,40.93264249,30.31088083,10.62176166,76.58227848,91.45299145,34.14634146,9.585492228,23.41772152,31.0880829,78.18181818,18.18181818,3.636363636,52.07253886,44.30051813,55.69948187,41.96891192,58.03108808,6.476683938
Ikeda Takahide,Nipponham,R,21.33333333,93,92.3,15.05376344,4.301075269,49.70760234,36.5497076,13.15789474,75.29411765,85.6,46.66666667,12.28070175,24.70588235,29.23976608,54.92957746,33.8028169,11.26760563,55.26315789,41.8128655,58.1871345,35.96491228,64.03508772,5.555555556
Taguchi Kazuto,Yakult,L,21.0,94,88.9,21.27659574,7.446808511,42.74611399,28.49740933,14.24870466,79.39393939,87.27272727,63.63636364,8.808290155,20.60606061,26.94300518,55.93220339,40.6779661,3.389830508,47.15025907,31.34715026,68.65284974,36.52849741,63.47150259,4.14507772
Yamazaki Soichiro,ORIX,R,21.0,93,93.9,25.80645161,10.75268817,50.25125628,34.42211055,15.82914573,65.0,72.99270073,47.61904762,17.5879397,35.0,29.64824121,35.0877193,56.14035088,8.771929825,46.98492462,41.45728643,58.54271357,55.27638191,44.72361809,5.27638191
Horie Atsuya,Hiroshima,L,21.0,103,94.0,26.21359223,6.796116505,47.14640199,36.97270471,10.17369727,73.68421053,80.53691275,48.7804878,12.40694789,26.31578947,28.28784119,55.0,31.66666667,13.33333333,54.0942928,40.69478908,59.30521092,51.61290323,48.38709677,7.444168734
Ramirez Emmanuel,Seibu,R,21.0,88,93.2,26.13636364,9.090909091,47.58842444,31.18971061,16.39871383,70.27027027,88.65979381,35.29411765,14.14790997,29.72972973,29.90353698,40.0,54.54545455,5.454545455,47.26688103,44.87179487,55.12820513,43.58974359,56.41025641,6.41025641
Yagi Akira,Lotte,R,20.66666667,98,92.8,21.42857143,5.102040816,46.57534247,30.95890411,15.61643836,75.29411765,84.07079646,57.89473684,11.50684932,24.70588235,30.95890411,53.73134328,37.31343284,8.955223881,50.68493151,55.61643836,44.38356164,41.64383562,58.35616438,6.849315068
Sakaguchi Kousuke,Yakult,R,20.66666667,97,93.8,11.34020619,12.37113402,39.84771574,28.93401015,10.91370558,77.70700637,85.96491228,55.81395349,8.883248731,22.29299363,24.61928934,57.35294118,33.82352941,8.823529412,45.43147208,59.24050633,40.75949367,41.26582278,58.73417722,5.063291139
Yamada Nobuyoshi,ORIX,L,20.33333333,94,87.6,21.27659574,10.63829787,45.03816794,34.35114504,10.6870229,76.83615819,82.22222222,59.52380952,10.43256997,23.16384181,26.97201018,50.0,43.75,6.25,52.16284987,34.60559796,65.39440204,44.02035623,55.97964377,4.580152672
Tsunehiro Hayato,Hiroshima,R,20.33333333,88,89.9,18.18181818,4.545454545,42.16524217,30.48433048,11.68091168,81.08108108,93.45794393,48.7804878,7.977207977,18.91891892,30.1994302,54.6875,35.9375,9.375,52.99145299,62.96296296,37.03703704,39.03133903,60.96866097,6.267806268
Fujinami Shintaro,DeNA,R,20.33333333,85,93.6,20.0,8.235294118,42.99065421,28.66043614,14.33021807,78.98550725,86.95652174,63.04347826,9.034267913,21.01449275,28.97196262,61.66666667,28.33333333,10.0,49.84423676,53.58255452,46.41744548,37.69470405,62.30529595,5.607476636
Uehara Kenta,Nipponham,L,20.0,80,92.3,22.5,7.5,48.1595092,36.50306748,11.65644172,77.07006369,86.55462185,47.36842105,11.04294479,22.92993631,29.14110429,50.98039216,41.17647059,7.843137255,54.90797546,44.78527607,55.21472393,39.57055215,60.42944785,5.521472393
Nakamura Toshiya,Lotte,L,19.66666667,87,88.3,9.195402299,10.34482759,45.72368421,34.53947368,11.18421053,79.13669065,84.76190476,61.76470588,9.539473684,20.86330935,26.31578947,47.82608696,46.37681159,5.797101449,52.30263158,57.04918033,42.95081967,36.39344262,63.60655738,3.93442623
Sato Ryunosuke,Hiroshima,L,19.66666667,87,87.8,14.94252874,12.64367816,41.55495979,29.75871314,11.79624665,83.87096774,89.18918919,70.45454545,6.702412869,16.12903226,25.73726542,28.57142857,57.14285714,14.28571429,49.32975871,48.25737265,51.74262735,50.40214477,49.59785523,3.753351206
Masuda Naoya,Lotte,R,19.66666667,88,90.9,19.31818182,7.954545455,45.11494253,33.33333333,11.7816092,78.98089172,87.06896552,56.09756098,9.482758621,21.01910828,25.28735632,36.20689655,55.17241379,8.620689655,50.0,52.5862069,47.4137931,41.95402299,58.04597701,4.597701149
Ueda Taiga,Seibu,R,19.33333333,94,88.8,6.382978723,6.382978723,42.20430108,31.4516129,10.75268817,86.62420382,94.01709402,65.0,5.64516129,13.37579618,21.50537634,40.74074074,48.14814815,11.11111111,48.65591398,47.04301075,52.95698925,31.1827957,68.8172043,6.720430108
Sato Shunsuke,Seibu,L,19.0,92,91.9,14.13043478,9.782608696,48.4375,39.375,9.0625,86.4516129,95.23809524,48.27586207,6.5625,13.5483871,23.75,52.38095238,44.44444444,3.174603175,56.875,43.75,56.25,49.0625,50.9375,7.5
Kikuchi Riku,Lotte,R,19.0,88,89.5,19.31818182,13.63636364,43.16939891,30.05464481,13.1147541,78.48101266,84.54545455,64.58333333,9.289617486,21.51898734,26.2295082,27.5862069,63.79310345,8.620689655,47.54098361,51.36612022,48.63387978,47.26775956,52.73224044,3.825136612
Mukunoki Ren,ORIX,R,19.0,98,91.5,11.2244898,7.142857143,48.81656805,35.20710059,13.60946746,84.84848485,92.43697479,65.2173913,7.396449704,15.15151515,25.44378698,34.61538462,53.84615385,11.53846154,53.25443787,56.80473373,43.19526627,43.49112426,56.50887574,7.396449704
Guerrero Tayron,Lotte,R,18.66666667,86,97.9,17.44186047,9.302325581,48.74213836,36.47798742,12.26415094,78.70967742,87.06896552,53.84615385,10.37735849,21.29032258,24.52830189,46.77419355,41.93548387,11.29032258,51.88679245,44.02515723,55.97484277,53.4591195,46.5408805,6.918238994
Aduwa Makoto,Hiroshima,R,18.66666667,88,89.9,11.36363636,5.681818182,45.12195122,34.75609756,10.36585366,84.45945946,90.35087719,64.70588235,7.012195122,15.54054054,24.3902439,38.02816901,47.88732394,14.08450704,53.65853659,51.82926829,48.17073171,42.98780488,57.01219512,3.048780488
Tsurusaki Taisei,Rakuten,R,18.33333333,85,92.9,23.52941176,7.058823529,49.3902439,31.09756098,18.29268293,72.22222222,91.17647059,40.0,13.7195122,27.77777778,31.09756098,44.06779661,47.45762712,8.474576271,48.47560976,49.08536585,50.91463415,35.67073171,64.32926829,7.012195122
Tsumori Yuki,SoftBank,R,18.33333333,94,91.8,25.53191489,5.319148936,50.55248619,38.39779006,12.15469613,73.22404372,83.45323741,40.90909091,13.5359116,26.77595628,28.45303867,32.0754717,56.60377358,11.32075472,53.59116022,55.24861878,44.75138122,49.17127072,50.82872928,7.182320442
Nakamura Yuta,Seibu,R,18.0,71,89.6,18.30985915,8.450704225,46.17834395,32.1656051,14.01273885,82.75862069,88.11881188,70.45454545,7.961783439,17.24137931,23.88535032,44.44444444,48.88888889,6.666666667,48.72611465,36.94267516,63.05732484,48.72611465,51.27388535,3.503184713
Miyanishi Naoki,Nipponham,L,18.0,83,86.4,16.86746988,7.228915663,42.61363636,30.68181818,11.93181818,75.33333333,83.33333333,54.76190476,10.51136364,24.66666667,29.54545455,39.65517241,55.17241379,5.172413793,49.71590909,40.625,59.375,28.125,71.875,2.556818182
Sasaki Chihaya,DeNA,R,17.33333333,78,87.8,20.51282051,8.974358974,36.65594855,26.36655949,10.28938907,74.56140351,90.24390244,34.375,9.324758842,25.43859649,33.11897106,54.90196078,35.29411765,9.803921569,51.12540193,54.34083601,45.65916399,36.33440514,63.66559486,4.823151125
Kotajima Seiryu,ORIX,R,17.33333333,85,90.8,16.47058824,12.94117647,49.68944099,37.26708075,12.42236025,73.125,80.0,52.5,13.35403727,26.875,25.1552795,46.2962963,42.59259259,11.11111111,49.06832298,50.93167702,49.06832298,41.30434783,58.69565217,5.590062112
Hiroike Koshiro,Lotte,R,17.0,74,92.3,25.67567568,6.756756757,52.03761755,38.55799373,13.47962382,83.13253012,87.80487805,69.76744186,8.777429467,16.86746988,28.21316614,28.0,58.0,14.0,58.62068966,54.85893417,45.14106583,39.81191223,60.18808777,5.956112853
Sobue Daisuke,Chunichi,R,16.33333333,81,90.6,4.938271605,8.641975309,46.31578947,34.38596491,11.92982456,84.09090909,90.81632653,64.70588235,7.368421053,15.90909091,23.50877193,46.15384615,40.0,13.84615385,50.87719298,43.85964912,56.14035088,37.19298246,62.80701754,2.105263158
Sawamura Hirokazu,Lotte,R,16.33333333,78,95.0,10.25641026,19.23076923,45.73170732,30.48780488,15.24390244,81.33333333,93.0,58.0,8.536585366,18.66666667,19.20731707,41.50943396,50.94339623,7.547169811,41.46341463,72.86585366,27.13414634,33.84146341,66.15853659,2.43902439
Nakamura Yuto,Yakult,R,15.66666667,80,92.3,16.25,6.25,50.65359477,36.92810458,13.7254902,80.64516129,88.49557522,59.52380952,9.803921569,19.35483871,26.47058824,51.92307692,40.38461538,7.692307692,54.24836601,43.46405229,56.53594771,56.20915033,43.79084967,8.823529412
Fuku Hiroto,Chunichi,L,15.66666667,71,86.9,15.49295775,12.67605634,37.32876712,29.45205479,7.876712329,85.32110092,91.86046512,60.86956522,5.479452055,14.67889908,25.68493151,42.0,54.0,4.0,50.68493151,38.69863014,61.30136986,41.09589041,58.90410959,5.479452055
Yamamoto Daiki,Yakult,L,15.33333333,74,88.4,8.108108108,8.108108108,44.68864469,33.33333333,11.35531136,77.86885246,83.51648352,61.29032258,9.89010989,22.13114754,24.54212454,59.01639344,34.42622951,6.557377049,49.08424908,31.86813187,68.13186813,43.95604396,56.04395604,5.128205128
Shimokawa Shunsuke,Yakult,R,14.66666667,58,78.8,12.06896552,3.448275862,45.10638298,33.19148936,11.91489362,80.18867925,78.20512821,85.71428571,8.936170213,19.81132075,25.53191489,34.69387755,55.10204082,10.20408163,50.63829787,52.34042553,47.65957447,52.76595745,47.23404255,5.531914894
Baumann Mike,Yakult,R,14.66666667,74,95.8,25.67567568,13.51351351,38.66666667,28.0,10.66666667,76.72413793,82.14285714,62.5,9.0,23.27586207,27.33333333,56.81818182,36.36363636,6.818181818,47.0,45.69536424,54.30463576,58.60927152,41.39072848,4.966887417
Kudo Taisei,Hanshin,R,14.66666667,65,96.1,23.07692308,18.46153846,42.1641791,32.08955224,10.07462687,78.76106195,87.20930233,51.85185185,8.955223881,21.23893805,25.74626866,50.0,36.84210526,13.15789474,48.88059701,45.14925373,54.85074627,48.50746269,51.49253731,5.970149254
Dolis Rafael,Hanshin,R,14.33333333,59,93.6,20.33898305,6.779661017,50.0,32.67326733,17.32673267,67.32673267,81.81818182,40.0,16.33663366,32.67326733,28.71287129,62.79069767,30.23255814,6.976744186,45.54455446,57.42574257,42.57425743,32.67326733,67.32673267,3.96039604
Sasaki Takeru,Seibu,L,14.33333333,62,91.5,12.90322581,6.451612903,45.45454545,35.06493506,10.38961039,81.9047619,87.65432099,62.5,8.225108225,18.0952381,20.77922078,52.17391304,34.7826087,13.04347826,49.35064935,45.45454545,54.54545455,46.32034632,53.67965368,8.658008658
Ohe Ryusei,SoftBank,L,14.33333333,57,85.8,26.31578947,12.28070175,45.06437768,31.3304721,13.73390558,74.28571429,82.19178082,56.25,11.58798283,25.71428571,30.04291845,39.39393939,42.42424242,18.18181818,50.21459227,56.65236052,43.34763948,23.17596567,76.82403433,3.862660944
Fukutani Koji,Nipponham,R,14.33333333,63,92.6,17.46031746,6.349206349,51.44032922,41.56378601,9.87654321,78.4,84.15841584,54.16666667,11.11111111,21.6,24.69135802,50.0,39.58333333,10.41666667,55.55555556,41.56378601,58.43621399,41.15226337,58.84773663,4.938271605
Endoh Atsushi,Hiroshima,R,14.33333333,66,89.7,22.72727273,6.060606061,47.14828897,31.9391635,15.20912548,79.03225806,85.71428571,65.0,9.885931559,20.96774194,29.27756654,45.23809524,47.61904762,7.142857143,52.47148289,45.24714829,54.75285171,60.45627376,39.54372624,9.505703422
Abe Shota,ORIX,R,14.33333333,62,90.5,19.35483871,9.677419355,47.13114754,35.24590164,11.8852459,78.26086957,89.53488372,44.82758621,10.24590164,21.73913043,25.0,34.09090909,56.81818182,9.090909091,50.40983607,45.08196721,54.91803279,31.55737705,68.44262295,7.37704918
Kawamura Tokito,Lotte,R,14.0,65,89.2,13.84615385,9.230769231,47.2027972,35.66433566,11.53846154,76.2962963,83.33333333,54.54545455,11.18881119,23.7037037,27.62237762,27.08333333,60.41666667,12.5,52.0979021,48.95104895,51.04895105,45.1048951,54.8951049,4.895104895
Matsumoto Wataru,Seibu,R,13.66666667,60,90.5,20.0,8.333333333,42.73504274,33.76068376,8.974358974,81.0,86.07594937,61.9047619,8.11965812,19.0,26.4957265,26.19047619,61.9047619,11.9047619,52.56410256,40.5982906,59.4017094,44.87179487,55.12820513,7.264957265
Yamasaki Yasuaki,DeNA,R,13.66666667,60,92.3,18.33333333,6.666666667,49.12280702,34.21052632,14.9122807,71.42857143,83.33333333,44.11764706,14.03508772,28.57142857,29.38596491,41.46341463,51.2195122,7.317073171,50.0,59.38864629,40.61135371,38.4279476,61.5720524,6.986899563
Mataki Teppei,Yomiuri,L,13.33333333,58,89.1,13.79310345,1.724137931,45.29147982,32.28699552,13.0044843,84.15841584,95.83333333,55.17241379,7.174887892,15.84158416,27.80269058,38.29787234,51.06382979,10.63829787,53.81165919,41.51785714,58.48214286,44.19642857,55.80357143,4.910714286
Kinoshita Rito,Hanshin,R,13.33333333,59,95.7,20.33898305,1.694915254,53.57142857,41.07142857,12.5,78.33333333,88.04347826,46.42857143,11.60714286,21.66666667,24.55357143,64.44444444,22.22222222,13.33333333,54.91071429,54.66666667,45.33333333,41.33333333,58.66666667,7.111111111
Sugiura Toshihiro,Nipponham,R,13.33333333,55,93.5,20.0,5.454545455,50.67873303,37.1040724,13.57466063,81.25,95.12195122,43.33333333,9.502262443,18.75,25.7918552,39.02439024,58.53658537,2.43902439,53.39366516,41.62895928,58.37104072,37.55656109,62.44343891,3.619909502
Kanakubo Yuto,Yakult,R,13.0,68,92.5,16.17647059,5.882352941,44.84126984,36.50793651,8.333333333,84.07079646,84.7826087,80.95238095,7.142857143,15.92920354,24.20634921,31.37254902,52.94117647,15.68627451,53.57142857,42.85714286,57.14285714,48.41269841,51.58730159,6.349206349
Yokoyama Kaede,ORIX,R,12.66666667,50,92.7,28.0,8.0,50.70422535,35.21126761,15.49295775,68.51851852,78.66666667,45.45454545,15.96244131,31.48148148,29.10798122,38.70967742,54.83870968,6.451612903,48.35680751,50.23474178,49.76525822,52.58215962,47.41784038,6.572769953
Honda Keisuke,ORIX,R,12.66666667,56,89.7,16.07142857,3.571428571,43.80165289,34.7107438,9.090909091,82.0754717,85.71428571,68.18181818,7.851239669,17.9245283,26.44628099,44.44444444,44.44444444,11.11111111,53.71900826,56.19834711,43.80165289,40.90909091,59.09090909,5.785123967
Itogawa Ryota,Seibu,R,12.33333333,43,89.6,27.90697674,4.651162791,44.11764706,29.41176471,14.70588235,69.33333333,80.0,48.0,13.52941176,30.66666667,34.70588235,55.17241379,37.93103448,6.896551724,51.17647059,56.47058824,43.52941176,41.76470588,58.23529412,3.529411765
Shibata Reo,Nipponham,R,12.33333333,49,93.2,14.28571429,0.0,42.39130435,27.17391304,15.2173913,75.64102564,86.0,57.14285714,10.32608696,24.35897436,32.60869565,47.5,40.0,12.5,50.54347826,54.34782609,45.65217391,60.32608696,39.67391304,3.804347826
Kuroda Masaya,Seibu,R,12.33333333,60,92.6,21.66666667,11.66666667,47.16157205,28.8209607,18.34061135,65.74074074,83.33333333,38.0952381,16.15720524,34.25925926,31.44104803,43.58974359,46.15384615,10.25641026,44.10480349,41.92139738,58.07860262,35.37117904,64.62882096,4.80349345
Kondo Ren,Chunichi,L,12.33333333,56,90.9,23.21428571,19.64285714,39.83050847,25.0,14.83050847,73.40425532,88.13559322,48.57142857,10.59322034,26.59574468,26.69491525,74.19354839,22.58064516,3.225806452,41.94915254,34.3220339,65.6779661,34.3220339,65.6779661,4.661016949
Suzuki Hiroshi,ORIX,R,12.0,58,93.0,10.34482759,10.34482759,48.8372093,36.74418605,12.09302326,82.85714286,89.87341772,61.53846154,8.372093023,17.14285714,21.86046512,45.23809524,42.85714286,11.9047619,50.69767442,47.44186047,52.55813953,37.20930233,62.79069767,4.186046512
Takanashi Yuhei,Yomiuri,L,11.66666667,67,88.3,23.88059701,13.43283582,41.69741697,30.62730627,11.0701107,71.68141593,80.72289157,46.66666667,11.80811808,28.31858407,31.36531365,41.37931034,55.17241379,3.448275862,51.29151292,43.54243542,56.45756458,42.06642066,57.93357934,5.535055351
Horioka Hayato,DeNA,R,11.66666667,59,93.2,28.81355932,11.86440678,41.66666667,27.45098039,14.21568627,64.70588235,83.92857143,27.5862069,14.70588235,35.29411765,30.88235294,52.94117647,35.29411765,11.76470588,46.07843137,51.70731707,48.29268293,46.34146341,53.65853659,2.926829268
Izumi Keisuke,Yomiuri,R,11.33333333,55,91.2,21.81818182,7.272727273,49.32735426,37.66816143,11.65919283,87.27272727,92.85714286,69.23076923,6.278026906,12.72727273,21.52466368,32.43243243,64.86486486,2.702702703,52.91479821,47.08520179,52.91479821,40.35874439,59.64125561,8.071748879
Kimura Hikaru,SoftBank,R,11.33333333,42,93.5,28.57142857,9.523809524,44.80874317,32.24043716,12.56830601,67.07317073,77.96610169,39.13043478,14.75409836,32.92682927,30.05464481,46.15384615,53.84615385,0.0,48.08743169,58.46994536,41.53005464,37.15846995,62.84153005,3.825136612
Urushihara Taisei,Hanshin,R,11.33333333,43,89.0,20.93023256,9.302325581,38.26530612,29.08163265,9.183673469,78.66666667,84.21052632,61.11111111,8.163265306,21.33333333,26.53061224,44.82758621,44.82758621,10.34482759,47.95918367,48.22335025,51.77664975,43.14720812,56.85279188,5.076142132
Hartwig Grant,Hanshin,R,11.33333333,51,93.0,15.68627451,13.7254902,40.88669951,32.01970443,8.866995074,75.90361446,86.15384615,38.88888889,9.852216749,24.09638554,29.55665025,48.57142857,45.71428571,5.714285714,51.72413793,50.24630542,49.75369458,42.85714286,57.14285714,3.448275862
Miyamori Satoshi,Rakuten,R,11.33333333,63,92.3,14.28571429,11.11111111,46.28820961,38.86462882,7.423580786,80.18867925,86.51685393,47.05882353,9.170305677,19.81132075,21.83406114,40.54054054,54.05405405,5.405405405,51.9650655,57.20524017,42.79475983,50.21834061,49.78165939,8.296943231
Baldonado Alberto,Yomiuri,L,11.0,55,93.6,21.81818182,18.18181818,46.51162791,34.49612403,12.01550388,77.5,85.39325843,54.83870968,10.46511628,22.5,22.86821705,38.70967742,51.61290323,9.677419355,48.0620155,40.69767442,59.30232558,39.92248062,60.07751938,7.364341085
Maeda Yugo,SoftBank,L,11.0,46,89.5,26.08695652,2.173913043,48.21428571,30.95238095,17.26190476,72.83950617,84.61538462,51.72413793,13.0952381,27.16049383,32.73809524,45.45454545,36.36363636,18.18181818,50.5952381,50.0,50.0,42.85714286,57.14285714,6.547619048
Hayasaka Oto,Lotte,R,11.0,51,92.2,7.843137255,15.68627451,43.97905759,26.70157068,17.27748691,86.9047619,94.11764706,75.75757576,5.759162304,13.0952381,15.70680628,41.02564103,46.15384615,12.82051282,38.21989529,58.63874346,41.36125654,56.02094241,43.97905759,3.664921466
Tsuji Taiga,Hiroshima,L,10.66666667,45,90.8,28.88888889,4.444444444,48.35164835,36.81318681,11.53846154,73.86363636,76.11940299,66.66666667,12.63736264,26.13636364,28.57142857,36.66666667,53.33333333,10.0,52.74725275,53.2967033,46.7032967,40.10989011,59.89010989,3.296703297
Shimamoto Hiroya,Hanshin,L,10.0,45,88.1,11.11111111,4.444444444,41.83006536,34.64052288,7.189542484,76.5625,86.79245283,27.27272727,9.803921569,23.4375,29.41176471,51.42857143,48.57142857,0.0,54.90196078,43.50649351,56.49350649,40.90909091,59.09090909,7.792207792
Sun Yi-Lei,Nipponham,R,10.0,43,92.6,16.27906977,9.302325581,45.09803922,31.37254902,13.7254902,76.8115942,89.58333333,47.61904762,10.45751634,23.1884058,29.41176471,37.5,56.25,6.25,50.98039216,51.63398693,48.36601307,60.13071895,39.86928105,4.575163399
Iriyama Kaito,ORIX,R,10.0,38,93.3,26.31578947,7.894736842,53.04878049,32.31707317,20.73170732,70.11494253,84.90566038,47.05882353,15.85365854,29.88505747,26.2195122,25.0,75.0,0.0,42.68292683,41.21212121,58.78787879,51.51515152,48.48484848,6.666666667
Heinai Ryuta,Yomiuri,R,9.666666667,39,93.0,15.38461538,0.0,49.16666667,35.0,14.16666667,84.74576271,92.85714286,64.70588235,7.5,15.25423729,22.5,45.45454545,45.45454545,9.090909091,50.83333333,55.83333333,44.16666667,55.0,45.0,4.166666667
Kikuchi Taiki,Yomiuri,R,9.666666667,41,91.0,39.02439024,7.317073171,43.87096774,24.51612903,19.35483871,69.11764706,92.10526316,40.0,13.5483871,30.88235294,36.12903226,47.36842105,47.36842105,5.263157895,48.38709677,47.09677419,52.90322581,47.74193548,52.25806452,5.161290323
Hamaya Shota,Seibu,L,9.333333333,38,91.0,23.68421053,13.15789474,46.30872483,31.54362416,14.76510067,78.26086957,89.36170213,54.54545455,10.06711409,21.73913043,25.5033557,50.0,33.33333333,16.66666667,46.97986577,35.5704698,64.4295302,39.59731544,60.40268456,5.369127517
Maruyama Shota,Yakult,R,9.333333333,45,92.2,24.44444444,13.33333333,44.73684211,28.42105263,16.31578947,68.23529412,81.48148148,45.16129032,14.21052632,31.76470588,29.47368421,35.71428571,57.14285714,7.142857143,43.68421053,61.05263158,38.94736842,54.73684211,45.26315789,2.631578947
Yoshida Seiya,Chunichi,L,9.0,40,87.8,7.5,12.5,33.95061728,28.39506173,5.555555556,87.27272727,89.13043478,77.77777778,4.320987654,12.72727273,25.30864198,37.5,56.25,6.25,49.38271605,46.91358025,53.08641975,47.5308642,52.4691358,6.790123457
Kamichatani Taiga,SoftBank,R,9.0,38,91.6,21.05263158,5.263157895,44.27480916,34.35114504,9.923664122,79.31034483,93.33333333,30.76923077,9.160305344,20.68965517,29.77099237,46.42857143,50.0,3.571428571,54.96183206,32.0610687,67.9389313,41.22137405,58.77862595,4.580152672
Yoshikawa Yuto,Lotte,L,9.0,41,88.5,14.63414634,14.63414634,36.53846154,23.07692308,13.46153846,82.45614035,97.22222222,57.14285714,6.41025641,17.54385965,22.43589744,29.62962963,62.96296296,7.407407407,41.66666667,40.38461538,59.61538462,53.20512821,46.79487179,8.333333333
Okadome Hidetaka,Hanshin,R,9.0,37,90.8,5.405405405,5.405405405,43.75,32.63888889,11.11111111,90.47619048,97.87234043,68.75,4.166666667,9.523809524,23.61111111,56.66666667,36.66666667,6.666666667,52.77777778,57.63888889,42.36111111,27.08333333,72.91666667,6.944444444
Miyahara Shunsuke,Yomiuri,L,8.666666667,35,91.4,31.42857143,8.571428571,47.59036145,34.3373494,13.25301205,70.88607595,77.19298246,54.54545455,13.85542169,29.11392405,28.91566265,40.0,50.0,10.0,49.39759036,36.14457831,63.85542169,52.40963855,47.59036145,1.204819277
Gonda Ryusei,ORIX,R,8.333333333,44,89.3,11.36363636,4.545454545,47.02702703,38.91891892,8.108108108,85.05747126,84.72222222,86.66666667,7.027027027,14.94252874,28.10810811,41.66666667,47.22222222,11.11111111,61.08108108,49.18918919,50.81081081,41.08108108,58.91891892,5.405405405
Iwai Shunsuke,SoftBank,R,8.333333333,36,93.9,8.333333333,2.777777778,49.54954955,41.44144144,8.108108108,90.90909091,95.65217391,66.66666667,4.504504505,9.090909091,17.11711712,16.12903226,67.74193548,16.12903226,54.05405405,52.25225225,47.74774775,49.54954955,50.45045045,9.009009009
Shibata Daichi,Rakuten,R,8.333333333,39,92.7,15.38461538,15.38461538,42.14285714,29.28571429,12.85714286,76.27118644,85.36585366,55.55555556,10.0,23.72881356,27.14285714,51.85185185,40.74074074,7.407407407,47.14285714,49.28571429,50.71428571,45.0,55.0,5.0
Itoh Mao,Chunichi,R,8.333333333,36,89.9,13.88888889,11.11111111,43.1372549,31.37254902,11.76470588,74.24242424,85.41666667,44.44444444,11.11111111,25.75757576,28.10457516,55.55555556,37.03703704,7.407407407,48.36601307,62.74509804,37.25490196,24.18300654,75.81699346,6.535947712
Toumatsu Kaisei,ORIX,L,8.0,44,91.9,18.18181818,11.36363636,44.57831325,33.73493976,10.84337349,71.62162162,85.71428571,27.77777778,12.65060241,28.37837838,29.51807229,48.38709677,32.25806452,19.35483871,51.20481928,34.3373494,65.6626506,28.31325301,71.68674699,3.614457831
Yoshino Teruki,DeNA,R,7.666666667,35,91.0,22.85714286,14.28571429,41.91616766,29.34131737,12.5748503,75.71428571,81.63265306,61.9047619,10.17964072,24.28571429,28.14371257,45.45454545,45.45454545,9.090909091,47.30538922,46.10778443,53.89221557,43.11377246,56.88622754,5.389221557
Wakamatsu Naoki,DeNA,R,7.666666667,37,92.0,8.108108108,2.702702703,49.65986395,38.7755102,10.88435374,90.4109589,91.22807018,87.5,4.761904762,9.589041096,21.08843537,56.25,25.0,18.75,56.46258503,54.42176871,45.57823129,50.34013605,49.65986395,9.523809524
Hirohata Atsuya,Lotte,R,7.666666667,37,93.2,13.51351351,16.21621622,41.44736842,30.92105263,10.52631579,82.53968254,93.61702128,50.0,7.236842105,17.46031746,26.97368421,50.0,46.15384615,3.846153846,50.65789474,47.36842105,52.63157895,30.92105263,69.07894737,6.578947368
Ishiguro Yuya,Hanshin,R,7.666666667,33,92.1,21.21212121,6.060606061,58.53658537,44.71544715,13.82113821,72.22222222,76.36363636,58.82352941,16.2601626,27.77777778,24.3902439,36.36363636,54.54545455,9.090909091,53.65853659,45.52845528,54.47154472,48.7804878,51.2195122,5.691056911
Okada Toshiya,Chunichi,L,7.333333333,33,87.5,24.24242424,3.03030303,44.6969697,30.3030303,14.39393939,81.3559322,92.5,57.89473684,8.333333333,18.6440678,30.3030303,45.83333333,45.83333333,8.333333333,53.03030303,45.45454545,54.54545455,31.81818182,68.18181818,4.545454545
Baba Kosuke,Yomiuri,R,7.333333333,32,90.9,15.625,12.5,44.73684211,34.21052632,10.52631579,74.50980392,84.61538462,41.66666667,11.40350877,25.49019608,23.68421053,50.0,50.0,0.0,47.36842105,60.52631579,39.47368421,32.45614035,67.54385965,2.631578947
Hatake Seishu,Hanshin,R,7.0,26,90.9,7.692307692,11.53846154,52.22222222,37.77777778,14.44444444,82.9787234,88.23529412,69.23076923,8.888888889,17.0212766,24.44444444,47.61904762,42.85714286,9.523809524,53.33333333,46.66666667,53.33333333,55.55555556,44.44444444,6.666666667
Karashima Wataru,Rakuten,L,6.0,32,84.2,3.125,3.125,37.6,29.6,8.0,87.23404255,94.59459459,60.0,4.8,12.76595745,28.8,40.0,43.33333333,16.66666667,53.6,52.8,47.2,40.0,60.0,5.6
Kawaguchi Toya,SoftBank,R,6.0,27,91.6,29.62962963,3.703703704,52.04081633,31.63265306,20.40816327,72.54901961,90.32258065,45.0,14.28571429,27.45098039,28.57142857,50.0,43.75,6.25,45.91836735,38.7755102,61.2244898,33.67346939,66.32653061,7.142857143
Mishima Kazuki,DeNA,R,5.666666667,37,90.0,10.81081081,10.81081081,35.41666667,26.38888889,9.027777778,92.15686275,94.73684211,84.61538462,2.777777778,7.843137255,22.91666667,45.45454545,40.90909091,13.63636364,48.61111111,38.19444444,61.80555556,41.66666667,58.33333333,2.083333333
Mizukami Yoshinobu,Seibu,R,5.666666667,25,89.2,12.0,8.0,47.82608696,38.04347826,9.782608696,79.54545455,82.85714286,66.66666667,9.782608696,20.45454545,19.56521739,47.36842105,31.57894737,21.05263158,50.0,48.91304348,51.08695652,44.56521739,55.43478261,4.347826087
Sung Chia-Hao,Rakuten,R,5.666666667,21,91.8,14.28571429,4.761904762,58.10810811,43.24324324,14.86486486,86.04651163,90.625,72.72727273,8.108108108,13.95348837,20.27027027,35.29411765,41.17647059,23.52941176,56.75675676,63.51351351,36.48648649,22.97297297,77.02702703,5.405405405
Hayakawa Daiki,Hanshin,R,5.333333333,20,89.1,10.0,10.0,43.90243902,31.70731707,12.19512195,94.44444444,100.0,80.0,2.43902439,5.555555556,21.95121951,50.0,37.5,12.5,52.43902439,55.42168675,44.57831325,50.60240964,49.39759036,6.024096386
Hasebe Ginji,Hiroshima,L,5.333333333,30,89.0,23.33333333,13.33333333,44.06779661,34.74576271,9.322033898,78.84615385,85.36585366,54.54545455,9.322033898,21.15384615,27.96610169,44.44444444,50.0,5.555555556,53.38983051,38.98305085,61.01694915,53.38983051,46.61016949,5.084745763
Sakamoto Koshiro,Lotte,L,5.333333333,28,92.2,10.71428571,14.28571429,47.0,34.0,13.0,85.10638298,94.11764706,61.53846154,7.0,14.89361702,22.0,26.31578947,63.15789474,10.52631579,49.0,41.0,59.0,49.0,51.0,5.0
Neo Akira,Chunichi,R,5.333333333,27,92.6,18.51851852,7.407407407,44.11764706,37.25490196,6.862745098,75.55555556,78.94736842,57.14285714,10.78431373,24.44444444,25.49019608,25.0,60.0,15.0,52.94117647,43.1372549,56.8627451,41.17647059,58.82352941,1.960784314
Azuma Yusuke,Lotte,R,5.333333333,28,89.3,14.28571429,10.71428571,43.29896907,29.89690722,13.40206186,71.42857143,89.65517241,30.76923077,12.37113402,28.57142857,26.80412371,57.14285714,38.0952381,4.761904762,44.32989691,37.11340206,62.88659794,34.02061856,65.97938144,3.092783505
Kozono Kenta,DeNA,R,5.0,21,89.1,19.04761905,19.04761905,42.52873563,33.33333333,9.195402299,83.78378378,86.20689655,75.0,6.896551724,16.21621622,22.98850575,53.84615385,30.76923077,15.38461538,49.42528736,41.37931034,58.62068966,45.97701149,54.02298851,3.448275862
Takahashi Bo,Seibu,R,5.0,27,92.1,14.81481481,3.703703704,53.06122449,35.71428571,17.34693878,76.92307692,88.57142857,52.94117647,12.24489796,23.07692308,21.42857143,22.72727273,54.54545455,22.72727273,46.93877551,62.24489796,37.75510204,54.08163265,45.91836735,4.081632653
Yamashita Shunpeita,ORIX,R,5.0,22,96.5,50.0,18.18181818,47.25274725,28.57142857,18.68131868,60.46511628,73.07692308,41.17647059,18.68131868,39.53488372,36.26373626,0.0,85.71428571,14.28571429,46.15384615,45.05494505,54.94505495,46.15384615,53.84615385,2.197802198
Shinohara Hibiki,Seibu,R,4.666666667,24,92.0,20.83333333,8.333333333,39.3258427,26.96629213,12.35955056,77.14285714,83.33333333,63.63636364,8.988764045,22.85714286,26.96629213,62.5,31.25,6.25,47.19101124,56.17977528,43.82022472,37.07865169,62.92134831,0.0
Mori Yuito,DeNA,R,4.666666667,18,86.8,16.66666667,0.0,35.21126761,25.35211268,9.85915493,80.0,94.44444444,42.85714286,7.042253521,20.0,39.43661972,53.33333333,46.66666667,0.0,57.74647887,53.52112676,46.47887324,40.84507042,59.15492958,5.633802817
Hasegawa Hiroki,Yakult,L,4.666666667,24,91.6,8.333333333,8.333333333,46.57534247,27.39726027,19.17808219,76.47058824,100.0,42.85714286,10.95890411,23.52941176,30.1369863,47.36842105,47.36842105,5.263157895,47.94520548,53.42465753,46.57534247,46.57534247,53.42465753,4.109589041
Nishi Yuki,Hanshin,R,4.666666667,23,87.7,8.695652174,8.695652174,43.58974359,24.35897436,19.23076923,88.23529412,100.0,73.33333333,5.128205128,11.76470588,24.35897436,47.36842105,36.84210526,15.78947368,44.87179487,61.53846154,38.46153846,28.20512821,71.79487179,1.282051282
Guerra Javy,Hanshin,R,4.666666667,29,96.5,13.79310345,17.24137931,48.59813084,38.31775701,10.28037383,86.53846154,87.80487805,81.81818182,6.542056075,13.46153846,20.56074766,55.0,30.0,15.0,52.3364486,50.46728972,49.53271028,51.40186916,48.59813084,4.672897196
Iguchi Kazutomo,ORIX,R,4.666666667,28,90.6,7.142857143,14.28571429,44.24778761,35.39823009,8.849557522,90.0,92.5,80.0,4.424778761,10.0,19.46902655,42.85714286,38.0952381,19.04761905,53.09734513,61.94690265,38.05309735,49.55752212,50.44247788,7.079646018
Ohno Kazuo,SoftBank,L,4.333333333,22,91.0,4.545454545,18.18181818,42.05607477,31.77570093,10.28037383,84.44444444,82.35294118,90.90909091,6.542056075,15.55555556,22.42990654,50.0,37.5,12.5,47.6635514,42.05607477,57.94392523,37.38317757,62.61682243,7.476635514
Tomiyama Ryoga,ORIX,L,4.0,23,87.8,4.347826087,17.39130435,41.55844156,27.27272727,14.28571429,81.25,95.23809524,54.54545455,7.792207792,18.75,16.88311688,35.29411765,52.94117647,11.76470588,37.66233766,59.74025974,40.25974026,37.66233766,62.33766234,2.597402597
Yamada Ryusei,Yomiuri,L,4.0,16,89.5,6.25,6.25,40.0,31.66666667,8.333333333,91.66666667,94.73684211,80.0,3.333333333,8.333333333,20.0,45.45454545,36.36363636,18.18181818,48.33333333,41.66666667,58.33333333,41.66666667,58.33333333,6.666666667
Takita Kazuki,Hiroshima,L,4.0,19,91.0,15.78947368,26.31578947,38.37209302,29.06976744,9.302325581,84.84848485,92.0,62.5,5.813953488,15.15151515,24.41860465,18.18181818,81.81818182,0.0,47.6744186,41.86046512,58.13953488,50.0,50.0,5.813953488
Aoyagi Koyo,Yakult,R,4.0,22,86.2,13.63636364,27.27272727,29.06976744,17.44186047,11.62790698,76.0,86.66666667,60.0,6.976744186,24.0,25.58139535,54.54545455,36.36363636,9.090909091,38.37209302,76.74418605,23.25581395,34.88372093,65.11627907,4.651162791
Ohuchi Seiya,Rakuten,R,4.0,15,90.1,20.0,13.33333333,34.42622951,18.03278689,16.39344262,80.95238095,100.0,60.0,6.557377049,19.04761905,27.86885246,30.0,60.0,10.0,39.3442623,59.01639344,40.98360656,63.93442623,36.06557377,8.196721311
Satoh Kazuma,ORIX,L,4.0,18,88.9,11.11111111,0.0,46.47887324,35.21126761,11.26760563,87.87878788,92.0,75.0,5.633802817,12.12121212,28.16901408,56.25,43.75,0.0,57.74647887,38.02816901,61.97183099,40.84507042,59.15492958,7.042253521
Nakagomi Haruto,Rakuten,R,4.0,19,90.6,5.263157895,15.78947368,39.70588235,29.41176471,10.29411765,92.59259259,100.0,71.42857143,2.941176471,7.407407407,20.58823529,25.0,58.33333333,16.66666667,47.05882353,54.41176471,45.58823529,42.64705882,57.35294118,2.941176471
Ishihara Yuki,Yakult,L,4.0,23,87.6,13.04347826,13.04347826,41.12149533,34.57943925,6.542056075,86.36363636,89.18918919,71.42857143,5.607476636,13.63636364,24.29906542,47.05882353,41.17647059,11.76470588,53.27102804,36.44859813,63.55140187,52.3364486,47.6635514,0.9345794393
Matsumoto Ryoto,DeNA,R,3.666666667,19,93.5,5.263157895,21.05263158,37.5,32.8125,4.6875,83.33333333,95.23809524,0.0,6.25,16.66666667,25.0,61.53846154,23.07692308,15.38461538,51.5625,71.875,28.125,45.3125,54.6875,4.6875
Matsuoka Koki,Nipponham,R,3.666666667,22,92.9,22.72727273,9.090909091,44.79166667,39.58333333,5.208333333,81.39534884,86.84210526,40.0,8.333333333,18.60465116,20.83333333,66.66666667,33.33333333,0.0,52.08333333,42.70833333,57.29166667,32.29166667,67.70833333,4.166666667
Matsumoto Ryuya,Hiroshima,R,3.333333333,17,90.1,23.52941176,5.882352941,53.42465753,36.98630137,16.43835616,87.17948718,96.2962963,66.66666667,6.849315068,12.82051282,21.91780822,36.36363636,63.63636364,0.0,52.05479452,45.20547945,54.79452055,60.2739726,39.7260274,5.479452055
Masuda Takehisa,Hiroshima,R,3.0,15,92.1,33.33333333,6.666666667,48.38709677,25.80645161,22.58064516,76.66666667,93.75,57.14285714,11.29032258,23.33333333,35.48387097,33.33333333,55.55555556,11.11111111,50.0,53.22580645,46.77419355,48.38709677,51.61290323,3.225806452
Hamachi Masumi,DeNA,R,3.0,12,91.9,41.66666667,8.333333333,50.0,40.74074074,9.259259259,70.37037037,81.81818182,20.0,14.81481481,29.62962963,35.18518519,16.66666667,83.33333333,0.0,61.11111111,59.25925926,40.74074074,48.14814815,51.85185185,14.81481481
Matsukihira Yuta,Chunichi,R,3.0,10,89.2,30.0,0.0,42.42424242,30.3030303,12.12121212,71.42857143,70.0,75.0,12.12121212,28.57142857,36.36363636,42.85714286,42.85714286,14.28571429,57.57575758,42.42424242,57.57575758,60.60606061,39.39393939,3.03030303
Nakachi Reia,Chunichi,R,2.666666667,15,90.8,6.666666667,26.66666667,34.7826087,28.98550725,5.797101449,87.5,85.0,100.0,4.347826087,12.5,18.84057971,44.44444444,33.33333333,22.22222222,43.47826087,66.66666667,33.33333333,63.76811594,36.23188406,11.5942029
Toda Natsuki,Yomiuri,R,2.333333333,11,90.4,0.0,0.0,51.51515152,39.39393939,12.12121212,94.11764706,100.0,75.0,3.03030303,5.882352941,15.15151515,42.85714286,42.85714286,14.28571429,51.51515152,51.51515152,48.48484848,48.48484848,51.51515152,6.060606061
Zabala Aneurys,Nipponham,R,2.333333333,9,97.3,22.22222222,11.11111111,47.36842105,28.94736842,18.42105263,66.66666667,72.72727273,57.14285714,15.78947368,33.33333333,23.68421053,16.66666667,66.66666667,16.66666667,36.84210526,36.84210526,63.15789474,52.63157895,47.36842105,5.263157895
Hirano Yoshihisa,ORIX,R,2.333333333,14,89.7,7.142857143,14.28571429,40.42553191,36.17021277,4.255319149,94.73684211,100.0,50.0,2.127659574,5.263157895,21.27659574,36.36363636,63.63636364,0.0,57.44680851,74.46808511,25.53191489,42.55319149,57.44680851,2.127659574
Aoyama Minato,Seibu,R,2.0,11,90.0,0.0,18.18181818,38.0952381,33.33333333,4.761904762,93.75,92.85714286,100.0,2.380952381,6.25,14.28571429,44.44444444,44.44444444,11.11111111,45.23809524,71.42857143,28.57142857,33.33333333,66.66666667,2.380952381
Shiiba Tsuyoshi,Hanshin,R,2.0,8,92.8,12.5,12.5,46.15384615,34.61538462,11.53846154,83.33333333,100.0,33.33333333,7.692307692,16.66666667,19.23076923,33.33333333,50.0,16.66666667,46.15384615,50.0,50.0,61.53846154,38.46153846,0.0
Miyazaki Hayato,SoftBank,L,2.0,9,91.7,22.22222222,0.0,43.75,37.5,6.25,85.71428571,91.66666667,50.0,6.25,14.28571429,21.875,57.14285714,0.0,42.85714286,56.25,34.375,65.625,46.875,53.125,9.375
Itoh Yusuke,SoftBank,R,2.0,10,92.6,10.0,20.0,48.88888889,42.22222222,6.666666667,72.72727273,73.68421053,66.66666667,13.33333333,27.27272727,20.0,57.14285714,14.28571429,28.57142857,48.88888889,20.0,80.0,28.88888889,71.11111111,0.0
Karakawa Yuki,Lotte,R,1.666666667,13,90.4,7.692307692,0.0,49.05660377,30.18867925,18.86792453,76.92307692,75.0,80.0,11.32075472,23.07692308,30.18867925,33.33333333,33.33333333,33.33333333,50.94339623,26.41509434,73.58490566,47.16981132,52.83018868,5.660377358
Walters Nash,Chunichi,R,1.666666667,9,95.3,0.0,33.33333333,30.95238095,28.57142857,2.380952381,100.0,100.0,100.0,0.0,0.0,11.9047619,33.33333333,66.66666667,0.0,40.47619048,64.28571429,35.71428571,59.52380952,40.47619048,4.761904762
Hori Mizuki,Nipponham,L,1.666666667,9,90.0,22.22222222,11.11111111,46.66666667,40.0,6.666666667,42.85714286,50.0,0.0,26.66666667,57.14285714,43.33333333,50.0,50.0,0.0,60.0,26.66666667,73.33333333,36.66666667,63.33333333,3.333333333
Marcelino Hansel,DeNA,R,1.333333333,9,94.4,33.33333333,33.33333333,46.0,24.0,22.0,65.2173913,75.0,54.54545455,16.0,34.7826087,26.0,50.0,50.0,0.0,34.0,52.0,48.0,46.0,54.0,8.0
Shinogi Kentaro,DeNA,R,1.333333333,10,91.1,0.0,30.0,36.0,26.0,10.0,88.88888889,92.30769231,80.0,4.0,11.11111111,14.0,50.0,50.0,0.0,38.0,64.0,36.0,64.0,36.0,8.0
Turley Nik,Rakuten,L,1.333333333,7,92.9,14.28571429,14.28571429,44.82758621,37.93103448,6.896551724,76.92307692,81.81818182,50.0,10.34482759,23.07692308,24.13793103,20.0,80.0,0.0,51.72413793,27.5862069,72.4137931,65.51724138,34.48275862,10.34482759
Tai Katsutoshi,Rakuten,L,1.0,6,92.3,16.66666667,0.0,61.9047619,38.0952381,23.80952381,69.23076923,100.0,20.0,19.04761905,30.76923077,33.33333333,40.0,20.0,40.0,52.38095238,38.0952381,61.9047619,71.42857143,28.57142857,0.0
Matsuda Takuma,Rakuten,R,1.0,3,86.5,0.0,33.33333333,16.66666667,16.66666667,0.0,100.0,100.0,,0.0,0.0,16.66666667,50.0,50.0,0.0,33.33333333,50.0,50.0,66.66666667,33.33333333,0.0
Iwasaki Shunsuke,SoftBank,R,1.0,8,91.7,25.0,12.5,54.54545455,42.42424242,12.12121212,55.55555556,64.28571429,25.0,24.24242424,44.44444444,33.33333333,40.0,40.0,20.0,51.51515152,33.33333333,66.66666667,39.39393939,60.60606061,3.03030303
Saitoh Yuta,Hiroshima,R,1.0,4,91.7,25.0,0.0,60.0,46.66666667,13.33333333,66.66666667,57.14285714,100.0,20.0,33.33333333,26.66666667,50.0,50.0,0.0,46.66666667,66.66666667,33.33333333,46.66666667,53.33333333,13.33333333
Kuroyanagi Kyosuke,Nipponham,R,1.0,5,92.8,20.0,20.0,43.33333333,40.0,3.333333333,69.23076923,75.0,0.0,13.33333333,30.76923077,30.0,66.66666667,33.33333333,0.0,56.66666667,36.66666667,63.33333333,50.0,50.0,10.0
Kitamura Takumi,Yakult,R,1.0,6,85.0,16.66666667,16.66666667,44.44444444,44.44444444,0.0,75.0,75.0,,11.11111111,25.0,33.33333333,50.0,50.0,0.0,72.22222222,50.0,50.0,72.22222222,27.77777778,11.11111111
Numata Shohei,Yakult,R,1.0,8,88.5,0.0,0.0,56.41025641,48.71794872,7.692307692,86.36363636,89.47368421,66.66666667,7.692307692,13.63636364,12.82051282,12.5,62.5,25.0,53.84615385,58.97435897,41.02564103,46.15384615,53.84615385,0.0
Ichijo Rikima,Lotte,R,1.0,6,93.8,16.66666667,33.33333333,35.71428571,32.14285714,3.571428571,60.0,66.66666667,0.0,14.28571429,40.0,25.0,0.0,100.0,0.0,42.85714286,71.42857143,28.57142857,67.85714286,32.14285714,10.71428571
Hashimoto Tatsuya,DeNA,R,0.6666666667,6,91.1,0.0,0.0,60.0,55.0,5.0,100.0,100.0,100.0,0.0,0.0,20.0,0.0,0.0,0.0,75.0,50.0,50.0,70.0,30.0,5.0
Nishimura Takahiro,Lotte,R,0.6666666667,8,90.0,12.5,25.0,47.5,32.5,15.0,68.42105263,84.61538462,33.33333333,15.0,31.57894737,22.5,40.0,40.0,20.0,42.5,60.0,40.0,32.5,67.5,10.0
Iwata Masaki,DeNA,L,0.3333333333,7,83.7,0.0,14.28571429,41.93548387,38.70967742,3.225806452,76.92307692,75.0,100.0,9.677419355,23.07692308,19.35483871,66.66666667,33.33333333,0.0,48.38709677,38.70967742,61.29032258,41.93548387,58.06451613,9.677419355
