Player,G,PA,AB,R,H,2B,3B,HR,TB,RBI,SB,CS,SH,SF,SO,BB,IBB,HP,GDP,AVG,OBP,SLG,OPS,OPS+,ISO,BABIP,TTO%,K%,BB%,BB/K,Team,League
Endo Jo,112,331,296,42,80,10,6,2,108,37,10,7,9,1,68,21,0,4,3,0.270,0.326,0.365,0.691,100,0.095,0.344,27.5%,20.5%,6.3%,0.31,<a href=https://npb.jp/bis/eng/teams/index_t.html>Hanshin</a>,WL
Inoue Kouta,94,376,337,38,79,24,0,11,136,48,0,2,0,4,108,27,0,8,9,0.234,0.303,0.404,0.707,104,0.170,0.306,38.8%,28.7%,7.2%,0.25,<a href=https://npb.jp/bis/eng/teams/index_t.html>Hanshin</a>,WL
Futamata Shoichi,107,405,366,39,94,21,2,5,134,36,1,2,4,4,89,22,0,9,8,0.257,0.312,0.366,0.678,101,0.109,0.322,28.6%,22.0%,5.4%,0.25,<a href=https://npb.jp/bis/eng/teams/index_c.html>Hiroshima</a>,WL
Hayashi Kota,87,343,308,30,73,13,4,10,124,41,3,1,0,5,75,26,2,4,7,0.237,0.300,0.403,0.703,108,0.166,0.276,32.4%,21.9%,7.6%,0.35,<a href=https://npb.jp/bis/eng/teams/index_c.html>Hiroshima</a>,WL
Nakamura Takahiro,82,307,291,30,71,7,0,8,102,36,0,2,0,0,67,14,0,2,4,0.244,0.283,0.351,0.634,88,0.107,0.292,29.0%,21.8%,4.6%,0.21,<a href=https://npb.jp/bis/eng/teams/index_c.html>Hiroshima</a>,WL
Katsumata Atsushi,105,364,342,30,93,17,2,6,132,30,0,4,5,3,67,10,1,4,10,0.272,0.298,0.386,0.684,102,0.114,0.320,22.8%,18.4%,2.7%,0.15,<a href=https://npb.jp/bis/eng/teams/index_db.html>DeNA</a>,EL
Matsuo Shion,104,376,343,34,95,20,2,7,140,51,6,1,3,8,33,16,0,6,7,0.277,0.314,0.408,0.722,113,0.131,0.283,14.9%,8.8%,4.3%,0.48,<a href=https://npb.jp/bis/eng/teams/index_db.html>DeNA</a>,EL
Murakawa Nagi,108,371,332,33,93,11,1,0,106,24,29,12,17,1,83,21,0,0,3,0.280,0.322,0.319,0.641,90,0.039,0.372,28.0%,22.4%,5.7%,0.25,<a href=https://npb.jp/bis/eng/teams/index_db.html>DeNA</a>,EL
Nishimaki Kenji,100,370,310,46,77,12,6,2,107,23,16,5,7,1,59,48,0,4,3,0.248,0.355,0.345,0.700,109,0.097,0.300,29.5%,15.9%,13.0%,0.81,<a href=https://npb.jp/bis/eng/teams/index_db.html>DeNA</a>,EL
Hagio Masaya,101,339,307,43,87,19,4,7,135,36,1,3,5,0,67,23,2,4,7,0.283,0.341,0.440,0.781,128,0.157,0.343,28.6%,19.8%,6.8%,0.34,<a href=https://npb.jp/bis/eng/teams/index_g.html>Yomiuri</a>,EL
Katsuki Kazuya,106,351,312,36,82,15,0,8,121,46,0,1,4,1,32,25,0,9,8,0.263,0.334,0.388,0.722,111,0.125,0.271,18.5%,9.1%,7.1%,0.78,<a href=https://npb.jp/bis/eng/teams/index_g.html>Yomiuri</a>,EL
Kikuta Hirokazu,103,356,327,35,84,17,2,7,126,32,0,0,1,0,45,26,0,2,16,0.257,0.315,0.385,0.700,104,0.128,0.280,21.9%,12.6%,7.3%,0.58,<a href=https://npb.jp/bis/eng/teams/index_g.html>Yomiuri</a>,EL
Kitamura Keigo,96,365,320,39,75,14,1,10,121,46,1,0,11,3,59,28,0,3,2,0.234,0.299,0.378,0.677,97,0.144,0.256,26.6%,16.2%,7.7%,0.47,<a href=https://npb.jp/bis/eng/teams/index_s.html>Yakult</a>,EL
Matsumoto Yu,97,356,313,38,84,17,3,6,125,40,2,0,2,4,72,32,1,5,2,0.268,0.342,0.399,0.741,117,0.131,0.326,30.9%,20.2%,9.0%,0.44,<a href=https://npb.jp/bis/eng/teams/index_s.html>Yakult</a>,EL
Sawai Ren,90,368,321,55,84,20,1,18,160,56,2,1,0,4,76,37,1,6,5,0.262,0.345,0.498,0.843,145,0.236,0.286,35.6%,20.7%,10.1%,0.49,<a href=https://npb.jp/bis/eng/teams/index_s.html>Yakult</a>,EL
Higuchi Seishu,104,368,315,39,64,3,9,0,85,13,8,6,19,2,67,31,0,1,3,0.203,0.275,0.270,0.545,59,0.067,0.256,26.6%,18.2%,8.4%,0.46,<a href=https://npb.jp/bis/eng/teams/index_d.html>Chunichi</a>,WL
Ukai Kosuke,73,303,279,36,80,21,2,7,126,38,3,1,0,3,68,15,0,6,4,0.287,0.333,0.452,0.785,126,0.165,0.353,29.7%,22.4%,5.0%,0.22,<a href=https://npb.jp/bis/eng/teams/index_d.html>Chunichi</a>,WL
Katsumata Rui,109,365,347,20,69,16,1,0,87,29,6,2,6,1,100,4,0,7,14,0.199,0.223,0.251,0.474,38,0.052,0.278,28.5%,27.4%,1.1%,0.04,<a href=https://npb.jp/bis/eng/teams/index_m.html>Lotte</a>,EL
Matsukawa Kou,99,367,326,22,76,9,0,1,88,28,1,1,5,4,74,31,0,1,12,0.233,0.298,0.270,0.568,65,0.037,0.294,28.9%,20.2%,8.4%,0.42,<a href=https://npb.jp/bis/eng/teams/index_m.html>Lotte</a>,EL
Kurokawa Fumiya,92,385,339,49,104,15,1,5,136,55,1,1,4,4,40,36,0,2,7,0.307,0.373,0.401,0.774,129,0.094,0.332,21.0%,10.4%,9.4%,0.90,<a href=https://npb.jp/bis/eng/teams/index_e.html>Rakuten</a>,EL
Wada Ren,105,349,301,47,87,20,0,16,155,71,3,2,0,9,67,35,0,4,10,0.289,0.361,0.515,0.876,157,0.226,0.313,33.8%,19.2%,10.0%,0.52,<a href=https://npb.jp/bis/eng/teams/index_e.html>Rakuten</a>,EL
Takagi Wataru,87,364,322,34,80,18,2,6,120,44,1,0,0,6,55,36,0,0,6,0.248,0.319,0.373,0.692,97,0.125,0.277,26.6%,15.1%,9.9%,0.65,<a href=https://npb.jp/bis/eng/teams/index_l.html>Seibu</a>,EL
Yohkawa Naomasa,89,349,292,50,77,21,2,9,129,53,0,1,0,4,77,43,0,10,6,0.264,0.372,0.442,0.814,131,0.178,0.324,37.0%,22.1%,12.3%,0.56,<a href=https://npb.jp/bis/eng/teams/index_l.html>Seibu</a>,EL
Arizono Naoki,96,364,332,24,70,22,3,6,116,35,0,0,0,3,125,26,0,3,4,0.211,0.272,0.349,0.621,80,0.138,0.314,43.1%,34.3%,7.1%,0.21,<a href=https://npb.jp/bis/eng/teams/index_f.html>Nipponham</a>,EL
Kohri Takuya,101,373,337,33,79,12,4,9,126,35,8,10,3,0,39,22,0,11,14,0.234,0.303,0.374,0.677,97,0.140,0.242,18.8%,10.5%,5.9%,0.56,<a href=https://npb.jp/bis/eng/teams/index_f.html>Nipponham</a>,EL
