Pitcher,G,W,L,SV,CG,SHO,BF,IP,H,HR,SO,BB,IBB,HB,WP,R,ER,ERA,FIP,kwERA,WHIP,ERA+,FIP-,kwERA-,Diff,HR%,K%,BB%,K-BB%,Team,League
Akiyama Takumi,17,8,5,0,0,0,443,109.1,115,12,62,12,0,2,2,51,48,3.95,4.31,3.67,1.16,91,103,98,-0.36,2.7%,14.0%,2.7%,11.3%,<a href=https://npb.jp/bis/eng/teams/index_t.html>Hanshin</a>,WL
Aoyagi Koyo,5,2,1,0,0,0,134,32.0,28,1,21,7,0,2,2,9,8,2.25,3.57,3.76,1.09,160,86,100,-1.32,0.7%,15.7%,5.2%,10.5%,<a href=https://npb.jp/bis/eng/teams/index_t.html>Hanshin</a>,WL
Baba Kosuke,28,3,1,0,0,0,121,32.0,20,0,37,7,1,1,1,10,7,1.97,2.07,2.32,0.84,182,50,62,-0.10,0.0%,30.6%,5.8%,24.8%,<a href=https://npb.jp/bis/eng/teams/index_t.html>Hanshin</a>,WL
Beasley Jeremy,9,1,3,0,0,0,164,44.0,26,2,43,5,0,1,2,11,11,2.25,2.67,2.48,0.70,160,64,66,-0.42,1.2%,26.2%,3.0%,23.2%,<a href=https://npb.jp/bis/eng/teams/index_t.html>Hanshin</a>,WL
Brewer Colten,1,0,0,0,0,0,3,1.0,0,0,2,0,0,0,0,0,0,0.00,-0.37,-1.87,0.00,999,-9,-50,0.37,0.0%,66.7%,0.0%,66.7%,<a href=https://npb.jp/bis/eng/teams/index_t.html>Hanshin</a>,WL
Hamachi Masumi,13,0,0,1,0,0,47,13.0,7,1,16,1,0,0,0,3,2,1.38,2.40,1.61,0.62,260,57,43,-1.02,2.1%,34.0%,2.1%,31.9%,<a href=https://npb.jp/bis/eng/teams/index_t.html>Hanshin</a>,WL
Ibaragi Hidetoshi,12,3,3,0,0,0,188,38.1,52,3,30,19,0,2,6,37,28,6.57,4.72,4.21,1.85,55,113,112,1.85,1.6%,16.0%,10.1%,5.9%,<a href=https://npb.jp/bis/eng/teams/index_t.html>Hanshin</a>,WL
Ishii Daichi,6,0,0,0,0,0,22,6.0,4,0,9,0,0,0,0,0,0,0.00,0.63,0.71,0.67,999,15,19,-0.63,0.0%,40.9%,0.0%,40.9%,<a href=https://npb.jp/bis/eng/teams/index_t.html>Hanshin</a>,WL
Itoh Masashi,2,0,1,0,0,0,33,8.0,8,0,6,2,0,0,0,3,3,3.38,2.88,3.59,1.25,106,69,95,0.50,0.0%,18.2%,6.1%,12.1%,<a href=https://npb.jp/bis/eng/teams/index_t.html>Hanshin</a>,WL
Iwasada Yuta,3,0,0,0,0,0,12,3.0,0,0,2,2,0,0,2,1,0,0.00,4.30,4.80,0.67,999,103,128,-4.30,0.0%,16.7%,16.7%,0.0%,<a href=https://npb.jp/bis/eng/teams/index_t.html>Hanshin</a>,WL
Iwata Masaki,44,2,3,0,0,0,194,42.2,51,2,39,11,0,5,0,25,23,4.85,3.54,3.36,1.45,74,85,89,1.31,1.0%,20.1%,5.7%,14.4%,<a href=https://npb.jp/bis/eng/teams/index_t.html>Hanshin</a>,WL
Kajiya Ren,4,0,0,2,0,0,12,4.0,0,0,5,0,0,0,0,0,0,0.00,1.13,0.63,0.00,999,27,17,-1.13,0.0%,41.7%,0.0%,41.7%,<a href=https://npb.jp/bis/eng/teams/index_t.html>Hanshin</a>,WL
Kawahara Riku,26,2,6,2,0,0,282,65.0,71,6,40,21,0,5,4,35,31,4.29,4.80,4.13,1.42,84,115,110,-0.51,2.1%,14.2%,7.4%,6.8%,<a href=https://npb.jp/bis/eng/teams/index_t.html>Hanshin</a>,WL
Keller Brian,3,2,1,0,0,0,61,15.2,11,1,14,6,0,0,2,6,6,3.45,3.82,3.49,1.09,104,91,93,-0.37,1.6%,23.0%,9.8%,13.2%,<a href=https://npb.jp/bis/eng/teams/index_t.html>Hanshin</a>,WL
Kirishiki Takuma,12,3,3,0,1,0,303,72.1,78,4,50,11,0,1,2,34,32,3.98,3.46,3.51,1.23,90,83,93,0.52,1.3%,16.5%,3.6%,12.9%,<a href=https://npb.jp/bis/eng/teams/index_t.html>Hanshin</a>,WL
Kobayashi Keisuke,39,1,4,16,0,0,168,39.1,40,1,41,11,1,1,1,15,14,3.20,2.79,3.01,1.30,112,67,80,0.41,0.6%,24.4%,6.5%,17.9%,<a href=https://npb.jp/bis/eng/teams/index_t.html>Hanshin</a>,WL
Mochizuki Atsushi,13,0,1,0,0,0,65,11.1,15,1,3,17,0,0,4,14,11,8.74,8.75,6.95,2.82,41,210,185,-0.01,1.5%,4.6%,26.2%,-21.6%,<a href=https://npb.jp/bis/eng/teams/index_t.html>Hanshin</a>,WL
Mombetsu Keito,12,2,2,2,0,0,230,55.0,50,4,43,15,0,0,3,20,17,2.78,3.83,3.58,1.18,129,92,95,-1.05,1.7%,18.7%,6.5%,12.2%,<a href=https://npb.jp/bis/eng/teams/index_t.html>Hanshin</a>,WL
Moriki Daichi,15,3,4,0,0,0,248,52.2,56,6,34,36,0,4,6,39,36,6.15,6.10,4.88,1.75,58,146,130,0.05,2.4%,13.7%,14.5%,-0.8%,<a href=https://npb.jp/bis/eng/teams/index_t.html>Hanshin</a>,WL
Niho Akira,43,2,5,0,0,0,175,38.2,44,4,27,15,0,3,4,28,26,6.05,4.97,4.11,1.53,59,119,109,1.08,2.3%,15.4%,8.6%,6.8%,<a href=https://npb.jp/bis/eng/teams/index_t.html>Hanshin</a>,WL
Nishi Junya,13,3,3,0,1,0,215,53.0,35,5,39,14,0,4,4,20,17,2.89,4.40,3.64,0.92,124,105,97,-1.51,2.3%,18.1%,6.5%,11.6%,<a href=https://npb.jp/bis/eng/teams/index_t.html>Hanshin</a>,WL
Nishi Yuki,4,2,0,0,0,0,80,20.0,19,1,12,3,0,0,2,5,4,1.80,3.53,3.68,1.10,200,85,98,-1.73,1.2%,15.0%,3.8%,11.2%,<a href=https://npb.jp/bis/eng/teams/index_t.html>Hanshin</a>,WL
Ogawa Ippei,2,1,0,0,0,0,9,2.0,2,0,1,1,0,0,0,1,1,4.50,4.13,4.80,1.50,80,99,128,0.37,0.0%,11.1%,11.1%,0.0%,<a href=https://npb.jp/bis/eng/teams/index_t.html>Hanshin</a>,WL
Ohtake Koutaro,2,0,1,0,0,0,43,10.0,10,0,9,3,0,0,0,3,2,1.80,2.73,3.40,1.30,200,65,90,-0.93,0.0%,20.9%,7.0%,13.9%,<a href=https://npb.jp/bis/eng/teams/index_t.html>Hanshin</a>,WL
Okadome Hidetaka,31,2,1,3,0,0,127,34.1,20,1,41,6,0,1,0,5,5,1.31,2.23,2.04,0.76,274,53,54,-0.92,0.8%,32.3%,4.7%,27.6%,<a href=https://npb.jp/bis/eng/teams/index_t.html>Hanshin</a>,WL
Oyokawa Masaki,10,2,0,0,0,0,66,16.2,13,1,22,5,0,0,1,3,3,1.62,2.67,2.22,1.08,222,64,59,-1.05,1.5%,33.3%,7.6%,25.7%,<a href=https://npb.jp/bis/eng/teams/index_t.html>Hanshin</a>,WL
Saiki Hiroto,5,1,0,0,0,0,47,15.0,1,0,21,0,0,0,0,0,0,0.00,0.83,0.33,0.07,999,20,9,-0.83,0.0%,44.7%,0.0%,44.7%,<a href=https://npb.jp/bis/eng/teams/index_t.html>Hanshin</a>,WL
Satoh Ren,19,0,0,0,0,0,109,22.1,9,0,27,27,0,4,7,20,15,6.04,5.38,4.80,1.61,60,129,128,0.66,0.0%,24.8%,24.8%,0.0%,<a href=https://npb.jp/bis/eng/teams/index_t.html>Hanshin</a>,WL
Shimamoto Hiroya,14,0,1,1,0,0,56,12.1,18,1,6,3,0,0,0,7,7,5.11,4.44,4.26,1.70,70,106,113,0.67,1.8%,10.7%,5.4%,5.3%,<a href=https://npb.jp/bis/eng/teams/index_t.html>Hanshin</a>,WL
Suzuki Yuto,21,5,2,0,2,0,331,75.2,57,5,48,51,0,3,10,32,31,3.69,5.36,4.89,1.43,97,128,130,-1.67,1.5%,14.5%,15.4%,-0.9%,<a href=https://npb.jp/bis/eng/teams/index_t.html>Hanshin</a>,WL
Tomida Ren,14,5,2,0,0,0,298,71.1,63,5,60,17,0,1,1,20,14,1.77,3.61,3.36,1.12,203,86,89,-1.84,1.7%,20.1%,5.7%,14.4%,<a href=https://npb.jp/bis/eng/teams/index_t.html>Hanshin</a>,WL
Watanabe Yuta,30,1,2,0,0,0,109,24.2,23,1,34,10,0,3,0,11,11,4.01,2.98,2.60,1.34,90,71,69,1.03,0.9%,31.2%,9.2%,22.0%,<a href=https://npb.jp/bis/eng/teams/index_t.html>Hanshin</a>,WL
Yuasa Atsuki,7,0,0,2,0,0,24,7.0,4,0,4,0,0,0,1,2,2,2.57,2.49,3.13,0.57,140,60,83,0.08,0.0%,16.7%,0.0%,16.7%,<a href=https://npb.jp/bis/eng/teams/index_t.html>Hanshin</a>,WL
Aduwa Makoto,18,2,1,3,0,0,84,20.1,19,0,21,4,0,1,1,6,5,2.21,2.30,2.78,1.13,155,58,74,-0.09,0.0%,25.0%,4.8%,20.2%,<a href=https://npb.jp/bis/eng/teams/index_c.html>Hiroshima</a>,WL
Anderson Drew,8,1,2,0,0,0,88,22.0,12,0,27,9,0,0,0,4,3,1.23,2.40,2.75,0.95,279,60,73,-1.17,0.0%,30.7%,10.2%,20.5%,<a href=https://npb.jp/bis/eng/teams/index_c.html>Hiroshima</a>,WL
Corniel Robert,12,3,4,0,0,0,238,57.1,51,0,55,20,0,2,1,20,13,2.04,2.86,3.33,1.24,168,72,89,-0.82,0.0%,23.1%,8.4%,14.7%,<a href=https://npb.jp/bis/eng/teams/index_c.html>Hiroshima</a>,WL
Endoh Atsushi,13,4,3,0,0,0,260,63.0,57,4,51,22,0,1,0,21,20,2.86,3.93,3.68,1.25,120,98,98,-1.07,1.5%,19.6%,8.5%,11.1%,<a href=https://npb.jp/bis/eng/teams/index_c.html>Hiroshima</a>,WL
Fujii Reira,25,1,2,2,0,0,114,25.0,20,3,21,17,1,1,4,14,11,3.96,5.67,4.45,1.48,87,142,118,-1.71,2.6%,18.4%,14.9%,3.5%,<a href=https://npb.jp/bis/eng/teams/index_c.html>Hiroshima</a>,WL
Hasebe Ginji,39,2,3,3,0,0,197,41.2,44,3,33,30,1,3,6,26,26,5.62,5.36,4.65,1.78,61,134,124,0.26,1.5%,16.8%,15.2%,1.6%,<a href=https://npb.jp/bis/eng/teams/index_c.html>Hiroshima</a>,WL
Horie Atsuya,24,1,1,1,0,0,107,24.0,32,1,28,5,0,2,0,14,14,5.25,2.71,2.65,1.54,65,68,70,2.54,0.9%,26.2%,4.7%,21.5%,<a href=https://npb.jp/bis/eng/teams/index_c.html>Hiroshima</a>,WL
Ichioka Ryuji,24,1,3,0,0,0,108,23.1,30,3,9,10,1,1,2,19,17,6.56,5.94,4.89,1.71,52,149,130,0.62,2.8%,8.3%,9.3%,-1.0%,<a href=https://npb.jp/bis/eng/teams/index_c.html>Hiroshima</a>,WL
Kawano Kei,19,4,3,4,0,0,162,40.0,33,3,28,5,0,4,1,18,12,2.70,3.88,3.38,0.95,127,97,90,-1.18,1.9%,17.3%,3.1%,14.2%,<a href=https://npb.jp/bis/eng/teams/index_c.html>Hiroshima</a>,WL
Kemna Makoto,2,0,0,0,0,0,14,3.0,3,0,2,2,0,0,0,1,1,3.00,4.30,4.80,1.67,115,108,128,-1.30,0.0%,14.3%,14.3%,0.0%,<a href=https://npb.jp/bis/eng/teams/index_c.html>Hiroshima</a>,WL
Kobayashi Tatsuto,16,3,3,0,0,0,329,79.1,66,2,51,29,0,3,2,31,26,2.95,3.88,4.13,1.20,116,97,110,-0.93,0.6%,15.5%,8.8%,6.7%,<a href=https://npb.jp/bis/eng/teams/index_c.html>Hiroshima</a>,WL
Kuri Aren,1,0,1,0,0,0,12,3.0,3,0,2,0,0,0,0,2,1,3.00,2.30,3.13,1.00,115,58,83,0.70,0.0%,16.7%,0.0%,16.7%,<a href=https://npb.jp/bis/eng/teams/index_c.html>Hiroshima</a>,WL
Kuribayashi Ryoji,1,0,0,1,0,0,4,1.0,1,0,0,0,0,0,0,0,0,0.00,3.63,4.80,1.00,999,91,128,-3.63,0.0%,0.0%,0.0%,0.0%,<a href=https://npb.jp/bis/eng/teams/index_c.html>Hiroshima</a>,WL
Kurohara Takumi,17,6,1,0,0,0,357,90.2,76,3,81,17,0,4,8,26,26,2.58,2.97,3.01,1.03,133,74,80,-0.39,0.8%,22.7%,4.8%,17.9%,<a href=https://npb.jp/bis/eng/teams/index_c.html>Hiroshima</a>,WL
Masuda Takehisa,22,0,4,0,0,0,217,46.1,52,1,33,32,0,1,2,29,24,4.66,4.62,4.75,1.81,74,116,126,0.04,0.5%,15.2%,14.7%,0.5%,<a href=https://npb.jp/bis/eng/teams/index_c.html>Hiroshima</a>,WL
Matsumoto Ryuya,23,0,0,4,0,0,101,23.2,26,1,19,6,0,0,1,13,12,4.56,3.33,3.51,1.35,75,83,93,1.23,1.0%,18.8%,5.9%,12.9%,<a href=https://npb.jp/bis/eng/teams/index_c.html>Hiroshima</a>,WL
Mori Shohei,10,4,2,0,0,0,177,44.0,32,2,50,16,0,2,0,11,9,1.84,3.17,2.88,1.09,187,79,77,-1.33,1.1%,28.2%,9.0%,19.2%,<a href=https://npb.jp/bis/eng/teams/index_c.html>Hiroshima</a>,WL
Morishita Masato,5,1,1,1,0,0,69,18.0,16,2,14,5,0,0,0,5,5,2.50,4.35,3.50,1.17,137,109,93,-1.85,2.9%,20.3%,7.2%,13.1%,<a href=https://npb.jp/bis/eng/teams/index_c.html>Hiroshima</a>,WL
Moriura Daisuke,25,0,2,3,0,0,108,24.2,20,0,46,8,1,4,1,8,5,1.82,1.36,1.28,1.14,189,34,34,0.46,0.0%,42.6%,7.4%,35.2%,<a href=https://npb.jp/bis/eng/teams/index_c.html>Hiroshima</a>,WL
Nakamura Raisei,5,1,0,0,0,0,20,3.1,7,0,2,5,0,0,0,4,4,10.80,6.93,6.30,3.60,32,174,168,3.87,0.0%,10.0%,25.0%,-15.0%,<a href=https://npb.jp/bis/eng/teams/index_c.html>Hiroshima</a>,WL
Nakamura Yuta,28,2,1,1,0,0,129,33.1,21,1,35,8,0,2,1,6,4,1.08,2.82,2.71,0.87,318,71,72,-1.74,0.8%,27.1%,6.2%,20.9%,<a href=https://npb.jp/bis/eng/teams/index_c.html>Hiroshima</a>,WL
Nakazaki Shota,7,1,0,2,0,0,30,7.2,5,0,7,3,0,0,0,0,0,0.00,2.98,3.47,1.04,999,75,92,-2.98,0.0%,23.3%,10.0%,13.3%,<a href=https://npb.jp/bis/eng/teams/index_c.html>Hiroshima</a>,WL
Namiki Shun,19,2,1,0,0,0,94,21.2,26,1,10,3,0,0,0,13,8,3.32,3.72,4.06,1.34,103,93,108,-0.40,1.1%,10.6%,3.2%,7.4%,<a href=https://npb.jp/bis/eng/teams/index_c.html>Hiroshima</a>,WL
Nomura Yusuke,13,4,4,0,0,0,254,60.1,63,3,28,14,0,1,1,28,21,3.13,4.09,4.25,1.28,110,103,113,-0.96,1.2%,11.0%,5.5%,5.5%,<a href=https://npb.jp/bis/eng/teams/index_c.html>Hiroshima</a>,WL
Ohmichi Haruki,7,1,0,2,0,0,31,9.1,3,1,12,1,0,0,0,1,1,0.96,2.77,1.25,0.43,358,69,33,-1.81,3.2%,38.7%,3.2%,35.5%,<a href=https://npb.jp/bis/eng/teams/index_c.html>Hiroshima</a>,WL
Okada Akitake,19,0,1,0,0,0,97,18.2,17,1,13,25,0,1,5,17,14,6.75,7.11,6.04,2.25,51,178,161,-0.36,1.0%,13.4%,25.8%,-12.4%,<a href=https://npb.jp/bis/eng/teams/index_c.html>Hiroshima</a>,WL
Saitoh Yuta,5,0,1,0,0,0,67,15.2,13,1,15,7,0,1,0,7,7,4.02,4.08,3.61,1.28,85,102,96,-0.06,1.5%,22.4%,10.4%,12.0%,<a href=https://npb.jp/bis/eng/teams/index_c.html>Hiroshima</a>,WL
Sakata Rei,9,0,0,0,0,0,42,7.2,9,0,2,9,0,2,3,7,7,8.22,7.41,6.47,2.35,42,186,172,0.81,0.0%,4.8%,21.4%,-16.6%,<a href=https://npb.jp/bis/eng/teams/index_c.html>Hiroshima</a>,WL
Shinya Soh,24,1,1,1,0,0,108,23.0,15,1,24,24,0,0,4,11,10,3.91,5.24,4.80,1.70,88,131,128,-1.33,0.9%,22.2%,22.2%,0.0%,<a href=https://npb.jp/bis/eng/teams/index_c.html>Hiroshima</a>,WL
Takahashi Kouya,12,1,2,0,0,0,115,22.1,28,2,15,21,0,1,3,21,21,8.46,6.41,5.32,2.19,41,161,141,2.05,1.7%,13.0%,18.3%,-5.3%,<a href=https://npb.jp/bis/eng/teams/index_c.html>Hiroshima</a>,WL
Tamamura Shogo,11,3,3,0,0,0,252,62.1,60,2,48,8,0,3,0,16,16,2.31,3.04,3.21,1.09,149,76,85,-0.73,0.8%,19.0%,3.2%,15.8%,<a href=https://npb.jp/bis/eng/teams/index_c.html>Hiroshima</a>,WL
Tone Chiaki,11,0,0,0,0,0,59,13.0,14,1,13,4,0,1,0,8,7,4.85,3.78,3.27,1.38,71,95,87,1.07,1.7%,22.0%,6.8%,15.2%,<a href=https://npb.jp/bis/eng/teams/index_c.html>Hiroshima</a>,WL
Tsuji Taiga,3,0,1,0,0,0,28,6.0,5,0,6,3,0,2,0,3,3,4.50,4.13,3.73,1.33,76,104,99,0.37,0.0%,21.4%,10.7%,10.7%,<a href=https://npb.jp/bis/eng/teams/index_c.html>Hiroshima</a>,WL
Turley Nik,2,0,0,0,0,0,7,2.0,0,0,3,1,0,0,0,0,0,0.00,2.13,1.94,0.50,999,53,52,-2.13,0.0%,42.9%,14.3%,28.6%,<a href=https://npb.jp/bis/eng/teams/index_c.html>Hiroshima</a>,WL
Yabuta Kazuki,23,3,1,1,0,0,134,31.0,30,3,17,12,0,0,1,18,18,5.23,4.95,4.43,1.35,66,124,118,0.28,2.2%,12.7%,9.0%,3.7%,<a href=https://npb.jp/bis/eng/teams/index_c.html>Hiroshima</a>,WL
Yasaki Takuya,5,1,0,1,0,0,17,5.0,3,0,3,1,0,0,1,0,0,0.00,3.03,3.62,0.80,999,76,96,-3.03,0.0%,17.6%,5.9%,11.7%,<a href=https://npb.jp/bis/eng/teams/index_c.html>Hiroshima</a>,WL
Azuma Katsuki,1,1,0,0,0,0,23,5.0,5,0,5,2,0,1,0,2,2,3.60,3.43,3.50,1.40,96,86,93,0.17,0.0%,21.7%,8.7%,13.0%,<a href=https://npb.jp/bis/eng/teams/index_db.html>DeNA</a>,EL
Bauer Trevor,5,1,0,0,0,0,101,26.0,24,1,30,3,0,2,1,6,5,1.73,2.40,2.13,1.04,200,60,57,-0.67,1.0%,29.7%,3.0%,26.7%,<a href=https://npb.jp/bis/eng/teams/index_db.html>DeNA</a>,EL
Cordero Starlin,10,0,1,0,0,0,49,6.1,7,0,6,21,0,3,5,15,14,19.89,13.10,7.86,4.42,17,327,209,6.79,0.0%,12.2%,42.9%,-30.7%,<a href=https://npb.jp/bis/eng/teams/index_db.html>DeNA</a>,EL
Diaz Yofrec,5,0,1,0,0,0,22,4.1,5,0,5,5,0,0,0,3,3,6.23,4.78,4.80,2.31,55,119,128,1.45,0.0%,22.7%,22.7%,0.0%,<a href=https://npb.jp/bis/eng/teams/index_db.html>DeNA</a>,EL
Escobar Edwin,13,2,1,1,0,0,47,12.2,8,0,8,2,0,0,2,3,3,2.13,2.84,3.52,0.79,162,71,94,-0.71,0.0%,17.0%,4.3%,12.7%,<a href=https://npb.jp/bis/eng/teams/index_db.html>DeNA</a>,EL
Fukazawa Osuke,18,6,6,1,1,0,379,93.1,87,7,68,17,0,3,4,38,34,3.28,3.79,3.45,1.11,105,94,92,-0.51,1.8%,17.9%,4.5%,13.4%,<a href=https://npb.jp/bis/eng/teams/index_db.html>DeNA</a>,EL
Gsellman Robert,10,1,4,0,0,0,236,52.0,65,3,29,15,0,7,3,31,28,4.85,4.53,4.21,1.54,71,113,112,0.32,1.3%,12.3%,6.4%,5.9%,<a href=https://npb.jp/bis/eng/teams/index_db.html>DeNA</a>,EL
Hamaguchi Haruhiro,10,3,1,0,0,0,219,55.0,44,4,43,16,0,0,2,15,15,2.45,3.88,3.57,1.09,141,97,95,-1.43,1.8%,19.6%,7.3%,12.3%,<a href=https://npb.jp/bis/eng/teams/index_db.html>DeNA</a>,EL
Hashimoto Tatsuya,32,4,3,0,0,0,145,33.0,31,2,33,12,0,2,5,15,11,3.00,3.69,3.35,1.30,115,92,89,-0.69,1.4%,22.8%,8.3%,14.5%,<a href=https://npb.jp/bis/eng/teams/index_db.html>DeNA</a>,EL
Hirata Shingo,29,0,1,1,0,0,127,28.2,33,0,29,7,0,1,2,14,8,2.51,2.44,3.07,1.40,138,61,82,0.07,0.0%,22.8%,5.5%,17.3%,<a href=https://npb.jp/bis/eng/teams/index_db.html>DeNA</a>,EL
Ikeya Sota,35,5,2,0,0,0,133,28.1,31,0,27,14,1,4,4,17,15,4.76,3.63,3.82,1.59,73,91,102,1.13,0.0%,20.3%,10.5%,9.8%,<a href=https://npb.jp/bis/eng/teams/index_db.html>DeNA</a>,EL
Imanaga Shota,2,0,1,0,0,0,41,11.0,6,1,14,0,0,0,1,3,1,0.82,2.27,1.39,0.55,421,57,37,-1.45,2.4%,34.1%,0.0%,34.1%,<a href=https://npb.jp/bis/eng/teams/index_db.html>DeNA</a>,EL
Ishida Kenta,1,1,0,0,0,0,10,3.0,1,0,4,0,0,0,0,0,0,0.00,0.96,0.80,0.33,999,24,21,-0.96,0.0%,40.0%,0.0%,40.0%,<a href=https://npb.jp/bis/eng/teams/index_db.html>DeNA</a>,EL
Ishikawa Tatsuya,11,0,0,0,0,0,47,13.0,7,0,15,2,0,0,0,2,1,0.69,1.78,2.03,0.69,500,44,54,-1.09,0.0%,31.9%,4.3%,27.6%,<a href=https://npb.jp/bis/eng/teams/index_db.html>DeNA</a>,EL
Kamichatani Taiga,1,0,0,0,0,0,10,2.0,3,0,1,0,0,0,0,1,1,4.50,2.63,3.80,1.50,77,66,101,1.87,0.0%,10.0%,0.0%,10.0%,<a href=https://npb.jp/bis/eng/teams/index_db.html>DeNA</a>,EL
Kasahara Shotaro,21,4,5,0,0,0,271,65.1,61,4,39,29,0,0,1,25,24,3.31,4.56,4.43,1.38,104,114,118,-1.25,1.5%,14.4%,10.7%,3.7%,<a href=https://npb.jp/bis/eng/teams/index_db.html>DeNA</a>,EL
Kato Dai,11,0,1,0,0,0,51,11.2,8,1,7,9,0,1,1,5,4,3.09,6.11,5.19,1.46,112,152,138,-3.02,2.0%,13.7%,17.6%,-3.9%,<a href=https://npb.jp/bis/eng/teams/index_db.html>DeNA</a>,EL
Konno Ryuto,8,0,0,0,0,0,30,7.0,2,0,7,6,0,2,1,4,4,5.14,5.06,4.47,1.14,67,126,119,0.08,0.0%,23.3%,20.0%,3.3%,<a href=https://npb.jp/bis/eng/teams/index_db.html>DeNA</a>,EL
Kozono Kenta,17,2,5,0,0,0,373,83.1,92,6,40,39,0,3,2,45,39,4.21,5.12,4.77,1.57,82,128,127,-0.91,1.6%,10.7%,10.5%,0.2%,<a href=https://npb.jp/bis/eng/teams/index_db.html>DeNA</a>,EL
Kusano Haruto,5,0,0,0,0,0,22,5.0,6,1,2,3,0,0,0,2,2,3.60,7.23,5.25,1.80,96,180,140,-3.63,4.5%,9.1%,13.6%,-4.5%,<a href=https://npb.jp/bis/eng/teams/index_db.html>DeNA</a>,EL
Kyoyama Masaya,39,3,4,3,0,0,241,53.0,39,0,41,36,0,8,10,21,18,3.06,4.57,4.59,1.42,113,114,122,-1.51,0.0%,17.0%,14.9%,2.1%,<a href=https://npb.jp/bis/eng/teams/index_db.html>DeNA</a>,EL
Marcelino Hansel,8,1,0,0,0,0,34,8.1,5,1,11,5,0,0,2,3,2,2.16,4.35,3.04,1.20,160,108,81,-2.19,2.9%,32.4%,14.7%,17.7%,<a href=https://npb.jp/bis/eng/teams/index_db.html>DeNA</a>,EL
Matsumoto Ryunosuke,9,1,0,0,0,0,65,14.0,11,1,20,14,0,1,1,3,2,1.29,4.91,3.88,1.79,268,122,103,-3.62,1.5%,30.8%,21.5%,9.3%,<a href=https://npb.jp/bis/eng/teams/index_db.html>DeNA</a>,EL
Mishima Kazuki,18,1,1,0,0,0,68,16.0,16,0,12,7,0,0,1,5,4,2.25,3.44,4.06,1.44,153,86,108,-1.19,0.0%,17.6%,10.3%,7.3%,<a href=https://npb.jp/bis/eng/teams/index_db.html>DeNA</a>,EL
Miura Ginji,36,1,3,1,0,0,164,37.1,38,3,29,14,0,2,1,28,22,5.30,4.41,3.89,1.39,65,110,103,0.89,1.8%,17.7%,8.5%,9.2%,<a href=https://npb.jp/bis/eng/teams/index_db.html>DeNA</a>,EL
Miyagi Daita,38,2,2,5,0,0,153,37.1,32,1,40,8,0,1,2,10,9,2.17,2.56,2.71,1.07,159,64,72,-0.39,0.7%,26.1%,5.2%,20.9%,<a href=https://npb.jp/bis/eng/teams/index_db.html>DeNA</a>,EL
Miyaguni Ryosuke,31,3,3,0,0,0,154,34.1,33,3,25,15,1,1,2,21,18,4.72,4.71,4.15,1.40,73,117,110,0.01,1.9%,16.2%,9.7%,6.5%,<a href=https://npb.jp/bis/eng/teams/index_db.html>DeNA</a>,EL
Morihara Kohei,2,0,0,0,0,0,9,2.0,3,0,2,0,0,0,0,0,0,0.00,1.63,2.58,1.50,999,41,69,-1.63,0.0%,22.2%,0.0%,22.2%,<a href=https://npb.jp/bis/eng/teams/index_db.html>DeNA</a>,EL
Morishita Ryudai,9,0,1,0,0,0,119,28.1,27,1,22,8,0,0,0,10,7,2.22,3.38,3.62,1.24,156,84,96,-1.16,0.8%,18.5%,6.7%,11.8%,<a href=https://npb.jp/bis/eng/teams/index_db.html>DeNA</a>,EL
Nakagawa Koh,33,1,4,11,0,0,129,31.1,30,3,38,10,0,0,2,15,11,3.16,3.41,2.63,1.28,109,85,70,-0.25,2.3%,29.5%,7.8%,21.7%,<a href=https://npb.jp/bis/eng/teams/index_db.html>DeNA</a>,EL
Ohnuki Shinichi,15,6,1,0,0,0,313,78.1,62,1,56,15,0,3,2,19,14,1.61,3.05,3.49,0.98,214,76,93,-1.44,0.3%,17.9%,4.8%,13.1%,<a href=https://npb.jp/bis/eng/teams/index_db.html>DeNA</a>,EL
Sakaguchi Kousuke,23,0,3,1,0,0,147,30.0,42,3,30,13,0,1,4,28,20,6.00,4.33,3.64,1.83,58,108,97,1.67,2.0%,20.4%,8.8%,11.6%,<a href=https://npb.jp/bis/eng/teams/index_db.html>DeNA</a>,EL
Sakamoto Yuya,16,2,2,0,0,0,178,45.0,36,3,36,11,0,1,4,10,9,1.80,3.70,3.40,1.04,192,92,90,-1.90,1.7%,20.2%,6.2%,14.0%,<a href=https://npb.jp/bis/eng/teams/index_db.html>DeNA</a>,EL
Sakurai Shuto,36,1,2,0,0,0,171,40.0,33,3,32,20,0,1,1,17,15,3.38,4.58,4.10,1.32,102,114,109,-1.20,1.8%,18.7%,11.7%,7.0%,<a href=https://npb.jp/bis/eng/teams/index_db.html>DeNA</a>,EL
Taira Kentaro,9,3,2,0,0,0,192,45.1,47,3,39,12,0,0,0,20,17,3.38,3.56,3.39,1.30,102,89,90,-0.18,1.6%,20.3%,6.2%,14.1%,<a href=https://npb.jp/bis/eng/teams/index_db.html>DeNA</a>,EL
Takada Takuto,24,0,3,0,0,0,189,34.2,52,4,25,36,0,3,4,33,30,7.79,7.06,5.38,2.54,44,176,143,0.73,2.1%,13.2%,19.0%,-5.8%,<a href=https://npb.jp/bis/eng/teams/index_db.html>DeNA</a>,EL
Tanaka Kenjiro,27,1,0,1,0,0,102,26.1,19,2,22,7,0,0,1,4,4,1.37,3.74,3.33,0.99,252,93,89,-2.37,2.0%,21.6%,6.9%,14.7%,<a href=https://npb.jp/bis/eng/teams/index_db.html>DeNA</a>,EL
Tokuyama Souma,22,1,2,1,0,0,163,39.0,37,0,20,12,0,3,3,18,14,3.23,3.76,4.31,1.26,107,94,115,-0.53,0.0%,12.3%,7.4%,4.9%,<a href=https://npb.jp/bis/eng/teams/index_db.html>DeNA</a>,EL
Watanabe Aki,13,1,0,1,0,0,49,11.2,9,0,9,7,0,0,0,4,4,3.09,3.89,4.39,1.37,112,97,117,-0.80,0.0%,18.4%,14.3%,4.1%,<a href=https://npb.jp/bis/eng/teams/index_db.html>DeNA</a>,EL
Wendelken J.B.,3,0,0,1,0,0,11,3.0,1,0,4,2,0,0,0,0,0,0.00,2.96,2.98,1.00,999,74,79,-2.96,0.0%,36.4%,18.2%,18.2%,<a href=https://npb.jp/bis/eng/teams/index_db.html>DeNA</a>,EL
Yamasaki Yasuaki,3,0,0,0,0,0,12,3.0,2,0,4,0,0,0,0,1,1,3.00,0.96,1.47,0.67,115,24,39,2.04,0.0%,33.3%,0.0%,33.3%,<a href=https://npb.jp/bis/eng/teams/index_db.html>DeNA</a>,EL
Yoshino Teruki,4,1,1,0,0,0,57,11.1,19,3,7,4,0,0,0,15,15,11.91,6.89,4.27,2.03,29,172,114,5.02,5.3%,12.3%,7.0%,5.3%,<a href=https://npb.jp/bis/eng/teams/index_db.html>DeNA</a>,EL
Akahoshi Yuji,11,3,3,0,1,1,244,60.0,62,3,47,8,0,2,3,22,20,3.00,3.21,3.20,1.17,118,78,85,-0.21,1.2%,19.3%,3.3%,16.0%,<a href=https://npb.jp/bis/eng/teams/index_g.html>Yomiuri</a>,EL
Baldonado Alberto,6,1,0,0,0,0,25,6.0,6,1,7,2,0,0,0,1,1,1.50,4.46,2.80,1.33,236,108,74,-2.96,4.0%,28.0%,8.0%,20.0%,<a href=https://npb.jp/bis/eng/teams/index_g.html>Yomiuri</a>,EL
Beede Tyler,7,0,1,0,0,0,107,25.1,32,1,15,5,0,1,0,12,12,4.26,3.67,3.87,1.46,83,89,103,0.59,0.9%,14.0%,4.7%,9.3%,<a href=https://npb.jp/bis/eng/teams/index_g.html>Yomiuri</a>,EL
Funabasama Hiromasa,21,4,0,2,0,0,91,22.2,20,0,19,5,0,2,0,9,7,2.78,2.88,3.26,1.10,127,70,87,-0.10,0.0%,20.9%,5.5%,15.4%,<a href=https://npb.jp/bis/eng/teams/index_g.html>Yomiuri</a>,EL
Hatake Seishu,5,1,0,0,0,0,42,10.0,8,0,16,3,0,1,1,0,0,0.00,1.63,1.70,1.10,999,40,45,-1.63,0.0%,38.1%,7.1%,31.0%,<a href=https://npb.jp/bis/eng/teams/index_g.html>Yomiuri</a>,EL
Heinai Ryuta,16,0,3,0,0,0,72,17.0,17,3,14,8,0,0,0,13,12,6.35,5.69,3.97,1.47,56,138,106,0.66,4.2%,19.4%,11.1%,8.3%,<a href=https://npb.jp/bis/eng/teams/index_g.html>Yomiuri</a>,EL
Horioka Hayato,43,5,1,8,0,0,204,53.0,27,4,57,17,0,3,1,11,11,1.87,3.59,2.84,0.83,189,87,76,-1.72,2.0%,27.9%,8.3%,19.6%,<a href=https://npb.jp/bis/eng/teams/index_g.html>Yomiuri</a>,EL
Hotta Kenshin,13,0,2,0,0,0,90,20.0,21,2,21,11,0,0,4,16,14,6.30,4.48,3.69,1.60,56,109,98,1.82,2.2%,23.3%,12.2%,11.1%,<a href=https://npb.jp/bis/eng/teams/index_g.html>Yomiuri</a>,EL
Imamura Nobutaka,21,1,0,2,0,0,112,28.1,23,0,20,12,0,0,1,4,4,1.27,3.49,4.09,1.24,279,85,109,-2.22,0.0%,17.9%,10.7%,7.2%,<a href=https://npb.jp/bis/eng/teams/index_g.html>Yomiuri</a>,EL
Inoue Haruto,11,7,0,0,2,1,259,72.1,30,3,84,17,0,4,1,7,6,0.75,2.72,2.21,0.65,472,66,59,-1.97,1.2%,32.4%,6.6%,25.8%,<a href=https://npb.jp/bis/eng/teams/index_g.html>Yomiuri</a>,EL
Ishita Hayato,8,3,2,0,0,0,144,32.2,28,5,26,17,0,4,2,16,12,3.31,5.96,4.18,1.38,107,145,111,-2.65,3.5%,18.1%,11.8%,6.3%,<a href=https://npb.jp/bis/eng/teams/index_g.html>Yomiuri</a>,EL
Itoh Yusuke,1,0,0,0,0,0,6,1.0,2,0,2,0,0,0,0,1,1,9.00,-0.37,1.47,2.00,39,-9,39,9.37,0.0%,33.3%,0.0%,33.3%,<a href=https://npb.jp/bis/eng/teams/index_g.html>Yomiuri</a>,EL
Kagiya Yohei,19,0,1,0,0,0,90,20.0,25,3,13,8,0,0,0,6,6,2.70,5.48,4.24,1.65,131,133,113,-2.78,3.3%,14.4%,8.9%,5.5%,<a href=https://npb.jp/bis/eng/teams/index_g.html>Yomiuri</a>,EL
Kasashima Naoki,3,0,0,0,0,0,29,7.0,6,1,5,2,0,2,0,3,3,3.86,5.77,3.77,1.14,92,140,100,-1.91,3.4%,17.2%,6.9%,10.3%,<a href=https://npb.jp/bis/eng/teams/index_g.html>Yomiuri</a>,EL
Kawasaki Haruto,5,0,1,0,0,0,42,8.1,12,1,6,4,0,0,1,9,9,9.72,5.19,4.32,1.92,36,126,115,4.53,2.4%,14.3%,9.5%,4.8%,<a href=https://npb.jp/bis/eng/teams/index_g.html>Yomiuri</a>,EL
Kikuchi Taiki,6,0,0,0,0,0,45,11.0,6,0,18,6,0,0,0,2,2,1.64,1.99,2.13,1.09,216,48,57,-0.35,0.0%,40.0%,13.3%,26.7%,<a href=https://npb.jp/bis/eng/teams/index_g.html>Yomiuri</a>,EL
Kinoshita Motoya,1,0,0,0,0,0,19,4.0,8,1,4,1,0,0,0,3,3,6.75,5.63,3.22,2.25,52,137,86,1.12,5.3%,21.1%,5.3%,15.8%,<a href=https://npb.jp/bis/eng/teams/index_g.html>Yomiuri</a>,EL
Kuwahara Takuya,27,2,2,6,0,0,119,30.1,22,1,25,5,0,0,2,7,5,1.48,2.90,3.12,0.89,239,71,83,-1.42,0.8%,21.0%,4.2%,16.8%,<a href=https://npb.jp/bis/eng/teams/index_g.html>Yomiuri</a>,EL
Kyomoto Makoto,15,5,4,0,0,0,322,76.1,69,3,70,35,0,1,2,24,20,2.36,3.72,3.71,1.36,150,90,99,-1.36,0.9%,21.7%,10.9%,10.8%,<a href=https://npb.jp/bis/eng/teams/index_g.html>Yomiuri</a>,EL
Lopez Yoan,14,0,0,0,0,0,62,15.0,14,1,13,5,0,0,1,7,5,3.00,3.76,3.51,1.27,118,91,93,-0.76,1.6%,21.0%,8.1%,12.9%,<a href=https://npb.jp/bis/eng/teams/index_g.html>Yomiuri</a>,EL
Matsui Hayate,16,8,2,0,0,0,363,88.1,78,4,74,28,0,4,5,23,20,2.04,3.63,3.53,1.20,174,88,94,-1.59,1.1%,20.4%,7.7%,12.7%,<a href=https://npb.jp/bis/eng/teams/index_g.html>Yomiuri</a>,EL
Mendez Yohander,3,0,0,0,0,0,55,13.0,13,1,9,3,0,0,0,7,7,4.85,3.94,3.71,1.23,73,96,99,0.91,1.8%,16.4%,5.5%,10.9%,<a href=https://npb.jp/bis/eng/teams/index_g.html>Yomiuri</a>,EL
Mikami Tomoya,20,0,2,5,0,0,76,21.0,11,0,19,3,0,1,0,4,3,1.29,2.39,2.69,0.67,275,58,72,-1.10,0.0%,25.0%,3.9%,21.1%,<a href=https://npb.jp/bis/eng/teams/index_g.html>Yomiuri</a>,EL
Nakagawa Kota,5,0,0,0,0,0,17,5.0,3,0,5,0,0,0,1,1,0,0.00,1.63,1.86,0.60,999,40,49,-1.63,0.0%,29.4%,0.0%,29.4%,<a href=https://npb.jp/bis/eng/teams/index_g.html>Yomiuri</a>,EL
Naoe Daisuke,22,4,4,0,0,0,280,65.2,67,4,51,22,0,2,3,32,28,3.84,3.96,3.76,1.36,92,96,100,-0.12,1.4%,18.2%,7.9%,10.3%,<a href=https://npb.jp/bis/eng/teams/index_g.html>Yomiuri</a>,EL
Ohe Ryusei,14,1,0,0,0,0,53,13.1,9,1,17,4,0,0,0,4,4,2.70,2.95,2.35,0.98,131,72,63,-0.25,1.9%,32.1%,7.5%,24.6%,<a href=https://npb.jp/bis/eng/teams/index_g.html>Yomiuri</a>,EL
Ohta Ryu,1,0,0,0,0,0,5,1.0,1,0,0,1,0,0,0,0,0,0.00,6.63,6.80,2.00,999,161,181,-6.63,0.0%,0.0%,20.0%,-20.0%,<a href=https://npb.jp/bis/eng/teams/index_g.html>Yomiuri</a>,EL
Onuma Kenta,19,2,2,0,0,0,77,19.2,17,0,12,5,0,0,1,6,4,1.83,3.17,3.89,1.12,194,77,103,-1.34,0.0%,15.6%,6.5%,9.1%,<a href=https://npb.jp/bis/eng/teams/index_g.html>Yomiuri</a>,EL
Ota Taisei,2,0,0,0,0,0,10,2.0,2,0,4,1,0,0,0,2,2,9.00,1.13,1.80,1.50,39,27,48,7.87,0.0%,40.0%,10.0%,30.0%,<a href=https://npb.jp/bis/eng/teams/index_g.html>Yomiuri</a>,EL
Shiroki Yamato,5,1,1,0,0,0,83,17.0,22,0,9,9,0,1,0,11,10,5.29,4.33,4.80,1.82,67,105,128,0.96,0.0%,10.8%,10.8%,0.0%,<a href=https://npb.jp/bis/eng/teams/index_g.html>Yomiuri</a>,EL
Sugano Tomoyuki,2,0,0,0,0,0,30,8.1,6,1,3,1,0,0,0,1,1,1.08,4.83,4.13,0.84,328,117,110,-3.75,3.3%,10.0%,3.3%,6.7%,<a href=https://npb.jp/bis/eng/teams/index_g.html>Yomiuri</a>,EL
Suzuki Kohei,5,0,1,0,0,0,24,5.0,5,0,5,4,0,0,1,4,4,7.20,4.03,4.38,1.80,49,98,116,3.17,0.0%,20.8%,16.7%,4.1%,<a href=https://npb.jp/bis/eng/teams/index_g.html>Yomiuri</a>,EL
Takagi Kyosuke,27,0,3,1,0,0,110,27.1,22,1,22,8,0,0,0,8,7,2.30,3.37,3.53,1.10,154,82,94,-1.07,0.9%,20.0%,7.3%,12.7%,<a href=https://npb.jp/bis/eng/teams/index_g.html>Yomiuri</a>,EL
Takahashi Yuki,17,6,2,0,1,1,242,57.2,54,1,46,19,0,1,7,17,15,2.34,3.30,3.68,1.27,151,80,98,-0.96,0.4%,19.0%,7.9%,11.1%,<a href=https://npb.jp/bis/eng/teams/index_g.html>Yomiuri</a>,EL
Takanashi Yuhei,4,0,0,0,0,0,12,3.1,0,0,5,1,0,0,0,0,0,0.00,1.53,1.47,0.30,999,37,39,-1.53,0.0%,41.7%,8.3%,33.4%,<a href=https://npb.jp/bis/eng/teams/index_g.html>Yomiuri</a>,EL
Tamura Tomoki,1,0,0,0,0,0,15,3.0,5,0,0,1,0,1,0,2,2,6.00,5.63,5.47,2.00,59,137,145,0.37,0.0%,0.0%,6.7%,-6.7%,<a href=https://npb.jp/bis/eng/teams/index_g.html>Yomiuri</a>,EL
Tanaka Chiharu,12,0,0,2,0,0,109,25.2,20,2,19,11,0,1,1,13,13,4.56,4.56,4.07,1.21,78,111,108,0.00,1.8%,17.4%,10.1%,7.3%,<a href=https://npb.jp/bis/eng/teams/index_g.html>Yomiuri</a>,EL
Tanaka Toyoki,26,3,2,0,0,0,110,24.2,28,4,18,10,0,1,0,16,15,5.47,5.62,4.07,1.54,65,137,108,-0.15,3.6%,16.4%,9.1%,7.3%,<a href=https://npb.jp/bis/eng/teams/index_g.html>Yomiuri</a>,EL
Tanioka Tappei,10,1,1,0,0,0,44,9.2,12,0,11,4,0,0,2,8,4,3.72,2.59,3.21,1.66,95,63,85,1.13,0.0%,25.0%,9.1%,15.9%,<a href=https://npb.jp/bis/eng/teams/index_g.html>Yomiuri</a>,EL
Toda Natsuki,15,3,1,0,0,0,194,46.0,45,4,31,14,0,2,3,21,18,3.52,4.46,3.92,1.28,101,108,104,-0.94,2.1%,16.0%,7.2%,8.8%,<a href=https://npb.jp/bis/eng/teams/index_g.html>Yomiuri</a>,EL
Tomida Ryu,25,4,0,0,0,0,124,28.2,24,2,30,16,0,2,0,16,15,4.71,4.33,3.67,1.40,75,105,98,0.38,1.6%,24.2%,12.9%,11.3%,<a href=https://npb.jp/bis/eng/teams/index_g.html>Yomiuri</a>,EL
Yamada Ryusei,18,3,0,0,0,0,121,29.0,21,2,32,14,0,2,6,9,8,2.48,3.97,3.31,1.21,143,97,88,-1.49,1.7%,26.4%,11.6%,14.8%,<a href=https://npb.jp/bis/eng/teams/index_g.html>Yomiuri</a>,EL
Yamamoto Itsuki,7,0,1,0,0,0,67,13.0,14,1,6,12,0,1,0,14,9,6.23,6.71,5.70,2.00,57,163,152,-0.48,1.5%,9.0%,17.9%,-8.9%,<a href=https://npb.jp/bis/eng/teams/index_g.html>Yomiuri</a>,EL
Yamasaki Iori,3,2,0,0,0,0,59,15.0,12,1,15,2,0,2,0,7,5,3.00,3.30,2.60,0.93,118,80,69,-0.30,1.7%,25.4%,3.4%,22.0%,<a href=https://npb.jp/bis/eng/teams/index_g.html>Yomiuri</a>,EL
Yamasaki Yusuke,19,3,0,0,0,0,114,27.2,23,0,25,15,0,0,4,8,6,1.95,3.45,3.92,1.37,182,84,104,-1.50,0.0%,21.9%,13.2%,8.7%,<a href=https://npb.jp/bis/eng/teams/index_g.html>Yomiuri</a>,EL
Yokogawa Kai,4,1,2,0,0,0,89,20.0,21,1,14,9,0,1,0,9,7,3.15,4.38,4.24,1.50,112,106,113,-1.23,1.1%,15.7%,10.1%,5.6%,<a href=https://npb.jp/bis/eng/teams/index_g.html>Yomiuri</a>,EL
Espinal Raynel,20,3,4,0,0,0,197,44.0,44,1,25,21,0,3,2,25,25,5.11,4.42,4.60,1.48,69,107,122,0.69,0.5%,12.7%,10.7%,2.0%,<a href=https://npb.jp/bis/eng/teams/index_s.html>Yakult</a>,EL
Hara Juri,17,2,6,0,0,0,276,59.0,80,7,35,24,0,5,3,44,34,5.19,5.46,4.40,1.76,68,133,117,-0.27,2.5%,12.7%,8.7%,4.0%,<a href=https://npb.jp/bis/eng/teams/index_s.html>Yakult</a>,EL
Hasegawa Hiroki,38,1,2,0,0,0,178,43.0,36,1,32,14,1,2,2,18,14,2.93,3.56,3.79,1.16,121,87,101,-0.63,0.6%,18.0%,7.9%,10.1%,<a href=https://npb.jp/bis/eng/teams/index_s.html>Yakult</a>,EL
Hoshi Tomoya,5,0,0,0,0,0,24,5.0,7,0,5,2,0,0,0,1,1,1.80,2.83,3.55,1.80,197,69,94,-1.03,0.0%,20.8%,8.3%,12.5%,<a href=https://npb.jp/bis/eng/teams/index_s.html>Yakult</a>,EL
Ichikawa Yuta,18,2,7,0,0,0,344,75.0,91,13,64,20,0,7,3,56,47,5.64,5.26,3.52,1.48,63,128,94,0.38,3.8%,18.6%,5.8%,12.8%,<a href=https://npb.jp/bis/eng/teams/index_s.html>Yakult</a>,EL
Ishikawa Masanori,5,0,3,0,0,0,69,14.1,27,2,5,3,0,1,1,14,12,7.53,5.58,4.51,2.09,47,136,120,1.95,2.9%,7.2%,4.3%,2.9%,<a href=https://npb.jp/bis/eng/teams/index_s.html>Yakult</a>,EL
Ishiyama Taichi,4,0,0,0,0,0,16,4.0,3,0,6,2,0,0,0,2,2,4.50,2.13,2.30,1.25,79,52,61,2.37,0.0%,37.5%,12.5%,25.0%,<a href=https://npb.jp/bis/eng/teams/index_s.html>Yakult</a>,EL
Kanakubo Yuto,15,1,4,0,0,0,223,48.2,53,3,29,27,0,4,3,33,28,5.18,5.15,4.71,1.64,68,125,125,0.03,1.3%,13.0%,12.1%,0.9%,<a href=https://npb.jp/bis/eng/teams/index_s.html>Yakult</a>,EL
Katekaru Kouta,16,1,0,0,0,0,138,29.1,34,1,13,17,0,5,5,18,18,5.52,5.44,5.09,1.74,64,132,135,0.08,0.7%,9.4%,12.3%,-2.9%,<a href=https://npb.jp/bis/eng/teams/index_s.html>Yakult</a>,EL
Kela Keone,15,0,2,3,0,0,75,14.0,19,0,16,14,0,0,3,14,12,7.71,4.34,4.53,2.36,46,106,120,3.37,0.0%,21.3%,18.7%,2.6%,<a href=https://npb.jp/bis/eng/teams/index_s.html>Yakult</a>,EL
Kondoh Hiroki,16,0,0,1,0,0,59,16.0,11,1,6,1,0,0,0,2,2,1.13,3.88,3.95,0.75,313,94,105,-2.75,1.7%,10.2%,1.7%,8.5%,<a href=https://npb.jp/bis/eng/teams/index_s.html>Yakult</a>,EL
Konno Ryuta,18,1,0,6,0,0,81,19.1,20,0,14,5,0,0,0,5,5,2.33,2.96,3.69,1.29,152,72,98,-0.63,0.0%,17.3%,6.2%,11.1%,<a href=https://npb.jp/bis/eng/teams/index_s.html>Yakult</a>,EL
Kozawa Reiji,1,0,0,0,0,0,8,1.0,2,0,1,3,0,0,0,2,2,18.00,10.63,7.30,5.00,20,258,194,7.37,0.0%,12.5%,37.5%,-25.0%,<a href=https://npb.jp/bis/eng/teams/index_s.html>Yakult</a>,EL
Kubo Takuma,38,4,3,1,0,0,149,33.2,37,4,29,8,1,0,3,20,17,4.54,4.16,3.39,1.34,78,101,90,0.38,2.7%,19.5%,5.4%,14.1%,<a href=https://npb.jp/bis/eng/teams/index_s.html>Yakult</a>,EL
Maruyama Shota,16,1,2,2,0,0,82,17.2,15,1,14,12,2,2,3,6,6,3.06,5.16,4.56,1.53,116,125,121,-2.10,1.2%,17.1%,14.6%,2.5%,<a href=https://npb.jp/bis/eng/teams/index_s.html>Yakult</a>,EL
Narita Kakeru,37,0,1,1,0,0,171,36.2,41,2,29,17,0,5,1,27,21,5.15,4.56,4.10,1.58,69,111,109,0.59,1.2%,17.0%,9.9%,7.1%,<a href=https://npb.jp/bis/eng/teams/index_s.html>Yakult</a>,EL
Numata Shohei,19,1,8,0,0,0,338,79.0,82,5,44,22,1,6,2,49,45,5.13,4.40,4.15,1.32,69,107,110,0.73,1.5%,13.0%,6.5%,6.5%,<a href=https://npb.jp/bis/eng/teams/index_s.html>Yakult</a>,EL
Ohnishi Hiroki,4,1,0,2,0,0,18,5.0,3,0,3,1,0,0,0,0,0,0.00,3.03,3.69,0.80,999,74,98,-3.03,0.0%,16.7%,5.6%,11.1%,<a href=https://npb.jp/bis/eng/teams/index_s.html>Yakult</a>,EL
Ohshita Yuma,29,3,1,1,0,0,124,26.1,40,3,18,6,0,7,1,22,22,7.52,5.22,3.83,1.75,47,127,102,2.30,2.4%,14.5%,4.8%,9.7%,<a href=https://npb.jp/bis/eng/teams/index_s.html>Yakult</a>,EL
Okugawa Yasunobu,8,0,4,0,0,0,122,27.1,30,3,20,5,0,5,1,20,19,6.26,4.69,3.57,1.28,57,114,95,1.57,2.5%,16.4%,4.1%,12.3%,<a href=https://npb.jp/bis/eng/teams/index_s.html>Yakult</a>,EL
Onaka Yuya,26,2,2,0,0,0,132,30.1,29,3,26,10,1,0,0,12,9,2.67,4.19,3.59,1.29,133,102,95,-1.52,2.3%,19.7%,7.6%,12.1%,<a href=https://npb.jp/bis/eng/teams/index_s.html>Yakult</a>,EL
Peters Dillon,2,0,0,0,0,0,34,7.2,12,1,6,1,0,0,1,5,5,5.87,4.15,3.33,1.70,60,101,89,1.72,2.9%,17.6%,2.9%,14.7%,<a href=https://npb.jp/bis/eng/teams/index_s.html>Yakult</a>,EL
Rodriguez Elvin,1,0,1,0,0,0,20,4.0,6,1,2,2,0,0,0,5,5,11.25,7.38,4.80,2.00,31,179,128,3.87,5.0%,10.0%,10.0%,0.0%,<a href=https://npb.jp/bis/eng/teams/index_s.html>Yakult</a>,EL
Sakaguchi Kousuke,2,1,0,0,0,0,11,3.0,2,0,3,0,0,0,0,0,0,0.00,1.63,2.07,0.67,999,40,55,-1.63,0.0%,27.3%,0.0%,27.3%,<a href=https://npb.jp/bis/eng/teams/index_s.html>Yakult</a>,EL
Sakamoto Takumi,8,1,0,0,0,0,66,15.1,13,0,10,7,0,0,1,5,3,1.76,3.69,4.35,1.30,201,90,116,-1.93,0.0%,15.2%,10.6%,4.6%,<a href=https://npb.jp/bis/eng/teams/index_s.html>Yakult</a>,EL
Shibata Daichi,40,2,1,0,0,0,183,38.2,38,1,24,26,0,4,6,28,24,5.59,5.05,4.91,1.66,63,123,131,0.54,0.5%,13.1%,14.2%,-1.1%,<a href=https://npb.jp/bis/eng/teams/index_s.html>Yakult</a>,EL
Shimo Shinnosuke,12,1,1,0,0,0,181,38.1,42,3,22,26,0,4,1,31,30,7.04,5.85,5.02,1.77,50,142,134,1.19,1.7%,12.2%,14.4%,-2.2%,<a href=https://npb.jp/bis/eng/teams/index_s.html>Yakult</a>,EL
Sneed Cy,1,0,0,0,0,0,20,5.0,3,0,8,1,0,0,0,0,0,0.00,1.03,1.30,0.80,999,25,35,-1.03,0.0%,40.0%,5.0%,35.0%,<a href=https://npb.jp/bis/eng/teams/index_s.html>Yakult</a>,EL
Sugiyama Koki,10,1,1,0,0,0,57,11.0,16,2,9,8,0,1,1,14,11,9.00,6.81,4.62,2.18,39,166,123,2.19,3.5%,15.8%,14.0%,1.8%,<a href=https://npb.jp/bis/eng/teams/index_s.html>Yakult</a>,EL
Suzuki Yuta,26,0,1,0,0,0,139,26.1,51,2,15,8,0,4,3,26,21,7.18,4.84,4.30,2.24,49,118,114,2.34,1.4%,10.8%,5.8%,5.0%,<a href=https://npb.jp/bis/eng/teams/index_s.html>Yakult</a>,EL
Takahashi Keiji,3,1,0,0,0,0,53,12.2,11,1,12,2,0,1,1,4,3,2.13,3.47,2.91,1.03,166,84,77,-1.34,1.9%,22.6%,3.8%,18.8%,<a href=https://npb.jp/bis/eng/teams/index_s.html>Yakult</a>,EL
Takanashi Hirotoshi,11,2,3,0,0,0,236,53.1,54,6,46,18,1,5,4,25,22,3.71,4.66,3.61,1.35,95,113,96,-0.95,2.5%,19.5%,7.6%,11.9%,<a href=https://npb.jp/bis/eng/teams/index_s.html>Yakult</a>,EL
Takeyama Hyuga,14,2,3,0,0,0,168,35.1,35,4,20,30,0,5,3,19,17,4.33,6.94,5.40,1.84,82,169,144,-2.61,2.4%,11.9%,17.9%,-6.0%,<a href=https://npb.jp/bis/eng/teams/index_s.html>Yakult</a>,EL
Umeno Yugo,35,4,7,7,0,0,238,54.2,51,6,38,26,0,1,15,32,26,4.28,5.15,4.30,1.41,83,125,114,-0.87,2.5%,16.0%,10.9%,5.1%,<a href=https://npb.jp/bis/eng/teams/index_s.html>Yakult</a>,EL
Yamamoto Daiki,6,0,1,0,0,0,81,17.0,24,0,10,7,0,1,2,11,11,5.82,3.86,4.43,1.82,61,94,118,1.96,0.0%,12.3%,8.6%,3.7%,<a href=https://npb.jp/bis/eng/teams/index_s.html>Yakult</a>,EL
Yamano Taichi,13,3,2,0,0,0,258,63.1,51,1,27,23,0,2,5,14,10,1.42,4.17,4.64,1.17,249,101,123,-2.75,0.4%,10.5%,8.9%,1.6%,<a href=https://npb.jp/bis/eng/teams/index_s.html>Yakult</a>,EL
Yamashita Hikaru,1,0,0,0,0,0,6,1.0,3,0,1,0,0,0,0,2,2,18.00,1.63,3.13,3.00,20,40,83,16.37,0.0%,16.7%,0.0%,16.7%,<a href=https://npb.jp/bis/eng/teams/index_s.html>Yakult</a>,EL
Yoshida Daiki,11,2,3,0,0,0,182,42.1,50,7,20,9,0,0,1,20,18,3.83,5.47,4.20,1.39,92,133,112,-1.64,3.8%,11.0%,4.9%,6.1%,<a href=https://npb.jp/bis/eng/teams/index_s.html>Yakult</a>,EL
Yoshimura Kojiro,6,2,0,0,0,0,81,21.1,17,2,7,4,0,1,0,6,5,2.11,4.89,4.43,0.98,168,119,118,-2.78,2.5%,8.6%,4.9%,3.7%,<a href=https://npb.jp/bis/eng/teams/index_s.html>Yakult</a>,EL
Alvarez Frank,17,2,3,2,0,0,103,22.2,22,4,17,14,0,0,3,18,14,5.56,6.28,4.51,1.59,65,150,120,-0.72,3.9%,16.5%,13.6%,2.9%,<a href=https://npb.jp/bis/eng/teams/index_d.html>Chunichi</a>,WL
Feliz Michael,1,0,0,0,0,0,3,1.0,0,0,1,0,0,0,0,0,0,0.00,1.63,1.47,0.00,999,39,39,-1.63,0.0%,33.3%,0.0%,33.3%,<a href=https://npb.jp/bis/eng/teams/index_d.html>Chunichi</a>,WL
Fujishima Kento,6,1,1,0,0,0,26,4.1,9,0,5,2,0,1,2,5,4,8.31,3.40,3.65,2.54,43,81,97,4.91,0.0%,19.2%,7.7%,11.5%,<a href=https://npb.jp/bis/eng/teams/index_d.html>Chunichi</a>,WL
Fuku Hiroto,22,0,2,0,0,0,89,21.1,17,0,17,8,1,2,0,8,6,2.53,3.44,3.79,1.17,142,82,101,-0.91,0.0%,19.1%,9.0%,10.1%,<a href=https://npb.jp/bis/eng/teams/index_d.html>Chunichi</a>,WL
Fukushima Shota,33,1,3,1,0,0,160,36.2,36,1,23,18,0,3,2,15,11,2.70,4.45,4.49,1.47,133,107,119,-1.75,0.6%,14.4%,11.2%,3.2%,<a href=https://npb.jp/bis/eng/teams/index_d.html>Chunichi</a>,WL
Fukutani Koji,8,1,1,0,0,0,128,31.0,30,1,23,5,0,1,0,17,15,4.35,3.15,3.39,1.13,83,75,90,1.20,0.8%,18.0%,3.9%,14.1%,<a href=https://npb.jp/bis/eng/teams/index_d.html>Chunichi</a>,WL
Hashimoto Yuki,30,0,5,0,0,0,169,39.2,40,4,37,16,0,4,2,24,23,5.22,4.59,3.56,1.41,69,110,95,0.63,2.4%,21.9%,9.5%,12.4%,<a href=https://npb.jp/bis/eng/teams/index_d.html>Chunichi</a>,WL
Ishimori Taisei,22,0,1,0,0,0,124,19.2,28,0,21,33,0,3,11,31,23,10.53,6.98,5.77,3.10,34,167,153,3.55,0.0%,16.9%,26.6%,-9.7%,<a href=https://npb.jp/bis/eng/teams/index_d.html>Chunichi</a>,WL
Kakigoshi Kenshin,22,3,5,0,0,0,355,84.0,88,8,28,23,1,2,1,45,41,4.39,5.09,4.66,1.32,82,122,124,-0.70,2.3%,7.9%,6.5%,1.4%,<a href=https://npb.jp/bis/eng/teams/index_d.html>Chunichi</a>,WL
Kato Tsubasa,8,0,1,0,0,0,32,6.0,5,0,4,9,0,0,1,8,8,12.00,6.80,6.36,2.33,30,163,169,5.20,0.0%,12.5%,28.1%,-15.6%,<a href=https://npb.jp/bis/eng/teams/index_d.html>Chunichi</a>,WL
Katsuno Akiyoshi,3,0,0,1,0,0,10,2.2,2,0,1,0,0,0,1,0,0,0.00,2.88,3.80,0.75,999,69,101,-2.88,0.0%,10.0%,0.0%,10.0%,<a href=https://npb.jp/bis/eng/teams/index_d.html>Chunichi</a>,WL
Kondo Ren,29,1,2,0,0,0,137,27.2,32,2,13,18,0,4,2,22,19,6.18,6.01,5.16,1.81,58,144,137,0.17,1.5%,9.5%,13.1%,-3.6%,<a href=https://npb.jp/bis/eng/teams/index_d.html>Chunichi</a>,WL
Matsuba Takahiro,10,2,4,0,1,0,249,60.0,66,2,27,10,0,4,0,26,21,3.15,3.86,4.12,1.27,114,92,110,-0.71,0.8%,10.8%,4.0%,6.8%,<a href=https://npb.jp/bis/eng/teams/index_d.html>Chunichi</a>,WL
Matsuda Hiroaki,12,0,0,0,0,0,48,10.1,13,1,8,9,0,0,3,8,8,6.97,5.95,5.01,2.13,52,143,133,1.02,2.1%,16.7%,18.8%,-2.1%,<a href=https://npb.jp/bis/eng/teams/index_d.html>Chunichi</a>,WL
Matsukihira Yuta,16,5,4,0,0,0,353,81.0,77,3,34,41,0,1,5,46,41,4.56,4.83,5.00,1.46,79,116,133,-0.27,0.8%,9.6%,11.6%,-2.0%,<a href=https://npb.jp/bis/eng/teams/index_d.html>Chunichi</a>,WL
Matsuyama Shinya,23,0,1,10,0,0,91,21.1,17,1,23,10,1,1,2,7,7,2.95,3.63,3.37,1.27,122,87,90,-0.68,1.1%,25.3%,11.0%,14.3%,<a href=https://npb.jp/bis/eng/teams/index_d.html>Chunichi</a>,WL
Mejia Humberto,3,0,1,0,0,0,52,14.0,13,0,11,0,0,0,1,3,3,1.93,2.06,2.68,0.93,186,49,71,-0.13,0.0%,21.2%,0.0%,21.2%,<a href=https://npb.jp/bis/eng/teams/index_d.html>Chunichi</a>,WL
Mori Hiroto,33,2,4,1,0,0,154,33.0,32,2,26,22,0,3,4,24,21,5.73,5.11,4.54,1.64,63,122,121,0.62,1.3%,16.9%,14.3%,2.6%,<a href=https://npb.jp/bis/eng/teams/index_d.html>Chunichi</a>,WL
Moriyama Akio,4,0,1,0,0,0,101,23.0,24,2,7,8,0,0,0,12,8,3.13,5.19,4.90,1.39,115,124,130,-2.06,2.0%,6.9%,7.9%,-1.0%,<a href=https://npb.jp/bis/eng/teams/index_d.html>Chunichi</a>,WL
Nakachi Reia,9,4,2,0,0,0,210,49.1,48,3,45,18,0,4,1,22,20,3.65,3.93,3.51,1.34,98,94,93,-0.28,1.4%,21.4%,8.6%,12.8%,<a href=https://npb.jp/bis/eng/teams/index_d.html>Chunichi</a>,WL
Neo Akira,23,0,7,0,0,0,323,76.0,55,5,64,45,0,2,8,32,29,3.43,4.66,4.21,1.32,105,112,112,-1.23,1.5%,19.8%,13.9%,5.9%,<a href=https://npb.jp/bis/eng/teams/index_d.html>Chunichi</a>,WL
Ohno Yudai,3,0,1,0,0,0,25,4.1,9,0,5,2,0,1,0,4,4,8.31,3.40,3.60,2.54,43,81,96,4.91,0.0%,20.0%,8.0%,12.0%,<a href=https://npb.jp/bis/eng/teams/index_d.html>Chunichi</a>,WL
Okano Yuichiro,18,2,6,0,0,0,291,65.0,79,9,51,15,0,3,2,43,37,5.12,4.69,3.56,1.45,70,112,95,0.43,3.1%,17.5%,5.2%,12.3%,<a href=https://npb.jp/bis/eng/teams/index_d.html>Chunichi</a>,WL
Saitoh Kohki,2,0,0,0,0,0,12,3.1,1,0,5,2,0,0,0,0,0,0.00,2.43,2.30,0.90,999,58,61,-2.43,0.0%,41.7%,16.7%,25.0%,<a href=https://npb.jp/bis/eng/teams/index_d.html>Chunichi</a>,WL
Shimizu Tatsuya,1,0,0,0,0,0,6,1.0,2,0,3,0,0,0,0,1,1,9.00,-2.37,-0.20,2.00,40,-57,-5,11.37,0.0%,50.0%,0.0%,50.0%,<a href=https://npb.jp/bis/eng/teams/index_d.html>Chunichi</a>,WL
Sobue Daisuke,11,1,0,4,0,0,35,9.2,10,1,9,0,0,0,0,1,1,0.93,3.11,2.23,1.03,387,74,59,-2.18,2.9%,25.7%,0.0%,25.7%,<a href=https://npb.jp/bis/eng/teams/index_d.html>Chunichi</a>,WL
Sunada Yoshiki,24,1,0,0,0,0,97,22.2,27,2,19,2,0,2,0,9,9,3.57,3.63,3.05,1.28,101,87,81,-0.06,2.1%,19.6%,2.1%,17.5%,<a href=https://npb.jp/bis/eng/teams/index_d.html>Chunichi</a>,WL
Suzuki Hiroshi,15,3,5,0,0,0,283,66.1,69,2,47,15,1,4,2,34,27,3.66,3.46,3.67,1.27,98,83,98,0.20,0.7%,16.6%,5.3%,11.3%,<a href=https://npb.jp/bis/eng/teams/index_d.html>Chunichi</a>,WL
Tajima Shinji,9,0,1,2,0,0,42,9.0,12,0,8,2,0,0,3,7,4,4.00,2.52,3.37,1.56,90,60,90,1.48,0.0%,19.0%,4.8%,14.2%,<a href=https://npb.jp/bis/eng/teams/index_d.html>Chunichi</a>,WL
Takahashi Hiroto,1,0,1,0,0,0,18,4.0,4,1,6,2,0,0,2,3,2,4.50,5.38,2.58,1.50,80,129,69,-0.88,5.6%,33.3%,11.1%,22.2%,<a href=https://npb.jp/bis/eng/teams/index_d.html>Chunichi</a>,WL
Tanimoto Keisuke,32,0,2,0,0,0,121,29.0,27,0,22,5,2,3,1,9,7,2.17,2.94,3.40,1.10,166,70,90,-0.77,0.0%,18.2%,4.1%,14.1%,<a href=https://npb.jp/bis/eng/teams/index_d.html>Chunichi</a>,WL
Ueda Kotaro,11,3,3,0,0,0,219,51.2,55,5,35,17,0,2,2,24,24,4.18,4.64,3.98,1.39,86,111,106,-0.46,2.3%,16.0%,7.8%,8.2%,<a href=https://npb.jp/bis/eng/teams/index_d.html>Chunichi</a>,WL
Umetsu Kodai,8,1,3,0,0,0,133,32.2,30,5,30,7,0,2,1,15,14,3.86,4.61,3.07,1.13,93,110,82,-0.75,3.8%,22.6%,5.3%,17.3%,<a href=https://npb.jp/bis/eng/teams/index_d.html>Chunichi</a>,WL
Wakui Hideaki,1,0,0,0,0,0,7,2.0,1,0,4,0,0,0,0,0,0,0.00,-0.37,-0.91,0.50,999,-9,-24,0.37,0.0%,57.1%,0.0%,57.1%,<a href=https://npb.jp/bis/eng/teams/index_d.html>Chunichi</a>,WL
Yamamoto Takumi,10,0,0,0,0,0,46,11.0,9,1,6,5,0,0,0,2,2,1.64,5.08,4.58,1.27,219,122,122,-3.44,2.2%,13.0%,10.9%,2.1%,<a href=https://npb.jp/bis/eng/teams/index_d.html>Chunichi</a>,WL
Abe Shota,4,0,0,1,0,0,17,4.2,1,0,5,2,0,0,0,0,0,0.00,2.77,3.04,0.64,999,71,81,-2.77,0.0%,29.4%,11.8%,17.6%,<a href=https://npb.jp/bis/eng/teams/index_b.html>ORIX</a>,WL
Azuma Kohei,12,5,2,0,0,0,247,62.0,46,2,47,16,0,4,1,15,15,2.18,3.50,3.54,1.00,154,90,94,-1.32,0.8%,19.0%,6.5%,12.5%,<a href=https://npb.jp/bis/eng/teams/index_b.html>ORIX</a>,WL
Cotton Jharel,11,2,2,1,0,0,159,38.0,33,6,32,13,0,1,1,17,16,3.79,5.10,3.61,1.21,88,131,96,-1.31,3.8%,20.1%,8.2%,11.9%,<a href=https://npb.jp/bis/eng/teams/index_b.html>ORIX</a>,WL
Hidaka Atsumi,12,1,1,0,0,0,79,20.0,17,1,9,7,0,1,1,7,7,3.15,4.58,4.55,1.20,106,118,121,-1.43,1.3%,11.4%,8.9%,2.5%,<a href=https://npb.jp/bis/eng/teams/index_b.html>ORIX</a>,WL
Higa Motoki,4,0,0,0,0,0,12,3.1,2,0,3,1,0,0,0,0,0,0.00,2.73,3.13,0.90,999,70,83,-2.73,0.0%,25.0%,8.3%,16.7%,<a href=https://npb.jp/bis/eng/teams/index_b.html>ORIX</a>,WL
Hirano Yoshihisa,1,0,0,0,0,0,4,1.0,1,1,0,0,0,0,0,1,1,9.00,16.63,4.80,1.00,37,428,128,-7.63,25.0%,0.0%,0.0%,0.0%,<a href=https://npb.jp/bis/eng/teams/index_b.html>ORIX</a>,WL
Honda Hitomi,10,0,2,0,0,0,54,12.2,12,1,15,5,0,1,0,8,8,5.68,3.71,2.95,1.34,59,95,78,1.97,1.9%,27.8%,9.3%,18.5%,<a href=https://npb.jp/bis/eng/teams/index_b.html>ORIX</a>,WL
Iriyama Kaito,44,5,3,13,0,0,187,42.0,35,3,31,26,0,4,2,11,11,2.36,5.22,4.53,1.45,142,134,120,-2.86,1.6%,16.6%,13.9%,2.7%,<a href=https://npb.jp/bis/eng/teams/index_b.html>ORIX</a>,WL
Kawase Kento,16,1,4,0,0,0,247,57.1,64,3,37,16,0,2,4,28,23,3.61,3.96,3.95,1.40,93,102,105,-0.35,1.2%,15.0%,6.5%,8.5%,<a href=https://npb.jp/bis/eng/teams/index_b.html>ORIX</a>,WL
Kogita Atsuya,12,0,0,1,0,0,44,11.0,9,0,19,0,0,2,0,3,3,2.45,0.72,0.48,0.82,137,19,13,1.73,0.0%,43.2%,0.0%,43.2%,<a href=https://npb.jp/bis/eng/teams/index_b.html>ORIX</a>,WL
Kondoh Taisuke,33,1,0,6,0,0,125,33.1,23,2,33,4,0,1,0,4,4,1.08,2.88,2.48,0.81,310,74,66,-1.80,1.6%,26.4%,3.2%,23.2%,<a href=https://npb.jp/bis/eng/teams/index_b.html>ORIX</a>,WL
Kuroki Yuta,24,4,1,1,0,0,194,47.0,41,3,41,9,0,1,6,17,15,2.87,3.35,3.15,1.06,117,86,84,-0.48,1.5%,21.1%,4.6%,16.5%,<a href=https://npb.jp/bis/eng/teams/index_b.html>ORIX</a>,WL
Mae Yuito,40,3,3,0,0,0,171,39.0,31,2,33,23,1,5,3,22,19,4.38,4.76,4.22,1.38,76,122,112,-0.38,1.2%,19.3%,13.5%,5.8%,<a href=https://npb.jp/bis/eng/teams/index_b.html>ORIX</a>,WL
Miyagi Hiroya,1,1,0,0,0,0,20,6.0,1,0,5,1,0,0,0,0,0,0.00,2.46,2.80,0.33,999,63,74,-2.46,0.0%,25.0%,5.0%,20.0%,<a href=https://npb.jp/bis/eng/teams/index_b.html>ORIX</a>,WL
Muranishi Ryota,22,6,5,0,0,0,407,99.0,78,5,69,27,0,14,0,24,19,1.73,4.13,3.77,1.06,193,106,100,-2.40,1.2%,17.0%,6.6%,10.4%,<a href=https://npb.jp/bis/eng/teams/index_b.html>ORIX</a>,WL
Nakagawa Hayate,21,0,1,0,0,0,117,32.2,18,1,34,4,0,0,0,6,5,1.38,2.31,2.24,0.67,243,59,60,-0.93,0.9%,29.1%,3.4%,25.7%,<a href=https://npb.jp/bis/eng/teams/index_b.html>ORIX</a>,WL
Nakata Yuito,19,0,0,0,0,0,85,19.2,22,2,13,4,0,1,0,8,8,3.66,4.39,3.74,1.32,91,113,99,-0.73,2.4%,15.3%,4.7%,10.6%,<a href=https://npb.jp/bis/eng/teams/index_b.html>ORIX</a>,WL
Nishihama Yusei,3,0,0,0,0,0,15,3.0,5,0,2,1,0,0,1,3,3,9.00,3.30,4.13,2.00,37,85,110,5.70,0.0%,13.3%,6.7%,6.6%,<a href=https://npb.jp/bis/eng/teams/index_b.html>ORIX</a>,WL
Nix Jacob,5,1,2,0,0,0,95,23.2,17,1,22,6,0,1,0,11,9,3.42,3.21,3.12,0.97,98,83,83,0.21,1.1%,23.2%,6.3%,16.9%,<a href=https://npb.jp/bis/eng/teams/index_b.html>ORIX</a>,WL
Ono Taiki,19,2,5,1,0,0,213,50.1,38,2,47,26,0,4,3,22,20,3.58,4.07,3.81,1.27,93,105,101,-0.49,0.9%,22.1%,12.2%,9.9%,<a href=https://npb.jp/bis/eng/teams/index_b.html>ORIX</a>,WL
Saiki Kaito,10,0,0,0,0,0,48,10.1,15,0,10,4,0,0,0,8,8,6.97,2.85,3.55,1.84,48,73,94,4.12,0.0%,20.8%,8.3%,12.5%,<a href=https://npb.jp/bis/eng/teams/index_b.html>ORIX</a>,WL
Saito Kyosuke,11,1,2,0,0,0,138,36.0,20,2,32,13,0,1,2,12,9,2.25,3.74,3.42,0.92,149,96,91,-1.49,1.4%,23.2%,9.4%,13.8%,<a href=https://npb.jp/bis/eng/teams/index_b.html>ORIX</a>,WL
Satoh Kazuma,19,8,3,0,0,0,413,96.0,98,9,66,36,0,3,4,42,42,3.94,4.69,4.07,1.40,85,121,108,-0.75,2.2%,16.0%,8.7%,7.3%,<a href=https://npb.jp/bis/eng/teams/index_b.html>ORIX</a>,WL
Sotani Ryuhei,16,6,2,1,1,1,342,84.1,73,5,87,17,0,6,3,25,24,2.56,3.15,2.75,1.07,131,81,73,-0.59,1.5%,25.4%,5.0%,20.4%,<a href=https://npb.jp/bis/eng/teams/index_b.html>ORIX</a>,WL
Suzuki Kohei,12,0,2,0,0,0,90,18.1,28,0,17,6,0,2,0,14,11,5.40,3.08,3.58,1.85,62,79,95,2.32,0.0%,18.9%,6.7%,12.2%,<a href=https://npb.jp/bis/eng/teams/index_b.html>ORIX</a>,WL
Tajima Daiki,6,1,2,0,0,0,91,22.0,21,1,18,5,0,1,0,7,4,1.64,3.40,3.37,1.18,204,87,90,-1.76,1.1%,19.8%,5.5%,14.3%,<a href=https://npb.jp/bis/eng/teams/index_b.html>ORIX</a>,WL
Takeyasu Daichi,5,2,0,0,0,0,82,22.1,15,0,16,2,0,0,0,0,0,0.00,2.46,3.09,0.76,999,63,82,-2.46,0.0%,19.5%,2.4%,17.1%,<a href=https://npb.jp/bis/eng/teams/index_b.html>ORIX</a>,WL
Tomiyama Ryoga,1,0,0,0,0,0,5,1.0,2,0,1,0,0,0,0,0,0,0.00,1.63,2.80,2.00,999,42,74,-1.63,0.0%,20.0%,0.0%,20.0%,<a href=https://npb.jp/bis/eng/teams/index_b.html>ORIX</a>,WL
Tsujigaki Takara,20,3,5,0,0,0,213,47.1,64,8,39,10,0,2,2,40,38,7.23,4.94,3.44,1.56,46,127,91,2.29,3.8%,18.3%,4.7%,13.6%,<a href=https://npb.jp/bis/eng/teams/index_b.html>ORIX</a>,WL
Udagawa Yuki,6,0,0,0,0,0,32,6.1,10,0,7,3,0,0,0,7,5,7.11,2.84,3.55,2.05,47,73,94,4.27,0.0%,21.9%,9.4%,12.5%,<a href=https://npb.jp/bis/eng/teams/index_b.html>ORIX</a>,WL
Urushihara Taisei,32,3,0,0,0,0,131,31.1,34,1,23,9,0,1,1,15,15,4.31,3.53,3.73,1.37,78,91,99,0.78,0.8%,17.6%,6.9%,10.7%,<a href=https://npb.jp/bis/eng/teams/index_b.html>ORIX</a>,WL
Waguespack Jacob,5,0,0,0,0,0,49,13.0,7,0,11,4,0,0,0,2,2,1.38,2.86,3.37,0.85,243,74,90,-1.48,0.0%,22.4%,8.2%,14.2%,<a href=https://npb.jp/bis/eng/teams/index_b.html>ORIX</a>,WL
Yamada Nobuyoshi,13,0,0,0,0,0,47,11.1,12,1,10,1,0,0,0,4,4,3.18,3.28,2.89,1.15,105,84,77,-0.10,2.1%,21.3%,2.1%,19.2%,<a href=https://npb.jp/bis/eng/teams/index_b.html>ORIX</a>,WL
Yamamoto Yoshinobu,1,1,0,0,0,0,23,7.0,2,0,7,0,0,0,0,0,0,0.00,1.63,1.76,0.29,999,42,47,-1.63,0.0%,30.4%,0.0%,30.4%,<a href=https://npb.jp/bis/eng/teams/index_b.html>ORIX</a>,WL
Yamasaki Sachiya,2,1,0,0,0,0,52,11.1,15,1,13,3,0,0,0,6,6,4.76,3.28,2.88,1.59,70,84,77,1.48,1.9%,25.0%,5.8%,19.2%,<a href=https://npb.jp/bis/eng/teams/index_b.html>ORIX</a>,WL
Yamazaki Soichiro,1,0,0,0,0,0,3,1.0,0,0,2,0,0,0,0,0,0,0.00,-0.37,-1.87,0.00,999,-10,-50,0.37,0.0%,66.7%,0.0%,66.7%,<a href=https://npb.jp/bis/eng/teams/index_b.html>ORIX</a>,WL
Yokoyama Kaede,32,4,2,2,0,0,129,29.0,30,4,26,11,0,0,3,19,15,4.66,4.77,3.64,1.41,72,123,97,-0.11,3.1%,20.2%,8.5%,11.7%,<a href=https://npb.jp/bis/eng/teams/index_b.html>ORIX</a>,WL
Yoshida Ryo,30,2,0,4,0,0,103,27.2,11,3,27,11,0,0,1,6,6,1.95,4.28,3.25,0.80,172,110,86,-2.33,2.9%,26.2%,10.7%,15.5%,<a href=https://npb.jp/bis/eng/teams/index_b.html>ORIX</a>,WL
Akiyama Seiun,22,3,3,1,0,0,203,44.1,55,9,28,18,0,1,0,32,28,5.68,6.29,4.31,1.65,65,148,115,-0.61,4.4%,13.8%,8.9%,4.9%,<a href=https://npb.jp/bis/eng/teams/index_m.html>Lotte</a>,EL
Azuma Yusuke,17,0,1,0,0,0,67,16.0,13,0,6,6,0,0,5,4,3,1.69,4.00,4.80,1.19,217,94,128,-2.31,0.0%,9.0%,9.0%,0.0%,<a href=https://npb.jp/bis/eng/teams/index_m.html>Lotte</a>,EL
Castillo Luis,9,1,2,0,0,0,165,40.0,37,1,39,6,0,2,0,13,11,2.48,2.60,2.80,1.08,148,61,74,-0.12,0.6%,23.6%,3.6%,20.0%,<a href=https://npb.jp/bis/eng/teams/index_m.html>Lotte</a>,EL
Dohi Seiya,34,3,1,0,0,0,220,51.2,44,2,40,21,0,3,2,22,17,2.96,3.98,3.94,1.26,124,93,105,-1.02,0.9%,18.2%,9.5%,8.7%,<a href=https://npb.jp/bis/eng/teams/index_m.html>Lotte</a>,EL
Doi Hideto,7,0,0,0,0,0,30,6.1,7,0,3,6,0,0,0,1,1,1.42,5.52,5.80,2.05,258,130,154,-4.10,0.0%,10.0%,20.0%,-10.0%,<a href=https://npb.jp/bis/eng/teams/index_m.html>Lotte</a>,EL
Feliz Daritzon,20,1,1,0,0,0,116,25.2,23,1,28,14,0,0,1,14,12,4.21,3.59,3.59,1.44,87,84,95,0.62,0.9%,24.1%,12.1%,12.0%,<a href=https://npb.jp/bis/eng/teams/index_m.html>Lotte</a>,EL
Furuya Takuro,23,3,1,0,0,0,154,34.0,38,1,21,18,0,1,0,16,16,4.24,4.45,4.61,1.65,86,105,123,-0.21,0.6%,13.6%,11.7%,1.9%,<a href=https://npb.jp/bis/eng/teams/index_m.html>Lotte</a>,EL
Futaki Kota,4,0,0,0,0,0,35,8.1,6,1,8,2,0,1,0,2,1,1.08,4.35,3.09,0.96,339,102,82,-3.27,2.9%,22.9%,5.7%,17.2%,<a href=https://npb.jp/bis/eng/teams/index_m.html>Lotte</a>,EL
Hirohata Atsuya,31,3,4,4,1,0,249,56.2,64,6,47,15,0,3,2,29,23,3.65,4.30,3.51,1.39,100,101,93,-0.65,2.4%,18.9%,6.0%,12.9%,<a href=https://npb.jp/bis/eng/teams/index_m.html>Lotte</a>,EL
Ishikawa Ayumu,3,0,2,0,0,0,27,4.2,14,1,3,1,0,0,0,4,4,7.71,5.77,4.06,3.21,48,136,108,1.94,3.7%,11.1%,3.7%,7.4%,<a href=https://npb.jp/bis/eng/teams/index_m.html>Lotte</a>,EL
Iwashita Daiki,9,0,0,1,0,0,52,11.0,14,0,15,5,0,0,2,3,3,2.45,2.27,2.88,1.73,150,53,77,0.18,0.0%,28.8%,9.6%,19.2%,<a href=https://npb.jp/bis/eng/teams/index_m.html>Lotte</a>,EL
Karakawa Yuki,29,2,6,2,0,0,262,64.0,58,9,48,7,0,6,0,28,24,3.38,4.57,3.24,1.02,108,107,86,-1.19,3.4%,18.3%,2.7%,15.6%,<a href=https://npb.jp/bis/eng/teams/index_m.html>Lotte</a>,EL
Kikuchi Riku,14,4,5,0,0,0,257,59.2,62,4,52,14,0,2,3,31,28,4.22,3.56,3.32,1.27,87,84,88,0.66,1.6%,20.2%,5.4%,14.8%,<a href=https://npb.jp/bis/eng/teams/index_m.html>Lotte</a>,EL
Kuniyoshi Yuki,28,2,3,0,0,0,150,31.1,40,3,29,16,0,1,3,23,21,6.03,4.65,3.93,1.79,61,109,105,1.38,2.0%,19.3%,10.7%,8.6%,<a href=https://npb.jp/bis/eng/teams/index_m.html>Lotte</a>,EL
Mercedes CC,2,0,0,0,0,0,41,9.0,10,1,7,2,0,0,1,5,4,4.00,4.18,3.58,1.33,92,98,95,-0.18,2.4%,17.1%,4.9%,12.2%,<a href=https://npb.jp/bis/eng/teams/index_m.html>Lotte</a>,EL
Mima Manabu,4,1,0,0,0,0,95,25.0,19,2,11,4,0,0,1,5,4,1.44,4.27,4.06,0.92,255,100,108,-2.83,2.1%,11.6%,4.2%,7.4%,<a href=https://npb.jp/bis/eng/teams/index_m.html>Lotte</a>,EL
Mori Ryotaro,11,4,2,0,0,0,178,44.1,34,2,40,11,0,1,1,13,12,2.44,3.22,3.17,1.02,150,76,84,-0.78,1.1%,22.5%,6.2%,16.3%,<a href=https://npb.jp/bis/eng/teams/index_m.html>Lotte</a>,EL
Motomae Fumiya,21,3,9,0,0,0,444,104.0,109,9,84,21,0,6,2,50,48,4.15,3.92,3.38,1.25,88,92,90,0.23,2.0%,18.9%,4.7%,14.2%,<a href=https://npb.jp/bis/eng/teams/index_m.html>Lotte</a>,EL
Nagashimada Kirato,9,0,0,0,0,0,46,7.0,7,1,2,16,1,0,2,11,5,6.43,11.77,7.84,3.29,57,276,209,-5.34,2.2%,4.3%,34.8%,-30.5%,<a href=https://npb.jp/bis/eng/teams/index_m.html>Lotte</a>,EL
Nakamori Shunsuke,15,1,1,2,0,0,175,41.1,43,2,27,14,0,0,3,14,12,2.61,3.97,4.06,1.38,140,93,108,-1.36,1.1%,15.4%,8.0%,7.4%,<a href=https://npb.jp/bis/eng/teams/index_m.html>Lotte</a>,EL
Nakamura Toshiya,11,2,2,0,0,0,74,18.1,13,1,17,5,0,0,2,5,5,2.45,3.30,3.18,0.98,150,78,85,-0.85,1.4%,23.0%,6.8%,16.2%,<a href=https://npb.jp/bis/eng/teams/index_m.html>Lotte</a>,EL
Nishimura Takahiro,2,0,0,0,0,0,7,2.0,1,0,1,0,0,0,0,0,0,0.00,2.63,3.37,0.50,999,62,90,-2.63,0.0%,14.3%,0.0%,14.3%,<a href=https://npb.jp/bis/eng/teams/index_m.html>Lotte</a>,EL
Nishino Yuji,1,0,1,0,0,0,13,2.1,2,0,1,2,0,0,0,1,1,3.86,5.34,5.57,1.71,95,125,148,-1.48,0.0%,7.7%,15.4%,-7.7%,<a href=https://npb.jp/bis/eng/teams/index_m.html>Lotte</a>,EL
Onuma Kenta,15,0,2,2,0,0,72,17.0,19,4,12,2,0,0,2,9,8,4.24,5.63,3.41,1.24,86,132,91,-1.39,5.6%,16.7%,2.8%,13.9%,<a href=https://npb.jp/bis/eng/teams/index_m.html>Lotte</a>,EL
Sakamoto Koshiro,1,0,0,0,0,0,3,1.0,0,0,1,0,0,0,0,0,0,0.00,1.63,1.47,0.00,999,38,39,-1.63,0.0%,33.3%,0.0%,33.3%,<a href=https://npb.jp/bis/eng/teams/index_m.html>Lotte</a>,EL
Sasaki Chihaya,26,4,7,1,0,0,336,79.2,86,7,35,20,0,1,2,41,34,3.84,4.68,4.35,1.33,95,110,116,-0.84,2.1%,10.4%,6.0%,4.4%,<a href=https://npb.jp/bis/eng/teams/index_m.html>Lotte</a>,EL
Sato Shoma,24,1,9,0,1,0,339,75.0,102,10,45,14,0,3,2,46,39,4.68,4.84,3.89,1.55,78,114,103,-0.16,2.9%,13.3%,4.1%,9.2%,<a href=https://npb.jp/bis/eng/teams/index_m.html>Lotte</a>,EL
Sawada Keisuke,19,0,0,0,0,0,80,17.2,24,2,16,6,0,2,1,12,9,4.58,4.65,3.55,1.70,80,109,94,-0.07,2.5%,20.0%,7.5%,12.5%,<a href=https://npb.jp/bis/eng/teams/index_m.html>Lotte</a>,EL
Sawamura Hirokazu,1,0,0,0,0,0,4,1.0,1,0,1,0,0,0,0,0,0,0.00,1.63,2.30,1.00,999,38,61,-1.63,0.0%,25.0%,0.0%,25.0%,<a href=https://npb.jp/bis/eng/teams/index_m.html>Lotte</a>,EL
Suzuki Shota,25,1,2,1,0,0,106,27.0,20,2,33,4,0,1,2,11,10,3.33,2.70,2.06,0.89,110,63,55,0.63,1.9%,31.1%,3.8%,27.3%,<a href=https://npb.jp/bis/eng/teams/index_m.html>Lotte</a>,EL
Takano Shuta,22,1,1,2,0,0,147,34.2,34,5,31,12,0,1,2,19,17,4.41,4.84,3.51,1.33,83,114,93,-0.43,3.4%,21.1%,8.2%,12.9%,<a href=https://npb.jp/bis/eng/teams/index_m.html>Lotte</a>,EL
Tanaka Fuki,20,1,3,0,0,0,169,35.0,51,2,19,17,0,2,1,36,30,7.71,4.91,4.68,1.94,48,115,124,2.80,1.2%,11.2%,10.1%,1.1%,<a href=https://npb.jp/bis/eng/teams/index_m.html>Lotte</a>,EL
Tanaka Haruya,5,0,1,0,0,0,32,8.0,7,1,7,1,0,1,0,1,1,1.13,4.25,2.92,1.00,324,100,78,-3.12,3.1%,21.9%,3.1%,18.8%,<a href=https://npb.jp/bis/eng/teams/index_m.html>Lotte</a>,EL
Tojo Taiki,36,1,3,1,0,0,167,36.2,46,8,31,6,0,2,2,28,21,5.15,5.43,3.30,1.42,71,128,88,-0.28,4.8%,18.6%,3.6%,15.0%,<a href=https://npb.jp/bis/eng/teams/index_m.html>Lotte</a>,EL
Yagi Akira,24,1,3,3,0,0,110,27.1,25,2,25,6,0,0,2,10,10,3.29,3.41,3.07,1.13,111,80,82,-0.12,1.8%,22.7%,5.5%,17.2%,<a href=https://npb.jp/bis/eng/teams/index_m.html>Lotte</a>,EL
Yokoyama Rikuto,17,0,0,1,0,0,60,16.0,10,1,20,1,0,2,1,2,2,1.13,2.50,1.63,0.69,324,59,43,-1.37,1.7%,33.3%,1.7%,31.6%,<a href=https://npb.jp/bis/eng/teams/index_m.html>Lotte</a>,EL
Yoshikawa Yuto,1,0,0,1,0,0,3,1.0,0,0,1,0,0,0,0,0,0,0.00,1.63,1.47,0.00,999,38,39,-1.63,0.0%,33.3%,0.0%,33.3%,<a href=https://npb.jp/bis/eng/teams/index_m.html>Lotte</a>,EL
Arihara Kohei,8,2,0,0,0,0,171,42.1,41,2,18,9,0,1,1,19,18,3.83,4.10,4.27,1.18,93,99,114,-0.27,1.2%,10.5%,5.3%,5.2%,<a href=https://npb.jp/bis/eng/teams/index_h.html>SoftBank</a>,WL
Armenta Alexander,3,0,0,0,0,0,20,4.0,5,1,4,3,0,0,1,5,5,11.25,7.13,4.30,2.00,32,172,114,4.12,5.0%,20.0%,15.0%,5.0%,<a href=https://npb.jp/bis/eng/teams/index_h.html>SoftBank</a>,WL
Bandoh Yugo,3,2,1,0,0,0,62,18.0,6,0,19,1,0,0,1,3,2,1.00,1.68,1.90,0.39,358,40,51,-0.68,0.0%,30.6%,1.6%,29.0%,<a href=https://npb.jp/bis/eng/teams/index_h.html>SoftBank</a>,WL
Felix Mailon,6,0,1,0,0,0,39,7.2,10,0,6,5,0,1,0,8,5,5.87,4.41,4.54,1.96,61,106,121,1.46,0.0%,15.4%,12.8%,2.6%,<a href=https://npb.jp/bis/eng/teams/index_h.html>SoftBank</a>,WL
Fujii Kouya,2,0,0,0,0,0,9,2.0,0,0,6,3,0,0,0,0,0,0.00,2.13,1.47,1.50,999,51,39,-2.13,0.0%,66.7%,33.3%,33.4%,<a href=https://npb.jp/bis/eng/teams/index_h.html>SoftBank</a>,WL
Furukawa Yuri,34,2,2,3,0,0,152,37.2,31,0,42,11,0,0,2,10,6,1.43,2.28,2.76,1.12,250,55,73,-0.85,0.0%,27.6%,7.2%,20.4%,<a href=https://npb.jp/bis/eng/teams/index_h.html>SoftBank</a>,WL
Gunkel Joe,16,6,6,0,0,0,336,79.0,93,8,55,7,0,4,2,40,31,3.53,3.97,3.37,1.27,101,96,90,-0.44,2.4%,16.4%,2.1%,14.3%,<a href=https://npb.jp/bis/eng/teams/index_h.html>SoftBank</a>,WL
Hernandez Darwinzon,10,1,1,0,0,0,43,10.0,7,0,18,8,0,1,1,3,3,2.70,2.73,2.47,1.50,132,66,66,-0.03,0.0%,41.9%,18.6%,23.3%,<a href=https://npb.jp/bis/eng/teams/index_h.html>SoftBank</a>,WL
Higashihama Nao,2,2,0,0,0,0,42,12.0,9,0,9,0,0,0,0,2,2,1.50,2.13,2.66,0.75,238,51,71,-0.63,0.0%,21.4%,0.0%,21.4%,<a href=https://npb.jp/bis/eng/teams/index_h.html>SoftBank</a>,WL
Ishikawa Shuta,2,1,0,0,0,0,26,7.0,4,0,7,0,0,1,0,1,1,1.29,2.06,2.11,0.57,277,50,56,-0.77,0.0%,26.9%,0.0%,26.9%,<a href=https://npb.jp/bis/eng/teams/index_h.html>SoftBank</a>,WL
Izumi Keisuke,46,4,2,2,0,0,196,47.1,48,1,32,5,0,1,5,22,22,4.18,2.93,3.42,1.12,86,71,91,1.25,0.5%,16.3%,2.6%,13.7%,<a href=https://npb.jp/bis/eng/teams/index_h.html>SoftBank</a>,WL
Kaino Hiroshi,15,0,0,3,0,0,62,15.2,14,2,25,3,0,0,1,6,6,3.45,2.67,1.25,1.09,104,64,33,0.78,3.2%,40.3%,4.8%,35.5%,<a href=https://npb.jp/bis/eng/teams/index_h.html>SoftBank</a>,WL
Kasaya Shunsuke,28,3,0,0,0,0,119,28.0,17,1,42,16,1,1,1,4,3,0.96,2.91,2.62,1.18,373,70,70,-1.95,0.8%,35.3%,13.4%,21.9%,<a href=https://npb.jp/bis/eng/teams/index_h.html>SoftBank</a>,WL
Kayama Shinya,23,1,0,0,0,0,94,22.1,23,1,16,2,0,2,1,15,12,4.84,3.32,3.31,1.12,74,80,88,1.52,1.1%,17.0%,2.1%,14.9%,<a href=https://npb.jp/bis/eng/teams/index_h.html>SoftBank</a>,WL
Kimura Hikaru,17,2,4,0,0,0,265,63.1,60,3,48,19,0,2,4,27,24,3.41,3.72,3.71,1.25,105,90,99,-0.31,1.1%,18.1%,7.2%,10.9%,<a href=https://npb.jp/bis/eng/teams/index_h.html>SoftBank</a>,WL
Maeda Jun,1,0,1,0,0,0,18,4.1,2,0,6,3,0,0,1,2,2,4.15,2.94,3.13,1.15,86,71,83,1.21,0.0%,33.3%,16.7%,16.6%,<a href=https://npb.jp/bis/eng/teams/index_h.html>SoftBank</a>,WL
Matayoshi Katsuki,27,1,2,2,0,0,111,25.0,20,1,26,10,1,3,0,10,7,2.52,3.63,3.36,1.20,142,87,89,-1.11,0.9%,23.4%,9.0%,14.4%,<a href=https://npb.jp/bis/eng/teams/index_h.html>SoftBank</a>,WL
Matsumoto Haru,17,1,2,1,0,0,267,65.1,61,4,47,12,0,5,0,28,24,3.31,3.77,3.49,1.12,108,91,93,-0.46,1.5%,17.6%,4.5%,13.1%,<a href=https://npb.jp/bis/eng/teams/index_h.html>SoftBank</a>,WL
Matsumoto Yuki,2,0,0,0,0,0,11,2.0,4,1,4,1,0,0,0,2,2,9.00,7.63,2.07,2.50,40,184,55,1.37,9.1%,36.4%,9.1%,27.3%,<a href=https://npb.jp/bis/eng/teams/index_h.html>SoftBank</a>,WL
Miura Mizuki,5,0,3,0,0,0,104,20.0,26,0,15,13,0,3,1,19,14,6.30,4.53,4.61,1.95,57,109,123,1.77,0.0%,14.4%,12.5%,1.9%,<a href=https://npb.jp/bis/eng/teams/index_h.html>SoftBank</a>,WL
Moinelo Livan,1,0,0,0,0,0,5,1.1,1,0,0,0,0,0,0,0,0,0.00,3.63,4.80,0.75,999,87,128,-3.63,0.0%,0.0%,0.0%,0.0%,<a href=https://npb.jp/bis/eng/teams/index_h.html>SoftBank</a>,WL
Mori Yuito,12,5,5,0,1,1,243,64.1,46,2,57,7,0,2,1,15,11,1.54,2.68,2.74,0.82,232,65,73,-1.14,0.8%,23.5%,2.9%,20.6%,<a href=https://npb.jp/bis/eng/teams/index_h.html>SoftBank</a>,WL
Murakami Shun,2,0,0,0,0,0,6,2.0,0,0,1,1,0,0,0,0,0,0.00,4.13,4.80,0.50,999,99,128,-4.13,0.0%,16.7%,16.7%,0.0%,<a href=https://npb.jp/bis/eng/teams/index_h.html>SoftBank</a>,WL
Nakamura Ryota,53,5,4,0,0,0,201,49.2,49,1,47,7,1,1,5,12,12,2.17,2.48,2.81,1.13,165,60,75,-0.31,0.5%,23.4%,3.5%,19.9%,<a href=https://npb.jp/bis/eng/teams/index_h.html>SoftBank</a>,WL
Ogata Shuto,41,2,1,16,0,0,176,46.0,23,1,59,13,1,1,1,7,5,0.98,2.26,2.19,0.78,365,54,58,-1.28,0.6%,33.5%,7.4%,26.1%,<a href=https://npb.jp/bis/eng/teams/index_h.html>SoftBank</a>,WL
Ohtsu Ryosuke,5,0,0,0,0,0,22,6.0,3,0,4,1,0,0,0,1,1,1.50,2.80,3.44,0.67,238,67,91,-1.30,0.0%,18.2%,4.5%,13.7%,<a href=https://npb.jp/bis/eng/teams/index_h.html>SoftBank</a>,WL
Ohzeki Tomohisa,7,1,3,0,0,0,145,32.0,40,1,24,9,0,1,3,18,14,3.94,3.47,3.77,1.53,91,84,100,0.47,0.7%,16.6%,6.2%,10.4%,<a href=https://npb.jp/bis/eng/teams/index_h.html>SoftBank</a>,WL
Okumura Masato,11,3,2,0,0,0,194,43.2,49,6,31,16,0,2,5,28,24,4.95,5.23,4.03,1.49,72,126,107,-0.28,3.1%,16.0%,8.2%,7.8%,<a href=https://npb.jp/bis/eng/teams/index_h.html>SoftBank</a>,WL
Satoh Hiroki,1,0,0,0,0,0,5,1.0,1,0,0,1,0,0,0,0,0,0.00,6.63,6.80,2.00,999,160,181,-6.63,0.0%,0.0%,20.0%,-20.0%,<a href=https://npb.jp/bis/eng/teams/index_h.html>SoftBank</a>,WL
Shigeta Tomoaki,6,2,1,0,0,0,63,13.2,13,0,9,9,0,1,2,7,6,3.95,4.51,4.80,1.61,91,109,128,-0.56,0.0%,14.3%,14.3%,0.0%,<a href=https://npb.jp/bis/eng/teams/index_h.html>SoftBank</a>,WL
Shiino Arata,29,2,1,3,0,0,118,31.0,18,0,42,7,0,0,2,4,4,1.16,1.60,1.83,0.81,308,39,49,-0.44,0.0%,35.6%,5.9%,29.7%,<a href=https://npb.jp/bis/eng/teams/index_h.html>SoftBank</a>,WL
Stewart Jr. Carter,4,0,0,0,0,0,85,23.0,13,2,29,3,0,1,1,5,3,1.17,2.76,1.74,0.70,306,66,46,-1.59,2.4%,34.1%,3.5%,30.6%,<a href=https://npb.jp/bis/eng/teams/index_h.html>SoftBank</a>,WL
Sugiyama Kazuki,14,1,0,0,0,0,122,27.2,21,1,25,14,0,2,4,21,11,3.58,4.03,3.90,1.27,100,97,104,-0.45,0.8%,20.5%,11.5%,9.0%,<a href=https://npb.jp/bis/eng/teams/index_h.html>SoftBank</a>,WL
Takahashi Jumpei,29,2,0,0,0,0,149,33.0,31,1,25,19,0,5,2,22,18,4.91,4.69,4.40,1.52,73,113,117,0.22,0.7%,16.8%,12.8%,4.0%,<a href=https://npb.jp/bis/eng/teams/index_h.html>SoftBank</a>,WL
Takahashi Rei,21,7,1,1,0,0,315,79.2,66,1,57,14,0,4,1,17,11,1.24,3.04,3.43,1.00,288,73,91,-1.80,0.3%,18.1%,4.4%,13.7%,<a href=https://npb.jp/bis/eng/teams/index_h.html>SoftBank</a>,WL
Takeda Shota,12,1,0,1,0,0,149,37.0,29,5,38,12,0,1,1,16,14,3.41,4.39,3.06,1.11,105,106,81,-0.98,3.4%,25.5%,8.1%,17.4%,<a href=https://npb.jp/bis/eng/teams/index_h.html>SoftBank</a>,WL
Tanoue Sota,11,4,5,0,0,0,217,50.2,49,7,31,24,0,2,1,26,20,3.55,5.74,4.48,1.44,101,138,119,-2.19,3.2%,14.3%,11.1%,3.2%,<a href=https://npb.jp/bis/eng/teams/index_h.html>SoftBank</a>,WL
Taura Fumimaru,5,0,0,0,0,0,16,4.1,3,0,7,0,0,0,0,0,0,0.00,0.40,0.42,0.69,999,10,11,-0.40,0.0%,43.8%,0.0%,43.8%,<a href=https://npb.jp/bis/eng/teams/index_h.html>SoftBank</a>,WL
Tsumori Yuki,3,1,0,0,0,0,14,3.0,3,0,3,0,0,0,0,2,1,3.00,1.63,2.66,1.00,119,39,71,1.37,0.0%,21.4%,0.0%,21.4%,<a href=https://npb.jp/bis/eng/teams/index_h.html>SoftBank</a>,WL
Wada Tsuyoshi,1,1,0,0,0,0,16,5.0,1,0,6,0,0,0,0,0,0,0.00,1.23,1.05,0.20,999,30,28,-1.23,0.0%,37.5%,0.0%,37.5%,<a href=https://npb.jp/bis/eng/teams/index_h.html>SoftBank</a>,WL
Watanabe Yuki,21,2,1,0,0,0,82,20.0,16,0,15,3,0,4,0,9,7,3.15,3.18,3.34,0.95,114,77,89,-0.03,0.0%,18.3%,3.7%,14.6%,<a href=https://npb.jp/bis/eng/teams/index_h.html>SoftBank</a>,WL
Banuelos Manny,18,7,6,0,1,1,375,90.0,85,9,77,31,0,2,4,40,39,3.90,4.32,3.57,1.29,89,107,95,-0.42,2.4%,20.5%,8.3%,12.2%,<a href=https://npb.jp/bis/eng/teams/index_e.html>Rakuten</a>,EL
Fujihira Shoma,8,2,1,0,0,0,195,48.1,30,1,42,21,0,3,1,11,10,1.86,3.65,3.72,1.06,188,90,99,-1.79,0.5%,21.5%,10.8%,10.7%,<a href=https://npb.jp/bis/eng/teams/index_e.html>Rakuten</a>,EL
Fujii Masaru,17,6,3,0,0,0,381,85.2,97,4,57,35,0,5,2,36,35,3.68,4.31,4.22,1.54,95,106,112,-0.63,1.0%,15.0%,9.2%,5.8%,<a href=https://npb.jp/bis/eng/teams/index_e.html>Rakuten</a>,EL
Fukumori Yoma,5,0,0,0,0,0,23,4.2,2,0,6,8,0,0,1,4,4,7.71,6.20,5.67,2.14,45,153,151,1.51,0.0%,26.1%,34.8%,-8.7%,<a href=https://npb.jp/bis/eng/teams/index_e.html>Rakuten</a>,EL
Hayakawa Takahisa,6,1,2,1,0,0,113,28.0,27,3,24,3,0,0,1,8,6,1.93,3.63,2.94,1.07,181,90,78,-1.70,2.7%,21.2%,2.7%,18.5%,<a href=https://npb.jp/bis/eng/teams/index_e.html>Rakuten</a>,EL
Hayashi Yuki,24,1,1,0,0,0,95,20.2,21,1,25,12,0,2,0,5,5,2.18,3.87,3.43,1.60,160,96,91,-1.69,1.1%,26.3%,12.6%,13.7%,<a href=https://npb.jp/bis/eng/teams/index_e.html>Rakuten</a>,EL
Hikiji Shuichiro,11,1,2,0,0,0,71,14.0,18,2,11,10,0,2,1,11,10,6.43,6.49,4.66,2.00,54,160,124,-0.06,2.8%,15.5%,14.1%,1.4%,<a href=https://npb.jp/bis/eng/teams/index_e.html>Rakuten</a>,EL
Ishibashi Ryota,34,3,0,4,0,0,144,34.2,31,4,36,12,0,2,1,10,10,2.60,4.26,3.13,1.24,134,105,83,-1.66,2.8%,25.0%,8.3%,16.7%,<a href=https://npb.jp/bis/eng/teams/index_e.html>Rakuten</a>,EL
Itoh Mao,23,2,2,0,0,0,83,20.2,12,0,21,7,0,4,2,8,8,3.48,3.19,3.11,0.92,100,79,83,0.29,0.0%,25.3%,8.4%,16.9%,<a href=https://npb.jp/bis/eng/teams/index_e.html>Rakuten</a>,EL
Karashima Wataru,11,4,3,2,0,0,231,56.1,51,1,43,13,0,0,3,18,18,2.88,3.03,3.50,1.14,121,75,93,-0.15,0.4%,18.6%,5.6%,13.0%,<a href=https://npb.jp/bis/eng/teams/index_e.html>Rakuten</a>,EL
Kishi Takayuki,4,3,0,0,1,1,106,28.0,22,1,21,3,0,1,0,6,6,1.93,3.02,3.10,0.89,181,75,82,-1.09,0.9%,19.8%,2.8%,17.0%,<a href=https://npb.jp/bis/eng/teams/index_e.html>Rakuten</a>,EL
Komago Ryuji,39,1,0,3,0,0,137,34.1,31,2,37,9,1,0,1,11,11,2.88,3.02,2.76,1.17,121,75,73,-0.14,1.5%,27.0%,6.6%,20.4%,<a href=https://npb.jp/bis/eng/teams/index_e.html>Rakuten</a>,EL
Matsui Tomotaka,17,6,4,0,1,1,388,97.1,70,5,75,35,0,3,4,29,28,2.59,3.93,3.77,1.08,135,97,100,-1.34,1.3%,19.3%,9.0%,10.3%,<a href=https://npb.jp/bis/eng/teams/index_e.html>Rakuten</a>,EL
Miyamori Satoshi,23,0,0,0,0,0,94,21.1,22,0,12,6,0,2,1,6,6,2.53,3.63,4.16,1.31,138,90,111,-1.10,0.0%,12.8%,6.4%,6.4%,<a href=https://npb.jp/bis/eng/teams/index_e.html>Rakuten</a>,EL
Nishigaki Masaya,24,2,2,0,0,0,93,21.0,11,1,20,19,0,2,5,8,7,3.00,5.34,4.69,1.43,116,132,125,-2.34,1.1%,21.5%,20.4%,1.1%,<a href=https://npb.jp/bis/eng/teams/index_e.html>Rakuten</a>,EL
Nishiguchi Naoto,11,1,0,1,0,0,46,9.2,13,1,7,6,0,1,1,11,11,10.24,5.70,4.58,1.97,34,141,122,4.54,2.2%,15.2%,13.0%,2.2%,<a href=https://npb.jp/bis/eng/teams/index_e.html>Rakuten</a>,EL
Norimoto Takahiro,1,0,1,0,0,0,13,3.0,3,1,2,2,0,0,0,1,1,3.00,8.63,4.80,1.67,116,213,128,-5.63,7.7%,15.4%,15.4%,0.0%,<a href=https://npb.jp/bis/eng/teams/index_e.html>Rakuten</a>,EL
Sakai Tomohito,7,1,0,0,0,0,27,7.0,5,0,2,2,0,0,0,1,0,0.00,3.91,4.80,1.00,999,97,128,-3.91,0.0%,7.4%,7.4%,0.0%,<a href=https://npb.jp/bis/eng/teams/index_e.html>Rakuten</a>,EL
Satoh Tomoki,2,0,0,0,0,0,5,0.2,0,0,1,3,0,0,1,3,3,40.50,14.13,8.80,4.50,9,349,234,26.37,0.0%,20.0%,60.0%,-40.0%,<a href=https://npb.jp/bis/eng/teams/index_e.html>Rakuten</a>,EL
Seimiya Kotaro,39,2,2,22,0,0,168,36.0,31,4,39,24,0,3,5,17,16,4.00,5.16,3.91,1.53,87,127,104,-1.16,2.4%,23.2%,14.3%,8.9%,<a href=https://npb.jp/bis/eng/teams/index_e.html>Rakuten</a>,EL
Shiomi Takahiro,16,8,2,0,0,0,376,92.2,90,7,64,16,0,3,0,33,31,3.01,3.84,3.52,1.14,116,95,94,-0.83,1.9%,17.0%,4.3%,12.7%,<a href=https://npb.jp/bis/eng/teams/index_e.html>Rakuten</a>,EL
Shoji Kosei,3,2,1,0,0,0,76,19.0,16,1,14,6,0,0,3,7,7,3.32,3.79,3.75,1.16,105,94,100,-0.47,1.3%,18.4%,7.9%,10.5%,<a href=https://npb.jp/bis/eng/teams/index_e.html>Rakuten</a>,EL
Sung Chia-Hao,9,0,1,0,0,0,37,9.0,8,0,8,0,0,0,0,4,4,4.00,1.85,2.64,0.89,87,46,70,2.15,0.0%,21.6%,0.0%,21.6%,<a href=https://npb.jp/bis/eng/teams/index_e.html>Rakuten</a>,EL
Suzuki Sora,4,0,0,0,0,0,15,4.0,4,0,5,0,0,0,1,0,0,0.00,1.13,1.47,1.00,999,28,39,-1.13,0.0%,33.3%,0.0%,33.3%,<a href=https://npb.jp/bis/eng/teams/index_e.html>Rakuten</a>,EL
Takada Koichi,15,1,0,1,0,0,96,21.0,26,2,20,9,0,0,0,11,8,3.43,4.25,3.65,1.67,102,105,97,-0.82,2.1%,20.8%,9.4%,11.4%,<a href=https://npb.jp/bis/eng/teams/index_e.html>Rakuten</a>,EL
Takata Hosei,28,2,3,0,0,0,120,23.0,35,2,22,21,0,0,3,24,22,8.61,5.59,4.72,2.43,41,138,126,3.02,1.7%,18.3%,17.5%,0.8%,<a href=https://npb.jp/bis/eng/teams/index_e.html>Rakuten</a>,EL
Takeshita Akihiro,15,1,2,1,0,0,121,27.1,27,1,18,14,0,2,1,20,20,6.59,4.54,4.47,1.50,53,112,119,2.05,0.8%,14.9%,11.6%,3.3%,<a href=https://npb.jp/bis/eng/teams/index_e.html>Rakuten</a>,EL
Takinaka Ryota,14,7,5,0,0,0,362,87.0,89,11,41,15,0,2,1,46,42,4.34,4.92,4.08,1.20,80,121,109,-0.58,3.0%,11.3%,4.1%,7.2%,<a href=https://npb.jp/bis/eng/teams/index_e.html>Rakuten</a>,EL
Tsurusaki Taisei,22,1,1,1,0,0,102,21.1,22,1,14,17,0,0,1,6,4,1.69,5.32,5.09,1.83,206,131,135,-3.63,1.0%,13.7%,16.7%,-3.0%,<a href=https://npb.jp/bis/eng/teams/index_e.html>Rakuten</a>,EL
Uchima Takuma,17,3,0,0,0,0,238,53.1,52,5,33,30,0,3,2,24,23,3.88,5.47,4.67,1.54,90,135,124,-1.59,2.1%,13.9%,12.6%,1.3%,<a href=https://npb.jp/bis/eng/teams/index_e.html>Rakuten</a>,EL
Wang Yan-Cheng,11,3,1,0,1,0,169,41.1,41,1,24,16,0,0,1,19,17,3.70,3.94,4.33,1.38,94,97,115,-0.24,0.6%,14.2%,9.5%,4.7%,<a href=https://npb.jp/bis/eng/teams/index_e.html>Rakuten</a>,EL
Watanabe Shota,6,0,0,0,0,0,22,6.0,4,0,5,2,0,0,0,1,1,1.50,2.96,3.44,1.00,233,73,91,-1.46,0.0%,22.7%,9.1%,13.6%,<a href=https://npb.jp/bis/eng/teams/index_e.html>Rakuten</a>,EL
Yoshikawa Kazuki,40,4,1,2,0,0,235,53.1,61,4,38,15,0,5,3,29,26,4.39,4.30,3.82,1.43,79,106,102,0.09,1.7%,16.2%,6.4%,9.8%,<a href=https://npb.jp/bis/eng/teams/index_e.html>Rakuten</a>,EL
Yuge Hayato,33,3,2,1,0,0,103,26.0,20,0,23,6,1,2,1,5,5,1.73,2.78,3.15,1.00,202,69,84,-1.05,0.0%,22.3%,5.8%,16.5%,<a href=https://npb.jp/bis/eng/teams/index_e.html>Rakuten</a>,EL
Akagami Yuto,1,0,0,0,0,0,7,1.1,3,0,1,1,0,0,0,0,0,0.00,4.38,4.80,3.00,999,101,128,-4.38,0.0%,14.3%,14.3%,0.0%,<a href=https://npb.jp/bis/eng/teams/index_l.html>Seibu</a>,EL
Awatsu Kaito,30,2,3,1,0,0,223,55.1,43,5,37,20,0,2,3,12,12,1.95,4.66,4.04,1.14,191,108,107,-2.71,2.2%,16.6%,9.0%,7.6%,<a href=https://npb.jp/bis/eng/teams/index_l.html>Seibu</a>,EL
Cho Yaku,5,0,1,2,0,0,20,5.0,3,0,5,2,0,0,1,2,2,3.60,2.83,3.30,1.00,103,66,88,0.77,0.0%,25.0%,10.0%,15.0%,<a href=https://npb.jp/bis/eng/teams/index_l.html>Seibu</a>,EL
Enns Dietrich,11,6,0,0,0,0,263,66.1,54,3,69,16,0,3,0,18,17,2.31,3.00,2.78,1.06,161,69,74,-0.69,1.1%,26.2%,6.1%,20.1%,<a href=https://npb.jp/bis/eng/teams/index_l.html>Seibu</a>,EL
Hada Shinnosuke,8,1,2,0,0,0,119,29.1,16,2,28,15,0,2,3,15,7,2.15,4.34,3.71,1.06,173,100,99,-2.19,1.7%,23.5%,12.6%,10.9%,<a href=https://npb.jp/bis/eng/teams/index_l.html>Seibu</a>,EL
Hamaya Shota,17,7,6,0,0,0,425,98.0,105,8,60,42,0,12,3,57,51,4.68,5.12,4.38,1.50,79,119,116,-0.44,1.9%,14.1%,9.9%,4.2%,<a href=https://npb.jp/bis/eng/teams/index_l.html>Seibu</a>,EL
Herrera Jasier,9,2,4,0,0,0,210,52.0,42,4,30,18,0,4,3,23,19,3.29,4.74,4.23,1.15,113,110,113,-1.45,1.9%,14.3%,8.6%,5.7%,<a href=https://npb.jp/bis/eng/teams/index_l.html>Seibu</a>,EL
Honda Keisuke,6,1,0,0,0,0,46,11.0,11,3,3,3,0,0,0,7,7,5.73,7.45,4.80,1.27,65,172,128,-1.72,6.5%,6.5%,6.5%,0.0%,<a href=https://npb.jp/bis/eng/teams/index_l.html>Seibu</a>,EL
Idei Toshihiro,20,3,2,1,0,0,165,35.0,44,2,27,19,0,0,0,23,15,3.86,4.46,4.32,1.80,96,103,115,-0.60,1.2%,16.4%,11.5%,4.9%,<a href=https://npb.jp/bis/eng/teams/index_l.html>Seibu</a>,EL
Imai Tatsuya,5,2,1,0,0,0,106,25.0,20,3,31,11,0,1,3,10,9,3.24,4.15,2.91,1.24,115,96,77,-0.91,2.8%,29.2%,10.4%,18.8%,<a href=https://npb.jp/bis/eng/teams/index_l.html>Seibu</a>,EL
Inoue Hiroki,24,1,1,0,0,0,117,25.1,26,3,15,18,0,1,2,14,13,4.62,6.23,5.06,1.74,80,144,135,-1.61,2.6%,12.8%,15.4%,-2.6%,<a href=https://npb.jp/bis/eng/teams/index_l.html>Seibu</a>,EL
Itoh Sho,30,2,0,0,0,0,171,38.1,36,0,23,27,0,1,2,16,16,3.76,4.62,5.03,1.64,99,107,134,-0.86,0.0%,13.5%,15.8%,-2.3%,<a href=https://npb.jp/bis/eng/teams/index_l.html>Seibu</a>,EL
Kriske Brooks,4,0,0,0,0,0,14,3.1,2,0,4,2,0,0,0,2,2,5.40,3.03,3.37,1.20,69,70,90,2.37,0.0%,28.6%,14.3%,14.3%,<a href=https://npb.jp/bis/eng/teams/index_l.html>Seibu</a>,EL
Kumon Katsuhiko,23,3,1,3,0,0,109,24.2,24,0,23,10,0,2,0,6,5,1.82,3.22,3.61,1.38,204,75,96,-1.40,0.0%,21.1%,9.2%,11.9%,<a href=https://npb.jp/bis/eng/teams/index_l.html>Seibu</a>,EL
Kuroda Masaya,13,3,3,0,0,0,233,52.2,48,5,44,30,0,3,3,34,23,3.93,5.07,4.20,1.48,95,117,112,-1.14,2.1%,18.9%,12.9%,6.0%,<a href=https://npb.jp/bis/eng/teams/index_l.html>Seibu</a>,EL
Mameda Taishi,26,1,0,1,0,0,121,29.2,20,2,38,14,0,0,3,9,8,2.43,3.36,2.82,1.15,153,78,75,-0.93,1.7%,31.4%,11.6%,19.8%,<a href=https://npb.jp/bis/eng/teams/index_l.html>Seibu</a>,EL
Masuda Tatsushi,8,0,0,2,0,0,30,8.0,2,0,4,2,0,0,0,0,0,0.00,3.38,4.13,0.50,999,78,110,-3.38,0.0%,13.3%,6.7%,6.6%,<a href=https://npb.jp/bis/eng/teams/index_l.html>Seibu</a>,EL
Matsumoto Wataru,4,1,0,1,1,0,89,24.0,18,1,17,6,0,0,1,4,2,0.75,3.50,3.56,1.00,496,81,95,-2.75,1.1%,19.1%,6.7%,12.4%,<a href=https://npb.jp/bis/eng/teams/index_l.html>Seibu</a>,EL
Miura Daiki,13,1,1,0,0,0,81,16.1,20,1,13,12,0,2,1,11,11,6.06,5.40,4.68,1.96,61,125,124,0.66,1.2%,16.0%,14.8%,1.2%,<a href=https://npb.jp/bis/eng/teams/index_l.html>Seibu</a>,EL
Miyagawa Tetsu,20,6,2,0,0,0,415,103.0,75,9,81,39,0,2,3,36,28,2.45,4.39,3.79,1.11,152,102,101,-1.94,2.2%,19.5%,9.4%,10.1%,<a href=https://npb.jp/bis/eng/teams/index_l.html>Seibu</a>,EL
Mizukami Yoshinobu,13,1,2,1,0,0,59,12.1,13,4,8,7,0,1,0,13,13,9.49,8.49,4.63,1.62,39,197,123,1.00,6.8%,13.6%,11.9%,1.7%,<a href=https://npb.jp/bis/eng/teams/index_l.html>Seibu</a>,EL
Omagari Ren,31,4,4,2,0,0,144,33.2,22,1,31,19,0,1,2,16,12,3.21,3.96,3.97,1.22,116,92,106,-0.75,0.7%,21.5%,13.2%,8.3%,<a href=https://npb.jp/bis/eng/teams/index_l.html>Seibu</a>,EL
Saito Hiromasa,40,3,4,0,0,0,185,43.1,37,3,42,14,0,2,2,24,13,2.70,3.70,3.29,1.18,138,86,88,-1.00,1.6%,22.7%,7.6%,15.1%,<a href=https://npb.jp/bis/eng/teams/index_l.html>Seibu</a>,EL
Sasaki Takeru,11,1,0,0,0,0,45,12.0,7,0,9,5,0,0,0,1,0,0.00,3.38,3.91,1.00,999,78,104,-3.38,0.0%,20.0%,11.1%,8.9%,<a href=https://npb.jp/bis/eng/teams/index_l.html>Seibu</a>,EL
Sato Shunsuke,7,0,1,1,0,0,28,7.0,4,1,11,3,0,0,0,2,2,2.57,3.63,1.94,1.00,145,84,52,-1.06,3.6%,39.3%,10.7%,28.6%,<a href=https://npb.jp/bis/eng/teams/index_l.html>Seibu</a>,EL
Sugai Shinya,15,4,2,0,0,0,294,66.1,71,3,54,29,0,6,2,31,23,3.12,4.17,3.95,1.51,119,97,105,-1.05,1.0%,18.4%,9.9%,8.5%,<a href=https://npb.jp/bis/eng/teams/index_l.html>Seibu</a>,EL
Sumida Chihiro,2,1,0,0,1,0,46,12.0,7,1,10,2,0,1,0,3,3,2.25,3.80,3.06,0.75,165,88,81,-1.55,2.2%,21.7%,4.3%,17.4%,<a href=https://npb.jp/bis/eng/teams/index_l.html>Seibu</a>,EL
Takahashi Bo,14,1,0,3,0,0,59,14.0,12,1,8,5,0,1,0,3,3,1.93,4.70,4.29,1.21,193,109,114,-2.77,1.7%,13.6%,8.5%,5.1%,<a href=https://npb.jp/bis/eng/teams/index_l.html>Seibu</a>,EL
Tamura Ichiro,33,3,1,15,0,0,132,35.2,20,3,40,4,1,0,0,7,5,1.26,2.82,2.07,0.67,295,65,55,-1.56,2.3%,30.3%,3.0%,27.3%,<a href=https://npb.jp/bis/eng/teams/index_l.html>Seibu</a>,EL
Tinoco Jesus,14,0,0,1,0,0,57,15.0,10,1,14,2,0,0,1,7,7,4.20,3.03,2.69,0.80,89,70,72,1.17,1.8%,24.6%,3.5%,21.1%,<a href=https://npb.jp/bis/eng/teams/index_l.html>Seibu</a>,EL
Uema Towa,3,1,2,0,0,0,66,12.2,21,3,6,12,0,1,3,14,14,9.95,8.84,5.71,2.61,37,205,152,1.11,4.5%,9.1%,18.2%,-9.1%,<a href=https://npb.jp/bis/eng/teams/index_l.html>Seibu</a>,EL
Watanabe Yutaro,14,5,4,0,0,0,338,76.0,83,7,66,36,0,1,0,38,32,3.79,4.55,3.91,1.57,98,105,104,-0.76,2.1%,19.5%,10.7%,8.8%,<a href=https://npb.jp/bis/eng/teams/index_l.html>Seibu</a>,EL
Yamada Haruto,3,0,0,0,0,0,38,7.2,6,1,3,10,0,1,0,5,5,5.87,8.85,6.64,2.09,63,205,177,-2.98,2.6%,7.9%,26.3%,-18.4%,<a href=https://npb.jp/bis/eng/teams/index_l.html>Seibu</a>,EL
Yoza Kaito,10,5,2,0,1,0,235,57.0,57,9,32,9,0,3,0,21,20,3.16,5.19,3.82,1.16,118,120,102,-2.03,3.8%,13.6%,3.8%,9.8%,<a href=https://npb.jp/bis/eng/teams/index_l.html>Seibu</a>,EL
Anzai Kanato,3,0,0,0,0,0,13,3.0,2,0,1,2,0,0,1,1,1,3.00,4.96,5.57,1.33,119,119,148,-1.96,0.0%,7.7%,15.4%,-7.7%,<a href=https://npb.jp/bis/eng/teams/index_f.html>Nipponham</a>,EL
Fukuda Suguru,12,0,0,0,0,0,56,14.2,6,1,17,5,0,0,0,3,2,1.23,3.22,2.66,0.75,291,78,71,-1.99,1.8%,30.4%,8.9%,21.5%,<a href=https://npb.jp/bis/eng/teams/index_f.html>Nipponham</a>,EL
Fukushima Ren,17,4,2,0,0,0,206,51.2,36,1,51,23,0,1,2,19,16,2.79,3.30,3.44,1.14,128,79,91,-0.51,0.5%,24.8%,11.2%,13.6%,<a href=https://npb.jp/bis/eng/teams/index_f.html>Nipponham</a>,EL
Gant John,3,0,2,0,0,0,49,9.2,9,1,11,15,0,0,1,9,7,6.52,7.35,5.62,2.48,55,177,149,-0.83,2.0%,22.4%,30.6%,-8.2%,<a href=https://npb.jp/bis/eng/teams/index_f.html>Nipponham</a>,EL
Hasegawa Takehiro,34,8,0,0,0,0,178,42.0,30,0,43,21,1,4,2,16,14,3.00,3.37,3.56,1.21,119,81,95,-0.37,0.0%,24.2%,11.8%,12.4%,<a href=https://npb.jp/bis/eng/teams/index_f.html>Nipponham</a>,EL
Himeno Yuya,17,2,3,1,0,0,109,22.2,20,1,24,20,0,1,3,20,10,3.97,4.86,4.43,1.76,90,117,118,-0.89,0.9%,22.0%,18.3%,3.7%,<a href=https://npb.jp/bis/eng/teams/index_f.html>Nipponham</a>,EL
Hori Mizuki,18,0,0,0,0,0,81,18.2,18,1,27,6,0,1,1,10,10,4.82,2.56,2.21,1.29,74,62,59,2.26,1.2%,33.3%,7.4%,25.9%,<a href=https://npb.jp/bis/eng/teams/index_f.html>Nipponham</a>,EL
Iguchi Kazutomo,38,4,3,2,0,0,188,41.1,50,6,30,11,1,1,2,22,19,4.14,4.94,3.79,1.48,86,119,101,-0.80,3.2%,16.0%,5.9%,10.1%,<a href=https://npb.jp/bis/eng/teams/index_f.html>Nipponham</a>,EL
Ikeda Takahide,2,0,0,0,0,0,11,3.0,0,0,4,2,0,0,0,0,0,0.00,2.96,2.98,0.67,999,71,79,-2.96,0.0%,36.4%,18.2%,18.2%,<a href=https://npb.jp/bis/eng/teams/index_f.html>Nipponham</a>,EL
Ishikawa Naoya,15,0,0,0,0,0,61,15.0,11,0,12,6,1,0,0,5,5,3.00,3.23,3.82,1.13,119,78,102,-0.23,0.0%,19.7%,9.8%,9.9%,<a href=https://npb.jp/bis/eng/teams/index_f.html>Nipponham</a>,EL
Itoh Hiromi,1,0,0,0,0,0,14,4.0,1,0,6,1,0,0,0,0,0,0.00,1.38,1.23,0.50,999,33,33,-1.38,0.0%,42.9%,7.1%,35.8%,<a href=https://npb.jp/bis/eng/teams/index_f.html>Nipponham</a>,EL
Kakigi Ren,33,4,1,3,0,0,174,40.2,37,2,21,12,0,6,1,11,10,2.21,4.56,4.28,1.20,162,110,114,-2.35,1.1%,12.1%,6.9%,5.2%,<a href=https://npb.jp/bis/eng/teams/index_f.html>Nipponham</a>,EL
Kanemura Shoma,7,2,0,0,0,0,122,30.0,30,5,32,5,0,1,0,11,10,3.00,4.26,2.59,1.17,119,103,69,-1.26,4.1%,26.2%,4.1%,22.1%,<a href=https://npb.jp/bis/eng/teams/index_f.html>Nipponham</a>,EL
Kawano Ryusei,7,0,0,3,0,0,36,10.0,4,0,13,2,0,0,0,1,1,0.90,1.63,1.74,0.60,397,39,46,-0.73,0.0%,36.1%,5.6%,30.5%,<a href=https://npb.jp/bis/eng/teams/index_f.html>Nipponham</a>,EL
Kitaura Ryuji,12,0,0,1,0,0,56,14.0,12,0,15,4,0,2,1,2,2,1.29,2.77,2.84,1.14,277,67,76,-1.48,0.0%,26.8%,7.1%,19.7%,<a href=https://npb.jp/bis/eng/teams/index_f.html>Nipponham</a>,EL
Kitayama Koki,9,1,3,0,0,0,120,27.0,27,2,31,15,0,0,5,17,13,4.33,3.96,3.47,1.56,83,95,92,0.37,1.7%,25.8%,12.5%,13.3%,<a href=https://npb.jp/bis/eng/teams/index_f.html>Nipponham</a>,EL
Kuroyanagi Kyosuke,17,0,2,0,0,0,117,24.0,20,4,17,23,0,3,2,19,19,7.13,7.63,5.31,1.79,50,184,141,-0.50,3.4%,14.5%,19.7%,-5.2%,<a href=https://npb.jp/bis/eng/teams/index_f.html>Nipponham</a>,EL
Marvel James,6,0,1,0,0,0,78,17.1,21,1,10,4,0,3,2,13,12,6.23,4.44,4.03,1.44,57,107,107,1.79,1.3%,12.8%,5.1%,7.7%,<a href=https://npb.jp/bis/eng/teams/index_f.html>Nipponham</a>,EL
Matsumoto Ryodai,25,5,2,1,0,0,198,47.0,51,2,49,12,0,1,4,23,20,3.83,2.93,2.93,1.34,93,71,78,0.90,1.0%,24.7%,6.1%,18.6%,<a href=https://npb.jp/bis/eng/teams/index_f.html>Nipponham</a>,EL
Matsuoka Koki,23,2,6,0,0,0,384,86.0,89,5,64,36,0,10,5,50,46,4.81,4.50,4.07,1.45,74,108,108,0.31,1.3%,16.7%,9.4%,7.3%,<a href=https://npb.jp/bis/eng/teams/index_f.html>Nipponham</a>,EL
Matsuura Keito,6,0,0,0,0,0,30,5.1,8,1,5,1,0,4,1,5,5,8.44,7.00,3.47,1.69,42,168,92,1.44,3.3%,16.7%,3.3%,13.4%,<a href=https://npb.jp/bis/eng/teams/index_f.html>Nipponham</a>,EL
Menez Conner,3,0,2,0,0,0,50,7.1,20,4,6,5,0,1,3,23,21,25.77,11.54,4.60,3.41,14,278,122,14.23,8.0%,12.0%,10.0%,2.0%,<a href=https://npb.jp/bis/eng/teams/index_f.html>Nipponham</a>,EL
Miyanishi Naoki,7,0,0,0,0,0,32,6.2,10,1,4,2,0,0,0,5,4,5.40,5.28,4.18,1.80,66,127,111,0.12,3.1%,12.5%,6.2%,6.3%,<a href=https://npb.jp/bis/eng/teams/index_f.html>Nipponham</a>,EL
Miyauchi Haruki,26,2,2,3,0,0,157,36.1,34,1,41,11,0,3,1,16,10,2.48,2.89,2.89,1.24,144,70,77,-0.41,0.6%,26.1%,7.0%,19.1%,<a href=https://npb.jp/bis/eng/teams/index_f.html>Nipponham</a>,EL
Nabatame Tsubasa,13,1,0,1,0,0,117,28.2,21,1,27,7,0,3,0,5,3,0.94,3.25,3.09,0.98,381,78,82,-2.31,0.9%,23.1%,6.0%,17.1%,<a href=https://npb.jp/bis/eng/teams/index_f.html>Nipponham</a>,EL
Nakayama Terukazu,13,0,1,1,0,0,67,14.2,18,2,10,5,0,0,2,7,6,3.68,5.06,4.05,1.57,97,122,108,-1.38,3.0%,14.9%,7.5%,7.4%,<a href=https://npb.jp/bis/eng/teams/index_f.html>Nipponham</a>,EL
Nemoto Haruka,16,3,3,0,0,0,270,66.2,52,5,53,20,0,5,0,26,23,3.11,4.14,3.58,1.08,115,100,95,-1.03,1.9%,19.6%,7.4%,12.2%,<a href=https://npb.jp/bis/eng/teams/index_f.html>Nipponham</a>,EL
Ponce Cody,4,1,3,0,0,0,67,16.2,17,3,9,0,0,0,1,10,10,5.40,4.89,3.46,1.02,66,118,92,0.51,4.5%,13.4%,0.0%,13.4%,<a href=https://npb.jp/bis/eng/teams/index_f.html>Nipponham</a>,EL
Rodriguez Bryan,7,0,1,0,0,0,36,8.1,11,1,7,2,0,0,0,8,8,8.64,4.23,3.41,1.56,41,102,91,4.41,2.8%,19.4%,5.6%,13.8%,<a href=https://npb.jp/bis/eng/teams/index_f.html>Nipponham</a>,EL
Saitoh Koki,15,0,0,1,0,0,83,19.0,21,0,19,3,0,0,3,7,6,2.84,2.10,2.87,1.26,126,51,76,0.74,0.0%,22.9%,3.6%,19.3%,<a href=https://npb.jp/bis/eng/teams/index_f.html>Nipponham</a>,EL
Saitoh Shinji,43,3,5,2,0,0,242,54.1,45,3,48,28,2,6,2,21,17,2.82,4.46,3.97,1.34,127,107,106,-1.64,1.2%,19.8%,11.6%,8.2%,<a href=https://npb.jp/bis/eng/teams/index_f.html>Nipponham</a>,EL
Sugiura Toshihiro,15,0,0,1,0,0,67,17.0,13,1,14,4,1,0,2,4,4,2.12,3.45,3.31,1.00,169,83,88,-1.33,1.5%,20.9%,6.0%,14.9%,<a href=https://npb.jp/bis/eng/teams/index_f.html>Nipponham</a>,EL
Suzuki Kenya,5,0,0,0,0,0,52,12.0,11,1,10,3,0,1,0,6,5,3.75,4.05,3.45,1.17,95,97,92,-0.30,1.9%,19.2%,5.8%,13.4%,<a href=https://npb.jp/bis/eng/teams/index_f.html>Nipponham</a>,EL
Tanaka Eito,14,0,4,0,0,0,225,51.1,51,5,35,18,0,4,1,21,19,3.33,4.82,4.04,1.34,107,116,107,-1.49,2.2%,15.6%,8.0%,7.6%,<a href=https://npb.jp/bis/eng/teams/index_f.html>Nipponham</a>,EL
Tateno Kazuaki,31,4,4,2,0,0,255,60.2,55,1,55,22,0,1,4,26,18,2.67,3.17,3.51,1.27,134,76,93,-0.50,0.4%,21.6%,8.6%,13.0%,<a href=https://npb.jp/bis/eng/teams/index_f.html>Nipponham</a>,EL
Tatsu Kota,14,2,5,0,0,0,195,43.2,42,8,42,25,0,0,1,30,25,5.15,5.80,3.93,1.53,69,140,105,-0.65,4.1%,21.5%,12.8%,8.7%,<a href=https://npb.jp/bis/eng/teams/index_f.html>Nipponham</a>,EL
Uehara Kenta,5,1,3,0,0,0,91,23.0,17,3,26,7,0,0,1,11,10,3.91,3.98,2.71,1.04,91,96,72,-0.07,3.3%,28.6%,7.7%,20.9%,<a href=https://npb.jp/bis/eng/teams/index_f.html>Nipponham</a>,EL
Yamamoto Kodai,34,1,3,1,0,0,247,57.1,58,10,46,20,0,3,0,39,36,5.65,5.50,3.75,1.36,63,132,100,0.15,4.0%,18.6%,8.1%,10.5%,<a href=https://npb.jp/bis/eng/teams/index_f.html>Nipponham</a>,EL
Yamamoto Takumi,1,0,0,0,0,0,5,1.0,1,0,2,1,0,0,0,0,0,0.00,2.63,2.80,2.00,999,63,74,-2.63,0.0%,40.0%,20.0%,20.0%,<a href=https://npb.jp/bis/eng/teams/index_f.html>Nipponham</a>,EL
Yanagawa Taisei,13,1,0,1,0,0,60,15.2,11,1,20,3,0,0,0,3,3,1.72,2.48,1.97,0.89,208,60,52,-0.76,1.7%,33.3%,5.0%,28.3%,<a href=https://npb.jp/bis/eng/teams/index_f.html>Nipponham</a>,EL
Yazawa Kota,5,1,1,0,0,0,28,6.0,2,1,5,8,0,2,0,5,5,7.50,9.13,5.87,1.67,48,220,156,-1.63,3.6%,17.9%,28.6%,-10.7%,<a href=https://npb.jp/bis/eng/teams/index_f.html>Nipponham</a>,EL
Yoshida Kosei,40,2,5,4,0,0,274,60.0,71,8,46,24,0,0,2,37,32,4.80,5.03,4.00,1.58,75,121,106,-0.23,2.9%,16.8%,8.8%,8.0%,<a href=https://npb.jp/bis/eng/teams/index_f.html>Nipponham</a>,EL
