Player,G,PA,AB,R,H,2B,3B,HR,TB,RBI,SB,CS,SH,SF,SO,BB,IBB,HP,GDP,AVG,OBP,SLG,OPS,OPS+,ISO,BABIP,TTO%,K%,BB%,BB/K,Team,League
Endo Jo,112,331,296,42,80,10,6,2,108,37,10,7,9,1,68,21,0,4,3,0.270,0.326,0.365,0.691,100,0.095,0.344,27.5%,20.5%,6.3%,0.31,<a href=https://npb.jp/bis/eng/teams/index_t.html>Hanshin</a>,WL
Fujita Kento,50,98,85,16,18,0,0,1,21,10,0,2,3,1,19,7,0,2,2,0.212,0.284,0.247,0.531,56,0.035,0.258,27.6%,19.4%,7.1%,0.37,<a href=https://npb.jp/bis/eng/teams/index_t.html>Hanshin</a>,WL
Haraguchi Fumihito,13,49,44,4,16,1,0,2,23,6,0,0,0,0,6,4,0,1,2,0.364,0.429,0.523,0.952,175,0.159,0.389,24.5%,12.2%,8.2%,0.67,<a href=https://npb.jp/bis/eng/teams/index_t.html>Hanshin</a>,WL
Hojoh Fumiya,78,242,214,19,50,10,1,2,68,19,0,0,1,3,37,24,0,0,1,0.234,0.307,0.318,0.625,82,0.084,0.270,26.0%,15.3%,9.9%,0.65,<a href=https://npb.jp/bis/eng/teams/index_t.html>Hanshin</a>,WL
Inoue Kouta,94,376,337,38,79,24,0,11,136,48,0,2,0,4,108,27,0,8,9,0.234,0.303,0.404,0.707,104,0.170,0.306,38.8%,28.7%,7.2%,0.25,<a href=https://npb.jp/bis/eng/teams/index_t.html>Hanshin</a>,WL
Itayama Yutaro,72,216,193,21,44,7,1,2,59,15,0,0,1,2,40,20,1,0,2,0.228,0.298,0.306,0.604,76,0.078,0.275,28.7%,18.5%,9.3%,0.50,<a href=https://npb.jp/bis/eng/teams/index_t.html>Hanshin</a>,WL
Itoh Masashi,2,1,1,0,0,0,0,0,0,0,0,0,0,0,1,0,0,0,0,0.000,0.000,0.000,0.000,-99,0.000,,100.0%,100.0%,0.0%,0.00,<a href=https://npb.jp/bis/eng/teams/index_t.html>Hanshin</a>,WL
Itohara Kento,7,29,24,3,7,1,0,0,8,2,0,0,0,0,3,5,0,0,0,0.292,0.414,0.333,0.747,119,0.041,0.333,27.6%,10.3%,17.2%,1.67,<a href=https://npb.jp/bis/eng/teams/index_t.html>Hanshin</a>,WL
Itsubo Hinase,93,242,226,33,56,16,0,3,81,34,4,5,0,1,43,11,0,4,9,0.248,0.293,0.358,0.651,89,0.110,0.293,23.6%,17.8%,4.5%,0.26,<a href=https://npb.jp/bis/eng/teams/index_t.html>Hanshin</a>,WL
Katayama Yuya,79,188,163,17,47,9,2,0,60,15,1,1,3,0,21,22,0,0,1,0.288,0.373,0.368,0.741,116,0.080,0.331,22.9%,11.2%,11.7%,1.05,<a href=https://npb.jp/bis/eng/teams/index_t.html>Hanshin</a>,WL
Kumagai Takahiro,41,98,84,22,16,1,0,0,17,5,3,1,3,1,20,9,0,1,1,0.190,0.274,0.202,0.476,40,0.012,0.246,29.6%,20.4%,9.2%,0.45,<a href=https://npb.jp/bis/eng/teams/index_t.html>Hanshin</a>,WL
Maegawa Ukyo,39,138,125,11,40,2,0,2,48,17,0,0,0,0,20,11,0,2,0,0.320,0.384,0.384,0.768,124,0.064,0.369,23.9%,14.5%,8.0%,0.55,<a href=https://npb.jp/bis/eng/teams/index_t.html>Hanshin</a>,WL
Mieses Johan,16,51,44,6,14,2,0,2,22,7,0,0,0,0,8,7,0,0,2,0.318,0.412,0.500,0.912,164,0.182,0.353,33.3%,15.7%,13.7%,0.88,<a href=https://npb.jp/bis/eng/teams/index_t.html>Hanshin</a>,WL
Morishita Shota,27,115,99,16,36,11,1,3,58,20,1,0,0,2,15,11,0,3,5,0.364,0.435,0.586,1.021,194,0.222,0.398,25.2%,13.0%,9.6%,0.73,<a href=https://npb.jp/bis/eng/teams/index_t.html>Hanshin</a>,WL
Nagasaka Kenya,27,68,58,9,10,0,0,0,10,2,0,0,3,0,17,5,0,2,2,0.172,0.262,0.172,0.434,29,0.000,0.244,32.4%,25.0%,7.4%,0.29,<a href=https://npb.jp/bis/eng/teams/index_t.html>Hanshin</a>,WL
Nakagawa Hayato,57,150,132,16,35,8,2,3,56,18,0,0,6,1,31,11,0,0,4,0.265,0.319,0.424,0.743,114,0.159,0.323,30.0%,20.7%,7.3%,0.35,<a href=https://npb.jp/bis/eng/teams/index_t.html>Hanshin</a>,WL
Nakano Takumu,1,4,4,0,1,1,0,0,2,0,0,0,0,0,0,0,0,0,0,0.250,0.250,0.500,0.750,114,0.250,0.250,0.0%,0.0%,0.0%,,<a href=https://npb.jp/bis/eng/teams/index_t.html>Hanshin</a>,WL
Nishi Junya,13,2,2,0,0,0,0,0,0,0,0,0,0,0,0,0,0,0,0,0.000,0.000,0.000,0.000,-99,0.000,0.000,0.0%,0.0%,0.0%,,<a href=https://npb.jp/bis/eng/teams/index_t.html>Hanshin</a>,WL
Noguchi Kyosuke,67,214,198,22,60,8,0,6,86,18,0,2,0,1,32,11,0,4,8,0.303,0.350,0.434,0.784,127,0.131,0.335,22.9%,15.0%,5.1%,0.34,<a href=https://npb.jp/bis/eng/teams/index_t.html>Hanshin</a>,WL
Obata Ryuhei,5,24,20,3,3,0,0,0,3,2,1,0,0,1,3,2,0,1,0,0.150,0.250,0.150,0.400,19,0.000,0.167,20.8%,12.5%,8.3%,0.67,<a href=https://npb.jp/bis/eng/teams/index_t.html>Hanshin</a>,WL
Ohtake Koutaro,2,1,1,0,0,0,0,0,0,0,0,0,0,0,0,0,0,0,0,0.000,0.000,0.000,0.000,-99,0.000,0.000,0.0%,0.0%,0.0%,,<a href=https://npb.jp/bis/eng/teams/index_t.html>Hanshin</a>,WL
Onodera Dan,38,166,141,21,43,7,1,3,61,22,3,0,1,2,17,22,0,0,6,0.305,0.394,0.433,0.827,140,0.128,0.325,25.3%,10.2%,13.3%,1.29,<a href=https://npb.jp/bis/eng/teams/index_t.html>Hanshin</a>,WL
Sakaeda Yuki,63,151,129,16,31,6,0,2,43,20,7,0,3,2,25,17,1,0,2,0.240,0.324,0.333,0.657,92,0.093,0.279,29.1%,16.6%,11.3%,0.68,<a href=https://npb.jp/bis/eng/teams/index_t.html>Hanshin</a>,WL
Sato Teruaki,5,22,20,7,9,2,2,1,18,4,0,0,0,0,2,2,0,0,0,0.450,0.500,0.900,1.400,300,0.450,0.471,22.7%,9.1%,9.1%,1.00,<a href=https://npb.jp/bis/eng/teams/index_t.html>Hanshin</a>,WL
Shimada Kairi,6,25,18,3,3,0,0,0,3,1,0,0,1,0,4,6,0,0,0,0.167,0.375,0.167,0.542,62,0.000,0.214,40.0%,16.0%,24.0%,1.50,<a href=https://npb.jp/bis/eng/teams/index_t.html>Hanshin</a>,WL
Takahama Yuto,69,170,156,13,30,6,0,3,45,12,2,0,0,1,53,10,0,3,0,0.192,0.253,0.288,0.541,57,0.096,0.267,38.8%,31.2%,5.9%,0.19,<a href=https://npb.jp/bis/eng/teams/index_t.html>Hanshin</a>,WL
Takatera Nozomu,106,259,231,34,60,5,2,3,78,25,4,4,5,2,53,21,0,0,1,0.260,0.319,0.338,0.657,92,0.078,0.322,29.7%,20.5%,8.1%,0.40,<a href=https://npb.jp/bis/eng/teams/index_t.html>Hanshin</a>,WL
Takayama Shun,92,304,261,27,65,11,1,9,105,37,0,3,2,3,38,34,2,3,10,0.249,0.339,0.402,0.741,115,0.153,0.258,26.6%,12.5%,11.2%,0.89,<a href=https://npb.jp/bis/eng/teams/index_t.html>Hanshin</a>,WL
Toi Reiji,69,145,139,11,20,5,0,2,31,13,1,0,2,1,48,3,0,0,5,0.144,0.161,0.223,0.384,12,0.079,0.200,36.6%,33.1%,2.1%,0.06,<a href=https://npb.jp/bis/eng/teams/index_t.html>Hanshin</a>,WL
Toyoda Hiroshi,93,266,236,28,64,9,0,2,79,17,5,2,2,2,58,25,0,1,3,0.271,0.341,0.335,0.676,98,0.064,0.348,32.0%,21.8%,9.4%,0.43,<a href=https://npb.jp/bis/eng/teams/index_t.html>Hanshin</a>,WL
Ueda Kai,5,18,15,2,3,0,0,1,6,1,0,0,0,0,4,3,0,0,0,0.200,0.333,0.400,0.733,112,0.200,0.200,44.4%,22.2%,16.7%,0.75,<a href=https://npb.jp/bis/eng/teams/index_t.html>Hanshin</a>,WL
Watanabe Ryo,23,84,70,9,19,2,0,2,27,10,0,0,0,3,10,10,0,1,1,0.271,0.357,0.386,0.743,116,0.115,0.279,26.2%,11.9%,11.9%,1.00,<a href=https://npb.jp/bis/eng/teams/index_t.html>Hanshin</a>,WL
Yamamoto Yasuhiro,85,261,220,32,54,9,3,0,69,25,5,0,9,0,31,31,1,1,6,0.245,0.341,0.314,0.655,92,0.069,0.286,23.8%,11.9%,11.9%,1.00,<a href=https://npb.jp/bis/eng/teams/index_t.html>Hanshin</a>,WL
Akiyama Shogo,2,6,6,1,3,1,0,0,4,0,0,0,0,0,0,0,0,0,0,0.500,0.500,0.667,1.167,247,0.167,0.500,0.0%,0.0%,0.0%,,<a href=https://npb.jp/bis/eng/teams/index_c.html>Hiroshima</a>,WL
Anderson Drew,8,3,2,0,0,0,0,0,0,0,0,0,1,0,2,0,0,0,0,0.000,0.000,0.000,0.000,-103,0.000,,66.7%,66.7%,0.0%,0.00,<a href=https://npb.jp/bis/eng/teams/index_c.html>Hiroshima</a>,WL
Corniel Robert,12,7,7,0,1,1,0,0,2,1,0,0,0,0,4,0,0,0,0,0.143,0.143,0.286,0.429,24,0.143,0.333,57.1%,57.1%,0.0%,0.00,<a href=https://npb.jp/bis/eng/teams/index_c.html>Hiroshima</a>,WL
Davidson Matt,5,15,13,5,8,1,0,2,15,3,0,0,0,0,2,2,0,0,0,0.615,0.667,1.154,1.821,439,0.539,0.667,40.0%,13.3%,13.3%,1.00,<a href=https://npb.jp/bis/eng/teams/index_c.html>Hiroshima</a>,WL
Endoh Atsushi,13,8,8,0,0,0,0,0,0,0,0,0,0,0,5,0,0,0,0,0.000,0.000,0.000,0.000,-103,0.000,0.000,62.5%,62.5%,0.0%,0.00,<a href=https://npb.jp/bis/eng/teams/index_c.html>Hiroshima</a>,WL
Futamata Shoichi,107,405,366,39,94,21,2,5,134,36,1,2,4,4,89,22,0,9,8,0.257,0.312,0.366,0.678,101,0.109,0.322,28.6%,22.0%,5.4%,0.25,<a href=https://npb.jp/bis/eng/teams/index_c.html>Hiroshima</a>,WL
Hatsuki Ryutaro,25,96,91,13,25,1,0,0,26,7,10,3,0,0,20,5,0,0,0,0.275,0.313,0.286,0.599,78,0.011,0.352,26.0%,20.8%,5.2%,0.25,<a href=https://npb.jp/bis/eng/teams/index_c.html>Hiroshima</a>,WL
Hayashi Kota,87,343,308,30,73,13,4,10,124,41,3,1,0,5,75,26,2,4,7,0.237,0.300,0.403,0.703,108,0.166,0.276,32.4%,21.9%,7.6%,0.35,<a href=https://npb.jp/bis/eng/teams/index_c.html>Hiroshima</a>,WL
Ishihara Tomoki,54,163,136,14,32,3,0,3,44,19,1,0,3,1,17,22,0,1,6,0.235,0.344,0.324,0.668,100,0.089,0.248,25.8%,10.4%,13.5%,1.29,<a href=https://npb.jp/bis/eng/teams/index_c.html>Hiroshima</a>,WL
Isomura Yoshitaka,20,64,52,5,13,5,1,0,20,5,0,0,1,0,6,9,0,2,1,0.250,0.381,0.385,0.766,129,0.135,0.283,23.4%,9.4%,14.1%,1.50,<a href=https://npb.jp/bis/eng/teams/index_c.html>Hiroshima</a>,WL
Kawano Kei,19,1,1,0,0,0,0,0,0,0,0,0,0,0,1,0,0,0,0,0.000,0.000,0.000,0.000,-103,0.000,,100.0%,100.0%,0.0%,0.00,<a href=https://npb.jp/bis/eng/teams/index_c.html>Hiroshima</a>,WL
Kinoshita Motohide,69,134,129,8,27,6,2,0,37,14,0,1,0,0,19,5,0,0,1,0.209,0.239,0.287,0.526,56,0.078,0.245,17.9%,14.2%,3.7%,0.26,<a href=https://npb.jp/bis/eng/teams/index_c.html>Hiroshima</a>,WL
Kobayashi Tatsuto,16,10,8,0,1,0,0,0,1,1,0,0,1,0,3,1,0,0,0,0.125,0.222,0.125,0.347,4,0.000,0.200,40.0%,30.0%,10.0%,0.33,<a href=https://npb.jp/bis/eng/teams/index_c.html>Hiroshima</a>,WL
Kozono Kaito,40,170,151,29,39,4,4,3,60,14,1,2,1,1,11,16,0,1,3,0.258,0.331,0.397,0.728,116,0.139,0.261,17.6%,6.5%,9.4%,1.45,<a href=https://npb.jp/bis/eng/teams/index_c.html>Hiroshima</a>,WL
Kubo Shu,61,125,116,10,22,4,1,0,28,6,2,4,2,0,28,3,0,4,0,0.190,0.236,0.241,0.477,41,0.051,0.250,24.8%,22.4%,2.4%,0.11,<a href=https://npb.jp/bis/eng/teams/index_c.html>Hiroshima</a>,WL
Kuri Aren,1,1,1,0,0,0,0,0,0,0,0,0,0,0,1,0,0,0,0,0.000,0.000,0.000,0.000,-103,0.000,,100.0%,100.0%,0.0%,0.00,<a href=https://npb.jp/bis/eng/teams/index_c.html>Hiroshima</a>,WL
Kurohara Takumi,17,13,10,0,0,0,0,0,0,0,0,0,3,0,6,0,0,0,1,0.000,0.000,0.000,0.000,-103,0.000,0.000,46.2%,46.2%,0.0%,0.00,<a href=https://npb.jp/bis/eng/teams/index_c.html>Hiroshima</a>,WL
Maekawa Seita,56,140,124,5,23,6,0,1,32,6,3,2,5,1,20,10,0,0,4,0.185,0.244,0.258,0.502,48,0.073,0.212,22.1%,14.3%,7.1%,0.50,<a href=https://npb.jp/bis/eng/teams/index_c.html>Hiroshima</a>,WL
Masuda Takehisa,22,4,4,0,0,0,0,0,0,0,0,0,0,0,2,0,0,0,1,0.000,0.000,0.000,0.000,-103,0.000,0.000,50.0%,50.0%,0.0%,0.00,<a href=https://npb.jp/bis/eng/teams/index_c.html>Hiroshima</a>,WL
McBroom Ryan,23,80,71,4,18,5,0,0,23,6,0,0,0,2,11,7,0,0,1,0.254,0.313,0.324,0.637,90,0.070,0.290,22.5%,13.8%,8.8%,0.64,<a href=https://npb.jp/bis/eng/teams/index_c.html>Hiroshima</a>,WL
Miyoshi Takumi,59,32,29,3,3,2,0,1,8,3,0,0,0,0,8,3,0,0,0,0.103,0.188,0.276,0.464,36,0.173,0.100,37.5%,25.0%,9.4%,0.38,<a href=https://npb.jp/bis/eng/teams/index_c.html>Hiroshima</a>,WL
Mochimaru Taiki,57,145,129,8,23,1,0,3,33,14,0,0,2,1,44,10,0,3,3,0.178,0.252,0.256,0.508,51,0.078,0.241,39.3%,30.3%,6.9%,0.23,<a href=https://npb.jp/bis/eng/teams/index_c.html>Hiroshima</a>,WL
Mori Shohei,10,12,10,1,2,2,0,0,4,0,0,0,0,0,4,2,0,0,0,0.200,0.333,0.400,0.733,118,0.200,0.333,50.0%,33.3%,16.7%,0.50,<a href=https://npb.jp/bis/eng/teams/index_c.html>Hiroshima</a>,WL
Morishita Masato,5,3,2,0,0,0,0,0,0,0,0,0,1,0,0,0,0,0,0,0.000,0.000,0.000,0.000,-103,0.000,0.000,0.0%,0.0%,0.0%,,<a href=https://npb.jp/bis/eng/teams/index_c.html>Hiroshima</a>,WL
Nabara Norihiko,59,125,106,23,24,4,2,0,32,6,11,6,1,1,29,10,0,7,0,0.226,0.331,0.302,0.633,89,0.076,0.308,31.2%,23.2%,8.0%,0.34,<a href=https://npb.jp/bis/eng/teams/index_c.html>Hiroshima</a>,WL
Nakamura Kento,83,234,205,24,42,12,1,3,65,25,4,2,2,2,46,22,0,3,5,0.205,0.289,0.317,0.606,80,0.112,0.247,30.3%,19.7%,9.4%,0.48,<a href=https://npb.jp/bis/eng/teams/index_c.html>Hiroshima</a>,WL
Nakamura Shosei,38,111,96,12,31,7,1,3,49,10,2,3,0,0,14,15,1,0,0,0.323,0.414,0.510,0.924,175,0.187,0.354,28.8%,12.6%,13.5%,1.07,<a href=https://npb.jp/bis/eng/teams/index_c.html>Hiroshima</a>,WL
Nakamura Takahiro,82,307,291,30,71,7,0,8,102,36,0,2,0,0,67,14,0,2,4,0.244,0.283,0.351,0.634,88,0.107,0.292,29.0%,21.8%,4.6%,0.21,<a href=https://npb.jp/bis/eng/teams/index_c.html>Hiroshima</a>,WL
Nakamura Yuta,28,1,0,0,0,0,0,0,0,0,0,0,1,0,0,0,0,0,0,0.000,0.000,0.000,0.000,-103,0.000,,0.0%,0.0%,0.0%,,<a href=https://npb.jp/bis/eng/teams/index_c.html>Hiroshima</a>,WL
Nirasawa Yuya,50,166,149,21,43,5,0,1,51,10,3,2,4,1,22,12,0,0,3,0.289,0.340,0.342,0.682,103,0.053,0.331,21.1%,13.3%,7.2%,0.55,<a href=https://npb.jp/bis/eng/teams/index_c.html>Hiroshima</a>,WL
Nishikawa Ryoma,2,7,6,0,2,0,0,0,2,1,0,0,0,0,1,1,0,0,0,0.333,0.429,0.333,0.762,130,0.000,0.400,28.6%,14.3%,14.3%,1.00,<a href=https://npb.jp/bis/eng/teams/index_c.html>Hiroshima</a>,WL
Noma Takayoshi,3,8,6,2,1,0,0,0,1,0,0,1,0,0,1,2,0,0,0,0.167,0.375,0.167,0.542,65,0.000,0.200,37.5%,12.5%,25.0%,2.00,<a href=https://npb.jp/bis/eng/teams/index_c.html>Hiroshima</a>,WL
Nomura Yusuke,13,8,6,0,2,1,0,0,3,0,0,0,1,0,0,1,0,0,0,0.333,0.429,0.500,0.929,177,0.167,0.333,12.5%,0.0%,12.5%,1.00,<a href=https://npb.jp/bis/eng/teams/index_c.html>Hiroshima</a>,WL
Ohmori Minoru,38,158,145,25,42,10,3,3,67,14,8,2,2,1,31,10,0,0,0,0.290,0.333,0.462,0.795,135,0.172,0.348,27.8%,19.6%,6.3%,0.32,<a href=https://npb.jp/bis/eng/teams/index_c.html>Hiroshima</a>,WL
Saitoh Yuta,5,1,1,0,0,0,0,0,0,0,0,0,0,0,1,0,0,0,0,0.000,0.000,0.000,0.000,-103,0.000,,100.0%,100.0%,0.0%,0.00,<a href=https://npb.jp/bis/eng/teams/index_c.html>Hiroshima</a>,WL
Shimizu Kanato,28,54,49,6,9,1,0,1,13,2,1,1,0,0,21,5,0,0,0,0.184,0.259,0.265,0.524,56,0.081,0.296,50.0%,38.9%,9.3%,0.24,<a href=https://npb.jp/bis/eng/teams/index_c.html>Hiroshima</a>,WL
Sone Kaisei,36,34,31,14,5,1,0,0,6,4,8,0,1,0,6,2,0,0,0,0.161,0.212,0.194,0.406,21,0.033,0.200,23.5%,17.6%,5.9%,0.33,<a href=https://npb.jp/bis/eng/teams/index_c.html>Hiroshima</a>,WL
Suekane Shota,44,161,155,17,45,8,2,3,66,28,1,1,0,1,24,4,0,1,3,0.290,0.311,0.426,0.737,118,0.136,0.326,19.3%,14.9%,2.5%,0.17,<a href=https://npb.jp/bis/eng/teams/index_c.html>Hiroshima</a>,WL
Takagi Shoto,27,38,34,2,5,1,0,0,6,6,0,0,2,0,13,2,0,0,0,0.147,0.194,0.176,0.370,9,0.029,0.238,39.5%,34.2%,5.3%,0.15,<a href=https://npb.jp/bis/eng/teams/index_c.html>Hiroshima</a>,WL
Tamamura Shogo,11,7,6,1,0,0,0,0,0,0,0,0,0,0,3,1,0,0,0,0.000,0.143,0.000,0.143,-57,0.000,0.000,57.1%,42.9%,14.3%,0.33,<a href=https://npb.jp/bis/eng/teams/index_c.html>Hiroshima</a>,WL
Tamura Shunsuke,59,207,194,23,54,7,1,4,75,29,1,1,0,2,48,8,0,3,5,0.278,0.314,0.387,0.701,108,0.109,0.347,29.0%,23.2%,3.9%,0.17,<a href=https://npb.jp/bis/eng/teams/index_c.html>Hiroshima</a>,WL
Tsuji Taiga,3,1,1,0,0,0,0,0,0,0,0,0,0,0,0,0,0,0,0,0.000,0.000,0.000,0.000,-103,0.000,0.000,0.0%,0.0%,0.0%,,<a href=https://npb.jp/bis/eng/teams/index_c.html>Hiroshima</a>,WL
Uchida Shodai,87,259,246,14,40,7,2,0,51,22,0,0,2,2,65,6,0,3,13,0.163,0.191,0.207,0.398,18,0.044,0.219,27.4%,25.1%,2.3%,0.09,<a href=https://npb.jp/bis/eng/teams/index_c.html>Hiroshima</a>,WL
Uemoto Takashi,3,9,7,0,1,0,0,0,1,0,0,0,0,0,0,2,0,0,1,0.143,0.333,0.143,0.476,44,0.000,0.143,22.2%,0.0%,22.2%,1.00,<a href=https://npb.jp/bis/eng/teams/index_c.html>Hiroshima</a>,WL
Ugusa Koki,66,166,157,15,33,4,3,1,46,11,2,1,1,0,32,6,0,2,2,0.210,0.248,0.293,0.541,60,0.083,0.258,23.5%,19.3%,3.6%,0.19,<a href=https://npb.jp/bis/eng/teams/index_c.html>Hiroshima</a>,WL
Yano Masaya,20,65,57,9,15,2,0,0,17,4,2,1,0,1,16,6,0,1,1,0.263,0.338,0.298,0.636,91,0.035,0.357,33.8%,24.6%,9.2%,0.38,<a href=https://npb.jp/bis/eng/teams/index_c.html>Hiroshima</a>,WL
Aibara Ryunosuke,78,244,220,25,43,9,3,4,70,17,2,1,6,0,63,15,0,3,5,0.195,0.256,0.318,0.574,69,0.123,0.255,33.6%,25.8%,6.1%,0.24,<a href=https://npb.jp/bis/eng/teams/index_db.html>DeNA</a>,EL
Amburgey Trey,66,205,186,22,32,8,0,7,61,27,1,0,0,1,61,16,0,2,2,0.172,0.244,0.328,0.572,69,0.156,0.210,41.0%,29.8%,7.8%,0.26,<a href=https://npb.jp/bis/eng/teams/index_db.html>DeNA</a>,EL
Austin Tyler,23,91,74,5,20,8,0,4,40,15,0,0,0,2,20,14,0,1,2,0.270,0.385,0.541,0.926,173,0.271,0.308,41.8%,22.0%,15.4%,0.70,<a href=https://npb.jp/bis/eng/teams/index_db.html>DeNA</a>,EL
Azuma Junpei,61,164,155,15,35,9,0,4,56,16,1,0,2,2,38,5,0,0,1,0.226,0.247,0.361,0.608,79,0.135,0.270,28.7%,23.2%,3.0%,0.13,<a href=https://npb.jp/bis/eng/teams/index_db.html>DeNA</a>,EL
Azuma Katsuki,1,2,1,0,0,0,0,0,0,0,0,0,1,0,0,0,0,0,0,0.000,0.000,0.000,0.000,-103,0.000,0.000,0.0%,0.0%,0.0%,,<a href=https://npb.jp/bis/eng/teams/index_db.html>DeNA</a>,EL
Bauer Trevor,5,2,2,0,0,0,0,0,0,0,0,0,0,0,2,0,0,0,0,0.000,0.000,0.000,0.000,-103,0.000,,100.0%,100.0%,0.0%,0.00,<a href=https://npb.jp/bis/eng/teams/index_db.html>DeNA</a>,EL
Chino Naoto,64,263,222,31,61,8,6,5,96,37,10,6,1,4,59,34,0,2,4,0.275,0.370,0.432,0.802,137,0.157,0.346,37.3%,22.4%,12.9%,0.58,<a href=https://npb.jp/bis/eng/teams/index_db.html>DeNA</a>,EL
Ebina Tatsuo,39,154,143,25,46,12,1,4,72,27,2,3,0,0,27,5,0,6,2,0.322,0.370,0.503,0.873,158,0.181,0.375,23.4%,17.5%,3.2%,0.19,<a href=https://npb.jp/bis/eng/teams/index_db.html>DeNA</a>,EL
Fujita Kazuya,30,55,46,3,14,4,0,0,18,10,0,0,0,1,3,8,0,0,1,0.304,0.400,0.391,0.791,135,0.087,0.318,20.0%,5.5%,14.5%,2.67,<a href=https://npb.jp/bis/eng/teams/index_db.html>DeNA</a>,EL
Hamaguchi Haruhiro,10,1,1,0,0,0,0,0,0,0,0,0,0,0,1,0,0,0,0,0.000,0.000,0.000,0.000,-103,0.000,,100.0%,100.0%,0.0%,0.00,<a href=https://npb.jp/bis/eng/teams/index_db.html>DeNA</a>,EL
Hayashi Takuma,27,112,103,14,24,5,1,0,31,14,6,4,1,1,25,7,0,0,1,0.233,0.279,0.301,0.580,72,0.068,0.304,28.6%,22.3%,6.2%,0.28,<a href=https://npb.jp/bis/eng/teams/index_db.html>DeNA</a>,EL
Imanaga Shota,2,2,1,0,0,0,0,0,0,0,0,0,1,0,0,0,0,0,0,0.000,0.000,0.000,0.000,-103,0.000,0.000,0.0%,0.0%,0.0%,,<a href=https://npb.jp/bis/eng/teams/index_db.html>DeNA</a>,EL
Joko Ryota,64,214,199,21,48,11,1,3,70,16,1,1,0,0,61,13,0,2,2,0.241,0.294,0.352,0.646,91,0.111,0.333,36.0%,28.5%,6.1%,0.21,<a href=https://npb.jp/bis/eng/teams/index_db.html>DeNA</a>,EL
Kajiwara Kouki,73,303,290,41,98,16,4,7,143,29,15,7,0,0,78,11,0,2,5,0.338,0.366,0.493,0.859,154,0.155,0.444,31.7%,25.7%,3.6%,0.14,<a href=https://npb.jp/bis/eng/teams/index_db.html>DeNA</a>,EL
Kamizato Kazuki,16,68,57,13,19,4,1,6,43,13,2,1,1,2,16,7,1,1,0,0.333,0.403,0.754,1.157,240,0.421,0.351,42.6%,23.5%,10.3%,0.44,<a href=https://npb.jp/bis/eng/teams/index_db.html>DeNA</a>,EL
Katsumata Atsushi,105,364,342,30,93,17,2,6,132,30,0,4,5,3,67,10,1,4,10,0.272,0.298,0.386,0.684,102,0.114,0.320,22.8%,18.4%,2.7%,0.15,<a href=https://npb.jp/bis/eng/teams/index_db.html>DeNA</a>,EL
Kobukata Daichi,87,310,273,31,56,13,2,4,85,28,1,2,3,3,76,29,0,2,4,0.205,0.283,0.311,0.594,76,0.106,0.265,35.2%,24.5%,9.4%,0.38,<a href=https://npb.jp/bis/eng/teams/index_db.html>DeNA</a>,EL
Kusumoto Taishi,5,22,16,3,6,2,0,1,11,4,0,0,0,1,2,5,0,0,0,0.375,0.500,0.688,1.188,252,0.313,0.357,36.4%,9.1%,22.7%,2.50,<a href=https://npb.jp/bis/eng/teams/index_db.html>DeNA</a>,EL
Kuwahara Masayuki,2,4,2,0,0,0,0,0,0,0,0,0,0,0,1,2,0,0,0,0.000,0.500,0.000,0.500,57,0.000,0.000,75.0%,25.0%,50.0%,2.00,<a href=https://npb.jp/bis/eng/teams/index_db.html>DeNA</a>,EL
Kyoda Yota,17,71,67,6,18,0,0,1,21,8,0,0,1,1,10,2,0,0,4,0.269,0.286,0.313,0.599,77,0.044,0.298,18.3%,14.1%,2.8%,0.20,<a href=https://npb.jp/bis/eng/teams/index_db.html>DeNA</a>,EL
Maeda Yamato,1,3,3,0,1,0,0,0,1,0,0,0,0,0,0,0,0,0,0,0.333,0.333,0.333,0.666,98,0.000,0.333,0.0%,0.0%,0.0%,,<a href=https://npb.jp/bis/eng/teams/index_db.html>DeNA</a>,EL
Mashiko Kyosuke,70,179,157,13,39,10,0,0,49,16,1,0,1,1,43,17,0,3,4,0.248,0.331,0.312,0.643,91,0.064,0.339,33.5%,24.0%,9.5%,0.40,<a href=https://npb.jp/bis/eng/teams/index_db.html>DeNA</a>,EL
Matsuo Shion,104,376,343,34,95,20,2,7,140,51,6,1,3,8,33,16,0,6,7,0.277,0.314,0.408,0.722,113,0.131,0.283,14.9%,8.8%,4.3%,0.48,<a href=https://npb.jp/bis/eng/teams/index_db.html>DeNA</a>,EL
Miyazaki Toshiro,2,3,2,1,1,0,0,0,1,0,0,0,0,0,0,1,0,0,0,0.500,0.667,0.500,1.167,252,0.000,0.500,33.3%,0.0%,33.3%,1.00,<a href=https://npb.jp/bis/eng/teams/index_db.html>DeNA</a>,EL
Mori Keito,57,241,217,30,54,8,3,2,74,21,9,5,2,1,50,20,0,1,3,0.249,0.314,0.341,0.655,94,0.092,0.313,29.9%,20.7%,8.3%,0.40,<a href=https://npb.jp/bis/eng/teams/index_db.html>DeNA</a>,EL
Murakawa Nagi,108,371,332,33,93,11,1,0,106,24,29,12,17,1,83,21,0,0,3,0.280,0.322,0.319,0.641,90,0.039,0.372,28.0%,22.4%,5.7%,0.25,<a href=https://npb.jp/bis/eng/teams/index_db.html>DeNA</a>,EL
Nishimaki Kenji,100,370,310,46,77,12,6,2,107,23,16,5,7,1,59,48,0,4,3,0.248,0.355,0.345,0.700,109,0.097,0.300,29.5%,15.9%,13.0%,0.81,<a href=https://npb.jp/bis/eng/teams/index_db.html>DeNA</a>,EL
Nishiura Naomichi,15,58,53,4,9,2,1,0,13,3,0,0,1,0,15,3,1,1,2,0.170,0.228,0.245,0.473,40,0.075,0.237,31.0%,25.9%,5.2%,0.20,<a href=https://npb.jp/bis/eng/teams/index_db.html>DeNA</a>,EL
Ohashi Takeru,81,190,155,25,35,3,2,0,42,13,11,7,6,2,50,24,0,3,0,0.226,0.337,0.271,0.608,82,0.045,0.327,38.9%,26.3%,12.6%,0.48,<a href=https://npb.jp/bis/eng/teams/index_db.html>DeNA</a>,EL
Ohnuki Shinichi,15,3,2,0,0,0,0,0,0,0,0,0,1,0,1,0,0,0,0,0.000,0.000,0.000,0.000,-103,0.000,0.000,33.3%,33.3%,0.0%,0.00,<a href=https://npb.jp/bis/eng/teams/index_db.html>DeNA</a>,EL
Ohta Taishi,8,34,30,3,12,2,0,1,17,6,0,0,0,1,6,3,0,0,2,0.400,0.441,0.567,1.008,199,0.167,0.458,29.4%,17.6%,8.8%,0.50,<a href=https://npb.jp/bis/eng/teams/index_db.html>DeNA</a>,EL
Soto Neftali,9,34,32,1,7,2,0,0,9,1,0,0,0,0,7,1,0,1,1,0.219,0.265,0.281,0.546,62,0.062,0.280,23.5%,20.6%,2.9%,0.14,<a href=https://npb.jp/bis/eng/teams/index_db.html>DeNA</a>,EL
Suzuki Ren,71,189,173,12,37,11,0,1,51,11,0,0,6,0,40,9,0,1,7,0.214,0.257,0.295,0.552,63,0.081,0.273,26.5%,21.2%,4.8%,0.22,<a href=https://npb.jp/bis/eng/teams/index_db.html>DeNA</a>,EL
Taira Kentaro,9,1,1,1,0,0,0,0,0,0,0,0,0,0,0,0,0,0,0,0.000,0.000,0.000,0.000,-103,0.000,0.000,0.0%,0.0%,0.0%,,<a href=https://npb.jp/bis/eng/teams/index_db.html>DeNA</a>,EL
Tanaka Shunta,103,290,235,33,57,8,0,0,65,20,11,4,11,2,59,41,0,1,9,0.243,0.355,0.277,0.632,89,0.034,0.320,34.5%,20.3%,14.1%,0.69,<a href=https://npb.jp/bis/eng/teams/index_db.html>DeNA</a>,EL
Tobashira Yasutaka,2,6,6,0,1,0,0,0,1,0,0,0,0,0,0,0,0,0,0,0.167,0.167,0.167,0.334,-2,0.000,0.167,0.0%,0.0%,0.0%,,<a href=https://npb.jp/bis/eng/teams/index_db.html>DeNA</a>,EL
Yamamoto Yuudai,1,5,3,0,2,0,0,0,2,0,0,0,0,0,0,1,0,1,0,0.667,0.800,0.667,1.467,342,0.000,0.667,20.0%,0.0%,20.0%,1.00,<a href=https://npb.jp/bis/eng/teams/index_db.html>DeNA</a>,EL
Aizawa Hakuto,1,1,1,0,1,0,0,0,1,0,0,0,0,0,0,0,0,0,0,1.000,1.000,1.000,2.000,487,0.000,1.000,0.0%,0.0%,0.0%,,<a href=https://npb.jp/bis/eng/teams/index_g.html>Yomiuri</a>,EL
Akihiro Yuto,13,49,44,9,15,5,0,1,23,8,0,0,0,2,7,3,0,0,1,0.341,0.367,0.523,0.890,159,0.182,0.368,22.4%,14.3%,6.1%,0.43,<a href=https://npb.jp/bis/eng/teams/index_g.html>Yomiuri</a>,EL
Asano Shogo,77,263,237,41,62,11,2,7,98,27,6,2,0,2,50,18,0,6,5,0.262,0.327,0.414,0.741,116,0.152,0.302,28.5%,19.0%,6.8%,0.36,<a href=https://npb.jp/bis/eng/teams/index_g.html>Yomiuri</a>,EL
Brinson Lewis,17,49,45,3,13,3,0,2,22,5,0,0,0,2,4,1,0,1,0,0.289,0.306,0.489,0.795,130,0.200,0.268,14.3%,8.2%,2.0%,0.25,<a href=https://npb.jp/bis/eng/teams/index_g.html>Yomiuri</a>,EL
Chono Hisayoshi,10,22,21,1,4,1,0,0,5,0,0,0,0,0,7,1,0,0,0,0.190,0.227,0.238,0.465,36,0.048,0.286,36.4%,31.8%,4.5%,0.14,<a href=https://npb.jp/bis/eng/teams/index_g.html>Yomiuri</a>,EL
Hagio Masaya,101,339,307,43,87,19,4,7,135,36,1,3,5,0,67,23,2,4,7,0.283,0.341,0.440,0.781,128,0.157,0.343,28.6%,19.8%,6.8%,0.34,<a href=https://npb.jp/bis/eng/teams/index_g.html>Yomiuri</a>,EL
Hagiwara Tetsu,15,33,28,3,8,2,0,0,10,4,0,0,1,0,7,3,0,1,0,0.286,0.375,0.357,0.732,115,0.071,0.381,30.3%,21.2%,9.1%,0.43,<a href=https://npb.jp/bis/eng/teams/index_g.html>Yomiuri</a>,EL
Hirooka Taishi,20,73,61,18,22,3,0,4,37,7,3,1,0,0,9,10,0,2,0,0.361,0.466,0.607,1.073,213,0.246,0.375,31.5%,12.3%,13.7%,1.11,<a href=https://npb.jp/bis/eng/teams/index_g.html>Yomiuri</a>,EL
Hoshina Koichi,3,11,11,0,2,0,0,0,2,0,0,0,0,0,1,0,0,0,0,0.182,0.182,0.182,0.364,7,0.000,0.200,9.1%,9.1%,0.0%,0.00,<a href=https://npb.jp/bis/eng/teams/index_g.html>Yomiuri</a>,EL
Ishikawa Shingo,47,136,120,9,43,12,0,4,67,26,0,0,0,2,21,14,0,0,4,0.358,0.419,0.558,0.977,185,0.200,0.402,28.7%,15.4%,10.3%,0.67,<a href=https://npb.jp/bis/eng/teams/index_g.html>Yomiuri</a>,EL
Kadowaki Makoto,3,9,8,1,2,0,0,0,2,0,0,0,1,0,3,0,0,0,0,0.250,0.250,0.250,0.500,47,0.000,0.400,33.3%,33.3%,0.0%,0.00,<a href=https://npb.jp/bis/eng/teams/index_g.html>Yomiuri</a>,EL
Kajitani Takayuki,9,29,19,5,5,3,0,0,8,3,0,0,0,1,2,9,0,0,2,0.263,0.483,0.421,0.904,167,0.158,0.278,37.9%,6.9%,31.0%,4.50,<a href=https://npb.jp/bis/eng/teams/index_g.html>Yomiuri</a>,EL
Kameda Keita,17,39,37,5,9,3,0,0,12,2,0,0,0,1,8,1,0,0,1,0.243,0.256,0.324,0.580,69,0.081,0.300,23.1%,20.5%,2.6%,0.12,<a href=https://npb.jp/bis/eng/teams/index_g.html>Yomiuri</a>,EL
Katoh Ren,34,114,106,8,21,6,0,1,30,11,0,1,1,0,26,5,0,2,0,0.198,0.248,0.283,0.531,55,0.085,0.253,28.1%,22.8%,4.4%,0.19,<a href=https://npb.jp/bis/eng/teams/index_g.html>Yomiuri</a>,EL
Katsuki Kazuya,106,351,312,36,82,15,0,8,121,46,0,1,4,1,32,25,0,9,8,0.263,0.334,0.388,0.722,111,0.125,0.271,18.5%,9.1%,7.1%,0.78,<a href=https://npb.jp/bis/eng/teams/index_g.html>Yomiuri</a>,EL
Kikuta Hirokazu,103,356,327,35,84,17,2,7,126,32,0,0,1,0,45,26,0,2,16,0.257,0.315,0.385,0.700,104,0.128,0.280,21.9%,12.6%,7.3%,0.58,<a href=https://npb.jp/bis/eng/teams/index_g.html>Yomiuri</a>,EL
Kishida Yukinori,21,66,54,8,11,3,0,3,23,15,0,0,0,2,11,10,0,0,4,0.204,0.318,0.426,0.744,117,0.222,0.190,36.4%,16.7%,15.2%,0.91,<a href=https://npb.jp/bis/eng/teams/index_g.html>Yomiuri</a>,EL
Kita Ryusuke,62,159,138,14,33,3,0,0,36,14,0,0,10,0,23,11,0,0,3,0.239,0.295,0.261,0.556,64,0.022,0.287,21.4%,14.5%,6.9%,0.48,<a href=https://npb.jp/bis/eng/teams/index_g.html>Yomiuri</a>,EL
Kitamura Takumi,68,237,190,31,58,15,1,3,84,24,0,1,2,2,17,37,0,6,5,0.305,0.430,0.442,0.872,156,0.137,0.320,24.1%,7.2%,15.6%,2.18,<a href=https://npb.jp/bis/eng/teams/index_g.html>Yomiuri</a>,EL
Kobayashi Seiji,3,9,9,0,1,0,0,0,1,0,0,0,0,0,2,0,0,0,0,0.111,0.111,0.111,0.222,-35,0.000,0.143,22.2%,22.2%,0.0%,0.00,<a href=https://npb.jp/bis/eng/teams/index_g.html>Yomiuri</a>,EL
Maeda Kenki,10,25,24,2,6,2,0,1,11,3,0,0,0,0,6,1,0,0,0,0.250,0.280,0.458,0.738,114,0.208,0.294,32.0%,24.0%,4.0%,0.17,<a href=https://npb.jp/bis/eng/teams/index_g.html>Yomiuri</a>,EL
Maru Yoshihiro,7,23,20,4,6,2,0,1,11,2,0,0,0,0,2,3,0,0,0,0.300,0.391,0.550,0.941,174,0.250,0.294,26.1%,8.7%,13.0%,1.50,<a href=https://npb.jp/bis/eng/teams/index_g.html>Yomiuri</a>,EL
Masuda Daiki,47,152,125,19,34,7,1,1,46,12,11,2,7,1,23,17,0,2,3,0.272,0.366,0.368,0.734,116,0.096,0.324,27.0%,15.1%,11.2%,0.74,<a href=https://npb.jp/bis/eng/teams/index_g.html>Yomiuri</a>,EL
Masuda Riku,76,246,214,27,49,12,0,5,76,33,1,0,2,3,40,22,0,5,7,0.229,0.311,0.355,0.666,95,0.126,0.256,27.2%,16.3%,8.9%,0.55,<a href=https://npb.jp/bis/eng/teams/index_g.html>Yomiuri</a>,EL
Matsubara Seiya,90,282,218,36,52,7,2,0,63,18,7,3,11,1,37,51,2,1,4,0.239,0.384,0.289,0.673,99,0.050,0.286,31.2%,13.1%,18.1%,1.38,<a href=https://npb.jp/bis/eng/teams/index_g.html>Yomiuri</a>,EL
Matsuda Nobuhiro,54,154,130,20,30,8,0,2,44,21,0,0,0,4,25,18,0,2,4,0.231,0.325,0.338,0.663,95,0.107,0.262,29.2%,16.2%,11.7%,0.72,<a href=https://npb.jp/bis/eng/teams/index_g.html>Yomiuri</a>,EL
Mendez Yohander,3,2,2,0,1,0,0,0,1,1,0,0,0,0,1,0,0,0,0,0.500,0.500,0.500,1.000,194,0.000,1.000,50.0%,50.0%,0.0%,0.00,<a href=https://npb.jp/bis/eng/teams/index_g.html>Yomiuri</a>,EL
Nakajima Hiroyuki,67,157,135,8,36,7,0,0,43,19,0,0,0,1,23,19,0,2,5,0.267,0.363,0.319,0.682,101,0.052,0.319,26.8%,14.6%,12.1%,0.83,<a href=https://npb.jp/bis/eng/teams/index_g.html>Yomiuri</a>,EL
Nakata Ayumu,5,5,3,0,1,0,0,0,1,0,0,0,0,0,1,2,0,0,0,0.333,0.600,0.333,0.933,179,0.000,0.500,60.0%,20.0%,40.0%,2.00,<a href=https://npb.jp/bis/eng/teams/index_g.html>Yomiuri</a>,EL
Nakata Sho,5,14,14,1,3,0,0,0,3,1,0,0,0,0,2,0,0,0,0,0.214,0.214,0.214,0.428,26,0.000,0.250,14.3%,14.3%,0.0%,0.00,<a href=https://npb.jp/bis/eng/teams/index_g.html>Yomiuri</a>,EL
Nakayama Raito,3,10,9,0,2,2,0,0,4,2,0,0,0,0,1,1,0,0,0,0.222,0.300,0.444,0.744,116,0.222,0.250,20.0%,10.0%,10.0%,1.00,<a href=https://npb.jp/bis/eng/teams/index_g.html>Yomiuri</a>,EL
Okada Yuki,90,303,256,44,72,11,5,12,129,42,2,2,6,5,70,29,1,7,3,0.281,0.364,0.504,0.868,152,0.223,0.335,36.6%,23.1%,9.6%,0.41,<a href=https://npb.jp/bis/eng/teams/index_g.html>Yomiuri</a>,EL
Okamoto Hiroto,18,51,46,7,9,3,0,1,15,5,0,0,1,0,4,3,0,1,0,0.196,0.260,0.326,0.586,71,0.130,0.195,15.7%,7.8%,5.9%,0.75,<a href=https://npb.jp/bis/eng/teams/index_g.html>Yomiuri</a>,EL
Okoye Louis,57,190,170,27,52,11,1,5,80,18,4,3,2,2,34,12,1,4,3,0.306,0.362,0.471,0.833,143,0.165,0.353,26.8%,17.9%,6.3%,0.35,<a href=https://npb.jp/bis/eng/teams/index_g.html>Yomiuri</a>,EL
Sakamoto Hayato,2,5,5,0,1,0,0,0,1,0,0,0,0,0,2,0,0,0,0,0.200,0.200,0.200,0.400,17,0.000,0.333,40.0%,40.0%,0.0%,0.00,<a href=https://npb.jp/bis/eng/teams/index_g.html>Yomiuri</a>,EL
Sasahara Misaki,16,35,31,7,7,0,0,1,10,4,0,0,2,0,12,2,0,0,2,0.226,0.273,0.323,0.596,74,0.097,0.333,42.9%,34.3%,5.7%,0.17,<a href=https://npb.jp/bis/eng/teams/index_g.html>Yomiuri</a>,EL
Shigenobu Shinnosuke,8,19,17,3,5,1,1,1,11,3,1,0,0,1,5,1,0,0,0,0.294,0.316,0.647,0.963,177,0.353,0.333,36.8%,26.3%,5.3%,0.20,<a href=https://npb.jp/bis/eng/teams/index_g.html>Yomiuri</a>,EL
Suzuki Yamato,18,25,25,4,4,0,1,0,6,2,1,1,0,0,4,0,0,0,1,0.160,0.160,0.240,0.400,16,0.080,0.190,16.0%,16.0%,0.0%,0.00,<a href=https://npb.jp/bis/eng/teams/index_g.html>Yomiuri</a>,EL
Tima Julian,1,1,1,0,0,0,0,0,0,0,0,0,0,0,0,0,0,0,0,0.000,0.000,0.000,0.000,-100,0.000,0.000,0.0%,0.0%,0.0%,,<a href=https://npb.jp/bis/eng/teams/index_g.html>Yomiuri</a>,EL
Wakabayashi Akihiro,58,205,185,22,50,6,1,4,70,28,4,0,3,2,26,13,0,2,4,0.270,0.322,0.378,0.700,105,0.108,0.293,21.0%,12.7%,6.3%,0.50,<a href=https://npb.jp/bis/eng/teams/index_g.html>Yomiuri</a>,EL
Walker Adam,52,171,163,21,42,14,0,7,77,20,0,0,0,0,33,5,1,3,4,0.258,0.292,0.472,0.764,121,0.214,0.285,26.3%,19.3%,2.9%,0.15,<a href=https://npb.jp/bis/eng/teams/index_g.html>Yomiuri</a>,EL
Yamase Shinnosuke,72,223,179,24,48,8,0,5,71,26,1,0,4,0,36,36,0,4,3,0.268,0.402,0.397,0.799,135,0.129,0.312,34.5%,16.1%,16.1%,1.00,<a href=https://npb.jp/bis/eng/teams/index_g.html>Yomiuri</a>,EL
Yokogawa Kai,4,1,1,0,0,0,0,0,0,0,0,0,0,0,1,0,0,0,0,0.000,0.000,0.000,0.000,-100,0.000,,100.0%,100.0%,0.0%,0.00,<a href=https://npb.jp/bis/eng/teams/index_g.html>Yomiuri</a>,EL
Yuasa Dai,71,173,143,25,31,2,0,1,36,10,5,2,6,1,34,20,0,3,0,0.217,0.323,0.252,0.575,70,0.035,0.275,31.8%,19.7%,11.6%,0.59,<a href=https://npb.jp/bis/eng/teams/index_g.html>Yomiuri</a>,EL
Akahane Yoshihiro,68,265,242,24,45,12,0,7,78,28,0,2,3,1,57,13,0,6,5,0.186,0.244,0.322,0.566,65,0.136,0.212,29.1%,21.5%,4.9%,0.23,<a href=https://npb.jp/bis/eng/teams/index_s.html>Yakult</a>,EL
Araki Takahiro,75,240,209,22,48,6,0,0,54,18,0,0,5,4,42,17,0,5,10,0.230,0.298,0.258,0.556,64,0.028,0.281,24.6%,17.5%,7.1%,0.40,<a href=https://npb.jp/bis/eng/teams/index_s.html>Yakult</a>,EL
Espinal Raynel,20,2,2,0,0,0,0,0,0,0,0,0,0,0,1,0,0,0,0,0.000,0.000,0.000,0.000,-100,0.000,0.000,50.0%,50.0%,0.0%,0.00,<a href=https://npb.jp/bis/eng/teams/index_s.html>Yakult</a>,EL
Hamada Taiki,6,17,16,3,3,0,0,1,6,2,0,0,0,0,3,1,0,0,0,0.188,0.235,0.375,0.610,77,0.187,0.167,29.4%,17.6%,5.9%,0.33,<a href=https://npb.jp/bis/eng/teams/index_s.html>Yakult</a>,EL
Hara Juri,17,3,3,0,0,0,0,0,0,0,0,0,0,0,2,0,0,0,0,0.000,0.000,0.000,0.000,-100,0.000,0.000,66.7%,66.7%,0.0%,0.00,<a href=https://npb.jp/bis/eng/teams/index_s.html>Yakult</a>,EL
Hashimoto Seiya,70,199,188,16,53,6,0,2,65,14,2,3,4,2,20,4,0,1,3,0.282,0.297,0.346,0.643,88,0.064,0.304,13.1%,10.1%,2.0%,0.20,<a href=https://npb.jp/bis/eng/teams/index_s.html>Yakult</a>,EL
Ichikawa Yuta,18,3,1,0,0,0,0,0,0,0,0,0,2,0,1,0,0,0,0,0.000,0.000,0.000,0.000,-100,0.000,,33.3%,33.3%,0.0%,0.00,<a href=https://npb.jp/bis/eng/teams/index_s.html>Yakult</a>,EL
Ishikawa Masanori,5,2,2,0,0,0,0,0,0,0,0,0,0,0,1,0,0,0,0,0.000,0.000,0.000,0.000,-100,0.000,0.000,50.0%,50.0%,0.0%,0.00,<a href=https://npb.jp/bis/eng/teams/index_s.html>Yakult</a>,EL
Iwata Yukihiro,43,151,136,14,38,7,0,0,45,9,10,4,5,0,21,8,0,2,0,0.279,0.329,0.331,0.660,94,0.052,0.330,19.2%,13.9%,5.3%,0.38,<a href=https://npb.jp/bis/eng/teams/index_s.html>Yakult</a>,EL
Kanakubo Yuto,15,3,3,1,1,0,0,0,1,2,0,0,0,0,0,0,0,0,0,0.333,0.333,0.333,0.666,96,0.000,0.333,0.0%,0.0%,0.0%,,<a href=https://npb.jp/bis/eng/teams/index_s.html>Yakult</a>,EL
Kawabata Shingo,8,25,24,1,8,0,0,0,8,0,0,0,0,0,3,0,0,1,0,0.333,0.360,0.333,0.693,104,0.000,0.381,12.0%,12.0%,0.0%,0.00,<a href=https://npb.jp/bis/eng/teams/index_s.html>Yakult</a>,EL
Kisu Felipe,37,102,90,6,20,5,0,3,34,13,0,0,7,2,32,3,0,0,1,0.222,0.242,0.378,0.620,80,0.156,0.298,37.3%,31.4%,2.9%,0.09,<a href=https://npb.jp/bis/eng/teams/index_s.html>Yakult</a>,EL
Kitamura Keigo,96,365,320,39,75,14,1,10,121,46,1,0,11,3,59,28,0,3,2,0.234,0.299,0.378,0.677,97,0.144,0.256,26.6%,16.2%,7.7%,0.47,<a href=https://npb.jp/bis/eng/teams/index_s.html>Yakult</a>,EL
Koga Yudai,3,9,8,0,1,0,0,0,1,1,0,0,0,0,0,1,0,0,0,0.125,0.222,0.125,0.347,4,0.000,0.125,11.1%,0.0%,11.1%,1.00,<a href=https://npb.jp/bis/eng/teams/index_s.html>Yakult</a>,EL
Komori Kohtaro,49,140,126,14,29,7,3,3,51,16,8,3,1,2,32,7,0,4,2,0.230,0.288,0.405,0.693,101,0.175,0.280,30.0%,22.9%,5.0%,0.22,<a href=https://npb.jp/bis/eng/teams/index_s.html>Yakult</a>,EL
Kondoh Hiroki,16,1,1,0,0,0,0,0,0,0,0,0,0,0,1,0,0,0,0,0.000,0.000,0.000,0.000,-100,0.000,,100.0%,100.0%,0.0%,0.00,<a href=https://npb.jp/bis/eng/teams/index_s.html>Yakult</a>,EL
Kubo Takuma,38,2,2,0,0,0,0,0,0,0,0,0,0,0,2,0,0,0,0,0.000,0.000,0.000,0.000,-100,0.000,,100.0%,100.0%,0.0%,0.00,<a href=https://npb.jp/bis/eng/teams/index_s.html>Yakult</a>,EL
Maruyama Kazuya,8,22,18,2,5,0,1,0,7,0,0,3,2,0,1,2,0,0,0,0.278,0.350,0.389,0.739,116,0.111,0.294,13.6%,4.5%,9.1%,2.00,<a href=https://npb.jp/bis/eng/teams/index_s.html>Yakult</a>,EL
Matsui Sho,85,264,221,26,60,13,0,3,82,32,2,3,0,3,56,38,0,2,2,0.271,0.379,0.371,0.750,120,0.100,0.345,36.7%,21.2%,14.4%,0.68,<a href=https://npb.jp/bis/eng/teams/index_s.html>Yakult</a>,EL
Matsumoto Naoki,66,213,196,17,56,8,1,4,78,24,1,0,7,0,19,5,0,5,3,0.286,0.320,0.398,0.718,110,0.112,0.301,13.1%,8.9%,2.3%,0.26,<a href=https://npb.jp/bis/eng/teams/index_s.html>Yakult</a>,EL
Matsumoto Yu,97,356,313,38,84,17,3,6,125,40,2,0,2,4,72,32,1,5,2,0.268,0.342,0.399,0.741,117,0.131,0.326,30.9%,20.2%,9.0%,0.44,<a href=https://npb.jp/bis/eng/teams/index_s.html>Yakult</a>,EL
Mitsumata Taiki,28,94,77,6,22,2,1,0,26,6,0,2,2,0,15,14,0,1,3,0.286,0.402,0.338,0.740,118,0.052,0.355,30.9%,16.0%,14.9%,0.93,<a href=https://npb.jp/bis/eng/teams/index_s.html>Yakult</a>,EL
Miyamoto Takeshi,23,91,80,11,26,6,0,2,38,11,1,0,0,0,12,11,0,0,0,0.325,0.407,0.475,0.882,158,0.150,0.364,27.5%,13.2%,12.1%,0.92,<a href=https://npb.jp/bis/eng/teams/index_s.html>Yakult</a>,EL
Motoyama Hiyu,52,187,172,17,35,6,1,5,58,15,4,1,7,0,33,6,0,2,4,0.203,0.239,0.337,0.576,67,0.134,0.224,23.5%,17.6%,3.2%,0.18,<a href=https://npb.jp/bis/eng/teams/index_s.html>Yakult</a>,EL
Namiki Hidetaka,7,25,24,1,6,0,0,0,6,3,0,0,0,1,3,0,0,0,0,0.250,0.240,0.250,0.490,44,0.000,0.273,12.0%,12.0%,0.0%,0.00,<a href=https://npb.jp/bis/eng/teams/index_s.html>Yakult</a>,EL
Narita Kakeru,37,2,2,0,0,0,0,0,0,0,0,0,0,0,1,0,0,0,0,0.000,0.000,0.000,0.000,-100,0.000,0.000,50.0%,50.0%,0.0%,0.00,<a href=https://npb.jp/bis/eng/teams/index_s.html>Yakult</a>,EL
Nishida Akihisa,63,223,200,28,46,13,1,3,70,23,0,1,0,1,30,17,0,5,9,0.230,0.305,0.350,0.655,92,0.120,0.256,22.4%,13.5%,7.6%,0.57,<a href=https://npb.jp/bis/eng/teams/index_s.html>Yakult</a>,EL
Nishimura Ruito,91,295,278,25,51,9,2,4,76,22,2,3,1,3,95,13,0,0,6,0.183,0.218,0.273,0.491,43,0.090,0.258,38.0%,32.2%,4.4%,0.14,<a href=https://npb.jp/bis/eng/teams/index_s.html>Yakult</a>,EL
Nishiura Naomichi,32,119,108,16,33,8,1,4,55,20,0,0,1,1,24,8,0,1,4,0.306,0.356,0.509,0.865,151,0.203,0.358,30.3%,20.2%,6.7%,0.33,<a href=https://npb.jp/bis/eng/teams/index_s.html>Yakult</a>,EL
Numata Shohei,19,4,4,0,0,0,0,0,0,0,0,0,0,0,1,0,0,0,0,0.000,0.000,0.000,0.000,-100,0.000,0.000,25.0%,25.0%,0.0%,0.00,<a href=https://npb.jp/bis/eng/teams/index_s.html>Yakult</a>,EL
Ohta Kengo,51,197,164,34,53,9,2,6,84,27,2,0,0,4,18,28,1,1,4,0.323,0.416,0.512,0.928,171,0.189,0.326,26.4%,9.1%,14.2%,1.56,<a href=https://npb.jp/bis/eng/teams/index_s.html>Yakult</a>,EL
Okumura Nobuyuki,81,275,234,34,44,5,1,2,57,13,2,2,2,2,51,35,0,2,7,0.188,0.297,0.244,0.541,60,0.056,0.230,32.0%,18.5%,12.7%,0.69,<a href=https://npb.jp/bis/eng/teams/index_s.html>Yakult</a>,EL
Onaka Yuya,26,3,3,0,0,0,0,0,0,0,0,0,0,0,1,0,0,0,0,0.000,0.000,0.000,0.000,-100,0.000,0.000,33.3%,33.3%,0.0%,0.00,<a href=https://npb.jp/bis/eng/teams/index_s.html>Yakult</a>,EL
Peters Dillon,2,1,0,0,0,0,0,0,0,0,0,0,1,0,0,0,0,0,0,0.000,0.000,0.000,0.000,-100,0.000,,0.0%,0.0%,0.0%,,<a href=https://npb.jp/bis/eng/teams/index_s.html>Yakult</a>,EL
Santana Domingo,3,8,7,1,2,0,0,0,2,0,0,0,0,0,1,1,0,0,2,0.286,0.375,0.286,0.661,96,0.000,0.333,25.0%,12.5%,12.5%,1.00,<a href=https://npb.jp/bis/eng/teams/index_s.html>Yakult</a>,EL
Sawai Ren,90,368,321,55,84,20,1,18,160,56,2,1,0,4,76,37,1,6,5,0.262,0.345,0.498,0.843,145,0.236,0.286,35.6%,20.7%,10.1%,0.49,<a href=https://npb.jp/bis/eng/teams/index_s.html>Yakult</a>,EL
Shiomi Yasutaka,27,79,74,10,16,2,0,1,21,2,1,2,0,0,17,3,0,2,3,0.216,0.266,0.284,0.550,61,0.068,0.268,26.6%,21.5%,3.8%,0.18,<a href=https://npb.jp/bis/eng/teams/index_s.html>Yakult</a>,EL
Suzuki Yuta,26,1,1,0,0,0,0,0,0,0,0,0,0,0,1,0,0,0,0,0.000,0.000,0.000,0.000,-100,0.000,,100.0%,100.0%,0.0%,0.00,<a href=https://npb.jp/bis/eng/teams/index_s.html>Yakult</a>,EL
Takanashi Hirotoshi,11,5,3,0,0,0,0,0,0,0,0,0,2,0,2,0,0,0,0,0.000,0.000,0.000,0.000,-100,0.000,0.000,40.0%,40.0%,0.0%,0.00,<a href=https://npb.jp/bis/eng/teams/index_s.html>Yakult</a>,EL
Takeoka Ryusei,20,82,74,4,16,3,0,1,22,5,1,3,3,0,16,4,0,1,1,0.216,0.266,0.297,0.563,65,0.081,0.263,25.6%,19.5%,4.9%,0.25,<a href=https://npb.jp/bis/eng/teams/index_s.html>Yakult</a>,EL
Uchiyama Souma,6,18,17,2,3,1,0,1,7,1,0,1,0,0,1,1,0,0,0,0.176,0.222,0.412,0.634,83,0.236,0.133,16.7%,5.6%,5.6%,1.00,<a href=https://npb.jp/bis/eng/teams/index_s.html>Yakult</a>,EL
Yamada Tetsuto,3,8,7,2,1,0,0,0,1,0,0,0,0,0,0,1,0,0,1,0.143,0.250,0.143,0.393,17,0.000,0.143,12.5%,0.0%,12.5%,1.00,<a href=https://npb.jp/bis/eng/teams/index_s.html>Yakult</a>,EL
Yamamoto Daiki,6,1,1,0,0,0,0,0,0,0,0,0,0,0,1,0,0,0,0,0.000,0.000,0.000,0.000,-100,0.000,,100.0%,100.0%,0.0%,0.00,<a href=https://npb.jp/bis/eng/teams/index_s.html>Yakult</a>,EL
Yamano Taichi,13,3,2,0,0,0,0,0,0,0,0,0,0,0,1,1,0,0,0,0.000,0.333,0.000,0.333,4,0.000,0.000,66.7%,33.3%,33.3%,1.00,<a href=https://npb.jp/bis/eng/teams/index_s.html>Yakult</a>,EL
Yamasaki Kotaro,31,108,94,14,20,4,1,0,26,4,9,2,0,0,22,13,0,1,4,0.213,0.315,0.277,0.592,75,0.064,0.278,32.4%,20.4%,12.0%,0.59,<a href=https://npb.jp/bis/eng/teams/index_s.html>Yakult</a>,EL
Yoshida Daiki,11,1,1,0,0,0,0,0,0,0,0,0,0,0,1,0,0,0,0,0.000,0.000,0.000,0.000,-100,0.000,,100.0%,100.0%,0.0%,0.00,<a href=https://npb.jp/bis/eng/teams/index_s.html>Yakult</a>,EL
Yoshimura Kojiro,6,3,2,0,0,0,0,0,0,0,0,0,1,0,2,0,0,0,0,0.000,0.000,0.000,0.000,-100,0.000,,66.7%,66.7%,0.0%,0.00,<a href=https://npb.jp/bis/eng/teams/index_s.html>Yakult</a>,EL
Almonte Zoilo,33,95,90,3,21,4,0,0,25,11,0,1,0,2,13,3,0,0,3,0.233,0.253,0.278,0.531,55,0.045,0.266,16.8%,13.7%,3.2%,0.23,<a href=https://npb.jp/bis/eng/teams/index_d.html>Chunichi</a>,WL
Aquino Aristides,68,219,202,16,37,10,0,7,68,25,0,0,0,1,66,12,0,4,3,0.183,0.242,0.337,0.579,67,0.154,0.231,38.8%,30.1%,5.5%,0.18,<a href=https://npb.jp/bis/eng/teams/index_d.html>Chunichi</a>,WL
Bright Kenta,57,241,207,31,64,12,2,7,101,25,6,4,0,2,53,31,0,1,1,0.309,0.398,0.488,0.886,157,0.179,0.383,37.8%,22.0%,12.9%,0.58,<a href=https://npb.jp/bis/eng/teams/index_d.html>Chunichi</a>,WL
Calixte Orlando,31,102,98,6,26,7,2,2,43,13,1,0,0,1,17,3,0,0,4,0.265,0.284,0.439,0.723,108,0.174,0.300,21.6%,16.7%,2.9%,0.18,<a href=https://npb.jp/bis/eng/teams/index_d.html>Chunichi</a>,WL
Donoue Naomichi,72,215,189,17,38,10,1,2,56,18,0,0,2,2,38,22,0,0,7,0.201,0.282,0.296,0.578,69,0.095,0.238,28.8%,17.7%,10.2%,0.58,<a href=https://npb.jp/bis/eng/teams/index_d.html>Chunichi</a>,WL
Fukuda Nobumasa,26,76,75,4,25,4,0,2,35,9,0,0,0,1,9,0,0,0,3,0.333,0.329,0.467,0.796,129,0.134,0.354,14.5%,11.8%,0.0%,0.00,<a href=https://npb.jp/bis/eng/teams/index_d.html>Chunichi</a>,WL
Fukumoto Yuma,58,204,193,21,62,8,2,2,80,15,0,0,0,2,21,5,0,4,3,0.321,0.348,0.415,0.763,121,0.094,0.349,13.7%,10.3%,2.5%,0.24,<a href=https://npb.jp/bis/eng/teams/index_d.html>Chunichi</a>,WL
Fukunaga Hiroki,15,62,52,9,17,5,1,1,27,6,0,1,0,0,7,10,0,0,0,0.327,0.435,0.519,0.954,176,0.192,0.364,29.0%,11.3%,16.1%,1.43,<a href=https://npb.jp/bis/eng/teams/index_d.html>Chunichi</a>,WL
Garcia Guillermo,35,113,98,12,23,5,0,2,34,10,0,0,0,0,27,15,0,0,1,0.235,0.336,0.347,0.683,99,0.112,0.304,38.9%,23.9%,13.3%,0.56,<a href=https://npb.jp/bis/eng/teams/index_d.html>Chunichi</a>,WL
Gotoh Shunta,22,78,69,12,17,1,1,0,20,8,1,0,1,0,16,8,0,0,1,0.246,0.325,0.290,0.615,80,0.044,0.321,30.8%,20.5%,10.3%,0.50,<a href=https://npb.jp/bis/eng/teams/index_d.html>Chunichi</a>,WL
Gunji Yuya,33,107,88,14,23,2,0,2,31,10,0,0,1,0,13,14,0,4,2,0.261,0.387,0.352,0.739,116,0.091,0.288,27.1%,12.1%,13.1%,1.08,<a href=https://npb.jp/bis/eng/teams/index_d.html>Chunichi</a>,WL
Hama Shonosuke,88,298,273,27,56,11,0,1,70,13,6,1,4,1,70,18,0,2,3,0.205,0.259,0.256,0.515,50,0.051,0.271,29.9%,23.5%,6.0%,0.26,<a href=https://npb.jp/bis/eng/teams/index_d.html>Chunichi</a>,WL
Higuchi Seishu,104,368,315,39,64,3,9,0,85,13,8,6,19,2,67,31,0,1,3,0.203,0.275,0.270,0.545,59,0.067,0.256,26.6%,18.2%,8.4%,0.46,<a href=https://npb.jp/bis/eng/teams/index_d.html>Chunichi</a>,WL
Hoshino Mao,47,95,83,8,17,1,1,1,23,6,2,0,2,0,29,8,0,2,2,0.205,0.290,0.277,0.567,66,0.072,0.302,40.0%,30.5%,8.4%,0.28,<a href=https://npb.jp/bis/eng/teams/index_d.html>Chunichi</a>,WL
Hosokawa Seiya,2,9,9,1,3,1,0,1,7,1,0,0,0,0,2,0,0,0,0,0.333,0.333,0.778,1.111,215,0.445,0.333,33.3%,22.2%,0.0%,0.00,<a href=https://npb.jp/bis/eng/teams/index_d.html>Chunichi</a>,WL
Ishibashi Kota,22,51,48,2,9,1,0,0,10,1,0,0,0,0,7,3,0,0,3,0.188,0.235,0.208,0.443,31,0.020,0.220,19.6%,13.7%,5.9%,0.43,<a href=https://npb.jp/bis/eng/teams/index_d.html>Chunichi</a>,WL
Ishigaki Masami,66,228,211,21,60,14,1,4,88,26,1,2,1,1,44,13,0,2,3,0.284,0.330,0.417,0.747,116,0.133,0.341,26.8%,19.3%,5.7%,0.30,<a href=https://npb.jp/bis/eng/teams/index_d.html>Chunichi</a>,WL
Ishikawa Takaya,5,13,11,4,6,1,0,2,13,4,0,0,0,0,0,2,0,0,0,0.545,0.615,1.182,1.797,412,0.637,0.444,30.8%,0.0%,15.4%,1.00,<a href=https://npb.jp/bis/eng/teams/index_d.html>Chunichi</a>,WL
Itoh Kosuke,52,190,161,14,35,4,2,0,43,13,2,0,3,2,26,22,0,2,5,0.217,0.316,0.267,0.583,71,0.050,0.255,25.3%,13.7%,11.6%,0.85,<a href=https://npb.jp/bis/eng/teams/index_d.html>Chunichi</a>,WL
Katoh Shohei,25,73,68,6,15,1,1,0,18,4,0,0,1,0,14,4,0,0,0,0.221,0.264,0.265,0.529,54,0.044,0.278,24.7%,19.2%,5.5%,0.29,<a href=https://npb.jp/bis/eng/teams/index_d.html>Chunichi</a>,WL
Katoh Takuma,30,50,43,2,6,2,0,0,8,1,0,1,2,1,13,4,0,0,1,0.140,0.208,0.186,0.394,16,0.046,0.194,34.0%,26.0%,8.0%,0.31,<a href=https://npb.jp/bis/eng/teams/index_d.html>Chunichi</a>,WL
Kawagoe Seiji,1,4,3,0,1,0,1,0,3,3,0,0,0,0,1,1,0,0,0,0.333,0.500,1.000,1.500,327,0.667,0.500,50.0%,25.0%,25.0%,1.00,<a href=https://npb.jp/bis/eng/teams/index_d.html>Chunichi</a>,WL
Kinoshita Takuya,7,25,22,4,8,0,0,1,11,4,0,0,0,0,5,3,0,0,0,0.364,0.440,0.500,0.940,172,0.136,0.438,36.0%,20.0%,12.0%,0.60,<a href=https://npb.jp/bis/eng/teams/index_d.html>Chunichi</a>,WL
Miya Taisei,54,135,128,5,29,5,1,0,36,11,1,0,2,2,36,3,0,0,3,0.227,0.241,0.281,0.522,52,0.054,0.309,28.9%,26.7%,2.2%,0.08,<a href=https://npb.jp/bis/eng/teams/index_d.html>Chunichi</a>,WL
Miyoshi Hironori,63,165,152,19,39,6,1,0,47,16,9,2,0,0,30,7,1,6,2,0.257,0.315,0.309,0.624,82,0.052,0.320,22.4%,18.2%,4.2%,0.23,<a href=https://npb.jp/bis/eng/teams/index_d.html>Chunichi</a>,WL
Mizowaki Hayato,15,53,51,2,9,2,0,0,11,3,0,0,1,0,8,1,0,0,1,0.176,0.192,0.216,0.408,19,0.040,0.209,17.0%,15.1%,1.9%,0.12,<a href=https://npb.jp/bis/eng/teams/index_d.html>Chunichi</a>,WL
Muramatsu Kaito,18,74,70,7,16,2,2,0,22,3,1,0,1,0,12,3,0,0,0,0.229,0.260,0.314,0.574,67,0.085,0.276,20.3%,16.2%,4.1%,0.25,<a href=https://npb.jp/bis/eng/teams/index_d.html>Chunichi</a>,WL
Ohno Shota,33,52,44,2,10,0,0,0,10,3,0,0,2,0,7,5,0,1,1,0.227,0.320,0.227,0.547,61,0.000,0.270,23.1%,13.5%,9.6%,0.71,<a href=https://npb.jp/bis/eng/teams/index_d.html>Chunichi</a>,WL
Revilla Pedro,48,136,128,5,24,6,0,3,39,14,0,1,0,0,48,7,0,1,7,0.188,0.235,0.305,0.540,56,0.117,0.273,42.6%,35.3%,5.1%,0.15,<a href=https://npb.jp/bis/eng/teams/index_d.html>Chunichi</a>,WL
Takahashi Shuhei,5,19,16,3,3,0,0,2,9,2,0,0,0,0,7,3,0,0,0,0.188,0.316,0.563,0.879,152,0.375,0.143,63.2%,36.8%,15.8%,0.43,<a href=https://npb.jp/bis/eng/teams/index_d.html>Chunichi</a>,WL
Takamatsu Wataru,16,29,26,8,8,1,1,0,11,1,2,0,1,0,1,1,0,1,0,0.308,0.357,0.423,0.780,126,0.115,0.320,6.9%,3.4%,3.4%,1.00,<a href=https://npb.jp/bis/eng/teams/index_d.html>Chunichi</a>,WL
Tanaka Mikiya,8,15,15,1,2,0,0,0,2,0,1,0,0,0,3,0,0,0,0,0.133,0.133,0.133,0.266,-22,0.000,0.167,20.0%,20.0%,0.0%,0.00,<a href=https://npb.jp/bis/eng/teams/index_d.html>Chunichi</a>,WL
Tsuchida Ryuku,13,48,44,2,7,0,0,0,7,1,2,0,1,0,9,2,0,1,1,0.159,0.213,0.159,0.372,10,0.000,0.200,22.9%,18.8%,4.2%,0.22,<a href=https://npb.jp/bis/eng/teams/index_d.html>Chunichi</a>,WL
Ukai Kosuke,73,303,279,36,80,21,2,7,126,38,3,1,0,3,68,15,0,6,4,0.287,0.333,0.452,0.785,126,0.165,0.353,29.7%,22.4%,5.0%,0.22,<a href=https://npb.jp/bis/eng/teams/index_d.html>Chunichi</a>,WL
Viciedo Dayan,15,56,50,6,18,7,0,0,25,7,0,0,0,1,6,4,0,1,1,0.360,0.411,0.500,0.911,164,0.140,0.400,17.9%,10.7%,7.1%,0.67,<a href=https://npb.jp/bis/eng/teams/index_d.html>Chunichi</a>,WL
Yamaasa Ryunosuke,67,170,148,9,25,2,0,0,27,5,0,0,11,0,26,9,0,2,3,0.169,0.226,0.182,0.408,21,0.013,0.205,20.6%,15.3%,5.3%,0.35,<a href=https://npb.jp/bis/eng/teams/index_d.html>Chunichi</a>,WL
Adachi Ryoichi,20,57,49,7,9,3,0,1,15,5,1,0,0,0,7,8,0,0,2,0.184,0.298,0.306,0.604,81,0.122,0.195,28.1%,12.3%,14.0%,1.14,<a href=https://npb.jp/bis/eng/teams/index_b.html>ORIX</a>,WL
Cedeno Leandro,40,134,123,21,41,12,0,4,65,19,1,0,0,0,26,10,0,1,3,0.333,0.388,0.528,0.916,177,0.195,0.398,29.9%,19.4%,7.5%,0.38,<a href=https://npb.jp/bis/eng/teams/index_b.html>ORIX</a>,WL
Chano Tokumasa,23,89,81,13,28,2,1,0,32,9,6,2,0,1,13,5,0,2,0,0.346,0.393,0.395,0.788,139,0.049,0.406,20.2%,14.6%,5.6%,0.38,<a href=https://npb.jp/bis/eng/teams/index_b.html>ORIX</a>,WL
Fukuda Shuhei,45,142,120,18,26,4,1,0,32,7,1,2,2,0,7,17,0,3,1,0.217,0.329,0.267,0.596,80,0.050,0.230,16.9%,4.9%,12.0%,2.43,<a href=https://npb.jp/bis/eng/teams/index_b.html>ORIX</a>,WL
Fukunaga Sho,104,296,260,21,50,9,0,3,68,26,0,2,6,3,64,20,1,7,7,0.192,0.266,0.262,0.528,58,0.070,0.240,29.4%,21.6%,6.8%,0.31,<a href=https://npb.jp/bis/eng/teams/index_b.html>ORIX</a>,WL
Gen Kendai,89,218,207,21,48,5,0,1,56,18,5,5,2,0,42,9,0,0,9,0.232,0.264,0.271,0.535,60,0.039,0.287,23.9%,19.3%,4.1%,0.21,<a href=https://npb.jp/bis/eng/teams/index_b.html>ORIX</a>,WL
Gibo Sho,11,44,41,8,12,3,1,0,17,5,1,0,1,0,4,2,0,0,0,0.293,0.326,0.415,0.741,123,0.122,0.324,13.6%,9.1%,4.5%,0.50,<a href=https://npb.jp/bis/eng/teams/index_b.html>ORIX</a>,WL
Gonzalez Marwin,6,19,18,0,1,0,0,0,1,1,0,0,0,0,7,1,0,0,0,0.056,0.105,0.056,0.161,-55,0.000,0.091,42.1%,36.8%,5.3%,0.14,<a href=https://npb.jp/bis/eng/teams/index_b.html>ORIX</a>,WL
Hirano Yamato,43,102,90,11,22,2,0,0,24,6,0,3,1,0,25,11,0,0,4,0.244,0.327,0.267,0.594,80,0.023,0.338,35.3%,24.5%,10.8%,0.44,<a href=https://npb.jp/bis/eng/teams/index_b.html>ORIX</a>,WL
Hirooka Taishi,35,123,110,13,30,5,2,2,45,14,2,1,0,1,26,11,0,1,1,0.273,0.341,0.409,0.750,126,0.136,0.337,31.7%,21.1%,8.9%,0.42,<a href=https://npb.jp/bis/eng/teams/index_b.html>ORIX</a>,WL
Ikeda Ryoma,90,315,282,37,85,12,3,5,118,27,2,1,0,4,61,29,0,0,5,0.301,0.362,0.418,0.780,135,0.117,0.364,30.2%,19.4%,9.2%,0.48,<a href=https://npb.jp/bis/eng/teams/index_b.html>ORIX</a>,WL
Ishikawa Ryo,9,17,15,1,5,2,0,0,7,1,0,0,0,0,2,2,0,0,1,0.333,0.412,0.467,0.879,166,0.134,0.385,23.5%,11.8%,11.8%,1.00,<a href=https://npb.jp/bis/eng/teams/index_b.html>ORIX</a>,WL
Ishioka Ryota,43,82,74,6,16,0,0,0,16,6,0,2,0,0,12,6,0,2,1,0.216,0.293,0.216,0.509,54,0.000,0.258,22.0%,14.6%,7.3%,0.50,<a href=https://npb.jp/bis/eng/teams/index_b.html>ORIX</a>,WL
Kita Ryoto,84,277,251,33,68,10,6,3,99,26,2,3,0,0,67,26,3,0,6,0.271,0.339,0.394,0.733,121,0.123,0.359,34.7%,24.2%,9.4%,0.39,<a href=https://npb.jp/bis/eng/teams/index_b.html>ORIX</a>,WL
Kurebayashi Kotaro,16,61,57,4,16,3,0,0,19,2,0,0,0,1,8,2,0,1,2,0.281,0.311,0.333,0.644,94,0.052,0.320,16.4%,13.1%,3.3%,0.25,<a href=https://npb.jp/bis/eng/teams/index_b.html>ORIX</a>,WL
Mori Tomoya,8,19,19,1,6,1,0,0,7,3,0,0,0,0,3,0,0,0,0,0.316,0.316,0.368,0.684,106,0.052,0.375,15.8%,15.8%,0.0%,0.00,<a href=https://npb.jp/bis/eng/teams/index_b.html>ORIX</a>,WL
Mune Yuma,2,6,6,0,1,0,0,0,1,0,0,0,0,0,1,0,0,0,0,0.167,0.167,0.167,0.334,-2,0.000,0.200,16.7%,16.7%,0.0%,0.00,<a href=https://npb.jp/bis/eng/teams/index_b.html>ORIX</a>,WL
Murakami Kyoichiro,35,77,59,7,16,1,1,0,19,5,0,0,3,1,14,13,0,1,1,0.271,0.405,0.322,0.727,122,0.051,0.348,35.1%,18.2%,16.9%,0.93,<a href=https://npb.jp/bis/eng/teams/index_b.html>ORIX</a>,WL
Naito Ho,28,112,106,13,21,4,1,2,33,15,0,0,0,0,30,5,0,1,3,0.198,0.241,0.311,0.552,65,0.113,0.257,33.0%,26.8%,4.5%,0.17,<a href=https://npb.jp/bis/eng/teams/index_b.html>ORIX</a>,WL
Nakagawa Takuma,20,19,18,1,3,0,0,0,3,1,0,0,0,1,4,0,0,0,1,0.167,0.158,0.167,0.325,-5,0.000,0.200,21.1%,21.1%,0.0%,0.00,<a href=https://npb.jp/bis/eng/teams/index_b.html>ORIX</a>,WL
Nishino Masahiro,43,113,96,14,27,3,2,0,34,14,1,1,0,4,9,12,0,1,2,0.281,0.354,0.354,0.708,114,0.073,0.297,18.6%,8.0%,10.6%,1.33,<a href=https://npb.jp/bis/eng/teams/index_b.html>ORIX</a>,WL
Noguchi Tomoya,43,173,153,26,50,10,2,6,82,20,0,1,1,1,29,15,0,3,5,0.327,0.395,0.536,0.931,181,0.209,0.370,28.9%,16.8%,8.7%,0.52,<a href=https://npb.jp/bis/eng/teams/index_b.html>ORIX</a>,WL
Oda Yuya,7,19,17,1,2,0,0,0,2,1,0,0,0,0,4,2,0,0,1,0.118,0.211,0.118,0.329,-2,0.000,0.154,31.6%,21.1%,10.5%,0.50,<a href=https://npb.jp/bis/eng/teams/index_b.html>ORIX</a>,WL
Ohsato Kosei,53,168,139,18,30,3,1,2,41,14,4,5,5,2,17,18,0,4,2,0.216,0.319,0.295,0.614,86,0.079,0.230,22.0%,10.1%,10.7%,1.06,<a href=https://npb.jp/bis/eng/teams/index_b.html>ORIX</a>,WL
Ohshiro Koji,6,18,14,1,3,0,0,0,3,4,1,0,0,1,3,3,0,0,0,0.214,0.333,0.214,0.547,67,0.000,0.250,33.3%,16.7%,16.7%,1.00,<a href=https://npb.jp/bis/eng/teams/index_b.html>ORIX</a>,WL
Ohta Ryo,16,57,53,4,17,3,1,0,22,4,0,1,1,0,8,3,0,0,0,0.321,0.357,0.415,0.772,133,0.094,0.378,19.3%,14.0%,5.3%,0.38,<a href=https://npb.jp/bis/eng/teams/index_b.html>ORIX</a>,WL
Okada Takahiro,50,139,125,11,29,3,1,3,43,11,0,0,0,1,29,12,0,1,2,0.232,0.302,0.344,0.646,94,0.112,0.277,31.7%,20.9%,8.6%,0.41,<a href=https://npb.jp/bis/eng/teams/index_b.html>ORIX</a>,WL
Sano Kodai,30,104,92,12,28,2,3,0,36,6,3,5,4,0,17,8,0,0,3,0.304,0.360,0.391,0.751,127,0.087,0.373,24.0%,16.3%,7.7%,0.47,<a href=https://npb.jp/bis/eng/teams/index_b.html>ORIX</a>,WL
Sano Yukikazu,77,161,141,7,25,4,0,0,29,4,2,2,1,1,38,18,0,0,3,0.177,0.269,0.206,0.475,43,0.029,0.240,34.8%,23.6%,11.2%,0.47,<a href=https://npb.jp/bis/eng/teams/index_b.html>ORIX</a>,WL
Schwindel Frank,13,38,37,4,13,4,0,0,17,10,0,0,0,1,7,0,0,0,1,0.351,0.342,0.459,0.801,141,0.108,0.419,18.4%,18.4%,0.0%,0.00,<a href=https://npb.jp/bis/eng/teams/index_b.html>ORIX</a>,WL
Sonobe Keita,43,79,72,8,20,4,2,1,31,13,0,0,1,1,12,4,0,1,3,0.278,0.321,0.431,0.752,126,0.153,0.317,21.5%,15.2%,5.1%,0.33,<a href=https://npb.jp/bis/eng/teams/index_b.html>ORIX</a>,WL
Sugimoto Yutaro,20,66,56,8,16,5,1,3,32,15,0,0,0,1,17,7,0,2,0,0.286,0.379,0.571,0.950,186,0.285,0.351,40.9%,25.8%,10.6%,0.41,<a href=https://npb.jp/bis/eng/teams/index_b.html>ORIX</a>,WL
Sugisawa Ryu,92,303,278,23,62,13,2,3,88,38,8,5,3,2,57,16,0,4,5,0.223,0.273,0.317,0.590,77,0.094,0.268,25.1%,18.8%,5.3%,0.28,<a href=https://npb.jp/bis/eng/teams/index_b.html>ORIX</a>,WL
Tongu Yuma,5,15,14,3,3,0,0,1,6,1,0,0,0,0,2,1,0,0,0,0.214,0.267,0.429,0.696,108,0.215,0.182,26.7%,13.3%,6.7%,0.50,<a href=https://npb.jp/bis/eng/teams/index_b.html>ORIX</a>,WL
Tsuri Jui,4,7,6,1,2,0,0,1,5,1,0,0,0,0,0,0,0,1,0,0.333,0.429,0.833,1.262,279,0.500,0.200,14.3%,0.0%,0.0%,,<a href=https://npb.jp/bis/eng/teams/index_b.html>ORIX</a>,WL
Ueno Kyohei,80,189,164,16,35,0,0,1,38,12,4,4,9,2,33,12,0,2,2,0.213,0.272,0.232,0.504,52,0.019,0.258,24.3%,17.5%,6.3%,0.36,<a href=https://npb.jp/bis/eng/teams/index_b.html>ORIX</a>,WL
Wakatsuki Kenya,1,3,3,0,0,0,0,0,0,0,0,0,0,0,1,0,0,0,0,0.000,0.000,0.000,0.000,-106,0.000,0.000,33.3%,33.3%,0.0%,0.00,<a href=https://npb.jp/bis/eng/teams/index_b.html>ORIX</a>,WL
Watanabe Daiki,48,97,90,9,19,2,1,2,29,12,2,0,0,0,21,6,0,1,4,0.211,0.268,0.322,0.590,76,0.111,0.254,29.9%,21.6%,6.2%,0.29,<a href=https://npb.jp/bis/eng/teams/index_b.html>ORIX</a>,WL
Watanabe Haruto,75,232,199,30,51,6,1,0,59,10,20,8,4,0,32,25,2,4,1,0.256,0.351,0.296,0.647,96,0.040,0.305,24.6%,13.8%,10.8%,0.78,<a href=https://npb.jp/bis/eng/teams/index_b.html>ORIX</a>,WL
Yamaashi Tatsuya,55,161,140,13,38,5,1,1,48,19,2,3,5,0,22,16,0,0,4,0.271,0.346,0.343,0.689,108,0.072,0.316,24.2%,13.7%,9.9%,0.73,<a href=https://npb.jp/bis/eng/teams/index_b.html>ORIX</a>,WL
Yamanaka Takayuki,63,186,165,17,36,7,0,6,61,18,1,0,0,0,46,17,0,4,6,0.218,0.306,0.370,0.676,103,0.152,0.265,37.1%,24.7%,9.1%,0.37,<a href=https://npb.jp/bis/eng/teams/index_b.html>ORIX</a>,WL
Apostel Sherten,24,69,61,4,9,3,0,1,15,3,0,0,0,0,31,8,0,0,3,0.148,0.246,0.246,0.492,43,0.098,0.276,58.0%,44.9%,11.6%,0.26,<a href=https://npb.jp/bis/eng/teams/index_m.html>Lotte</a>,EL
Brosseau Michael,8,22,21,2,8,0,0,0,8,1,0,0,0,0,2,1,0,0,0,0.381,0.409,0.381,0.790,129,0.000,0.421,13.6%,9.1%,4.5%,0.50,<a href=https://npb.jp/bis/eng/teams/index_m.html>Lotte</a>,EL
Chatani Kenta,4,15,13,1,4,0,0,0,4,1,0,0,0,0,2,1,0,1,0,0.308,0.400,0.308,0.708,106,0.000,0.364,20.0%,13.3%,6.7%,0.50,<a href=https://npb.jp/bis/eng/teams/index_m.html>Lotte</a>,EL
Emura Naoya,10,17,15,1,3,0,0,0,3,1,1,0,1,0,5,1,0,0,0,0.200,0.250,0.200,0.450,32,0.000,0.300,35.3%,29.4%,5.9%,0.20,<a href=https://npb.jp/bis/eng/teams/index_m.html>Lotte</a>,EL
Fujioka Yudai,3,11,11,3,4,0,0,0,4,0,0,0,0,0,2,0,0,0,0,0.364,0.364,0.364,0.728,110,0.000,0.444,18.2%,18.2%,0.0%,0.00,<a href=https://npb.jp/bis/eng/teams/index_m.html>Lotte</a>,EL
Fujiwara Kyota,13,54,46,13,17,2,0,3,28,5,1,0,1,0,11,7,0,0,1,0.370,0.453,0.609,1.062,202,0.239,0.438,38.9%,20.4%,13.0%,0.64,<a href=https://npb.jp/bis/eng/teams/index_m.html>Lotte</a>,EL
Fukuda Shuhei,91,280,250,32,71,10,2,5,100,23,9,3,1,0,56,29,0,0,1,0.284,0.358,0.400,0.758,118,0.116,0.349,32.1%,20.0%,10.4%,0.52,<a href=https://npb.jp/bis/eng/teams/index_m.html>Lotte</a>,EL
Hayamizu Shota,75,181,163,8,32,4,0,0,36,9,1,1,8,1,32,6,0,3,2,0.196,0.237,0.221,0.458,34,0.025,0.242,21.0%,17.7%,3.3%,0.19,<a href=https://npb.jp/bis/eng/teams/index_m.html>Lotte</a>,EL
Hirasawa Taiga,66,280,225,26,63,10,3,5,94,19,7,7,1,2,43,51,0,1,1,0.280,0.412,0.418,0.830,139,0.138,0.324,35.4%,15.4%,18.2%,1.19,<a href=https://npb.jp/bis/eng/teams/index_m.html>Lotte</a>,EL
Ikeda Raito,69,256,231,26,58,8,1,5,83,19,2,3,2,1,41,15,0,7,9,0.251,0.315,0.359,0.674,94,0.108,0.285,23.8%,16.0%,5.9%,0.37,<a href=https://npb.jp/bis/eng/teams/index_m.html>Lotte</a>,EL
Inoue Seiya,66,224,191,24,56,14,0,7,91,31,0,0,0,1,35,31,0,1,3,0.293,0.393,0.476,0.869,149,0.183,0.327,32.6%,15.6%,13.8%,0.89,<a href=https://npb.jp/bis/eng/teams/index_m.html>Lotte</a>,EL
Kakinuma Tomoya,31,63,54,6,12,4,0,0,16,6,0,0,2,0,14,5,0,2,0,0.222,0.311,0.296,0.607,76,0.074,0.300,30.2%,22.2%,7.9%,0.36,<a href=https://npb.jp/bis/eng/teams/index_m.html>Lotte</a>,EL
Kaneda Yuta,70,254,229,15,46,4,0,0,50,15,1,2,2,0,52,20,0,3,4,0.201,0.274,0.218,0.492,44,0.017,0.260,28.3%,20.5%,7.9%,0.38,<a href=https://npb.jp/bis/eng/teams/index_m.html>Lotte</a>,EL
Katsumata Rui,109,365,347,20,69,16,1,0,87,29,6,2,6,1,100,4,0,7,14,0.199,0.223,0.251,0.474,38,0.052,0.278,28.5%,27.4%,1.1%,0.04,<a href=https://npb.jp/bis/eng/teams/index_m.html>Lotte</a>,EL
Kurokawa Kaisei,18,25,21,1,0,0,0,0,0,0,0,1,0,0,10,2,0,2,1,0.000,0.160,0.000,0.160,-48,0.000,0.000,48.0%,40.0%,8.0%,0.20,<a href=https://npb.jp/bis/eng/teams/index_m.html>Lotte</a>,EL
Matsukawa Kou,99,367,326,22,76,9,0,1,88,28,1,1,5,4,74,31,0,1,12,0.233,0.298,0.270,0.568,65,0.037,0.294,28.9%,20.2%,8.4%,0.42,<a href=https://npb.jp/bis/eng/teams/index_m.html>Lotte</a>,EL
Miki Ryo,64,187,157,12,33,8,0,3,50,19,0,0,8,1,38,19,0,2,7,0.210,0.302,0.318,0.620,79,0.108,0.256,32.1%,20.3%,10.2%,0.50,<a href=https://npb.jp/bis/eng/teams/index_m.html>Lotte</a>,EL
Murayama Ryosuke,13,27,27,2,5,1,0,0,6,3,0,0,0,0,15,0,0,0,0,0.185,0.185,0.222,0.407,18,0.037,0.417,55.6%,55.6%,0.0%,0.00,<a href=https://npb.jp/bis/eng/teams/index_m.html>Lotte</a>,EL
Nishikawa Ryosuke,83,274,263,22,53,8,1,6,81,24,2,1,0,0,84,10,0,1,9,0.202,0.234,0.308,0.542,56,0.106,0.272,36.5%,30.7%,3.6%,0.12,<a href=https://npb.jp/bis/eng/teams/index_m.html>Lotte</a>,EL
Ogawa Ryusei,45,190,172,23,48,7,1,0,57,11,16,9,9,0,35,9,0,0,0,0.279,0.315,0.331,0.646,86,0.052,0.350,23.2%,18.4%,4.7%,0.26,<a href=https://npb.jp/bis/eng/teams/index_m.html>Lotte</a>,EL
Ogino Takashi,7,20,16,5,7,2,0,0,9,1,1,0,0,0,1,4,0,0,0,0.438,0.550,0.563,1.113,219,0.125,0.467,25.0%,5.0%,20.0%,4.00,<a href=https://npb.jp/bis/eng/teams/index_m.html>Lotte</a>,EL
Ohshita Seiichiro,52,192,165,17,42,8,0,2,56,12,0,1,2,1,13,16,0,8,10,0.255,0.347,0.339,0.686,99,0.084,0.265,16.1%,6.8%,8.3%,1.23,<a href=https://npb.jp/bis/eng/teams/index_m.html>Lotte</a>,EL
Oka Hiromi,3,8,8,2,3,1,0,1,7,4,0,0,0,0,2,0,0,0,0,0.375,0.375,0.875,1.250,249,0.500,0.400,37.5%,25.0%,0.0%,0.00,<a href=https://npb.jp/bis/eng/teams/index_m.html>Lotte</a>,EL
Polanco Gregory,1,3,3,0,1,0,0,0,1,0,0,0,0,0,1,0,0,0,0,0.333,0.333,0.333,0.666,93,0.000,0.500,33.3%,33.3%,0.0%,0.00,<a href=https://npb.jp/bis/eng/teams/index_m.html>Lotte</a>,EL
Satoh Toshiya,2,7,7,2,4,1,0,0,5,1,0,1,0,0,1,0,0,0,0,0.571,0.571,0.714,1.285,266,0.143,0.667,14.3%,14.3%,0.0%,0.00,<a href=https://npb.jp/bis/eng/teams/index_m.html>Lotte</a>,EL
Sugano Tsuyoshi,55,199,161,18,42,10,1,2,60,19,2,4,2,2,18,33,0,1,1,0.261,0.386,0.373,0.759,119,0.112,0.280,26.6%,9.0%,16.6%,1.83,<a href=https://npb.jp/bis/eng/teams/index_m.html>Lotte</a>,EL
Takabe Akito,17,67,61,5,20,1,1,1,26,6,4,3,0,0,8,6,0,0,0,0.328,0.388,0.426,0.814,133,0.098,0.365,22.4%,11.9%,9.0%,0.75,<a href=https://npb.jp/bis/eng/teams/index_m.html>Lotte</a>,EL
Tanigawa Yuito,89,269,243,24,54,0,1,0,56,12,2,4,3,0,66,20,0,3,9,0.222,0.289,0.230,0.519,51,0.008,0.305,32.0%,24.5%,7.4%,0.30,<a href=https://npb.jp/bis/eng/teams/index_m.html>Lotte</a>,EL
Tomosugi Atsuki,6,24,21,1,5,1,1,0,8,4,1,1,0,0,1,3,0,0,3,0.238,0.333,0.381,0.714,105,0.143,0.250,16.7%,4.2%,12.5%,3.00,<a href=https://npb.jp/bis/eng/teams/index_m.html>Lotte</a>,EL
Ueda Shota,66,167,154,14,39,7,0,3,55,18,1,1,4,0,27,7,0,2,4,0.253,0.294,0.357,0.651,87,0.104,0.290,22.2%,16.2%,4.2%,0.26,<a href=https://npb.jp/bis/eng/teams/index_m.html>Lotte</a>,EL
Wada Koshiro,29,118,106,16,24,2,1,1,31,2,14,1,5,0,28,7,0,0,0,0.226,0.274,0.292,0.566,64,0.066,0.299,30.5%,23.7%,5.9%,0.25,<a href=https://npb.jp/bis/eng/teams/index_m.html>Lotte</a>,EL
Yamaguchi Koki,7,24,20,1,6,1,0,1,10,7,0,1,0,0,4,3,0,1,0,0.300,0.417,0.500,0.917,162,0.200,0.333,33.3%,16.7%,12.5%,0.75,<a href=https://npb.jp/bis/eng/teams/index_m.html>Lotte</a>,EL
Yamamoto Daito,65,271,250,30,55,10,0,9,92,30,4,2,0,0,74,18,0,3,8,0.220,0.280,0.368,0.648,86,0.148,0.275,37.3%,27.3%,6.6%,0.24,<a href=https://npb.jp/bis/eng/teams/index_m.html>Lotte</a>,EL
Yasuda Hisanori,5,20,17,2,7,1,0,0,8,3,0,1,0,0,3,3,0,0,0,0.412,0.500,0.471,0.971,180,0.059,0.500,30.0%,15.0%,15.0%,1.00,<a href=https://npb.jp/bis/eng/teams/index_m.html>Lotte</a>,EL
Astudillo Willians,36,99,92,6,28,1,0,4,41,15,0,0,0,1,2,2,0,4,1,0.304,0.343,0.446,0.789,129,0.142,0.276,8.1%,2.0%,2.0%,1.00,<a href=https://npb.jp/bis/eng/teams/index_h.html>SoftBank</a>,WL
Despaigne Alfredo,19,66,56,4,13,3,0,2,22,9,0,0,0,0,11,10,0,0,0,0.232,0.348,0.393,0.741,116,0.161,0.256,34.8%,16.7%,15.2%,0.91,<a href=https://npb.jp/bis/eng/teams/index_h.html>SoftBank</a>,WL
Fujino Keio,2,3,2,2,1,0,0,1,4,1,0,0,1,0,1,0,0,0,0,0.500,0.500,2.000,2.500,602,1.500,,66.7%,33.3%,0.0%,0.00,<a href=https://npb.jp/bis/eng/teams/index_h.html>SoftBank</a>,WL
Galvis Freddy,41,122,105,7,26,5,0,2,37,18,0,0,0,4,21,12,0,1,2,0.248,0.320,0.352,0.672,96,0.104,0.279,28.7%,17.2%,9.8%,0.57,<a href=https://npb.jp/bis/eng/teams/index_h.html>SoftBank</a>,WL
Hawkins Courtney,82,210,186,14,42,12,1,4,68,17,0,1,0,1,61,18,0,5,4,0.226,0.310,0.366,0.676,97,0.140,0.311,39.5%,29.0%,8.6%,0.30,<a href=https://npb.jp/bis/eng/teams/index_h.html>SoftBank</a>,WL
Imamiya Kenta,1,4,3,0,0,0,0,0,0,0,0,0,0,0,0,1,0,0,0,0.000,0.250,0.000,0.250,-22,0.000,0.000,25.0%,0.0%,25.0%,1.00,<a href=https://npb.jp/bis/eng/teams/index_h.html>SoftBank</a>,WL
Inoue Tomoya,89,317,289,37,73,18,4,9,126,38,6,3,4,3,65,16,0,5,8,0.253,0.300,0.436,0.736,113,0.183,0.294,28.4%,20.5%,5.0%,0.25,<a href=https://npb.jp/bis/eng/teams/index_h.html>SoftBank</a>,WL
Ishizuka Soichiro,5,14,14,0,3,1,0,0,4,1,0,0,0,0,5,0,0,0,1,0.214,0.214,0.286,0.500,46,0.072,0.333,35.7%,35.7%,0.0%,0.00,<a href=https://npb.jp/bis/eng/teams/index_h.html>SoftBank</a>,WL
Itoh Daisuke,24,56,48,4,9,2,0,0,11,6,1,0,1,2,7,3,0,2,0,0.188,0.255,0.229,0.484,43,0.041,0.209,17.9%,12.5%,5.4%,0.43,<a href=https://npb.jp/bis/eng/teams/index_h.html>SoftBank</a>,WL
Kai Ikumi,69,269,249,37,58,10,4,8,100,40,2,1,1,2,51,12,0,5,5,0.233,0.280,0.402,0.682,97,0.169,0.260,26.4%,19.0%,4.5%,0.24,<a href=https://npb.jp/bis/eng/teams/index_h.html>SoftBank</a>,WL
Kai Takuya,2,7,7,1,2,1,0,0,3,1,0,0,0,0,2,0,0,0,0,0.286,0.286,0.429,0.715,106,0.143,0.400,28.6%,28.6%,0.0%,0.00,<a href=https://npb.jp/bis/eng/teams/index_h.html>SoftBank</a>,WL
Katsuren Haruki,64,140,120,8,24,4,2,0,32,11,3,3,12,0,29,5,0,3,0,0.200,0.250,0.267,0.517,51,0.067,0.264,24.3%,20.7%,3.6%,0.17,<a href=https://npb.jp/bis/eng/teams/index_h.html>SoftBank</a>,WL
Kawamura Yuto,68,204,177,34,46,15,4,6,87,20,6,4,2,4,48,17,0,4,2,0.260,0.332,0.492,0.824,138,0.232,0.315,34.8%,23.5%,8.3%,0.35,<a href=https://npb.jp/bis/eng/teams/index_h.html>SoftBank</a>,WL
Kawarada Jumpei,59,143,118,16,21,2,0,1,26,7,3,1,10,1,28,12,0,2,2,0.178,0.263,0.220,0.483,43,0.042,0.222,28.7%,19.6%,8.4%,0.43,<a href=https://npb.jp/bis/eng/teams/index_h.html>SoftBank</a>,WL
Kawase Hikaru,2,9,9,0,1,1,0,0,2,0,0,0,0,0,1,0,0,0,0,0.111,0.111,0.222,0.333,-4,0.111,0.125,11.1%,11.1%,0.0%,0.00,<a href=https://npb.jp/bis/eng/teams/index_h.html>SoftBank</a>,WL
Kuki Ryuhei,27,52,45,10,10,2,0,1,15,7,1,1,1,1,13,5,0,0,0,0.222,0.294,0.333,0.627,82,0.111,0.281,36.5%,25.0%,9.6%,0.38,<a href=https://npb.jp/bis/eng/teams/index_h.html>SoftBank</a>,WL
Kurihara Ryoya,6,23,21,2,6,0,0,0,6,1,0,0,0,1,1,1,0,0,2,0.286,0.304,0.286,0.590,73,0.000,0.286,8.7%,4.3%,4.3%,1.00,<a href=https://npb.jp/bis/eng/teams/index_h.html>SoftBank</a>,WL
Kuwahara Shuji,1,4,3,1,1,1,0,0,2,1,0,0,0,0,0,1,0,0,0,0.333,0.500,0.667,1.167,238,0.334,0.333,25.0%,0.0%,25.0%,1.00,<a href=https://npb.jp/bis/eng/teams/index_h.html>SoftBank</a>,WL
Makihara Kota,5,10,7,0,1,0,0,0,1,4,0,0,0,1,5,2,0,0,0,0.143,0.300,0.143,0.443,33,0.000,0.333,70.0%,50.0%,20.0%,0.40,<a href=https://npb.jp/bis/eng/teams/index_h.html>SoftBank</a>,WL
Makihara Taisei,8,25,24,3,8,0,0,0,8,2,1,0,0,0,2,1,0,0,0,0.333,0.360,0.333,0.693,103,0.000,0.364,12.0%,8.0%,4.0%,0.50,<a href=https://npb.jp/bis/eng/teams/index_h.html>SoftBank</a>,WL
Masaki Tomoya,22,85,78,7,13,5,1,0,20,7,0,1,0,0,20,7,0,0,1,0.167,0.235,0.256,0.491,44,0.089,0.224,31.8%,23.5%,8.2%,0.35,<a href=https://npb.jp/bis/eng/teams/index_h.html>SoftBank</a>,WL
Masuda Shu,61,225,184,36,46,12,5,1,71,14,2,2,3,1,30,33,1,4,5,0.250,0.374,0.386,0.760,122,0.136,0.292,28.4%,13.3%,14.7%,1.10,<a href=https://npb.jp/bis/eng/teams/index_h.html>SoftBank</a>,WL
Mimori Masaki,21,90,83,15,23,2,1,1,30,9,7,2,0,0,7,7,0,0,0,0.277,0.333,0.361,0.694,102,0.084,0.293,16.7%,7.8%,7.8%,1.00,<a href=https://npb.jp/bis/eng/teams/index_h.html>SoftBank</a>,WL
Minei Hiroki,9,25,23,1,5,1,0,1,9,4,0,0,0,0,5,1,0,1,2,0.217,0.280,0.391,0.671,94,0.174,0.235,28.0%,20.0%,4.0%,0.20,<a href=https://npb.jp/bis/eng/teams/index_h.html>SoftBank</a>,WL
Mishiro Yoshiki,3,5,4,0,1,0,0,0,1,0,0,0,0,0,1,0,0,1,0,0.250,0.400,0.250,0.650,93,0.000,0.333,20.0%,20.0%,0.0%,0.00,<a href=https://npb.jp/bis/eng/teams/index_h.html>SoftBank</a>,WL
Mizutani Shun,83,259,232,24,60,16,3,4,94,35,1,3,3,2,49,21,0,1,5,0.259,0.320,0.405,0.725,110,0.146,0.309,28.6%,18.9%,8.1%,0.43,<a href=https://npb.jp/bis/eng/teams/index_h.html>SoftBank</a>,WL
Nakata Keisuke,70,250,226,29,62,6,3,1,77,18,8,2,12,1,28,11,0,0,5,0.274,0.307,0.341,0.648,89,0.067,0.308,16.0%,11.2%,4.4%,0.39,<a href=https://npb.jp/bis/eng/teams/index_h.html>SoftBank</a>,WL
Nishio Ayuma,70,194,162,20,37,3,2,0,44,14,0,4,7,3,36,21,0,1,0,0.228,0.316,0.272,0.588,72,0.044,0.287,29.4%,18.6%,10.8%,0.58,<a href=https://npb.jp/bis/eng/teams/index_h.html>SoftBank</a>,WL
Nomura Daiju,48,149,118,24,37,10,3,0,53,19,1,1,1,2,20,26,0,2,2,0.314,0.439,0.449,0.888,159,0.135,0.370,30.9%,13.4%,17.4%,1.30,<a href=https://npb.jp/bis/eng/teams/index_h.html>SoftBank</a>,WL
Nomura Isami,12,49,43,9,18,2,0,1,23,2,2,2,0,0,9,6,0,0,0,0.419,0.490,0.535,1.025,198,0.116,0.515,32.7%,18.4%,12.2%,0.67,<a href=https://npb.jp/bis/eng/teams/index_h.html>SoftBank</a>,WL
Ogata Riku,50,68,57,11,8,1,0,0,9,1,4,3,3,1,16,6,0,1,0,0.140,0.231,0.158,0.389,16,0.018,0.190,32.4%,23.5%,8.8%,0.38,<a href=https://npb.jp/bis/eng/teams/index_h.html>SoftBank</a>,WL
Sasagawa Yoshiyasu,90,246,227,27,48,10,2,4,74,29,11,3,0,1,73,14,0,4,2,0.211,0.268,0.326,0.594,72,0.115,0.291,37.0%,29.7%,5.7%,0.19,<a href=https://npb.jp/bis/eng/teams/index_h.html>SoftBank</a>,WL
Satoh Kota,1,1,1,0,1,0,1,0,3,0,0,0,0,0,0,0,0,0,0,1.000,1.000,3.000,4.000,1029,2.000,1.000,0.0%,0.0%,0.0%,,<a href=https://npb.jp/bis/eng/teams/index_h.html>SoftBank</a>,WL
Satoh Naoki,17,51,46,8,10,0,1,0,12,2,5,1,0,0,17,5,0,0,1,0.217,0.294,0.261,0.555,63,0.044,0.345,43.1%,33.3%,9.8%,0.29,<a href=https://npb.jp/bis/eng/teams/index_h.html>SoftBank</a>,WL
Shuto Ukyo,4,16,15,3,4,0,0,0,4,0,3,1,0,0,4,1,0,0,0,0.267,0.313,0.267,0.580,70,0.000,0.364,31.2%,25.0%,6.2%,0.25,<a href=https://npb.jp/bis/eng/teams/index_h.html>SoftBank</a>,WL
Sunagawa Richard,72,291,236,40,53,9,2,19,123,56,0,1,0,2,92,37,0,16,3,0.225,0.364,0.521,0.885,155,0.296,0.268,50.9%,31.6%,12.7%,0.40,<a href=https://npb.jp/bis/eng/teams/index_h.html>SoftBank</a>,WL
Tanigawara Kenta,20,52,42,4,7,1,0,0,8,3,3,2,1,0,12,8,0,1,0,0.167,0.314,0.190,0.504,50,0.023,0.233,38.5%,23.1%,15.4%,0.67,<a href=https://npb.jp/bis/eng/teams/index_h.html>SoftBank</a>,WL
Uebayashi Seiji,56,193,174,23,42,13,0,4,67,17,4,1,0,3,34,14,0,2,1,0.241,0.301,0.385,0.686,99,0.144,0.273,26.9%,17.6%,7.3%,0.41,<a href=https://npb.jp/bis/eng/teams/index_h.html>SoftBank</a>,WL
Umino Takashi,52,142,118,15,25,5,0,4,42,16,0,0,6,2,32,15,0,1,6,0.212,0.301,0.356,0.657,91,0.144,0.250,35.9%,22.5%,10.6%,0.47,<a href=https://npb.jp/bis/eng/teams/index_h.html>SoftBank</a>,WL
Watanabe Riku,79,215,182,16,41,3,0,2,50,17,4,5,5,2,46,25,1,1,1,0.225,0.319,0.275,0.594,74,0.050,0.287,34.0%,21.4%,11.6%,0.54,<a href=https://npb.jp/bis/eng/teams/index_h.html>SoftBank</a>,WL
Yamamoto Keita,5,7,5,1,2,1,0,0,3,0,0,0,0,0,3,2,0,0,0,0.400,0.571,0.600,1.171,241,0.200,1.000,71.4%,42.9%,28.6%,0.67,<a href=https://npb.jp/bis/eng/teams/index_h.html>SoftBank</a>,WL
Yamashita Kyogo,2,6,6,1,3,0,0,0,3,0,0,0,0,0,2,0,0,0,0,0.500,0.500,0.500,1.000,192,0.000,0.750,33.3%,33.3%,0.0%,0.00,<a href=https://npb.jp/bis/eng/teams/index_h.html>SoftBank</a>,WL
Yanagimachi Tatsuru,15,55,46,6,17,3,0,1,23,9,0,0,0,1,8,7,0,1,2,0.370,0.455,0.500,0.955,178,0.130,0.421,29.1%,14.5%,12.7%,0.88,<a href=https://npb.jp/bis/eng/teams/index_h.html>SoftBank</a>,WL
Yoshida Kengo,32,93,87,7,27,8,0,2,41,15,0,0,2,1,13,3,0,0,2,0.310,0.330,0.471,0.801,132,0.161,0.342,19.4%,14.0%,3.2%,0.23,<a href=https://npb.jp/bis/eng/teams/index_h.html>SoftBank</a>,WL
Abe Toshiki,30,99,83,11,27,3,0,3,39,15,0,0,0,3,16,13,0,0,0,0.325,0.404,0.470,0.874,158,0.145,0.358,32.3%,16.2%,13.1%,0.81,<a href=https://npb.jp/bis/eng/teams/index_e.html>Rakuten</a>,EL
Akaminai Ginji,87,225,182,12,50,11,1,1,66,22,0,0,1,2,19,34,1,5,8,0.275,0.399,0.363,0.762,126,0.088,0.299,24.0%,8.4%,15.1%,1.79,<a href=https://npb.jp/bis/eng/teams/index_e.html>Rakuten</a>,EL
Egawa Yuto,25,52,47,4,8,1,0,0,9,3,0,0,0,0,18,5,0,0,3,0.170,0.250,0.191,0.441,31,0.021,0.276,44.2%,34.6%,9.6%,0.28,<a href=https://npb.jp/bis/eng/teams/index_e.html>Rakuten</a>,EL
Franco Maikel,6,21,20,4,5,0,0,1,8,4,0,0,0,0,3,1,0,0,1,0.250,0.286,0.400,0.686,101,0.150,0.250,23.8%,14.3%,4.8%,0.33,<a href=https://npb.jp/bis/eng/teams/index_e.html>Rakuten</a>,EL
Gittens Chris,14,43,35,6,12,4,0,2,22,15,0,0,0,1,10,7,0,0,1,0.343,0.442,0.629,1.071,214,0.286,0.417,44.2%,23.3%,16.3%,0.70,<a href=https://npb.jp/bis/eng/teams/index_e.html>Rakuten</a>,EL
Horiuchi Kengo,76,212,174,30,46,11,0,2,63,19,2,0,7,4,37,24,0,3,5,0.264,0.356,0.362,0.718,113,0.098,0.317,29.7%,17.5%,11.3%,0.65,<a href=https://npb.jp/bis/eng/teams/index_e.html>Rakuten</a>,EL
Irie Daiki,107,316,287,32,72,17,0,3,98,38,0,1,7,2,57,10,0,10,9,0.251,0.298,0.341,0.639,88,0.090,0.301,22.2%,18.0%,3.2%,0.18,<a href=https://npb.jp/bis/eng/teams/index_e.html>Rakuten</a>,EL
Ishihara Tsuyoshi,42,105,81,9,19,2,0,3,30,11,0,0,3,1,27,19,0,1,1,0.235,0.382,0.370,0.752,123,0.135,0.308,46.7%,25.7%,18.1%,0.70,<a href=https://npb.jp/bis/eng/teams/index_e.html>Rakuten</a>,EL
Itoh Yukiya,2,9,8,3,3,1,0,1,7,1,0,0,0,0,3,1,0,0,0,0.375,0.444,0.875,1.319,284,0.500,0.500,55.6%,33.3%,11.1%,0.33,<a href=https://npb.jp/bis/eng/teams/index_e.html>Rakuten</a>,EL
Kurokawa Fumiya,92,385,339,49,104,15,1,5,136,55,1,1,4,4,40,36,0,2,7,0.307,0.373,0.401,0.774,129,0.094,0.332,21.0%,10.4%,9.4%,0.90,<a href=https://npb.jp/bis/eng/teams/index_e.html>Rakuten</a>,EL
Maeda Ginji,22,54,51,3,10,3,0,0,13,4,0,0,0,0,22,3,0,0,0,0.196,0.241,0.255,0.496,46,0.059,0.345,46.3%,40.7%,5.6%,0.14,<a href=https://npb.jp/bis/eng/teams/index_e.html>Rakuten</a>,EL
Mizukami Kei,37,94,79,11,22,6,0,0,28,4,1,1,6,0,13,9,0,0,1,0.278,0.352,0.354,0.706,109,0.076,0.333,23.4%,13.8%,9.6%,0.69,<a href=https://npb.jp/bis/eng/teams/index_e.html>Rakuten</a>,EL
Mogi Eigoro,72,177,155,25,46,9,1,3,66,23,1,1,0,0,28,22,0,0,2,0.297,0.384,0.426,0.810,139,0.129,0.347,29.9%,15.8%,12.4%,0.79,<a href=https://npb.jp/bis/eng/teams/index_e.html>Rakuten</a>,EL
Murabayashi Itsuki,32,82,67,12,17,4,1,1,26,4,2,3,3,0,10,11,0,1,6,0.254,0.367,0.388,0.755,123,0.134,0.286,26.8%,12.2%,13.4%,1.10,<a href=https://npb.jp/bis/eng/teams/index_e.html>Rakuten</a>,EL
Mutoh Atsuki,90,256,201,42,52,12,2,3,77,17,5,3,7,2,41,37,0,9,1,0.259,0.394,0.383,0.777,130,0.124,0.308,31.6%,16.0%,14.5%,0.90,<a href=https://npb.jp/bis/eng/teams/index_e.html>Rakuten</a>,EL
Nagata Sotaro,58,160,143,17,32,2,0,0,34,11,1,0,3,0,19,14,0,0,6,0.224,0.293,0.238,0.531,58,0.014,0.258,20.6%,11.9%,8.8%,0.74,<a href=https://npb.jp/bis/eng/teams/index_e.html>Rakuten</a>,EL
Nishikawa Haruki,63,229,179,42,66,16,3,5,103,29,8,2,4,1,38,41,1,4,3,0.369,0.493,0.575,1.068,215,0.206,0.445,36.7%,16.6%,17.9%,1.08,<a href=https://npb.jp/bis/eng/teams/index_e.html>Rakuten</a>,EL
Ogoh Yuya,2,9,9,2,4,3,0,0,7,1,0,0,0,0,1,0,0,0,0,0.444,0.444,0.778,1.222,257,0.334,0.500,11.1%,11.1%,0.0%,0.00,<a href=https://npb.jp/bis/eng/teams/index_e.html>Rakuten</a>,EL
Okajima Takero,15,59,48,6,16,1,0,2,23,9,1,0,0,0,6,11,0,0,1,0.333,0.458,0.479,0.937,178,0.146,0.350,32.2%,10.2%,18.6%,1.83,<a href=https://npb.jp/bis/eng/teams/index_e.html>Rakuten</a>,EL
Okawara Sho,27,32,28,9,6,2,0,1,11,3,1,0,0,0,13,4,0,0,0,0.214,0.313,0.393,0.706,108,0.179,0.357,56.2%,40.6%,12.5%,0.31,<a href=https://npb.jp/bis/eng/teams/index_e.html>Rakuten</a>,EL
Sawano Kiyoharu,33,59,52,5,5,0,0,0,5,1,1,0,4,0,15,2,0,1,0,0.096,0.145,0.096,0.241,-28,0.000,0.135,28.8%,25.4%,3.4%,0.13,<a href=https://npb.jp/bis/eng/teams/index_e.html>Rakuten</a>,EL
Shimauchi Hiroaki,17,63,48,6,15,2,0,3,26,13,0,0,0,0,3,14,0,1,2,0.313,0.476,0.542,1.018,201,0.229,0.286,31.7%,4.8%,22.2%,4.67,<a href=https://npb.jp/bis/eng/teams/index_e.html>Rakuten</a>,EL
Shozui Yuya,105,331,286,39,80,23,3,7,130,53,3,0,0,2,63,42,0,1,14,0.280,0.372,0.455,0.827,143,0.175,0.335,33.8%,19.0%,12.7%,0.67,<a href=https://npb.jp/bis/eng/teams/index_e.html>Rakuten</a>,EL
Suzuki Daichi,11,42,28,4,7,1,0,0,8,3,2,0,2,0,0,9,0,3,0,0.250,0.475,0.286,0.761,129,0.036,0.250,21.4%,0.0%,21.4%,1.00,<a href=https://npb.jp/bis/eng/teams/index_e.html>Rakuten</a>,EL
Taira Ryuya,102,297,247,29,64,11,1,2,83,26,6,3,8,5,37,26,0,11,7,0.259,0.349,0.336,0.685,103,0.077,0.291,21.9%,12.5%,8.8%,0.70,<a href=https://npb.jp/bis/eng/teams/index_e.html>Rakuten</a>,EL
Tanaka Kazuki,1,5,5,1,2,1,0,0,3,1,0,0,0,0,0,0,0,0,0,0.400,0.400,0.600,1.000,193,0.200,0.400,0.0%,0.0%,0.0%,,<a href=https://npb.jp/bis/eng/teams/index_e.html>Rakuten</a>,EL
Tanaka Takaya,55,109,89,9,18,2,0,3,29,14,0,0,3,2,21,14,0,1,4,0.202,0.311,0.326,0.637,88,0.124,0.224,34.9%,19.3%,12.8%,0.67,<a href=https://npb.jp/bis/eng/teams/index_e.html>Rakuten</a>,EL
Tatsumi Konosuke,96,314,283,47,71,5,1,0,78,10,17,5,8,1,43,19,0,3,10,0.251,0.304,0.276,0.580,72,0.025,0.295,19.7%,13.7%,6.1%,0.44,<a href=https://npb.jp/bis/eng/teams/index_e.html>Rakuten</a>,EL
Tatsumi Ryosuke,5,24,18,4,9,0,0,0,9,2,2,0,0,0,4,6,0,0,2,0.500,0.625,0.500,1.125,237,0.000,0.643,41.7%,16.7%,25.0%,1.50,<a href=https://npb.jp/bis/eng/teams/index_e.html>Rakuten</a>,EL
Urena Estamy,66,202,186,17,45,7,1,5,69,18,0,1,0,0,35,16,1,0,5,0.242,0.302,0.371,0.673,97,0.129,0.274,27.7%,17.3%,7.9%,0.46,<a href=https://npb.jp/bis/eng/teams/index_e.html>Rakuten</a>,EL
Wada Ren,105,349,301,47,87,20,0,16,155,71,3,2,0,9,67,35,0,4,10,0.289,0.361,0.515,0.876,157,0.226,0.313,33.8%,19.2%,10.0%,0.52,<a href=https://npb.jp/bis/eng/teams/index_e.html>Rakuten</a>,EL
Watanabe Yoshiaki,77,301,250,36,93,8,0,1,104,37,1,1,15,4,28,32,0,0,4,0.372,0.437,0.416,0.853,153,0.044,0.409,20.3%,9.3%,10.6%,1.14,<a href=https://npb.jp/bis/eng/teams/index_e.html>Rakuten</a>,EL
Yamasaki Tsuyoshi,2,8,6,1,1,0,0,0,1,0,0,0,0,0,2,2,0,0,0,0.167,0.375,0.167,0.542,64,0.000,0.250,50.0%,25.0%,25.0%,1.00,<a href=https://npb.jp/bis/eng/teams/index_e.html>Rakuten</a>,EL
Yanagisawa Ozora,77,73,64,13,13,2,0,0,15,6,0,2,1,0,26,6,0,2,0,0.203,0.292,0.234,0.526,57,0.031,0.342,43.8%,35.6%,8.2%,0.23,<a href=https://npb.jp/bis/eng/teams/index_e.html>Rakuten</a>,EL
Yasuda Yuma,18,69,55,6,17,4,0,0,21,2,0,0,2,0,8,12,0,0,5,0.309,0.433,0.382,0.815,142,0.073,0.362,29.0%,11.6%,17.4%,1.50,<a href=https://npb.jp/bis/eng/teams/index_e.html>Rakuten</a>,EL
Yokoo Toshitake,98,232,198,21,57,10,0,6,85,26,0,0,2,2,29,27,0,3,7,0.288,0.378,0.429,0.807,138,0.141,0.309,26.7%,12.5%,11.6%,0.93,<a href=https://npb.jp/bis/eng/teams/index_e.html>Rakuten</a>,EL
Yoshino Soshi,6,5,5,1,0,0,0,0,0,0,0,0,0,0,2,0,0,0,0,0.000,0.000,0.000,0.000,-102,0.000,0.000,40.0%,40.0%,0.0%,0.00,<a href=https://npb.jp/bis/eng/teams/index_e.html>Rakuten</a>,EL
Cuadrado Romer,4,11,10,2,3,0,0,0,3,4,0,0,0,0,2,1,0,0,0,0.300,0.364,0.300,0.664,91,0.000,0.375,27.3%,18.2%,9.1%,0.50,<a href=https://npb.jp/bis/eng/teams/index_l.html>Seibu</a>,EL
Furuichi Takeru,40,136,116,17,37,9,2,0,50,15,6,0,4,1,18,14,0,1,2,0.319,0.394,0.431,0.825,135,0.112,0.374,23.5%,13.2%,10.3%,0.78,<a href=https://npb.jp/bis/eng/teams/index_l.html>Seibu</a>,EL
Genda Sosuke,5,17,13,3,4,0,1,0,6,1,1,0,0,0,4,4,0,0,1,0.308,0.471,0.462,0.933,166,0.154,0.444,47.1%,23.5%,23.5%,1.00,<a href=https://npb.jp/bis/eng/teams/index_l.html>Seibu</a>,EL
Hasegawa Shinya,52,221,205,33,68,9,2,8,105,37,18,5,1,2,34,10,0,3,1,0.332,0.368,0.512,0.880,149,0.180,0.364,23.5%,15.4%,4.5%,0.29,<a href=https://npb.jp/bis/eng/teams/index_l.html>Seibu</a>,EL
Higuma Montell,21,48,47,6,13,1,0,1,17,2,2,2,0,0,9,0,0,1,1,0.277,0.292,0.362,0.654,87,0.085,0.324,20.8%,18.8%,0.0%,0.00,<a href=https://npb.jp/bis/eng/teams/index_l.html>Seibu</a>,EL
Hiranuma Shota,10,31,28,6,6,1,0,0,7,1,2,0,0,0,4,3,0,0,0,0.214,0.290,0.250,0.540,56,0.036,0.250,22.6%,12.9%,9.7%,0.75,<a href=https://npb.jp/bis/eng/teams/index_l.html>Seibu</a>,EL
Hiruma Takuya,41,171,151,33,45,13,2,3,71,23,3,0,3,2,24,15,0,0,1,0.298,0.357,0.470,0.827,134,0.172,0.333,24.6%,14.0%,8.8%,0.62,<a href=https://npb.jp/bis/eng/teams/index_l.html>Seibu</a>,EL
Kaneko Yuji,33,148,129,18,31,6,1,0,39,11,9,1,2,2,18,14,0,1,3,0.240,0.315,0.302,0.617,77,0.062,0.274,21.6%,12.2%,9.5%,0.78,<a href=https://npb.jp/bis/eng/teams/index_l.html>Seibu</a>,EL
Kawagoe Seiji,38,135,120,18,35,5,2,7,65,25,0,2,0,0,24,15,0,0,0,0.292,0.370,0.542,0.912,157,0.250,0.315,34.1%,17.8%,11.1%,0.62,<a href=https://npb.jp/bis/eng/teams/index_l.html>Seibu</a>,EL
Kawano Ryota,41,128,110,19,20,4,0,3,33,10,0,2,4,2,27,12,0,0,4,0.182,0.258,0.300,0.558,60,0.118,0.207,32.8%,21.1%,9.4%,0.44,<a href=https://npb.jp/bis/eng/teams/index_l.html>Seibu</a>,EL
Kishi Junichiro,39,144,133,25,32,4,0,6,54,17,7,0,0,0,20,7,0,4,7,0.241,0.299,0.406,0.705,100,0.165,0.243,22.9%,13.9%,4.9%,0.35,<a href=https://npb.jp/bis/eng/teams/index_l.html>Seibu</a>,EL
Kodama Ryosuke,43,184,163,23,45,4,4,1,60,14,5,3,5,1,21,12,0,3,1,0.276,0.335,0.368,0.703,101,0.092,0.310,18.5%,11.4%,6.5%,0.57,<a href=https://npb.jp/bis/eng/teams/index_l.html>Seibu</a>,EL
Koga Yuto,3,9,8,0,1,0,0,0,1,0,0,0,0,0,1,1,0,0,0,0.125,0.222,0.125,0.347,4,0.000,0.143,22.2%,11.1%,11.1%,1.00,<a href=https://npb.jp/bis/eng/teams/index_l.html>Seibu</a>,EL
Koresawa Ryosuke,26,64,58,7,12,3,0,2,21,2,0,0,2,0,14,3,0,1,1,0.207,0.258,0.362,0.620,76,0.155,0.238,29.7%,21.9%,4.7%,0.21,<a href=https://npb.jp/bis/eng/teams/index_l.html>Seibu</a>,EL
Kuriyama Takumi,1,4,3,2,2,0,0,0,2,1,0,0,0,0,1,1,0,0,0,0.667,0.750,0.667,1.417,303,0.000,1.000,50.0%,25.0%,25.0%,1.00,<a href=https://npb.jp/bis/eng/teams/index_l.html>Seibu</a>,EL
Mackinnon David,1,3,3,3,3,1,0,2,10,3,0,0,0,0,0,0,0,0,0,1.000,1.000,3.333,4.333,1077,2.333,1.000,66.7%,0.0%,0.0%,,<a href=https://npb.jp/bis/eng/teams/index_l.html>Seibu</a>,EL
Makino Shoya,42,126,113,12,25,5,1,2,38,12,0,1,3,1,30,9,0,0,1,0.221,0.276,0.336,0.612,75,0.115,0.280,32.5%,23.8%,7.1%,0.30,<a href=https://npb.jp/bis/eng/teams/index_l.html>Seibu</a>,EL
Miyamoto Joseph Ken,22,34,29,3,5,0,1,0,7,4,3,2,2,0,7,3,0,0,1,0.172,0.250,0.241,0.491,42,0.069,0.227,29.4%,20.6%,8.8%,0.43,<a href=https://npb.jp/bis/eng/teams/index_l.html>Seibu</a>,EL
Nakaguma Daichi,2,7,7,0,1,0,0,0,1,0,0,0,0,0,3,0,0,0,0,0.143,0.143,0.143,0.286,-15,0.000,0.250,42.9%,42.9%,0.0%,0.00,<a href=https://npb.jp/bis/eng/teams/index_l.html>Seibu</a>,EL
Nakamigawa Yuta,11,33,29,5,10,2,0,1,15,5,0,0,0,0,6,3,0,1,0,0.345,0.424,0.517,0.941,167,0.172,0.409,30.3%,18.2%,9.1%,0.50,<a href=https://npb.jp/bis/eng/teams/index_l.html>Seibu</a>,EL
Nakamura Takeya,6,19,18,0,4,1,0,0,5,2,0,0,0,0,2,1,0,0,0,0.222,0.263,0.278,0.541,56,0.056,0.250,15.8%,10.5%,5.3%,0.50,<a href=https://npb.jp/bis/eng/teams/index_l.html>Seibu</a>,EL
Nakayama Seigo,31,79,75,7,14,4,0,0,18,3,0,0,0,0,25,3,0,1,1,0.187,0.228,0.240,0.468,35,0.053,0.280,35.4%,31.6%,3.8%,0.12,<a href=https://npb.jp/bis/eng/teams/index_l.html>Seibu</a>,EL
Nishikawa Manaya,61,232,211,21,49,10,2,0,63,26,9,0,4,3,33,12,0,2,4,0.232,0.276,0.299,0.575,65,0.067,0.271,19.4%,14.2%,5.2%,0.36,<a href=https://npb.jp/bis/eng/teams/index_l.html>Seibu</a>,EL
Noda Kaito,15,33,33,1,4,1,0,0,5,2,1,0,0,0,8,0,0,0,1,0.121,0.121,0.152,0.273,-19,0.031,0.160,24.2%,24.2%,0.0%,0.00,<a href=https://npb.jp/bis/eng/teams/index_l.html>Seibu</a>,EL
Nomura Kazuki,4,14,14,0,1,0,0,0,1,0,0,0,0,0,6,0,0,0,1,0.071,0.071,0.071,0.142,-55,0.000,0.125,42.9%,42.9%,0.0%,0.00,<a href=https://npb.jp/bis/eng/teams/index_l.html>Seibu</a>,EL
Payton Mark,25,98,82,10,19,6,0,1,28,14,0,1,0,0,20,16,0,0,1,0.232,0.357,0.341,0.698,100,0.109,0.295,37.8%,20.4%,16.3%,0.80,<a href=https://npb.jp/bis/eng/teams/index_l.html>Seibu</a>,EL
Saito Masato,44,77,66,12,15,4,1,0,21,7,0,0,1,0,13,10,0,0,0,0.227,0.329,0.318,0.647,86,0.091,0.283,29.9%,16.9%,13.0%,0.77,<a href=https://npb.jp/bis/eng/teams/index_l.html>Seibu</a>,EL
Satoh Ryusei,3,8,7,1,2,0,0,1,5,2,0,0,0,0,2,1,0,0,0,0.286,0.375,0.714,1.089,204,0.428,0.250,50.0%,25.0%,12.5%,0.50,<a href=https://npb.jp/bis/eng/teams/index_l.html>Seibu</a>,EL
Suzuki Shohei,24,82,73,6,20,7,0,0,27,6,2,2,3,0,11,6,0,0,3,0.274,0.329,0.370,0.699,100,0.096,0.323,20.7%,13.4%,7.3%,0.55,<a href=https://npb.jp/bis/eng/teams/index_l.html>Seibu</a>,EL
Takagi Wataru,87,364,322,34,80,18,2,6,120,44,1,0,0,6,55,36,0,0,6,0.248,0.319,0.373,0.692,97,0.125,0.277,26.6%,15.1%,9.9%,0.65,<a href=https://npb.jp/bis/eng/teams/index_l.html>Seibu</a>,EL
Takamatsu Wataru,28,38,30,11,6,1,2,0,11,0,4,4,1,0,10,5,0,2,0,0.200,0.351,0.367,0.718,106,0.167,0.300,39.5%,26.3%,13.2%,0.50,<a href=https://npb.jp/bis/eng/teams/index_l.html>Seibu</a>,EL
Takeda Aito,29,121,115,21,35,7,0,5,57,21,5,2,0,1,17,4,0,1,1,0.304,0.331,0.496,0.827,133,0.192,0.319,21.5%,14.0%,3.3%,0.24,<a href=https://npb.jp/bis/eng/teams/index_l.html>Seibu</a>,EL
Takizawa Natsuo,82,316,265,39,61,6,2,1,74,23,11,2,13,1,44,36,0,1,2,0.230,0.323,0.279,0.602,74,0.049,0.271,25.6%,13.9%,11.4%,0.82,<a href=https://npb.jp/bis/eng/teams/index_l.html>Seibu</a>,EL
Tsuge Sena,29,102,85,7,20,4,0,0,24,8,0,0,6,2,13,8,0,1,4,0.235,0.302,0.282,0.584,69,0.047,0.270,20.6%,12.7%,7.8%,0.62,<a href=https://npb.jp/bis/eng/teams/index_l.html>Seibu</a>,EL
Tysinger Brandon Taiga,37,132,122,15,33,4,0,4,49,15,1,1,0,1,31,7,0,2,3,0.270,0.318,0.402,0.720,105,0.132,0.330,31.8%,23.5%,5.3%,0.23,<a href=https://npb.jp/bis/eng/teams/index_l.html>Seibu</a>,EL
Wakabayashi Gakuto,40,150,141,11,31,3,2,3,47,17,4,1,1,1,38,6,0,1,1,0.220,0.255,0.333,0.588,68,0.113,0.277,31.3%,25.3%,4.0%,0.16,<a href=https://npb.jp/bis/eng/teams/index_l.html>Seibu</a>,EL
Watanabe Kento,51,194,172,23,43,13,1,7,79,20,1,0,0,0,49,17,0,5,6,0.250,0.335,0.459,0.794,125,0.209,0.310,37.6%,25.3%,8.8%,0.35,<a href=https://npb.jp/bis/eng/teams/index_l.html>Seibu</a>,EL
Wu Nien-Ting,50,213,176,28,60,17,3,2,89,24,4,0,0,2,29,35,0,0,4,0.341,0.446,0.506,0.952,170,0.165,0.395,31.0%,13.6%,16.4%,1.21,<a href=https://npb.jp/bis/eng/teams/index_l.html>Seibu</a>,EL
Yamakawa Hotaka,3,13,9,1,3,1,0,0,4,1,0,0,0,0,4,4,0,0,0,0.333,0.538,0.444,0.982,181,0.111,0.600,61.5%,30.8%,30.8%,1.00,<a href=https://npb.jp/bis/eng/teams/index_l.html>Seibu</a>,EL
Yamamura Takayoshi,85,331,299,29,77,12,4,7,118,40,4,4,4,1,50,27,0,0,4,0.258,0.318,0.395,0.713,103,0.137,0.288,25.4%,15.1%,8.2%,0.54,<a href=https://npb.jp/bis/eng/teams/index_l.html>Seibu</a>,EL
Yamanobe Kakeru,47,158,142,26,40,9,0,7,70,22,13,4,2,0,19,12,0,2,3,0.282,0.346,0.493,0.839,137,0.211,0.284,24.1%,12.0%,7.6%,0.63,<a href=https://npb.jp/bis/eng/teams/index_l.html>Seibu</a>,EL
Yohkawa Naomasa,89,349,292,50,77,21,2,9,129,53,0,1,0,4,77,43,0,10,6,0.264,0.372,0.442,0.814,131,0.178,0.324,37.0%,22.1%,12.3%,0.56,<a href=https://npb.jp/bis/eng/teams/index_l.html>Seibu</a>,EL
Abe Kazuhiro,96,255,234,20,43,6,0,0,49,12,13,8,5,0,74,15,0,1,2,0.184,0.236,0.209,0.445,31,0.025,0.269,34.9%,29.0%,5.9%,0.20,<a href=https://npb.jp/bis/eng/teams/index_f.html>Nipponham</a>,EL
Alcantara Arismendy,42,166,154,24,37,4,2,10,75,21,3,0,0,1,51,10,1,1,2,0.240,0.289,0.487,0.776,123,0.247,0.287,42.8%,30.7%,6.0%,0.20,<a href=https://npb.jp/bis/eng/teams/index_f.html>Nipponham</a>,EL
Arizono Naoki,96,364,332,24,70,22,3,6,116,35,0,0,0,3,125,26,0,3,4,0.211,0.272,0.349,0.621,80,0.138,0.314,43.1%,34.3%,7.1%,0.21,<a href=https://npb.jp/bis/eng/teams/index_f.html>Nipponham</a>,EL
Asama Daiki,24,78,74,9,19,2,0,4,33,7,0,0,0,0,18,4,0,0,2,0.257,0.295,0.446,0.741,114,0.189,0.288,33.3%,23.1%,5.1%,0.22,<a href=https://npb.jp/bis/eng/teams/index_f.html>Nipponham</a>,EL
Egoshi Taiga,3,12,11,4,5,0,0,1,8,6,0,0,0,0,3,1,0,0,0,0.455,0.500,0.727,1.227,253,0.272,0.571,41.7%,25.0%,8.3%,0.33,<a href=https://npb.jp/bis/eng/teams/index_f.html>Nipponham</a>,EL
Fukuda Koki,64,242,204,30,52,8,1,5,77,31,1,2,2,5,42,27,0,4,6,0.255,0.346,0.377,0.723,111,0.122,0.290,30.6%,17.4%,11.2%,0.64,<a href=https://npb.jp/bis/eng/teams/index_f.html>Nipponham</a>,EL
Furukawa Yudai,60,220,191,24,46,10,0,5,71,23,1,1,3,2,46,21,0,3,6,0.241,0.323,0.372,0.695,102,0.131,0.289,32.7%,20.9%,9.5%,0.46,<a href=https://npb.jp/bis/eng/teams/index_f.html>Nipponham</a>,EL
Gunji Yuya,5,16,15,3,6,0,0,1,9,1,0,0,0,0,2,1,0,0,2,0.400,0.438,0.600,1.038,200,0.200,0.417,25.0%,12.5%,6.2%,0.50,<a href=https://npb.jp/bis/eng/teams/index_f.html>Nipponham</a>,EL
Hanson Alen,25,97,84,8,20,6,0,1,29,6,1,0,0,3,17,10,0,0,3,0.238,0.309,0.345,0.654,90,0.107,0.275,28.9%,17.5%,10.3%,0.59,<a href=https://npb.jp/bis/eng/teams/index_f.html>Nipponham</a>,EL
Hosokawa Ryohei,39,147,128,18,35,5,2,3,53,11,9,1,2,0,22,17,0,0,2,0.273,0.359,0.414,0.773,125,0.141,0.311,28.6%,15.0%,11.6%,0.77,<a href=https://npb.jp/bis/eng/teams/index_f.html>Nipponham</a>,EL
Imagawa Yuma,27,101,91,8,28,4,0,4,44,11,1,2,1,0,18,7,0,2,2,0.308,0.370,0.484,0.854,148,0.176,0.348,28.7%,17.8%,6.9%,0.39,<a href=https://npb.jp/bis/eng/teams/index_f.html>Nipponham</a>,EL
Ishii Kazunari,50,175,143,20,31,4,1,3,46,17,6,1,2,0,33,30,0,0,3,0.217,0.353,0.322,0.675,98,0.105,0.262,37.7%,18.9%,17.1%,0.91,<a href=https://npb.jp/bis/eng/teams/index_f.html>Nipponham</a>,EL
Isobata Ryota,4,12,12,0,2,0,1,0,4,0,0,0,0,0,2,0,0,0,0,0.167,0.167,0.333,0.500,44,0.166,0.200,16.7%,16.7%,0.0%,0.00,<a href=https://npb.jp/bis/eng/teams/index_f.html>Nipponham</a>,EL
Kakigi Ren,33,1,1,0,0,0,0,0,0,0,0,0,0,0,1,0,0,0,0,0.000,0.000,0.000,0.000,-99,0.000,,100.0%,100.0%,0.0%,0.00,<a href=https://npb.jp/bis/eng/teams/index_f.html>Nipponham</a>,EL
Kamikawabata Daigo,11,47,42,6,15,1,0,0,16,4,0,0,0,0,4,2,0,3,0,0.357,0.426,0.381,0.807,137,0.024,0.395,12.8%,8.5%,4.3%,0.50,<a href=https://npb.jp/bis/eng/teams/index_f.html>Nipponham</a>,EL
Katoh Gosuke,16,61,53,4,16,2,0,0,18,2,0,0,1,0,5,7,0,0,0,0.302,0.383,0.340,0.723,112,0.038,0.333,19.7%,8.2%,11.5%,1.40,<a href=https://npb.jp/bis/eng/teams/index_f.html>Nipponham</a>,EL
Kimura Fumikazu,49,158,142,22,36,11,0,6,65,20,2,2,0,0,43,13,1,3,0,0.254,0.329,0.458,0.787,128,0.204,0.323,39.2%,27.2%,8.2%,0.30,<a href=https://npb.jp/bis/eng/teams/index_f.html>Nipponham</a>,EL
Kiyomiya Kotaro,4,11,9,4,2,0,0,2,8,4,0,0,0,0,2,2,0,0,0,0.222,0.364,0.889,1.253,256,0.667,0.000,54.5%,18.2%,18.2%,1.00,<a href=https://npb.jp/bis/eng/teams/index_f.html>Nipponham</a>,EL
Kohri Takuya,101,373,337,33,79,12,4,9,126,35,8,10,3,0,39,22,0,11,14,0.234,0.303,0.374,0.677,97,0.140,0.242,18.8%,10.5%,5.9%,0.56,<a href=https://npb.jp/bis/eng/teams/index_f.html>Nipponham</a>,EL
Mizuno Tatsuki,51,191,168,17,44,6,4,4,70,19,6,3,4,1,40,13,0,5,3,0.262,0.332,0.417,0.749,117,0.155,0.320,29.8%,20.9%,6.8%,0.32,<a href=https://npb.jp/bis/eng/teams/index_f.html>Nipponham</a>,EL
Nakashima Takuya,64,205,181,19,46,3,1,1,54,19,12,7,5,0,44,18,0,1,1,0.254,0.325,0.298,0.623,82,0.044,0.331,30.7%,21.5%,8.8%,0.41,<a href=https://npb.jp/bis/eng/teams/index_f.html>Nipponham</a>,EL
Narama Taiki,51,200,171,24,57,10,0,2,73,11,5,1,3,0,34,21,0,5,4,0.333,0.421,0.427,0.848,148,0.094,0.407,28.5%,17.0%,10.5%,0.62,<a href=https://npb.jp/bis/eng/teams/index_f.html>Nipponham</a>,EL
Nomura Yuki,9,41,34,6,12,2,0,5,29,15,0,0,0,1,5,6,0,0,1,0.353,0.439,0.853,1.292,269,0.500,0.280,39.0%,12.2%,14.6%,1.20,<a href=https://npb.jp/bis/eng/teams/index_f.html>Nipponham</a>,EL
Saitoh Shinji,43,1,1,0,0,0,0,0,0,0,0,0,0,0,0,0,0,0,0,0.000,0.000,0.000,0.000,-99,0.000,0.000,0.0%,0.0%,0.0%,,<a href=https://npb.jp/bis/eng/teams/index_f.html>Nipponham</a>,EL
Sakaguchi Uta,96,305,283,21,57,12,3,2,81,18,2,1,5,0,89,16,0,1,2,0.201,0.247,0.286,0.533,55,0.085,0.286,35.1%,29.2%,5.2%,0.18,<a href=https://npb.jp/bis/eng/teams/index_f.html>Nipponham</a>,EL
Shimizu Yushi,24,85,79,5,19,6,1,1,30,11,0,2,0,0,13,6,0,0,1,0.241,0.294,0.380,0.674,95,0.139,0.277,23.5%,15.3%,7.1%,0.46,<a href=https://npb.jp/bis/eng/teams/index_f.html>Nipponham</a>,EL
Tamiya Yua,91,312,277,21,61,14,3,1,84,22,6,5,13,1,68,17,0,4,6,0.220,0.274,0.303,0.577,68,0.083,0.287,27.6%,21.8%,5.4%,0.25,<a href=https://npb.jp/bis/eng/teams/index_f.html>Nipponham</a>,EL
Tateno Kazuaki,31,1,1,0,0,0,0,0,0,0,0,0,0,0,0,0,0,0,0,0.000,0.000,0.000,0.000,-99,0.000,0.000,0.0%,0.0%,0.0%,,<a href=https://npb.jp/bis/eng/teams/index_f.html>Nipponham</a>,EL
Uehara Kenta,6,14,13,2,3,2,0,0,5,2,0,0,0,0,4,1,0,0,0,0.231,0.286,0.385,0.671,94,0.154,0.333,35.7%,28.6%,7.1%,0.25,<a href=https://npb.jp/bis/eng/teams/index_f.html>Nipponham</a>,EL
Umebayashi Yuki,63,220,194,20,47,14,0,2,67,29,8,1,5,2,40,17,1,2,3,0.242,0.307,0.345,0.652,90,0.103,0.292,26.8%,18.2%,7.7%,0.42,<a href=https://npb.jp/bis/eng/teams/index_f.html>Nipponham</a>,EL
Usami Shingo,32,125,110,12,28,3,0,3,40,16,0,1,2,2,18,8,0,3,3,0.255,0.317,0.364,0.681,98,0.109,0.275,23.2%,14.4%,6.4%,0.44,<a href=https://npb.jp/bis/eng/teams/index_f.html>Nipponham</a>,EL
Wang Po-Jung,56,205,174,25,38,3,1,7,64,19,0,1,0,0,41,24,0,7,0,0.218,0.337,0.368,0.705,106,0.150,0.246,35.1%,20.0%,11.7%,0.59,<a href=https://npb.jp/bis/eng/teams/index_f.html>Nipponham</a>,EL
Yachi Ryota,31,97,82,9,24,2,0,0,26,7,0,1,2,1,12,11,0,1,1,0.293,0.379,0.317,0.696,105,0.024,0.338,23.7%,12.4%,11.3%,0.92,<a href=https://npb.jp/bis/eng/teams/index_f.html>Nipponham</a>,EL
Yamada Haruka,12,38,35,6,14,1,0,3,24,3,0,0,0,0,5,3,0,0,1,0.400,0.447,0.686,1.133,227,0.286,0.407,28.9%,13.2%,7.9%,0.60,<a href=https://npb.jp/bis/eng/teams/index_f.html>Nipponham</a>,EL
Yamaguchi Ataru,36,144,132,15,31,2,0,2,39,8,3,3,0,0,33,9,0,3,1,0.235,0.299,0.295,0.594,74,0.060,0.299,30.6%,22.9%,6.2%,0.27,<a href=https://npb.jp/bis/eng/teams/index_f.html>Nipponham</a>,EL
Yazawa Kota,32,92,82,13,19,2,3,2,33,3,3,2,1,0,23,8,0,1,1,0.232,0.308,0.402,0.710,106,0.170,0.298,35.9%,25.0%,8.7%,0.35,<a href=https://npb.jp/bis/eng/teams/index_f.html>Nipponham</a>,EL
