Player,G,PA,AB,R,H,2B,3B,HR,TB,RBI,SB,CS,SH,SF,SO,BB,IBB,HP,GDP,AVG,OBP,SLG,OPS,OPS+,ISO,BABIP,TTO%,K%,BB%,BB/K,Team,League
Chikamoto Koji,140,612,569,91,178,33,5,10,251,50,24,7,4,2,58,33,0,4,6,0.313,0.354,0.441,0.795,133,0.128,0.334,16.5%,9.5%,5.4%,0.57,<a href=https://npb.jp/bis/eng/teams/index_t.html>Hanshin</a>,CL
Itohara Kento,125,488,441,34,126,17,3,2,155,30,6,5,1,3,61,41,0,2,9,0.286,0.347,0.351,0.698,107,0.065,0.325,21.3%,12.5%,8.4%,0.67,<a href=https://npb.jp/bis/eng/teams/index_t.html>Hanshin</a>,CL
Marte Jefry,128,526,446,55,115,18,1,22,201,71,0,0,0,2,72,74,3,4,16,0.258,0.367,0.451,0.818,141,0.193,0.263,31.9%,13.7%,14.1%,1.03,<a href=https://npb.jp/bis/eng/teams/index_t.html>Hanshin</a>,CL
Nakano Takumu,135,525,466,45,127,15,4,1,153,36,30,2,20,4,81,29,5,6,6,0.273,0.321,0.328,0.649,91,0.055,0.325,21.1%,15.4%,5.5%,0.36,<a href=https://npb.jp/bis/eng/teams/index_t.html>Hanshin</a>,CL
Ohyama Yusuke,129,512,466,55,121,23,2,21,211,71,2,1,0,7,89,37,1,2,15,0.260,0.313,0.453,0.766,123,0.193,0.275,28.7%,17.4%,7.2%,0.42,<a href=https://npb.jp/bis/eng/teams/index_t.html>Hanshin</a>,CL
Sands Jerry,120,461,408,47,101,21,1,20,184,65,1,1,0,3,89,49,5,1,11,0.248,0.328,0.451,0.779,127,0.203,0.268,34.3%,19.3%,10.6%,0.55,<a href=https://npb.jp/bis/eng/teams/index_t.html>Hanshin</a>,CL
Sato Teruaki,126,455,425,56,101,25,0,24,198,64,6,2,0,2,173,25,4,3,2,0.238,0.284,0.466,0.750,117,0.228,0.335,48.8%,38.0%,5.5%,0.14,<a href=https://npb.jp/bis/eng/teams/index_t.html>Hanshin</a>,CL
Umeno Ryutaro,130,458,404,33,91,15,3,3,121,33,8,4,6,2,107,41,3,5,14,0.225,0.303,0.300,0.603,78,0.075,0.297,33.0%,23.4%,9.0%,0.38,<a href=https://npb.jp/bis/eng/teams/index_t.html>Hanshin</a>,CL
Kikuchi Ryosuke,132,542,494,64,137,23,2,16,212,60,1,5,2,3,86,42,2,1,8,0.277,0.333,0.429,0.762,124,0.152,0.306,26.6%,15.9%,7.7%,0.49,<a href=https://npb.jp/bis/eng/teams/index_c.html>Hiroshima</a>,CL
Kozono Kaito,113,481,449,65,134,18,6,5,179,35,4,4,12,4,57,13,1,3,7,0.298,0.320,0.399,0.719,112,0.101,0.330,15.6%,11.9%,2.7%,0.23,<a href=https://npb.jp/bis/eng/teams/index_c.html>Hiroshima</a>,CL
Nishikawa Ryoma,137,551,504,57,144,19,1,12,201,60,3,3,4,4,70,37,1,2,14,0.286,0.335,0.399,0.734,117,0.113,0.310,21.6%,12.7%,6.7%,0.53,<a href=https://npb.jp/bis/eng/teams/index_c.html>Hiroshima</a>,CL
Sakakura Shogo,132,484,422,58,133,24,2,12,197,68,4,3,2,5,60,51,1,4,9,0.315,0.390,0.467,0.857,153,0.152,0.341,25.4%,12.4%,10.5%,0.85,<a href=https://npb.jp/bis/eng/teams/index_c.html>Hiroshima</a>,CL
Suzuki Seiya,132,533,435,77,138,26,0,38,278,88,9,4,0,5,88,87,11,6,7,0.317,0.433,0.639,1.072,216,0.322,0.318,40.0%,16.5%,16.3%,0.99,<a href=https://npb.jp/bis/eng/teams/index_c.html>Hiroshima</a>,CL
Kuwahara Masayuki,135,571,519,84,161,39,2,14,246,43,12,7,4,0,75,44,1,4,12,0.310,0.369,0.474,0.843,140,0.164,0.342,23.3%,13.1%,7.7%,0.59,<a href=https://npb.jp/bis/eng/teams/index_db.html>DeNA</a>,CL
Maki Shugo,137,523,487,73,153,35,3,22,260,71,2,1,1,2,85,27,1,6,16,0.314,0.356,0.534,0.890,151,0.220,0.343,25.6%,16.3%,5.2%,0.32,<a href=https://npb.jp/bis/eng/teams/index_db.html>DeNA</a>,CL
Miyazaki Toshiro,141,569,519,61,156,32,0,16,236,73,0,0,0,5,53,41,3,4,15,0.301,0.353,0.455,0.808,130,0.154,0.308,19.3%,9.3%,7.2%,0.77,<a href=https://npb.jp/bis/eng/teams/index_db.html>DeNA</a>,CL
Sano Keita,143,615,545,73,165,34,2,17,254,72,0,1,0,4,73,61,1,5,14,0.303,0.376,0.466,0.842,140,0.163,0.322,24.6%,11.9%,9.9%,0.84,<a href=https://npb.jp/bis/eng/teams/index_db.html>DeNA</a>,CL
Soto Neftali,123,451,410,42,96,18,1,21,179,62,0,1,0,1,116,35,4,5,12,0.234,0.302,0.437,0.739,109,0.203,0.274,38.1%,25.7%,7.8%,0.30,<a href=https://npb.jp/bis/eng/teams/index_db.html>DeNA</a>,CL
Maru Yoshihiro,118,457,392,58,104,21,0,23,194,55,5,3,0,2,120,63,0,0,5,0.265,0.365,0.495,0.860,142,0.230,0.323,45.1%,26.3%,13.8%,0.52,<a href=https://npb.jp/bis/eng/teams/index_g.html>Yomiuri</a>,CL
Matsubara Seiya,135,477,431,69,118,20,4,12,182,37,15,7,3,3,100,38,0,2,4,0.274,0.333,0.422,0.755,113,0.148,0.329,31.4%,21.0%,8.0%,0.38,<a href=https://npb.jp/bis/eng/teams/index_g.html>Yomiuri</a>,CL
Okamoto Kazuma,143,592,521,71,138,19,1,39,276,113,1,1,0,7,108,57,4,7,16,0.265,0.341,0.530,0.871,143,0.265,0.260,34.5%,18.2%,9.6%,0.53,<a href=https://npb.jp/bis/eng/teams/index_g.html>Yomiuri</a>,CL
Sakamoto Hayato,117,487,424,53,115,26,0,19,198,46,2,3,2,2,90,58,4,1,4,0.271,0.359,0.467,0.826,132,0.196,0.303,34.3%,18.5%,11.9%,0.64,<a href=https://npb.jp/bis/eng/teams/index_g.html>Yomiuri</a>,CL
Aoki Norichika,122,501,446,57,115,29,0,9,171,56,0,0,0,2,44,43,1,10,10,0.258,0.335,0.383,0.718,103,0.125,0.268,19.2%,8.8%,8.6%,0.98,<a href=https://npb.jp/bis/eng/teams/index_s.html>Yakult</a>,CL
Murakami Munetaka,143,615,500,82,139,27,0,39,283,112,12,7,0,3,133,106,6,6,12,0.278,0.408,0.566,0.974,172,0.288,0.302,45.2%,21.6%,17.2%,0.80,<a href=https://npb.jp/bis/eng/teams/index_s.html>Yakult</a>,CL
Nakamura Yuhei,123,445,377,47,105,24,0,2,135,36,0,3,14,4,66,46,0,4,10,0.279,0.360,0.358,0.718,105,0.079,0.329,25.6%,14.8%,10.3%,0.70,<a href=https://npb.jp/bis/eng/teams/index_s.html>Yakult</a>,CL
Osuna Jose,120,495,469,42,121,24,2,13,188,60,3,0,0,2,80,22,2,2,18,0.258,0.293,0.401,0.694,96,0.143,0.286,23.2%,16.2%,4.4%,0.28,<a href=https://npb.jp/bis/eng/teams/index_s.html>Yakult</a>,CL
Shiomi Yasutaka,140,534,474,80,132,21,7,14,209,59,21,5,2,0,156,48,1,10,1,0.278,0.357,0.441,0.798,125,0.163,0.388,40.8%,29.2%,9.0%,0.31,<a href=https://npb.jp/bis/eng/teams/index_s.html>Yakult</a>,CL
Yamada Tetsuto,137,581,493,84,134,18,0,34,254,101,4,3,0,7,100,76,0,5,10,0.272,0.370,0.515,0.885,148,0.243,0.273,36.1%,17.2%,13.1%,0.76,<a href=https://npb.jp/bis/eng/teams/index_s.html>Yakult</a>,CL
Kyoda Yota,113,448,409,41,105,7,4,3,129,24,6,5,8,3,75,21,0,7,5,0.257,0.302,0.315,0.617,85,0.058,0.305,22.1%,16.7%,4.7%,0.28,<a href=https://npb.jp/bis/eng/teams/index_d.html>Chunichi</a>,CL
Ohshima Yohei,141,596,548,54,160,19,5,1,192,34,16,8,1,2,60,42,5,3,4,0.292,0.345,0.350,0.695,110,0.058,0.325,17.3%,10.1%,7.0%,0.70,<a href=https://npb.jp/bis/eng/teams/index_d.html>Chunichi</a>,CL
Takahashi Shuhei,137,520,475,40,123,27,0,5,165,39,1,0,0,4,79,40,4,1,21,0.259,0.315,0.347,0.662,98,0.088,0.299,23.8%,15.2%,7.7%,0.51,<a href=https://npb.jp/bis/eng/teams/index_d.html>Chunichi</a>,CL
Viciedo Dayan,130,526,480,44,132,23,1,17,208,70,1,2,0,3,56,35,9,8,15,0.275,0.333,0.433,0.766,129,0.158,0.280,20.5%,10.6%,6.7%,0.62,<a href=https://npb.jp/bis/eng/teams/index_d.html>Chunichi</a>,CL
Fukuda Shuhei,107,471,408,47,112,14,1,1,131,21,9,1,10,2,52,43,0,8,6,0.275,0.354,0.321,0.675,101,0.046,0.311,20.4%,11.0%,9.1%,0.83,<a href=https://npb.jp/bis/eng/teams/index_b.html>ORIX</a>,PL
Kurebayashi Kotaro,136,473,448,37,102,22,2,10,158,48,2,1,6,4,101,12,0,3,11,0.228,0.251,0.353,0.604,76,0.125,0.270,26.0%,21.4%,2.5%,0.12,<a href=https://npb.jp/bis/eng/teams/index_b.html>ORIX</a>,PL
Mune Yuma,139,543,481,71,131,17,7,9,189,42,8,4,14,2,62,33,1,13,15,0.272,0.335,0.393,0.728,114,0.121,0.296,19.2%,11.4%,6.1%,0.53,<a href=https://npb.jp/bis/eng/teams/index_b.html>ORIX</a>,PL
Sugimoto Yutaro,134,542,478,73,144,20,2,32,264,83,3,3,0,3,116,51,4,10,15,0.301,0.378,0.552,0.930,172,0.251,0.336,36.7%,21.4%,9.4%,0.44,<a href=https://npb.jp/bis/eng/teams/index_b.html>ORIX</a>,PL
Yoshida Masataka,110,455,389,61,132,22,1,21,219,72,0,0,0,3,26,58,6,5,9,0.339,0.429,0.563,0.992,192,0.224,0.322,23.1%,5.7%,12.7%,2.23,<a href=https://npb.jp/bis/eng/teams/index_b.html>ORIX</a>,PL
Fujioka Yudai,137,493,432,41,110,21,3,3,146,37,10,3,18,1,95,40,2,2,7,0.255,0.320,0.338,0.658,90,0.083,0.319,28.0%,19.3%,8.1%,0.42,<a href=https://npb.jp/bis/eng/teams/index_m.html>Lotte</a>,PL
Laird Brandon,136,545,485,57,127,18,0,29,232,95,0,1,0,7,109,50,4,3,15,0.262,0.330,0.478,0.808,129,0.216,0.277,34.5%,20.0%,9.2%,0.46,<a href=https://npb.jp/bis/eng/teams/index_m.html>Lotte</a>,PL
Martin Leonys,116,499,416,66,97,30,0,27,208,75,4,1,0,3,132,70,3,10,9,0.233,0.355,0.500,0.855,142,0.267,0.269,45.9%,26.5%,14.0%,0.53,<a href=https://npb.jp/bis/eng/teams/index_m.html>Lotte</a>,PL
Nakamura Shogo,143,615,506,78,143,36,2,9,210,67,12,7,15,8,90,76,1,10,8,0.283,0.382,0.415,0.797,129,0.132,0.323,28.5%,14.6%,12.4%,0.84,<a href=https://npb.jp/bis/eng/teams/index_m.html>Lotte</a>,PL
Ogino Takashi,143,643,570,86,169,33,5,10,242,45,24,11,5,3,70,53,0,12,5,0.296,0.367,0.425,0.792,127,0.129,0.323,20.7%,10.9%,8.2%,0.76,<a href=https://npb.jp/bis/eng/teams/index_m.html>Lotte</a>,PL
Kai Takuya,143,479,405,42,92,15,0,12,143,44,6,6,26,2,142,44,0,2,7,0.227,0.305,0.353,0.658,91,0.126,0.316,41.3%,29.6%,9.2%,0.31,<a href=https://npb.jp/bis/eng/teams/index_h.html>SoftBank</a>,PL
Kurihara Ryoya,143,596,531,71,146,32,3,21,247,77,7,2,3,7,90,53,1,2,9,0.275,0.339,0.465,0.804,131,0.190,0.293,27.5%,15.1%,8.9%,0.59,<a href=https://npb.jp/bis/eng/teams/index_h.html>SoftBank</a>,PL
Nakamura Akira,139,552,462,49,113,20,2,8,161,56,1,1,11,6,59,70,3,3,8,0.245,0.344,0.348,0.692,102,0.103,0.262,24.8%,10.7%,12.7%,1.19,<a href=https://npb.jp/bis/eng/teams/index_h.html>SoftBank</a>,PL
Yanagita Yuki,141,593,516,95,155,36,2,28,279,80,6,0,0,2,122,69,8,6,6,0.300,0.388,0.541,0.929,167,0.241,0.345,36.9%,20.6%,11.6%,0.57,<a href=https://npb.jp/bis/eng/teams/index_h.html>SoftBank</a>,PL
Asamura Hideto,143,595,483,70,130,18,1,18,204,67,1,0,0,7,96,101,5,4,24,0.269,0.395,0.422,0.817,141,0.153,0.298,36.1%,16.1%,17.0%,1.05,<a href=https://npb.jp/bis/eng/teams/index_e.html>Rakuten</a>,PL
Kobukata Hiroto,121,455,391,60,97,10,3,3,122,21,5,5,16,1,65,44,0,3,1,0.248,0.328,0.312,0.640,89,0.064,0.290,24.6%,14.3%,9.7%,0.68,<a href=https://npb.jp/bis/eng/teams/index_e.html>Rakuten</a>,PL
Mogi Eigoro,120,466,410,50,106,19,4,14,175,53,6,5,0,2,107,48,0,6,6,0.259,0.343,0.427,0.770,126,0.168,0.316,36.3%,23.0%,10.3%,0.45,<a href=https://npb.jp/bis/eng/teams/index_e.html>Rakuten</a>,PL
Okajima Takero,126,507,461,40,129,30,4,8,191,56,3,6,5,4,94,28,1,9,9,0.280,0.331,0.414,0.745,117,0.134,0.333,25.6%,18.5%,5.5%,0.30,<a href=https://npb.jp/bis/eng/teams/index_e.html>Rakuten</a>,PL
Shimauchi Hiroaki,141,599,486,64,125,34,5,21,232,96,2,2,2,6,87,97,2,8,15,0.257,0.385,0.477,0.862,152,0.220,0.271,34.2%,14.5%,16.2%,1.11,<a href=https://npb.jp/bis/eng/teams/index_e.html>Rakuten</a>,PL
Suzuki Daichi,143,628,552,70,153,19,3,10,208,53,3,2,13,5,51,52,0,6,12,0.277,0.343,0.377,0.720,111,0.100,0.288,18.0%,8.1%,8.3%,1.02,<a href=https://npb.jp/bis/eng/teams/index_e.html>Rakuten</a>,PL
Tatsumi Ryosuke,130,443,374,49,84,13,1,10,129,32,6,6,11,1,99,51,0,6,7,0.225,0.326,0.345,0.671,97,0.120,0.278,36.1%,22.3%,11.5%,0.52,<a href=https://npb.jp/bis/eng/teams/index_e.html>Rakuten</a>,PL
Genda Sosuke,119,516,464,60,126,15,7,2,161,29,24,9,17,2,67,31,0,2,5,0.272,0.319,0.347,0.666,93,0.075,0.312,19.4%,13.0%,6.0%,0.46,<a href=https://npb.jp/bis/eng/teams/index_l.html>Seibu</a>,PL
Kuriyama Takumi,117,446,387,33,97,15,0,4,124,43,1,0,0,7,58,49,1,3,11,0.251,0.334,0.320,0.654,90,0.069,0.280,24.9%,13.0%,11.0%,0.84,<a href=https://npb.jp/bis/eng/teams/index_l.html>Seibu</a>,PL
Mori Tomoya,125,520,431,70,133,32,2,11,202,41,5,2,1,3,65,79,3,6,4,0.309,0.420,0.469,0.889,156,0.160,0.341,29.8%,12.5%,15.2%,1.22,<a href=https://npb.jp/bis/eng/teams/index_l.html>Seibu</a>,PL
Nakamura Takeya,123,475,430,50,122,13,0,18,189,74,0,0,0,4,114,39,3,2,12,0.284,0.343,0.440,0.783,124,0.156,0.344,36.0%,24.0%,8.2%,0.34,<a href=https://npb.jp/bis/eng/teams/index_l.html>Seibu</a>,PL
Wu Nien-Ting,130,478,425,43,101,17,0,10,148,48,3,2,4,3,70,43,1,3,3,0.238,0.310,0.348,0.658,90,0.110,0.261,25.7%,14.6%,9.0%,0.61,<a href=https://npb.jp/bis/eng/teams/index_l.html>Seibu</a>,PL
Asama Daiki,128,458,411,42,103,17,2,5,139,31,8,4,7,4,115,31,2,5,5,0.251,0.308,0.338,0.646,89,0.087,0.332,33.0%,25.1%,6.8%,0.27,<a href=https://npb.jp/bis/eng/teams/index_f.html>Nipponham</a>,PL
Kondoh Kensuke,133,545,447,61,133,37,4,11,211,69,4,1,0,6,84,88,3,4,11,0.298,0.413,0.472,0.885,159,0.174,0.341,33.6%,15.4%,16.1%,1.05,<a href=https://npb.jp/bis/eng/teams/index_f.html>Nipponham</a>,PL
Nishikawa Haruki,130,547,447,68,104,19,5,3,142,35,24,11,3,4,99,89,1,4,3,0.233,0.362,0.318,0.680,102,0.085,0.289,34.9%,18.1%,16.3%,0.90,<a href=https://npb.jp/bis/eng/teams/index_f.html>Nipponham</a>,PL
