Player,G,PA,AB,R,H,2B,3B,HR,TB,RBI,SB,CS,SH,SF,SO,BB,IBB,HP,GDP,AVG,OBP,SLG,OPS,OPS+,ISO,BABIP,TTO%,K%,BB%,BB/K,Team,League
Akiyama Takumi,24,41,31,0,2,0,0,0,2,0,0,0,9,0,15,1,0,0,1,0.065,0.094,0.065,0.159,-54,0.000,0.125,39.0%,36.6%,2.4%,0.07,<a href=https://npb.jp/bis/eng/teams/index_t.html>Hanshin</a>,CL
Alcantara Raul,24,12,9,0,1,0,0,0,1,1,0,0,3,0,5,0,0,0,0,0.111,0.111,0.111,0.222,-36,0.000,0.250,41.7%,41.7%,0.0%,0.00,<a href=https://npb.jp/bis/eng/teams/index_t.html>Hanshin</a>,CL
Aoyagi Koyo,25,51,43,3,7,1,0,0,8,2,0,0,7,0,25,1,0,0,1,0.163,0.182,0.186,0.368,7,0.023,0.389,51.0%,49.0%,2.0%,0.04,<a href=https://npb.jp/bis/eng/teams/index_t.html>Hanshin</a>,CL
Baba Kosuke,44,1,1,0,0,0,0,0,0,0,0,0,0,0,0,0,0,0,0,0.000,0.000,0.000,0.000,-103,0.000,0.000,0.0%,0.0%,0.0%,,<a href=https://npb.jp/bis/eng/teams/index_t.html>Hanshin</a>,CL
Chen Wei-Yin,2,4,4,0,1,0,0,0,1,0,0,0,0,0,1,0,0,0,0,0.250,0.250,0.250,0.500,47,0.000,0.333,25.0%,25.0%,0.0%,0.00,<a href=https://npb.jp/bis/eng/teams/index_t.html>Hanshin</a>,CL
Chikamoto Koji,140,612,569,91,178,33,5,10,251,50,24,7,4,2,58,33,0,4,6,0.313,0.354,0.441,0.795,133,0.128,0.334,16.5%,9.5%,5.4%,0.57,<a href=https://npb.jp/bis/eng/teams/index_t.html>Hanshin</a>,CL
Egoshi Taiga,31,3,3,4,0,0,0,0,0,0,5,1,0,0,1,0,0,0,0,0.000,0.000,0.000,0.000,-103,0.000,0.000,33.3%,33.3%,0.0%,0.00,<a href=https://npb.jp/bis/eng/teams/index_t.html>Hanshin</a>,CL
Fujinami Shintaro,21,13,9,1,1,0,0,1,4,2,0,0,4,0,7,0,0,0,0,0.111,0.111,0.444,0.555,55,0.333,0.000,61.5%,53.8%,0.0%,0.00,<a href=https://npb.jp/bis/eng/teams/index_t.html>Hanshin</a>,CL
Gunkel Joe,20,37,31,3,5,1,0,0,6,0,0,0,5,0,16,1,0,0,0,0.161,0.188,0.194,0.382,11,0.033,0.333,45.9%,43.2%,2.7%,0.06,<a href=https://npb.jp/bis/eng/teams/index_t.html>Hanshin</a>,CL
Haraguchi Fumihito,56,58,49,3,10,2,1,0,14,3,0,0,0,0,12,5,0,4,0,0.204,0.328,0.286,0.614,82,0.082,0.270,29.3%,20.7%,8.6%,0.42,<a href=https://npb.jp/bis/eng/teams/index_t.html>Hanshin</a>,CL
Hojoh Fumiya,33,57,50,6,10,2,0,1,15,6,0,0,2,0,11,4,0,1,1,0.200,0.273,0.300,0.573,69,0.100,0.237,28.1%,19.3%,7.0%,0.36,<a href=https://npb.jp/bis/eng/teams/index_t.html>Hanshin</a>,CL
Itayama Yutaro,43,17,14,5,2,1,1,0,5,1,0,0,1,0,6,2,0,0,0,0.143,0.250,0.357,0.607,76,0.214,0.250,47.1%,35.3%,11.8%,0.33,<a href=https://npb.jp/bis/eng/teams/index_t.html>Hanshin</a>,CL
Itoh Masashi,23,44,39,1,2,0,0,0,2,0,0,0,2,0,25,3,0,0,1,0.051,0.119,0.051,0.170,-50,0.000,0.143,63.6%,56.8%,6.8%,0.12,<a href=https://npb.jp/bis/eng/teams/index_t.html>Hanshin</a>,CL
Itohara Kento,125,488,441,34,126,17,3,2,155,30,6,5,1,3,61,41,0,2,9,0.286,0.347,0.351,0.698,107,0.065,0.325,21.3%,12.5%,8.4%,0.67,<a href=https://npb.jp/bis/eng/teams/index_t.html>Hanshin</a>,CL
Itoi Yoshio,77,119,106,8,22,5,0,3,36,18,1,0,0,3,37,9,0,1,4,0.208,0.269,0.340,0.609,78,0.132,0.275,41.2%,31.1%,7.6%,0.24,<a href=https://npb.jp/bis/eng/teams/index_t.html>Hanshin</a>,CL
Iwasada Yuta,46,1,1,0,0,0,0,0,0,0,0,0,0,0,0,0,0,0,0,0.000,0.000,0.000,0.000,-103,0.000,0.000,0.0%,0.0%,0.0%,,<a href=https://npb.jp/bis/eng/teams/index_t.html>Hanshin</a>,CL
Kinami Seiya,92,132,119,9,27,8,0,1,38,15,0,0,2,3,20,7,0,1,1,0.227,0.269,0.319,0.588,72,0.092,0.257,21.2%,15.2%,5.3%,0.35,<a href=https://npb.jp/bis/eng/teams/index_t.html>Hanshin</a>,CL
Kumagai Takahiro,73,6,5,13,0,0,0,0,0,0,7,1,1,0,1,0,0,0,0,0.000,0.000,0.000,0.000,-103,0.000,0.000,16.7%,16.7%,0.0%,0.00,<a href=https://npb.jp/bis/eng/teams/index_t.html>Hanshin</a>,CL
Marte Jefry,128,526,446,55,115,18,1,22,201,71,0,0,0,2,72,74,3,4,16,0.258,0.367,0.451,0.818,141,0.193,0.263,31.9%,13.7%,14.1%,1.03,<a href=https://npb.jp/bis/eng/teams/index_t.html>Hanshin</a>,CL
Murakami Shoki,2,1,1,0,1,0,0,0,1,0,0,0,0,0,0,0,0,0,0,1.000,1.000,1.000,2.000,496,0.000,1.000,0.0%,0.0%,0.0%,,<a href=https://npb.jp/bis/eng/teams/index_t.html>Hanshin</a>,CL
Nakano Takumu,135,525,466,45,127,15,4,1,153,36,30,2,20,4,81,29,5,6,6,0.273,0.321,0.328,0.649,91,0.055,0.325,21.1%,15.4%,5.5%,0.36,<a href=https://npb.jp/bis/eng/teams/index_t.html>Hanshin</a>,CL
Niho Akira,4,6,4,0,0,0,0,0,0,0,0,0,1,0,3,1,0,0,0,0.000,0.200,0.000,0.200,-38,0.000,0.000,66.7%,50.0%,16.7%,0.33,<a href=https://npb.jp/bis/eng/teams/index_t.html>Hanshin</a>,CL
Nishi Junya,2,1,1,0,0,0,0,0,0,0,0,0,0,0,0,0,0,0,0,0.000,0.000,0.000,0.000,-103,0.000,0.000,0.0%,0.0%,0.0%,,<a href=https://npb.jp/bis/eng/teams/index_t.html>Hanshin</a>,CL
Nishi Yuki,24,42,35,2,5,2,0,0,7,1,0,0,6,0,12,1,0,0,0,0.143,0.167,0.200,0.367,6,0.057,0.217,31.0%,28.6%,2.4%,0.08,<a href=https://npb.jp/bis/eng/teams/index_t.html>Hanshin</a>,CL
Obata Ryuhei,43,25,23,5,6,1,1,0,9,0,3,1,0,0,7,2,0,0,0,0.261,0.320,0.391,0.711,109,0.130,0.375,36.0%,28.0%,8.0%,0.29,<a href=https://npb.jp/bis/eng/teams/index_t.html>Hanshin</a>,CL
Ohyama Yusuke,129,512,466,55,121,23,2,21,211,71,2,1,0,7,89,37,1,2,15,0.260,0.313,0.453,0.766,123,0.193,0.275,28.7%,17.4%,7.2%,0.42,<a href=https://npb.jp/bis/eng/teams/index_t.html>Hanshin</a>,CL
Onodera Dan,34,73,67,7,12,2,0,1,17,2,0,0,0,0,19,5,0,1,2,0.179,0.247,0.254,0.501,47,0.075,0.234,34.2%,26.0%,6.8%,0.26,<a href=https://npb.jp/bis/eng/teams/index_t.html>Hanshin</a>,CL
Oyokawa Masaki,39,1,1,0,0,0,0,0,0,0,0,0,0,0,1,0,0,0,0,0.000,0.000,0.000,0.000,-103,0.000,,100.0%,100.0%,0.0%,0.00,<a href=https://npb.jp/bis/eng/teams/index_t.html>Hanshin</a>,CL
Rojas Jr. Mel,60,206,189,18,41,7,0,8,72,21,1,3,0,0,58,15,0,2,3,0.217,0.282,0.381,0.663,93,0.164,0.268,39.3%,28.2%,7.3%,0.26,<a href=https://npb.jp/bis/eng/teams/index_t.html>Hanshin</a>,CL
Sakamoto Seishiro,45,73,65,4,12,2,1,1,19,6,0,0,2,1,21,5,0,0,0,0.185,0.239,0.292,0.531,55,0.107,0.250,37.0%,28.8%,6.8%,0.24,<a href=https://npb.jp/bis/eng/teams/index_t.html>Hanshin</a>,CL
Sands Jerry,120,461,408,47,101,21,1,20,184,65,1,1,0,3,89,49,5,1,11,0.248,0.328,0.451,0.779,127,0.203,0.268,34.3%,19.3%,10.6%,0.55,<a href=https://npb.jp/bis/eng/teams/index_t.html>Hanshin</a>,CL
Sato Teruaki,126,455,425,56,101,25,0,24,198,64,6,2,0,2,173,25,4,3,2,0.238,0.284,0.466,0.750,117,0.228,0.335,48.8%,38.0%,5.5%,0.14,<a href=https://npb.jp/bis/eng/teams/index_t.html>Hanshin</a>,CL
Shimada Kairi,57,78,70,7,17,3,0,0,20,9,8,1,3,0,13,5,0,0,0,0.243,0.293,0.286,0.579,71,0.043,0.298,23.1%,16.7%,6.4%,0.38,<a href=https://npb.jp/bis/eng/teams/index_t.html>Hanshin</a>,CL
Takahashi Haruto,7,16,14,1,2,0,0,0,2,1,0,0,2,0,5,0,0,0,0,0.143,0.143,0.143,0.286,-17,0.000,0.222,31.2%,31.2%,0.0%,0.00,<a href=https://npb.jp/bis/eng/teams/index_t.html>Hanshin</a>,CL
Ueda Kai,64,7,6,15,2,0,0,0,2,0,10,1,0,0,2,1,0,0,0,0.333,0.429,0.333,0.762,128,0.000,0.500,42.9%,28.6%,14.3%,0.50,<a href=https://npb.jp/bis/eng/teams/index_t.html>Hanshin</a>,CL
Umeno Ryutaro,130,458,404,33,91,15,3,3,121,33,8,4,6,2,107,41,3,5,14,0.225,0.303,0.300,0.603,78,0.075,0.297,33.0%,23.4%,9.0%,0.38,<a href=https://npb.jp/bis/eng/teams/index_t.html>Hanshin</a>,CL
Yamamoto Yasuhiro,69,51,43,8,8,3,0,0,11,3,2,0,0,1,10,6,0,1,0,0.186,0.294,0.256,0.550,63,0.070,0.235,31.4%,19.6%,11.8%,0.60,<a href=https://npb.jp/bis/eng/teams/index_t.html>Hanshin</a>,CL
Yohkawa Naomasa,41,52,46,2,8,1,0,2,15,6,0,0,1,0,19,3,1,2,2,0.174,0.255,0.326,0.581,70,0.152,0.240,46.2%,36.5%,5.8%,0.16,<a href=https://npb.jp/bis/eng/teams/index_t.html>Hanshin</a>,CL
Abe Tomohiro,85,170,151,8,38,5,0,1,46,12,2,1,1,2,47,15,2,1,2,0.252,0.320,0.305,0.625,86,0.053,0.352,37.1%,27.6%,8.8%,0.32,<a href=https://npb.jp/bis/eng/teams/index_c.html>Hiroshima</a>,CL
Aizawa Tsubasa,70,204,180,18,46,10,0,3,65,22,0,0,1,3,33,16,2,4,8,0.256,0.325,0.361,0.686,103,0.105,0.293,25.5%,16.2%,7.8%,0.48,<a href=https://npb.jp/bis/eng/teams/index_c.html>Hiroshima</a>,CL
Chono Hisayoshi,71,140,125,6,27,3,0,2,36,13,1,0,0,0,30,14,0,1,2,0.216,0.300,0.288,0.588,75,0.072,0.269,32.9%,21.4%,10.0%,0.47,<a href=https://npb.jp/bis/eng/teams/index_c.html>Hiroshima</a>,CL
Corniel Robert,50,3,3,0,0,0,0,0,0,0,0,0,0,0,2,0,0,0,0,0.000,0.000,0.000,0.000,-104,0.000,0.000,66.7%,66.7%,0.0%,0.00,<a href=https://npb.jp/bis/eng/teams/index_c.html>Hiroshima</a>,CL
Cron Kevin,42,137,130,10,30,8,0,6,56,16,0,0,0,0,47,6,0,1,2,0.231,0.270,0.431,0.701,104,0.200,0.312,43.1%,34.3%,4.4%,0.13,<a href=https://npb.jp/bis/eng/teams/index_c.html>Hiroshima</a>,CL
Dohbayashi Shota,70,143,137,12,26,6,0,0,32,5,2,1,2,0,34,3,0,1,4,0.190,0.213,0.234,0.447,31,0.044,0.252,25.9%,23.8%,2.1%,0.09,<a href=https://npb.jp/bis/eng/teams/index_c.html>Hiroshima</a>,CL
Endoh Atsushi,2,3,3,0,0,0,0,0,0,0,0,0,0,0,0,0,0,0,0,0.000,0.000,0.000,0.000,-104,0.000,0.000,0.0%,0.0%,0.0%,,<a href=https://npb.jp/bis/eng/teams/index_c.html>Hiroshima</a>,CL
Hatsuki Ryutaro,39,117,102,16,26,3,2,1,36,11,6,1,7,0,26,8,0,0,0,0.255,0.309,0.353,0.662,95,0.098,0.333,29.9%,22.2%,6.8%,0.31,<a href=https://npb.jp/bis/eng/teams/index_c.html>Hiroshima</a>,CL
Hayashi Kota,102,376,357,26,95,15,0,10,140,40,0,1,0,1,93,16,3,2,9,0.266,0.301,0.392,0.693,104,0.126,0.333,31.6%,24.7%,4.3%,0.17,<a href=https://npb.jp/bis/eng/teams/index_c.html>Hiroshima</a>,CL
Ishihara Tomoki,60,125,113,8,27,1,0,4,40,12,1,0,2,1,24,9,1,0,7,0.239,0.293,0.354,0.647,90,0.115,0.267,29.6%,19.2%,7.2%,0.38,<a href=https://npb.jp/bis/eng/teams/index_c.html>Hiroshima</a>,CL
Isomura Yoshitaka,21,39,35,0,6,2,0,0,8,3,0,0,0,1,9,2,0,1,0,0.171,0.231,0.229,0.460,35,0.058,0.222,28.2%,23.1%,5.1%,0.22,<a href=https://npb.jp/bis/eng/teams/index_c.html>Hiroshima</a>,CL
Kikuchi Ryosuke,132,542,494,64,137,23,2,16,212,60,1,5,2,3,86,42,2,1,8,0.277,0.333,0.429,0.762,124,0.152,0.306,26.6%,15.9%,7.7%,0.49,<a href=https://npb.jp/bis/eng/teams/index_c.html>Hiroshima</a>,CL
Kobayashi Tatsuto,1,2,0,0,0,0,0,0,0,0,0,0,2,0,0,0,0,0,0,0.000,0.000,0.000,0.000,-104,0.000,,0.0%,0.0%,0.0%,,<a href=https://npb.jp/bis/eng/teams/index_c.html>Hiroshima</a>,CL
Kozono Kaito,113,481,449,65,134,18,6,5,179,35,4,4,12,4,57,13,1,3,7,0.298,0.320,0.399,0.719,112,0.101,0.330,15.6%,11.9%,2.7%,0.23,<a href=https://npb.jp/bis/eng/teams/index_c.html>Hiroshima</a>,CL
Kuri Aren,25,51,43,0,1,0,0,0,1,0,0,0,8,0,33,0,0,0,0,0.023,0.023,0.023,0.046,-90,0.000,0.100,64.7%,64.7%,0.0%,0.00,<a href=https://npb.jp/bis/eng/teams/index_c.html>Hiroshima</a>,CL
Matsuyama Ryuhei,85,194,175,9,46,10,0,2,62,29,0,0,0,2,22,17,0,0,4,0.263,0.325,0.354,0.679,101,0.091,0.288,21.1%,11.3%,8.8%,0.77,<a href=https://npb.jp/bis/eng/teams/index_c.html>Hiroshima</a>,CL
Mejia Alejandro,18,40,37,2,8,0,0,0,8,0,0,0,0,0,11,2,0,1,0,0.216,0.275,0.216,0.491,47,0.000,0.308,32.5%,27.5%,5.0%,0.18,<a href=https://npb.jp/bis/eng/teams/index_c.html>Hiroshima</a>,CL
Miyoshi Takumi,64,13,11,1,0,0,0,0,0,0,0,0,2,0,4,0,0,0,0,0.000,0.000,0.000,0.000,-104,0.000,0.000,30.8%,30.8%,0.0%,0.00,<a href=https://npb.jp/bis/eng/teams/index_c.html>Hiroshima</a>,CL
Morishita Masato,24,57,46,1,3,0,0,0,3,1,0,0,10,0,19,1,0,0,1,0.065,0.085,0.065,0.150,-58,0.000,0.111,35.1%,33.3%,1.8%,0.05,<a href=https://npb.jp/bis/eng/teams/index_c.html>Hiroshima</a>,CL
Nakamura Shosei,39,61,53,15,15,3,0,2,24,5,3,1,0,0,15,8,0,0,0,0.283,0.377,0.453,0.830,145,0.170,0.361,41.0%,24.6%,13.1%,0.53,<a href=https://npb.jp/bis/eng/teams/index_c.html>Hiroshima</a>,CL
Nakamura Yuta,3,3,3,0,0,0,0,0,0,0,0,0,0,0,2,0,0,0,0,0.000,0.000,0.000,0.000,-104,0.000,0.000,66.7%,66.7%,0.0%,0.00,<a href=https://npb.jp/bis/eng/teams/index_c.html>Hiroshima</a>,CL
Nishikawa Ryoma,137,551,504,57,144,19,1,12,201,60,3,3,4,4,70,37,1,2,14,0.286,0.335,0.399,0.734,117,0.113,0.310,21.6%,12.7%,6.7%,0.53,<a href=https://npb.jp/bis/eng/teams/index_c.html>Hiroshima</a>,CL
Noma Takayoshi,74,270,250,27,68,7,2,2,85,12,9,1,1,0,29,17,0,2,3,0.272,0.323,0.340,0.663,96,0.068,0.301,17.8%,10.7%,6.3%,0.59,<a href=https://npb.jp/bis/eng/teams/index_c.html>Hiroshima</a>,CL
Nomura Yusuke,8,10,7,0,0,0,0,0,0,0,0,0,2,0,3,1,0,0,0,0.000,0.125,0.000,0.125,-62,0.000,0.000,40.0%,30.0%,10.0%,0.33,<a href=https://npb.jp/bis/eng/teams/index_c.html>Hiroshima</a>,CL
Ohmichi Haruki,24,10,9,0,1,1,0,0,2,2,0,0,1,0,6,0,0,0,0,0.111,0.111,0.222,0.333,-6,0.111,0.333,60.0%,60.0%,0.0%,0.00,<a href=https://npb.jp/bis/eng/teams/index_c.html>Hiroshima</a>,CL
Ohmori Minoru,56,41,37,9,10,1,1,0,13,3,5,1,2,0,19,1,0,1,2,0.270,0.308,0.351,0.659,94,0.081,0.556,48.8%,46.3%,2.4%,0.05,<a href=https://npb.jp/bis/eng/teams/index_c.html>Hiroshima</a>,CL
Ohsera Daichi,23,51,40,3,4,0,0,0,4,1,0,0,7,0,18,4,0,0,0,0.100,0.182,0.100,0.282,-17,0.000,0.182,43.1%,35.3%,7.8%,0.22,<a href=https://npb.jp/bis/eng/teams/index_c.html>Hiroshima</a>,CL
Sakakura Shogo,132,484,422,58,133,24,2,12,197,68,4,3,2,5,60,51,1,4,9,0.315,0.390,0.467,0.857,153,0.152,0.341,25.4%,12.4%,10.5%,0.85,<a href=https://npb.jp/bis/eng/teams/index_c.html>Hiroshima</a>,CL
Shozui Yuya,14,27,26,1,3,0,0,1,6,4,0,0,0,0,10,1,0,0,2,0.115,0.148,0.231,0.379,8,0.116,0.133,44.4%,37.0%,3.7%,0.10,<a href=https://npb.jp/bis/eng/teams/index_c.html>Hiroshima</a>,CL
Sone Kaisei,66,6,5,10,0,0,0,0,0,0,9,4,0,0,3,1,0,0,0,0.000,0.167,0.000,0.167,-49,0.000,0.000,66.7%,50.0%,16.7%,0.33,<a href=https://npb.jp/bis/eng/teams/index_c.html>Hiroshima</a>,CL
Suzuki Seiya,132,533,435,77,138,26,0,38,278,88,9,4,0,5,88,87,11,6,7,0.317,0.433,0.639,1.072,216,0.322,0.318,40.0%,16.5%,16.3%,0.99,<a href=https://npb.jp/bis/eng/teams/index_c.html>Hiroshima</a>,CL
Takahashi Kouya,15,25,22,1,3,0,0,0,3,1,0,0,3,0,12,0,0,0,2,0.136,0.136,0.136,0.272,-22,0.000,0.300,48.0%,48.0%,0.0%,0.00,<a href=https://npb.jp/bis/eng/teams/index_c.html>Hiroshima</a>,CL
Tamamura Shogo,17,31,29,1,6,1,0,0,7,3,0,0,1,0,16,1,0,0,0,0.207,0.233,0.241,0.474,39,0.034,0.462,54.8%,51.6%,3.2%,0.06,<a href=https://npb.jp/bis/eng/teams/index_c.html>Hiroshima</a>,CL
Tanaka Kosuke,81,160,136,12,28,4,0,2,38,8,1,3,4,0,23,18,0,2,0,0.206,0.308,0.279,0.587,75,0.073,0.234,26.9%,14.4%,11.2%,0.78,<a href=https://npb.jp/bis/eng/teams/index_c.html>Hiroshima</a>,CL
Tokoda Hiroki,16,28,20,0,4,1,0,0,5,2,0,0,7,1,9,0,0,0,0,0.200,0.190,0.250,0.440,28,0.050,0.333,32.1%,32.1%,0.0%,0.00,<a href=https://npb.jp/bis/eng/teams/index_c.html>Hiroshima</a>,CL
Uemoto Takashi,63,68,55,20,15,2,0,0,17,2,2,2,0,2,10,5,0,6,0,0.273,0.382,0.309,0.691,108,0.036,0.319,22.1%,14.7%,7.4%,0.50,<a href=https://npb.jp/bis/eng/teams/index_c.html>Hiroshima</a>,CL
Ugusa Koki,43,158,148,18,43,7,1,4,64,14,6,5,1,0,42,6,0,3,1,0.291,0.331,0.432,0.763,124,0.141,0.382,32.9%,26.6%,3.8%,0.14,<a href=https://npb.jp/bis/eng/teams/index_c.html>Hiroshima</a>,CL
Yabuta Kazuki,1,1,0,0,0,0,0,0,0,0,0,0,1,0,0,0,0,0,0,0.000,0.000,0.000,0.000,-104,0.000,,0.0%,0.0%,0.0%,,<a href=https://npb.jp/bis/eng/teams/index_c.html>Hiroshima</a>,CL
Yano Masaya,13,6,6,2,0,0,0,0,0,0,0,0,0,0,3,0,0,0,0,0.000,0.000,0.000,0.000,-104,0.000,0.000,50.0%,50.0%,0.0%,0.00,<a href=https://npb.jp/bis/eng/teams/index_c.html>Hiroshima</a>,CL
Ariyoshi Yuki,1,2,1,0,0,0,0,0,0,0,0,0,1,0,1,0,0,0,0,0.000,0.000,0.000,0.000,-98,0.000,,50.0%,50.0%,0.0%,0.00,<a href=https://npb.jp/bis/eng/teams/index_db.html>DeNA</a>,CL
Austin Tyler,107,439,373,60,113,25,1,28,224,74,1,0,0,1,111,60,2,5,9,0.303,0.405,0.601,1.006,184,0.298,0.362,45.3%,25.3%,13.7%,0.54,<a href=https://npb.jp/bis/eng/teams/index_db.html>DeNA</a>,CL
Azuma Katsuki,3,7,6,0,0,0,0,0,0,0,0,0,1,0,2,0,0,0,0,0.000,0.000,0.000,0.000,-98,0.000,0.000,28.6%,28.6%,0.0%,0.00,<a href=https://npb.jp/bis/eng/teams/index_db.html>DeNA</a>,CL
Chino Naoto,36,40,34,4,6,1,1,1,12,3,0,1,2,0,12,3,0,1,1,0.176,0.263,0.353,0.616,75,0.177,0.238,40.0%,30.0%,7.5%,0.25,<a href=https://npb.jp/bis/eng/teams/index_db.html>DeNA</a>,CL
Ebina Tatsuo,31,21,18,1,3,0,0,0,3,1,0,0,0,0,7,3,0,0,2,0.167,0.286,0.167,0.453,34,0.000,0.273,47.6%,33.3%,14.3%,0.43,<a href=https://npb.jp/bis/eng/teams/index_db.html>DeNA</a>,CL
Hamaguchi Haruhiro,17,26,23,1,2,0,0,0,2,0,0,0,2,0,12,1,0,0,0,0.087,0.125,0.087,0.212,-36,0.000,0.182,50.0%,46.2%,3.8%,0.08,<a href=https://npb.jp/bis/eng/teams/index_db.html>DeNA</a>,CL
Hosokawa Seiya,37,44,39,3,6,1,0,0,7,1,0,0,0,0,13,3,0,2,0,0.154,0.250,0.179,0.429,26,0.025,0.231,36.4%,29.5%,6.8%,0.23,<a href=https://npb.jp/bis/eng/teams/index_db.html>DeNA</a>,CL
Imanaga Shota,19,40,37,1,10,1,0,0,11,3,0,0,2,0,12,1,0,0,1,0.270,0.289,0.297,0.586,69,0.027,0.400,32.5%,30.0%,2.5%,0.08,<a href=https://npb.jp/bis/eng/teams/index_db.html>DeNA</a>,CL
Irie Taisei,4,6,3,1,0,0,0,0,0,0,0,0,0,0,1,3,0,0,0,0.000,0.500,0.000,0.500,58,0.000,0.000,66.7%,16.7%,50.0%,3.00,<a href=https://npb.jp/bis/eng/teams/index_db.html>DeNA</a>,CL
Ishida Kenta,33,3,3,0,0,0,0,0,0,0,0,0,0,0,1,0,0,0,0,0.000,0.000,0.000,0.000,-98,0.000,0.000,33.3%,33.3%,0.0%,0.00,<a href=https://npb.jp/bis/eng/teams/index_db.html>DeNA</a>,CL
Itoh Hikaru,53,192,160,14,34,6,0,2,46,13,1,1,12,1,43,17,0,2,3,0.213,0.294,0.288,0.582,68,0.075,0.276,32.3%,22.4%,8.9%,0.40,<a href=https://npb.jp/bis/eng/teams/index_db.html>DeNA</a>,CL
Itoh Yukiya,3,2,2,0,0,0,0,0,0,0,0,0,0,0,1,0,0,0,0,0.000,0.000,0.000,0.000,-98,0.000,0.000,50.0%,50.0%,0.0%,0.00,<a href=https://npb.jp/bis/eng/teams/index_db.html>DeNA</a>,CL
Kamichatani Taiga,8,10,7,1,1,0,0,0,1,0,0,0,3,0,5,0,0,0,0,0.143,0.143,0.143,0.286,-17,0.000,0.500,50.0%,50.0%,0.0%,0.00,<a href=https://npb.jp/bis/eng/teams/index_db.html>DeNA</a>,CL
Kamizato Kazuki,88,118,110,13,21,3,0,4,36,15,4,3,1,1,49,6,1,0,1,0.191,0.231,0.327,0.558,59,0.136,0.293,50.0%,41.5%,5.1%,0.12,<a href=https://npb.jp/bis/eng/teams/index_db.html>DeNA</a>,CL
Kuniyoshi Yuki,18,3,3,0,0,0,0,0,0,0,0,0,0,0,2,0,0,0,0,0.000,0.000,0.000,0.000,-98,0.000,0.000,66.7%,66.7%,0.0%,0.00,<a href=https://npb.jp/bis/eng/teams/index_db.html>DeNA</a>,CL
Kuramoto Toshihiko,46,74,72,5,15,0,0,0,15,6,0,0,0,0,17,2,0,0,2,0.208,0.230,0.208,0.438,27,0.000,0.273,25.7%,23.0%,2.7%,0.12,<a href=https://npb.jp/bis/eng/teams/index_db.html>DeNA</a>,CL
Kusumoto Taishi,76,127,114,9,29,7,0,2,42,18,1,4,0,1,23,10,1,2,1,0.254,0.323,0.368,0.691,99,0.114,0.300,27.6%,18.1%,7.9%,0.43,<a href=https://npb.jp/bis/eng/teams/index_db.html>DeNA</a>,CL
Kuwahara Masayuki,135,571,519,84,161,39,2,14,246,43,12,7,4,0,75,44,1,4,12,0.310,0.369,0.474,0.843,140,0.164,0.342,23.3%,13.1%,7.7%,0.59,<a href=https://npb.jp/bis/eng/teams/index_db.html>DeNA</a>,CL
Kyoyama Masaya,16,24,22,1,1,0,0,0,1,0,0,0,2,0,14,0,0,0,0,0.045,0.045,0.045,0.090,-72,0.000,0.125,58.3%,58.3%,0.0%,0.00,<a href=https://npb.jp/bis/eng/teams/index_db.html>DeNA</a>,CL
Maeda Yamato,106,294,270,18,68,13,0,2,87,26,1,2,4,1,44,19,3,0,7,0.252,0.300,0.322,0.622,79,0.070,0.293,22.1%,15.0%,6.5%,0.43,<a href=https://npb.jp/bis/eng/teams/index_db.html>DeNA</a>,CL
Maki Shugo,137,523,487,73,153,35,3,22,260,71,2,1,1,2,85,27,1,6,16,0.314,0.356,0.534,0.890,151,0.220,0.343,25.6%,16.3%,5.2%,0.32,<a href=https://npb.jp/bis/eng/teams/index_db.html>DeNA</a>,CL
Mashiko Kyosuke,3,5,5,0,1,0,0,0,1,0,0,0,0,0,1,0,0,0,1,0.200,0.200,0.200,0.400,17,0.000,0.250,20.0%,20.0%,0.0%,0.00,<a href=https://npb.jp/bis/eng/teams/index_db.html>DeNA</a>,CL
Minei Hiroki,36,80,74,1,14,4,0,0,18,7,0,0,0,0,24,4,0,2,1,0.189,0.250,0.243,0.493,43,0.054,0.280,35.0%,30.0%,5.0%,0.17,<a href=https://npb.jp/bis/eng/teams/index_db.html>DeNA</a>,CL
Miyaguni Ryosuke,3,5,3,0,0,0,0,0,0,0,0,0,2,0,2,0,0,0,0,0.000,0.000,0.000,0.000,-98,0.000,0.000,40.0%,40.0%,0.0%,0.00,<a href=https://npb.jp/bis/eng/teams/index_db.html>DeNA</a>,CL
Miyamoto Shumei,35,11,10,5,2,0,0,0,2,0,2,2,0,0,6,1,0,0,0,0.200,0.273,0.200,0.473,39,0.000,0.500,63.6%,54.5%,9.1%,0.17,<a href=https://npb.jp/bis/eng/teams/index_db.html>DeNA</a>,CL
Miyazaki Toshiro,141,569,519,61,156,32,0,16,236,73,0,0,0,5,53,41,3,4,15,0.301,0.353,0.455,0.808,130,0.154,0.308,19.3%,9.3%,7.2%,0.77,<a href=https://npb.jp/bis/eng/teams/index_db.html>DeNA</a>,CL
Mori Keito,44,113,103,15,20,4,2,0,28,5,4,2,1,2,30,7,0,0,1,0.194,0.241,0.272,0.513,48,0.078,0.267,32.7%,26.5%,6.2%,0.23,<a href=https://npb.jp/bis/eng/teams/index_db.html>DeNA</a>,CL
Nakagawa Koh,7,5,4,0,1,0,0,0,1,1,0,0,1,0,2,0,0,0,0,0.250,0.250,0.250,0.500,45,0.000,0.500,40.0%,40.0%,0.0%,0.00,<a href=https://npb.jp/bis/eng/teams/index_db.html>DeNA</a>,CL
Nakai Daisuke,13,15,15,0,2,0,0,0,2,0,0,0,0,0,6,0,0,0,0,0.133,0.133,0.133,0.266,-21,0.000,0.222,40.0%,40.0%,0.0%,0.00,<a href=https://npb.jp/bis/eng/teams/index_db.html>DeNA</a>,CL
Ohnuki Shinichi,22,39,34,0,2,0,0,0,2,2,0,0,3,0,18,2,0,0,0,0.059,0.111,0.059,0.170,-48,0.000,0.125,51.3%,46.2%,5.1%,0.11,<a href=https://npb.jp/bis/eng/teams/index_db.html>DeNA</a>,CL
Otosaka Tomo,17,20,19,5,4,1,0,0,5,0,0,0,0,0,6,1,0,0,0,0.211,0.250,0.263,0.513,48,0.052,0.308,35.0%,30.0%,5.0%,0.17,<a href=https://npb.jp/bis/eng/teams/index_db.html>DeNA</a>,CL
Peoples Michael,18,11,11,1,1,1,0,0,2,0,0,0,0,0,5,0,0,0,1,0.091,0.091,0.182,0.273,-22,0.091,0.167,45.5%,45.5%,0.0%,0.00,<a href=https://npb.jp/bis/eng/teams/index_db.html>DeNA</a>,CL
Romero Fernando,14,30,26,2,4,0,0,0,4,0,0,0,1,0,12,3,0,0,0,0.154,0.241,0.154,0.395,17,0.000,0.286,50.0%,40.0%,10.0%,0.25,<a href=https://npb.jp/bis/eng/teams/index_db.html>DeNA</a>,CL
Sakaguchi Kousuke,8,9,9,0,0,0,0,0,0,0,0,0,0,0,6,0,0,0,1,0.000,0.000,0.000,0.000,-98,0.000,0.000,66.7%,66.7%,0.0%,0.00,<a href=https://npb.jp/bis/eng/teams/index_db.html>DeNA</a>,CL
Sakamoto Yuya,16,20,16,0,1,0,0,0,1,0,0,0,4,0,4,0,0,0,0,0.063,0.063,0.063,0.126,-61,0.000,0.083,20.0%,20.0%,0.0%,0.00,<a href=https://npb.jp/bis/eng/teams/index_db.html>DeNA</a>,CL
Sakurai Shuto,30,3,2,0,2,0,0,0,2,1,0,0,1,0,0,0,0,0,0,1.000,1.000,1.000,2.000,472,0.000,1.000,0.0%,0.0%,0.0%,,<a href=https://npb.jp/bis/eng/teams/index_db.html>DeNA</a>,CL
Sano Keita,143,615,545,73,165,34,2,17,254,72,0,1,0,4,73,61,1,5,14,0.303,0.376,0.466,0.842,140,0.163,0.322,24.6%,11.9%,9.9%,0.84,<a href=https://npb.jp/bis/eng/teams/index_db.html>DeNA</a>,CL
Sekine Taiki,103,139,124,17,28,6,0,1,37,4,2,0,5,0,27,9,0,1,2,0.226,0.284,0.298,0.582,67,0.072,0.281,26.6%,19.4%,6.5%,0.33,<a href=https://npb.jp/bis/eng/teams/index_db.html>DeNA</a>,CL
Shibata Tatsuhiro,85,266,222,21,52,15,0,2,73,15,1,1,14,3,39,26,1,1,1,0.234,0.313,0.329,0.642,85,0.095,0.272,25.2%,14.7%,9.8%,0.67,<a href=https://npb.jp/bis/eng/teams/index_db.html>DeNA</a>,CL
Soto Neftali,123,451,410,42,96,18,1,21,179,62,0,1,0,1,116,35,4,5,12,0.234,0.302,0.437,0.739,109,0.203,0.274,38.1%,25.7%,7.8%,0.30,<a href=https://npb.jp/bis/eng/teams/index_db.html>DeNA</a>,CL
Taira Kentaro,2,3,2,0,0,0,0,0,0,0,0,0,1,0,0,0,0,0,0,0.000,0.000,0.000,0.000,-98,0.000,0.000,0.0%,0.0%,0.0%,,<a href=https://npb.jp/bis/eng/teams/index_db.html>DeNA</a>,CL
Takajoh Shuto,7,7,4,0,1,0,0,0,1,0,0,0,1,0,0,1,0,1,0,0.250,0.500,0.250,0.750,122,0.000,0.250,14.3%,0.0%,14.3%,1.00,<a href=https://npb.jp/bis/eng/teams/index_db.html>DeNA</a>,CL
Tanaka Shunta,58,60,48,10,7,0,0,0,7,8,0,1,3,2,16,7,0,0,0,0.146,0.246,0.146,0.392,17,0.000,0.206,38.3%,26.7%,11.7%,0.44,<a href=https://npb.jp/bis/eng/teams/index_db.html>DeNA</a>,CL
Tobashira Yasutaka,56,135,127,10,28,5,1,3,44,14,0,0,2,0,18,4,0,1,3,0.220,0.250,0.346,0.596,69,0.126,0.236,18.5%,13.3%,3.0%,0.22,<a href=https://npb.jp/bis/eng/teams/index_db.html>DeNA</a>,CL
Yamamoto Yuudai,51,111,99,4,13,2,0,1,18,4,0,0,7,0,27,4,0,1,0,0.131,0.173,0.182,0.355,3,0.051,0.169,28.8%,24.3%,3.6%,0.15,<a href=https://npb.jp/bis/eng/teams/index_db.html>DeNA</a>,CL
Yamashita Kouki,46,52,50,3,10,1,0,0,11,4,0,0,0,0,7,2,0,0,0,0.200,0.231,0.220,0.451,31,0.020,0.233,17.3%,13.5%,3.8%,0.29,<a href=https://npb.jp/bis/eng/teams/index_db.html>DeNA</a>,CL
Akihiro Yuto,1,1,1,0,0,0,0,0,0,0,0,0,0,0,0,0,0,0,0,0.000,0.000,0.000,0.000,-96,0.000,0.000,0.0%,0.0%,0.0%,,<a href=https://npb.jp/bis/eng/teams/index_g.html>Yomiuri</a>,CL
Hatake Seishu,52,14,14,0,0,0,0,0,0,0,0,0,0,0,12,0,0,0,0,0.000,0.000,0.000,0.000,-96,0.000,0.000,85.7%,85.7%,0.0%,0.00,<a href=https://npb.jp/bis/eng/teams/index_g.html>Yomiuri</a>,CL
Heinai Ryuta,3,1,1,0,0,0,0,0,0,0,0,0,0,0,0,0,0,0,0,0.000,0.000,0.000,0.000,-96,0.000,0.000,0.0%,0.0%,0.0%,,<a href=https://npb.jp/bis/eng/teams/index_g.html>Yomiuri</a>,CL
Heineman Scott,10,28,25,2,4,1,0,0,5,2,0,0,0,0,6,1,0,2,1,0.160,0.250,0.200,0.450,32,0.040,0.211,25.0%,21.4%,3.6%,0.17,<a href=https://npb.jp/bis/eng/teams/index_g.html>Yomiuri</a>,CL
Hirooka Taishi,78,117,106,11,20,2,2,5,41,15,2,1,0,1,25,7,0,3,2,0.189,0.256,0.387,0.643,80,0.198,0.195,31.6%,21.4%,6.0%,0.28,<a href=https://npb.jp/bis/eng/teams/index_g.html>Yomiuri</a>,CL
Imamura Nobutaka,17,16,15,1,1,0,0,0,1,0,0,0,1,0,7,0,0,0,0,0.067,0.067,0.067,0.134,-58,0.000,0.125,43.8%,43.8%,0.0%,0.00,<a href=https://npb.jp/bis/eng/teams/index_g.html>Yomiuri</a>,CL
Inoh Shoichi,5,1,1,0,0,0,0,0,0,0,0,0,0,0,0,0,0,0,0,0.000,0.000,0.000,0.000,-96,0.000,0.000,0.0%,0.0%,0.0%,,<a href=https://npb.jp/bis/eng/teams/index_g.html>Yomiuri</a>,CL
Ishikawa Shingo,26,41,37,3,7,2,0,0,9,0,0,1,0,0,8,4,0,0,1,0.189,0.268,0.243,0.511,48,0.054,0.241,29.3%,19.5%,9.8%,0.50,<a href=https://npb.jp/bis/eng/teams/index_g.html>Yomiuri</a>,CL
Kagiya Yohei,59,1,1,0,0,0,0,0,0,0,0,0,0,0,1,0,0,0,0,0.000,0.000,0.000,0.000,-96,0.000,,100.0%,100.0%,0.0%,0.00,<a href=https://npb.jp/bis/eng/teams/index_g.html>Yomiuri</a>,CL
Kajitani Takayuki,61,246,227,31,64,10,1,4,88,23,11,8,0,1,40,15,0,3,2,0.282,0.333,0.388,0.721,104,0.106,0.326,24.0%,16.3%,6.1%,0.38,<a href=https://npb.jp/bis/eng/teams/index_g.html>Yomiuri</a>,CL
Kamei Yoshiyuki,92,206,186,15,40,12,1,3,63,17,1,1,2,3,47,13,1,2,3,0.215,0.270,0.339,0.609,73,0.124,0.266,30.6%,22.8%,6.3%,0.28,<a href=https://npb.jp/bis/eng/teams/index_g.html>Yomiuri</a>,CL
Katsuki Kazuya,39,67,59,9,12,3,0,3,24,6,0,0,2,0,12,4,0,2,2,0.203,0.277,0.407,0.684,92,0.204,0.205,28.4%,17.9%,6.0%,0.33,<a href=https://npb.jp/bis/eng/teams/index_g.html>Yomiuri</a>,CL
Kishida Yukinori,27,24,22,1,4,0,1,0,6,2,0,0,0,0,8,2,0,0,0,0.182,0.250,0.273,0.523,50,0.091,0.286,41.7%,33.3%,8.3%,0.25,<a href=https://npb.jp/bis/eng/teams/index_g.html>Yomiuri</a>,CL
Kitamura Takumi,53,103,92,13,23,3,0,4,38,11,1,0,2,0,28,8,1,1,4,0.250,0.317,0.413,0.730,106,0.163,0.317,38.8%,27.2%,7.8%,0.29,<a href=https://npb.jp/bis/eng/teams/index_g.html>Yomiuri</a>,CL
Kobayashi Seiji,64,79,75,2,7,2,0,1,12,3,1,0,2,0,24,1,0,1,2,0.093,0.117,0.160,0.277,-19,0.067,0.120,32.9%,30.4%,1.3%,0.04,<a href=https://npb.jp/bis/eng/teams/index_g.html>Yomiuri</a>,CL
Maru Yoshihiro,118,457,392,58,104,21,0,23,194,55,5,3,0,2,120,63,0,0,5,0.265,0.365,0.495,0.860,142,0.230,0.323,45.1%,26.3%,13.8%,0.52,<a href=https://npb.jp/bis/eng/teams/index_g.html>Yomiuri</a>,CL
Masuda Daiki,56,25,22,13,3,1,0,1,7,2,8,4,1,0,6,2,0,0,0,0.136,0.208,0.318,0.526,49,0.182,0.133,36.0%,24.0%,8.0%,0.33,<a href=https://npb.jp/bis/eng/teams/index_g.html>Yomiuri</a>,CL
Matsubara Seiya,135,477,431,69,118,20,4,12,182,37,15,7,3,3,100,38,0,2,4,0.274,0.333,0.422,0.755,113,0.148,0.329,31.4%,21.0%,8.0%,0.38,<a href=https://npb.jp/bis/eng/teams/index_g.html>Yomiuri</a>,CL
Mercedes CC,17,28,25,1,2,0,0,0,2,0,0,0,3,0,14,0,0,0,0,0.080,0.080,0.080,0.160,-51,0.000,0.182,50.0%,50.0%,0.0%,0.00,<a href=https://npb.jp/bis/eng/teams/index_g.html>Yomiuri</a>,CL
Nakajima Hiroyuki,81,195,181,11,49,10,0,6,77,26,0,0,1,1,35,9,1,3,9,0.271,0.314,0.425,0.739,108,0.154,0.305,25.6%,17.9%,4.6%,0.26,<a href=https://npb.jp/bis/eng/teams/index_g.html>Yomiuri</a>,CL
Nakata Sho,34,106,91,6,14,4,0,3,27,7,0,0,0,0,29,14,0,1,3,0.154,0.274,0.297,0.571,63,0.143,0.186,43.4%,27.4%,13.2%,0.48,<a href=https://npb.jp/bis/eng/teams/index_g.html>Yomiuri</a>,CL
Naoe Daisuke,4,2,2,0,0,0,0,0,0,0,0,0,0,0,1,0,0,0,0,0.000,0.000,0.000,0.000,-96,0.000,0.000,50.0%,50.0%,0.0%,0.00,<a href=https://npb.jp/bis/eng/teams/index_g.html>Yomiuri</a>,CL
Nogami Ryoma,9,2,2,0,0,0,0,0,0,0,0,0,0,0,2,0,0,0,0,0.000,0.000,0.000,0.000,-96,0.000,,100.0%,100.0%,0.0%,0.00,<a href=https://npb.jp/bis/eng/teams/index_g.html>Yomiuri</a>,CL
Ohe Ryusei,47,1,1,0,0,0,0,0,0,0,0,0,0,0,0,0,0,0,0,0.000,0.000,0.000,0.000,-96,0.000,0.000,0.0%,0.0%,0.0%,,<a href=https://npb.jp/bis/eng/teams/index_g.html>Yomiuri</a>,CL
Ohshiro Takumi,125,386,347,36,80,12,0,11,125,37,0,0,3,1,80,33,4,2,11,0.231,0.300,0.360,0.660,87,0.129,0.268,32.1%,20.7%,8.5%,0.41,<a href=https://npb.jp/bis/eng/teams/index_g.html>Yomiuri</a>,CL
Okamoto Kazuma,143,592,521,71,138,19,1,39,276,113,1,1,0,7,108,57,4,7,16,0.265,0.341,0.530,0.871,143,0.265,0.260,34.5%,18.2%,9.6%,0.53,<a href=https://npb.jp/bis/eng/teams/index_g.html>Yomiuri</a>,CL
Sakamoto Hayato,117,487,424,53,115,26,0,19,198,46,2,3,2,2,90,58,4,1,4,0.271,0.359,0.467,0.826,132,0.196,0.303,34.3%,18.5%,11.9%,0.64,<a href=https://npb.jp/bis/eng/teams/index_g.html>Yomiuri</a>,CL
Sanchez Angel,14,21,19,0,0,0,0,0,0,0,0,0,2,0,9,0,0,0,0,0.000,0.000,0.000,0.000,-96,0.000,0.000,42.9%,42.9%,0.0%,0.00,<a href=https://npb.jp/bis/eng/teams/index_g.html>Yomiuri</a>,CL
Shigenobu Shinnosuke,73,86,78,11,17,2,0,2,25,6,6,2,1,0,26,7,0,0,0,0.218,0.282,0.321,0.603,72,0.103,0.300,40.7%,30.2%,8.1%,0.27,<a href=https://npb.jp/bis/eng/teams/index_g.html>Yomiuri</a>,CL
Smoak Justin,34,125,114,11,31,3,0,7,55,14,0,0,0,0,37,10,1,1,2,0.272,0.336,0.482,0.818,129,0.210,0.343,43.2%,29.6%,8.0%,0.27,<a href=https://npb.jp/bis/eng/teams/index_g.html>Yomiuri</a>,CL
Sugano Tomoyuki,19,39,32,2,4,0,0,0,4,0,0,0,6,0,9,1,0,0,0,0.125,0.152,0.125,0.277,-17,0.000,0.174,25.6%,23.1%,2.6%,0.11,<a href=https://npb.jp/bis/eng/teams/index_g.html>Yomiuri</a>,CL
Sumitani Ginjiro,44,54,48,4,9,0,0,1,12,7,0,0,1,1,17,4,1,0,0,0.188,0.245,0.250,0.495,42,0.062,0.258,40.7%,31.5%,7.4%,0.24,<a href=https://npb.jp/bis/eng/teams/index_g.html>Yomiuri</a>,CL
Takagi Kyosuke,15,1,1,0,0,0,0,0,0,0,0,0,0,0,0,0,0,0,0,0.000,0.000,0.000,0.000,-96,0.000,0.000,0.0%,0.0%,0.0%,,<a href=https://npb.jp/bis/eng/teams/index_g.html>Yomiuri</a>,CL
Takahashi Yuki,27,49,46,1,2,1,0,0,3,2,0,0,2,0,30,1,0,0,0,0.043,0.064,0.065,0.129,-59,0.022,0.125,63.3%,61.2%,2.0%,0.03,<a href=https://npb.jp/bis/eng/teams/index_g.html>Yomiuri</a>,CL
Tanaka Toyoki,39,1,1,0,0,0,0,0,0,0,0,0,0,0,1,0,0,0,0,0.000,0.000,0.000,0.000,-96,0.000,,100.0%,100.0%,0.0%,0.00,<a href=https://npb.jp/bis/eng/teams/index_g.html>Yomiuri</a>,CL
Tateoka Soichiro,47,47,44,2,9,0,0,0,9,1,0,0,0,0,7,3,0,0,0,0.205,0.255,0.205,0.460,34,0.000,0.243,21.3%,14.9%,6.4%,0.43,<a href=https://npb.jp/bis/eng/teams/index_g.html>Yomiuri</a>,CL
Thames Eric,1,2,2,0,0,0,0,0,0,0,0,0,0,0,2,0,0,0,0,0.000,0.000,0.000,0.000,-96,0.000,,100.0%,100.0%,0.0%,0.00,<a href=https://npb.jp/bis/eng/teams/index_g.html>Yomiuri</a>,CL
Togo Shosei,26,53,43,2,5,0,0,0,5,1,0,0,8,0,20,2,0,0,2,0.116,0.156,0.116,0.272,-19,0.000,0.217,41.5%,37.7%,3.8%,0.10,<a href=https://npb.jp/bis/eng/teams/index_g.html>Yomiuri</a>,CL
Tone Chiaki,29,1,1,0,1,0,0,0,1,1,0,0,0,0,0,0,0,0,0,1.000,1.000,1.000,2.000,463,0.000,1.000,0.0%,0.0%,0.0%,,<a href=https://npb.jp/bis/eng/teams/index_g.html>Yomiuri</a>,CL
Urena Estamy,4,5,5,0,0,0,0,0,0,0,0,0,0,0,3,0,0,0,0,0.000,0.000,0.000,0.000,-96,0.000,0.000,60.0%,60.0%,0.0%,0.00,<a href=https://npb.jp/bis/eng/teams/index_g.html>Yomiuri</a>,CL
Wakabayashi Akihiro,96,242,213,25,51,11,0,5,77,16,1,3,3,2,46,22,0,2,1,0.239,0.314,0.362,0.676,92,0.123,0.280,30.2%,19.0%,9.1%,0.48,<a href=https://npb.jp/bis/eng/teams/index_g.html>Yomiuri</a>,CL
Wheeler Zelous,121,427,384,44,111,28,0,15,184,56,3,1,0,1,78,34,3,8,16,0.289,0.358,0.479,0.837,135,0.190,0.329,29.7%,18.3%,8.0%,0.44,<a href=https://npb.jp/bis/eng/teams/index_g.html>Yomiuri</a>,CL
Yamaguchi Shun,15,23,22,0,0,0,0,0,0,0,0,0,0,0,14,1,0,0,3,0.000,0.043,0.000,0.043,-82,0.000,0.000,65.2%,60.9%,4.3%,0.07,<a href=https://npb.jp/bis/eng/teams/index_g.html>Yomiuri</a>,CL
Yaoita Takumaru,16,12,12,2,2,0,0,0,2,1,0,0,0,0,4,0,0,0,1,0.167,0.167,0.167,0.334,-3,0.000,0.250,33.3%,33.3%,0.0%,0.00,<a href=https://npb.jp/bis/eng/teams/index_g.html>Yomiuri</a>,CL
Yoh Daikan,7,7,7,1,1,0,0,0,1,0,0,0,0,0,2,0,0,0,0,0.143,0.143,0.143,0.286,-16,0.000,0.200,28.6%,28.6%,0.0%,0.00,<a href=https://npb.jp/bis/eng/teams/index_g.html>Yomiuri</a>,CL
Yokogawa Kai,2,1,1,0,1,0,0,0,1,0,0,0,0,0,0,0,0,0,0,1.000,1.000,1.000,2.000,463,0.000,1.000,0.0%,0.0%,0.0%,,<a href=https://npb.jp/bis/eng/teams/index_g.html>Yomiuri</a>,CL
Yoshikawa Naoki,108,329,305,35,83,13,1,5,113,25,7,0,3,2,48,17,2,2,4,0.272,0.313,0.370,0.683,94,0.098,0.307,21.3%,14.6%,5.2%,0.35,<a href=https://npb.jp/bis/eng/teams/index_g.html>Yomiuri</a>,CL
Yuasa Dai,33,13,13,6,5,1,0,0,6,0,1,1,0,0,1,0,0,0,0,0.385,0.385,0.462,0.847,139,0.077,0.417,7.7%,7.7%,0.0%,0.00,<a href=https://npb.jp/bis/eng/teams/index_g.html>Yomiuri</a>,CL
Aoki Norichika,122,501,446,57,115,29,0,9,171,56,0,0,0,2,44,43,1,10,10,0.258,0.335,0.383,0.718,103,0.125,0.268,19.2%,8.8%,8.6%,0.98,<a href=https://npb.jp/bis/eng/teams/index_s.html>Yakult</a>,CL
Araki Takahiro,100,67,55,10,11,0,0,0,11,5,2,1,6,1,9,4,0,1,0,0.200,0.262,0.200,0.462,34,0.000,0.234,19.4%,13.4%,6.0%,0.44,<a href=https://npb.jp/bis/eng/teams/index_s.html>Yakult</a>,CL
Hara Juri,9,15,13,0,2,2,0,0,4,3,0,0,1,0,7,0,0,1,0,0.154,0.214,0.308,0.522,48,0.154,0.333,46.7%,46.7%,0.0%,0.00,<a href=https://npb.jp/bis/eng/teams/index_s.html>Yakult</a>,CL
Ishikawa Masanori,17,25,18,1,4,0,0,0,4,1,0,0,6,0,5,1,0,0,0,0.222,0.263,0.222,0.485,41,0.000,0.308,24.0%,20.0%,4.0%,0.20,<a href=https://npb.jp/bis/eng/teams/index_s.html>Yakult</a>,CL
Kanakubo Yuto,10,13,11,0,0,0,0,0,0,0,0,0,2,0,6,0,0,0,1,0.000,0.000,0.000,0.000,-96,0.000,0.000,46.2%,46.2%,0.0%,0.00,<a href=https://npb.jp/bis/eng/teams/index_s.html>Yakult</a>,CL
Kawabata Shingo,91,93,86,8,32,5,1,1,42,18,0,0,0,0,16,7,1,0,2,0.372,0.419,0.488,0.907,156,0.116,0.449,25.8%,17.2%,7.5%,0.44,<a href=https://npb.jp/bis/eng/teams/index_s.html>Yakult</a>,CL
Koga Yudai,54,125,116,12,26,2,0,0,28,7,0,0,4,0,16,4,1,1,1,0.224,0.256,0.241,0.497,43,0.017,0.260,16.0%,12.8%,3.2%,0.25,<a href=https://npb.jp/bis/eng/teams/index_s.html>Yakult</a>,CL
Matsumoto Yu,27,41,34,8,12,4,0,0,16,2,1,0,0,0,8,7,1,0,0,0.353,0.463,0.471,0.934,165,0.118,0.462,36.6%,19.5%,17.1%,0.88,<a href=https://npb.jp/bis/eng/teams/index_s.html>Yakult</a>,CL
Miyamoto Takeshi,62,92,70,9,20,4,0,1,27,8,0,1,6,2,10,12,0,2,0,0.286,0.395,0.386,0.781,122,0.100,0.311,25.0%,10.9%,13.0%,1.20,<a href=https://npb.jp/bis/eng/teams/index_s.html>Yakult</a>,CL
Motoyama Hiyu,97,235,208,20,53,1,3,3,69,17,2,1,5,1,42,17,3,4,7,0.255,0.322,0.332,0.654,87,0.077,0.305,26.4%,17.9%,7.2%,0.40,<a href=https://npb.jp/bis/eng/teams/index_s.html>Yakult</a>,CL
Murakami Munetaka,143,615,500,82,139,27,0,39,283,112,12,7,0,3,133,106,6,6,12,0.278,0.408,0.566,0.974,172,0.288,0.302,45.2%,21.6%,17.2%,0.80,<a href=https://npb.jp/bis/eng/teams/index_s.html>Yakult</a>,CL
Nagaoka Hideki,5,10,9,0,0,0,0,0,0,0,0,0,0,0,4,1,0,0,0,0.000,0.100,0.000,0.100,-65,0.000,0.000,50.0%,40.0%,10.0%,0.25,<a href=https://npb.jp/bis/eng/teams/index_s.html>Yakult</a>,CL
Nakamura Yuhei,123,445,377,47,105,24,0,2,135,36,0,3,14,4,66,46,0,4,10,0.279,0.360,0.358,0.718,105,0.079,0.329,25.6%,14.8%,10.3%,0.70,<a href=https://npb.jp/bis/eng/teams/index_s.html>Yakult</a>,CL
Nakayama Shota,9,14,11,0,1,0,0,0,1,1,0,0,0,0,3,0,0,3,0,0.091,0.286,0.091,0.377,14,0.000,0.125,21.4%,21.4%,0.0%,0.00,<a href=https://npb.jp/bis/eng/teams/index_s.html>Yakult</a>,CL
Namiki Hidetaka,27,6,4,4,1,1,0,0,2,2,4,0,1,0,1,0,0,1,0,0.250,0.400,0.500,0.900,153,0.250,0.333,16.7%,16.7%,0.0%,0.00,<a href=https://npb.jp/bis/eng/teams/index_s.html>Yakult</a>,CL
Nishida Akihisa,11,19,18,1,2,0,0,0,2,0,0,0,0,0,4,1,0,0,0,0.111,0.158,0.111,0.269,-19,0.000,0.143,26.3%,21.1%,5.3%,0.25,<a href=https://npb.jp/bis/eng/teams/index_s.html>Yakult</a>,CL
Nishiura Naomichi,92,276,242,27,54,9,0,5,78,24,1,1,4,3,60,24,3,3,8,0.223,0.298,0.322,0.620,77,0.099,0.272,32.2%,21.7%,8.7%,0.40,<a href=https://npb.jp/bis/eng/teams/index_s.html>Yakult</a>,CL
Ogawa Yasuhiro,23,41,35,0,5,0,0,0,5,3,0,0,3,0,19,3,0,0,0,0.143,0.211,0.143,0.354,5,0.000,0.312,53.7%,46.3%,7.3%,0.16,<a href=https://npb.jp/bis/eng/teams/index_s.html>Yakult</a>,CL
Ohta Kengo,29,79,72,4,16,5,0,0,21,5,3,2,1,1,18,5,0,0,3,0.222,0.269,0.292,0.561,60,0.070,0.291,29.1%,22.8%,6.3%,0.28,<a href=https://npb.jp/bis/eng/teams/index_s.html>Yakult</a>,CL
Okugawa Yasunobu,18,36,30,3,2,0,0,0,2,0,0,0,5,0,17,1,0,0,0,0.067,0.097,0.067,0.164,-49,0.000,0.154,50.0%,47.2%,2.8%,0.06,<a href=https://npb.jp/bis/eng/teams/index_s.html>Yakult</a>,CL
Okumura Nobuyuki,16,21,20,0,1,0,0,0,1,0,0,0,0,0,5,1,0,0,1,0.050,0.095,0.050,0.145,-55,0.000,0.067,28.6%,23.8%,4.8%,0.20,<a href=https://npb.jp/bis/eng/teams/index_s.html>Yakult</a>,CL
Osuna Jose,120,495,469,42,121,24,2,13,188,60,3,0,0,2,80,22,2,2,18,0.258,0.293,0.401,0.694,96,0.143,0.286,23.2%,16.2%,4.4%,0.28,<a href=https://npb.jp/bis/eng/teams/index_s.html>Yakult</a>,CL
Sakaguchi Tomotaka,25,57,50,7,8,1,0,0,9,0,0,3,1,0,12,4,0,2,0,0.160,0.250,0.180,0.430,26,0.020,0.211,28.1%,21.1%,7.0%,0.33,<a href=https://npb.jp/bis/eng/teams/index_s.html>Yakult</a>,CL
Santana Domingo,116,418,372,39,108,23,1,19,190,62,2,0,0,1,103,42,2,3,12,0.290,0.366,0.511,0.877,145,0.221,0.355,39.2%,24.6%,10.0%,0.41,<a href=https://npb.jp/bis/eng/teams/index_s.html>Yakult</a>,CL
Shima Motohiro,17,15,10,2,2,0,0,0,2,0,0,0,2,0,1,3,0,0,1,0.200,0.385,0.200,0.585,72,0.000,0.222,26.7%,6.7%,20.0%,3.00,<a href=https://npb.jp/bis/eng/teams/index_s.html>Yakult</a>,CL
Shiomi Yasutaka,140,534,474,80,132,21,7,14,209,59,21,5,2,0,156,48,1,10,1,0.278,0.357,0.441,0.798,125,0.163,0.388,40.8%,29.2%,9.0%,0.31,<a href=https://npb.jp/bis/eng/teams/index_s.html>Yakult</a>,CL
Sneed Cy,13,24,22,1,1,0,0,0,1,0,0,0,2,0,11,0,0,0,1,0.045,0.045,0.045,0.090,-71,0.000,0.091,45.8%,45.8%,0.0%,0.00,<a href=https://npb.jp/bis/eng/teams/index_s.html>Yakult</a>,CL
Suarez Albert,24,22,20,0,1,0,0,0,1,0,0,0,2,0,10,0,0,0,0,0.050,0.050,0.050,0.100,-68,0.000,0.100,45.5%,45.5%,0.0%,0.00,<a href=https://npb.jp/bis/eng/teams/index_s.html>Yakult</a>,CL
Taguchi Kazuto,33,27,23,2,4,0,0,0,4,2,0,0,4,0,10,0,0,0,0,0.174,0.174,0.174,0.348,2,0.000,0.308,37.0%,37.0%,0.0%,0.00,<a href=https://npb.jp/bis/eng/teams/index_s.html>Yakult</a>,CL
Takahashi Keiji,14,25,22,1,1,0,0,0,1,0,0,0,2,0,7,1,0,0,0,0.045,0.087,0.045,0.132,-57,0.000,0.067,32.0%,28.0%,4.0%,0.14,<a href=https://npb.jp/bis/eng/teams/index_s.html>Yakult</a>,CL
Takai Yuhei,1,2,2,0,1,0,0,0,1,0,0,0,0,0,0,0,0,0,0,0.500,0.500,0.500,1.000,184,0.000,0.500,0.0%,0.0%,0.0%,,<a href=https://npb.jp/bis/eng/teams/index_s.html>Yakult</a>,CL
Takanashi Hirotoshi,12,23,22,1,1,0,0,0,1,0,0,0,1,0,11,0,0,0,1,0.045,0.045,0.045,0.090,-71,0.000,0.091,47.8%,47.8%,0.0%,0.00,<a href=https://npb.jp/bis/eng/teams/index_s.html>Yakult</a>,CL
Takeoka Ryusei,1,4,4,1,1,0,0,0,1,0,0,0,0,0,0,0,0,0,0,0.250,0.250,0.250,0.500,44,0.000,0.250,0.0%,0.0%,0.0%,,<a href=https://npb.jp/bis/eng/teams/index_s.html>Yakult</a>,CL
Uchikawa Seiichi,38,56,53,3,11,1,0,0,12,2,0,0,0,0,12,2,1,1,3,0.208,0.250,0.226,0.476,38,0.018,0.268,25.0%,21.4%,3.6%,0.17,<a href=https://npb.jp/bis/eng/teams/index_s.html>Yakult</a>,CL
Uchiyama Souma,6,6,5,0,0,0,0,0,0,0,0,0,0,0,1,1,0,0,1,0.000,0.167,0.000,0.167,-45,0.000,0.000,33.3%,16.7%,16.7%,1.00,<a href=https://npb.jp/bis/eng/teams/index_s.html>Yakult</a>,CL
Vandenhurk Rick,2,1,1,0,1,0,0,0,1,0,0,0,0,0,0,0,0,0,0,1.000,1.000,1.000,2.000,463,0.000,1.000,0.0%,0.0%,0.0%,,<a href=https://npb.jp/bis/eng/teams/index_s.html>Yakult</a>,CL
Watanabe Daiki,94,42,35,19,6,2,0,0,8,3,5,2,5,0,9,1,0,1,1,0.171,0.216,0.229,0.445,29,0.058,0.231,23.8%,21.4%,2.4%,0.11,<a href=https://npb.jp/bis/eng/teams/index_s.html>Yakult</a>,CL
Yamada Tetsuto,137,581,493,84,134,18,0,34,254,101,4,3,0,7,100,76,0,5,10,0.272,0.370,0.515,0.885,148,0.243,0.273,36.1%,17.2%,13.1%,0.76,<a href=https://npb.jp/bis/eng/teams/index_s.html>Yakult</a>,CL
Yamano Taichi,1,1,1,1,0,0,0,0,0,0,0,0,0,0,0,0,0,0,0,0.000,0.000,0.000,0.000,-96,0.000,0.000,0.0%,0.0%,0.0%,,<a href=https://npb.jp/bis/eng/teams/index_s.html>Yakult</a>,CL
Yamasaki Kotaro,114,245,215,41,53,10,3,1,72,12,8,2,10,0,53,19,0,1,0,0.247,0.311,0.335,0.646,84,0.088,0.323,29.8%,21.6%,7.8%,0.36,<a href=https://npb.jp/bis/eng/teams/index_s.html>Yakult</a>,CL
Yoshida Taisei,18,52,40,8,9,1,0,1,13,2,2,1,1,0,10,11,0,0,1,0.225,0.392,0.325,0.717,106,0.100,0.276,42.3%,19.2%,21.2%,1.10,<a href=https://npb.jp/bis/eng/teams/index_s.html>Yakult</a>,CL
Abe Toshiki,66,240,215,18,45,10,0,5,70,16,0,1,4,2,36,19,0,0,8,0.209,0.271,0.326,0.597,78,0.117,0.227,25.0%,15.0%,7.9%,0.53,<a href=https://npb.jp/bis/eng/teams/index_d.html>Chunichi</a>,CL
Donoue Naomichi,75,234,219,15,48,10,0,5,73,25,1,0,4,2,42,9,0,0,12,0.219,0.248,0.333,0.581,71,0.114,0.247,23.9%,17.9%,3.8%,0.21,<a href=https://npb.jp/bis/eng/teams/index_d.html>Chunichi</a>,CL
Fujii Atsushi,1,1,1,0,0,0,0,0,0,0,0,0,0,0,1,0,0,0,0,0.000,0.000,0.000,0.000,-106,0.000,,100.0%,100.0%,0.0%,0.00,<a href=https://npb.jp/bis/eng/teams/index_d.html>Chunichi</a>,CL
Fukuda Nobumasa,110,305,279,21,68,21,2,8,117,28,1,2,0,1,49,22,0,3,6,0.244,0.305,0.419,0.724,115,0.175,0.269,25.9%,16.1%,7.2%,0.45,<a href=https://npb.jp/bis/eng/teams/index_d.html>Chunichi</a>,CL
Fukudome Kosuke,91,216,193,17,42,12,0,4,66,18,0,0,0,0,56,23,1,0,5,0.218,0.301,0.342,0.643,93,0.124,0.286,38.4%,25.9%,10.6%,0.41,<a href=https://npb.jp/bis/eng/teams/index_d.html>Chunichi</a>,CL
Fukutani Koji,18,27,23,0,3,0,0,0,3,2,0,0,4,0,10,0,0,0,0,0.130,0.130,0.130,0.260,-26,0.000,0.231,37.0%,37.0%,0.0%,0.00,<a href=https://npb.jp/bis/eng/teams/index_d.html>Chunichi</a>,CL
Gerber Mike,12,46,45,3,7,1,0,0,8,1,0,0,0,0,18,1,0,0,0,0.156,0.174,0.178,0.352,3,0.022,0.259,41.3%,39.1%,2.2%,0.06,<a href=https://npb.jp/bis/eng/teams/index_d.html>Chunichi</a>,CL
Gunji Yuya,9,15,13,0,6,1,0,0,7,3,0,0,0,0,3,2,0,0,0,0.462,0.533,0.538,1.071,226,0.076,0.600,33.3%,20.0%,13.3%,0.67,<a href=https://npb.jp/bis/eng/teams/index_d.html>Chunichi</a>,CL
Hirata Ryosuke,21,62,58,3,9,2,2,0,15,4,1,0,0,0,13,3,0,1,1,0.155,0.210,0.259,0.469,38,0.104,0.200,25.8%,21.0%,4.8%,0.23,<a href=https://npb.jp/bis/eng/teams/index_d.html>Chunichi</a>,CL
Iryo Masataka,38,68,64,6,14,3,1,1,22,2,0,0,0,0,19,4,0,0,2,0.219,0.265,0.344,0.609,81,0.125,0.295,35.3%,27.9%,5.9%,0.21,<a href=https://npb.jp/bis/eng/teams/index_d.html>Chunichi</a>,CL
Ishibashi Kota,11,16,14,0,2,0,0,0,2,0,0,0,1,0,3,1,0,0,1,0.143,0.200,0.143,0.343,2,0.000,0.182,25.0%,18.8%,6.2%,0.33,<a href=https://npb.jp/bis/eng/teams/index_d.html>Chunichi</a>,CL
Ishigaki Masami,9,11,10,1,1,1,0,0,2,0,0,0,1,0,3,0,0,0,0,0.100,0.100,0.200,0.300,-16,0.100,0.143,27.3%,27.3%,0.0%,0.00,<a href=https://npb.jp/bis/eng/teams/index_d.html>Chunichi</a>,CL
Ishioka Ryota,6,11,11,0,1,0,0,0,1,0,0,0,0,0,5,0,0,0,1,0.091,0.091,0.091,0.182,-50,0.000,0.167,45.5%,45.5%,0.0%,0.00,<a href=https://npb.jp/bis/eng/teams/index_d.html>Chunichi</a>,CL
Itoh Kosuke,25,21,19,4,1,1,0,0,2,0,0,0,2,0,9,0,0,0,0,0.053,0.053,0.105,0.158,-59,0.052,0.100,42.9%,42.9%,0.0%,0.00,<a href=https://npb.jp/bis/eng/teams/index_d.html>Chunichi</a>,CL
Kasahara Shotaro,4,5,5,0,0,0,0,0,0,0,0,0,0,0,3,0,0,0,0,0.000,0.000,0.000,0.000,-106,0.000,0.000,60.0%,60.0%,0.0%,0.00,<a href=https://npb.jp/bis/eng/teams/index_d.html>Chunichi</a>,CL
Katoh Shohei,55,128,110,13,23,2,0,1,28,2,8,1,7,0,19,11,0,0,2,0.209,0.281,0.255,0.536,61,0.046,0.244,24.2%,14.8%,8.6%,0.58,<a href=https://npb.jp/bis/eng/teams/index_d.html>Chunichi</a>,CL
Katsuno Akiyoshi,17,24,22,0,2,0,0,0,2,0,0,0,2,0,14,0,0,0,1,0.091,0.091,0.091,0.182,-50,0.000,0.250,58.3%,58.3%,0.0%,0.00,<a href=https://npb.jp/bis/eng/teams/index_d.html>Chunichi</a>,CL
Katsura Iori,36,75,71,6,18,4,2,1,29,7,0,0,2,0,24,1,0,1,2,0.254,0.274,0.408,0.682,102,0.154,0.370,34.7%,32.0%,1.3%,0.04,<a href=https://npb.jp/bis/eng/teams/index_d.html>Chunichi</a>,CL
Kinoshita Takuya,123,393,352,33,95,17,0,11,145,43,1,1,3,2,58,35,4,1,11,0.270,0.336,0.412,0.748,123,0.142,0.295,26.5%,14.8%,8.9%,0.60,<a href=https://npb.jp/bis/eng/teams/index_d.html>Chunichi</a>,CL
Kyoda Yota,113,448,409,41,105,7,4,3,129,24,6,5,8,3,75,21,0,7,5,0.257,0.302,0.315,0.617,85,0.058,0.305,22.1%,16.7%,4.7%,0.28,<a href=https://npb.jp/bis/eng/teams/index_d.html>Chunichi</a>,CL
Martinez Ariel,48,94,82,7,20,0,0,2,26,7,0,1,0,0,30,10,2,2,1,0.244,0.340,0.317,0.657,98,0.073,0.360,44.7%,31.9%,10.6%,0.33,<a href=https://npb.jp/bis/eng/teams/index_d.html>Chunichi</a>,CL
Matsuba Takahiro,14,25,24,1,2,0,0,0,2,0,0,0,1,0,7,0,0,0,0,0.083,0.083,0.083,0.166,-55,0.000,0.118,28.0%,28.0%,0.0%,0.00,<a href=https://npb.jp/bis/eng/teams/index_d.html>Chunichi</a>,CL
Mitsumata Taiki,58,138,117,8,26,5,1,1,36,11,0,0,13,0,27,7,0,1,0,0.222,0.272,0.308,0.580,72,0.086,0.281,25.4%,19.6%,5.1%,0.26,<a href=https://npb.jp/bis/eng/teams/index_d.html>Chunichi</a>,CL
Mizowaki Hayato,22,47,41,2,11,0,1,0,13,2,1,0,3,0,10,3,1,0,0,0.268,0.318,0.317,0.635,90,0.049,0.355,27.7%,21.3%,6.4%,0.30,<a href=https://npb.jp/bis/eng/teams/index_d.html>Chunichi</a>,CL
Neo Akira,72,188,169,12,30,4,1,1,39,16,0,3,1,1,53,15,0,2,2,0.178,0.251,0.231,0.482,44,0.053,0.250,36.7%,28.2%,8.0%,0.28,<a href=https://npb.jp/bis/eng/teams/index_d.html>Chunichi</a>,CL
Ogasawara Shinnosuke,25,47,40,0,5,1,0,0,6,2,0,0,6,0,27,1,0,0,0,0.125,0.146,0.150,0.296,-15,0.025,0.385,59.6%,57.4%,2.1%,0.04,<a href=https://npb.jp/bis/eng/teams/index_d.html>Chunichi</a>,CL
Ohno Shota,8,15,14,1,2,0,0,0,2,0,0,0,0,0,5,1,0,0,1,0.143,0.200,0.143,0.343,2,0.000,0.222,40.0%,33.3%,6.7%,0.20,<a href=https://npb.jp/bis/eng/teams/index_d.html>Chunichi</a>,CL
Ohno Yudai,22,43,35,1,2,0,0,0,2,0,0,0,6,0,22,2,0,0,0,0.057,0.108,0.057,0.165,-54,0.000,0.154,55.8%,51.2%,4.7%,0.09,<a href=https://npb.jp/bis/eng/teams/index_d.html>Chunichi</a>,CL
Ohshima Yohei,141,596,548,54,160,19,5,1,192,34,16,8,1,2,60,42,5,3,4,0.292,0.345,0.350,0.695,110,0.058,0.325,17.3%,10.1%,7.0%,0.70,<a href=https://npb.jp/bis/eng/teams/index_d.html>Chunichi</a>,CL
Okabayashi Yuki,24,62,59,6,15,4,0,0,19,4,2,0,1,1,13,1,0,0,1,0.254,0.262,0.322,0.584,73,0.068,0.319,22.6%,21.0%,1.6%,0.08,<a href=https://npb.jp/bis/eng/teams/index_d.html>Chunichi</a>,CL
Okano Yuichiro,2,1,1,0,0,0,0,0,0,0,0,0,0,0,1,0,0,0,0,0.000,0.000,0.000,0.000,-106,0.000,,100.0%,100.0%,0.0%,0.00,<a href=https://npb.jp/bis/eng/teams/index_d.html>Chunichi</a>,CL
Rodriguez Yariel,12,19,15,0,2,0,0,0,2,0,0,0,4,0,10,0,0,0,0,0.133,0.133,0.133,0.266,-23,0.000,0.400,52.6%,52.6%,0.0%,0.00,<a href=https://npb.jp/bis/eng/teams/index_d.html>Chunichi</a>,CL
Shimizu Tatsuya,1,1,1,0,0,0,0,0,0,0,0,0,0,0,1,0,0,0,0,0.000,0.000,0.000,0.000,-106,0.000,,100.0%,100.0%,0.0%,0.00,<a href=https://npb.jp/bis/eng/teams/index_d.html>Chunichi</a>,CL
Takahashi Shuhei,137,520,475,40,123,27,0,5,165,39,1,0,0,4,79,40,4,1,21,0.259,0.315,0.347,0.662,98,0.088,0.299,23.8%,15.2%,7.7%,0.51,<a href=https://npb.jp/bis/eng/teams/index_d.html>Chunichi</a>,CL
Takamatsu Wataru,78,123,112,18,28,1,0,0,29,4,15,9,6,1,35,3,0,1,0,0.250,0.274,0.259,0.533,60,0.009,0.359,30.9%,28.5%,2.4%,0.09,<a href=https://npb.jp/bis/eng/teams/index_d.html>Chunichi</a>,CL
Takeda Kengo,93,41,38,8,5,2,0,1,10,1,0,0,2,0,17,1,0,0,1,0.132,0.154,0.263,0.417,20,0.131,0.200,46.3%,41.5%,2.4%,0.06,<a href=https://npb.jp/bis/eng/teams/index_d.html>Chunichi</a>,CL
Takino Kaname,38,30,29,6,3,0,1,0,5,0,3,0,0,0,4,1,0,0,0,0.103,0.133,0.172,0.305,-13,0.069,0.120,16.7%,13.3%,3.3%,0.25,<a href=https://npb.jp/bis/eng/teams/index_d.html>Chunichi</a>,CL
Tsuchida Ryuku,9,7,5,0,2,1,0,0,3,2,0,0,0,0,2,2,0,0,0,0.400,0.571,0.600,1.171,256,0.200,0.667,57.1%,28.6%,28.6%,1.00,<a href=https://npb.jp/bis/eng/teams/index_d.html>Chunichi</a>,CL
Umetsu Kodai,3,2,2,0,0,0,0,0,0,0,0,0,0,0,2,0,0,0,0,0.000,0.000,0.000,0.000,-106,0.000,,100.0%,100.0%,0.0%,0.00,<a href=https://npb.jp/bis/eng/teams/index_d.html>Chunichi</a>,CL
Viciedo Dayan,130,526,480,44,132,23,1,17,208,70,1,2,0,3,56,35,9,8,15,0.275,0.333,0.433,0.766,129,0.158,0.280,20.5%,10.6%,6.7%,0.62,<a href=https://npb.jp/bis/eng/teams/index_d.html>Chunichi</a>,CL
Watanabe Masaru,48,134,119,13,25,2,0,2,33,11,3,3,6,0,25,9,0,0,1,0.210,0.266,0.277,0.543,62,0.067,0.250,26.9%,18.7%,6.7%,0.36,<a href=https://npb.jp/bis/eng/teams/index_d.html>Chunichi</a>,CL
Yamashita Ayatsugu,5,10,10,0,1,0,0,0,1,0,0,0,0,0,5,0,0,0,0,0.100,0.100,0.100,0.200,-45,0.000,0.200,50.0%,50.0%,0.0%,0.00,<a href=https://npb.jp/bis/eng/teams/index_d.html>Chunichi</a>,CL
Yanagi Yuya,26,58,46,3,6,1,0,0,7,3,0,0,10,1,22,1,0,0,0,0.130,0.146,0.152,0.298,-14,0.022,0.240,39.7%,37.9%,1.7%,0.05,<a href=https://npb.jp/bis/eng/teams/index_d.html>Chunichi</a>,CL
Adachi Ryoichi,100,382,321,36,83,14,0,0,97,18,5,4,14,1,65,46,0,0,7,0.259,0.351,0.302,0.653,95,0.043,0.323,29.1%,17.0%,12.0%,0.71,<a href=https://npb.jp/bis/eng/teams/index_b.html>ORIX</a>,PL
Cho Yaku,8,1,1,0,0,0,0,0,0,0,0,0,0,0,0,0,0,0,0,0.000,0.000,0.000,0.000,-103,0.000,0.000,0.0%,0.0%,0.0%,,<a href=https://npb.jp/bis/eng/teams/index_b.html>ORIX</a>,PL
Fukuda Shuhei,107,471,408,47,112,14,1,1,131,21,9,1,10,2,52,43,0,8,6,0.275,0.354,0.321,0.675,101,0.046,0.311,20.4%,11.0%,9.1%,0.83,<a href=https://npb.jp/bis/eng/teams/index_b.html>ORIX</a>,PL
Fushimi Torai,91,262,238,21,52,11,1,4,77,25,0,1,5,2,39,14,0,3,5,0.218,0.268,0.324,0.592,73,0.106,0.244,21.8%,14.9%,5.3%,0.36,<a href=https://npb.jp/bis/eng/teams/index_b.html>ORIX</a>,PL
Gibo Sho,33,28,25,4,4,2,0,0,6,1,0,0,1,0,7,1,0,1,1,0.160,0.222,0.240,0.462,35,0.080,0.222,28.6%,25.0%,3.6%,0.14,<a href=https://npb.jp/bis/eng/teams/index_b.html>ORIX</a>,PL
Gotoh Shunta,56,17,16,3,2,0,0,1,5,1,2,1,0,0,6,1,0,0,0,0.125,0.176,0.313,0.489,40,0.188,0.111,47.1%,35.3%,5.9%,0.17,<a href=https://npb.jp/bis/eng/teams/index_b.html>ORIX</a>,PL
Jones Adam,72,180,154,10,36,4,0,4,52,23,0,0,0,1,35,22,1,3,7,0.234,0.339,0.338,0.677,101,0.104,0.276,33.9%,19.4%,12.2%,0.63,<a href=https://npb.jp/bis/eng/teams/index_b.html>ORIX</a>,PL
Katsumata Shoki,1,1,1,0,0,0,0,0,0,0,0,0,0,0,0,0,0,0,0,0.000,0.000,0.000,0.000,-103,0.000,0.000,0.0%,0.0%,0.0%,,<a href=https://npb.jp/bis/eng/teams/index_b.html>ORIX</a>,PL
Kita Ryoto,23,76,71,5,15,3,0,2,24,8,1,2,0,1,30,3,2,1,1,0.211,0.250,0.338,0.588,71,0.127,0.325,46.1%,39.5%,3.9%,0.10,<a href=https://npb.jp/bis/eng/teams/index_b.html>ORIX</a>,PL
Kurebayashi Kotaro,136,473,448,37,102,22,2,10,158,48,2,1,6,4,101,12,0,3,11,0.228,0.251,0.353,0.604,76,0.125,0.270,26.0%,21.4%,2.5%,0.12,<a href=https://npb.jp/bis/eng/teams/index_b.html>ORIX</a>,PL
Masui Hirotoshi,15,3,2,0,0,0,0,0,0,0,0,0,1,0,2,0,0,0,0,0.000,0.000,0.000,0.000,-103,0.000,,66.7%,66.7%,0.0%,0.00,<a href=https://npb.jp/bis/eng/teams/index_b.html>ORIX</a>,PL
Matsui Masato,10,7,7,0,0,0,0,0,0,0,0,0,0,0,2,0,0,0,0,0.000,0.000,0.000,0.000,-103,0.000,0.000,28.6%,28.6%,0.0%,0.00,<a href=https://npb.jp/bis/eng/teams/index_b.html>ORIX</a>,PL
Miyagi Hiroya,23,6,6,0,1,0,0,0,1,0,0,0,0,0,5,0,0,0,0,0.167,0.167,0.167,0.334,-3,0.000,1.000,83.3%,83.3%,0.0%,0.00,<a href=https://npb.jp/bis/eng/teams/index_b.html>ORIX</a>,PL
Moya Steven,106,375,354,26,81,10,1,13,132,47,1,0,0,4,81,17,3,0,11,0.229,0.261,0.373,0.634,85,0.144,0.258,29.6%,21.6%,4.5%,0.21,<a href=https://npb.jp/bis/eng/teams/index_b.html>ORIX</a>,PL
Mune Yuma,139,543,481,71,131,17,7,9,189,42,8,4,14,2,62,33,1,13,15,0.272,0.335,0.393,0.728,114,0.121,0.296,19.2%,11.4%,6.1%,0.53,<a href=https://npb.jp/bis/eng/teams/index_b.html>ORIX</a>,PL
Nakagawa Keita,61,169,156,19,33,3,1,1,41,7,1,0,3,0,23,8,0,2,4,0.212,0.259,0.263,0.522,54,0.051,0.242,18.9%,13.6%,4.7%,0.35,<a href=https://npb.jp/bis/eng/teams/index_b.html>ORIX</a>,PL
Nishimura Ryo,13,45,42,0,9,2,0,0,11,2,0,0,0,0,6,3,0,0,1,0.214,0.267,0.262,0.529,57,0.048,0.250,20.0%,13.3%,6.7%,0.50,<a href=https://npb.jp/bis/eng/teams/index_b.html>ORIX</a>,PL
Nishino Masahiro,18,42,41,3,6,0,0,0,6,1,0,0,0,0,6,1,0,0,0,0.146,0.167,0.146,0.313,-8,0.000,0.171,16.7%,14.3%,2.4%,0.17,<a href=https://npb.jp/bis/eng/teams/index_b.html>ORIX</a>,PL
Oda Yuya,101,18,15,18,1,0,0,0,1,0,5,2,1,0,4,1,0,1,0,0.067,0.176,0.067,0.243,-27,0.000,0.091,27.8%,22.2%,5.6%,0.25,<a href=https://npb.jp/bis/eng/teams/index_b.html>ORIX</a>,PL
Ohshiro Koji,49,71,61,4,11,3,0,0,14,5,1,0,5,0,14,3,0,2,2,0.180,0.242,0.230,0.472,39,0.050,0.234,23.9%,19.7%,4.2%,0.21,<a href=https://npb.jp/bis/eng/teams/index_b.html>ORIX</a>,PL
Ohshita Seiichiro,15,27,25,1,4,0,0,1,7,2,0,0,0,0,7,1,0,1,0,0.160,0.222,0.280,0.502,46,0.120,0.176,33.3%,25.9%,3.7%,0.14,<a href=https://npb.jp/bis/eng/teams/index_b.html>ORIX</a>,PL
Ohta Ryo,53,159,151,10,26,2,0,3,37,9,1,0,4,0,44,4,0,0,3,0.172,0.194,0.245,0.439,28,0.073,0.221,32.1%,27.7%,2.5%,0.09,<a href=https://npb.jp/bis/eng/teams/index_b.html>ORIX</a>,PL
Okada Takahiro,115,407,357,45,86,16,1,17,155,63,2,3,0,5,86,35,4,10,2,0.241,0.322,0.434,0.756,122,0.193,0.266,33.9%,21.1%,8.6%,0.41,<a href=https://npb.jp/bis/eng/teams/index_b.html>ORIX</a>,PL
Ravelo Rangel,2,7,7,1,3,0,0,0,3,0,0,0,0,0,1,0,0,0,1,0.429,0.429,0.429,0.858,155,0.000,0.500,14.3%,14.3%,0.0%,0.00,<a href=https://npb.jp/bis/eng/teams/index_b.html>ORIX</a>,PL
Romero Stefen,20,80,77,10,13,2,1,3,26,9,0,0,0,0,31,2,0,1,1,0.169,0.200,0.338,0.538,55,0.169,0.233,45.0%,38.8%,2.5%,0.06,<a href=https://npb.jp/bis/eng/teams/index_b.html>ORIX</a>,PL
Sano Kodai,67,87,82,15,12,2,1,1,19,2,8,2,3,0,26,1,0,1,0,0.146,0.167,0.232,0.399,15,0.086,0.200,32.2%,29.9%,1.1%,0.04,<a href=https://npb.jp/bis/eng/teams/index_b.html>ORIX</a>,PL
Sano Yukikazu,10,9,8,0,0,0,0,0,0,0,0,0,1,0,5,0,0,0,0,0.000,0.000,0.000,0.000,-103,0.000,0.000,55.6%,55.6%,0.0%,0.00,<a href=https://npb.jp/bis/eng/teams/index_b.html>ORIX</a>,PL
Sugimoto Yutaro,134,542,478,73,144,20,2,32,264,83,3,3,0,3,116,51,4,10,15,0.301,0.378,0.552,0.930,172,0.251,0.336,36.7%,21.4%,9.4%,0.44,<a href=https://npb.jp/bis/eng/teams/index_b.html>ORIX</a>,PL
Tajima Daiki,24,1,0,0,0,0,0,0,0,0,0,0,0,0,0,1,0,0,0,0.000,1.000,0.000,1.000,224,0.000,,100.0%,0.0%,100.0%,1.00,<a href=https://npb.jp/bis/eng/teams/index_b.html>ORIX</a>,PL
Takeyasu Daichi,17,1,1,0,0,0,0,0,0,0,0,0,0,0,1,0,0,0,0,0.000,0.000,0.000,0.000,-103,0.000,,100.0%,100.0%,0.0%,0.00,<a href=https://npb.jp/bis/eng/teams/index_b.html>ORIX</a>,PL
Tongu Yuma,46,125,112,11,26,4,0,5,45,14,0,0,1,1,41,8,0,3,0,0.232,0.298,0.402,0.700,105,0.170,0.313,43.2%,32.8%,6.4%,0.20,<a href=https://npb.jp/bis/eng/teams/index_b.html>ORIX</a>,PL
Wakatsuki Kenya,68,140,117,11,25,4,0,5,44,16,1,0,9,1,27,11,0,2,2,0.214,0.290,0.376,0.666,95,0.162,0.233,30.7%,19.3%,7.9%,0.41,<a href=https://npb.jp/bis/eng/teams/index_b.html>ORIX</a>,PL
Yamaashi Tatsuya,53,39,33,8,9,0,0,0,9,1,0,0,2,0,5,4,0,0,0,0.273,0.351,0.273,0.624,87,0.000,0.321,23.1%,12.8%,10.3%,0.80,<a href=https://npb.jp/bis/eng/teams/index_b.html>ORIX</a>,PL
Yamamoto Yoshinobu,26,3,3,0,0,0,0,0,0,0,0,0,0,0,2,0,0,0,0,0.000,0.000,0.000,0.000,-103,0.000,0.000,66.7%,66.7%,0.0%,0.00,<a href=https://npb.jp/bis/eng/teams/index_b.html>ORIX</a>,PL
Yamaoka Taisuke,12,4,4,0,0,0,0,0,0,0,0,0,0,0,4,0,0,0,0,0.000,0.000,0.000,0.000,-103,0.000,,100.0%,100.0%,0.0%,0.00,<a href=https://npb.jp/bis/eng/teams/index_b.html>ORIX</a>,PL
Yamasaki Sachiya,22,2,2,1,1,1,0,0,2,0,0,0,0,0,0,0,0,0,0,0.500,0.500,1.000,1.500,335,0.500,0.500,0.0%,0.0%,0.0%,,<a href=https://npb.jp/bis/eng/teams/index_b.html>ORIX</a>,PL
Yoshida Masataka,110,455,389,61,132,22,1,21,219,72,0,0,0,3,26,58,6,5,9,0.339,0.429,0.563,0.992,192,0.224,0.322,23.1%,5.7%,12.7%,2.23,<a href=https://npb.jp/bis/eng/teams/index_b.html>ORIX</a>,PL
Emura Naoya,19,10,6,0,1,0,0,0,1,0,1,0,2,0,4,2,0,0,0,0.167,0.375,0.167,0.542,61,0.000,0.500,60.0%,40.0%,20.0%,0.50,<a href=https://npb.jp/bis/eng/teams/index_m.html>Lotte</a>,PL
Fujioka Yudai,137,493,432,41,110,21,3,3,146,37,10,3,18,1,95,40,2,2,7,0.255,0.320,0.338,0.658,90,0.083,0.319,28.0%,19.3%,8.1%,0.42,<a href=https://npb.jp/bis/eng/teams/index_m.html>Lotte</a>,PL
Fujiwara Kyota,78,254,217,27,47,12,1,5,76,22,7,2,5,4,55,23,0,5,3,0.217,0.301,0.350,0.651,87,0.133,0.261,32.7%,21.7%,9.1%,0.42,<a href=https://npb.jp/bis/eng/teams/index_m.html>Lotte</a>,PL
Fukuda Shuhei,4,13,12,1,1,1,0,0,2,2,1,0,0,0,4,1,0,0,0,0.083,0.154,0.167,0.321,-7,0.084,0.125,38.5%,30.8%,7.7%,0.25,<a href=https://npb.jp/bis/eng/teams/index_m.html>Lotte</a>,PL
Futaki Kota,22,2,2,0,0,0,0,0,0,0,0,0,0,0,2,0,0,0,0,0.000,0.000,0.000,0.000,-98,0.000,,100.0%,100.0%,0.0%,0.00,<a href=https://npb.jp/bis/eng/teams/index_m.html>Lotte</a>,PL
Hechavarria Adeiny,79,216,207,16,42,11,0,4,65,24,0,1,0,3,40,6,0,0,6,0.203,0.222,0.314,0.536,53,0.111,0.229,23.1%,18.5%,2.8%,0.15,<a href=https://npb.jp/bis/eng/teams/index_m.html>Lotte</a>,PL
Inoue Seiya,23,53,51,1,10,1,0,1,14,6,0,0,0,0,8,1,0,1,4,0.196,0.226,0.275,0.501,44,0.079,0.214,18.9%,15.1%,1.9%,0.12,<a href=https://npb.jp/bis/eng/teams/index_m.html>Lotte</a>,PL
Iwashita Daiki,23,3,3,0,0,0,0,0,0,0,0,0,0,0,2,0,0,0,0,0.000,0.000,0.000,0.000,-98,0.000,0.000,66.7%,66.7%,0.0%,0.00,<a href=https://npb.jp/bis/eng/teams/index_m.html>Lotte</a>,PL
Kakinuma Tomoya,43,65,49,3,7,1,0,1,11,4,0,1,10,0,12,6,0,0,4,0.143,0.236,0.224,0.460,34,0.081,0.167,29.2%,18.5%,9.2%,0.50,<a href=https://npb.jp/bis/eng/teams/index_m.html>Lotte</a>,PL
Kakunaka Katsuya,107,326,275,33,67,19,1,0,88,29,1,0,2,5,51,40,3,4,4,0.244,0.343,0.320,0.663,92,0.076,0.293,27.9%,15.6%,12.3%,0.78,<a href=https://npb.jp/bis/eng/teams/index_m.html>Lotte</a>,PL
Katoh Shohei,20,44,41,3,9,2,1,1,16,2,0,1,2,0,8,1,0,0,0,0.220,0.238,0.390,0.628,77,0.170,0.250,22.7%,18.2%,2.3%,0.12,<a href=https://npb.jp/bis/eng/teams/index_m.html>Lotte</a>,PL
Katoh Takuma,57,123,105,6,10,2,0,2,18,4,0,1,14,0,52,4,0,0,1,0.095,0.128,0.171,0.299,-14,0.076,0.157,47.2%,42.3%,3.3%,0.08,<a href=https://npb.jp/bis/eng/teams/index_m.html>Lotte</a>,PL
Kokubo Tetsuya,7,19,18,1,1,0,0,1,4,2,0,0,0,1,5,0,0,0,0,0.056,0.053,0.222,0.275,-23,0.166,0.000,31.6%,26.3%,0.0%,0.00,<a href=https://npb.jp/bis/eng/teams/index_m.html>Lotte</a>,PL
Laird Brandon,136,545,485,57,127,18,0,29,232,95,0,1,0,7,109,50,4,3,15,0.262,0.330,0.478,0.808,129,0.216,0.277,34.5%,20.0%,9.2%,0.46,<a href=https://npb.jp/bis/eng/teams/index_m.html>Lotte</a>,PL
Martin Leonys,116,499,416,66,97,30,0,27,208,75,4,1,0,3,132,70,3,10,9,0.233,0.355,0.500,0.855,142,0.267,0.269,45.9%,26.5%,14.0%,0.53,<a href=https://npb.jp/bis/eng/teams/index_m.html>Lotte</a>,PL
Miki Ryo,84,11,9,5,1,1,0,0,2,2,1,0,1,0,2,1,0,0,1,0.111,0.200,0.222,0.422,22,0.111,0.143,27.3%,18.2%,9.1%,0.50,<a href=https://npb.jp/bis/eng/teams/index_m.html>Lotte</a>,PL
Mima Manabu,21,2,2,0,0,0,0,0,0,0,0,0,0,0,1,0,0,0,0,0.000,0.000,0.000,0.000,-98,0.000,0.000,50.0%,50.0%,0.0%,0.00,<a href=https://npb.jp/bis/eng/teams/index_m.html>Lotte</a>,PL
Motomae Fumiya,8,1,1,0,0,0,0,0,0,0,0,0,0,0,0,0,0,0,0,0.000,0.000,0.000,0.000,-98,0.000,0.000,0.0%,0.0%,0.0%,,<a href=https://npb.jp/bis/eng/teams/index_m.html>Lotte</a>,PL
Munetsugu Yuito,3,1,1,0,0,0,0,0,0,0,0,0,0,0,1,0,0,0,0,0.000,0.000,0.000,0.000,-98,0.000,,100.0%,100.0%,0.0%,0.00,<a href=https://npb.jp/bis/eng/teams/index_m.html>Lotte</a>,PL
Nakamura Shogo,143,615,506,78,143,36,2,9,210,67,12,7,15,8,90,76,1,10,8,0.283,0.382,0.415,0.797,129,0.132,0.323,28.5%,14.6%,12.4%,0.84,<a href=https://npb.jp/bis/eng/teams/index_m.html>Lotte</a>,PL
Ogawa Ryusei,20,6,6,5,0,0,0,0,0,0,2,0,0,0,2,0,0,0,0,0.000,0.000,0.000,0.000,-98,0.000,0.000,33.3%,33.3%,0.0%,0.00,<a href=https://npb.jp/bis/eng/teams/index_m.html>Lotte</a>,PL
Ogino Takashi,143,643,570,86,169,33,5,10,242,45,24,11,5,3,70,53,0,12,5,0.296,0.367,0.425,0.792,127,0.129,0.323,20.7%,10.9%,8.2%,0.76,<a href=https://npb.jp/bis/eng/teams/index_m.html>Lotte</a>,PL
Ojima Kazuya,24,2,1,0,0,0,0,0,0,0,0,0,1,0,1,0,0,0,0,0.000,0.000,0.000,0.000,-98,0.000,,50.0%,50.0%,0.0%,0.00,<a href=https://npb.jp/bis/eng/teams/index_m.html>Lotte</a>,PL
Oka Hiromi,110,185,161,31,39,6,0,6,63,18,11,1,5,0,44,14,1,5,6,0.242,0.322,0.391,0.713,103,0.149,0.297,34.6%,23.8%,7.6%,0.32,<a href=https://npb.jp/bis/eng/teams/index_m.html>Lotte</a>,PL
Sasaki Roki,11,2,2,0,0,0,0,0,0,0,0,0,0,0,2,0,0,0,0,0.000,0.000,0.000,0.000,-98,0.000,,100.0%,100.0%,0.0%,0.00,<a href=https://npb.jp/bis/eng/teams/index_m.html>Lotte</a>,PL
Satoh Toshiya,62,155,132,16,27,4,1,6,51,18,3,0,7,1,30,14,1,1,0,0.205,0.284,0.386,0.670,91,0.181,0.216,32.3%,19.4%,9.0%,0.47,<a href=https://npb.jp/bis/eng/teams/index_m.html>Lotte</a>,PL
Sugano Tsuyoshi,33,75,67,8,13,4,0,2,23,5,1,0,2,0,20,5,0,1,4,0.194,0.260,0.343,0.603,72,0.149,0.244,36.0%,26.7%,6.7%,0.25,<a href=https://npb.jp/bis/eng/teams/index_m.html>Lotte</a>,PL
Suzuki Shota,23,1,1,0,0,0,0,0,0,0,0,0,0,0,0,0,0,0,0,0.000,0.000,0.000,0.000,-98,0.000,0.000,0.0%,0.0%,0.0%,,<a href=https://npb.jp/bis/eng/teams/index_m.html>Lotte</a>,PL
Takabe Akito,33,69,55,6,8,1,0,1,12,6,4,0,7,0,19,7,0,0,1,0.145,0.242,0.218,0.460,34,0.073,0.200,39.1%,27.5%,10.1%,0.37,<a href=https://npb.jp/bis/eng/teams/index_m.html>Lotte</a>,PL
Takahama Takuya,17,9,8,0,1,0,0,0,1,2,0,0,0,0,2,1,0,0,1,0.125,0.222,0.125,0.347,4,0.000,0.167,33.3%,22.2%,11.1%,0.50,<a href=https://npb.jp/bis/eng/teams/index_m.html>Lotte</a>,PL
Tamura Tatsuhiro,70,165,136,14,32,7,1,0,41,14,1,0,10,2,33,17,0,0,1,0.235,0.316,0.301,0.617,78,0.066,0.305,30.3%,20.0%,10.3%,0.52,<a href=https://npb.jp/bis/eng/teams/index_m.html>Lotte</a>,PL
Toritani Takashi,32,61,53,7,9,3,0,0,12,2,0,0,0,0,11,8,1,0,0,0.170,0.279,0.226,0.505,48,0.056,0.214,31.1%,18.0%,13.1%,0.73,<a href=https://npb.jp/bis/eng/teams/index_m.html>Lotte</a>,PL
Wada Koshiro,96,24,19,25,5,1,0,0,6,1,24,5,0,0,8,5,0,0,0,0.263,0.417,0.316,0.733,113,0.053,0.455,54.2%,33.3%,20.8%,0.62,<a href=https://npb.jp/bis/eng/teams/index_m.html>Lotte</a>,PL
Yamaguchi Koki,78,228,203,20,42,3,1,9,74,20,0,1,0,0,53,25,0,0,5,0.207,0.294,0.365,0.659,89,0.158,0.234,38.2%,23.2%,11.0%,0.47,<a href=https://npb.jp/bis/eng/teams/index_m.html>Lotte</a>,PL
Yasuda Hisanori,115,399,351,27,85,16,1,8,127,55,0,0,0,4,82,43,0,1,5,0.242,0.323,0.362,0.685,97,0.120,0.291,33.3%,20.6%,10.8%,0.52,<a href=https://npb.jp/bis/eng/teams/index_m.html>Lotte</a>,PL
Yoshida Yuta,7,10,9,1,1,0,0,1,4,1,0,0,0,0,3,1,0,0,0,0.111,0.200,0.444,0.644,80,0.333,0.000,50.0%,30.0%,10.0%,0.33,<a href=https://npb.jp/bis/eng/teams/index_m.html>Lotte</a>,PL
Akashi Kenji,57,95,84,5,17,2,0,0,19,7,1,1,0,1,18,9,0,1,1,0.202,0.284,0.226,0.510,50,0.024,0.254,28.4%,18.9%,9.5%,0.50,<a href=https://npb.jp/bis/eng/teams/index_h.html>SoftBank</a>,PL
Alvarez Dariel,12,40,37,1,6,1,0,1,10,3,0,0,0,0,7,3,0,0,1,0.162,0.225,0.270,0.495,43,0.108,0.172,27.5%,17.5%,7.5%,0.43,<a href=https://npb.jp/bis/eng/teams/index_h.html>SoftBank</a>,PL
Balentien Wladimir,22,60,55,7,10,3,0,4,25,9,0,0,0,0,19,5,0,0,2,0.182,0.250,0.455,0.705,101,0.273,0.188,46.7%,31.7%,8.3%,0.26,<a href=https://npb.jp/bis/eng/teams/index_h.html>SoftBank</a>,PL
Despaigne Alfredo,80,308,261,27,69,13,1,10,114,41,0,1,0,1,64,44,2,2,12,0.264,0.373,0.437,0.810,135,0.173,0.314,38.3%,20.8%,14.3%,0.69,<a href=https://npb.jp/bis/eng/teams/index_h.html>SoftBank</a>,PL
Gracial Yurisbel,37,150,138,19,42,6,0,5,63,15,2,0,0,0,27,11,0,1,4,0.304,0.360,0.457,0.817,136,0.153,0.349,28.7%,18.0%,7.3%,0.41,<a href=https://npb.jp/bis/eng/teams/index_h.html>SoftBank</a>,PL
Hasegawa Yuya,71,120,100,10,26,6,1,3,43,19,0,0,0,2,18,17,4,1,2,0.260,0.367,0.430,0.797,131,0.170,0.284,31.7%,15.0%,14.2%,0.94,<a href=https://npb.jp/bis/eng/teams/index_h.html>SoftBank</a>,PL
Higashihama Nao,14,4,4,0,0,0,0,0,0,0,0,0,0,0,4,0,0,0,0,0.000,0.000,0.000,0.000,-100,0.000,,100.0%,100.0%,0.0%,0.00,<a href=https://npb.jp/bis/eng/teams/index_h.html>SoftBank</a>,PL
Imamiya Kenta,125,413,365,27,78,15,2,4,109,30,4,1,23,2,70,22,0,1,5,0.214,0.259,0.299,0.558,62,0.085,0.253,23.2%,16.9%,5.3%,0.31,<a href=https://npb.jp/bis/eng/teams/index_h.html>SoftBank</a>,PL
Ishikawa Shuta,28,2,2,0,1,0,0,0,1,0,0,0,0,0,0,0,0,0,0,0.500,0.500,0.500,1.000,192,0.000,0.500,0.0%,0.0%,0.0%,,<a href=https://npb.jp/bis/eng/teams/index_h.html>SoftBank</a>,PL
Kai Takuya,143,479,405,42,92,15,0,12,143,44,6,6,26,2,142,44,0,2,7,0.227,0.305,0.353,0.658,91,0.126,0.316,41.3%,29.6%,9.2%,0.31,<a href=https://npb.jp/bis/eng/teams/index_h.html>SoftBank</a>,PL
Kamamoto Go,18,10,10,6,5,1,0,1,9,3,2,1,0,0,0,0,0,0,0,0.500,0.500,0.900,1.400,298,0.400,0.444,10.0%,0.0%,0.0%,,<a href=https://npb.jp/bis/eng/teams/index_h.html>SoftBank</a>,PL
Kasaya Shunsuke,16,2,2,0,0,0,0,0,0,0,0,0,0,0,1,0,0,0,0,0.000,0.000,0.000,0.000,-100,0.000,0.000,50.0%,50.0%,0.0%,0.00,<a href=https://npb.jp/bis/eng/teams/index_h.html>SoftBank</a>,PL
Kawase Hikaru,21,30,27,2,5,0,0,0,5,0,1,0,1,0,9,2,0,0,0,0.185,0.241,0.185,0.426,26,0.000,0.278,36.7%,30.0%,6.7%,0.22,<a href=https://npb.jp/bis/eng/teams/index_h.html>SoftBank</a>,PL
Kawashima Keizo,56,123,109,12,26,6,1,2,40,11,0,0,2,1,31,11,1,0,0,0.239,0.306,0.367,0.673,95,0.128,0.312,35.8%,25.2%,8.9%,0.35,<a href=https://npb.jp/bis/eng/teams/index_h.html>SoftBank</a>,PL
Kuki Ryuhei,3,2,2,0,1,0,0,0,1,1,0,0,0,0,0,0,0,0,0,0.500,0.500,0.500,1.000,192,0.000,0.500,0.0%,0.0%,0.0%,,<a href=https://npb.jp/bis/eng/teams/index_h.html>SoftBank</a>,PL
Kurihara Ryoya,143,596,531,71,146,32,3,21,247,77,7,2,3,7,90,53,1,2,9,0.275,0.339,0.465,0.804,131,0.190,0.293,27.5%,15.1%,8.9%,0.59,<a href=https://npb.jp/bis/eng/teams/index_h.html>SoftBank</a>,PL
Makihara Taisei,98,292,273,41,76,7,2,4,99,21,14,1,7,1,42,9,0,2,5,0.278,0.305,0.363,0.668,93,0.085,0.316,18.8%,14.4%,3.1%,0.21,<a href=https://npb.jp/bis/eng/teams/index_h.html>SoftBank</a>,PL
Martinez Nick,21,2,2,0,0,0,0,0,0,0,0,0,0,0,0,0,0,0,0,0.000,0.000,0.000,0.000,-100,0.000,0.000,0.0%,0.0%,0.0%,,<a href=https://npb.jp/bis/eng/teams/index_h.html>SoftBank</a>,PL
Masago Yusuke,79,124,114,18,29,4,1,1,38,8,1,3,2,1,41,6,0,1,0,0.254,0.295,0.333,0.628,82,0.079,0.384,38.7%,33.1%,4.8%,0.15,<a href=https://npb.jp/bis/eng/teams/index_h.html>SoftBank</a>,PL
Matsuda Nobuhiro,115,390,354,30,83,13,3,14,144,47,5,0,3,4,67,27,1,2,10,0.234,0.289,0.407,0.696,100,0.173,0.249,27.7%,17.2%,6.9%,0.40,<a href=https://npb.jp/bis/eng/teams/index_h.html>SoftBank</a>,PL
Mimori Masaki,86,345,329,34,82,9,6,0,103,20,16,5,3,2,77,11,0,0,3,0.249,0.272,0.313,0.585,70,0.064,0.323,25.5%,22.3%,3.2%,0.14,<a href=https://npb.jp/bis/eng/teams/index_h.html>SoftBank</a>,PL
Nakamura Akira,139,552,462,49,113,20,2,8,161,56,1,1,11,6,59,70,3,3,8,0.245,0.344,0.348,0.692,102,0.103,0.262,24.8%,10.7%,12.7%,1.19,<a href=https://npb.jp/bis/eng/teams/index_h.html>SoftBank</a>,PL
Nomura Daiju,7,19,17,1,3,1,0,0,4,3,0,0,0,0,5,2,0,0,0,0.176,0.263,0.235,0.498,46,0.059,0.250,36.8%,26.3%,10.5%,0.40,<a href=https://npb.jp/bis/eng/teams/index_h.html>SoftBank</a>,PL
Rea Colin,6,2,2,0,0,0,0,0,0,0,0,0,0,0,2,0,0,0,0,0.000,0.000,0.000,0.000,-100,0.000,,100.0%,100.0%,0.0%,0.00,<a href=https://npb.jp/bis/eng/teams/index_h.html>SoftBank</a>,PL
Satoh Naoki,25,11,9,6,0,0,0,0,0,0,1,0,0,0,5,2,0,0,0,0.000,0.182,0.000,0.182,-42,0.000,0.000,63.6%,45.5%,18.2%,0.40,<a href=https://npb.jp/bis/eng/teams/index_h.html>SoftBank</a>,PL
Shuto Ukyo,70,188,169,24,34,1,0,3,44,5,21,5,6,0,49,12,0,1,1,0.201,0.258,0.260,0.518,51,0.059,0.265,34.0%,26.1%,6.4%,0.24,<a href=https://npb.jp/bis/eng/teams/index_h.html>SoftBank</a>,PL
Sunagawa Richard,34,116,105,11,19,4,0,7,44,20,0,0,0,3,38,6,0,2,1,0.181,0.233,0.419,0.652,86,0.238,0.190,44.0%,32.8%,5.2%,0.16,<a href=https://npb.jp/bis/eng/teams/index_h.html>SoftBank</a>,PL
Takata Tomoki,61,17,12,2,2,0,1,0,4,2,1,0,2,1,4,2,0,0,0,0.167,0.267,0.333,0.600,73,0.166,0.222,35.3%,23.5%,11.8%,0.50,<a href=https://npb.jp/bis/eng/teams/index_h.html>SoftBank</a>,PL
Takaya Hiroaki,20,17,17,1,4,0,0,0,4,0,0,0,0,0,1,0,0,0,0,0.235,0.235,0.235,0.470,37,0.000,0.250,5.9%,5.9%,0.0%,0.00,<a href=https://npb.jp/bis/eng/teams/index_h.html>SoftBank</a>,PL
Takeda Shota,12,5,4,0,1,0,0,0,1,0,0,0,1,0,1,0,0,0,0,0.250,0.250,0.250,0.500,46,0.000,0.333,20.0%,20.0%,0.0%,0.00,<a href=https://npb.jp/bis/eng/teams/index_h.html>SoftBank</a>,PL
Tanigawara Kenta,59,57,48,8,7,1,0,1,11,5,1,1,2,0,21,7,0,0,0,0.146,0.255,0.229,0.484,42,0.083,0.231,50.9%,36.8%,12.3%,0.33,<a href=https://npb.jp/bis/eng/teams/index_h.html>SoftBank</a>,PL
Uebayashi Seiji,39,72,68,7,13,1,1,2,22,11,2,2,0,1,18,3,0,0,2,0.191,0.222,0.324,0.546,57,0.133,0.224,31.9%,25.0%,4.2%,0.17,<a href=https://npb.jp/bis/eng/teams/index_h.html>SoftBank</a>,PL
Umino Takashi,11,5,4,1,1,1,0,0,2,2,0,0,0,1,1,0,0,0,0,0.250,0.200,0.500,0.700,97,0.250,0.250,20.0%,20.0%,0.0%,0.00,<a href=https://npb.jp/bis/eng/teams/index_h.html>SoftBank</a>,PL
Wada Tsuyoshi,18,3,3,0,0,0,0,0,0,0,0,0,0,0,1,0,0,0,0,0.000,0.000,0.000,0.000,-100,0.000,0.000,33.3%,33.3%,0.0%,0.00,<a href=https://npb.jp/bis/eng/teams/index_h.html>SoftBank</a>,PL
Yanagimachi Tatsuru,20,54,48,7,11,3,0,1,17,2,0,0,1,0,12,5,0,0,1,0.229,0.302,0.354,0.656,90,0.125,0.286,33.3%,22.2%,9.3%,0.42,<a href=https://npb.jp/bis/eng/teams/index_h.html>SoftBank</a>,PL
Yanagita Yuki,141,593,516,95,155,36,2,28,279,80,6,0,0,2,122,69,8,6,6,0.300,0.388,0.541,0.929,167,0.241,0.345,36.9%,20.6%,11.6%,0.57,<a href=https://npb.jp/bis/eng/teams/index_h.html>SoftBank</a>,PL
Adachi Yuichi,10,20,17,0,1,1,0,0,2,1,0,0,2,0,2,1,0,0,0,0.059,0.111,0.118,0.229,-34,0.059,0.067,15.0%,10.0%,5.0%,0.50,<a href=https://npb.jp/bis/eng/teams/index_e.html>Rakuten</a>,PL
Akaminai Ginji,35,105,91,5,26,1,0,0,27,3,0,0,0,0,11,14,1,0,2,0.286,0.381,0.297,0.678,102,0.011,0.325,23.8%,10.5%,13.3%,1.27,<a href=https://npb.jp/bis/eng/teams/index_e.html>Rakuten</a>,PL
Asamura Hideto,143,595,483,70,130,18,1,18,204,67,1,0,0,7,96,101,5,4,24,0.269,0.395,0.422,0.817,141,0.153,0.298,36.1%,16.1%,17.0%,1.05,<a href=https://npb.jp/bis/eng/teams/index_e.html>Rakuten</a>,PL
Castillo Rusney,33,76,71,4,16,1,0,1,20,3,0,1,0,0,17,4,1,1,1,0.225,0.276,0.282,0.558,64,0.057,0.283,28.9%,22.4%,5.3%,0.24,<a href=https://npb.jp/bis/eng/teams/index_e.html>Rakuten</a>,PL
Dixon Brandon,38,123,108,6,18,3,1,4,35,15,2,1,0,0,42,12,0,3,3,0.167,0.268,0.324,0.592,72,0.157,0.226,47.2%,34.1%,9.8%,0.29,<a href=https://npb.jp/bis/eng/teams/index_e.html>Rakuten</a>,PL
Hayakawa Takahisa,24,3,3,0,0,0,0,0,0,0,0,0,0,0,1,0,0,0,0,0.000,0.000,0.000,0.000,-102,0.000,0.000,33.3%,33.3%,0.0%,0.00,<a href=https://npb.jp/bis/eng/teams/index_e.html>Rakuten</a>,PL
Iwami Masaki,4,8,7,1,1,1,0,0,2,0,0,0,0,0,3,1,0,0,0,0.143,0.250,0.286,0.536,57,0.143,0.250,50.0%,37.5%,12.5%,0.33,<a href=https://npb.jp/bis/eng/teams/index_e.html>Rakuten</a>,PL
Kishi Takayuki,25,2,2,0,0,0,0,0,0,0,0,0,0,0,1,0,0,0,0,0.000,0.000,0.000,0.000,-102,0.000,0.000,50.0%,50.0%,0.0%,0.00,<a href=https://npb.jp/bis/eng/teams/index_e.html>Rakuten</a>,PL
Kobukata Hiroto,121,455,391,60,97,10,3,3,122,21,5,5,16,1,65,44,0,3,1,0.248,0.328,0.312,0.640,89,0.064,0.290,24.6%,14.3%,9.7%,0.68,<a href=https://npb.jp/bis/eng/teams/index_e.html>Rakuten</a>,PL
Kurokawa Fumiya,34,80,75,4,14,2,0,1,19,8,0,0,1,0,17,3,0,1,1,0.187,0.228,0.253,0.481,41,0.066,0.228,26.2%,21.2%,3.8%,0.18,<a href=https://npb.jp/bis/eng/teams/index_e.html>Rakuten</a>,PL
Mogi Eigoro,120,466,410,50,106,19,4,14,175,53,6,5,0,2,107,48,0,6,6,0.259,0.343,0.427,0.770,126,0.168,0.316,36.3%,23.0%,10.3%,0.45,<a href=https://npb.jp/bis/eng/teams/index_e.html>Rakuten</a>,PL
Murabayashi Itsuki,79,47,40,3,6,1,0,1,10,4,4,2,5,0,8,2,0,0,2,0.150,0.190,0.250,0.440,28,0.100,0.161,23.4%,17.0%,4.3%,0.25,<a href=https://npb.jp/bis/eng/teams/index_e.html>Rakuten</a>,PL
Mutoh Atsuki,44,19,19,4,2,0,1,0,4,0,4,0,0,0,8,0,0,0,0,0.105,0.105,0.211,0.316,-10,0.106,0.182,42.1%,42.1%,0.0%,0.00,<a href=https://npb.jp/bis/eng/teams/index_e.html>Rakuten</a>,PL
Norimoto Takahiro,23,4,4,0,0,0,0,0,0,0,0,0,0,0,2,0,0,0,0,0.000,0.000,0.000,0.000,-102,0.000,0.000,50.0%,50.0%,0.0%,0.00,<a href=https://npb.jp/bis/eng/teams/index_e.html>Rakuten</a>,PL
Ogoh Yuya,38,88,77,6,14,3,1,2,25,6,1,1,3,0,23,6,0,2,0,0.182,0.259,0.325,0.584,70,0.143,0.231,35.2%,26.1%,6.8%,0.26,<a href=https://npb.jp/bis/eng/teams/index_e.html>Rakuten</a>,PL
Ohta Hikaru,107,281,240,25,45,4,0,4,61,23,1,1,16,1,64,17,0,7,2,0.188,0.260,0.254,0.514,51,0.066,0.237,30.2%,22.8%,6.0%,0.27,<a href=https://npb.jp/bis/eng/teams/index_e.html>Rakuten</a>,PL
Okajima Takero,126,507,461,40,129,30,4,8,191,56,3,6,5,4,94,28,1,9,9,0.280,0.331,0.414,0.745,117,0.134,0.333,25.6%,18.5%,5.5%,0.30,<a href=https://npb.jp/bis/eng/teams/index_e.html>Rakuten</a>,PL
Okoye Louis,42,110,94,7,21,1,0,0,22,6,3,0,7,0,21,8,0,1,1,0.223,0.291,0.234,0.525,56,0.011,0.288,26.4%,19.1%,7.3%,0.38,<a href=https://npb.jp/bis/eng/teams/index_e.html>Rakuten</a>,PL
Shimauchi Hiroaki,141,599,486,64,125,34,5,21,232,96,2,2,2,6,87,97,2,8,15,0.257,0.385,0.477,0.862,152,0.220,0.271,34.2%,14.5%,16.2%,1.11,<a href=https://npb.jp/bis/eng/teams/index_e.html>Rakuten</a>,PL
Shimotsuma Takahiro,16,27,23,2,4,0,0,0,4,2,0,0,0,0,5,4,0,0,0,0.174,0.296,0.174,0.470,41,0.000,0.222,33.3%,18.5%,14.8%,0.80,<a href=https://npb.jp/bis/eng/teams/index_e.html>Rakuten</a>,PL
Shimozuru Ko,6,10,10,0,1,0,0,0,1,0,0,0,0,0,4,0,0,0,0,0.100,0.100,0.100,0.200,-43,0.000,0.167,40.0%,40.0%,0.0%,0.00,<a href=https://npb.jp/bis/eng/teams/index_e.html>Rakuten</a>,PL
Shiomi Takahiro,1,2,2,0,0,0,0,0,0,0,0,0,0,0,1,0,0,0,0,0.000,0.000,0.000,0.000,-102,0.000,0.000,50.0%,50.0%,0.0%,0.00,<a href=https://npb.jp/bis/eng/teams/index_e.html>Rakuten</a>,PL
Sumitani Ginjiro,51,124,105,11,23,3,0,3,35,8,0,1,10,1,24,7,0,1,3,0.219,0.272,0.333,0.605,77,0.114,0.253,27.4%,19.4%,5.6%,0.29,<a href=https://npb.jp/bis/eng/teams/index_e.html>Rakuten</a>,PL
Suzuki Daichi,143,628,552,70,153,19,3,10,208,53,3,2,13,5,51,52,0,6,12,0.277,0.343,0.377,0.720,111,0.100,0.288,18.0%,8.1%,8.3%,1.02,<a href=https://npb.jp/bis/eng/teams/index_e.html>Rakuten</a>,PL
Takinaka Ryota,20,5,5,0,0,0,0,0,0,0,0,0,0,0,4,0,0,0,0,0.000,0.000,0.000,0.000,-102,0.000,0.000,80.0%,80.0%,0.0%,0.00,<a href=https://npb.jp/bis/eng/teams/index_e.html>Rakuten</a>,PL
Tanaka Kazuki,61,67,59,5,8,0,0,0,8,3,0,0,0,0,16,7,0,1,0,0.136,0.239,0.136,0.375,12,0.000,0.186,34.3%,23.9%,10.4%,0.44,<a href=https://npb.jp/bis/eng/teams/index_e.html>Rakuten</a>,PL
Tanaka Masahiro,23,2,2,0,1,0,0,0,1,0,0,0,0,0,1,0,0,0,0,0.500,0.500,0.500,1.000,196,0.000,1.000,50.0%,50.0%,0.0%,0.00,<a href=https://npb.jp/bis/eng/teams/index_e.html>Rakuten</a>,PL
Tanaka Takaya,31,43,38,2,10,2,0,2,18,3,0,0,2,0,9,3,0,0,0,0.263,0.317,0.474,0.791,130,0.211,0.296,32.6%,20.9%,7.0%,0.33,<a href=https://npb.jp/bis/eng/teams/index_e.html>Rakuten</a>,PL
Tatsumi Ryosuke,130,443,374,49,84,13,1,10,129,32,6,6,11,1,99,51,0,6,7,0.225,0.326,0.345,0.671,97,0.120,0.278,36.1%,22.3%,11.5%,0.52,<a href=https://npb.jp/bis/eng/teams/index_e.html>Rakuten</a>,PL
Uchida Yasuhito,25,60,54,2,11,2,0,1,16,11,0,0,1,3,19,1,0,1,1,0.204,0.220,0.296,0.516,50,0.092,0.270,35.0%,31.7%,1.7%,0.05,<a href=https://npb.jp/bis/eng/teams/index_e.html>Rakuten</a>,PL
Wada Ren,7,9,8,0,2,0,0,0,2,0,0,0,0,0,4,1,0,0,0,0.250,0.333,0.250,0.583,73,0.000,0.500,55.6%,44.4%,11.1%,0.25,<a href=https://npb.jp/bis/eng/teams/index_e.html>Rakuten</a>,PL
Wakui Hideaki,21,3,2,0,0,0,0,0,0,0,0,0,1,0,1,0,0,0,0,0.000,0.000,0.000,0.000,-102,0.000,0.000,33.3%,33.3%,0.0%,0.00,<a href=https://npb.jp/bis/eng/teams/index_e.html>Rakuten</a>,PL
Watanabe Yoshiaki,45,113,99,12,27,2,0,1,32,7,0,1,2,0,19,11,0,1,3,0.273,0.351,0.323,0.674,99,0.050,0.329,27.4%,16.8%,9.7%,0.58,<a href=https://npb.jp/bis/eng/teams/index_e.html>Rakuten</a>,PL
Yamasaki Tsuyoshi,56,194,168,29,43,6,3,4,67,24,4,2,7,1,41,15,1,3,5,0.256,0.326,0.399,0.725,112,0.143,0.315,30.9%,21.1%,7.7%,0.37,<a href=https://npb.jp/bis/eng/teams/index_e.html>Rakuten</a>,PL
Yokoo Toshitake,30,68,61,1,11,2,0,0,13,3,0,0,1,0,8,0,0,6,2,0.180,0.254,0.213,0.467,38,0.033,0.208,11.8%,11.8%,0.0%,0.00,<a href=https://npb.jp/bis/eng/teams/index_e.html>Rakuten</a>,PL
Dermody Matt,11,5,3,0,0,0,0,0,0,0,0,0,1,0,2,1,0,0,0,0.000,0.250,0.000,0.250,-21,0.000,0.000,60.0%,40.0%,20.0%,0.50,<a href=https://npb.jp/bis/eng/teams/index_l.html>Seibu</a>,PL
Genda Sosuke,119,516,464,60,126,15,7,2,161,29,24,9,17,2,67,31,0,2,5,0.272,0.319,0.347,0.666,93,0.075,0.312,19.4%,13.0%,6.0%,0.46,<a href=https://npb.jp/bis/eng/teams/index_l.html>Seibu</a>,PL
Hiranuma Shota,9,13,13,0,2,1,0,0,3,0,0,0,0,0,5,0,0,0,0,0.154,0.154,0.231,0.385,10,0.077,0.250,38.5%,38.5%,0.0%,0.00,<a href=https://npb.jp/bis/eng/teams/index_l.html>Seibu</a>,PL
Imai Tatsuya,25,2,2,0,0,0,0,0,0,0,0,0,0,0,2,0,0,0,0,0.000,0.000,0.000,0.000,-99,0.000,,100.0%,100.0%,0.0%,0.00,<a href=https://npb.jp/bis/eng/teams/index_l.html>Seibu</a>,PL
Kaneko Yuji,101,220,198,24,38,7,1,0,47,9,9,9,6,2,39,12,0,2,7,0.192,0.243,0.237,0.480,39,0.045,0.236,23.2%,17.7%,5.5%,0.31,<a href=https://npb.jp/bis/eng/teams/index_l.html>Seibu</a>,PL
Kawagoe Seiji,63,174,160,12,36,3,1,5,56,11,1,0,1,0,44,12,0,1,2,0.225,0.283,0.350,0.633,82,0.125,0.279,35.1%,25.3%,6.9%,0.27,<a href=https://npb.jp/bis/eng/teams/index_l.html>Seibu</a>,PL
Kimura Fumikazu,20,56,50,4,9,2,0,0,11,3,0,0,2,1,18,3,0,0,0,0.180,0.222,0.220,0.442,29,0.040,0.273,37.5%,32.1%,5.4%,0.17,<a href=https://npb.jp/bis/eng/teams/index_l.html>Seibu</a>,PL
Kishi Junichiro,100,338,304,29,67,9,1,9,105,30,2,1,15,1,49,13,0,5,10,0.220,0.263,0.345,0.608,74,0.125,0.235,21.0%,14.5%,3.8%,0.27,<a href=https://npb.jp/bis/eng/teams/index_l.html>Seibu</a>,PL
Kumashiro Masato,60,9,7,8,2,0,0,0,2,0,1,1,1,0,1,0,0,1,0,0.286,0.375,0.286,0.661,94,0.000,0.333,11.1%,11.1%,0.0%,0.00,<a href=https://npb.jp/bis/eng/teams/index_l.html>Seibu</a>,PL
Kuriyama Takumi,117,446,387,33,97,15,0,4,124,43,1,0,0,7,58,49,1,3,11,0.251,0.334,0.320,0.654,90,0.069,0.280,24.9%,13.0%,11.0%,0.84,<a href=https://npb.jp/bis/eng/teams/index_l.html>Seibu</a>,PL
Matsumoto Wataru,28,3,3,0,0,0,0,0,0,0,0,0,0,0,1,0,0,0,0,0.000,0.000,0.000,0.000,-99,0.000,0.000,33.3%,33.3%,0.0%,0.00,<a href=https://npb.jp/bis/eng/teams/index_l.html>Seibu</a>,PL
Mejia Ernesto,16,22,21,1,3,2,0,1,8,3,0,0,0,0,12,1,1,0,0,0.143,0.182,0.381,0.563,58,0.238,0.250,63.6%,54.5%,4.5%,0.08,<a href=https://npb.jp/bis/eng/teams/index_l.html>Seibu</a>,PL
Mori Tomoya,125,520,431,70,133,32,2,11,202,41,5,2,1,3,65,79,3,6,4,0.309,0.420,0.469,0.889,156,0.160,0.341,29.8%,12.5%,15.2%,1.22,<a href=https://npb.jp/bis/eng/teams/index_l.html>Seibu</a>,PL
Moriwaki Ryosuke,45,1,1,0,0,0,0,0,0,0,0,0,0,0,1,0,0,0,0,0.000,0.000,0.000,0.000,-99,0.000,,100.0%,100.0%,0.0%,0.00,<a href=https://npb.jp/bis/eng/teams/index_l.html>Seibu</a>,PL
Nakamura Takeya,123,475,430,50,122,13,0,18,189,74,0,0,0,4,114,39,3,2,12,0.284,0.343,0.440,0.783,124,0.156,0.344,36.0%,24.0%,8.2%,0.34,<a href=https://npb.jp/bis/eng/teams/index_l.html>Seibu</a>,PL
Nishikawa Manaya,12,27,20,1,0,0,0,0,0,2,0,0,1,2,8,4,0,0,1,0.000,0.154,0.000,0.154,-50,0.000,0.000,44.4%,29.6%,14.8%,0.50,<a href=https://npb.jp/bis/eng/teams/index_l.html>Seibu</a>,PL
Okada Masatoshi,34,55,42,3,5,1,0,1,9,2,0,0,7,0,5,4,0,2,0,0.119,0.229,0.214,0.443,30,0.095,0.111,18.2%,9.1%,7.3%,0.80,<a href=https://npb.jp/bis/eng/teams/index_l.html>Seibu</a>,PL
Sasaki Takeru,5,1,0,0,0,0,0,0,0,0,0,0,0,0,0,1,0,0,0,0.000,1.000,0.000,1.000,214,0.000,,100.0%,0.0%,100.0%,1.00,<a href=https://npb.jp/bis/eng/teams/index_l.html>Seibu</a>,PL
Satoh Ryusei,11,12,12,1,2,0,0,0,2,0,0,0,0,0,2,0,0,0,0,0.167,0.167,0.167,0.334,-3,0.000,0.200,16.7%,16.7%,0.0%,0.00,<a href=https://npb.jp/bis/eng/teams/index_l.html>Seibu</a>,PL
Spangenberg Cory,61,212,181,30,42,7,3,7,76,27,3,3,0,1,64,27,0,3,5,0.232,0.340,0.420,0.760,118,0.188,0.315,46.2%,30.2%,12.7%,0.42,<a href=https://npb.jp/bis/eng/teams/index_l.html>Seibu</a>,PL
Suzuki Shohei,27,42,38,6,6,1,0,0,7,0,0,0,2,0,8,2,0,0,0,0.158,0.200,0.184,0.384,12,0.026,0.200,23.8%,19.0%,4.8%,0.25,<a href=https://npb.jp/bis/eng/teams/index_l.html>Seibu</a>,PL
Takagi Wataru,6,17,15,0,1,1,0,0,2,1,0,0,0,0,7,2,0,0,0,0.067,0.176,0.133,0.309,-9,0.066,0.125,52.9%,41.2%,11.8%,0.29,<a href=https://npb.jp/bis/eng/teams/index_l.html>Seibu</a>,PL
Takahashi Kona,27,1,1,0,0,0,0,0,0,0,0,0,0,0,0,0,0,0,0,0.000,0.000,0.000,0.000,-99,0.000,0.000,0.0%,0.0%,0.0%,,<a href=https://npb.jp/bis/eng/teams/index_l.html>Seibu</a>,PL
Takeda Aito,97,316,292,24,64,18,2,8,110,39,1,2,3,2,60,13,2,6,5,0.219,0.265,0.377,0.642,84,0.158,0.248,25.6%,19.0%,4.1%,0.22,<a href=https://npb.jp/bis/eng/teams/index_l.html>Seibu</a>,PL
Togawa Daisuke,8,18,17,0,1,0,0,0,1,1,0,0,0,1,5,0,0,0,0,0.059,0.056,0.059,0.115,-66,0.000,0.077,27.8%,27.8%,0.0%,0.00,<a href=https://npb.jp/bis/eng/teams/index_l.html>Seibu</a>,PL
Tonosaki Shuta,73,300,254,30,56,14,0,5,85,19,9,5,6,3,54,35,0,2,1,0.220,0.316,0.335,0.651,89,0.115,0.258,31.3%,18.0%,11.7%,0.65,<a href=https://npb.jp/bis/eng/teams/index_l.html>Seibu</a>,PL
Tsuge Sena,35,72,65,6,14,2,0,1,19,8,0,0,2,2,19,3,0,0,4,0.215,0.243,0.292,0.535,54,0.077,0.277,31.9%,26.4%,4.2%,0.16,<a href=https://npb.jp/bis/eng/teams/index_l.html>Seibu</a>,PL
Tsunashima Ryusei,7,3,3,1,0,0,0,0,0,0,0,0,0,0,2,0,0,0,0,0.000,0.000,0.000,0.000,-99,0.000,0.000,66.7%,66.7%,0.0%,0.00,<a href=https://npb.jp/bis/eng/teams/index_l.html>Seibu</a>,PL
Tysinger Brandon Taiga,32,84,81,9,20,7,0,3,36,8,0,0,1,1,21,0,0,1,3,0.247,0.253,0.444,0.697,98,0.197,0.293,28.6%,25.0%,0.0%,0.00,<a href=https://npb.jp/bis/eng/teams/index_l.html>Seibu</a>,PL
Uema Towa,5,1,1,0,0,0,0,0,0,0,0,0,0,0,1,0,0,0,0,0.000,0.000,0.000,0.000,-99,0.000,,100.0%,100.0%,0.0%,0.00,<a href=https://npb.jp/bis/eng/teams/index_l.html>Seibu</a>,PL
Wakabayashi Gakuto,44,161,144,14,40,8,1,2,56,10,20,8,2,1,41,10,0,4,3,0.278,0.340,0.389,0.729,110,0.111,0.373,32.9%,25.5%,6.2%,0.24,<a href=https://npb.jp/bis/eng/teams/index_l.html>Seibu</a>,PL
Watanabe Kento,6,17,16,1,1,0,0,1,4,2,0,0,0,0,7,1,0,0,0,0.063,0.118,0.250,0.368,4,0.187,0.000,52.9%,41.2%,5.9%,0.14,<a href=https://npb.jp/bis/eng/teams/index_l.html>Seibu</a>,PL
Wu Nien-Ting,130,478,425,43,101,17,0,10,148,48,3,2,4,3,70,43,1,3,3,0.238,0.310,0.348,0.658,90,0.110,0.261,25.7%,14.6%,9.0%,0.61,<a href=https://npb.jp/bis/eng/teams/index_l.html>Seibu</a>,PL
Yamada Haruka,98,173,147,14,29,6,1,0,37,18,1,2,10,3,41,13,0,0,1,0.197,0.258,0.252,0.510,48,0.055,0.266,31.2%,23.7%,7.5%,0.32,<a href=https://npb.jp/bis/eng/teams/index_l.html>Seibu</a>,PL
Yamakawa Hotaka,110,414,358,42,83,13,0,24,168,66,0,0,0,6,101,43,0,7,7,0.232,0.321,0.469,0.790,125,0.237,0.247,40.6%,24.4%,10.4%,0.43,<a href=https://npb.jp/bis/eng/teams/index_l.html>Seibu</a>,PL
Yamanobe Kakeru,25,39,36,5,7,1,1,0,10,2,4,1,1,1,11,0,0,1,0,0.194,0.211,0.278,0.489,40,0.084,0.269,28.2%,28.2%,0.0%,0.00,<a href=https://npb.jp/bis/eng/teams/index_l.html>Seibu</a>,PL
Yoza Kaito,15,2,1,0,0,0,0,0,0,0,0,0,0,0,1,1,0,0,0,0.000,0.500,0.000,0.500,58,0.000,,100.0%,50.0%,50.0%,1.00,<a href=https://npb.jp/bis/eng/teams/index_l.html>Seibu</a>,PL
Asama Daiki,128,458,411,42,103,17,2,5,139,31,8,4,7,4,115,31,2,5,5,0.251,0.308,0.338,0.646,89,0.087,0.332,33.0%,25.1%,6.8%,0.27,<a href=https://npb.jp/bis/eng/teams/index_f.html>Nipponham</a>,PL
Higuchi Ryunosuke,22,54,52,1,11,3,0,0,14,3,0,0,0,0,19,0,0,2,3,0.212,0.241,0.269,0.510,49,0.057,0.333,35.2%,35.2%,0.0%,0.00,<a href=https://npb.jp/bis/eng/teams/index_f.html>Nipponham</a>,PL
Hiranuma Shota,32,85,72,4,14,3,1,0,19,3,0,0,4,0,18,8,0,1,0,0.194,0.284,0.264,0.548,61,0.070,0.259,30.6%,21.2%,9.4%,0.44,<a href=https://npb.jp/bis/eng/teams/index_f.html>Nipponham</a>,PL
Hosokawa Ryohei,9,26,25,2,5,0,0,0,5,0,0,1,0,0,12,1,0,0,0,0.200,0.231,0.200,0.431,27,0.000,0.385,50.0%,46.2%,3.8%,0.08,<a href=https://npb.jp/bis/eng/teams/index_f.html>Nipponham</a>,PL
Ikeda Takahide,18,3,2,0,0,0,0,0,0,0,0,0,1,0,2,0,0,0,0,0.000,0.000,0.000,0.000,-102,0.000,,66.7%,66.7%,0.0%,0.00,<a href=https://npb.jp/bis/eng/teams/index_f.html>Nipponham</a>,PL
Imagawa Yuma,13,30,28,1,2,0,0,1,5,2,0,0,0,0,9,1,0,1,0,0.071,0.133,0.179,0.312,-10,0.108,0.056,36.7%,30.0%,3.3%,0.11,<a href=https://npb.jp/bis/eng/teams/index_f.html>Nipponham</a>,PL
Imai Junnosuke,1,3,2,0,0,0,0,0,0,0,0,0,0,0,0,1,0,0,0,0.000,0.333,0.000,0.333,6,0.000,0.000,33.3%,0.0%,33.3%,1.00,<a href=https://npb.jp/bis/eng/teams/index_f.html>Nipponham</a>,PL
Ishii Kazunari,111,321,284,25,64,11,4,4,95,19,8,5,14,1,87,22,0,0,2,0.225,0.280,0.335,0.615,79,0.110,0.309,35.2%,27.1%,6.9%,0.25,<a href=https://npb.jp/bis/eng/teams/index_f.html>Nipponham</a>,PL
Ishikawa Ryo,60,123,108,6,20,2,0,0,22,7,0,1,11,0,21,4,0,0,3,0.185,0.214,0.204,0.418,22,0.019,0.230,20.3%,17.1%,3.3%,0.19,<a href=https://npb.jp/bis/eng/teams/index_f.html>Nipponham</a>,PL
Isobata Ryota,27,84,80,13,18,3,1,1,26,5,9,1,2,0,19,2,0,0,0,0.225,0.244,0.325,0.569,65,0.100,0.283,26.2%,22.6%,2.4%,0.11,<a href=https://npb.jp/bis/eng/teams/index_f.html>Nipponham</a>,PL
Itoh Hiromi,23,5,5,0,0,0,0,0,0,0,0,0,0,0,3,0,0,0,0,0.000,0.000,0.000,0.000,-102,0.000,0.000,60.0%,60.0%,0.0%,0.00,<a href=https://npb.jp/bis/eng/teams/index_f.html>Nipponham</a>,PL
Katoh Takayuki,25,3,2,1,2,0,0,0,2,0,0,0,0,0,0,1,0,0,0,1.000,1.000,1.000,2.000,491,0.000,1.000,33.3%,0.0%,33.3%,1.00,<a href=https://npb.jp/bis/eng/teams/index_f.html>Nipponham</a>,PL
Kimura Fumikazu,23,36,29,2,3,1,0,1,7,4,0,0,0,2,13,5,0,0,1,0.103,0.222,0.241,0.463,36,0.138,0.118,52.8%,36.1%,13.9%,0.38,<a href=https://npb.jp/bis/eng/teams/index_f.html>Nipponham</a>,PL
Kohri Takuya,33,77,69,4,13,3,0,0,16,4,1,1,1,0,23,6,0,1,1,0.188,0.263,0.232,0.495,46,0.044,0.283,37.7%,29.9%,7.8%,0.26,<a href=https://npb.jp/bis/eng/teams/index_f.html>Nipponham</a>,PL
Kondoh Kensuke,133,545,447,61,133,37,4,11,211,69,4,1,0,6,84,88,3,4,11,0.298,0.413,0.472,0.885,159,0.174,0.341,33.6%,15.4%,16.1%,1.05,<a href=https://npb.jp/bis/eng/teams/index_f.html>Nipponham</a>,PL
Mannami Chusei,49,133,126,12,25,9,1,5,51,13,0,1,0,1,53,4,0,2,3,0.198,0.233,0.405,0.638,83,0.207,0.290,46.6%,39.8%,3.0%,0.08,<a href=https://npb.jp/bis/eng/teams/index_f.html>Nipponham</a>,PL
Matsumoto Go,47,104,92,13,24,2,0,0,26,2,1,2,2,0,13,8,0,2,2,0.261,0.333,0.283,0.616,82,0.022,0.304,20.2%,12.5%,7.7%,0.62,<a href=https://npb.jp/bis/eng/teams/index_f.html>Nipponham</a>,PL
Miyata Hokuto,5,2,2,1,0,0,0,0,0,0,2,1,0,0,0,0,0,0,0,0.000,0.000,0.000,0.000,-102,0.000,0.000,0.0%,0.0%,0.0%,,<a href=https://npb.jp/bis/eng/teams/index_f.html>Nipponham</a>,PL
Nakashima Takuya,67,117,97,11,18,0,0,0,18,1,7,2,8,0,29,12,0,0,0,0.186,0.275,0.186,0.461,38,0.000,0.265,35.0%,24.8%,10.3%,0.41,<a href=https://npb.jp/bis/eng/teams/index_f.html>Nipponham</a>,PL
Nakata Sho,39,150,135,13,26,3,0,4,41,13,0,0,0,0,31,14,0,1,4,0.193,0.273,0.304,0.577,69,0.111,0.220,32.7%,20.7%,9.3%,0.45,<a href=https://npb.jp/bis/eng/teams/index_f.html>Nipponham</a>,PL
Nishikawa Haruki,130,547,447,68,104,19,5,3,142,35,24,11,3,4,99,89,1,4,3,0.233,0.362,0.318,0.680,102,0.085,0.289,34.9%,18.1%,16.3%,0.90,<a href=https://npb.jp/bis/eng/teams/index_f.html>Nipponham</a>,PL
Nomura Yuki,99,394,371,30,99,12,1,7,134,37,0,1,1,2,90,16,0,4,7,0.267,0.303,0.361,0.664,93,0.094,0.333,28.7%,22.8%,4.1%,0.18,<a href=https://npb.jp/bis/eng/teams/index_f.html>Nipponham</a>,PL
Ohta Taishi,76,206,191,11,39,5,2,3,57,20,1,1,0,1,50,14,3,0,10,0.204,0.257,0.298,0.555,62,0.094,0.259,32.5%,24.3%,6.8%,0.28,<a href=https://npb.jp/bis/eng/teams/index_f.html>Nipponham</a>,PL
Rodriguez Ronny,50,125,122,11,24,8,1,6,52,12,1,0,0,0,38,3,0,0,2,0.197,0.216,0.426,0.642,83,0.229,0.231,37.6%,30.4%,2.4%,0.08,<a href=https://npb.jp/bis/eng/teams/index_f.html>Nipponham</a>,PL
Satoh Ryusei,40,117,105,8,23,2,0,0,25,6,1,0,1,1,35,10,0,0,1,0.219,0.284,0.238,0.522,55,0.019,0.324,38.5%,29.9%,8.5%,0.29,<a href=https://npb.jp/bis/eng/teams/index_f.html>Nipponham</a>,PL
Shimizu Yushi,100,256,214,19,44,6,0,4,62,18,0,0,11,3,60,28,0,0,3,0.206,0.294,0.290,0.584,72,0.084,0.261,35.9%,23.4%,10.9%,0.47,<a href=https://npb.jp/bis/eng/teams/index_f.html>Nipponham</a>,PL
Sugiya Kenshi,54,93,77,10,9,2,1,2,19,9,2,2,2,0,27,10,0,4,2,0.117,0.253,0.247,0.500,47,0.130,0.146,41.9%,29.0%,10.8%,0.37,<a href=https://npb.jp/bis/eng/teams/index_f.html>Nipponham</a>,PL
Takahama Yuto,107,404,367,34,96,21,1,8,143,43,2,0,11,2,82,23,1,1,10,0.262,0.305,0.390,0.695,103,0.128,0.315,28.0%,20.3%,5.7%,0.28,<a href=https://npb.jp/bis/eng/teams/index_f.html>Nipponham</a>,PL
Tamiya Yua,3,1,1,0,0,0,0,0,0,0,0,0,0,0,0,0,0,0,0,0.000,0.000,0.000,0.000,-102,0.000,0.000,0.0%,0.0%,0.0%,,<a href=https://npb.jp/bis/eng/teams/index_f.html>Nipponham</a>,PL
Taniguchi Yuya,8,12,12,0,2,0,0,0,2,0,0,0,0,0,5,0,0,0,0,0.167,0.167,0.167,0.334,-3,0.000,0.286,41.7%,41.7%,0.0%,0.00,<a href=https://npb.jp/bis/eng/teams/index_f.html>Nipponham</a>,PL
Tateno Kazuaki,11,1,1,0,0,0,0,0,0,0,0,0,0,0,0,0,0,0,0,0.000,0.000,0.000,0.000,-102,0.000,0.000,0.0%,0.0%,0.0%,,<a href=https://npb.jp/bis/eng/teams/index_f.html>Nipponham</a>,PL
Tsuruoka Shinya,13,20,19,3,5,1,0,0,6,0,0,0,0,0,3,1,0,0,1,0.263,0.300,0.316,0.616,80,0.053,0.312,20.0%,15.0%,5.0%,0.33,<a href=https://npb.jp/bis/eng/teams/index_f.html>Nipponham</a>,PL
Ueno Kyohei,4,2,2,0,0,0,0,0,0,0,0,0,0,0,1,0,0,0,0,0.000,0.000,0.000,0.000,-102,0.000,0.000,50.0%,50.0%,0.0%,0.00,<a href=https://npb.jp/bis/eng/teams/index_f.html>Nipponham</a>,PL
Usami Shingo,32,57,43,2,5,0,0,1,8,2,0,0,5,0,16,8,0,1,2,0.116,0.269,0.186,0.455,36,0.070,0.154,43.9%,28.1%,14.0%,0.50,<a href=https://npb.jp/bis/eng/teams/index_f.html>Nipponham</a>,PL
Uwasawa Naoyuki,24,5,5,0,0,0,0,0,0,0,0,0,0,0,3,0,0,0,0,0.000,0.000,0.000,0.000,-102,0.000,0.000,60.0%,60.0%,0.0%,0.00,<a href=https://npb.jp/bis/eng/teams/index_f.html>Nipponham</a>,PL
Wang Po-Jung,95,283,252,22,61,20,0,9,108,48,1,0,0,1,70,25,0,5,4,0.242,0.322,0.429,0.751,118,0.187,0.299,36.7%,24.7%,8.8%,0.36,<a href=https://npb.jp/bis/eng/teams/index_f.html>Nipponham</a>,PL
Watanabe Ryo,83,325,281,21,68,13,0,3,90,29,5,1,4,3,72,30,1,7,12,0.242,0.327,0.320,0.647,90,0.078,0.311,32.3%,22.2%,9.2%,0.42,<a href=https://npb.jp/bis/eng/teams/index_f.html>Nipponham</a>,PL
Yachi Ryota,106,44,39,3,7,0,0,0,7,2,0,0,1,1,5,3,0,0,1,0.179,0.233,0.179,0.412,22,0.000,0.200,18.2%,11.4%,6.8%,0.60,<a href=https://npb.jp/bis/eng/teams/index_f.html>Nipponham</a>,PL
