Team,G,W,L,T,PCT,GB,RS,RA,Diff,XPCT,Home,Road,vs B,vs M,vs E,vs H,vs F,vs L,Inter
<a href=https://npb.jp/bis/eng/teams/index_b.html>ORIX Buffaloes</a>,143,70,55,18,0.560,--,551,500,51,0.544,38-22(12),32-33(6),--,10-10(5),10-10(5),13-11(1),10-11(4),15-8(2),12-5(1)
<a href=https://npb.jp/bis/eng/teams/index_m.html>Lotte Marines</a>,143,67,57,19,0.540,2.5,584,570,14,0.511,33-32(7),34-25(12),10-10(5),--,15-9(1),10-12(3),13-7(5),11-10(4),8-9(1)
<a href=https://npb.jp/bis/eng/teams/index_e.html>Rakuten Eagles</a>,143,66,62,15,0.516,5.5,532,507,25,0.522,31-33(8),35-29(7),10-10(5),9-15(1),--,11-10(4),12-11(2),15-8(2),9-8(1)
<a href=https://npb.jp/bis/eng/teams/index_h.html>SoftBank Hawks</a>,143,60,62,21,0.492,8.5,564,493,71,0.561,31-29(11),29-33(10),11-13(1),12-10(3),10-11(4),--,13-6(6),9-13(3),5-9(4)
<a href=https://npb.jp/bis/eng/teams/index_f.html>Nipponham Fighters</a>,143,55,68,20,0.447,14.0,454,515,-61,0.443,25-36(10),30-32(10),11-10(4),7-13(5),11-12(2),6-13(6),--,13-9(3),7-11
<a href=https://npb.jp/bis/eng/teams/index_l.html>Seibu Lions</a>,143,55,70,18,0.440,15.0,521,589,-68,0.444,30-34(7),25-36(11),8-15(2),10-11(4),8-15(2),13-9(3),9-13(3),--,7-7(4)
